,Date,Open,High,Low,Close,Volume,Volatility,EMA12,EMA26,MACD,Signal Line,H-L,H-PC,L-PC,TR,ATR,Avg_Volume,Signal
0,2022-07-05T00:00:00+05:30,654.75,662.85,648.55,657.6,1138202,,657.6,657.6,0.0,0.0,14.300000000000068,,,14.300000000000068,,,No Signal
1,2022-07-06T00:00:00+05:30,659.0,663.0,651.25,656.5,655634,,657.4307692307692,657.5185185185186,-0.08774928774937507,-0.017549857549875016,11.75,5.399999999999977,6.350000000000023,11.75,,,No Signal
2,2022-07-07T00:00:00+05:30,659.2,677.8,659.2,664.85,1401791,,658.5721893491124,658.0615912208506,0.5105981282617904,0.08807973961245807,18.59999999999991,21.299999999999955,2.7000000000000455,21.299999999999955,,,No Signal
3,2022-07-08T00:00:00+05:30,669.0,675.4,665.0,668.65,1048845,,660.1226217569413,658.8459177970839,1.2767039598574002,0.3258045836614465,10.399999999999977,10.549999999999955,0.14999999999997726,10.549999999999955,,,No Signal
4,2022-07-11T00:00:00+05:30,666.0,671.6,649.55,655.2,1171380,,659.3652953327964,658.5758498121147,0.7894455206817383,0.4185327710655049,22.050000000000068,2.9500000000000455,19.100000000000023,22.050000000000068,,,No Signal
5,2022-07-12T00:00:00+05:30,656.0,656.15,630.0,633.1,1206735,,655.3244806662124,656.6887498260321,-1.3642691598197416,0.061972384888455585,26.149999999999977,0.9499999999999318,25.200000000000045,26.149999999999977,,,No Signal
6,2022-07-13T00:00:00+05:30,633.15,641.75,631.6,638.4,883658,,652.720714409872,655.3340276166964,-2.6133132068243867,-0.4730847334541129,10.149999999999977,8.649999999999977,1.5,10.149999999999977,,,No Signal
7,2022-07-14T00:00:00+05:30,636.55,664.5,633.0,659.3,2475429,,653.7329121929686,655.627803348793,-1.894891155824439,-0.7574460179281781,31.5,26.100000000000023,5.399999999999977,31.5,,,No Signal
8,2022-07-15T00:00:00+05:30,655.2,658.6,640.85,642.5,1232480,,652.0047718555888,654.6553734711047,-2.650601615515825,-1.1360771374457075,17.75,0.6999999999999318,18.449999999999932,18.449999999999932,,,No Signal
9,2022-07-18T00:00:00+05:30,647.0,661.8,646.4,655.55,517785,,652.5501915701136,654.7216421028747,-2.1714505327611278,-1.3431518165087917,15.399999999999977,19.299999999999955,3.8999999999999773,19.299999999999955,,,No Signal
10,2022-07-19T00:00:00+05:30,654.8,669.85,652.0,668.6,1212124,,655.0193928670192,655.7496686137729,-0.7302757467537049,-1.2205766025577744,17.850000000000023,14.300000000000068,3.5499999999999545,17.850000000000023,,,No Signal
11,2022-07-20T00:00:00+05:30,679.1,693.0,671.5,682.05,2197339,,659.1779478105547,657.697841309049,1.480106501505702,-0.6804399817450791,21.5,24.399999999999977,2.8999999999999773,24.399999999999977,,,No Signal
12,2022-07-21T00:00:00+05:30,684.8,691.0,681.85,688.15,1398681,,663.6351866089309,659.9535567676379,3.681629841292988,0.1919739828625343,9.149999999999977,8.950000000000045,0.1999999999999318,9.149999999999977,,,No Signal
13,2022-07-22T00:00:00+05:30,693.8,714.9,691.0,706.6,4168816,,670.2451578998646,663.408848858924,6.836309040940591,1.5208409944781458,23.899999999999977,26.75,2.8500000000000227,26.75,18.83214285714285,,No Signal
14,2022-07-25T00:00:00+05:30,704.95,716.2,696.85,705.25,1522707,,675.6305182229623,666.5081933878926,9.122324835069776,3.0411377625964717,19.350000000000023,9.600000000000023,9.75,19.350000000000023,19.19285714285713,,No Signal
15,2022-07-26T00:00:00+05:30,701.25,709.3,693.65,704.05,1263196,,680.0027461886605,669.2890679517524,10.713678236908095,4.575645857458796,15.649999999999977,4.0499999999999545,11.600000000000023,15.649999999999977,19.471428571428557,,No Signal
16,2022-07-27T00:00:00+05:30,702.0,714.85,701.05,713.95,1440945,,685.2254006211742,672.5972851405114,12.628115480662814,6.1861397820996,13.800000000000068,10.800000000000068,3.0,13.800000000000068,18.93571428571428,,No Signal
17,2022-07-28T00:00:00+05:30,713.5,737.5,713.5,730.75,2329843,,692.2291851409935,676.9048936486217,15.324291492371799,8.01377012415404,24.0,23.549999999999955,0.4500000000000455,24.0,19.89642857142857,,No Signal
18,2022-07-29T00:00:00+05:30,737.2,742.5,731.35,733.0,1300744,,698.5016181962253,681.0600867116868,17.441531484538473,9.899322396230927,11.149999999999977,11.75,0.6000000000000227,11.75,19.160714285714278,,No Signal
19,2022-08-01T00:00:00+05:30,733.0,752.2,733.0,750.1,1597615,4.531839565803179,706.4398307814214,686.174154362673,20.2656764187484,11.972593200734423,19.200000000000045,19.200000000000045,0.0,19.200000000000045,18.66428571428571,1508197.45,No Signal
20,2022-08-02T00:00:00+05:30,747.0,756.65,741.85,751.9,1353642,4.924098510301932,713.433702968895,691.0427355209935,22.390967447901517,14.056268050167843,14.799999999999955,6.5499999999999545,8.25,14.799999999999955,18.996428571428567,1518969.45,No Signal
21,2022-08-03T00:00:00+05:30,746.75,746.75,716.6,726.85,1986903,5.155259189563638,715.4977486659881,693.6951254824014,21.80262318358666,15.605539076851606,30.149999999999977,5.149999999999977,35.299999999999955,35.299999999999955,19.267857142857135,1585532.9,No Signal
22,2022-08-04T00:00:00+05:30,727.0,732.0,700.1,710.65,1819548,5.251598892557125,714.751941178913,694.9510421133347,19.800899065578278,16.444611074596942,31.899999999999977,5.149999999999977,26.75,31.899999999999977,20.228571428571424,1606420.75,No Signal
23,2022-08-05T00:00:00+05:30,711.2,716.5,703.5,706.4,940640,5.248042828188655,713.4670271513878,695.7991130679025,17.667914083485357,16.689271676374627,13.0,5.850000000000023,7.149999999999977,13.0,19.77857142857143,1601010.5,No Signal
24,2022-08-08T00:00:00+05:30,709.0,713.65,703.5,712.45,919461,5.079665031291414,713.3105614357897,697.0325120999097,16.27804933588004,16.60702720827571,10.149999999999977,7.25,2.8999999999999773,10.149999999999977,19.228571428571424,1588414.55,No Signal
25,2022-08-10T00:00:00+05:30,715.0,720.2,710.0,714.65,1074783,4.64610778495219,713.5166289072067,698.3375112036201,15.179117703586599,16.32144530733789,10.200000000000045,7.75,2.4500000000000455,10.200000000000045,18.214285714285715,1581816.95,No Signal
26,2022-08-11T00:00:00+05:30,720.0,740.7,715.6,735.9,3516246,4.177265689773541,716.9602244599441,701.1199177811297,15.840306678814386,16.22521758163319,25.100000000000023,26.050000000000068,0.9500000000000455,26.050000000000068,19.421428571428578,1713446.35,No Signal
27,2022-08-12T00:00:00+05:30,750.0,798.0,750.0,790.2,11297639,4.334139581811449,728.2278822353373,707.7184423899349,20.509439845402426,17.082062034387036,48.0,62.10000000000002,14.100000000000023,62.10000000000002,21.94642857142858,2154556.85,No Signal
28,2022-08-16T00:00:00+05:30,797.0,799.2,777.3,779.0,2050222,4.283521533462902,736.0389772760547,712.9985577684582,23.040419507596425,18.273733529028917,21.90000000000009,9.0,12.900000000000091,21.90000000000009,22.12857142857144,2195443.95,No Signal
29,2022-08-17T00:00:00+05:30,781.0,787.0,761.55,763.65,1316770,4.107092627698681,740.2868269258923,716.7505164522761,23.536310473616254,19.326248917946383,25.450000000000045,8.0,17.450000000000045,25.450000000000045,22.828571428571447,2235393.2,No Signal
30,2022-08-18T00:00:00+05:30,765.0,768.65,747.4,749.95,2066939,3.8707978556692675,741.7734689372935,719.2097374558113,22.56373148148225,19.97374543065356,21.25,5.0,16.25,21.25,23.360714285714298,2278133.95,No Signal
31,2022-08-19T00:00:00+05:30,755.0,757.15,732.35,736.0,1544259,3.667335556915589,740.8852429469407,720.4534606072326,20.431782339708093,20.065352812464468,24.799999999999955,7.199999999999932,17.600000000000023,24.799999999999955,23.41785714285715,2245479.95,No Signal
32,2022-08-22T00:00:00+05:30,733.0,733.0,718.1,721.1,1080816,3.4974080523439026,737.8413594166421,720.5013524141043,17.340007002537845,19.520283650479143,14.899999999999977,3.0,17.899999999999977,17.899999999999977,23.857142857142865,2229586.7,Sell
33,2022-08-23T00:00:00+05:30,721.1,741.7,718.25,737.9,1627767,3.322145321836549,737.850381044851,721.7901411241706,16.060239920680374,18.82827490451939,23.450000000000045,20.600000000000023,2.8500000000000227,23.450000000000045,24.160714285714295,2102534.25,Sell
34,2022-08-24T00:00:00+05:30,737.9,737.9,724.3,733.7,746398,3.2145411283125904,737.2118608841047,722.6723528927506,14.539507991354071,17.970521521886326,13.600000000000023,0.0,13.600000000000023,13.600000000000023,24.075000000000014,2063718.8,Sell
35,2022-08-25T00:00:00+05:30,734.95,738.6,724.55,726.35,810427,3.103693767182341,735.5408053634732,722.9447711969913,12.5960341664819,16.89562405080544,14.050000000000068,4.899999999999977,9.150000000000091,14.050000000000068,22.55714285714288,2041080.35,Sell
36,2022-08-26T00:00:00+05:30,735.3,740.0,730.0,732.8,722594,2.995322305421751,735.1191429998619,723.6747881453623,11.44435485449958,15.80537021154427,10.0,13.649999999999977,3.6499999999999773,13.649999999999977,21.25357142857145,2005162.8,Sell
37,2022-08-29T00:00:00+05:30,719.7,726.4,710.45,723.05,1171340,3.0613251775112102,733.2623517691139,723.6285075420021,9.633844227111808,14.571065014657778,15.949999999999932,6.399999999999977,22.34999999999991,22.34999999999991,21.921428571428585,1947237.65,Sell
38,2022-08-30T00:00:00+05:30,725.55,744.4,725.5,740.85,1585747,2.9876432572662486,734.4296822661734,724.904173650002,9.52550861617135,13.561953734960493,18.899999999999977,21.350000000000023,2.4500000000000455,21.350000000000023,22.72142857142859,1961487.8,Sell
39,2022-09-01T00:00:00+05:30,737.0,753.9,732.5,751.6,1457853,2.951377442576118,737.071269609839,726.8816422685204,10.189627341318555,12.887488456232106,21.399999999999977,13.049999999999955,8.350000000000023,21.399999999999977,23.521428571428583,1954499.7,Sell
40,2022-09-02T00:00:00+05:30,750.5,769.0,748.2,766.7,2035853,2.990909614920478,741.62953582371,729.83115024863,11.79838557507992,12.669667880001668,20.799999999999955,17.399999999999977,3.3999999999999773,20.799999999999955,23.146428571428576,1988610.25,Sell
41,2022-09-05T00:00:00+05:30,776.5,784.85,762.3,767.7,2608201,3.0863177224710125,745.6403764662161,732.636250230213,13.004126236003117,12.736559551201958,22.550000000000068,18.149999999999977,4.400000000000091,22.550000000000068,20.32142857142858,2019675.15,No Signal
42,2022-09-06T00:00:00+05:30,770.05,779.9,768.1,776.75,1255838,3.08826035047103,750.4264723944906,735.9039353983454,14.522536996145163,13.0937550401906,11.799999999999955,12.199999999999932,0.39999999999997726,12.199999999999932,19.628571428571426,1991489.65,No Signal
43,2022-09-07T00:00:00+05:30,773.0,773.0,749.4,765.45,2867500,2.97964851766059,752.7377843337997,738.0925327762458,14.645251557553934,13.404054343663269,23.600000000000023,3.75,27.350000000000023,27.350000000000023,19.76428571428571,2087832.65,No Signal
44,2022-09-08T00:00:00+05:30,769.0,780.0,760.65,765.45,1098505,2.837865431988259,754.6935098209075,740.1190118298572,14.574497991050293,13.638143073140675,19.350000000000023,14.549999999999955,4.800000000000068,19.350000000000023,19.628571428571426,2096784.85,No Signal
45,2022-09-09T00:00:00+05:30,768.0,792.5,766.0,787.65,2406973,2.7665678039931247,759.7637390792294,743.6398257683862,16.123913310843136,14.135297120681168,26.5,27.049999999999955,0.5499999999999545,27.049999999999955,19.78928571428571,2163394.35,No Signal
46,2022-09-12T00:00:00+05:30,793.7,801.15,784.05,785.0,1551699,2.874396174879061,763.646240759348,746.7035423781354,16.942698381212608,14.696777372787457,17.100000000000023,13.5,3.6000000000000227,17.100000000000023,19.732142857142858,2065167.0,No Signal
47,2022-09-13T00:00:00+05:30,788.95,793.5,783.6,787.05,788099,2.8353106885463104,767.2468191040637,749.6921688686439,17.554650235419786,15.268351945313924,9.899999999999977,8.5,1.3999999999999773,9.899999999999977,18.76428571428571,1539690.0,No Signal
48,2022-09-14T00:00:00+05:30,771.95,787.5,768.0,778.45,739357,2.8626563383393804,768.9703853957462,751.8223785820777,17.14800681366853,15.644282918984846,19.5,0.4500000000000455,19.049999999999955,19.5,19.18571428571428,1474146.75,No Signal
49,2022-09-15T00:00:00+05:30,781.0,788.8,773.4,784.75,639729,2.95674350942155,771.3980184117853,754.261461650072,17.136556761713337,15.942737687530546,15.399999999999977,10.349999999999909,5.050000000000068,15.399999999999977,19.282142857142844,1440294.7,No Signal
50,2022-09-16T00:00:00+05:30,787.9,787.9,736.8,745.8,1937107,3.1211596890764572,767.4598617330491,753.6346867130296,13.825175020019515,15.51922515402834,51.10000000000002,3.1499999999999773,47.950000000000045,51.10000000000002,21.95714285714285,1433803.1,Sell
51,2022-09-19T00:00:00+05:30,749.55,751.4,734.1,736.5,1180139,3.157581827546262,762.6968060818108,752.3654506602126,10.331355421598232,14.48165120754232,17.299999999999955,5.600000000000023,11.699999999999932,17.299999999999955,21.596428571428564,1415597.1,Sell
52,2022-09-20T00:00:00+05:30,743.9,772.7,743.15,769.45,1513832,2.8516732262072924,763.7357589923015,753.6309728335301,10.10478615877139,13.606278197788136,29.550000000000068,36.200000000000045,6.649999999999977,36.200000000000045,22.65714285714285,1437247.9,Sell
53,2022-09-21T00:00:00+05:30,770.95,784.0,762.45,766.9,1478319,2.80183221661094,764.2225653011782,754.6138637347501,9.608701566428067,12.806762871516122,21.549999999999955,14.549999999999955,7.0,21.549999999999955,22.667857142857137,1429775.5,Sell
54,2022-09-22T00:00:00+05:30,763.0,785.85,757.55,781.55,1355085,2.701374244357295,766.8883244856123,756.6091330877316,10.279191397880709,12.30124857678904,28.300000000000068,18.950000000000045,9.350000000000023,28.300000000000068,23.20357142857143,1460209.85,Sell
55,2022-09-23T00:00:00+05:30,782.9,783.9,744.85,747.1,1205045,2.641391691059372,763.8439668724412,755.9047528590107,7.939214013430501,11.428841664117334,39.049999999999955,2.3500000000000227,36.69999999999993,39.049999999999955,24.38214285714285,1479940.75,Sell
56,2022-09-26T00:00:00+05:30,744.0,744.0,708.1,723.9,1093065,2.836774976021259,757.6987411997579,753.53403042501,4.1647107747479595,9.97601548624346,35.89999999999998,3.1000000000000227,39.0,39.0,26.29642857142857,1498464.3,Sell
57,2022-09-27T00:00:00+05:30,727.55,731.9,700.0,703.45,3483488,3.2493665120855497,749.3527810151797,749.8241022453797,-0.4713212301999192,7.886548142954784,31.899999999999977,8.0,23.899999999999977,31.899999999999977,26.621428571428567,1614071.7,Sell
58,2022-09-28T00:00:00+05:30,695.0,707.8,685.55,694.2,1508797,3.900529891019717,740.8677377820752,745.7037983753515,-4.836060593276329,5.342026395708562,22.25,4.349999999999909,17.90000000000009,22.25,26.828571428571422,1610224.2,Sell
59,2022-09-29T00:00:00+05:30,697.0,706.0,677.35,686.7,1939488,4.596250880170598,732.5342396617559,741.333146643844,-8.798906982088056,2.5138397201492384,28.649999999999977,11.799999999999955,16.850000000000023,28.649999999999977,26.94285714285714,1634305.95,Sell
60,2022-09-30T00:00:00+05:30,685.15,702.9,680.4,695.5,1321564,4.917355591708601,726.8366643291781,737.9380987443,-11.101434415121844,-0.2092151069049781,22.5,16.199999999999932,6.300000000000068,22.5,27.328571428571422,1598591.5,Sell
61,2022-10-03T00:00:00+05:30,697.4,702.1,683.0,691.85,1370936,5.282489008217252,721.4541005862277,734.5241655039814,-13.070064917753712,-2.781385069074725,19.100000000000023,6.600000000000023,12.5,19.100000000000023,27.985714285714284,1536728.25,Sell
62,2022-10-04T00:00:00+05:30,705.0,713.95,695.1,707.0,907843,5.240602606712661,719.2303928037311,732.4853384296124,-13.254945625881305,-4.876097180436042,18.850000000000023,22.100000000000023,3.25,22.100000000000023,28.17142857142857,1519328.5,Sell
63,2022-10-06T00:00:00+05:30,722.5,773.0,722.5,763.9,6396240,4.844618024532252,726.1026400646955,734.8123503977893,-8.709710333093767,-5.642819810967588,50.5,66.0,15.5,66.0,31.785714285714285,1695765.5,Sell
64,2022-10-07T00:00:00+05:30,760.0,772.0,755.05,767.35,1933491,4.830311993664465,732.44838774705,737.2225466646197,-4.774158917569707,-5.469087632288012,16.950000000000045,8.100000000000023,8.850000000000023,16.950000000000045,29.34642857142857,1737514.8,Buy
65,2022-10-10T00:00:00+05:30,764.0,781.4,753.15,778.15,2064351,4.697048937763654,739.4794050167346,740.2542098746479,-0.7748048579132956,-4.530231077413069,28.25,14.049999999999955,14.200000000000045,28.25,30.128571428571433,1720383.7,Buy
66,2022-10-11T00:00:00+05:30,784.65,785.9,768.55,774.15,1389761,4.649901849779221,744.8133427064678,742.7650091431925,2.048333563275264,-3.2145181492754027,17.350000000000023,7.75,9.600000000000023,17.350000000000023,28.782142857142862,1712286.8,Buy
67,2022-10-12T00:00:00+05:30,774.2,779.75,750.05,764.6,807529,4.567649047052765,747.8574438285497,744.3824158733264,3.475027955223254,-1.8766089283756715,29.700000000000045,5.600000000000023,24.100000000000023,29.700000000000045,29.364285714285725,1713258.3,Buy
68,2022-10-13T00:00:00+05:30,765.65,766.7,745.35,748.25,811427,4.537661716349391,747.9178370856959,744.6689035864133,3.2489334992825434,-0.8515004428440286,21.350000000000023,2.1000000000000227,19.25,21.350000000000023,28.86785714285715,1716861.8,Buy
69,2022-10-14T00:00:00+05:30,760.0,766.8,744.1,747.8,643056,4.339512898026344,747.899708303281,744.9008366540864,2.998871649194598,-0.08142602443630326,22.699999999999932,18.549999999999955,4.149999999999977,22.699999999999932,27.700000000000006,1717028.15,Buy
70,2022-10-17T00:00:00+05:30,747.5,776.0,742.1,772.8,1768036,4.305005943964092,751.7305224104686,746.9674413463763,4.763081064092262,0.8874753932694098,33.89999999999998,28.200000000000045,5.699999999999932,33.89999999999998,27.33571428571429,1708574.6,Buy
71,2022-10-18T00:00:00+05:30,776.7,787.75,771.4,777.3,2247724,4.401465776412762,755.6642881934733,749.214297542941,6.4499906505323,1.999978444721988,16.350000000000023,14.950000000000045,1.3999999999999773,16.350000000000023,26.225000000000005,1761953.85,No Signal
72,2022-10-19T00:00:00+05:30,781.1,798.0,774.3,781.15,2075629,4.452696842521998,759.5851669329389,751.5799051323528,8.00526180058614,3.2010351158948187,23.700000000000045,20.700000000000045,3.0,23.700000000000045,26.32857142857144,1790043.7,No Signal
73,2022-10-20T00:00:00+05:30,777.95,790.0,770.8,789.0,1458835,4.549060384246669,764.110525866333,754.3517640114378,9.75876185489517,4.512580463694889,19.200000000000045,8.850000000000023,10.350000000000023,19.200000000000045,25.653571428571443,1789069.5,No Signal
74,2022-10-21T00:00:00+05:30,789.0,794.3,772.4,778.2,1062436,4.58993593797794,766.2781372715125,756.1183000105906,10.159837260921904,5.642031823140293,21.899999999999977,5.2999999999999545,16.600000000000023,21.899999999999977,25.610714285714298,1774437.05,No Signal
75,2022-10-24T00:00:00+05:30,781.05,788.7,781.05,786.35,191315,4.695173806425128,769.3661161528182,758.3576851949913,11.008430957826931,6.715311650077621,7.650000000000091,10.5,2.849999999999909,10.5,24.996428571428584,1723750.55,No Signal
76,2022-10-25T00:00:00+05:30,789.8,812.8,775.35,806.65,3021772,4.8140195589864305,775.1020982831539,761.934893699066,13.167204584087813,8.00569023687966,37.44999999999993,26.449999999999932,11.0,37.44999999999993,26.09285714285715,1820185.9,No Signal
77,2022-10-27T00:00:00+05:30,815.0,829.95,806.65,821.2,2921377,4.894202082275282,782.1940831626687,766.3249015732093,15.869181589459345,9.578388507395598,23.300000000000068,23.300000000000068,0.0,23.300000000000068,23.04285714285715,1792080.35,No Signal
78,2022-10-28T00:00:00+05:30,826.35,836.7,822.2,833.15,2998650,4.901916385399197,790.0334549837966,771.2749088640827,18.758546119713856,11.41442002985925,14.5,15.5,1.0,15.5,22.93928571428572,1866573.0,No Signal
79,2022-10-31T00:00:00+05:30,839.95,847.0,825.55,834.2,1805015,4.7385002236643885,796.8283080632125,775.9360267260025,20.892281337209965,13.309992291329396,21.450000000000045,13.850000000000023,7.600000000000023,21.450000000000045,22.45357142857144,1859849.35,No Signal
80,2022-11-01T00:00:00+05:30,834.2,853.0,832.55,850.7,1860759,4.604929088286931,805.1162606688721,781.4740988203727,23.642161848499427,15.376426202763403,20.450000000000045,18.799999999999955,1.650000000000091,20.450000000000045,22.67500000000001,1886809.1,No Signal
81,2022-11-02T00:00:00+05:30,849.0,865.0,844.1,847.2,1816107,4.290522479205464,811.5906821044302,786.3426840929377,25.24799801149254,17.35074056450923,20.899999999999977,14.299999999999955,6.600000000000023,20.899999999999977,22.046428571428578,1909067.65,No Signal
82,2022-11-03T00:00:00+05:30,853.0,871.9,851.05,857.2,2739769,4.029460710065775,818.6075002422102,791.5913741601275,27.01612608208268,19.28381766802392,20.850000000000023,24.699999999999932,3.849999999999909,24.699999999999932,22.285714285714285,2000663.95,No Signal
83,2022-11-04T00:00:00+05:30,858.0,861.7,846.1,854.9,928768,4.248394165278971,824.1909617434086,796.2809020001181,27.910059743290503,21.00906608307724,15.600000000000023,4.5,11.100000000000023,15.600000000000023,21.778571428571436,1727290.35,No Signal
84,2022-11-07T00:00:00+05:30,856.3,877.4,854.65,875.5,1243339,4.495615544104378,832.0846599367303,802.1489833334426,29.935676603287675,22.794388187119328,22.75,22.5,0.25,22.75,20.982142857142865,1692782.75,No Signal
85,2022-11-09T00:00:00+05:30,876.15,890.0,873.0,879.0,2484807,4.805276191414709,839.3024045618487,807.8416512346691,31.460753327179532,24.52766121513137,17.0,14.5,2.5,17.0,21.028571428571436,1713805.55,No Signal
86,2022-11-10T00:00:00+05:30,881.8,887.0,870.0,880.4,1108066,5.027526953210993,845.6251115523335,813.2163437358048,32.408767816528666,26.103882535410833,17.0,8.0,9.0,17.0,20.550000000000004,1699720.8,No Signal
87,2022-11-11T00:00:00+05:30,888.55,896.7,884.25,886.95,1364037,5.126949934095885,851.9827866981283,818.6780960516711,33.304690646457175,27.544044157620103,12.450000000000045,16.300000000000068,3.8500000000000227,16.300000000000068,20.34285714285715,1727546.2,No Signal
88,2022-11-14T00:00:00+05:30,889.0,891.9,842.4,859.25,3132663,4.9934318228721235,853.1008195138008,821.6834222700659,31.417397243734968,28.318714774843077,49.5,4.949999999999932,44.55000000000007,49.5,22.31428571428572,1843608.0,No Signal
89,2022-11-15T00:00:00+05:30,840.0,859.15,839.5,853.05,1560965,4.583903928871991,853.0930011270623,824.0068724722832,29.08612865477903,28.47219755083027,19.649999999999977,0.10000000000002274,19.75,19.75,22.975000000000005,1889503.45,No Signal
90,2022-11-16T00:00:00+05:30,852.0,852.95,830.1,838.8,1569157,4.365827671894153,850.894077876745,825.1026596965586,25.791418180186383,27.936041676701493,22.850000000000023,0.09999999999990905,22.949999999999932,22.949999999999932,21.93928571428572,1879559.5,No Signal
91,2022-11-17T00:00:00+05:30,835.3,848.95,831.3,837.45,1117331,4.066528783191716,848.8257582033996,826.0172774968136,22.80848070658601,26.910529482678395,17.65000000000009,10.150000000000091,7.5,17.65000000000009,21.535714285714295,1823039.85,No Signal
92,2022-11-18T00:00:00+05:30,839.8,841.5,827.0,836.7,758324,3.749975356440481,846.9602569413381,826.8085902748273,20.151666666510778,25.55875691944487,14.5,4.0499999999999545,10.450000000000045,14.5,21.464285714285722,1757174.6,No Signal
93,2022-11-21T00:00:00+05:30,833.75,833.75,816.0,826.85,1355380,3.529583903405923,843.8663712580553,826.8116576618771,17.054713596178203,23.857948254791538,17.75,2.9500000000000455,20.700000000000045,20.700000000000045,21.410714285714295,1752001.85,No Signal
94,2022-11-22T00:00:00+05:30,826.8,843.25,821.0,839.0,1053536,2.9846327650166447,843.117698756816,827.7144978350714,15.403200921744656,22.166998788182163,22.25,16.399999999999977,5.850000000000023,22.25,21.539285714285718,1751556.85,No Signal
95,2022-11-23T00:00:00+05:30,843.0,848.8,838.3,844.0,916467,2.4738728381367854,843.2534374096135,828.9208313287697,14.332606080843789,20.60012024671449,10.5,9.799999999999955,0.7000000000000455,10.5,20.796428571428578,1787814.45,No Signal
96,2022-11-24T00:00:00+05:30,843.0,847.2,839.8,843.85,798014,2.1941132078687793,843.345216269673,830.0266956747868,13.318520594886195,19.14380031634883,7.400000000000091,3.2000000000000455,4.2000000000000455,7.400000000000091,19.560714285714305,1676626.55,No Signal
97,2022-11-25T00:00:00+05:30,843.7,849.9,837.65,847.05,815979,2.0377687581326214,843.9151829974155,831.2876811803582,12.62750181705735,17.840540616490536,12.25,6.0499999999999545,6.2000000000000455,12.25,19.321428571428587,1571356.65,No Signal
98,2022-11-28T00:00:00+05:30,847.05,861.1,847.05,859.05,1026517,1.955185384857662,846.2436163824285,833.3441492410724,12.899467141356126,16.852325921463656,14.050000000000068,14.050000000000068,0.0,14.050000000000068,18.70000000000002,1472750.0,No Signal
99,2022-11-29T00:00:00+05:30,861.8,866.15,846.0,848.75,1039759,1.916452811780623,846.6292138620549,834.4853233713633,12.14389049069166,15.910638835309259,20.149999999999977,7.100000000000023,13.049999999999955,20.149999999999977,18.92500000000002,1434487.2,No Signal
100,2022-11-30T00:00:00+05:30,848.75,863.8,848.0,859.55,1443604,1.897766648198342,848.6170271140464,836.3419660845956,12.275061029450853,15.183523274137578,15.799999999999955,15.049999999999955,0.75,15.799999999999955,18.83928571428573,1413629.45,No Signal
101,2022-12-01T00:00:00+05:30,860.45,863.25,844.0,848.75,926751,1.9185010267960718,848.6374844811162,837.2610797079589,11.376404773157333,14.42209957394153,19.25,3.7000000000000455,15.549999999999955,19.25,19.05000000000001,1369161.65,No Signal
102,2022-12-02T00:00:00+05:30,848.75,856.9,839.0,854.95,974513,1.9026063141462797,849.6086407147906,838.5713700999619,11.037270614828685,13.745133782118963,17.899999999999977,8.149999999999977,9.75,17.899999999999977,16.79285714285715,1280898.85,No Signal
103,2022-12-05T00:00:00+05:30,855.45,859.4,845.1,847.45,791949,1.9260571636578616,849.2765421432844,839.2290463888536,10.04749575443077,13.005606176581324,14.299999999999955,4.449999999999932,9.850000000000023,14.299999999999955,16.403571428571436,1274057.9,No Signal
104,2022-12-06T00:00:00+05:30,840.75,845.8,834.25,841.1,1357304,1.8619546607203497,848.018612582779,839.3676355452349,8.65097703754418,12.134680348773896,11.549999999999955,1.650000000000091,13.200000000000045,13.200000000000045,15.707142857142872,1279756.15,No Signal
105,2022-12-07T00:00:00+05:30,842.9,845.35,833.65,837.05,654168,1.7404947513152973,846.3311337238899,839.1959588381804,7.135174885709489,11.134779256161016,11.700000000000045,4.25,7.4500000000000455,11.700000000000045,15.282142857142869,1188224.2,No Signal
106,2022-12-08T00:00:00+05:30,839.0,878.45,834.0,871.35,2618596,1.568998597974659,850.1801900740608,841.5777396649819,8.60245040907887,10.628313486744588,44.450000000000045,41.40000000000009,3.0499999999999545,44.450000000000045,17.421428571428585,1263750.7,No Signal
107,2022-12-09T00:00:00+05:30,873.2,880.0,848.0,857.4,1025488,1.2380136565683082,851.2909300626668,842.7497589490573,8.541171113609494,10.21088501211757,32.0,8.649999999999977,23.350000000000023,32.0,18.22857142857144,1246823.25,No Signal
108,2022-12-12T00:00:00+05:30,869.5,875.55,852.75,869.25,1855342,1.31151179140245,854.0538638991796,844.7127397676456,9.341124131534002,10.036932836000856,22.799999999999955,18.149999999999977,4.649999999999977,22.799999999999955,18.26785714285715,1182957.2,No Signal
109,2022-12-13T00:00:00+05:30,873.95,902.0,870.0,889.45,2384688,1.6496694007039077,859.4994232993058,848.0266108959681,11.472812403337684,10.324108749468222,32.0,32.75,0.75,32.75,19.857142857142865,1224143.35,Buy
110,2022-12-14T00:00:00+05:30,894.95,911.0,888.0,908.65,2285450,2.1388525050565654,867.061050484028,852.5172323110816,14.54381817294643,11.168050634163864,23.0,21.549999999999955,1.4500000000000455,23.0,20.97142857142857,1259958.0,Buy
111,2022-12-15T00:00:00+05:30,910.1,919.45,892.55,899.25,2009666,2.3980440042957922,872.0131965634083,855.978918806557,16.03427775685134,12.141296058701359,26.90000000000009,10.800000000000068,16.100000000000023,26.90000000000009,22.01785714285715,1304574.75,Buy
112,2022-12-16T00:00:00+05:30,893.0,893.85,867.4,882.15,1872329,2.4672620198934627,873.5727047844224,857.9175174134787,15.655187370943736,12.844074321149835,26.450000000000045,5.399999999999977,31.850000000000023,31.850000000000023,23.289285714285718,1360275.0,Buy
113,2022-12-19T00:00:00+05:30,885.0,888.55,863.25,886.3,1420315,2.3956697940346245,875.5307502022035,860.0199235309988,15.510826671204768,13.377424791160822,25.299999999999955,6.399999999999977,18.899999999999977,25.299999999999955,23.657142857142862,1363521.75,Buy
114,2022-12-20T00:00:00+05:30,884.85,900.0,875.05,897.05,1218792,2.443617266034331,878.8414040172491,862.7628921583322,16.078511858916954,13.917642204712049,24.950000000000045,13.700000000000045,11.25,24.950000000000045,24.310714285714294,1371784.55,Buy
115,2022-12-21T00:00:00+05:30,899.95,905.0,868.0,873.2,1554465,2.4555663092413376,877.9734957069031,863.536011257715,14.437484449188105,14.021610653607262,37.0,7.9500000000000455,29.049999999999955,37.0,25.57857142857144,1403684.45,Buy
116,2022-12-22T00:00:00+05:30,880.0,884.3,853.05,858.6,1365064,2.4322794127386067,874.9929579058411,863.1703807941806,11.822577111660507,13.581803945217912,31.25,11.099999999999909,20.15000000000009,31.25,26.53214285714287,1432036.95,Sell
117,2022-12-23T00:00:00+05:30,857.95,859.7,827.4,842.4,2265825,2.509440241283402,869.9786566895579,861.6318340686857,8.346822620872103,12.53480768034875,32.30000000000007,1.1000000000000227,31.200000000000045,32.30000000000007,27.81785714285716,1504529.25,Sell
118,2022-12-26T00:00:00+05:30,843.8,880.9,833.25,875.8,1300649,2.4157438496516246,870.8742479680874,862.6813278413757,8.19292012671167,11.666430169621336,47.64999999999998,38.5,9.149999999999977,47.64999999999998,30.278571428571443,1518235.85,Sell
119,2022-12-27T00:00:00+05:30,878.25,886.4,867.0,872.8,1025718,2.3738390172083177,871.1705175114586,863.430859112385,7.739658399073619,10.881075815511792,19.399999999999977,10.600000000000023,8.799999999999955,19.399999999999977,30.82857142857144,1517533.8,Sell
120,2022-12-28T00:00:00+05:30,872.95,881.9,867.1,873.7,803964,2.3616903134700733,871.5596686635419,864.1915362151713,7.368132448370602,10.178487142083554,14.799999999999955,9.100000000000023,5.699999999999932,14.799999999999955,28.71071428571429,1485551.8,Sell
121,2022-12-29T00:00:00+05:30,870.0,881.0,858.55,878.0,909834,2.2925816707066753,872.5504888691509,865.2143853844178,7.33610348473303,9.61001041061345,22.450000000000045,7.2999999999999545,15.150000000000091,22.450000000000045,28.028571428571436,1484705.95,Sell
122,2022-12-30T00:00:00+05:30,882.0,885.0,873.1,879.85,599455,2.2578369648120593,873.6734905815891,866.2985049855721,7.374985596017041,9.163005447694168,11.899999999999977,7.0,4.899999999999977,11.899999999999977,27.250000000000007,1465953.05,Sell
123,2023-01-02T00:00:00+05:30,883.0,891.85,878.4,884.05,718239,2.1666410431655585,875.26987664596,867.6134305421964,7.656446103763642,8.861693578908064,13.450000000000045,12.0,1.4500000000000455,13.450000000000045,25.871428571428584,1462267.55,Sell
124,2023-01-03T00:00:00+05:30,885.85,888.7,875.0,877.85,473048,1.9980354168287269,875.6668187004277,868.3716949464781,7.2951237539496105,8.548379613916373,13.700000000000045,4.650000000000091,9.049999999999955,13.700000000000045,25.207142857142873,1418054.75,Sell
125,2023-01-04T00:00:00+05:30,880.0,881.0,859.2,860.75,1287231,1.7971431929974298,873.3719235157465,867.8071249504427,5.564798565303818,7.951663404193862,21.799999999999955,3.1499999999999773,18.649999999999977,21.799999999999955,24.84285714285715,1449707.9,Sell
126,2023-01-05T00:00:00+05:30,863.0,881.75,855.4,879.7,1022049,1.753332222861093,874.3454737440932,868.6880786578173,5.657395086275869,7.492809740610264,26.350000000000023,21.0,5.350000000000023,26.350000000000023,24.450000000000006,1369880.55,No Signal
127,2023-01-06T00:00:00+05:30,879.0,884.0,865.35,869.5,477770,1.7053230819545215,873.6000162450019,868.7482209794605,4.851795265541455,6.964606845596503,18.649999999999977,4.2999999999999545,14.350000000000023,18.649999999999977,23.975000000000005,1342494.65,No Signal
128,2023-01-09T00:00:00+05:30,875.0,885.2,871.0,882.45,402350,1.667532628763534,874.9615522073093,869.7631675735745,5.198384633734804,6.611362403224163,14.200000000000045,15.700000000000045,1.5,15.700000000000045,23.31428571428572,1269845.05,No Signal
129,2023-01-10T00:00:00+05:30,886.3,887.95,876.55,883.25,550315,1.6459922311192623,876.2366980215694,870.7621921977542,5.474505823815207,6.383991087342372,11.400000000000091,5.5,5.900000000000091,11.400000000000091,21.485714285714298,1178126.4,No Signal
130,2023-01-11T00:00:00+05:30,884.0,890.4,860.0,865.85,1336137,1.4882960849954183,874.6387444797895,870.3983261090317,4.240418370757766,5.955276544025452,30.399999999999977,7.149999999999977,23.25,30.399999999999977,21.42500000000001,1130660.75,No Signal
131,2023-01-12T00:00:00+05:30,870.4,879.9,868.45,873.35,564899,1.3380242120190005,874.4404760982834,870.6169686194738,3.8235074788095744,5.528922730982277,11.449999999999932,14.049999999999955,2.6000000000000227,14.049999999999955,20.121428571428574,1058422.4,No Signal
132,2023-01-13T00:00:00+05:30,876.0,878.0,864.3,873.45,581572,1.323494122760398,874.288095160086,870.8268227958091,3.4612723642768515,5.115392657641192,13.700000000000045,4.649999999999977,9.050000000000068,13.700000000000045,17.69642857142858,993884.55,No Signal
133,2023-01-16T00:00:00+05:30,873.0,879.9,857.35,861.25,722718,1.3421592548953505,872.2822343662266,870.117428514638,2.1648058515885396,4.525275296430662,22.549999999999955,6.449999999999932,16.100000000000023,22.549999999999955,17.921428571428578,959004.7,No Signal
134,2023-01-17T00:00:00+05:30,862.0,868.9,859.0,865.05,955031,1.1805269078342255,871.1695829252686,869.7420634394797,1.4275194857889346,3.9057241343023166,9.899999999999977,7.649999999999977,2.25,9.899999999999977,17.57142857142858,945816.65,No Signal
135,2023-01-18T00:00:00+05:30,865.0,875.5,860.3,872.75,553751,1.1697277678918374,871.4127240136888,869.9648735550738,1.4478504586149938,3.4141493991648524,15.200000000000045,10.450000000000045,4.75,15.200000000000045,17.053571428571438,895780.95,No Signal
136,2023-01-19T00:00:00+05:30,872.85,878.5,865.25,874.35,415181,1.115936100752072,871.8646126269674,870.2896977361795,1.574914890787909,3.0463024974894637,13.25,5.75,7.5,13.25,17.15000000000001,848286.8,No Signal
137,2023-01-20T00:00:00+05:30,874.35,882.35,860.0,861.35,956488,0.8491769442541841,870.2469799151263,869.6274979038699,0.619482011256423,2.560938400242856,22.350000000000023,8.0,14.350000000000023,22.350000000000023,17.785714285714295,782819.95,No Signal
138,2023-01-23T00:00:00+05:30,866.0,881.45,864.05,879.25,799262,0.8436189607528332,871.6320599281838,870.3402758369166,1.2917840912672318,2.307107538447731,17.40000000000009,20.100000000000023,2.699999999999932,20.100000000000023,18.24285714285715,757750.6,No Signal
139,2023-01-24T00:00:00+05:30,882.0,884.0,865.55,870.45,527017,0.8554815656316948,871.4502045546171,870.3484035527006,1.1018010019165558,2.066046231141496,18.450000000000045,4.75,13.700000000000045,18.450000000000045,18.00357142857144,732815.55,No Signal
140,2023-01-25T00:00:00+05:30,869.9,869.9,849.0,862.65,795188,0.9061386453827316,870.0963269308298,869.7781514376857,0.3181754931441674,1.7164720835420306,20.899999999999977,0.5500000000000682,21.450000000000045,21.450000000000045,17.653571428571443,732376.75,No Signal
141,2023-01-27T00:00:00+05:30,866.0,873.0,839.6,855.15,1391478,1.0100064011519128,867.7968920183945,868.6945846645237,-0.8976926461292578,1.193639137607773,33.39999999999998,10.350000000000023,23.049999999999955,33.39999999999998,18.707142857142873,756458.95,No Signal
142,2023-01-30T00:00:00+05:30,855.1,869.85,850.15,865.1,542054,0.9855406460529799,867.3819855540261,868.4283191338183,-1.04633357979219,0.7456445941277805,19.700000000000045,14.700000000000045,5.0,19.700000000000045,18.992857142857158,753588.9,No Signal
143,2023-01-31T00:00:00+05:30,867.0,884.0,864.5,874.1,1355161,0.9141170057206695,868.415526238022,868.8484436424243,-0.4329174044022466,0.5099321944217751,19.5,18.899999999999977,0.6000000000000227,19.5,19.57142857142858,785435.0,No Signal
144,2023-02-01T00:00:00+05:30,884.8,903.8,845.05,868.15,1510298,0.8990680985567316,868.3746760475572,868.7967070763187,-0.4220310287615803,0.323539549785104,58.75,29.699999999999932,29.050000000000068,58.75,21.596428571428582,837297.5,Sell
145,2023-02-02T00:00:00+05:30,862.0,884.3,860.05,871.1,904253,0.8614774297419888,868.7939566556253,868.9673213669618,-0.17336471133648956,0.22415869756078532,24.25,16.149999999999977,8.100000000000023,24.25,22.325000000000014,818148.6,Sell
146,2023-02-03T00:00:00+05:30,872.0,884.45,852.15,867.55,1069217,0.8297461726378799,868.602578708606,868.8623345990387,-0.25975589043275704,0.12737577996207686,32.30000000000007,13.350000000000023,18.950000000000045,32.30000000000007,23.653571428571443,820507.0,Sell
147,2023-02-06T00:00:00+05:30,876.0,884.0,863.0,875.85,680364,0.8361316639610957,869.7175665995896,869.3799394435543,0.33762715603529614,0.1694260551767207,21.0,16.450000000000045,4.5499999999999545,21.0,23.542857142857162,830636.7,Buy
148,2023-02-07T00:00:00+05:30,878.0,878.9,859.2,866.15,646067,0.781025523030338,869.1687101996528,869.1406846699577,0.028025529695014484,0.14114595008037947,19.699999999999932,3.0499999999999545,16.649999999999977,19.699999999999932,24.242857142857158,842822.55,Sell
149,2023-02-08T00:00:00+05:30,868.0,869.15,858.55,866.4,586262,0.6850723164008726,868.7427547843216,868.9376709907016,-0.19491620637995766,0.07393351878831204,10.600000000000023,3.0,7.600000000000023,10.600000000000023,23.91428571428573,844619.9,Sell
150,2023-02-09T00:00:00+05:30,864.5,874.9,863.0,869.55,560265,0.6793474579337986,868.8669463559645,868.983028695094,-0.11608233912954802,0.03593034720474003,11.899999999999977,8.5,3.3999999999999773,11.899999999999977,23.817857142857154,805826.3,Sell
151,2023-02-10T00:00:00+05:30,869.55,885.0,865.15,883.0,623404,0.7539962394584561,871.0412623012007,870.0213228658279,1.0199394353728621,0.23273216483836445,19.850000000000023,15.450000000000045,4.399999999999977,19.850000000000023,23.639285714285727,808751.55,Buy
152,2023-02-13T00:00:00+05:30,887.95,910.0,886.0,890.05,2309490,0.9103274302405857,873.9656834856314,871.5049285794703,2.460754906161128,0.6783367131029172,24.0,27.0,3.0,27.0,24.132142857142867,895147.45,Buy
153,2023-02-14T00:00:00+05:30,889.95,903.7,858.6,873.5,3793347,0.9008281547179864,873.8940398724574,871.6527116476577,2.241328224799645,0.9909350154422628,45.10000000000002,13.650000000000091,31.449999999999932,45.10000000000002,26.035714285714295,1048678.9,Buy
154,2023-02-15T00:00:00+05:30,850.0,857.0,811.65,835.7,5995432,1.3220008296705792,868.0180337382332,868.9895478219053,-0.9715140836721048,0.5984451956193894,45.35000000000002,16.5,61.85000000000002,61.85000000000002,28.921428571428578,1300698.95,Sell
155,2023-02-16T00:00:00+05:30,837.0,874.2,835.0,855.95,2868392,1.3306640074879341,866.1614131631204,868.0236553906531,-1.8622422275326471,0.10630771098898206,39.200000000000045,38.5,0.7000000000000455,39.200000000000045,29.335714285714296,1416431.0,Sell
156,2023-02-17T00:00:00+05:30,858.0,866.0,847.95,862.4,1692410,1.3181079840999688,865.582734214948,867.6070883246788,-2.02435410973078,-0.31982465315497033,18.049999999999955,10.049999999999955,8.0,18.049999999999955,29.21785714285715,1480292.45,Sell
157,2023-02-20T00:00:00+05:30,865.85,874.3,856.05,860.35,895226,1.3249004589142472,864.777698181879,867.0695262265544,-2.2918280446754125,-0.7142253314590588,18.25,11.899999999999977,6.350000000000023,18.25,29.128571428571433,1477229.35,Sell
158,2023-02-21T00:00:00+05:30,865.6,871.0,852.85,854.8,1381249,1.3332880720718627,863.2426676923592,866.1606724319948,-2.9180047396356485,-1.1549812130943766,18.149999999999977,10.649999999999977,7.5,18.149999999999977,26.22857142857143,1506328.7,Sell
159,2023-02-22T00:00:00+05:30,854.6,862.15,837.05,841.9,977266,1.495231631244381,859.9591803550732,864.3635855851804,-4.4044052301072725,-1.8048660164969559,25.100000000000023,7.350000000000023,17.75,25.100000000000023,26.289285714285718,1528841.15,Sell
160,2023-02-23T00:00:00+05:30,843.75,843.75,818.9,830.15,2341872,1.7835265483000073,855.3731526081389,861.8292459122041,-6.456093304065234,-2.7351114740106115,24.850000000000023,1.8500000000000227,23.0,24.850000000000023,25.75714285714286,1606175.35,Sell
161,2023-02-24T00:00:00+05:30,836.9,837.6,823.55,828.95,1096876,2.004635963065767,851.3080522068867,859.3937462150038,-8.085694008117116,-3.8052279808319125,14.050000000000068,7.4500000000000455,6.600000000000023,14.050000000000068,25.260714285714293,1591445.25,Sell
162,2023-02-27T00:00:00+05:30,824.0,829.4,813.0,821.8,1144982,2.2956522970175537,846.7683518673657,856.6090242731517,-9.840672405785995,-5.012316865822729,16.399999999999977,0.4499999999999318,15.950000000000045,16.399999999999977,25.02500000000001,1621591.65,No Signal
163,2023-02-28T00:00:00+05:30,821.95,826.85,812.85,816.0,1104103,2.5637838997946636,842.0347592723864,853.6009484010664,-11.56618912867998,-6.323091318394179,14.0,5.050000000000068,8.949999999999932,14.0,25.26785714285715,1609038.75,No Signal
164,2023-03-01T00:00:00+05:30,817.0,827.95,815.05,824.05,732485,2.6669397872109815,839.2678732304807,851.4119892602466,-12.144116029765883,-7.48729626066852,12.900000000000091,11.950000000000045,0.9500000000000455,12.900000000000091,25.33928571428573,1570148.1,No Signal
165,2023-03-02T00:00:00+05:30,829.0,836.9,821.45,833.3,1262632,2.654822163420885,838.3497388873299,850.0703604261543,-11.720621538824389,-8.333961316299694,15.449999999999932,12.850000000000023,2.599999999999909,15.449999999999932,25.02500000000001,1588067.05,No Signal
166,2023-03-03T00:00:00+05:30,844.95,843.2,814.5,825.05,1474816,2.748035196613905,836.303625212356,848.2170003945872,-11.91337518223122,-9.049844089486,28.700000000000045,9.900000000000091,18.799999999999955,28.700000000000045,25.146428571428583,1608347.0,No Signal
167,2023-03-06T00:00:00+05:30,828.9,834.5,826.0,829.0,440441,2.6972766773801538,835.1799905643012,846.793518883877,-11.613528319575835,-9.562580935503966,8.5,9.450000000000045,0.9500000000000455,9.450000000000045,22.600000000000016,1596350.85,No Signal
168,2023-03-08T00:00:00+05:30,827.9,836.15,819.55,834.55,483067,2.6548288403870286,835.0830689390241,845.8865915591454,-10.80352262012127,-9.810769272427427,16.600000000000023,7.149999999999977,9.450000000000045,16.600000000000023,19.367857142857158,1588200.85,No Signal
169,2023-03-09T00:00:00+05:30,844.0,845.0,822.9,825.2,1183800,2.684820654581377,833.5625967945589,844.3542514436531,-10.791654649094198,-10.006946347760781,22.100000000000023,10.450000000000045,11.649999999999977,22.100000000000023,18.146428571428583,1618077.75,No Signal
170,2023-03-10T00:00:00+05:30,822.0,823.55,814.3,820.9,608573,2.675145030209686,831.6145049800114,842.616899484864,-11.002394504852646,-10.206035979179156,9.25,1.650000000000091,10.900000000000091,10.900000000000091,17.635714285714307,1620493.15,No Signal
171,2023-03-13T00:00:00+05:30,820.9,824.8,792.0,795.95,1325129,2.776734692693889,826.1276580600096,839.1600921156148,-13.032434055605222,-10.771315594464369,32.799999999999955,3.8999999999999773,28.899999999999977,32.799999999999955,18.67500000000002,1655579.4,No Signal
172,2023-03-14T00:00:00+05:30,795.0,795.0,780.0,787.45,1194923,2.701168230999125,820.1772491277004,835.3297149218656,-15.15246579416521,-11.647545634404537,15.0,0.9500000000000455,15.950000000000045,15.950000000000045,18.517857142857167,1599851.05,No Signal
173,2023-03-15T00:00:00+05:30,790.5,808.7,790.5,792.95,812785,2.6216378477850593,815.9884415695926,832.1904767795052,-16.202035209912538,-12.558443549506137,18.200000000000045,21.25,3.0499999999999545,21.25,18.242857142857165,1450822.95,No Signal
174,2023-03-16T00:00:00+05:30,794.1,794.65,776.1,788.5,960790,2.862275684631909,811.7594505588861,828.9541451662085,-17.19469460732239,-13.485693761069388,18.549999999999955,1.6999999999999318,16.850000000000023,18.549999999999955,17.792857142857162,1199090.85,No Signal
175,2023-03-17T00:00:00+05:30,806.95,826.3,793.1,800.7,1760470,2.765933984501552,810.0579966267497,826.8612455242671,-16.803248897517392,-14.14920478835899,33.19999999999993,37.799999999999955,4.600000000000023,37.799999999999955,19.489285714285725,1143694.75,No Signal
176,2023-03-20T00:00:00+05:30,805.0,807.0,779.05,787.8,1055531,2.7367062349687643,806.6336894534036,823.967819929877,-17.334130476473433,-14.78618992598188,27.950000000000045,6.2999999999999545,21.65000000000009,27.950000000000045,20.314285714285727,1111850.8,No Signal
177,2023-03-21T00:00:00+05:30,788.55,790.2,770.15,778.05,825576,2.737487398331473,802.2361987682646,820.5664999350713,-18.33030116680675,-15.495012174146854,20.050000000000068,2.400000000000091,17.649999999999977,20.050000000000068,20.74642857142859,1108368.3,No Signal
178,2023-03-22T00:00:00+05:30,785.0,793.2,780.5,782.4,425545,2.6159792076788935,799.1844758808393,817.7393517917327,-18.55487591089343,-16.10698492149617,12.700000000000045,15.150000000000091,2.4500000000000455,15.150000000000091,20.907142857142876,1060583.1,No Signal
179,2023-03-23T00:00:00+05:30,782.1,782.1,766.95,770.1,776281,2.762102872329239,794.709941129941,814.210510918271,-19.50056978833004,-16.785701894862946,15.149999999999977,0.2999999999999545,15.449999999999932,15.449999999999932,20.907142857142876,1050533.85,No Signal
180,2023-03-24T00:00:00+05:30,770.1,773.65,761.0,764.8,490506,2.9759932922303554,790.1084117253346,810.5504730724731,-20.44206134713852,-17.51697378531806,12.649999999999977,3.5499999999999545,9.100000000000023,12.649999999999977,19.7607142857143,957965.55,No Signal
181,2023-03-27T00:00:00+05:30,765.0,769.5,754.75,757.15,588859,3.2287226480077673,785.0378868445139,806.5948824745121,-21.556995629998255,-18.3249781542541,14.75,4.7000000000000455,10.049999999999955,14.75,20.139285714285727,932564.7,No Signal
182,2023-03-28T00:00:00+05:30,760.0,760.0,747.75,750.2,607954,3.5345244756196803,779.6782119453579,802.4174837726964,-22.739271827338484,-19.20783688887098,12.25,2.8500000000000227,9.399999999999977,12.25,19.82857142857144,905713.3,No Signal
183,2023-03-29T00:00:00+05:30,750.2,760.0,745.4,757.3,1341224,3.653291824659899,776.2354101076105,799.0754479376818,-22.84003783007131,-19.934277077111044,14.600000000000023,9.799999999999955,4.800000000000068,14.600000000000023,19.29285714285715,917569.35,No Signal
184,2023-03-31T00:00:00+05:30,758.0,772.0,758.0,771.0,613525,3.541188755832421,775.4299623987473,796.9957851274831,-21.56582272873584,-20.260586207436003,14.0,14.700000000000045,0.7000000000000455,14.700000000000045,19.56428571428572,911621.35,No Signal
185,2023-04-03T00:00:00+05:30,780.75,784.6,768.9,771.2,1059147,3.3621689952079765,774.7791989527861,795.084986229151,-20.305787276364867,-20.269626421221776,15.700000000000045,13.600000000000023,2.1000000000000227,15.700000000000045,18.342857142857156,901447.1,No Signal
186,2023-04-05T00:00:00+05:30,760.0,763.65,747.05,758.3,2446977,3.3502101662569803,772.2439375754344,792.360172434399,-20.116234858964617,-20.238948108770344,16.600000000000023,7.550000000000068,24.15000000000009,24.15000000000009,18.928571428571445,950055.15,No Signal
187,2023-04-06T00:00:00+05:30,758.1,765.0,752.15,762.4,1153422,3.1231207555360703,770.7294856407522,790.1409004022213,-19.411414761469132,-20.073441439310102,12.850000000000023,6.7000000000000455,6.149999999999977,12.850000000000023,18.328571428571447,985704.2,No Signal
188,2023-04-10T00:00:00+05:30,762.9,762.9,743.55,756.45,1153619,2.794506207029345,768.5326416960211,787.645278150205,-19.11263645418387,-19.881280442284858,19.350000000000023,0.5,18.850000000000023,19.350000000000023,18.385714285714307,1019231.8,No Signal
189,2023-04-11T00:00:00+05:30,760.0,765.2,755.5,764.0,653069,2.399680248158089,767.8353122043255,785.8937760650045,-18.058463860679012,-19.51671712596369,9.700000000000045,8.75,0.9500000000000455,9.700000000000045,16.37857142857146,992695.25,No Signal
190,2023-04-12T00:00:00+05:30,766.0,776.5,763.0,769.1,1952951,1.9494812089175644,768.0298795575062,784.649792652782,-16.61991309527582,-18.93735631982612,13.5,12.5,1.0,13.5,15.346428571428598,1059914.15,No Signal
191,2023-04-13T00:00:00+05:30,770.5,770.5,761.0,764.45,1017637,1.8466448298451454,767.4791288563514,783.1535117155389,-15.674382859187517,-18.2847616276984,9.5,1.3999999999999773,8.100000000000023,9.5,14.592857142857165,1044539.55,No Signal
192,2023-04-17T00:00:00+05:30,768.75,779.4,759.55,776.4,865687,1.761700536369661,768.8515705707589,782.6532515884619,-13.801681017703004,-17.388145505699324,19.850000000000023,14.949999999999932,4.900000000000091,19.850000000000023,14.928571428571445,1028077.75,No Signal
193,2023-04-18T00:00:00+05:30,780.0,793.0,772.85,789.3,1349083,1.6968487117852673,771.9974827906422,783.1456033226499,-11.148120532007738,-16.140140510961007,20.149999999999977,16.600000000000023,3.5499999999999545,20.149999999999977,15.264285714285734,1054892.65,No Signal
194,2023-04-19T00:00:00+05:30,793.8,793.8,776.05,780.55,885835,1.659950362541197,773.3132546690049,782.953336409861,-9.64008174085609,-14.840128756940025,17.75,4.5,13.25,17.75,15.62857142857145,1051144.9,No Signal
195,2023-04-20T00:00:00+05:30,780.65,791.0,776.0,787.65,739635,1.475252526230519,775.5189077968503,783.3012374165379,-7.78232961968763,-13.428568929489547,15.0,10.450000000000045,4.5499999999999545,15.0,15.646428571428592,1000103.15,No Signal
196,2023-04-21T00:00:00+05:30,787.6,787.6,775.55,782.75,691874,1.4385667049591868,776.6313835204118,783.2604050153129,-6.629021494901167,-12.068659442571871,12.050000000000068,0.049999999999954525,12.100000000000023,12.100000000000023,15.63571428571431,981920.3,No Signal
197,2023-04-24T00:00:00+05:30,777.7,791.6,776.1,790.7,749433,1.5278625335441225,778.7957860557331,783.8114861252898,-5.015700069556715,-10.65806756796884,15.5,8.850000000000023,6.649999999999977,15.5,15.70000000000002,978113.15,No Signal
198,2023-04-25T00:00:00+05:30,790.6,790.6,779.4,784.3,909544,1.5539820436231055,779.6425882010049,783.8476723382313,-4.205084137226436,-9.36747088182036,11.200000000000045,0.10000000000002274,11.300000000000068,11.300000000000068,15.45714285714288,1002313.1,No Signal
199,2023-04-26T00:00:00+05:30,783.0,793.5,780.7,792.05,643599,1.6554766471503062,781.5514207854657,784.4552521650289,-2.9038313795632575,-8.07474298136894,12.799999999999955,9.200000000000045,3.599999999999909,12.799999999999955,15.250000000000016,995679.0,No Signal
200,2023-04-27T00:00:00+05:30,791.0,797.95,788.05,791.05,881296,1.7326729706593662,783.0127406646247,784.9437520046564,-1.9310113400316595,-6.845996653101484,9.900000000000091,5.900000000000091,4.0,9.900000000000091,14.232142857142874,1015218.5,No Signal
201,2023-04-28T00:00:00+05:30,791.0,803.8,789.5,801.35,906746,1.8197936338390768,785.8338574854517,786.1590296339411,-0.32517214848940057,-5.541831752179068,14.299999999999955,12.75,1.5499999999999545,14.299999999999955,14.335714285714298,1031112.85,No Signal
202,2023-05-02T00:00:00+05:30,803.3,808.45,798.0,799.7,1356601,1.7939877256567698,787.9671101799976,787.1620644758714,0.8050457041262007,-4.272456260918014,10.450000000000045,7.100000000000023,3.3500000000000227,10.450000000000045,13.700000000000014,1068545.2,No Signal
203,2023-05-03T00:00:00+05:30,797.0,797.0,782.1,784.85,1399263,1.733905145789437,787.4875547676903,786.9908004406217,0.4967543270686292,-3.3186141433206857,14.899999999999977,2.7000000000000455,17.600000000000023,17.600000000000023,14.264285714285725,1071447.15,No Signal
204,2023-05-04T00:00:00+05:30,787.9,789.5,773.85,775.05,1306888,1.7437553833516133,785.5740848034303,786.1062967042793,-0.5322119008490063,-2.76133369482635,15.649999999999977,4.649999999999977,11.0,15.649999999999977,14.417857142857153,1106115.3,No Signal
205,2023-05-05T00:00:00+05:30,774.9,785.2,748.4,760.25,3963420,1.849620093774334,781.6780717567487,784.1910154669253,-2.5129437101765006,-2.71165569789638,36.80000000000007,10.150000000000091,26.649999999999977,36.80000000000007,16.367857142857158,1251328.95,Buy
206,2023-05-08T00:00:00+05:30,767.35,784.0,767.35,778.3,2222652,1.7003674999164102,781.1583684095566,783.7546439508567,-2.5962755413000878,-2.6885796665771218,16.649999999999977,23.75,7.100000000000023,23.75,16.646428571428583,1240112.7,Buy
207,2023-05-09T00:00:00+05:30,780.0,786.7,772.5,774.1,841271,1.6385394443850447,780.0724655773171,783.0394851396821,-2.967019562365067,-2.744267645734711,14.200000000000045,8.400000000000091,5.7999999999999545,14.200000000000045,16.22142857142859,1224505.15,Sell
208,2023-05-10T00:00:00+05:30,775.0,779.9,772.65,776.25,810393,1.475341895478943,779.4843939500375,782.5365603145206,-3.052166364483014,-2.805847389484372,7.25,5.7999999999999545,1.4500000000000455,7.25,15.47142857142859,1207343.85,Sell
209,2023-05-11T00:00:00+05:30,776.6,782.9,773.5,778.2,735837,1.3820168839182998,779.286794880801,782.215333624556,-2.9285387437549844,-2.8303856603384943,9.399999999999977,6.649999999999977,2.75,9.399999999999977,15.071428571428587,1211482.25,No Signal
210,2023-05-12T00:00:00+05:30,780.0,781.0,755.4,757.55,1888833,1.5495710056817733,775.942672591447,780.3882718745889,-4.44559928314186,-3.1534283848991675,25.600000000000023,2.7999999999999545,22.800000000000068,25.600000000000023,16.035714285714302,1208276.35,Sell
211,2023-05-15T00:00:00+05:30,758.9,770.0,757.0,766.75,1888769,1.5097186261208417,774.528415269686,779.3780295135082,-4.849614243822202,-3.4926655566837748,13.0,12.450000000000045,0.5499999999999545,13.0,15.857142857142874,1251832.95,Sell
212,2023-05-16T00:00:00+05:30,770.0,773.8,764.0,769.3,1204503,1.5392618623495966,773.7240436897342,778.6315088088039,-4.907465119069684,-3.775625469160957,9.799999999999955,7.0499999999999545,2.75,9.799999999999955,15.750000000000009,1268773.75,Sell
213,2023-05-17T00:00:00+05:30,769.3,778.9,763.35,776.85,699753,1.5072087927599298,774.2049600451597,778.499545193337,-4.294585148177248,-3.879417404964215,15.549999999999955,9.600000000000023,5.949999999999932,15.549999999999955,15.94642857142858,1236307.25,Sell
214,2023-05-18T00:00:00+05:30,780.0,784.0,762.35,765.45,796524,1.590516952321971,772.8580431151352,777.5329122160528,-4.67486910091759,-4.038507744154891,21.649999999999977,7.149999999999977,14.5,21.649999999999977,16.785714285714285,1231841.7,Sell
215,2023-05-19T00:00:00+05:30,768.0,768.0,752.85,757.3,1096316,1.7147525703349258,770.4644980204989,776.0341779778266,-5.569679957327708,-4.344742186789454,15.149999999999977,2.5499999999999545,12.600000000000023,15.149999999999977,16.84642857142857,1249675.75,Sell
216,2023-05-22T00:00:00+05:30,758.1,763.5,756.05,760.35,439329,1.7780153158531518,768.9084214019606,774.8723870165062,-5.9639656145456,-4.668586872340684,7.4500000000000455,6.2000000000000455,1.25,7.4500000000000455,16.63214285714286,1237048.5,Sell
217,2023-05-23T00:00:00+05:30,762.0,772.95,756.2,768.8,739813,1.7213456003021557,768.8917411862743,774.422580570839,-5.530839384564729,-4.8410373747854925,16.75,12.600000000000023,4.149999999999977,16.75,16.571428571428573,1236567.5,Sell
218,2023-05-24T00:00:00+05:30,768.8,768.9,760.3,762.15,950395,1.7605984778597867,767.8545502345398,773.5135005285547,-5.658950294014858,-5.004619958631366,8.600000000000023,0.10000000000002274,8.5,8.600000000000023,16.067857142857147,1238610.05,Sell
219,2023-05-25T00:00:00+05:30,762.5,765.0,754.05,757.45,860993,1.7565437277006126,766.2538501984568,772.3236116005136,-6.06976140205677,-5.217648247316447,10.950000000000045,2.8500000000000227,8.100000000000023,10.950000000000045,14.221428571428573,1249479.75,No Signal
220,2023-05-26T00:00:00+05:30,758.2,768.6,756.0,767.45,924717,1.6490231490272307,766.4378732448481,771.9626033338088,-5.524730088960723,-5.279064615645303,12.600000000000023,11.149999999999977,1.4500000000000455,12.600000000000023,13.425000000000002,1251650.8,No Signal
221,2023-05-29T00:00:00+05:30,774.0,789.0,766.3,787.2,1359781,1.4274353619806943,769.6320465917945,773.0912993831563,-3.4592527913617914,-4.915102250788601,22.700000000000045,21.549999999999955,1.150000000000091,22.700000000000045,14.03214285714286,1274302.55,No Signal
222,2023-05-30T00:00:00+05:30,791.55,793.5,780.15,782.05,1542396,1.2051353839519414,771.5425009622877,773.7549068362558,-2.212405873968123,-4.374562975424506,13.350000000000023,6.2999999999999545,7.050000000000068,13.350000000000023,14.467857142857147,1283592.3,No Signal
223,2023-05-31T00:00:00+05:30,782.1,793.9,776.85,791.3,1354337,1.2687680702244366,774.5821161988588,775.0545433669035,-0.47242716804476004,-3.5941358139485566,17.049999999999955,11.850000000000023,5.199999999999932,17.049999999999955,15.014285714285718,1281346.0,No Signal
224,2023-06-01T00:00:00+05:30,791.45,799.4,786.25,797.05,1065254,1.4593117684323629,778.0387137067266,776.6838364508366,1.3548772558900737,-2.6043331999808306,13.149999999999977,8.100000000000023,5.0499999999999545,13.149999999999977,14.125,1269264.3,No Signal
225,2023-06-02T00:00:00+05:30,799.1,801.7,785.6,788.95,1249805,1.5097117375565345,779.717373136461,777.592441158182,2.124931978278937,-1.6584801643288771,16.100000000000023,4.650000000000091,11.449999999999932,16.100000000000023,14.346428571428573,1133583.55,No Signal
226,2023-06-05T00:00:00+05:30,798.2,804.55,792.4,798.35,1708483,1.6468461311536953,782.583931115467,779.1300381094278,3.453893006039152,-0.6360055302552713,12.149999999999977,15.599999999999909,3.449999999999932,15.599999999999909,14.760714285714284,1107875.1,No Signal
227,2023-06-06T00:00:00+05:30,799.1,804.05,796.45,802.5,730992,1.8188888259560059,785.6479417130874,780.8611463976183,4.786795315469135,0.44855463888960995,7.599999999999909,5.699999999999932,1.8999999999999773,7.599999999999909,14.192857142857138,1102361.15,No Signal
228,2023-06-07T00:00:00+05:30,803.0,810.4,799.05,808.45,992533,2.0220480269043577,789.1559506803047,782.9047651829799,6.251185497324855,1.609080810576659,11.350000000000023,7.899999999999977,3.4500000000000455,11.350000000000023,13.457142857142856,1111468.15,No Signal
229,2023-06-08T00:00:00+05:30,812.0,830.0,810.5,818.0,1857339,2.289490448355016,793.5934967294886,785.5044122064628,8.089084523025804,2.905081553066488,19.5,21.549999999999955,2.0499999999999545,21.549999999999955,13.914285714285711,1167543.25,No Signal
230,2023-06-09T00:00:00+05:30,820.0,821.65,812.0,815.6,577794,2.412521196616969,796.9791126172596,787.7337150059841,9.245397611275507,4.173144764708292,9.649999999999977,3.6499999999999773,6.0,9.649999999999977,14.071428571428564,1101991.3,No Signal
231,2023-06-12T00:00:00+05:30,817.55,826.0,814.3,824.95,931494,2.6074953531324008,801.2823260607581,790.4904768573927,10.791849203365473,5.496885652439729,11.700000000000045,10.399999999999977,1.3000000000000682,11.700000000000045,13.71071428571428,1054127.55,No Signal
232,2023-06-13T00:00:00+05:30,827.4,831.85,822.6,829.6,725398,2.81406742315897,805.63889128218,793.3874785716598,12.251412710520185,6.84779106405582,9.25,6.899999999999977,2.3500000000000227,9.25,13.757142857142851,1030172.3,No Signal
233,2023-06-14T00:00:00+05:30,830.75,831.9,822.15,828.0,346936,2.997137195374291,809.0790618541523,795.9513690478332,13.127692806319146,8.103771412508486,9.75,2.2999999999999545,7.4500000000000455,9.75,13.671428571428562,1012531.45,No Signal
234,2023-06-15T00:00:00+05:30,828.15,832.0,820.25,822.85,506666,3.0477938972340803,811.1976677227443,797.9438602294751,13.253807493269164,9.133778628660622,11.75,4.0,7.75,11.75,13.610714285714275,998038.55,No Signal
235,2023-06-16T00:00:00+05:30,824.4,841.65,824.4,839.0,1043638,3.043603554996671,815.4749496115529,800.9850557680326,14.489893843520349,10.205001671632568,17.25,18.799999999999955,1.5499999999999545,18.799999999999955,13.33214285714284,995404.65,No Signal
236,2023-06-19T00:00:00+05:30,837.95,845.7,824.0,828.15,1575207,2.9988335569714546,817.4249573636217,802.9972738592894,14.427683504332322,11.04953803817252,21.700000000000045,6.7000000000000455,15.0,21.700000000000045,13.928571428571413,1052198.55,No Signal
237,2023-06-20T00:00:00+05:30,827.0,828.8,812.25,820.0,1689813,2.923981334652165,817.8211177692184,804.2567350548976,13.5643827143208,11.552506973402176,16.549999999999955,0.6499999999999773,15.899999999999977,16.549999999999955,13.892857142857126,1099698.55,No Signal
238,2023-06-21T00:00:00+05:30,821.9,824.0,809.55,815.0,1118721,2.7015144839814367,817.3870996508771,805.0525324582385,12.334567192638588,11.708919017249459,14.450000000000045,4.0,10.450000000000045,14.450000000000045,13.985714285714275,1108114.85,No Signal
239,2023-06-22T00:00:00+05:30,817.45,827.65,811.3,815.7,792399,2.3135745003495978,817.1275458584345,805.8412337576283,11.286312100806185,11.624397633960804,16.350000000000023,12.649999999999977,3.7000000000000455,16.350000000000023,14.003571428571417,1104685.15,Sell
240,2023-06-23T00:00:00+05:30,816.8,818.7,801.9,804.4,521279,2.0152052518744688,815.1694618802138,805.7344757015077,9.43498617870614,11.186515342909871,16.800000000000068,3.0,13.800000000000068,16.800000000000068,14.089285714285714,1084513.25,Sell
241,2023-06-26T00:00:00+05:30,807.15,818.9,799.8,818.05,766527,1.8681181106124907,815.6126215909501,806.6467367606552,8.96588483029484,10.742389240386865,19.100000000000023,14.5,4.600000000000023,19.100000000000023,14.910714285714294,1054850.55,Sell
242,2023-06-27T00:00:00+05:30,819.95,823.2,811.0,817.0,577964,1.6556569433664448,815.8260644231116,807.4136451487549,8.412419274356694,10.276395247180831,12.200000000000045,5.150000000000091,7.0499999999999545,12.200000000000045,14.97142857142858,1006628.95,Sell
243,2023-06-28T00:00:00+05:30,820.0,823.4,813.5,816.35,567316,1.520676954824352,815.906669896479,808.0755973599582,7.8310725365207645,9.787330705048818,9.899999999999977,6.399999999999977,3.5,9.899999999999977,14.139285714285725,967277.9,Sell
244,2023-06-30T00:00:00+05:30,817.0,843.0,817.0,837.45,1416058,1.4994952737137845,819.2210283739438,810.2514790369984,8.96954933694542,9.623774431428139,26.0,26.649999999999977,0.6499999999999773,26.649999999999977,15.35357142857144,984818.1,Sell
245,2023-07-03T00:00:00+05:30,843.95,843.95,832.35,842.45,698453,1.4069342511325922,822.794716316414,812.6365546638874,10.158161652526587,9.730651875647828,11.600000000000023,6.5,5.100000000000023,11.600000000000023,15.34642857142858,957250.5,Buy
246,2023-07-04T00:00:00+05:30,843.0,846.8,833.0,836.45,510864,1.3412774473193512,824.8955291908119,814.4005135776736,10.495015613138321,9.883524623145927,13.799999999999955,4.349999999999909,9.450000000000045,13.799999999999955,15.671428571428578,897369.55,Buy
247,2023-07-05T00:00:00+05:30,837.0,857.7,832.5,854.0,1488397,1.4473753440203654,829.3731400845331,817.3338088682162,12.039331216316896,10.314685941780121,25.200000000000045,21.25,3.9500000000000455,25.200000000000045,16.77500000000001,935239.8,Buy
248,2023-07-06T00:00:00+05:30,859.0,859.2,849.0,856.8,750841,1.5986540924318289,833.5926569946049,820.2572304335336,13.335426561071358,10.91883406563837,10.200000000000045,5.2000000000000455,5.0,10.200000000000045,16.66428571428573,923155.2,Buy
249,2023-07-07T00:00:00+05:30,852.0,854.25,839.65,843.45,1016636,1.6594960204576643,835.1091713031273,821.975213364383,13.133957938744288,11.361858840259554,14.600000000000023,2.5499999999999545,17.149999999999977,17.149999999999977,16.546428571428585,881120.05,Buy
250,2023-07-10T00:00:00+05:30,843.2,854.8,839.5,851.5,734796,1.7119894094383117,837.6308372564923,824.1622345966509,13.468602659841395,11.783207604175923,15.299999999999955,11.349999999999909,3.9500000000000455,15.299999999999955,16.089285714285722,888970.15,Buy
251,2023-07-11T00:00:00+05:30,856.45,862.7,850.8,853.0,715646,1.8038912325145522,839.9953238324166,826.2983653672694,13.69695846514719,12.165957776370178,11.900000000000091,11.200000000000045,0.7000000000000455,11.900000000000091,15.757142857142876,878177.75,Buy
252,2023-07-12T00:00:00+05:30,855.9,861.7,851.05,854.0,714320,1.8944833873330573,842.1498893966602,828.3503383030272,13.799551093633,12.492676439822743,10.650000000000091,8.700000000000045,1.9500000000000455,10.650000000000091,15.485714285714307,877623.85,Buy
253,2023-07-13T00:00:00+05:30,855.1,860.5,850.25,860.5,917702,2.0080002790852465,844.9729833356356,830.7317947250252,14.24118861061038,12.842378873980271,10.25,6.5,3.75,10.25,15.05000000000002,906162.15,Buy
254,2023-07-14T00:00:00+05:30,865.0,869.0,855.35,866.0,715487,2.128049591419841,848.2079089763071,833.3442543750233,14.86365460128377,13.246634019440972,13.649999999999977,8.5,5.149999999999977,13.649999999999977,14.825000000000014,916603.2,No Signal
255,2023-07-17T00:00:00+05:30,869.95,871.5,862.25,867.35,891305,2.2692170799476945,851.1528460568752,835.863198495392,15.289647561483207,13.65523672784942,9.25,5.5,3.75,9.25,14.121428571428583,908986.55,No Signal
256,2023-07-18T00:00:00+05:30,865.1,875.0,863.85,870.75,855088,2.393846820531446,854.1677928173559,838.4474060142519,15.72038680310402,14.068266742900342,11.149999999999977,7.649999999999977,3.5,11.149999999999977,14.046428571428578,872980.6,No Signal
257,2023-07-19T00:00:00+05:30,871.0,872.35,853.0,855.9,1351884,2.4038541503134483,854.4342862300704,839.740190753937,14.694095476133384,14.19343248954695,19.350000000000023,1.6000000000000227,17.75,19.350000000000023,14.72142857142858,856084.15,No Signal
258,2023-07-20T00:00:00+05:30,859.05,859.05,845.25,850.45,898069,2.3105453951692234,853.8213191177518,840.5335099573491,13.28780916040273,14.012307823718107,13.799999999999955,3.1499999999999773,10.649999999999977,13.799999999999955,13.803571428571436,845051.55,No Signal
259,2023-07-21T00:00:00+05:30,850.45,855.45,844.0,852.0,472751,2.1816054338682553,853.5411161765593,841.382879590138,12.158236586421253,13.641493576258737,11.450000000000045,5.0,6.4500000000000455,11.450000000000045,13.792857142857153,829069.15,No Signal
260,2023-07-24T00:00:00+05:30,852.1,855.0,840.3,854.5,685958,1.868068017827157,853.688636764781,842.3545181390167,11.33411862576429,13.180018586159848,14.700000000000045,3.0,11.700000000000045,14.700000000000045,13.857142857142874,837303.1,No Signal
261,2023-07-25T00:00:00+05:30,858.0,869.0,854.35,868.5,876498,1.7215804805187997,855.9673080317377,844.2912204990895,11.67608753264824,12.879232375457526,14.649999999999977,14.5,0.14999999999997726,14.649999999999977,13.10357142857144,842801.65,No Signal
262,2023-07-26T00:00:00+05:30,870.0,879.95,867.1,875.25,895439,1.567791365971812,858.933876026855,846.5844634250828,12.349412601772201,12.773268420720463,12.850000000000023,11.450000000000045,1.3999999999999773,12.850000000000023,13.292857142857153,858675.4,No Signal
263,2023-07-27T00:00:00+05:30,880.0,914.25,871.0,913.05,1474582,1.8306977639164481,867.259433561185,851.5078365047063,15.751597056478658,13.368934147872103,43.25,39.0,4.25,43.25,15.157142857142869,904038.7,Buy
264,2023-07-28T00:00:00+05:30,920.95,920.95,897.55,902.0,3080748,2.065070094880893,872.6041360902335,855.247996763617,17.35613932661647,14.166375183620978,23.40000000000009,7.900000000000091,15.5,23.40000000000009,15.735714285714307,987273.2,Buy
265,2023-07-31T00:00:00+05:30,902.0,935.95,902.0,930.0,2255600,2.5345789849802896,881.4342689994284,860.7851821885343,20.649086810894005,15.462917509075584,33.950000000000045,33.950000000000045,0.0,33.950000000000045,17.310714285714305,1065130.55,Buy
266,2023-08-01T00:00:00+05:30,935.0,937.9,922.75,934.0,942459,2.893416105170168,889.5213045379778,866.2085020264207,23.31280251155715,17.0328945095719,15.149999999999977,7.899999999999977,7.25,15.149999999999977,17.632142857142867,1086710.3,Buy
267,2023-08-02T00:00:00+05:30,934.0,934.0,895.15,907.0,1722076,3.075036425086479,892.2103346090581,869.230094468908,22.98024014015016,18.222363635687554,38.85000000000002,0.0,38.85000000000002,38.85000000000002,19.67500000000001,1098394.25,Buy
268,2023-08-03T00:00:00+05:30,900.9,912.65,898.95,911.8,872859,3.166513837258399,895.2241292845877,872.3834208045444,22.840708480043304,19.146032604558705,13.699999999999932,5.649999999999977,8.049999999999955,13.699999999999932,19.678571428571438,1104495.15,Buy
269,2023-08-04T00:00:00+05:30,911.0,919.1,904.45,914.35,708812,3.172876878981283,898.1665709331127,875.492056300504,22.674514632608634,19.851729010168693,14.649999999999977,7.300000000000068,7.349999999999909,14.649999999999977,20.06428571428572,1089103.95,Buy
270,2023-08-07T00:00:00+05:30,913.0,927.45,907.0,908.0,460836,3.180838855199951,899.6794061741723,877.9000521300964,21.779354044075944,20.237254016950146,20.450000000000045,13.100000000000023,7.350000000000023,20.450000000000045,20.72857142857144,1075405.95,Buy
271,2023-08-08T00:00:00+05:30,910.2,912.9,899.5,903.25,324249,3.140784161989524,900.2287283012228,879.7778260463855,20.450902254837274,20.279983664527574,13.399999999999977,4.899999999999977,8.5,13.399999999999977,20.303571428571438,1055836.1,Buy
272,2023-08-09T00:00:00+05:30,905.75,975.0,887.25,974.4,6266567,3.461425817896497,911.6396931779577,886.7868759688755,24.852817209082218,21.194550373438503,87.75,71.75,16.0,87.75,25.585714285714296,1333448.45,Buy
273,2023-08-10T00:00:00+05:30,976.0,976.3,946.55,951.95,2333903,3.7326579010025993,917.8412788428873,891.6137740452551,26.22750479763215,22.201141258277232,29.75,1.8999999999999773,27.850000000000023,29.75,26.89285714285715,1404258.5,Buy
274,2023-08-11T00:00:00+05:30,950.0,983.5,947.45,968.45,1974727,3.9576069732749235,925.6272359439815,897.3053463381992,28.321889605782303,23.42529092777825,36.049999999999955,31.549999999999955,4.5,36.049999999999955,28.417857142857144,1467220.5,Buy
275,2023-08-14T00:00:00+05:30,969.5,969.5,948.1,949.0,797605,4.103026148588097,929.2230457987536,901.134579942777,28.08846585597655,24.357925913417912,21.399999999999977,1.0499999999999545,20.350000000000023,21.399999999999977,28.900000000000002,1462535.5,Buy
276,2023-08-16T00:00:00+05:30,952.0,967.85,935.85,962.4,1434051,4.167061080648503,934.3271925989453,905.672759206275,28.654433392670285,25.21722740926839,32.0,18.850000000000023,13.149999999999977,32.0,30.267857142857142,1491483.65,Buy
277,2023-08-17T00:00:00+05:30,966.8,972.3,953.55,953.8,870466,4.110498175376406,937.3230091221845,909.2377400058102,28.08526911637432,25.790835750689578,18.75,9.899999999999977,8.850000000000023,18.75,28.517857142857142,1467412.75,Buy
278,2023-08-18T00:00:00+05:30,956.8,974.05,950.55,968.45,1560781,3.9202206053899875,942.1117769495407,913.6238333387132,28.48794361082753,26.33025732271717,23.5,20.25,3.25,23.5,28.524999999999995,1500548.35,Buy
279,2023-08-21T00:00:00+05:30,974.95,991.3,967.3,979.75,2813734,3.738359683913597,947.9022728034575,918.522067906216,29.380204897241583,26.940246837622055,24.0,22.84999999999991,1.150000000000091,24.0,27.814285714285706,1617597.5,Buy
280,2023-08-22T00:00:00+05:30,990.05,1011.1,983.05,1006.0,2848075,3.6401096421916366,956.8403846798487,925.0019147279778,31.838469951870934,27.91989146047183,28.050000000000068,31.350000000000023,3.2999999999999545,31.350000000000023,28.971428571428564,1725703.35,Buy
281,2023-08-23T00:00:00+05:30,1011.8,1043.45,1010.85,1033.1,3248598,3.8225978311127227,968.5726331906412,933.0091803036831,35.56345288695809,29.448603745769084,32.60000000000002,37.450000000000045,4.850000000000023,37.450000000000045,28.871428571428567,1844308.35,Buy
282,2023-08-24T00:00:00+05:30,1038.0,1052.1,1027.0,1041.6,1856609,4.038076877821423,979.8076126997734,941.0529447256325,38.75466797414083,31.309816591443436,25.09999999999991,19.0,6.099999999999909,25.09999999999991,29.68571428571428,1892366.85,Buy
283,2023-08-25T00:00:00+05:30,1042.0,1048.0,1020.0,1021.0,1415845,4.297094488367225,986.1449030536544,946.9749488200301,39.16995423362425,32.8818441198796,28.0,6.400000000000091,21.59999999999991,28.0,30.63928571428571,1889430.0,Buy
284,2023-08-28T00:00:00+05:30,1025.0,1056.8,1023.05,1050.4,1881940,4.447287275344613,996.0303025838614,954.6360637222501,41.39423886161126,34.584323068225935,33.75,35.799999999999955,2.0499999999999545,35.799999999999955,31.735714285714273,1829489.6,Buy
285,2023-08-29T00:00:00+05:30,1056.0,1075.95,1053.6,1071.0,1738888,4.833707890674059,1007.5641021863443,963.255614557639,44.30848762870528,36.529155980321804,22.350000000000136,25.549999999999955,3.199999999999818,25.549999999999955,32.60357142857141,1803654.0,Buy
286,2023-08-30T00:00:00+05:30,1073.0,1080.7,1054.3,1062.3,1940114,5.164880414404744,1015.9850095422913,970.5922357015176,45.39277384077377,38.301879552412196,26.40000000000009,9.700000000000045,16.700000000000045,26.40000000000009,28.221428571428564,1853536.75,Buy
287,2023-08-31T00:00:00+05:30,1060.0,1080.7,1058.0,1072.0,1756433,5.241784429938503,1024.6027003819388,978.1039219458496,46.4987784360892,39.9412593291476,22.700000000000045,18.40000000000009,4.2999999999999545,22.700000000000045,27.717857142857138,1855254.6,Buy
288,2023-09-01T00:00:00+05:30,1072.95,1080.1,1055.95,1078.8,890014,5.294668679502353,1032.9407464770252,985.5628906906014,47.377855786423765,41.428578620602835,24.149999999999864,8.099999999999909,16.049999999999955,24.149999999999864,26.867857142857133,1856112.35,No Signal
289,2023-09-04T00:00:00+05:30,1085.0,1096.0,1078.55,1085.25,1903517,5.292538748999465,1040.9883239420983,992.9471210098161,48.041202932282204,42.75110348293871,17.450000000000045,17.200000000000045,0.25,17.450000000000045,26.585714285714282,1915847.6,No Signal
290,2023-09-05T00:00:00+05:30,1085.0,1099.45,1075.0,1097.4,629423,5.169014073579483,1049.6670433356217,1000.6843713053853,48.98267203023636,43.99741719239824,24.450000000000045,14.200000000000045,10.25,24.450000000000045,26.04642857142857,1924276.95,No Signal
291,2023-09-06T00:00:00+05:30,1101.0,1110.0,1091.55,1099.0,889082,4.902400938954462,1057.2567289762953,1007.9670104679493,49.28971850834603,45.0558774555878,18.450000000000045,12.599999999999909,5.850000000000136,18.450000000000045,26.025000000000002,1952518.6,No Signal
292,2023-09-07T00:00:00+05:30,1105.0,1111.9,1094.05,1106.35,746876,5.050266538596611,1064.8095399030192,1015.2546393221753,49.55490058084388,45.955682080639015,17.850000000000136,12.900000000000091,4.9500000000000455,17.850000000000136,25.621428571428584,1676534.05,No Signal
293,2023-09-08T00:00:00+05:30,1106.95,1110.0,1094.2,1105.4,669736,5.014417030157319,1071.0542260717855,1021.9320734464586,49.12215262532686,46.588976189576584,15.799999999999955,3.650000000000091,12.149999999999864,15.799999999999955,25.035714285714295,1593325.7,No Signal
294,2023-09-11T00:00:00+05:30,1107.1,1117.7,1100.0,1115.2,879928,5.0025314892295345,1077.845883599203,1028.840808746721,49.00507485248204,47.072195922157675,17.700000000000045,12.299999999999955,5.400000000000091,17.700000000000045,24.060714285714294,1538585.75,No Signal
295,2023-09-12T00:00:00+05:30,1117.0,1120.0,1071.3,1074.65,1093620,4.798929257281945,1077.3542091993256,1032.2340821728899,45.12012702643574,46.68178214301329,48.700000000000045,4.7999999999999545,43.90000000000009,48.700000000000045,24.864285714285725,1553386.5,No Signal
296,2023-09-13T00:00:00+05:30,1079.75,1083.9,1064.05,1081.1,1051830,4.4164219806995035,1077.9304847071216,1035.853779789713,42.07670491740873,45.76076669789238,19.850000000000136,9.25,10.600000000000136,19.850000000000136,24.48928571428574,1534275.45,No Signal
297,2023-09-14T00:00:00+05:30,1100.0,1118.35,1091.0,1108.2,1338948,3.854694595339757,1082.5873332137182,1041.212759064549,41.37457414916935,44.88352818814778,27.34999999999991,37.25,9.900000000000091,37.25,25.150000000000027,1557699.55,No Signal
298,2023-09-15T00:00:00+05:30,1130.0,1148.05,1110.2,1134.4,2341714,3.4736926719361074,1090.5585127193,1048.11551765236,42.44299506694006,44.39542156390623,37.84999999999991,39.84999999999991,2.0,39.84999999999991,25.439285714285738,1596746.2,No Signal
299,2023-09-18T00:00:00+05:30,1145.0,1145.0,1117.95,1121.55,824581,3.0809036755408,1095.3264338394079,1053.5551089373705,41.77132490203735,43.87060223153246,27.049999999999955,10.599999999999909,16.450000000000045,27.049999999999955,25.546428571428596,1497288.55,No Signal
300,2023-09-20T00:00:00+05:30,1119.9,1135.75,1108.65,1128.25,967266,2.819127654129537,1100.3915978641144,1059.0880638308986,41.30353403321578,43.357188591869125,27.09999999999991,14.200000000000045,12.899999999999864,27.09999999999991,25.596428571428582,1403248.1,No Signal
301,2023-09-21T00:00:00+05:30,1127.65,1143.35,1092.0,1098.8,1276809,2.689109692390106,1100.1467366542506,1062.0296887323134,38.11704792193723,42.30916045788275,51.34999999999991,15.099999999999909,36.25,51.34999999999991,27.642857142857142,1304658.65,Sell
302,2023-09-22T00:00:00+05:30,1101.0,1113.95,1087.55,1090.95,860021,2.5198636865319846,1098.7318540920583,1064.1719340114014,34.559920080656866,40.75931238243757,26.40000000000009,15.150000000000091,11.25,26.40000000000009,27.803571428571445,1254829.25,Sell
303,2023-09-25T00:00:00+05:30,1090.95,1110.0,1076.7,1106.25,1424185,2.0193256646655544,1099.8884919240493,1067.2888277883346,32.59966413571465,39.127382733092986,33.299999999999955,19.049999999999955,14.25,33.299999999999955,28.935714285714294,1255246.25,Sell
304,2023-09-26T00:00:00+05:30,1106.2,1115.7,1085.25,1087.3,1029816,1.8309897021417658,1097.9518008588109,1068.7711368410505,29.180664017760364,37.138038990026466,30.450000000000045,9.450000000000045,21.0,30.450000000000045,29.364285714285725,1212640.05,Sell
305,2023-09-27T00:00:00+05:30,1087.3,1094.7,1080.25,1089.7,808201,1.7513291244509799,1096.6822930343785,1070.3214230009728,26.360870033405718,34.982605198702316,14.450000000000045,7.400000000000091,7.0499999999999545,14.450000000000045,29.07857142857144,1166105.7,Sell
306,2023-09-28T00:00:00+05:30,1092.25,1096.85,1076.85,1083.65,1353886,1.6213466304508408,1094.6773248752434,1071.3087250009007,23.368599874342635,32.659804133830384,20.0,7.149999999999864,12.850000000000136,20.0,29.232142857142858,1136794.3,Sell
307,2023-09-29T00:00:00+05:30,1094.8,1100.95,1081.3,1091.6,907502,1.5159163366113653,1094.203890279052,1072.8117824082415,21.392107870810605,30.40626488122643,19.65000000000009,17.299999999999955,2.3500000000001364,19.65000000000009,29.507142857142867,1094347.75,Sell
308,2023-10-03T00:00:00+05:30,1090.95,1090.95,1073.0,1083.7,545460,1.5007663248728138,1092.5879071591978,1073.618317044668,18.969590114529865,28.11892992788712,17.950000000000045,0.6499999999998636,18.59999999999991,18.59999999999991,29.571428571428573,1077120.05,Sell
309,2023-10-04T00:00:00+05:30,1080.8,1080.9,1051.8,1060.9,788586,1.7136483372527964,1087.7128445193212,1072.6762194858036,15.036625033517566,25.50246894901321,29.100000000000136,2.7999999999999545,31.90000000000009,31.90000000000009,28.371428571428574,1021373.5,Sell
310,2023-10-05T00:00:00+05:30,1070.0,1077.05,1062.7,1069.85,464238,1.799983335745487,1084.9647145932718,1072.4668698942626,12.497844699009192,22.90154409901241,14.349999999999909,16.149999999999864,1.7999999999999545,16.149999999999864,28.10714285714284,1013114.25,Sell
311,2023-10-06T00:00:00+05:30,1072.0,1094.7,1072.0,1091.9,993174,1.7657877011552254,1086.0316815789222,1073.9063610132062,12.125320565716038,20.746299392353134,22.700000000000045,24.850000000000136,2.150000000000091,24.850000000000136,27.221428571428564,1018318.85,Sell
312,2023-10-09T00:00:00+05:30,1089.95,1089.95,1073.65,1084.35,493176,1.7813193173245156,1085.7729613360111,1074.6799639011167,11.092997434894414,18.815639000861392,16.299999999999955,1.9500000000000455,18.25,18.25,25.678571428571427,1005633.85,No Signal
313,2023-10-10T00:00:00+05:30,1094.0,1115.9,1087.6,1109.35,1268718,1.752674988892638,1089.400198053548,1077.248114723256,12.152083330291816,17.482927866747477,28.300000000000182,31.550000000000182,3.25,31.550000000000182,26.000000000000018,1035582.95,No Signal
314,2023-10-11T00:00:00+05:30,1117.95,1121.9,1112.45,1114.35,660234,1.7408391386994178,1093.2386291222329,1079.9964025215334,13.242226600699496,16.63478761353788,9.450000000000045,12.550000000000182,3.1000000000001364,12.550000000000182,24.96071428571432,1024598.25,No Signal
315,2023-10-12T00:00:00+05:30,1118.0,1122.75,1110.0,1117.65,648613,1.73083849155771,1096.9942246418893,1082.7855578903086,14.208666751580722,16.14956344114645,12.75,8.400000000000091,4.349999999999909,12.75,22.203571428571472,1002347.9,No Signal
316,2023-10-13T00:00:00+05:30,1111.05,1127.0,1111.05,1117.9,441654,1.7384042548382945,1100.2104977739064,1085.3866276762117,14.82387009769468,15.884424772456098,15.950000000000045,9.349999999999909,6.600000000000136,15.950000000000045,21.457142857142895,971839.1,No Signal
317,2023-10-16T00:00:00+05:30,1119.5,1127.0,1112.0,1122.35,575772,1.7832901404523391,1103.6165750394591,1088.1246552557516,15.491919783707544,15.805923774706388,15.0,9.099999999999909,5.900000000000091,15.0,20.15000000000004,933680.3,No Signal
318,2023-10-17T00:00:00+05:30,1124.05,1128.8,1118.3,1121.2,261269,1.696570678177739,1106.3217173410808,1090.5746807923626,15.747036548718143,15.79414632950874,10.5,6.4500000000000455,4.0499999999999545,10.5,18.72500000000004,829658.05,No Signal
319,2023-10-18T00:00:00+05:30,1124.0,1125.85,1103.45,1106.1,366909,1.662213340403823,1106.2876069809145,1091.7247044373728,14.562902543541668,15.547897572315327,22.399999999999864,4.649999999999864,17.75,22.399999999999864,19.29285714285717,806774.45,No Signal
320,2023-10-19T00:00:00+05:30,1100.1,1102.0,1084.05,1094.75,830150,1.5563965387484906,1104.5125905223122,1091.9488004049747,12.563790117337476,14.951076081319757,17.950000000000045,4.099999999999909,22.049999999999955,22.049999999999955,19.439285714285738,799918.65,No Signal
321,2023-10-20T00:00:00+05:30,1090.0,1095.0,1065.05,1071.05,747206,1.6804397449045594,1099.3644996727257,1090.4007411157172,8.963758557008532,13.753612576457513,29.950000000000045,0.25,29.700000000000045,29.950000000000045,20.17500000000002,773438.5,No Signal
322,2023-10-23T00:00:00+05:30,1071.8,1085.15,1051.2,1056.45,1581681,1.8951606365134215,1092.7622689538448,1087.8858714034418,4.876397550402999,11.97816957124661,33.950000000000045,14.100000000000136,19.84999999999991,33.950000000000045,21.2714285714286,809521.5,No Signal
323,2023-10-25T00:00:00+05:30,1049.0,1062.15,1011.2,1028.75,2363189,2.383768618574396,1082.9142275763302,1083.5054364846683,-0.5912089083381034,9.464293875329668,50.950000000000045,5.7000000000000455,45.25,50.950000000000045,22.632142857142885,856471.7,No Signal
324,2023-10-26T00:00:00+05:30,1016.15,1022.9,1008.9,1019.45,1236865,2.8629809026821778,1073.1505002568947,1078.7605893376558,-5.6100890807610995,6.449417284111515,14.0,5.850000000000023,19.850000000000023,19.850000000000023,22.896428571428608,866824.15,No Signal
325,2023-10-27T00:00:00+05:30,1025.0,1037.55,1022.65,1025.0,615619,3.147871815383653,1065.7427309866032,1074.7783234607923,-9.035592474189116,3.3524153324513892,14.899999999999977,18.09999999999991,3.199999999999932,18.09999999999991,22.414285714285736,857195.05,No Signal
326,2023-10-30T00:00:00+05:30,1025.0,1034.0,1002.3,1028.35,1536810,3.359034193282829,1059.9900031425104,1071.3391883896224,-11.349185247112018,0.4120952165387077,31.700000000000045,9.0,22.700000000000045,31.700000000000045,23.375000000000025,866341.25,No Signal
327,2023-10-31T00:00:00+05:30,1028.55,1039.3,1015.0,1023.5,692212,3.5862760001524037,1054.3761565052012,1067.795544805206,-13.419388300004812,-2.3542014867699965,24.299999999999955,10.950000000000045,13.349999999999909,24.299999999999955,22.857142857142865,855576.75,No Signal
328,2023-11-01T00:00:00+05:30,1024.0,1032.25,1017.45,1027.25,595750,3.7309093159722986,1050.2029016582471,1064.7921711159315,-14.589269457684395,-4.801215080952876,14.799999999999955,8.75,6.0499999999999545,14.799999999999955,23.017857142857135,858091.25,Sell
329,2023-11-02T00:00:00+05:30,1035.0,1040.0,1024.1,1031.95,468806,3.8179188086176254,1047.3947629415936,1062.3594176999366,-14.964654758342931,-6.833903016430888,15.900000000000091,12.75,3.150000000000091,15.900000000000091,23.24285714285714,842102.25,Sell
330,2023-11-03T00:00:00+05:30,1034.45,1043.0,1027.25,1030.85,438050,3.9303792140551055,1044.849414796733,1060.0253867592005,-15.175971962467429,-8.502316805638197,15.75,11.049999999999955,4.7000000000000455,15.75,23.228571428571424,840792.85,Sell
331,2023-11-06T00:00:00+05:30,1041.8,1083.8,1032.5,1075.7,3643475,3.740830637176409,1049.5956586741588,1061.186469221482,-11.590810547323144,-9.120015553975186,51.299999999999955,52.950000000000045,1.650000000000091,52.950000000000045,25.939285714285713,973307.9,Sell
332,2023-11-07T00:00:00+05:30,1073.5,1073.95,1015.0,1054.8,5358480,3.8149567193819185,1050.3963265704422,1060.713397427298,-10.317070856855935,-9.359426614551337,58.950000000000045,1.75,60.700000000000045,60.700000000000045,29.525000000000002,1216573.1,Sell
333,2023-11-08T00:00:00+05:30,1063.0,1064.0,1027.3,1034.0,1848097,3.8464360168375338,1047.8738147903741,1058.7346272474983,-10.860812457124212,-9.659703783065913,36.700000000000045,9.200000000000045,27.5,36.700000000000045,30.546428571428585,1245542.05,Sell
334,2023-11-09T00:00:00+05:30,1035.0,1046.05,1029.1,1032.9,1185106,3.738377294916552,1045.5701509764704,1056.820951155091,-11.250800178620693,-9.97792306217687,16.950000000000045,12.049999999999955,4.900000000000091,16.950000000000045,30.18214285714288,1271785.65,Sell
335,2023-11-10T00:00:00+05:30,1032.0,1043.0,1018.0,1040.5,1066829,3.503048941420013,1044.790127749321,1055.6119918102695,-10.821864060948428,-10.146711261931182,25.0,10.099999999999909,14.900000000000091,25.0,29.828571428571447,1292696.45,Sell
336,2023-11-12T00:00:00+05:30,1050.0,1050.0,1041.2,1045.65,73797,3.211167324493996,1044.922415787887,1054.8740664909903,-9.951650703103269,-10.107699150165601,8.799999999999955,9.5,0.7000000000000455,9.5,28.082142857142873,1274303.6,Buy
337,2023-11-13T00:00:00+05:30,1044.0,1044.5,1028.1,1031.2,1398118,2.8808670740725666,1042.811274897443,1053.1204319361022,-10.30915703865935,-10.147990727864352,16.40000000000009,1.150000000000091,17.550000000000182,17.550000000000182,25.696428571428594,1315420.9,Sell
338,2023-11-15T00:00:00+05:30,1041.0,1064.0,1036.75,1061.8,1213644,2.320963094291188,1045.7326172209132,1053.7633629037985,-8.030745682885254,-9.724541718868533,27.25,32.799999999999955,5.5499999999999545,32.799999999999955,26.62142857142859,1363039.65,Buy
339,2023-11-16T00:00:00+05:30,1061.8,1063.9,1049.1,1057.25,614110,1.9328734020000131,1047.5045222638496,1054.021632318332,-6.517110054482373,-9.083055385991301,14.800000000000182,2.1000000000001364,12.700000000000045,14.800000000000182,26.385714285714325,1375399.7,Buy
340,2023-11-17T00:00:00+05:30,1059.0,1070.0,1054.4,1060.9,595745,1.612047949124384,1049.5653649924882,1054.5311410354925,-4.965776043004325,-8.259599517393907,15.599999999999909,12.75,2.849999999999909,15.599999999999909,25.235714285714316,1363679.45,Buy
341,2023-11-20T00:00:00+05:30,1061.0,1070.0,1056.3,1067.25,974108,1.5721686061890967,1052.2860780705669,1055.4732787365672,-3.187200666000308,-7.245119747115187,13.700000000000045,9.099999999999909,4.600000000000136,13.700000000000045,24.478571428571463,1375024.55,No Signal
342,2023-11-21T00:00:00+05:30,1072.45,1081.0,1067.5,1077.75,950378,1.7041953591239727,1056.203604521249,1057.1234062375622,-0.919801716313259,-5.980056140954802,13.5,13.75,0.25,13.75,24.403571428571468,1343459.4,No Signal
343,2023-11-22T00:00:00+05:30,1081.0,1098.35,1070.95,1096.75,909485,1.9733485516409144,1062.44151151798,1060.0587094792243,2.382802038755699,-4.3074845050127015,27.399999999999864,20.59999999999991,6.7999999999999545,27.399999999999864,25.225000000000023,1270774.2,No Signal
344,2023-11-23T00:00:00+05:30,1098.95,1107.0,1088.65,1094.35,1142761,2.1204473616167654,1067.3505097459831,1062.5988050733558,4.751704672627284,-2.495646669484705,18.34999999999991,10.25,8.099999999999909,18.34999999999991,25.410714285714302,1266069.0,No Signal
345,2023-11-24T00:00:00+05:30,1096.0,1120.9,1093.5,1115.55,1312834,2.3906822005534187,1074.7658159389089,1066.521115808663,8.244700130245974,-0.3475773095385691,27.40000000000009,26.550000000000182,0.849999999999909,27.40000000000009,23.585714285714307,1300929.75,No Signal
346,2023-11-28T00:00:00+05:30,1121.45,1122.0,1088.45,1097.1,1267193,2.511107248179998,1078.2018442559997,1068.7862183413545,9.415625914645261,1.6050633352981971,33.549999999999955,6.4500000000000455,27.09999999999991,33.549999999999955,21.646428571428583,1287448.9,No Signal
347,2023-11-29T00:00:00+05:30,1103.95,1117.85,1100.15,1114.7,492071,2.607898477396298,1083.816945139692,1072.187239204958,11.629705934734147,3.6099918551853873,17.699999999999818,20.75,3.050000000000182,20.75,20.507142857142867,1277441.85,No Signal
348,2023-11-30T00:00:00+05:30,1114.7,1128.35,1110.95,1120.25,1157006,2.727111795619358,1089.4220305028164,1075.7474437082944,13.674586794521929,5.622910843052696,17.399999999999864,13.649999999999864,3.75,17.399999999999864,20.53928571428571,1305504.65,No Signal
349,2023-12-01T00:00:00+05:30,1130.0,1163.45,1124.6,1156.5,2714425,3.0554538238528064,1099.7417181177677,1081.729114544717,18.012603573050683,8.100849389052295,38.850000000000136,43.200000000000045,4.349999999999909,43.200000000000045,21.839285714285715,1417785.6,No Signal
350,2023-12-04T00:00:00+05:30,1172.0,1175.8,1155.05,1157.2,1606671,3.3272241602204518,1108.5814537919573,1087.3195505043677,21.261903287589575,10.733060168759751,20.75,19.299999999999955,1.4500000000000455,20.75,22.642857142857142,1476216.65,No Signal
351,2023-12-05T00:00:00+05:30,1164.0,1185.95,1158.3,1170.5,1129629,3.716937252019234,1118.10738397781,1093.4810652818219,24.626318695988175,13.511711874205437,27.65000000000009,28.75,1.099999999999909,28.75,23.44285714285713,1350524.35,No Signal
352,2023-12-06T00:00:00+05:30,1174.9,1179.65,1163.7,1169.1,520319,4.00339806664753,1125.9524018273778,1099.0824678535387,26.869933973839125,16.183356294132174,15.950000000000045,9.150000000000091,6.7999999999999545,15.950000000000045,22.239285714285707,1108616.3,No Signal
353,2023-12-07T00:00:00+05:30,1172.85,1177.85,1160.75,1164.35,573632,4.0927907951773514,1131.859724623166,1103.9170998643876,27.942624758778265,18.535209987061393,17.09999999999991,8.75,8.349999999999909,17.09999999999991,22.403571428571404,1044893.05,No Signal
354,2023-12-08T00:00:00+05:30,1166.45,1180.25,1164.2,1177.15,756528,4.113286760138809,1138.827459296525,1109.3417591336922,29.4857001628327,20.725308022215653,16.049999999999955,15.900000000000091,0.14999999999986358,16.049999999999955,22.435714285714262,1023464.15,No Signal
355,2023-12-11T00:00:00+05:30,1181.7,1200.5,1175.05,1193.3,1031436,4.184925732161412,1147.2078501739827,1115.5608880867521,31.646962087230577,22.90963883521864,25.450000000000045,23.34999999999991,2.1000000000001364,25.450000000000045,23.274999999999977,1021694.5,No Signal
356,2023-12-12T00:00:00+05:30,1200.0,1210.9,1180.3,1186.8,874194,4.223688388384305,1153.2989501472161,1120.8378593395853,32.46109080763085,24.819929229701085,30.600000000000136,17.600000000000136,13.0,30.600000000000136,24.478571428571417,1061714.35,Buy
357,2023-12-13T00:00:00+05:30,1192.8,1198.75,1174.25,1193.85,675591,4.052749005970181,1159.5375732014907,1126.2461660551717,33.29140714631899,26.51422481302467,24.5,11.950000000000045,12.549999999999955,24.5,24.27142857142857,1025588.0,Buy
358,2023-12-14T00:00:00+05:30,1198.5,1206.0,1188.25,1201.1,593147,4.045250301470324,1165.9317927089537,1131.7908944955293,34.14089821342441,28.03955949310462,17.75,12.150000000000091,5.599999999999909,17.75,24.22857142857143,994563.15,Buy
359,2023-12-15T00:00:00+05:30,1202.65,1205.0,1188.0,1196.7,486937,3.930615529248632,1170.6653630614223,1136.5989763847494,34.06638667667289,29.244924929818275,17.0,3.900000000000091,13.099999999999909,17.0,23.485714285714284,988204.5,Buy
360,2023-12-18T00:00:00+05:30,1197.6,1215.7,1181.0,1206.8,1027677,3.7550291915137577,1176.2245379750498,1141.7990522081013,34.42548576694844,30.281037097244308,34.700000000000045,19.0,15.700000000000045,34.700000000000045,23.567857142857147,1009801.1,Buy
361,2023-12-19T00:00:00+05:30,1206.8,1230.0,1197.55,1220.9,751405,3.5985790029701987,1183.0976859788882,1147.658381674168,35.43930430472028,31.312690538739503,32.450000000000045,23.200000000000045,9.25,32.450000000000045,24.403571428571436,998665.95,Buy
362,2023-12-20T00:00:00+05:30,1227.0,1227.0,1149.55,1176.15,1218390,3.410190024999375,1182.0288112129053,1149.768871920526,32.259939292379386,31.50214028946748,77.45000000000005,6.099999999999909,71.35000000000014,77.45000000000005,28.69285714285716,1012066.55,Buy
363,2023-12-21T00:00:00+05:30,1164.95,1187.5,1153.05,1183.95,717489,3.1650258432364096,1182.3243787186123,1152.3008073338203,30.02357138479192,31.20642650853237,34.450000000000045,11.349999999999909,23.100000000000136,34.450000000000045,28.06785714285716,1002466.75,Sell
364,2023-12-22T00:00:00+05:30,1188.0,1203.9,1183.15,1201.75,517014,2.863613959491195,1185.3129358388258,1155.963710494278,29.349225344547676,30.83498627573543,20.75,19.950000000000045,0.7999999999999545,20.75,28.06785714285716,971179.4,Sell
365,2023-12-26T00:00:00+05:30,1205.05,1230.0,1202.05,1226.95,768606,2.7808125253621774,1191.718638017468,1161.2219541613686,30.49668385609948,30.767325791808243,27.950000000000045,28.25,0.2999999999999545,28.25,28.032142857142876,943968.0,Sell
366,2023-12-27T00:00:00+05:30,1230.0,1238.5,1204.4,1218.6,878725,2.456741314403685,1195.8542321686268,1165.472179779045,30.38205238958176,30.690271111362946,34.09999999999991,11.549999999999955,22.549999999999955,34.09999999999991,29.32857142857144,924544.6,Sell
367,2023-12-28T00:00:00+05:30,1223.55,1249.9,1222.8,1245.65,1803621,2.3105066002049948,1203.5151195272997,1171.4112775731899,32.10384195410984,30.972985279912326,27.100000000000136,31.300000000000182,4.2000000000000455,31.300000000000182,30.342857142857174,990122.1,Buy
368,2023-12-29T00:00:00+05:30,1245.0,1247.0,1228.9,1238.35,603888,2.1038869326986815,1208.874331907715,1176.3697014566574,32.504630451057665,31.279314314141395,18.09999999999991,1.349999999999909,16.75,18.09999999999991,30.48928571428574,962466.2,Buy
369,2024-01-01T00:00:00+05:30,1242.0,1258.0,1233.95,1247.5,609955,2.167173133844662,1214.8167423834511,1181.638612459868,33.17812992358313,31.659077436029744,24.049999999999955,19.65000000000009,4.399999999999864,24.049999999999955,30.389285714285734,857242.7,Buy
370,2024-01-02T00:00:00+05:30,1255.6,1259.0,1225.55,1241.4,703395,2.1560918897253933,1218.9064743244587,1186.0653819072852,32.84109241717351,31.8954804322585,33.450000000000045,11.5,21.950000000000045,33.450000000000045,30.592857142857156,812078.9,Buy
371,2024-01-03T00:00:00+05:30,1242.0,1244.25,1215.75,1235.95,565828,2.1504081241757587,1221.528555197619,1189.7605388030418,31.768016394577216,31.869987624722242,28.5,2.849999999999909,25.65000000000009,28.5,30.87857142857144,783888.85,Sell
372,2024-01-04T00:00:00+05:30,1229.05,1265.1,1219.3,1260.8,872939,2.1974762309887326,1227.5703159364468,1195.0227211139274,32.547594822519386,32.005509064281675,45.799999999999955,29.149999999999864,16.65000000000009,45.799999999999955,32.88214285714287,801519.85,Buy
373,2024-01-05T00:00:00+05:30,1268.0,1270.0,1251.0,1267.05,671381,2.2207457851217525,1233.6441134846857,1200.3580751054883,33.28603837919741,32.26161492726482,19.0,9.200000000000045,9.799999999999955,19.0,33.02500000000001,806407.3,Buy
374,2024-01-08T00:00:00+05:30,1272.0,1276.35,1248.6,1256.05,1003414,2.2235951285827285,1237.0911729485802,1204.4834028754522,32.607770073127995,32.33084595643746,27.75,9.299999999999955,18.450000000000045,27.75,32.52857142857143,818751.6,Buy
375,2024-01-09T00:00:00+05:30,1267.0,1290.0,1262.0,1273.95,1187562,2.3269495930871664,1242.7617617257217,1209.6290767365297,33.13268498919206,32.49121376298838,28.0,33.950000000000045,5.9500000000000455,33.950000000000045,32.63571428571429,826557.9,Buy
376,2024-01-10T00:00:00+05:30,1279.55,1287.0,1255.5,1283.85,731879,2.4253388144297165,1249.0830291525338,1215.126922904194,33.956106248339665,32.78419226005864,31.5,13.049999999999955,18.450000000000045,31.5,29.35357142857143,819442.15,Buy
377,2024-01-11T00:00:00+05:30,1285.0,1299.0,1270.3,1274.7,430781,2.4788125513186015,1253.0241015906056,1219.5397434298093,33.48435816079632,32.92422544020618,28.700000000000045,15.150000000000091,13.549999999999955,28.700000000000045,28.942857142857147,807201.65,No Signal
378,2024-01-12T00:00:00+05:30,1272.0,1275.0,1234.25,1253.2,1262925,2.4719662139732477,1253.0511628843585,1222.0330957683418,31.01806711601671,32.54299377536829,40.75,0.2999999999999545,40.450000000000045,40.75,30.371428571428574,840690.55,Sell
379,2024-01-15T00:00:00+05:30,1260.0,1264.7,1248.15,1257.4,430152,2.3804504672973104,1253.7202147483033,1224.6528664521684,29.067348296134924,31.847864679521617,16.549999999999955,11.5,5.0499999999999545,16.549999999999955,29.535714285714285,837851.3,No Signal
380,2024-01-16T00:00:00+05:30,1256.6,1259.05,1221.5,1225.65,568277,2.3796752272675423,1249.4017201716413,1224.7267281964523,24.67499197518896,30.413290138655086,37.549999999999955,1.6499999999998636,35.90000000000009,37.549999999999955,29.782142857142862,814881.3,No Signal
381,2024-01-17T00:00:00+05:30,1225.6,1233.45,1203.25,1206.0,822748,2.4750119458432427,1242.7245324529272,1223.3395631448632,19.384969308064,28.20762597253687,30.200000000000045,7.7999999999999545,22.40000000000009,30.200000000000045,29.703571428571422,818448.45,No Signal
382,2024-01-18T00:00:00+05:30,1200.0,1237.5,1186.9,1222.85,1184472,2.15163399815096,1239.6669120755537,1223.3032992082067,16.363612867347,25.8388233514989,50.59999999999991,31.5,19.09999999999991,50.59999999999991,32.02499999999999,816752.55,Sell
383,2024-01-19T00:00:00+05:30,1225.0,1241.4,1221.3,1233.85,409600,1.8422849744929057,1238.7720025254685,1224.084536303895,14.687466221573459,23.60855192551381,20.100000000000136,18.550000000000182,1.5499999999999545,20.100000000000136,31.74285714285715,801358.1,Sell
384,2024-01-20T00:00:00+05:30,1238.0,1244.1,1221.45,1223.95,151211,1.7208134013779603,1236.4916944446272,1224.0745706517546,12.417123792872644,21.37026629898558,22.649999999999864,10.25,12.399999999999864,22.649999999999864,30.971428571428564,783067.95,Sell
385,2024-01-23T00:00:00+05:30,1223.95,1232.0,1189.05,1193.45,522523,1.9868381720751207,1229.8698952993,1221.8060839368097,8.063811362490242,18.708975311686512,42.950000000000045,8.049999999999955,34.90000000000009,42.950000000000045,32.003571428571426,770763.8,Sell
386,2024-01-24T00:00:00+05:30,1193.45,1225.0,1180.0,1215.8,495413,1.9634279472771312,1227.7052960224846,1221.3611888303794,6.344107192105184,16.236001687770248,45.0,31.549999999999955,13.450000000000045,45.0,31.946428571428573,751598.2,Sell
387,2024-01-25T00:00:00+05:30,1226.0,1226.0,1192.05,1200.25,792922,2.139800511753417,1223.4814043267177,1219.7973970651663,3.6840072615514146,13.725602802526481,33.950000000000045,10.200000000000045,23.75,33.950000000000045,33.01428571428572,701063.25,Sell
388,2024-01-29T00:00:00+05:30,1201.1,1250.0,1200.45,1243.65,1842394,2.0653609010063847,1226.5842651995304,1221.5642565418207,5.020008657709695,11.984483973563124,49.549999999999955,49.75,0.20000000000004547,49.75,34.58571428571429,762988.55,Sell
389,2024-01-30T00:00:00+05:30,1250.0,1256.05,1205.0,1208.9,613893,2.1999468405141758,1223.8636090149873,1220.6261634646487,3.2374455503386343,10.235076288918227,51.049999999999955,12.399999999999864,38.65000000000009,51.049999999999955,35.80714285714286,763185.45,Sell
390,2024-01-31T00:00:00+05:30,1210.95,1243.95,1204.0,1235.25,892789,2.153467694850908,1225.61536147422,1221.7094106154154,3.9059508588045446,8.96925120289549,39.950000000000045,35.049999999999955,4.900000000000091,39.950000000000045,36.410714285714285,772655.15,Sell
391,2024-02-01T00:00:00+05:30,1242.0,1245.75,1217.0,1229.55,346050,2.169331183519992,1226.220690478186,1222.2901950142736,3.9304954639123935,7.961500055098871,28.75,10.5,18.25,28.75,36.41428571428571,761666.25,Sell
392,2024-02-02T00:00:00+05:30,1237.9,1251.95,1231.05,1238.85,570679,2.1104390893113054,1228.1636611738497,1223.5168472354385,4.646813938411242,7.298562831761346,20.90000000000009,22.40000000000009,1.5,22.40000000000009,35.103571428571435,746553.25,Sell
393,2024-02-05T00:00:00+05:30,1245.6,1274.85,1229.55,1271.6,1419072,2.0790076691444574,1234.8461748394113,1227.0785622550356,7.767612584375684,7.392372782284213,45.299999999999955,36.0,9.299999999999955,45.299999999999955,37.15714285714286,783937.8,Buy
394,2024-02-06T00:00:00+05:30,1284.0,1305.0,1275.25,1285.5,1223155,2.20020076853404,1242.6390710179635,1231.4060761620701,11.232994855893367,8.160497197006045,29.75,33.40000000000009,3.650000000000091,33.40000000000009,36.8607142857143,794924.85,Buy
395,2024-02-07T00:00:00+05:30,1286.65,1296.65,1276.0,1284.5,310730,2.2622990377911316,1249.0792139382768,1235.3389594093242,13.740254528952619,9.27644866339536,20.65000000000009,11.150000000000091,9.5,20.65000000000009,36.178571428571445,751083.25,Buy
396,2024-02-08T00:00:00+05:30,1286.0,1295.35,1268.15,1282.3,728305,2.2565981104991697,1254.1901041016188,1238.8175550086335,15.37254909298531,10.495668749313351,27.199999999999818,10.849999999999909,16.34999999999991,27.199999999999818,34.50714285714287,750904.55,Buy
397,2024-02-09T00:00:00+05:30,1285.0,1321.25,1272.8,1314.05,1936968,2.4789600246930124,1263.3993188552158,1244.3903287116977,19.008990143518076,12.198333028154297,48.450000000000045,38.950000000000045,9.5,48.450000000000045,36.53214285714286,826213.9,Buy
398,2024-02-12T00:00:00+05:30,1324.0,1330.0,1116.95,1130.95,7363983,3.597765254097618,1243.022500569798,1235.9873413997202,7.0351591700778044,11.165698256538999,213.04999999999995,15.950000000000045,197.0999999999999,213.04999999999995,50.13214285714287,1131266.8,Sell
399,2024-02-13T00:00:00+05:30,1160.95,1161.0,1063.0,1092.45,6017374,4.695083849406245,1219.8575004821369,1225.3549457404818,-5.4974452583448965,7.83306955356222,98.0,30.049999999999955,67.95000000000005,98.0,54.064285714285724,1410627.9,Sell
400,2024-02-14T00:00:00+05:30,1084.55,1120.9,1074.45,1105.1,2028786,5.256302320887746,1202.202500407962,1216.4471719819276,-14.244671573965661,3.4175213280566443,46.450000000000045,28.450000000000045,18.0,46.450000000000045,54.16785714285715,1483653.35,Sell
401,2024-02-15T00:00:00+05:30,1115.0,1115.4,1094.3,1110.45,856004,5.681874893447385,1188.0867311144293,1208.595529612896,-20.508798498466604,-1.367742637248005,21.100000000000136,10.300000000000182,10.799999999999955,21.100000000000136,53.250000000000014,1485316.15,Sell
402,2024-02-16T00:00:00+05:30,1121.85,1136.0,1106.35,1133.85,1009339,5.7929467709076645,1179.7426186352864,1203.0588237156444,-23.31620508035803,-5.7574351258700105,29.65000000000009,25.549999999999955,4.100000000000136,29.65000000000009,51.81428571428574,1476559.5,Sell
403,2024-02-19T00:00:00+05:30,1150.0,1150.0,1117.0,1124.75,883522,6.066155714136542,1171.2822157683192,1197.258170107078,-25.97595433875881,-9.801138968447772,33.0,16.15000000000009,16.84999999999991,33.0,50.52500000000003,1500255.6,Sell
404,2024-02-20T00:00:00+05:30,1124.9,1125.7,1100.0,1122.55,1337593,6.286792470800908,1163.7849518039625,1191.724231580628,-27.939279776665444,-13.428767130091307,25.700000000000045,0.9500000000000455,24.75,25.700000000000045,49.50714285714288,1559574.7,Sell
405,2024-02-21T00:00:00+05:30,1125.9,1142.4,1115.7,1123.3,1137612,6.470997040703456,1157.556497680276,1186.6557699820628,-29.09927230178687,-16.56286816443042,26.700000000000045,19.850000000000136,6.849999999999909,26.700000000000045,49.360714285714316,1590329.15,Sell
406,2024-02-22T00:00:00+05:30,1123.4,1135.5,1109.4,1133.05,508795,6.526386641861458,1153.7862672679257,1182.6849722056136,-28.898704937687853,-19.030035519081906,26.09999999999991,12.200000000000045,13.899999999999864,26.09999999999991,49.625000000000014,1590998.25,Sell
407,2024-02-23T00:00:00+05:30,1133.05,1145.55,1125.0,1132.1,443601,6.640910708430373,1150.4499184574756,1178.93793722742,-28.488018769944347,-20.921632169254394,20.549999999999955,12.5,8.049999999999955,20.549999999999955,47.857142857142875,1573532.2,Sell
408,2024-02-26T00:00:00+05:30,1132.1,1181.85,1119.4,1175.6,3694478,6.3087232867600225,1154.3191617717102,1178.6906826179816,-24.371520846271324,-21.611609904657783,62.44999999999982,49.75,12.699999999999818,62.44999999999982,49.93214285714286,1666136.4,Sell
409,2024-02-27T00:00:00+05:30,1173.9,1195.2,1169.8,1177.95,1178342,6.282200653744841,1157.9546753452933,1178.6358172388718,-20.68114189357857,-21.42551630244194,25.40000000000009,19.600000000000136,5.7999999999999545,25.40000000000009,50.271428571428565,1694358.85,Buy
410,2024-02-28T00:00:00+05:30,1175.75,1181.55,1141.15,1152.25,770303,6.367576143775788,1157.0770329844788,1176.6813122582146,-19.604279273735756,-21.061268896700707,40.399999999999864,3.599999999999909,36.799999999999955,40.399999999999864,51.214285714285715,1688234.55,Buy
411,2024-02-29T00:00:00+05:30,1145.0,1158.0,1135.8,1151.0,1187019,6.319405517884744,1156.1421048330205,1174.7789928316802,-18.63688799865963,-20.576392717092492,22.200000000000045,5.75,16.450000000000045,22.200000000000045,49.339285714285715,1730283.0,Buy
412,2024-03-01T00:00:00+05:30,1150.05,1187.9,1150.05,1184.25,740159,6.021332911075818,1160.4663963971711,1175.4805489182224,-15.014152521051301,-19.463944677884257,37.850000000000136,36.90000000000009,0.9500000000000455,37.850000000000136,36.82500000000001,1738757.0,No Signal
413,2024-03-02T00:00:00+05:30,1186.55,1194.9,1171.05,1179.65,60824,5.728473578645931,1163.4177200283757,1175.7893971465023,-12.371677118126627,-18.04549116593273,23.850000000000136,10.650000000000091,13.200000000000045,23.850000000000136,31.52857142857145,1670844.6,No Signal
414,2024-03-04T00:00:00+05:30,1182.0,1193.7,1170.0,1189.15,1806324,5.2226367680316725,1167.3765323317025,1176.7790714319467,-9.402539100244212,-16.31690075279503,23.700000000000045,14.049999999999955,9.650000000000091,23.700000000000045,29.90357142857145,1700003.05,No Signal
415,2024-03-05T00:00:00+05:30,1190.0,1211.0,1179.95,1185.8,1251169,4.697017610438693,1170.2109119729791,1177.4472883629137,-7.236376389934549,-14.500795880222933,31.049999999999955,21.84999999999991,9.200000000000045,31.049999999999955,30.614285714285725,1747025.0,No Signal
416,2024-03-06T00:00:00+05:30,1189.0,1190.75,1150.1,1181.75,674420,4.070172552320709,1171.9861562848284,1177.7660077434386,-5.77985145861021,-12.75660699590039,40.65000000000009,4.9500000000000455,35.700000000000045,40.65000000000009,31.40000000000001,1744330.75,No Signal
417,2024-03-07T00:00:00+05:30,1181.65,1193.6,1170.35,1178.85,557070,2.6337262878404313,1173.0421322410086,1177.846303466147,-4.8041712251383615,-11.166119841747985,23.25,11.849999999999909,11.400000000000091,23.25,30.70357142857144,1675335.85,No Signal
418,2024-03-11T00:00:00+05:30,1170.05,1190.6,1143.4,1159.85,2315091,2.661780323704273,1171.0125734346996,1176.513243950136,-5.500670515436468,-10.033029976485683,47.19999999999982,11.75,35.44999999999982,47.19999999999982,32.23928571428571,1422891.25,No Signal
419,2024-03-12T00:00:00+05:30,1160.05,1170.9,1139.0,1155.85,942567,2.404052516656059,1168.6798698293612,1174.982633287163,-6.302763457801802,-9.286976672748906,31.90000000000009,11.050000000000182,20.84999999999991,31.90000000000009,32.61071428571428,1169150.9,No Signal
420,2024-03-13T00:00:00+05:30,1155.85,1164.45,1115.0,1127.0,1538078,2.3240504714784507,1162.2675821633056,1171.4283641547806,-9.160781991475005,-9.261737736494126,49.450000000000045,8.600000000000136,40.84999999999991,49.450000000000045,34.27857142857143,1144615.5,No Signal
421,2024-03-14T00:00:00+05:30,1111.0,1127.0,1096.7,1113.05,1500630,2.333254908434782,1154.695646445874,1167.104040884056,-12.408394438182086,-9.89106907683172,30.299999999999955,0.0,30.299999999999955,30.299999999999955,34.97500000000001,1176846.8,No Signal
422,2024-03-15T00:00:00+05:30,1117.95,1130.65,1099.1,1119.5,1004065,2.3890383440944807,1149.2809316080472,1163.5778156333852,-14.296884025337931,-10.772232066532963,31.550000000000182,17.600000000000136,13.950000000000045,31.550000000000182,32.767857142857174,1176583.1,No Signal
423,2024-03-18T00:00:00+05:30,1119.0,1121.0,1090.3,1114.4,1199978,2.4604882691932732,1143.9146344375783,1159.9350144753566,-16.020380037778295,-11.82186166078203,30.700000000000045,1.5,29.200000000000045,30.700000000000045,33.1464285714286,1192405.9,No Signal
424,2024-03-19T00:00:00+05:30,1111.75,1133.0,1093.6,1112.7,830859,2.5229747271793728,1139.1123829856433,1156.436124514219,-17.323741528575738,-12.922237634340773,39.40000000000009,18.59999999999991,20.800000000000182,39.40000000000009,33.075000000000045,1167069.2,No Signal
425,2024-03-20T00:00:00+05:30,1110.0,1118.6,1088.0,1092.7,1044847,2.7886225341669744,1131.9720163724674,1151.7149301057584,-19.74291373329106,-14.286372854130832,30.59999999999991,5.899999999999864,24.700000000000045,30.59999999999991,33.67500000000003,1162430.95,No Signal
426,2024-03-21T00:00:00+05:30,1097.8,1122.0,1094.0,1102.0,2400850,2.9190727967737016,1127.3609369305493,1148.032342690517,-20.671405759967683,-15.563379435298202,28.0,29.299999999999955,1.2999999999999545,29.299999999999955,33.06428571428574,1257033.7,No Signal
427,2024-03-22T00:00:00+05:30,1102.0,1133.6,1101.3,1128.95,1129996,2.857898184287118,1127.6054081720033,1146.618835824553,-19.01342765254958,-16.25338907874848,32.299999999999955,31.59999999999991,0.7000000000000455,32.299999999999955,33.66785714285715,1291353.45,No Signal
428,2024-03-26T00:00:00+05:30,1131.9,1140.95,1127.0,1130.15,728614,2.822543503086689,1127.996883837849,1145.3989220597712,-17.402038221922112,-16.483118907383208,13.950000000000045,12.0,1.9500000000000455,13.950000000000045,32.97142857142858,1143060.25,No Signal
429,2024-03-27T00:00:00+05:30,1132.4,1143.05,1107.25,1111.2,1811541,2.8765816480164412,1125.4127478627954,1142.8656685738622,-17.45292071106678,-16.677079268119922,35.799999999999955,12.899999999999864,22.90000000000009,35.799999999999955,33.3107142857143,1174720.2,No Signal
430,2024-03-28T00:00:00+05:30,1114.95,1135.2,1103.5,1129.6,1391471,2.836357665103084,1126.0569404992884,1141.8830264572798,-15.826085957991381,-16.506880606094214,31.700000000000045,24.0,7.7000000000000455,31.700000000000045,32.67142857142858,1205778.6,No Signal
431,2024-04-01T00:00:00+05:30,1132.2,1153.4,1121.0,1148.6,1247843,2.7868669007323787,1129.5251034993978,1142.380580053037,-12.855476553639164,-15.776599795603204,32.40000000000009,23.800000000000182,8.599999999999909,32.40000000000009,33.32500000000001,1208819.8,Buy
432,2024-04-02T00:00:00+05:30,1159.9,1159.9,1135.15,1155.35,713289,2.651755376002059,1133.4981644994905,1143.341277826886,-9.843113327395486,-14.58990250196166,24.75,11.300000000000182,13.449999999999818,24.75,31.721428571428596,1207476.3,No Signal
433,2024-04-03T00:00:00+05:30,1125.0,1144.1,1105.3,1141.75,1586014,2.5617311510315277,1134.767677653415,1143.2234053952648,-8.455727741849842,-13.363067549939297,38.799999999999955,11.25,50.049999999999955,50.049999999999955,33.01785714285716,1283735.8,Buy
434,2024-04-04T00:00:00+05:30,1152.5,1172.5,1139.25,1151.35,2867983,2.3418835449520436,1137.3188041682743,1143.8253753659858,-6.506571197711537,-11.991768279493746,33.25,30.75,2.5,33.25,31.860714285714298,1336818.75,No Signal
435,2024-04-05T00:00:00+05:30,1149.95,1154.9,1136.0,1145.65,838396,2.14067781692596,1138.6005266039244,1143.9605327462832,-5.36000614235877,-10.66541585206675,18.90000000000009,3.550000000000182,15.349999999999909,18.90000000000009,31.046428571428596,1316180.1,No Signal
436,2024-04-08T00:00:00+05:30,1152.95,1180.0,1136.0,1173.9,2521920,2.0265007179083994,1144.0312148187054,1146.1782710613734,-2.1470562426679862,-8.961743930186998,44.0,34.34999999999991,9.650000000000091,44.0,31.935714285714294,1408555.1,No Signal
437,2024-04-09T00:00:00+05:30,1183.25,1183.45,1140.05,1148.7,1115923,1.8893125843426493,1144.7494894619815,1146.365065797568,-1.615576335586411,-7.492510411266881,43.40000000000009,9.549999999999955,33.850000000000136,43.40000000000009,32.842857142857156,1436497.75,No Signal
438,2024-04-10T00:00:00+05:30,1153.9,1183.55,1150.0,1177.4,1060445,1.9659611626811915,1149.7726449293689,1148.6639498125628,1.108695116806075,-5.772269305652291,33.549999999999955,34.84999999999991,1.2999999999999545,34.84999999999991,32.517857142857146,1373765.45,No Signal
439,2024-04-12T00:00:00+05:30,1177.3,1187.0,1163.0,1169.05,970493,2.0509520818632403,1152.738391863312,1150.1740276042249,2.5643642590871423,-4.104942592704404,24.0,9.599999999999909,14.400000000000091,24.0,32.04642857142858,1375161.75,No Signal
440,2024-04-15T00:00:00+05:30,1155.0,1176.5,1155.0,1170.3,1166614,2.1511170588840423,1155.4401777304947,1151.6648403742822,3.7753373562125034,-2.528886602921023,21.5,7.4500000000000455,14.049999999999955,21.5,31.489285714285725,1356588.55,No Signal
441,2024-04-16T00:00:00+05:30,1165.0,1189.6,1162.5,1185.0,553858,2.2527190649832765,1159.987842695034,1154.1341114576687,5.853731237365309,-0.8523630348637565,27.09999999999991,19.299999999999955,7.7999999999999545,27.09999999999991,31.11785714285715,1309249.95,No Signal
442,2024-04-18T00:00:00+05:30,1187.7,1196.8,1174.4,1186.2,1051256,2.3668304329173635,1164.0204822804135,1156.5093624608044,7.511119819609121,0.8203335360308189,22.399999999999864,11.799999999999955,10.599999999999909,22.399999999999864,31.721428571428564,1311609.5,No Signal
443,2024-04-19T00:00:00+05:30,1180.0,1196.3,1158.1,1193.1,780402,2.4504874800544942,1168.494254237273,1159.2197800563004,9.274474180972675,2.5111616650191904,38.200000000000045,10.099999999999909,28.100000000000136,38.200000000000045,31.892857142857142,1290630.7,No Signal
444,2024-04-22T00:00:00+05:30,1205.85,1215.0,1197.15,1204.5,757775,2.5428448551258938,1174.033599739231,1162.5738704225002,11.459729316730773,4.300875195361507,17.84999999999991,21.90000000000009,4.050000000000182,21.90000000000009,31.192857142857147,1286976.5,No Signal
445,2024-04-23T00:00:00+05:30,1212.0,1212.0,1194.75,1206.55,475098,2.447824893656134,1179.0361228562724,1165.831361502315,13.204761353957338,6.081652427080674,17.25,7.5,9.75,17.25,30.110714285714284,1258489.05,No Signal
446,2024-04-24T00:00:00+05:30,1220.0,1231.0,1209.05,1222.0,1274760,2.434921368111396,1185.6459501091535,1169.9920013910325,15.653948718121,7.99611168528874,21.950000000000045,24.450000000000045,2.5,24.450000000000045,30.089285714285715,1202184.55,No Signal
447,2024-04-25T00:00:00+05:30,1240.75,1325.9,1237.2,1311.85,6402642,3.3085457773258464,1205.0619577846683,1180.500001287993,24.561956496675293,11.309280647566052,88.70000000000005,103.90000000000009,15.200000000000045,103.90000000000009,33.9357142857143,1465816.85,Buy
448,2024-04-26T00:00:00+05:30,1318.0,1326.0,1306.35,1309.9,1068859,3.956893631250432,1221.1908873562577,1190.0851863777714,31.10570097848631,15.268564713750104,19.65000000000009,14.150000000000091,5.5,19.65000000000009,32.96428571428573,1482829.1,Buy
449,2024-04-29T00:00:00+05:30,1312.25,1316.9,1273.55,1282.0,1178300,4.179146566810715,1230.546135455295,1196.893691090529,33.65244436476587,18.94534064395326,43.350000000000136,7.0,36.350000000000136,43.350000000000136,34.7107142857143,1451167.05,Buy
450,2024-04-30T00:00:00+05:30,1291.0,1301.0,1266.6,1271.2,621752,4.282201176246392,1236.8005761544803,1202.3978621208603,34.402714033619986,22.036815321886607,34.40000000000009,19.0,15.400000000000091,34.40000000000009,34.02500000000003,1412681.1,Buy
451,2024-05-02T00:00:00+05:30,1271.5,1285.0,1262.8,1274.25,492405,4.371529089451627,1242.562025976868,1207.7202427045002,34.84178327236782,24.597808911982852,22.200000000000045,13.799999999999955,8.400000000000091,22.200000000000045,32.51071428571431,1374909.2,Buy
452,2024-05-03T00:00:00+05:30,1274.9,1280.95,1242.2,1252.2,683589,4.4291270030907715,1244.044791211196,1211.0150395412038,33.029751669992265,26.284197463584736,38.75,6.7000000000000455,32.049999999999955,38.75,32.78928571428575,1373424.2,Buy
453,2024-05-06T00:00:00+05:30,1261.9,1261.9,1238.85,1248.4,1136733,4.307319991291057,1244.7148233325506,1213.784295871485,30.930527461065594,27.21346346308091,23.050000000000182,9.700000000000045,13.350000000000136,23.050000000000182,32.72142857142861,1350960.15,Buy
454,2024-05-07T00:00:00+05:30,1249.7,1250.3,1223.7,1239.95,713704,4.189110917794501,1243.9817735890813,1215.7224961773009,28.25927741178043,27.422626252820816,26.59999999999991,1.8999999999998636,24.700000000000045,26.59999999999991,33.085714285714324,1243246.2,Buy
455,2024-05-08T00:00:00+05:30,1242.0,1474.4,1209.15,1405.15,12388890,4.541450993454939,1268.7768853446073,1229.7541631271304,39.02272221747694,29.742645445752043,265.25,234.45000000000005,30.799999999999955,265.25,50.09642857142861,1820770.9,Buy
456,2024-05-09T00:00:00+05:30,1411.0,1463.3,1391.0,1412.75,9267970,5.237303773534297,1290.9265952915907,1243.3094103028984,47.617184988692316,33.3175533543401,72.29999999999995,58.149999999999864,14.150000000000091,72.29999999999995,53.660714285714334,2158073.4,Buy
457,2024-05-10T00:00:00+05:30,1420.6,1438.0,1390.0,1397.7,2132506,5.58299197049979,1307.3532729390383,1254.7457502804616,52.60752265857673,37.17554721518743,48.0,25.25,22.75,48.0,54.36071428571433,2208902.55,Buy
458,2024-05-13T00:00:00+05:30,1390.45,1423.0,1368.9,1416.0,1603773,5.892688308359739,1324.0681540253402,1266.6905095189459,57.37764450639429,41.2159666734288,54.09999999999991,25.299999999999955,28.799999999999955,54.09999999999991,56.66071428571432,2236068.95,Buy
459,2024-05-14T00:00:00+05:30,1413.95,1449.8,1408.1,1440.85,726933,6.140482742517768,1342.0345918675955,1279.5912125175425,62.443379350052965,45.461449208753635,41.700000000000045,33.799999999999955,7.900000000000091,41.700000000000045,58.407142857142894,2223890.95,Buy
460,2024-05-15T00:00:00+05:30,1439.05,1467.45,1431.0,1442.7,563164,6.333705461897372,1357.5215777341193,1291.6733449236506,65.84823281046874,49.53880592909666,36.450000000000045,26.600000000000136,9.849999999999909,36.450000000000045,59.26428571428575,2193718.45,Buy
461,2024-05-16T00:00:00+05:30,1468.1,1492.3,1457.2,1483.0,1258685,6.51529795068186,1376.8259503904087,1305.8456897441208,70.98026064628789,53.82709687253491,35.09999999999991,49.59999999999991,14.5,49.59999999999991,55.38571428571431,2228959.8,Buy
462,2024-05-17T00:00:00+05:30,1489.0,1490.8,1471.5,1479.25,523810,6.695793001104808,1392.583496484192,1318.6904534667785,73.89304301741345,57.84028610151062,19.299999999999955,7.7999999999999545,11.5,19.299999999999955,55.3607142857143,2202587.5,Buy
463,2024-05-18T00:00:00+05:30,1487.0,1495.75,1477.05,1489.95,85381,6.746894498819511,1407.562958563547,1331.3763458025728,76.18661276097419,61.50955143340334,18.700000000000045,16.5,2.2000000000000455,18.700000000000045,53.60000000000001,2167836.45,Buy
464,2024-05-21T00:00:00+05:30,1490.05,1510.0,1467.05,1502.05,1171767,6.7578644109318144,1422.0994264768474,1344.018838706086,78.08058777076144,64.82375870087496,42.950000000000045,20.049999999999955,22.90000000000009,42.950000000000045,54.21071428571429,2188536.05,Buy
465,2024-05-22T00:00:00+05:30,1508.0,1510.95,1460.0,1478.3,766715,6.6852946471980115,1430.7456685573325,1353.965591394524,76.78007716280854,67.21502239326168,50.950000000000045,8.900000000000091,42.049999999999955,50.950000000000045,56.26428571428572,2203116.9,Buy
466,2024-05-23T00:00:00+05:30,1481.0,1499.9,1463.85,1493.25,399306,6.450534039894454,1440.3617195485122,1364.2829549949295,76.07876455358269,68.98777082532588,36.05000000000018,21.600000000000136,14.450000000000045,36.05000000000018,56.07142857142859,2159344.2,Buy
467,2024-05-24T00:00:00+05:30,1493.25,1587.0,1480.5,1573.5,3141428,6.599013907744397,1460.8445319256641,1379.7805138841939,81.06401804147026,71.40302026855476,106.5,93.75,12.75,106.5,62.03214285714286,1996283.5,Buy
468,2024-05-27T00:00:00+05:30,1589.9,1591.0,1533.1,1572.0,2895264,6.933351106372995,1477.9453731678695,1394.0189943372166,83.926378830653,73.9076919809744,57.90000000000009,17.5,40.40000000000009,57.90000000000009,64.26785714285715,2087603.75,Buy
469,2024-05-28T00:00:00+05:30,1579.0,1600.0,1559.65,1565.25,1009029,7.039913038645549,1491.3768542189666,1406.7027725344599,84.67408168450675,76.06096992168088,40.34999999999991,28.0,12.349999999999909,40.34999999999991,48.203571428571436,2079140.2,No Signal
470,2024-05-29T00:00:00+05:30,1555.0,1573.0,1545.1,1568.65,740468,6.93903078531835,1503.2650304929718,1418.6988634578333,84.5661670351385,77.7620093443724,27.90000000000009,7.75,20.15000000000009,27.90000000000009,45.03214285714288,2085076.0,No Signal
471,2024-05-30T00:00:00+05:30,1560.1,1579.7,1548.85,1554.35,919313,6.741288620503798,1511.124256570976,1428.74709579429,82.37716077668597,78.68503963083512,30.850000000000136,11.049999999999955,19.800000000000182,30.850000000000136,43.807142857142885,2106421.4,No Signal
472,2024-05-31T00:00:00+05:30,1569.0,1586.95,1548.1,1554.55,2388880,6.180372567242831,1517.8051401754412,1438.0658294391576,79.73931073628364,78.89589385192482,38.850000000000136,32.600000000000136,6.25,38.850000000000136,42.71785714285719,2191685.95,No Signal
473,2024-06-03T00:00:00+05:30,1649.95,1649.95,1588.9,1608.25,1873076,5.373203656467565,1531.7197339946042,1450.6720642955163,81.04766969908792,79.32624902135746,61.049999999999955,95.40000000000009,34.350000000000136,95.40000000000009,46.55357142857148,2228503.1,No Signal
474,2024-06-04T00:00:00+05:30,1608.25,1614.0,1412.85,1446.25,3325214,4.533300764837619,1518.5705441492805,1450.3445039773299,68.22604017195067,77.1062072514761,201.1500000000001,5.75,195.4000000000001,201.1500000000001,58.31785714285719,2359078.6,Sell
475,2024-06-05T00:00:00+05:30,1490.0,1514.95,1406.25,1501.4,2791709,4.137850791155409,1515.928921972468,1454.1263925716016,61.80252940086643,74.04547168135417,108.70000000000005,68.70000000000005,40.0,108.70000000000005,62.539285714285775,1879219.55,Sell
476,2024-06-06T00:00:00+05:30,1515.0,1578.85,1497.1,1557.05,1052271,3.8484248385881195,1522.2552416690114,1461.7503634922236,60.50487817678777,71.3373529804409,81.75,77.44999999999982,4.300000000000182,81.75,67.00000000000007,1468434.6,Sell
477,2024-06-07T00:00:00+05:30,1549.75,1589.9,1538.7,1583.2,779819,3.5687206351354606,1531.6313583353174,1470.7466328631701,60.88472547214724,69.24682747878217,51.200000000000045,32.850000000000136,18.34999999999991,51.200000000000045,69.32142857142864,1400800.25,Sell
478,2024-06-10T00:00:00+05:30,1593.9,1604.9,1557.35,1580.8,2285921,3.3618575174206176,1539.1957647452687,1478.8987341325649,60.29703061270379,67.4568681055665,47.55000000000018,21.700000000000045,25.850000000000136,47.55000000000018,69.65000000000008,1434907.65,Sell
479,2024-06-11T00:00:00+05:30,1590.0,1619.45,1584.0,1602.6,788578,3.255104114911412,1548.9502624767658,1488.061790863486,60.88847161327976,66.14318880710915,35.450000000000045,38.65000000000009,3.2000000000000455,38.65000000000009,68.77142857142864,1437989.9,Sell
480,2024-06-12T00:00:00+05:30,1605.45,1644.95,1605.05,1631.6,995791,3.204365410486604,1561.6656067111096,1498.694250799524,62.97135591158553,65.50882222800443,39.90000000000009,42.350000000000136,2.4500000000000455,42.350000000000136,69.22142857142865,1459621.25,Sell
481,2024-06-13T00:00:00+05:30,1640.0,1655.0,1623.65,1636.95,1143028,3.3316445006724447,1573.2478210632466,1508.9354174069667,64.31240365627991,65.26953851365953,31.34999999999991,23.40000000000009,7.949999999999818,31.34999999999991,63.8535714285715,1453838.4,Sell
482,2024-06-14T00:00:00+05:30,1639.0,1739.45,1627.0,1717.3,3052519,3.7107905276049356,1595.409694745824,1524.3698309323765,71.03986381344748,66.42360357361711,112.45000000000005,102.5,9.950000000000045,112.45000000000005,67.75000000000007,1580273.85,Buy
483,2024-06-18T00:00:00+05:30,1720.0,1734.0,1691.5,1696.7,1438259,4.021159582558332,1610.992818631082,1537.1350286410893,73.85778998999263,67.91044085689222,42.5,16.700000000000045,25.799999999999955,42.5,67.9035714285715,1647917.75,Buy
484,2024-06-19T00:00:00+05:30,1720.0,1733.4,1688.0,1703.4,3289884,4.240028981827166,1625.209308072454,1549.4509524454531,75.75835562700081,69.48002381091395,45.40000000000009,36.700000000000045,8.700000000000045,45.40000000000009,69.1535714285715,1753823.6,Buy
485,2024-06-20T00:00:00+05:30,1704.0,1800.7,1697.0,1791.4,3677708,4.57755790767895,1650.777106830538,1567.3731041161602,83.40400271437784,72.26481959160674,103.70000000000005,97.29999999999995,6.400000000000091,103.70000000000005,74.35714285714292,1899373.25,Buy
486,2024-06-21T00:00:00+05:30,1804.5,1804.5,1746.5,1752.2,925218,4.859848897618675,1666.380628856609,1581.0639852927409,85.31664356386818,74.87518438605903,58.0,13.099999999999909,44.90000000000009,58.0,75.72500000000005,1925668.85,Buy
487,2024-06-24T00:00:00+05:30,1749.0,1776.3,1734.0,1743.1,1489126,5.144106909615755,1678.1836090325153,1593.066653048834,85.11695598368124,76.92353870558348,42.299999999999955,24.09999999999991,18.200000000000045,42.299999999999955,71.9321428571429,1843053.75,Buy
488,2024-06-25T00:00:00+05:30,1752.8,1764.75,1715.4,1719.45,1133078,5.332765259983279,1684.5322845659744,1602.4283824526242,82.10390211335016,77.95961138713682,49.34999999999991,21.65000000000009,27.699999999999818,49.34999999999991,61.089285714285744,1754944.45,No Signal
489,2024-06-26T00:00:00+05:30,1719.1,1726.8,1674.0,1679.5,2063096,5.4353375366528205,1683.7580869404399,1608.1373911598373,75.62069578060255,77.49182826582997,52.799999999999955,7.349999999999909,45.450000000000045,52.799999999999955,57.096428571428596,1807647.8,No Signal
490,2024-06-27T00:00:00+05:30,1681.0,1696.45,1674.65,1680.55,1401014,5.394835623717464,1683.2645351034491,1613.5012881109606,69.76324699248858,75.94611201116169,21.799999999999955,16.950000000000045,4.849999999999909,21.799999999999955,52.81428571428574,1840675.1,No Signal
491,2024-06-28T00:00:00+05:30,1685.0,1692.85,1666.45,1670.35,1106864,5.3154274856996695,1681.2776835490724,1617.7123038064449,63.565379742627556,73.46996555745487,26.399999999999864,12.299999999999955,14.099999999999909,26.399999999999864,51.04285714285715,1850052.65,No Signal
492,2024-07-01T00:00:00+05:30,1673.1,1696.8,1662.75,1665.95,1139145,5.187388708011588,1678.9195783876767,1621.285466487449,57.63411190022771,70.30279482600945,34.049999999999955,26.450000000000045,7.599999999999909,34.049999999999955,50.07857142857142,1787565.9,No Signal
493,2024-07-02T00:00:00+05:30,1668.75,1681.25,1641.05,1645.5,1389017,5.220804890921451,1673.7781047895726,1623.0791356365269,50.69896915304571,66.3820296914167,40.200000000000045,15.299999999999955,24.90000000000009,40.200000000000045,50.1892857142857,1763362.95,No Signal
494,2024-07-03T00:00:00+05:30,1669.95,1669.95,1639.05,1657.6,1034534,4.297697748262446,1671.2891655911767,1625.6362367004879,45.65292889068883,62.23620953127113,30.90000000000009,24.450000000000045,6.4500000000000455,30.90000000000009,49.37142857142856,1648828.95,No Signal
495,2024-07-04T00:00:00+05:30,1650.0,1680.4,1627.25,1670.3,1511383,3.6253464211273227,1671.136986269457,1628.9446636115629,42.19232265789424,58.227432156595754,53.15000000000009,22.800000000000182,30.34999999999991,53.15000000000009,50.92857142857143,1584812.65,No Signal
496,2024-07-05T00:00:00+05:30,1678.0,1686.0,1660.5,1672.25,1214143,3.258661067987482,1671.3082191510791,1632.1524663070027,39.15575284407646,54.4130962940919,25.5,15.700000000000045,9.799999999999955,25.5,44.71785714285714,1592906.25,No Signal
497,2024-07-08T00:00:00+05:30,1682.95,1693.25,1646.25,1674.1,1498080,2.989012415677982,1671.7377238970669,1635.2596910250024,36.47803287206443,50.82608360968641,47.0,21.0,26.0,47.0,45.03928571428571,1628819.3,No Signal
498,2024-07-09T00:00:00+05:30,1681.0,1681.85,1662.45,1671.8,613813,2.6560819502312576,1671.7473048359795,1637.9663805787059,33.78092425727368,47.41705173920386,19.399999999999864,7.75,11.649999999999864,19.399999999999864,43.182142857142836,1545213.9,No Signal
499,2024-07-10T00:00:00+05:30,1678.6,1678.6,1603.0,1659.8,936230,2.44317081965285,1669.9092579381365,1639.583685721024,30.325572217112494,43.99875583478559,75.59999999999991,6.7999999999999545,68.79999999999995,75.59999999999991,41.17499999999997,1552596.5,No Signal
500,2024-07-11T00:00:00+05:30,1665.65,1665.65,1632.0,1640.7,836449,2.4345736183264464,1665.415525947654,1639.6663756676148,25.749150280039203,40.34883472383631,33.65000000000009,5.850000000000136,27.799999999999955,33.65000000000009,39.43571428571426,1544629.4,No Signal
501,2024-07-12T00:00:00+05:30,1647.0,1648.6,1613.95,1618.95,1108682,2.552315943360394,1658.2669834941687,1638.1318293218656,20.135154172303146,36.30609861352968,34.649999999999864,7.899999999999864,26.75,34.649999999999864,38.889285714285684,1542912.1,No Signal
502,2024-07-15T00:00:00+05:30,1628.0,1637.5,1602.65,1633.8,1267549,2.586453258333847,1654.5028321873735,1637.8109530758015,16.691879111572007,32.38325471313814,34.84999999999991,18.549999999999955,16.299999999999955,34.84999999999991,37.8535714285714,1453663.6,No Signal
503,2024-07-16T00:00:00+05:30,1634.25,1663.75,1634.05,1653.35,814531,2.576235595120345,1654.3254733893161,1638.9619935887051,15.363479800611003,28.979299730632718,29.700000000000045,29.950000000000045,0.25,29.950000000000045,36.22142857142855,1422477.2,No Signal
504,2024-07-18T00:00:00+05:30,1661.95,1665.85,1612.15,1621.5,1232254,2.723092219653011,1649.2754005601905,1637.6685125821343,11.606887978056193,25.504817380117416,53.69999999999982,12.5,41.19999999999982,53.69999999999982,38.499999999999964,1319595.7,No Signal
505,2024-07-19T00:00:00+05:30,1626.9,1634.3,1575.0,1579.4,945152,2.5515434276404267,1638.5253389355457,1633.352326464939,5.173012470606636,21.438456398215262,59.299999999999955,12.799999999999955,46.5,59.299999999999955,40.84999999999997,1182967.9,No Signal
506,2024-07-22T00:00:00+05:30,1569.95,1646.3,1549.45,1625.45,1555103,2.192989212306791,1636.513748330077,1632.7669689490176,3.7467793810594685,17.900120994784103,96.84999999999991,66.89999999999986,29.950000000000045,96.84999999999991,45.33571428571425,1214462.15,No Signal
507,2024-07-23T00:00:00+05:30,1630.0,1634.25,1500.0,1598.7,1886680,2.014743703753111,1630.6962485869883,1630.243489767609,0.452758819379369,14.410648559703157,134.25,8.799999999999955,125.45000000000005,134.25,52.053571428571395,1234339.85,Sell
508,2024-07-24T00:00:00+05:30,1598.5,1612.25,1585.0,1591.15,1093834,1.9359767169578286,1624.6122103428363,1627.347675710749,-2.7354653679126386,10.981425774179998,27.25,13.549999999999955,13.700000000000045,27.25,51.7928571428571,1232377.65,Sell
509,2024-07-25T00:00:00+05:30,1570.0,1603.9,1558.55,1592.4,447267,2.0024873491927506,1619.6564856747077,1624.7589589914342,-5.102473316726446,7.76464595599871,45.350000000000136,12.75,32.600000000000136,45.350000000000136,51.23571428571425,1151586.2,Sell
510,2024-07-26T00:00:00+05:30,1604.6,1694.3,1604.6,1684.9,2755566,1.9101275112040876,1629.6939494170604,1629.2138509179947,0.4800984990656616,6.307736464612101,89.70000000000005,101.89999999999986,12.199999999999818,101.89999999999986,56.6928571428571,1219313.8,Sell
511,2024-07-29T00:00:00+05:30,1694.95,1747.0,1691.25,1737.0,1776427,2.2005415258423153,1646.2025725836666,1637.1980101092543,9.004562474412296,6.84710166657214,55.75,62.09999999999991,6.349999999999909,62.09999999999991,57.77142857142852,1252791.95,Buy
512,2024-07-30T00:00:00+05:30,1740.45,1753.0,1719.2,1743.85,867925,2.524750951242014,1661.2252537246409,1645.0981575085686,16.127096216072232,8.703100576472158,33.799999999999955,16.0,17.799999999999955,33.799999999999955,58.799999999999955,1239230.95,Buy
513,2024-07-31T00:00:00+05:30,1736.15,1745.0,1722.05,1733.5,620610,2.764578008686381,1672.3444454593114,1651.6464421375636,20.69800332174782,11.102081125527292,22.950000000000045,1.150000000000091,21.799999999999955,22.950000000000045,55.039285714285676,1200810.6,Buy
514,2024-08-01T00:00:00+05:30,1740.0,1771.2,1703.65,1717.55,1134832,2.914194010374867,1679.2991461578788,1656.5281871644106,22.770958993468184,13.43585669911547,67.54999999999995,37.700000000000045,29.84999999999991,67.54999999999995,57.46071428571424,1205825.5,Buy
515,2024-08-02T00:00:00+05:30,1707.0,1707.0,1648.0,1655.4,1338199,3.016781713704661,1675.6223544412821,1656.4446177448247,19.177736696457487,14.584232698583875,59.0,10.549999999999955,69.54999999999995,69.54999999999995,59.95357142857139,1197166.3,Buy
516,2024-08-05T00:00:00+05:30,1579.95,1597.65,1538.1,1553.05,2625461,3.521728417188927,1656.7650691426234,1648.785757171134,7.979311971489324,13.263248553164965,59.55000000000018,57.75,117.30000000000018,117.30000000000018,65.84285714285713,1267732.2,Sell
517,2024-08-06T00:00:00+05:30,1568.0,1608.75,1510.4,1517.45,2039941,4.067567750091828,1635.3319815822197,1639.0571825658649,-3.725200983645209,9.865558645802931,98.34999999999991,55.700000000000045,42.649999999999864,98.34999999999991,70.7285714285714,1294825.25,Sell
518,2024-08-07T00:00:00+05:30,1559.0,1576.5,1530.0,1557.45,1457651,4.110618232234229,1623.350138261878,1633.0122060795045,-9.662067817626394,5.960033353117066,46.5,59.049999999999955,12.549999999999955,59.049999999999955,71.11071428571427,1337017.15,Sell
519,2024-08-08T00:00:00+05:30,1562.0,1643.0,1536.15,1605.45,4108498,3.992679571153995,1620.5962708369739,1630.9705611847264,-10.374290347752549,2.693168612943144,106.84999999999991,85.54999999999995,21.299999999999955,106.84999999999991,74.50714285714284,1495630.55,Sell
520,2024-08-09T00:00:00+05:30,1628.05,1654.95,1617.9,1636.55,2016949,3.9156225614406854,1623.0506907082085,1631.3838529488207,-8.333162240612182,0.48790244223207857,37.049999999999955,49.5,12.450000000000045,49.5,71.12499999999999,1554655.55,Sell
521,2024-08-12T00:00:00+05:30,1629.95,1629.95,1565.55,1593.55,1651574,4.055120334324051,1618.5121229069457,1628.581345322982,-10.069222416036382,-1.6235225294216138,64.40000000000009,6.599999999999909,71.0,71.0,66.60714285714285,1581800.15,Sell
522,2024-08-13T00:00:00+05:30,1594.95,1605.0,1576.25,1581.05,479156,4.148751789716151,1612.7487193828001,1625.0605049286871,-12.311785545887005,-3.7611751327146923,28.75,11.450000000000045,17.299999999999955,28.75,66.7142857142857,1542380.5,Sell
523,2024-08-14T00:00:00+05:30,1574.1,1583.95,1553.25,1567.2,464424,4.257598834562589,1605.7412240931385,1620.7745416006362,-15.033317507497713,-6.015603607671297,30.700000000000045,2.900000000000091,27.799999999999955,30.700000000000045,65.66785714285712,1524875.15,Sell
524,2024-08-16T00:00:00+05:30,1582.9,1601.8,1575.8,1584.5,744491,4.249074112950853,1602.473343463425,1618.0875385191075,-15.614195055682558,-7.93532189727355,26.0,34.59999999999991,8.599999999999909,34.59999999999991,60.860714285714266,1500487.0,Sell
525,2024-08-19T00:00:00+05:30,1610.0,1613.7,1560.15,1587.7,1185925,4.224363608232993,1600.2005213921288,1615.8366097399144,-15.636088347785517,-9.475475187375944,53.549999999999955,29.200000000000045,24.34999999999991,53.549999999999955,60.249999999999986,1512525.65,No Signal
526,2024-08-20T00:00:00+05:30,1600.0,1604.65,1551.05,1577.4,1042184,4.300827905141921,1596.692748870263,1612.9894534628836,-16.2967045926207,-10.839721068424895,53.600000000000136,16.950000000000045,36.65000000000009,53.600000000000136,61.66428571428571,1486879.7,No Signal
527,2024-08-21T00:00:00+05:30,1577.0,1610.0,1573.15,1600.0,853929,4.238724994201952,1597.2015567363762,1612.0272717248922,-14.825714988515983,-11.636919852443112,36.84999999999991,32.59999999999991,4.25,36.84999999999991,62.657142857142844,1435242.15,Sell
528,2024-08-22T00:00:00+05:30,1607.9,1647.95,1594.0,1621.2,955957,4.1610398113938665,1600.8936249307799,1612.706733078604,-11.813108147824096,-11.672157511519309,53.950000000000045,47.950000000000045,6.0,53.950000000000045,61.685714285714276,1428348.3,No Signal
529,2024-08-23T00:00:00+05:30,1636.5,1636.95,1601.9,1620.3,868264,4.140848174090385,1603.8792210952752,1613.2691972950038,-9.389976199728608,-11.21572124916117,35.049999999999955,15.75,19.299999999999955,35.049999999999955,59.22142857142857,1449398.15,No Signal
530,2024-08-26T00:00:00+05:30,1622.0,1638.15,1613.7,1634.7,713146,4.013506041442767,1608.6208793883097,1614.8566641620405,-6.235784773730757,-10.219733954075089,24.450000000000045,17.850000000000136,6.599999999999909,24.450000000000045,52.5892857142857,1347277.15,No Signal
531,2024-08-27T00:00:00+05:30,1644.9,1644.9,1602.1,1607.4,659375,3.714621781093249,1608.4330517901083,1614.304318668556,-5.871266878447841,-9.35004053894964,42.80000000000018,10.200000000000045,32.600000000000136,42.80000000000018,48.621428571428574,1291424.55,No Signal
532,2024-08-28T00:00:00+05:30,1614.0,1620.0,1579.25,1584.5,927975,3.2607846473325672,1604.7510438223992,1612.0965913597743,-7.345547537375069,-8.949141938634726,40.75,12.599999999999909,28.15000000000009,40.75,47.314285714285724,1294427.05,No Signal
533,2024-08-29T00:00:00+05:30,1584.5,1589.0,1556.25,1577.9,816590,2.6923466961240874,1600.6201140035685,1609.5635105183096,-8.943396514741153,-8.947992853856013,32.75,4.5,28.25,32.75,42.02142857142859,1304226.05,No Signal
534,2024-08-30T00:00:00+05:30,1579.5,1590.05,1575.1,1587.0,931250,2.020328092472202,1598.5247118491734,1607.8921393688051,-9.367427519631747,-9.03187978701116,14.950000000000045,12.149999999999864,2.800000000000182,14.950000000000045,39.553571428571445,1294046.95,No Signal
535,2024-09-02T00:00:00+05:30,1597.0,1599.0,1545.5,1562.45,931058,1.8598589224370945,1592.9747561800698,1604.5260549711159,-11.551298791046065,-9.535763587818142,53.5,12.0,41.5,53.5,38.303571428571445,1273689.9,No Signal
536,2024-09-03T00:00:00+05:30,1576.65,1591.05,1564.05,1567.1,878145,1.8081079607596706,1588.994024460059,1601.753754602885,-12.759730142825902,-10.180556898819695,27.0,28.59999999999991,1.599999999999909,28.59999999999991,38.29285714285715,1186324.1,No Signal
537,2024-09-04T00:00:00+05:30,1568.0,1614.9,1554.0,1605.7,1095011,1.4362578652177034,1591.564174543127,1602.0460690767454,-10.481894533618515,-10.24082442577946,60.90000000000009,47.80000000000018,13.099999999999909,60.90000000000009,40.45000000000001,1139077.6,No Signal
538,2024-09-05T00:00:00+05:30,1625.0,1629.9,1590.2,1608.95,1562878,1.3502850923963254,1594.2389169211074,1602.5574713673568,-8.318554446249436,-9.856370429873456,39.700000000000045,24.200000000000045,15.5,39.700000000000045,40.81428571428574,1144338.95,No Signal
539,2024-09-06T00:00:00+05:30,1606.0,1606.0,1547.2,1551.2,1243240,1.5289482427710344,1587.6175450870908,1598.753214229034,-11.135669141943254,-10.112230172287417,58.799999999999955,2.9500000000000455,61.75,61.75,41.40000000000003,1001076.05,No Signal
540,2024-09-09T00:00:00+05:30,1535.0,1561.05,1524.75,1555.15,950996,1.4650212521834132,1582.6225381506154,1595.5233465083647,-12.900808357749384,-10.669945809379811,36.299999999999955,9.849999999999909,26.450000000000045,36.299999999999955,40.164285714285725,947778.4,No Signal
541,2024-09-10T00:00:00+05:30,1565.0,1578.0,1553.05,1570.65,424183,1.4708826096072,1580.7806092043668,1593.680876396634,-12.900267192267165,-11.116010085957283,24.950000000000045,22.84999999999991,2.1000000000001364,24.950000000000045,39.31428571428574,886408.85,No Signal
542,2024-09-11T00:00:00+05:30,1571.0,1581.6,1552.25,1561.7,1122926,1.5231046024276838,1577.8451308652334,1591.311922589476,-13.466791724242512,-11.586166413614329,29.34999999999991,10.949999999999818,18.40000000000009,29.34999999999991,37.55714285714287,918597.35,No Signal
543,2024-09-12T00:00:00+05:30,1569.0,1594.1,1566.3,1591.0,445898,1.4678981600480825,1579.8689568859668,1591.2888172124776,-11.419860326510843,-11.552905196193633,27.799999999999955,32.399999999999864,4.599999999999909,32.399999999999864,37.36785714285715,917671.05,No Signal
544,2024-09-13T00:00:00+05:30,1588.0,1629.7,1587.1,1616.25,1776046,1.4961064402819872,1585.466040441972,1593.137793715257,-7.671753273285049,-10.776674811611917,42.600000000000136,38.700000000000045,3.900000000000091,42.600000000000136,38.664285714285725,969248.8,No Signal
545,2024-09-16T00:00:00+05:30,1625.0,1625.0,1586.6,1601.2,1739277,1.5187692002138062,1587.8866496047456,1593.7349941807936,-5.848344576048021,-9.79100876449914,38.40000000000009,8.75,29.65000000000009,38.40000000000009,38.35000000000001,996916.4,No Signal
546,2024-09-17T00:00:00+05:30,1606.0,1610.0,1578.1,1596.1,1441523,1.5139431872247493,1589.1502419732462,1593.910179797031,-4.759937823784867,-8.784794576356285,31.90000000000009,8.799999999999955,23.100000000000136,31.90000000000009,37.717857142857156,1016883.35,No Signal
547,2024-09-18T00:00:00+05:30,1599.95,1612.95,1562.05,1575.7,366662,1.5421354011868065,1587.0809739773622,1592.5612775898437,-5.480303612481521,-8.123896383581332,50.90000000000009,16.850000000000136,34.049999999999955,50.90000000000009,39.014285714285734,992520.0,No Signal
548,2024-09-19T00:00:00+05:30,1579.95,1594.8,1534.05,1585.95,887601,1.4599449925059051,1586.9069779808449,1592.0715533239293,-5.16457534308438,-7.532032175481942,60.75,19.09999999999991,41.65000000000009,60.75,42.2857142857143,989102.2,Buy
549,2024-09-20T00:00:00+05:30,1585.95,1600.95,1573.0,1591.35,976662,1.376347636759333,1587.5905198299456,1592.018104929564,-4.4275850996184545,-6.911142760309245,27.950000000000045,15.0,12.950000000000045,27.950000000000045,40.4607142857143,994522.1,No Signal
550,2024-09-23T00:00:00+05:30,1600.8,1626.0,1577.1,1582.2,2341523,1.1852951461525079,1586.761209086877,1591.2908378977445,-4.529628810867507,-6.434839970420898,48.90000000000009,34.65000000000009,14.25,48.90000000000009,41.91071428571432,1075940.95,Buy
551,2024-09-24T00:00:00+05:30,1582.9,1588.4,1557.5,1572.75,1095753,1.148521066708907,1584.6056384581266,1589.9174424979117,-5.311804039785102,-6.210232784293739,30.90000000000009,6.2000000000000455,24.700000000000045,30.90000000000009,39.767857142857174,1097759.85,No Signal
552,2024-09-25T00:00:00+05:30,1577.0,1581.4,1553.85,1559.5,1014215,1.202351675138664,1580.7432325414918,1587.6642986091774,-6.921066067685615,-6.352399440972114,27.550000000000182,8.650000000000091,18.90000000000009,27.550000000000182,38.90000000000004,1102071.85,No Signal
553,2024-09-26T00:00:00+05:30,1552.0,1555.1,1502.6,1528.5,1967406,1.447731373874524,1572.705812150493,1583.2817579714606,-10.57594582096749,-7.19710871697119,52.5,4.400000000000091,56.90000000000009,56.90000000000009,38.55357142857148,1159612.65,No Signal
554,2024-09-27T00:00:00+05:30,1534.0,1539.0,1520.0,1522.5,1217594,1.6617685344967885,1564.9818410504172,1578.7794055291301,-13.797564478712957,-8.517199869319544,19.0,10.5,8.5,19.0,37.31785714285719,1173929.85,No Signal
555,2024-09-30T00:00:00+05:30,1520.5,1537.75,1512.3,1516.6,753983,1.8733719726195193,1557.5384808888145,1574.1735236380835,-16.635042749268905,-10.140768445309417,25.450000000000045,15.25,10.200000000000045,25.450000000000045,37.35357142857148,1165076.1,No Signal
556,2024-10-01T00:00:00+05:30,1519.0,1555.0,1514.4,1530.2,472946,1.9585924272546325,1553.3325607520737,1570.916225590818,-17.5836648387442,-11.629347723996375,40.59999999999991,38.40000000000009,2.199999999999818,40.59999999999991,38.15714285714291,1144816.15,No Signal
557,2024-10-03T00:00:00+05:30,1529.0,1551.0,1473.05,1489.25,1217926,2.2799014348538966,1543.4737052517546,1564.8668755470537,-21.393170295299115,-13.582112238256924,77.95000000000005,20.799999999999955,57.15000000000009,77.95000000000005,41.41071428571435,1150961.9,Sell
558,2024-10-04T00:00:00+05:30,1488.0,1498.95,1460.15,1473.8,1162303,2.5798244907774164,1532.7546736745617,1558.1211810620869,-25.36650738752519,-15.938991268110577,38.799999999999955,9.700000000000045,29.09999999999991,38.799999999999955,41.13928571428577,1130933.15,Sell
559,2024-10-07T00:00:00+05:30,1477.95,1486.0,1425.1,1433.95,1454350,3.288815620992576,1517.553954647706,1548.9233157982285,-31.369361150522536,-19.02506524459297,60.90000000000009,12.200000000000045,48.700000000000045,60.90000000000009,42.74642857142862,1141488.65,Sell
560,2024-10-08T00:00:00+05:30,1433.0,1486.4,1429.4,1481.35,501482,3.3600552336070217,1511.9841154711357,1543.9178849983598,-31.933769527224058,-21.60680610111919,57.0,52.450000000000045,4.5499999999999545,57.0,44.53928571428576,1119012.95,Sell
561,2024-10-09T00:00:00+05:30,1485.05,1520.5,1482.35,1510.3,1303802,3.325266648791552,1511.7250207832687,1541.4276712947776,-29.702650511508864,-23.225974983197126,38.15000000000009,39.15000000000009,1.0,39.15000000000009,43.700000000000045,1162993.9,Sell
562,2024-10-10T00:00:00+05:30,1520.0,1526.9,1489.0,1501.05,978224,3.4008441440356854,1510.0827098935351,1538.4367326803497,-28.35402278681454,-24.25158454392061,37.90000000000009,16.600000000000136,21.299999999999955,37.90000000000009,42.06785714285719,1155758.8,Sell
563,2024-10-11T00:00:00+05:30,1505.05,1510.0,1479.95,1492.35,532795,3.4127124442607215,1507.354600679145,1535.0229006299535,-27.668299950808432,-24.934927625298176,30.049999999999955,8.950000000000045,21.09999999999991,30.049999999999955,42.21785714285719,1160103.65,Sell
564,2024-10-14T00:00:00+05:30,1486.1,1505.35,1474.25,1490.1,760996,3.2539525695523897,1504.7000467285072,1531.695278361068,-26.995231632560717,-25.346988426750684,31.09999999999991,13.0,18.09999999999991,31.09999999999991,40.946428571428605,1109351.15,Sell
565,2024-10-15T00:00:00+05:30,1505.75,1505.75,1475.85,1480.45,1222899,3.166143975879481,1500.969270308737,1527.8993318158036,-26.93006150706674,-25.663603042813897,29.90000000000009,15.650000000000091,14.25,29.90000000000009,40.875000000000036,1083532.25,Sell
566,2024-10-16T00:00:00+05:30,1484.0,1488.55,1456.45,1475.0,762827,3.0567992840614804,1496.9739979535466,1523.9808627924108,-27.006864838864203,-25.93225540202396,32.09999999999991,8.099999999999909,24.0,32.09999999999991,41.20000000000001,1049597.45,Sell
567,2024-10-17T00:00:00+05:30,1472.5,1478.8,1442.75,1471.1,1026919,3.0115470552052517,1492.9933828837702,1520.0637618448247,-27.07037896105453,-26.159880113830074,36.049999999999955,3.7999999999999545,32.25,36.049999999999955,39.71071428571429,1082610.3,No Signal
568,2024-10-18T00:00:00+05:30,1471.95,1485.0,1454.8,1474.75,888822,2.831466098341673,1490.1867085939593,1516.7071868933563,-26.520478299396927,-26.231999750943444,30.200000000000045,13.900000000000091,16.299999999999955,30.200000000000045,40.51071428571429,1082671.35,No Signal
569,2024-10-21T00:00:00+05:30,1475.0,1496.0,1436.65,1442.5,1263428,2.737082828790991,1482.8502918871964,1511.2103582345892,-28.36006634739283,-26.657613070233324,59.34999999999991,21.25,38.09999999999991,59.34999999999991,42.93214285714286,1097009.65,Sell
570,2024-10-22T00:00:00+05:30,1437.0,1442.2,1401.5,1406.2,684238,2.8542364623491316,1471.0579392891661,1503.4318131801751,-32.373873891009,-27.80086523438846,40.700000000000045,0.2999999999999545,41.0,41.0,42.96071428571429,1014145.4,Sell
571,2024-10-23T00:00:00+05:30,1406.05,1431.4,1392.55,1405.0,841615,2.84948275844628,1460.8951793985252,1496.1405677594214,-35.245388360896186,-29.289769859690008,38.850000000000136,25.200000000000045,13.650000000000091,38.850000000000136,40.16785714285715,1001438.5,No Signal
572,2024-10-24T00:00:00+05:30,1405.0,1432.9,1397.3,1429.65,475970,2.632976516749769,1456.088228721829,1491.215340517983,-35.12711179615394,-30.457238246982797,35.600000000000136,27.90000000000009,7.7000000000000455,35.600000000000136,39.93928571428574,974526.25,No Signal
573,2024-10-25T00:00:00+05:30,1438.05,1439.95,1390.0,1400.2,591131,2.8156674560798938,1447.4900396877015,1484.4734634425768,-36.983423754875275,-31.762475348561296,49.950000000000045,10.299999999999955,39.65000000000009,49.950000000000045,39.15714285714288,905712.5,No Signal
574,2024-10-28T00:00:00+05:30,1392.0,1409.0,1357.9,1365.5,1700514,3.2263208335806524,1434.8761874280551,1475.6606142986823,-40.78442687062716,-33.56686565297447,51.09999999999991,8.799999999999955,42.299999999999955,51.09999999999991,38.7357142857143,929858.5,No Signal
575,2024-10-29T00:00:00+05:30,1367.0,1387.0,1340.8,1383.35,714147,3.2995220268612737,1426.9490816698928,1468.8227910172984,-41.873709347405565,-35.22823439186069,46.200000000000045,21.5,24.700000000000045,46.200000000000045,39.23928571428572,927866.7,No Signal
576,2024-10-30T00:00:00+05:30,1383.35,1430.0,1376.35,1420.55,1095800,3.017456520907673,1425.9646075668325,1465.2470287197207,-39.28242115288822,-36.0390717440662,53.65000000000009,46.65000000000009,7.0,53.65000000000009,40.36428571428572,959009.4,No Signal
577,2024-10-31T00:00:00+05:30,1415.0,1441.2,1395.25,1410.15,844545,3.037247300020162,1423.531591018089,1461.1657673330747,-37.63417631498555,-36.35809265825007,45.950000000000045,20.65000000000009,25.299999999999955,45.950000000000045,41.500000000000014,940340.35,Sell
578,2024-11-01T00:00:00+05:30,1428.0,1428.0,1391.0,1418.65,95867,3.017908527280388,1422.780577015306,1458.0164512343283,-35.23587421902221,-36.1336489704045,37.0,17.84999999999991,19.15000000000009,37.0,41.92142857142859,887018.55,Buy
579,2024-11-04T00:00:00+05:30,1422.2,1435.0,1395.5,1422.9,715523,3.0240415463678394,1422.798949782182,1455.4152326243782,-32.61628284219614,-35.430175744762835,39.5,16.34999999999991,23.15000000000009,39.5,42.607142857142875,850077.2,Buy
580,2024-11-05T00:00:00+05:30,1450.0,1464.75,1417.5,1460.8,1623271,2.8978191223269203,1428.645265200308,1455.8141042818315,-27.16883908152363,-33.777908412114996,47.25,41.84999999999991,5.400000000000091,47.25,43.68928571428574,906166.65,Buy
581,2024-11-06T00:00:00+05:30,1460.9,1482.9,1451.6,1471.05,990250,2.7115124939782325,1435.1690705541066,1456.942689149844,-21.77361859573739,-31.377050448839476,31.300000000000182,22.100000000000136,9.200000000000045,31.300000000000182,43.35000000000004,890489.05,Buy
582,2024-11-07T00:00:00+05:30,1475.0,1479.45,1441.5,1446.65,584800,2.5822724342679435,1436.9353673919363,1456.1802677313372,-19.24490033940083,-28.950620426951748,37.950000000000045,8.400000000000091,29.549999999999955,37.950000000000045,43.90357142857147,870817.85,Buy
583,2024-11-08T00:00:00+05:30,1450.05,1456.6,1416.15,1420.05,811080,2.4856004820204345,1434.3376185624077,1453.50395160309,-19.166333040682275,-26.993762949697853,40.44999999999982,9.949999999999818,30.5,40.44999999999982,42.55357142857146,884732.1,Buy
584,2024-11-11T00:00:00+05:30,1414.1,1420.05,1380.2,1397.5,692395,2.4105975765441974,1428.6702926297296,1449.3555107436018,-20.685218113872224,-25.73205398253273,39.84999999999991,0.0,39.84999999999991,39.84999999999991,42.471428571428596,881302.05,Buy
585,2024-11-12T00:00:00+05:30,1397.5,1397.55,1340.0,1360.6,745108,2.5649124539797,1418.1979399174634,1442.781028466298,-24.583088548834667,-25.502260895793118,57.549999999999955,0.049999999999954525,57.5,57.549999999999955,43.80714285714287,857412.5,Buy
586,2024-11-13T00:00:00+05:30,1360.0,1363.35,1312.7,1321.5,584312,3.00186529873774,1403.3213337763152,1433.7972485799055,-30.475914803590285,-26.496991677352554,50.649999999999864,2.75,47.899999999999864,50.649999999999864,44.88214285714285,848486.75,Sell
587,2024-11-14T00:00:00+05:30,1321.5,1356.9,1301.55,1328.75,1860816,3.1641857945509466,1391.8488208876513,1426.0159709073198,-34.1671500196685,-28.031023345815743,55.350000000000136,35.40000000000009,19.950000000000045,55.350000000000136,45.267857142857146,890181.6,Sell
588,2024-11-18T00:00:00+05:30,1329.0,1336.35,1286.6,1304.55,1548457,3.4654323957190925,1378.4182330587819,1417.0184915808516,-38.60025852206968,-30.144870381066532,49.75,7.599999999999909,42.15000000000009,49.75,45.17142857142858,923163.35,Sell
589,2024-11-19T00:00:00+05:30,1296.0,1355.35,1296.0,1323.35,1521514,3.568980989027211,1369.9461972035847,1410.0800847970847,-40.13388759350005,-32.14267382355324,59.34999999999991,50.799999999999955,8.549999999999955,59.34999999999991,46.11071428571428,936067.65,Sell
590,2024-11-21T00:00:00+05:30,1314.15,1317.95,1288.6,1296.2,571103,4.01189963403576,1358.6006284030332,1401.6445229602637,-43.04389455723049,-34.32291797028869,29.350000000000136,5.399999999999864,34.75,34.75,44.76071428571428,930410.9,Sell
591,2024-11-22T00:00:00+05:30,1299.0,1326.7,1296.35,1316.15,325496,4.128514196584848,1352.0697624948743,1395.3115953335775,-43.2418328387032,-36.106700943971596,30.350000000000136,30.5,0.14999999999986358,30.5,43.657142857142844,904604.95,Sell
592,2024-11-25T00:00:00+05:30,1328.0,1350.0,1314.55,1319.55,1609259,4.178468608714421,1347.0667221110475,1389.699625308868,-42.6329031978205,-37.411941394741376,35.450000000000045,33.84999999999991,1.6000000000001364,35.450000000000045,43.546428571428564,961269.4,Sell
593,2024-11-26T00:00:00+05:30,1320.0,1333.6,1315.25,1322.15,471592,4.260967923974247,1343.2333802478095,1384.695949360063,-41.462569112253504,-38.222066938243806,18.34999999999991,14.049999999999955,4.2999999999999545,18.34999999999991,42.03571428571427,955292.45,No Signal
594,2024-11-27T00:00:00+05:30,1325.25,1332.4,1313.2,1325.4,359994,4.3318385629871665,1340.4897832866081,1380.3036568148732,-39.81387352826505,-38.540428256248056,19.200000000000045,10.25,8.950000000000045,19.200000000000045,40.032142857142844,888266.45,No Signal
595,2024-11-28T00:00:00+05:30,1326.0,1360.3,1316.85,1329.2,1254378,4.378297193749136,1338.7528935502069,1376.5182007545122,-37.76530720430537,-38.385404045859524,43.450000000000045,34.899999999999864,8.550000000000182,43.450000000000045,40.89999999999998,915278.0,No Signal
596,2024-11-29T00:00:00+05:30,1332.0,1345.85,1325.95,1332.25,705598,4.321130259629503,1337.7524483886366,1373.2390747726965,-35.486626384059946,-37.80564851349961,19.899999999999864,16.649999999999864,3.25,19.899999999999864,39.61071428571425,895767.9,No Signal
597,2024-12-02T00:00:00+05:30,1329.5,1349.8,1305.35,1343.75,982093,4.228491807022082,1338.6751486365388,1371.0546988636079,-32.3795502270691,-36.72042885621351,44.450000000000045,17.549999999999955,26.90000000000009,44.450000000000045,39.89642857142855,902645.3,No Signal
598,2024-12-03T00:00:00+05:30,1346.0,1355.95,1338.1,1350.4,791810,4.097709525722294,1340.4789719232251,1369.5247211700073,-29.04574924678218,-35.18549293432724,17.850000000000136,12.200000000000045,5.650000000000091,17.850000000000136,38.324999999999996,937442.45,No Signal
599,2024-12-04T00:00:00+05:30,1364.9,1386.45,1351.4,1377.9,2021679,3.883635428469228,1346.236053165806,1370.1451121944513,-23.909059028645288,-32.93020615319085,35.049999999999955,36.049999999999955,1.0,36.049999999999955,36.78928571428571,1002750.25,No Signal
600,2024-12-05T00:00:00+05:30,1394.95,1394.95,1360.85,1379.2,1249730,3.4835009887704613,1351.3074296018358,1370.815844624492,-19.50841502265621,-30.245847927083926,34.100000000000136,17.049999999999955,17.050000000000182,34.100000000000136,35.607142857142875,984073.2,No Signal
601,2024-12-06T00:00:00+05:30,1383.0,1385.0,1351.3,1354.75,637711,2.8996334931857306,1351.837055816938,1369.6257820597148,-17.788726242776875,-27.754423590222515,33.700000000000045,5.7999999999999545,27.90000000000009,33.700000000000045,34.0607142857143,966446.25,No Signal
602,2024-12-09T00:00:00+05:30,1354.75,1375.0,1341.0,1363.45,909119,2.343361264010209,1353.623662614332,1369.168316721958,-15.544654107626002,-25.312469693703214,34.0,20.25,13.75,34.0,32.9357142857143,982662.2,No Signal
603,2024-12-10T00:00:00+05:30,1370.0,1376.05,1350.3,1361.2,714858,1.9695630962512378,1354.7892529813578,1368.57807103885,-13.788818057492335,-23.00773936646104,25.75,12.599999999999909,13.150000000000091,25.75,30.535714285714302,977851.1,No Signal
604,2024-12-10T00:00:00+05:30,1370.0,1376.05,1350.3,1361.2,714858,1.7484322651438875,1355.7755217534566,1368.0315472581945,-12.256025504737863,-20.857396594116405,25.75,14.849999999999909,10.900000000000091,25.75,29.89285714285716,978974.25,No Signal
605,2024-12-11T00:00:00+05:30,1365.15,1385.0,1343.95,1379.4,1760051,1.8162668699497957,1359.4100568683095,1368.8736548686986,-9.463598000389084,-18.578636875370943,41.049999999999955,23.799999999999955,17.25,41.049999999999955,30.646428571428583,1029721.4,No Signal
606,2024-12-12T00:00:00+05:30,1378.9,1379.0,1350.05,1352.45,937430,1.8364594293408296,1358.3392788885697,1367.6570878413877,-9.31780895281804,-16.726471290860363,28.950000000000045,0.40000000000009095,29.350000000000136,29.350000000000136,30.210714285714307,1047377.3,No Signal
607,2024-12-13T00:00:00+05:30,1352.0,1356.05,1318.95,1348.3,580701,1.8327899588287764,1356.7947744441742,1366.2232294827663,-9.42845503859212,-15.266868040406715,37.09999999999991,3.599999999999909,33.5,37.09999999999991,31.55000000000002,983371.55,No Signal
608,2024-12-16T00:00:00+05:30,1357.25,1372.95,1348.5,1364.1,1080759,1.7238633952677151,1357.9186552989165,1366.0659532247837,-8.147297925867178,-13.842954017498808,24.450000000000045,24.65000000000009,0.20000000000004547,24.65000000000009,31.939285714285738,959986.65,No Signal
609,2024-12-17T00:00:00+05:30,1364.1,1370.7,1333.0,1340.6,1074430,1.7148388896423814,1355.2542467913909,1364.1795863192442,-8.925339527853339,-12.859431119569715,37.700000000000045,6.600000000000136,31.09999999999991,37.700000000000045,31.52857142857145,937632.45,No Signal
610,2024-12-18T00:00:00+05:30,1340.6,1349.95,1303.35,1306.45,637487,1.6772437497988877,1347.7459011311769,1359.903320665967,-12.157419534790051,-12.719028802613783,46.600000000000136,9.350000000000136,37.25,46.600000000000136,33.435714285714326,940951.65,No Signal
611,2024-12-19T00:00:00+05:30,1290.0,1316.9,1275.5,1297.8,1019636,1.815918491572608,1340.061916341765,1355.3030746907102,-15.241158348945191,-13.223454711880066,41.40000000000009,10.450000000000045,30.950000000000045,41.40000000000009,33.21785714285719,975658.65,No Signal
612,2024-12-20T00:00:00+05:30,1297.8,1315.7,1274.35,1278.9,1495889,2.139890372063805,1330.6523907507242,1349.6435876765836,-18.991196925859413,-14.377003154675936,41.350000000000136,17.90000000000009,23.450000000000045,41.350000000000136,34.896428571428615,969990.15,No Signal
613,2024-12-23T00:00:00+05:30,1284.0,1310.0,1272.2,1299.2,915584,2.213123361275856,1325.813561404459,1345.9070256264663,-20.093464222007242,-15.520295368142198,37.799999999999955,31.09999999999991,6.7000000000000455,37.799999999999955,35.021428571428615,992189.75,Sell
614,2024-12-24T00:00:00+05:30,1301.0,1330.75,1293.9,1324.8,805397,2.1717814840581084,1325.6576288806962,1344.343542246728,-18.685913366031855,-16.153418967720132,36.84999999999991,31.549999999999955,5.2999999999999545,36.84999999999991,35.21785714285717,1014459.9,Sell
615,2024-12-26T00:00:00+05:30,1328.0,1331.85,1308.1,1314.25,962802,2.230783748542016,1323.9026090528967,1342.1143909691925,-18.211781916295877,-16.56509155743528,23.75,7.0499999999999545,16.700000000000045,23.75,34.50714285714288,999881.1,Sell
616,2024-12-27T00:00:00+05:30,1320.0,1347.0,1311.6,1314.85,1037735,2.271035100143014,1322.5098999678357,1340.094806452956,-17.5849064851202,-16.769054542972267,35.40000000000009,32.75,2.650000000000091,35.40000000000009,34.60714285714289,1016487.95,Sell
617,2024-12-30T00:00:00+05:30,1308.7,1315.15,1281.25,1302.35,3744544,2.3838263107126263,1319.408376895861,1337.298894863848,-17.89051796798708,-16.99334722797523,33.90000000000009,0.3000000000001819,33.59999999999991,33.90000000000009,35.18928571428575,1154610.5,Sell
618,2024-12-31T00:00:00+05:30,1301.0,1312.65,1278.85,1299.5,558405,2.4697326566761184,1316.3455496811132,1334.4989767257853,-18.15342704467207,-17.2253631913146,33.80000000000018,10.300000000000182,23.5,33.80000000000018,35.76428571428577,1142940.25,Sell
619,2025-01-01T00:00:00+05:30,1303.3,1304.65,1288.15,1299.9,358152,2.4211033646482467,1313.8154651147881,1331.9360895609123,-18.12062444612411,-17.404415442276502,16.5,5.150000000000091,11.349999999999909,16.5,34.01071428571434,1059763.9,Sell
620,2025-01-02T00:00:00+05:30,1300.0,1320.95,1295.0,1315.7,749880,2.2514539001793334,1314.105393558667,1330.733416260104,-16.628022701436976,-17.2491368941086,25.950000000000045,21.049999999999955,4.900000000000091,25.950000000000045,33.76785714285719,1034771.4,Buy
621,2025-01-03T00:00:00+05:30,1318.2,1322.0,1291.0,1296.15,1816419,2.3017614638348403,1311.3430253188722,1328.1716817223185,-16.828656403446303,-17.16504079597614,31.0,6.2999999999999545,24.700000000000045,31.0,33.33214285714291,1093706.8,Buy
622,2025-01-06T00:00:00+05:30,1296.3,1301.65,1251.15,1260.75,758114,2.5243674716945836,1303.5594829621225,1323.1774830762208,-19.618000114098322,-17.655632659600577,50.5,5.5,45.0,50.5,35.17857142857148,1086156.55,Sell
623,2025-01-07T00:00:00+05:30,1271.95,1290.0,1258.35,1270.05,823200,2.5411074759794716,1298.4041778910266,1319.2421139594637,-20.837936068437102,-18.292093341367885,31.65000000000009,29.25,2.400000000000091,31.65000000000009,34.74642857142862,1091573.65,Sell
624,2025-01-08T00:00:00+05:30,1270.05,1271.95,1225.0,1248.55,855048,2.709064745285489,1290.7343043693302,1314.0056610735776,-23.27135670424741,-19.28794601394379,46.950000000000045,1.900000000000091,45.049999999999955,46.950000000000045,34.771428571428615,1098583.15,Sell
625,2025-01-09T00:00:00+05:30,1248.0,1254.45,1225.0,1227.3,636615,2.8235994684790233,1280.9751806202025,1307.5830195125718,-26.607838892369273,-20.75192458962889,29.450000000000045,5.900000000000091,23.549999999999955,29.450000000000045,33.91785714285719,1042411.35,Sell
626,2025-01-10T00:00:00+05:30,1225.05,1229.1,1203.45,1209.85,868167,3.1763927721066842,1270.0328451401713,1300.3435365857147,-30.310691445543398,-22.663677960811793,25.649999999999864,1.7999999999999545,23.84999999999991,25.649999999999864,32.79642857142859,1038948.2,No Signal
627,2025-01-13T00:00:00+05:30,1204.8,1211.3,1167.55,1169.85,1720272,3.9041811100895005,1254.620099733991,1290.6773486904765,-36.05724895648541,-25.342392159946517,43.75,1.4500000000000455,42.299999999999955,43.75,33.221428571428596,1095926.75,No Signal
628,2025-01-14T00:00:00+05:30,1169.85,1202.9,1169.85,1190.4,1507971,3.9273958268925124,1244.7400843903001,1283.2493969356265,-38.50931254532634,-27.975776237022483,33.05000000000018,33.05000000000018,0.0,33.05000000000018,32.950000000000045,1117287.35,No Signal
629,2025-01-14T00:00:00+05:30,1169.85,1202.9,1169.85,1190.4,1507971,4.05466563046537,1236.380071407177,1276.3716638292838,-39.991592422106805,-30.37893947403935,33.05000000000018,12.5,20.550000000000182,33.05000000000018,33.61428571428577,1138964.4,No Signal
630,2025-01-15T00:00:00+05:30,1199.0,1208.85,1170.8,1183.55,1300950,4.3283664886568705,1228.252368113765,1269.4959850271146,-41.24361691334957,-32.5518749619014,38.049999999999955,18.449999999999818,19.600000000000136,38.049999999999955,33.80357142857148,1172137.55,No Signal
631,2025-01-16T00:00:00+05:30,1190.0,1222.95,1190.0,1205.25,1506184,4.335315076560002,1224.7135422501087,1264.7370231732543,-40.0234809231456,-34.04619615415024,32.950000000000045,39.40000000000009,6.4500000000000455,39.40000000000009,34.19642857142862,1196464.95,No Signal
632,2025-01-17T00:00:00+05:30,1209.0,1217.8,1197.45,1207.5,745195,4.416214029777119,1222.0653049808611,1260.4972436789392,-38.431938698078056,-34.923344662935804,20.34999999999991,12.549999999999955,7.7999999999999545,20.34999999999991,33.235714285714316,1158930.25,No Signal
633,2025-01-20T00:00:00+05:30,1213.0,1225.9,1196.15,1217.2,424789,4.356065508676747,1221.3167965222672,1257.2900404434622,-35.973243921195035,-35.13332451458765,29.75,18.40000000000009,11.349999999999909,29.75,34.182142857142885,1134390.5,Sell
634,2025-01-21T00:00:00+05:30,1223.3,1234.35,1199.55,1201.65,986443,4.268729500051906,1218.2911355188414,1253.1685559661687,-34.87742044732727,-35.08214370113557,34.799999999999955,17.149999999999864,17.65000000000009,34.799999999999955,34.81428571428574,1143442.8,Buy
635,2025-01-22T00:00:00+05:30,1210.95,1229.1,1186.05,1226.45,1450962,3.9845863298521857,1219.5463454390197,1251.1894036723784,-31.643058233358715,-34.394326607580204,43.049999999999955,27.449999999999818,15.600000000000136,43.049999999999955,35.67500000000002,1167850.8,Buy
636,2025-01-23T00:00:00+05:30,1219.65,1239.5,1206.45,1227.75,503606,3.730981385262471,1220.8084461407088,1249.4531515484985,-28.644705407789615,-33.24440236762209,33.049999999999955,13.049999999999955,20.0,33.049999999999955,34.428571428571445,1141144.35,Buy
637,2025-01-24T00:00:00+05:30,1230.05,1243.85,1211.25,1216.55,459008,3.5647766475085807,1220.1533005805998,1247.0158810634246,-26.862580482824796,-31.96803799066263,32.59999999999991,16.09999999999991,16.5,32.59999999999991,34.496428571428574,976867.55,Buy
638,2025-01-27T00:00:00+05:30,1210.6,1235.6,1181.05,1197.35,526050,3.433093145072503,1216.6451004912767,1243.3369269105783,-26.691826419301606,-30.912795676390427,54.549999999999955,19.049999999999955,35.5,54.549999999999955,35.03928571428571,975249.8,Buy
639,2025-01-28T00:00:00+05:30,1210.0,1227.35,1181.65,1211.1,749314,3.103688636977,1215.7920081080033,1240.9490063986837,-25.15699829068035,-29.761636199248414,45.69999999999982,30.0,15.699999999999818,45.69999999999982,36.19999999999998,994807.9,Buy
640,2025-01-29T00:00:00+05:30,1210.05,1220.4,1190.25,1197.4,604487,2.5964931709888783,1212.9624683990796,1237.7231540728553,-24.760685673775697,-28.76144609415387,30.15000000000009,9.300000000000182,20.84999999999991,30.15000000000009,36.521428571428565,987538.25,Buy
641,2025-01-30T00:00:00+05:30,1200.0,1205.05,1180.0,1184.05,2102523,2.1858313300105463,1208.5143963376827,1233.7473648822734,-25.232968544590676,-28.055750584241235,25.049999999999955,7.649999999999864,17.40000000000009,25.049999999999955,35.185714285714276,1001843.45,Buy
642,2025-01-31T00:00:00+05:30,1182.5,1238.0,1182.5,1224.05,627704,1.9149462891678313,1210.9044892088084,1233.0290415576605,-22.12455234885215,-26.86951093716342,55.5,53.950000000000045,1.5499999999999545,55.5,36.7892857142857,995322.95,Buy
643,2025-02-01T00:00:00+05:30,1238.0,1240.95,1148.55,1175.15,872295,1.708245093434875,1205.4037985612995,1228.741705145982,-23.337906584682514,-26.16319006666724,92.40000000000009,16.90000000000009,75.5,92.40000000000009,41.028571428571404,997777.7,Buy
644,2025-02-03T00:00:00+05:30,1166.0,1166.0,1123.0,1139.1,1589240,1.9762084876503434,1195.2032141672535,1222.1015788388722,-26.898364671618765,-26.31022498765755,43.0,9.150000000000091,52.15000000000009,52.15000000000009,42.03571428571427,1034487.3,Sell
645,2025-02-04T00:00:00+05:30,1162.95,1199.1,1159.95,1171.9,1501122,1.9110346298129948,1191.6181042953683,1218.382943369326,-26.764839073957774,-26.401147804917596,39.149999999999864,60.0,20.850000000000136,60.0,43.50714285714283,1077712.65,Sell
646,2025-02-05T00:00:00+05:30,1174.8,1184.5,1149.0,1156.55,2461419,2.070317170782434,1186.2230113268502,1213.8027253419687,-27.579714015118498,-26.636861046957776,35.5,12.599999999999909,22.90000000000009,35.5,44.5892857142857,1157375.25,Sell
647,2025-02-06T00:00:00+05:30,1162.75,1163.0,1132.4,1137.7,855048,2.3403799594977888,1178.7579326611808,1208.1654864277489,-29.40755376656807,-27.190999590879837,30.59999999999991,6.4500000000000455,24.149999999999864,30.59999999999991,44.64999999999998,1114114.05,Sell
648,2025-02-07T00:00:00+05:30,1137.7,1148.5,1125.65,1139.45,1231822,2.5631681176423484,1172.7105584056146,1203.0754503960638,-30.364891990449223,-27.825778070793717,22.84999999999991,10.799999999999955,12.049999999999955,22.84999999999991,43.79642857142854,1100306.6,Sell
649,2025-02-10T00:00:00+05:30,1144.9,1148.4,1130.5,1134.8,460118,2.7980046792529967,1166.878164804751,1198.018009625985,-31.139844821234192,-28.488591420881814,17.90000000000009,8.950000000000045,8.950000000000045,17.90000000000009,41.999999999999986,1047913.95,Sell
650,2025-02-11T00:00:00+05:30,1133.9,1134.75,1108.05,1112.3,793322,3.2331821345282648,1158.4815240655585,1191.6685274314677,-33.18700336590928,-29.42827380988731,26.700000000000045,0.049999999999954525,26.75,26.75,41.54999999999999,1022532.55,Sell
651,2025-02-12T00:00:00+05:30,1112.9,1117.0,1070.8,1104.65,1217773,3.5938268934425226,1150.1997511323957,1185.2227105846923,-35.02295945229662,-30.547210938369172,46.200000000000045,4.7000000000000455,41.5,46.200000000000045,42.521428571428565,1008112.0,Sell
652,2025-02-13T00:00:00+05:30,1075.0,1099.05,1044.7,1076.2,3020065,4.202945648474627,1138.815174035104,1177.1469542450855,-38.33178020998139,-32.104124792691614,54.34999999999991,5.600000000000136,59.950000000000045,59.950000000000045,42.90714285714286,1121855.5,Sell
653,2025-02-14T00:00:00+05:30,1088.75,1106.3,1059.55,1078.35,1776818,4.502695138910918,1129.512839568165,1169.8286613380421,-40.315821769877175,-33.746464188128726,46.75,30.09999999999991,16.65000000000009,46.75,42.982142857142875,1189456.95,Sell
654,2025-02-17T00:00:00+05:30,1078.35,1088.7,1051.55,1082.65,425715,4.722745688316759,1122.3031719422934,1163.3709827204093,-41.06781077811593,-35.21073350612617,37.15000000000009,10.350000000000136,26.799999999999955,37.15000000000009,43.482142857142875,1161420.55,Sell
655,2025-02-18T00:00:00+05:30,1082.35,1082.75,1051.05,1076.95,976428,4.807911303497139,1115.3257608742483,1156.9694284448235,-41.64366757057519,-36.49732031901598,31.700000000000045,0.09999999999990905,31.600000000000136,31.700000000000045,43.95714285714288,1137693.85,Sell
656,2025-02-19T00:00:00+05:30,1058.0,1082.85,1047.6,1076.05,346156,4.761621913988683,1109.283336124364,1150.97539670817,-41.69206058380587,-37.53626837197396,35.25,5.899999999999864,29.350000000000136,35.25,42.51071428571431,1129821.35,Sell
657,2025-02-20T00:00:00+05:30,1091.0,1103.45,1067.95,1081.35,1894343,4.638141199291466,1104.9858997975389,1145.817959914972,-40.83206011743323,-38.195426721065814,35.5,27.40000000000009,8.099999999999909,35.5,38.44642857142859,1201588.1,No Signal
658,2025-02-21T00:00:00+05:30,1083.0,1098.2,1053.55,1058.95,564026,4.821141546940177,1097.9034536748406,1139.3832962175668,-41.479842542726146,-38.85230988539788,44.65000000000009,16.850000000000136,27.799999999999955,44.65000000000009,37.9107142857143,1203486.9,No Signal
659,2025-02-24T00:00:00+05:30,1048.15,1050.35,1037.15,1041.55,486862,4.907909207547091,1089.233691571019,1132.136385386636,-42.902693815616885,-39.66238667144168,13.199999999999818,8.600000000000136,21.799999999999955,21.799999999999955,35.18214285714287,1190364.3,No Signal
660,2025-02-24T00:00:00+05:30,1048.15,1050.35,1037.15,1041.55,486862,4.893811515463945,1081.8977390216317,1125.4262827654036,-43.528543743771934,-40.435618085907734,13.199999999999818,8.799999999999955,4.399999999999864,13.199999999999818,33.589285714285715,1184483.05,No Signal
661,2025-02-25T00:00:00+05:30,1039.5,1054.35,1038.7,1045.2,660269,4.829425070473495,1076.2519330183038,1119.4835951531516,-43.23166213484774,-40.99482689569574,15.649999999999864,12.799999999999955,2.849999999999909,15.649999999999864,32.521428571428565,1112370.35,No Signal
