,Date,Open,High,Low,Close,Volume,Volatility,EMA12,EMA26,MACD,Signal Line,H-L,H-PC,L-PC,TR,ATR,Avg_Volume,Signal
0,2022-07-05T00:00:00+05:30,158.55,167.2,158.55,162.7,2905084,,162.7,162.7,0.0,0.0,8.649999999999977,,,8.649999999999977,,,No Signal
1,2022-07-06T00:00:00+05:30,162.3,163.7,156.1,163.25,1886514,,162.78461538461536,162.74074074074073,0.04387464387463069,0.008774928774926138,7.599999999999994,1.0,6.599999999999994,7.599999999999994,,,No Signal
2,2022-07-07T00:00:00+05:30,164.45,165.55,161.65,163.35,565083,,162.87159763313608,162.78587105624143,0.08572657689464336,0.02416525839886958,3.9000000000000057,2.3000000000000114,1.5999999999999943,3.9000000000000057,,,No Signal
3,2022-07-08T00:00:00+05:30,164.0,168.4,162.6,167.55,1218013,,163.59135184342284,163.13876949651984,0.45258234690300014,0.1098486760996957,5.800000000000011,5.050000000000011,0.75,5.800000000000011,,,No Signal
4,2022-07-11T00:00:00+05:30,166.95,170.85,165.0,166.95,1279666,,164.1080669444347,163.421082867148,0.6869840772867235,0.22527575633710126,5.849999999999994,3.299999999999983,2.5500000000000114,5.849999999999994,,,No Signal
5,2022-07-12T00:00:00+05:30,166.0,166.9,162.2,163.1,667863,,163.952979722214,163.39729895106296,0.5556807711510316,0.29135675929988736,4.700000000000017,0.04999999999998295,4.75,4.75,,,No Signal
6,2022-07-13T00:00:00+05:30,164.3,166.35,160.05,162.2,1017387,,163.68329053418108,163.3086101398731,0.3746803943079726,0.30802148630150444,6.299999999999983,3.25,3.049999999999983,6.299999999999983,,,No Signal
7,2022-07-14T00:00:00+05:30,162.45,163.75,160.3,162.55,568661,,163.50893814430708,163.2524167961788,0.256521348128274,0.29772145866685834,3.4499999999999886,1.5500000000000114,1.8999999999999773,3.4499999999999886,,,No Signal
8,2022-07-15T00:00:00+05:30,162.35,165.5,162.0,164.75,473663,,163.6998707374906,163.36334888535075,0.3365218521398674,0.30548153736146016,3.5,2.9499999999999886,0.5500000000000114,3.5,,,No Signal
9,2022-07-18T00:00:00+05:30,166.1,170.0,165.95,168.05,2122685,,164.36912139326128,163.7105082271766,0.6586131660846775,0.37610786310610367,4.050000000000011,5.25,1.1999999999999886,5.25,,,No Signal
10,2022-07-19T00:00:00+05:30,168.65,170.7,166.6,167.45,1087819,,164.84310271737493,163.9875076177561,0.8555950996188244,0.47200531040864785,4.099999999999994,2.6499999999999773,1.450000000000017,4.099999999999994,,,No Signal
11,2022-07-20T00:00:00+05:30,168.95,170.8,164.25,165.45,704527,,164.9364715300865,164.0958403868112,0.8406311432752887,0.5457304769819761,6.550000000000011,3.3500000000000227,3.1999999999999886,6.550000000000011,,,No Signal
12,2022-07-21T00:00:00+05:30,166.45,167.75,164.5,165.4,756757,,165.00778360238087,164.19244480260298,0.8153387997778907,0.5996521415411591,3.25,2.3000000000000114,0.9499999999999886,3.25,,,No Signal
13,2022-07-22T00:00:00+05:30,166.0,168.5,164.25,166.3,661686,,165.2065861250915,164.34856000241015,0.8580261226813377,0.6513269377691948,4.25,3.0999999999999943,1.1500000000000057,4.25,5.228571428571426,,No Signal
14,2022-07-25T00:00:00+05:30,167.45,170.0,162.4,162.95,1151229,,164.85941902892355,164.2449629651946,0.6144560637289658,0.643952762961149,7.599999999999994,3.6999999999999886,3.9000000000000057,7.599999999999994,5.153571428571427,,No Signal
15,2022-07-26T00:00:00+05:30,163.75,163.75,156.8,157.55,742795,,163.7348930244738,163.74903978258757,-0.014146758113781743,0.5123328587461629,6.949999999999989,0.8000000000000114,6.149999999999977,6.949999999999989,5.107142857142855,,No Signal
16,2022-07-27T00:00:00+05:30,158.25,158.25,154.45,156.0,787459,,162.54490948224705,163.17503683572923,-0.6301273534821803,0.28384081630049424,3.8000000000000114,0.6999999999999886,3.1000000000000227,3.8000000000000114,5.099999999999999,,No Signal
17,2022-07-28T00:00:00+05:30,158.65,168.45,158.65,165.35,4238463,,162.97646186959366,163.3361452182678,-0.35968334867413887,0.15513598330556763,9.799999999999983,12.449999999999989,2.6500000000000057,12.449999999999989,5.574999999999997,,No Signal
18,2022-07-29T00:00:00+05:30,166.5,181.9,161.3,178.95,8796329,,165.43392927427155,164.49272705395168,0.941202220319866,0.31234923070842735,20.599999999999994,16.55000000000001,4.049999999999983,20.599999999999994,6.6285714285714255,,No Signal
19,2022-08-01T00:00:00+05:30,179.0,184.8,177.0,183.05,4508559,3.3375436927836475,168.1440940013067,165.8673398647701,2.276754136536624,0.7052302118740668,7.800000000000011,5.850000000000023,1.9499999999999886,7.800000000000011,6.846428571428569,1807012.1,No Signal
20,2022-08-02T00:00:00+05:30,182.4,183.45,176.0,176.9,2234985,3.7070534902188648,169.49115646264414,166.68457394886119,2.8065825137829563,1.1255006722558447,7.449999999999989,0.39999999999997726,7.050000000000011,7.449999999999989,6.928571428571426,1773507.15,No Signal
21,2022-08-03T00:00:00+05:30,177.7,192.9,177.15,186.75,19094668,4.2480488563359815,172.14636316069888,168.17090180450109,3.9754613561977976,1.6954928090442354,15.75,16.0,0.25,16.0,7.824999999999998,2633914.85,No Signal
22,2022-08-04T00:00:00+05:30,187.7,191.95,179.0,184.4,6957474,4.722343321532937,174.0315380590529,169.3730572263899,4.6584808326630025,2.288090413767989,12.949999999999989,5.199999999999989,7.75,12.949999999999989,8.499999999999998,2953534.4,No Signal
23,2022-08-05T00:00:00+05:30,184.4,195.35,183.9,187.3,7707112,5.153915719461723,176.07283989612168,170.70097891332398,5.371860982797699,2.9048445275739314,11.449999999999989,10.949999999999989,0.5,11.449999999999989,8.94285714285714,3277989.35,No Signal
24,2022-08-08T00:00:00+05:30,187.9,191.6,182.7,188.65,3533911,5.578362729687824,178.00778760441065,172.03053603085553,5.977251573555122,3.5193259367701697,8.900000000000006,4.299999999999983,4.600000000000023,8.900000000000006,9.285714285714283,3390701.6,No Signal
25,2022-08-10T00:00:00+05:30,189.95,193.5,187.5,189.5,3194714,5.890440087245796,179.77582028065518,173.3245703989403,6.451249881714887,4.1057107257591134,6.0,4.849999999999994,1.1500000000000057,6.0,9.246428571428568,3517044.15,No Signal
26,2022-08-11T00:00:00+05:30,190.45,206.15,189.5,203.6,15917963,6.360432954155666,183.44107869901592,175.5671948138336,7.873883885182323,4.859345357643756,16.650000000000006,16.650000000000006,0.0,16.650000000000006,10.203571428571426,4262072.95,No Signal
27,2022-08-12T00:00:00+05:30,204.0,206.9,198.55,202.25,10252853,6.965533943689728,186.33475889916733,177.54369890169778,8.791059997469546,5.645688285608914,8.349999999999994,3.3000000000000114,5.049999999999983,8.349999999999994,10.496428571428568,4746282.55,No Signal
28,2022-08-16T00:00:00+05:30,204.7,211.4,201.15,203.35,7175984,7.411301524072083,188.95248829929542,179.45527676083128,9.497211538464143,6.41599293617996,10.25,9.150000000000006,1.0999999999999943,10.25,10.685714285714283,5081398.6,No Signal
29,2022-08-17T00:00:00+05:30,204.7,213.0,204.35,212.0,8232791,7.862866700552111,192.49825933017306,181.8659970007697,10.632262329403346,7.259246814824638,8.650000000000006,9.650000000000006,1.0,9.650000000000006,10.878571428571428,5386903.9,No Signal
30,2022-08-18T00:00:00+05:30,212.0,215.0,202.65,204.35,8420433,8.427547262284769,194.32160404860798,183.5314787044164,10.79012534419158,7.965422520698027,12.349999999999994,3.0,9.349999999999994,12.349999999999994,11.489285714285712,5753534.6,No Signal
31,2022-08-19T00:00:00+05:30,205.5,207.45,197.5,198.35,5025980,8.635460006308172,194.94135727189905,184.6291469485337,10.312210323365349,8.434780081231493,9.949999999999989,3.0999999999999943,6.849999999999994,9.949999999999989,11.310714285714283,5969607.25,No Signal
32,2022-08-22T00:00:00+05:30,198.35,203.85,193.25,196.25,4521053,8.55251450480069,195.14268692237613,185.48995087827194,9.652736044104188,8.678371273806032,10.599999999999994,5.5,5.099999999999994,10.599999999999994,10.59642857142857,6157822.05,Buy
33,2022-08-23T00:00:00+05:30,185.35,188.3,183.3,186.0,22767074,8.70147061072563,193.73611970354904,185.52773229469625,8.208387408852786,8.584374500815384,5.0,7.949999999999989,12.949999999999989,12.949999999999989,10.96428571428571,7263091.45,Sell
34,2022-08-24T00:00:00+05:30,187.7,190.0,186.5,188.05,4778010,8.101185436638685,192.8613320568492,185.71456693953357,7.146765117315624,8.296852624115433,3.5,4.0,0.5,4.0,10.71785714285714,7444430.5,Sell
35,2022-08-25T00:00:00+05:30,189.5,191.35,185.5,186.65,4005164,7.245607896641067,191.9057425096416,185.7838582773459,6.121884232295713,7.861858945751489,5.849999999999994,3.299999999999983,2.5500000000000114,5.849999999999994,9.992857142857138,7607548.95,Sell
36,2022-08-26T00:00:00+05:30,188.0,188.6,182.3,185.25,4520302,6.021338889491978,190.8817821235429,185.74431321976473,5.137468903778171,7.316980937356826,6.299999999999983,1.9499999999999886,4.349999999999994,6.299999999999983,9.517857142857139,7794191.1,Sell
37,2022-08-29T00:00:00+05:30,180.5,182.25,177.0,180.05,4634137,5.457300260586428,189.21535410453632,185.3225122405229,3.8928418640134055,6.632153122688142,5.25,3.0,8.25,8.25,9.289285714285711,7813974.8,No Signal
38,2022-08-30T00:00:00+05:30,182.65,184.5,181.7,184.05,5299304,5.192574264610291,188.42068424229996,185.22825207455824,3.192432167741714,5.9442089316988564,2.8000000000000114,4.449999999999989,1.6499999999999773,4.449999999999989,8.971428571428566,7639123.55,No Signal
39,2022-09-01T00:00:00+05:30,182.0,184.0,180.0,181.25,3298655,5.322557714771501,187.3175020511769,184.93356673570207,2.3839353154748153,5.232154208454048,4.0,0.05000000000001137,4.050000000000011,4.050000000000011,8.832142857142854,7578628.35,No Signal
40,2022-09-02T00:00:00+05:30,182.7,183.25,180.8,182.0,2256305,5.115068513913943,186.4994248125343,184.71626549602044,1.78315931651386,4.54235523006601,2.4499999999999886,2.0,0.44999999999998863,2.4499999999999886,7.817857142857138,7579694.35,No Signal
41,2022-09-05T00:00:00+05:30,183.05,188.2,182.15,185.5,6293404,5.038884179749655,186.34566714906748,184.77431990372264,1.571347245344839,3.9481536331217764,6.049999999999983,6.199999999999989,0.15000000000000568,6.199999999999989,7.664285714285709,6939631.15,No Signal
42,2022-09-06T00:00:00+05:30,187.35,189.75,186.65,187.35,3970133,4.938880196474456,186.5001798953648,184.9651110219654,1.535068873399382,3.465536681177298,3.0999999999999943,4.25,1.1500000000000057,4.25,7.23571428571428,6790264.1,No Signal
43,2022-09-07T00:00:00+05:30,186.95,192.75,186.45,192.05,6193089,4.789350390779271,187.353998373001,185.48991761293095,1.8640807600700384,3.1452454969558463,6.300000000000011,5.400000000000006,0.9000000000000057,6.300000000000011,6.996428571428567,6714562.95,No Signal
44,2022-09-08T00:00:00+05:30,193.05,195.8,190.5,191.15,4092234,4.7970032226792085,187.93799862330854,185.90918297493607,2.028815648372472,2.9219595272391716,5.300000000000011,3.75,1.5500000000000114,5.300000000000011,6.492857142857139,6742479.1,No Signal
45,2022-09-09T00:00:00+05:30,192.15,195.2,187.7,192.8,3154426,4.747272021875724,188.68599883510723,186.41961386568155,2.2663849694256726,2.790844615676472,7.5,4.049999999999983,3.450000000000017,7.5,6.31785714285714,6740464.7,No Signal
46,2022-09-12T00:00:00+05:30,194.0,194.7,191.5,192.65,1530761,4.540945629607821,189.29584516816766,186.88112394970514,2.4147212184625175,2.715619936233681,3.1999999999999886,1.8999999999999773,1.3000000000000114,3.1999999999999886,5.789285714285711,6021104.6,No Signal
47,2022-09-13T00:00:00+05:30,193.65,193.75,190.0,191.15,2407061,4.383500020062387,189.58109975768033,187.19733699046773,2.383762767212602,2.649248502429465,3.75,1.0999999999999943,2.6500000000000057,3.75,5.1321428571428545,5628815.0,No Signal
48,2022-09-14T00:00:00+05:30,188.0,193.7,187.9,191.95,2555792,4.098859206945541,189.94554594880643,187.54938610228493,2.396159846521499,2.5986307712478722,5.799999999999983,2.549999999999983,3.25,5.799999999999983,5.260714285714282,5397805.4,No Signal
49,2022-09-15T00:00:00+05:30,192.5,194.25,189.0,190.3,2280441,3.1618494443855116,190.00007734129775,187.75313527989346,2.2469420614042974,2.5282930292791574,5.25,2.3000000000000114,2.9499999999999886,5.25,5.21785714285714,5100187.9,No Signal
50,2022-09-16T00:00:00+05:30,191.3,196.75,188.1,193.15,15671075,2.578333758072287,190.48468082725194,188.1529030369384,2.331777790313538,2.488989981486034,8.650000000000006,6.449999999999989,2.200000000000017,8.650000000000006,5.385714285714284,5462720.0,No Signal
51,2022-09-19T00:00:00+05:30,194.0,194.4,185.25,187.55,2228371,2.3709464406126335,190.03319146921316,188.10824355272075,1.924947916492414,2.37618156848731,9.150000000000006,1.25,7.900000000000006,9.150000000000006,5.449999999999998,5322839.55,No Signal
52,2022-09-20T00:00:00+05:30,189.8,194.4,189.05,192.65,3925418,2.1647707467305812,190.43577739702653,188.44466995622292,1.991107440803603,2.2991667429505687,5.349999999999994,6.849999999999994,1.5,6.849999999999994,5.621428571428571,5293057.8,No Signal
53,2022-09-21T00:00:00+05:30,193.0,198.3,190.9,194.7,5202460,2.254887825695352,191.09181164363784,188.90802773724346,2.183783906394382,2.2760901756393315,7.400000000000006,5.650000000000006,1.75,7.400000000000006,5.860714285714285,4414827.1,No Signal
54,2022-09-22T00:00:00+05:30,193.0,201.9,192.95,196.4,8452658,2.407335671072956,191.9084560061551,189.4629886455958,2.4454673605592916,2.3099656126233237,8.950000000000017,7.200000000000017,1.75,8.950000000000017,6.325000000000001,4598559.5,No Signal
55,2022-09-23T00:00:00+05:30,197.4,199.0,189.6,190.85,3953831,2.470350314724698,191.74561662059276,189.56573022740352,2.1798863931892356,2.2839497687365062,9.400000000000006,2.5999999999999943,6.800000000000011,9.400000000000006,6.553571428571431,4595992.85,No Signal
56,2022-09-26T00:00:00+05:30,188.0,188.95,179.25,185.9,3947317,2.52211151602007,190.84629098665542,189.29419465500325,1.5520963316521659,2.1375790813196383,9.699999999999989,1.9000000000000057,11.599999999999994,11.599999999999994,7.07857142857143,4567343.6,Sell
57,2022-09-27T00:00:00+05:30,185.8,193.35,185.75,191.75,3257965,2.1873973235293955,190.9853231425546,189.47610616204005,1.5092169805145375,2.0119066611586183,7.599999999999994,7.449999999999989,0.15000000000000568,7.599999999999994,7.171428571428572,4498535.0,Sell
58,2022-09-28T00:00:00+05:30,189.7,193.9,188.45,190.85,1826832,2.084003011169668,190.9645041975462,189.57787607596302,1.3866281215831862,1.886850953243532,5.450000000000017,2.1500000000000057,3.3000000000000114,5.450000000000017,7.182142857142858,4324911.4,Sell
59,2022-09-29T00:00:00+05:30,192.7,194.5,191.0,192.0,1681212,1.772789409203152,191.12381124407756,189.75729266292873,1.3665185811488243,1.7827844788245906,3.5,3.6500000000000057,0.15000000000000568,3.6500000000000057,6.907142857142858,4244039.25,Sell
60,2022-09-30T00:00:00+05:30,192.75,195.0,188.3,194.7,1720914,1.4623409012022144,191.6739941296041,190.1234191323414,1.5505749972626859,1.7363425825122096,6.699999999999989,3.0,3.6999999999999886,6.699999999999989,7.157142857142858,4217269.7,Sell
61,2022-10-03T00:00:00+05:30,194.5,201.55,191.15,192.45,2936645,1.304259245079119,191.79337964812655,190.29575845587166,1.4976211922548828,1.6885983044607444,10.400000000000006,6.850000000000023,3.549999999999983,10.400000000000006,7.632142857142859,4049431.75,Sell
62,2022-10-04T00:00:00+05:30,195.0,198.25,193.5,194.6,1647897,1.223807710518717,192.22516739456862,190.61459116284414,1.6105762317244796,1.6729938899134915,4.75,5.800000000000011,1.0500000000000114,5.800000000000011,7.632142857142861,3933319.95,Sell
63,2022-10-06T00:00:00+05:30,195.05,201.9,193.5,194.15,7156743,1.2519018294151811,192.5212954877119,190.87647329892977,1.6448221887821433,1.667359549687222,8.400000000000006,7.300000000000011,1.0999999999999943,8.400000000000006,7.857142857142861,3981502.65,Sell
64,2022-10-07T00:00:00+05:30,194.9,198.0,194.2,197.55,1746832,1.3700909665235692,193.29494233575625,191.37080861012015,1.9241337256360964,1.718714384876997,3.8000000000000114,3.8499999999999943,0.04999999999998295,3.8499999999999943,7.514285714285718,3864232.55,Buy
65,2022-10-10T00:00:00+05:30,194.8,198.3,192.7,193.8,2014108,1.4053043234009468,193.37264351487067,191.55074871307423,1.8218948017964465,1.739350468260887,5.600000000000023,0.75,4.850000000000023,5.600000000000023,7.260714285714291,3807216.65,Buy
66,2022-10-11T00:00:00+05:30,194.7,197.55,193.15,194.3,2618401,1.417659212046693,193.51531374335212,191.7543969565502,1.7609167868019142,1.7436637319690924,4.400000000000006,3.75,0.6500000000000057,4.400000000000006,7.085714285714291,3861598.65,Buy
67,2022-10-12T00:00:00+05:30,195.4,196.4,190.25,193.55,1549669,1.4172764501818302,193.52065009052873,191.88740458939833,1.6332455011304035,1.7215800858013548,6.150000000000006,2.0999999999999943,4.050000000000011,6.150000000000006,6.996428571428576,3818729.05,Sell
68,2022-10-13T00:00:00+05:30,194.5,194.7,188.5,189.35,1432220,1.4990161103146682,192.87901161506278,191.69944869388735,1.1795629211754317,1.6131766528761702,6.199999999999989,1.1499999999999773,5.050000000000011,6.199999999999989,6.800000000000003,3762550.45,Sell
69,2022-10-14T00:00:00+05:30,193.0,193.35,186.05,186.9,1612409,1.643177830920966,191.9591636742839,191.3439339758216,0.6152296984622865,1.4135872619933936,7.299999999999983,4.0,3.299999999999983,7.299999999999983,6.650000000000001,3729148.85,No Signal
70,2022-10-17T00:00:00+05:30,186.0,190.4,184.35,189.65,1461951,1.6466373213055192,191.60390772439408,191.21845738502,0.38545033937407425,1.2079598774695297,6.050000000000011,3.5,2.5500000000000114,6.050000000000011,6.253571428571432,3018692.65,No Signal
71,2022-10-18T00:00:00+05:30,191.4,192.35,183.5,187.85,1030236,1.6502861887039109,191.02638345910268,190.96894202316668,0.05744143593599915,0.9778561891628237,8.849999999999994,2.6999999999999886,6.150000000000006,8.849999999999994,6.342857142857146,2958785.9,No Signal
72,2022-10-19T00:00:00+05:30,188.8,195.0,187.55,194.45,2200198,1.614690212704567,191.55309369616378,191.22679816959877,0.32629552656501914,0.8475440566432628,7.449999999999989,7.150000000000006,0.29999999999998295,7.449999999999989,6.485714285714287,2872524.9,No Signal
73,2022-10-20T00:00:00+05:30,192.45,194.4,191.3,193.65,1240893,1.6038721730502636,191.87569466598475,191.40629460148034,0.46940006450441274,0.7719152582154929,3.0999999999999943,0.04999999999998295,3.1499999999999773,3.1499999999999773,6.449999999999998,2674446.55,No Signal
74,2022-10-21T00:00:00+05:30,193.9,195.9,190.5,191.8,878489,1.5367669593886273,191.86404933275634,191.43545796433364,0.4285913684227012,0.7032504802569346,5.400000000000006,2.25,3.1500000000000057,5.400000000000006,6.357142857142857,2295738.1,No Signal
75,2022-10-24T00:00:00+05:30,193.8,196.2,192.2,194.2,555177,1.5311535970217947,192.22342635848614,191.64023885586448,0.5831875026216551,0.6792378847298788,4.0,4.399999999999977,0.39999999999997726,4.399999999999977,5.928571428571426,2125805.4,No Signal
76,2022-10-25T00:00:00+05:30,194.0,200.75,193.2,194.5,3045639,1.346753318401285,192.5736684571806,191.85207301468932,0.7215954424912638,0.6877093962821559,7.550000000000011,6.550000000000011,1.0,7.550000000000011,6.053571428571426,2080721.5,No Signal
77,2022-10-27T00:00:00+05:30,195.05,197.65,192.6,194.7,1087817,1.3619733310420232,192.90079638684512,192.06303056915678,0.8377658176883358,0.7177206805633919,5.050000000000011,3.1500000000000057,1.9000000000000057,5.050000000000011,5.814285714285712,1972214.1,No Signal
78,2022-10-28T00:00:00+05:30,194.1,195.0,192.0,192.45,854273,1.3589551466198824,192.83144309656126,192.09169497144146,0.739748125119803,0.7221261694746741,3.0,0.30000000000001137,2.6999999999999886,3.0,5.753571428571427,1923586.15,No Signal
79,2022-10-31T00:00:00+05:30,193.0,195.0,191.4,193.55,1530532,1.349720079155173,192.9419903124749,192.1997175661495,0.7422727463253977,0.7261554848448188,3.5999999999999943,2.5500000000000114,1.049999999999983,3.5999999999999943,5.610714285714282,1916052.15,No Signal
80,2022-11-01T00:00:00+05:30,194.7,198.0,193.85,194.35,1369169,1.3382508545146834,193.15860718747876,192.3589977464347,0.7996094410440548,0.7408462760846661,4.150000000000006,4.449999999999989,0.29999999999998295,4.449999999999989,5.614285714285709,1898464.9,No Signal
81,2022-11-02T00:00:00+05:30,195.3,200.9,186.05,187.3,6282411,1.540870103649398,192.2572830047897,191.98425717262472,0.2730258321649899,0.647282187300731,14.849999999999994,6.550000000000011,8.299999999999983,14.849999999999994,6.23571428571428,2065753.2,No Signal
82,2022-11-03T00:00:00+05:30,186.0,191.7,182.55,183.45,6322874,1.9068006317720887,190.90231638866823,191.35208997465253,-0.4497735859843033,0.4278710326437241,9.149999999999977,4.399999999999977,4.75,9.149999999999977,6.446428571428565,2299502.05,No Signal
83,2022-11-04T00:00:00+05:30,183.85,190.45,183.6,187.75,6205645,1.9119828648224848,190.41734463656542,191.08526849504864,-0.6679238584832206,0.20871205441833518,6.849999999999994,7.0,0.15000000000000568,7.0,6.424999999999995,2251947.15,Sell
84,2022-11-07T00:00:00+05:30,189.2,190.6,184.75,185.9,2653771,1.9068549563061483,189.72236853863228,190.70117453245246,-0.9788059938201741,-0.02879155522936668,5.849999999999994,2.8499999999999943,3.0,5.849999999999994,6.410714285714279,2297294.1,Sell
85,2022-11-09T00:00:00+05:30,187.9,187.9,183.3,184.4,3717848,2.0567429294086605,188.90354260961192,190.2344208633819,-1.3308782537699813,-0.2892088949374896,4.599999999999994,2.0,2.5999999999999943,4.599999999999994,6.107142857142851,2382481.1,No Signal
86,2022-11-10T00:00:00+05:30,183.0,183.8,173.1,174.1,4947321,2.992122404376205,186.62607451582548,189.03927857720547,-2.413204061379986,-0.7140079282259889,10.700000000000017,0.5999999999999943,11.300000000000011,11.300000000000011,6.382142857142853,2498927.1,Sell
87,2022-11-11T00:00:00+05:30,176.05,182.4,175.55,181.45,3665404,2.9955532638201494,185.82975535954463,188.47710979370876,-2.6473544341641286,-1.100677229413617,6.849999999999994,8.300000000000011,1.450000000000017,8.300000000000011,6.749999999999998,2604713.85,Sell
88,2022-11-14T00:00:00+05:30,181.7,182.05,173.1,175.55,4638013,3.542976029897437,184.24825453499932,187.51954610528588,-3.2712915702865644,-1.5348000975882066,8.950000000000017,0.6000000000000227,8.349999999999994,8.950000000000017,7.003571428571427,2765003.5,Sell
89,2022-11-15T00:00:00+05:30,176.0,182.5,175.6,182.1,2731987,3.4987818129347312,183.91775383730712,187.11809824563508,-3.2003444083279646,-1.8679089597361582,6.900000000000006,6.949999999999989,0.04999999999998295,6.949999999999989,7.185714285714285,2820982.4,Sell
90,2022-11-16T00:00:00+05:30,182.0,185.8,180.15,183.5,2695002,3.511421545063722,183.85348401618296,186.85009096818064,-2.996606951997677,-2.093648558188462,5.650000000000006,3.700000000000017,1.9499999999999886,5.650000000000006,7.049999999999999,2882634.95,Sell
91,2022-11-17T00:00:00+05:30,182.6,184.55,181.05,183.6,1471825,3.547474009096045,183.81448647523175,186.60934348905616,-2.794857013824412,-2.2338902493156523,3.5,1.0500000000000114,2.4499999999999886,3.5,6.939285714285712,2904714.4,Sell
92,2022-11-18T00:00:00+05:30,183.55,184.55,178.2,181.9,2037229,3.5328497622500996,183.51995009442686,186.26050323060755,-2.7405531361806936,-2.3352228266886605,6.350000000000023,0.950000000000017,5.400000000000006,6.350000000000023,7.178571428571429,2896565.95,Sell
93,2022-11-21T00:00:00+05:30,181.0,185.95,180.5,184.75,2487206,3.381828458794954,183.70918854143812,186.1486141024144,-2.439425560976275,-2.3560633735461836,5.449999999999989,4.049999999999983,1.4000000000000057,5.449999999999989,7.310714285714285,2958881.6,Sell
94,2022-11-22T00:00:00+05:30,184.5,186.8,182.25,185.2,1721421,3.309968584331723,183.93854415044763,186.07834639112446,-2.139802240676829,-2.312811146972313,4.550000000000011,2.0500000000000114,2.5,4.550000000000011,7.317857142857144,3001028.2,Buy
95,2022-11-23T00:00:00+05:30,185.8,189.5,184.8,188.9,1982860,3.1111427871669437,184.70184505037875,186.2873577695597,-1.5855127191809402,-2.1673514614140386,4.699999999999989,4.300000000000011,0.39999999999997726,4.699999999999989,6.592857142857143,3072412.35,Buy
96,2022-11-24T00:00:00+05:30,189.75,191.0,187.65,190.1,2134393,2.95499947543916,185.53233042724355,186.56977571255527,-1.037445285311719,-1.9413702261935748,3.3499999999999943,2.0999999999999943,1.25,3.3499999999999943,6.178571428571431,3026850.05,No Signal
97,2022-11-25T00:00:00+05:30,190.5,191.05,189.35,189.95,914627,2.7961076593178564,186.2119718999753,186.82016269681043,-0.6081907968351175,-1.6747343403218835,1.700000000000017,0.950000000000017,0.75,1.700000000000017,5.800000000000003,3018190.55,No Signal
98,2022-11-28T00:00:00+05:30,190.05,190.1,185.25,186.5,1289397,2.7147455563497926,186.25628391536372,186.79644694149113,-0.5401630261274022,-1.4478200774829872,4.849999999999994,0.15000000000000568,4.699999999999989,4.849999999999994,5.728571428571432,3039946.75,No Signal
99,2022-11-29T00:00:00+05:30,186.7,187.9,184.65,186.0,1352735,2.513690523237335,186.21685562069237,186.73745087175104,-0.5205952510586656,-1.262375112198123,3.25,1.4000000000000057,1.8499999999999943,3.25,5.632142857142861,3031056.9,No Signal
100,2022-11-30T00:00:00+05:30,185.6,189.65,185.4,188.45,2348043,2.2320348102619603,186.560416294432,186.86430636273244,-0.30389006830043286,-1.070678103418585,4.25,3.6500000000000057,0.5999999999999943,4.25,5.128571428571432,3080000.6,No Signal
101,2022-12-01T00:00:00+05:30,189.2,189.85,187.7,188.45,826410,2.2571204109787826,186.851121479904,186.98176515067817,-0.1306436707741625,-0.8826712168897006,2.1500000000000057,1.4000000000000057,0.75,2.1500000000000057,4.689285714285717,2807200.55,No Signal
102,2022-12-02T00:00:00+05:30,188.8,190.35,187.5,188.0,1117376,2.2926066973851267,187.02787202145723,187.05718995433165,-0.029317932874420194,-0.7120005600866446,2.8499999999999943,1.9000000000000057,0.9499999999999886,2.8499999999999943,4.253571428571429,2546925.65,No Signal
103,2022-12-05T00:00:00+05:30,189.6,191.9,188.5,191.45,2337573,2.3591554675154796,187.7081994027715,187.3825832910478,0.32561611172369,-0.5044772257245776,3.4000000000000057,3.9000000000000057,0.5,3.9000000000000057,4.035714285714287,2353522.05,No Signal
104,2022-12-06T00:00:00+05:30,191.7,194.0,190.15,191.35,1971434,2.4730740203034656,188.26847641772972,187.67646601022946,0.5920104075002541,-0.2851796990796113,3.8499999999999943,2.5500000000000114,1.299999999999983,3.8499999999999943,3.9071428571428584,2319405.2,No Signal
105,2022-12-07T00:00:00+05:30,190.9,192.9,190.25,191.45,892279,2.5707073374840963,188.75794158423284,187.95598704650877,0.8019545377240718,-0.06775285171887471,2.6500000000000057,1.5500000000000114,1.0999999999999943,2.6500000000000057,3.846428571428573,2178126.75,No Signal
106,2022-12-08T00:00:00+05:30,191.9,192.75,187.0,189.15,1235080,2.197025970820138,188.81825826358164,188.04443245047108,0.7738258131105624,0.10056288124701271,5.75,1.3000000000000114,4.449999999999989,5.75,3.8035714285714284,1992514.7,No Signal
107,2022-12-09T00:00:00+05:30,189.5,191.0,187.0,188.3,1436589,2.1278353360321005,188.73852622303062,188.06336338006582,0.6751628429647951,0.2154828735905692,4.0,1.8499999999999943,2.1500000000000057,4.0,3.7000000000000006,1881073.95,No Signal
108,2022-12-12T00:00:00+05:30,188.65,193.7,188.05,192.5,3465659,1.680657764913827,189.31721449641051,188.39200312969058,0.9252113667199353,0.3574285722164424,5.649999999999977,5.399999999999977,0.25,5.649999999999977,3.778571428571427,1822456.25,No Signal
109,2022-12-13T00:00:00+05:30,193.4,194.4,191.0,193.75,1629766,1.6750642995032954,189.99918149696273,188.78889178675053,1.2102897102122085,0.5280007998155957,3.4000000000000057,1.9000000000000057,1.5,3.4000000000000057,3.6857142857142855,1767345.2,No Signal
110,2022-12-14T00:00:00+05:30,194.2,195.4,189.8,191.7,2531662,1.6388718778734273,190.26084588204537,189.0045294321764,1.2563164498689616,0.6736639298262689,5.599999999999994,1.6500000000000057,3.9499999999999886,5.599999999999994,3.846428571428571,1759178.2,No Signal
111,2022-12-15T00:00:00+05:30,191.35,193.05,189.05,190.65,1891241,1.5440358008444943,190.32071574634608,189.1264161409041,1.1942996054419837,0.7777910649494119,4.0,1.3500000000000227,2.6499999999999773,4.0,4.010714285714284,1780149.0,No Signal
112,2022-12-16T00:00:00+05:30,191.0,194.9,183.4,188.6,11951791,1.2939412184474637,190.0559902469082,189.08742235268898,0.968567894219234,0.8159464308033764,11.5,4.25,7.25,11.5,4.485714285714285,2275877.1,No Signal
113,2022-12-19T00:00:00+05:30,188.3,188.8,186.0,187.15,2286646,1.2071680724880818,189.60891482430694,188.94390958582312,0.6650052384838148,0.7857581923394641,2.8000000000000114,0.20000000000001705,2.5999999999999943,2.8000000000000114,4.453571428571428,2265849.1,No Signal
114,2022-12-20T00:00:00+05:30,187.2,189.6,186.15,187.4,1057304,1.1165313007523734,189.26908177441356,188.82954591279918,0.43953586161438807,0.716513726194449,3.4499999999999886,2.4499999999999886,1.0,3.4499999999999886,4.3964285714285705,2232643.25,No Signal
115,2022-12-21T00:00:00+05:30,188.75,189.65,182.05,184.3,1507908,1.2978921465785709,188.50460765527302,188.49402399333258,0.010583661940444244,0.5753277133436481,7.599999999999994,2.25,5.349999999999994,7.599999999999994,4.785714285714284,2208895.65,Sell
116,2022-12-22T00:00:00+05:30,184.3,185.7,178.6,179.9,1672502,1.7597161292311319,187.1808218621541,187.85742962345608,-0.6766077613019945,0.3249406184145196,7.099999999999994,1.3999999999999773,5.700000000000017,7.099999999999994,5.089285714285713,2185801.1,Sell
117,2022-12-23T00:00:00+05:30,178.0,178.65,166.3,171.2,2380875,2.9340544617646165,184.72223388336116,186.62354594764452,-1.9013120642833599,-0.12030991812505631,12.349999999999994,1.25,13.599999999999994,13.599999999999994,5.782142857142854,2259113.5,Sell
118,2022-12-26T00:00:00+05:30,170.1,177.65,168.45,175.3,1505570,3.2795165286131898,183.27265943976712,185.7847647663375,-2.512105326570378,-0.5986689998141207,9.200000000000017,6.450000000000017,2.75,9.200000000000017,6.164285714285713,2269922.15,Sell
119,2022-12-27T00:00:00+05:30,176.7,178.4,174.6,176.3,752072,3.5438129459867946,182.19994260287987,185.08218959846064,-2.882246995580772,-1.055384598967451,3.8000000000000114,3.0999999999999943,0.700000000000017,3.8000000000000114,6.246428571428571,2239889.0,Sell
120,2022-12-28T00:00:00+05:30,176.25,187.0,174.95,185.1,1883114,3.373941951418246,182.6461052793599,185.08350888746355,-2.437403608103665,-1.3317884007946938,12.050000000000011,10.699999999999989,1.3500000000000227,12.050000000000011,6.696428571428571,2216642.55,Sell
121,2022-12-29T00:00:00+05:30,185.0,186.9,181.0,184.9,962370,3.374940820538544,182.9928583133045,185.06991563654032,-2.077057323235806,-1.4808421852829163,5.900000000000006,1.8000000000000114,4.099999999999994,5.900000000000006,6.832142857142857,2223440.55,Sell
122,2022-12-30T00:00:00+05:30,185.85,186.35,180.15,180.75,961842,3.51499751118213,182.64780318818075,184.74992188568547,-2.1021186975047215,-1.6050974877272774,6.199999999999989,1.4499999999999886,4.75,6.199999999999989,6.871428571428573,2215663.85,Sell
123,2023-01-02T00:00:00+05:30,181.0,182.0,179.0,180.2,879024,3.523333096569741,182.27121808230677,184.41289063489396,-2.141672552587181,-1.7124125006992583,3.0,1.25,1.75,3.0,6.842857142857143,2142736.4,Sell
124,2023-01-03T00:00:00+05:30,180.25,181.0,177.0,177.75,808019,3.6102222905831907,181.5756460696442,183.91934318045736,-2.3436971108131672,-1.8386694227220401,4.0,0.8000000000000114,3.1999999999999886,4.0,6.7285714285714295,2084565.65,Sell
125,2023-01-04T00:00:00+05:30,178.9,179.5,176.35,177.5,921266,3.614904224027063,180.94862359739125,183.44383627820125,-2.495212680809999,-1.969978074339632,3.1500000000000057,1.75,1.4000000000000057,3.1500000000000057,6.6678571428571445,2086015.0,Sell
126,2023-01-05T00:00:00+05:30,178.25,178.6,172.85,173.6,2986531,3.865362065150209,179.8180661208695,182.7146632205567,-2.896597099687199,-2.1553018794091456,5.75,1.0999999999999943,4.650000000000006,5.75,6.257142857142859,2173587.55,Sell
127,2023-01-06T00:00:00+05:30,174.0,174.4,169.7,171.4,928905,4.1456046060111635,178.5229790253511,181.876540019034,-3.3535609936828905,-2.3949537022638947,4.700000000000017,0.8000000000000114,3.9000000000000057,4.700000000000017,6.392857142857145,2148203.35,Sell
128,2023-01-09T00:00:00+05:30,172.3,173.35,167.25,167.7,1467685,4.427495302320309,176.85790532914325,180.82642594355,-3.968520614406742,-2.709667084692464,6.099999999999994,1.9499999999999886,4.150000000000006,6.099999999999994,6.58214285714286,2048304.65,Sell
129,2023-01-10T00:00:00+05:30,168.0,172.5,168.0,171.15,1171214,4.170497568503176,175.9797660477366,180.10965365143517,-4.129887603698563,-2.993711188493684,4.5,4.800000000000011,0.30000000000001137,4.800000000000011,6.382142857142861,2025377.05,Sell
130,2023-01-11T00:00:00+05:30,172.05,172.8,169.0,169.5,909888,4.110666945038881,174.98287896346943,179.3237533809585,-4.340874417489061,-3.2631438342927597,3.8000000000000114,1.6500000000000057,2.1500000000000057,3.8000000000000114,6.146428571428577,1944288.35,Sell
131,2023-01-12T00:00:00+05:30,169.7,170.3,167.45,167.9,730766,4.064391656906793,173.89320527678183,178.47754942681343,-4.584344150031598,-3.5273838974405276,2.8500000000000227,0.8000000000000114,2.0500000000000114,2.8500000000000227,5.378571428571435,1886264.6,No Signal
132,2023-01-13T00:00:00+05:30,168.8,168.95,161.6,162.4,2906287,4.41145892180867,172.12501984958462,177.28661983964207,-5.161599990057454,-3.854227115963913,7.349999999999994,1.049999999999983,6.300000000000011,7.349999999999994,5.246428571428576,1433989.4,No Signal
133,2023-01-16T00:00:00+05:30,164.1,166.5,156.1,158.0,2637288,4.957281258711062,169.95193987272543,175.85798133300193,-5.906041460276498,-4.26458998482643,10.400000000000006,4.099999999999994,6.300000000000011,10.400000000000006,5.717857142857148,1451521.5,No Signal
134,2023-01-17T00:00:00+05:30,160.0,161.75,158.0,158.4,2064021,5.124494118614998,168.1747183538446,174.56479753055734,-6.390079176712732,-4.68968782320369,3.75,3.75,0.0,3.75,5.125000000000004,1501857.35,No Signal
135,2023-01-18T00:00:00+05:30,158.45,160.0,157.5,158.95,1311222,5.249916004708358,166.7555309147916,173.40814586162716,-6.65261494683557,-5.0822732479300665,2.5,1.5999999999999943,0.9000000000000057,2.5,4.882142857142861,1492023.05,No Signal
136,2023-01-19T00:00:00+05:30,158.45,164.95,158.1,161.55,2419186,5.2514818606221,165.95468000482364,172.5297646866918,-6.575084681868162,-5.380835534717686,6.849999999999994,6.0,0.8499999999999943,6.849999999999994,4.928571428571432,1529357.25,No Signal
137,2023-01-20T00:00:00+05:30,162.8,165.9,161.0,161.65,1213268,5.421791906700374,165.29242154254308,171.7238561913813,-6.431434648838206,-5.59095535754179,4.900000000000006,4.349999999999994,0.5500000000000114,4.900000000000006,5.0642857142857185,1470976.9,No Signal
138,2023-01-23T00:00:00+05:30,162.5,162.65,159.6,160.15,775719,5.634703669843614,164.50127976676723,170.86653351053823,-6.365253743771007,-5.745815034787634,3.0500000000000114,1.0,2.0500000000000114,3.0500000000000114,4.996428571428576,1434484.35,No Signal
139,2023-01-24T00:00:00+05:30,160.5,160.9,159.45,159.8,338648,5.753241709736791,163.77800595649535,170.0467902875354,-6.268784331040052,-5.850408894038118,1.450000000000017,0.75,0.700000000000017,1.450000000000017,4.875000000000006,1413813.15,No Signal
140,2023-01-25T00:00:00+05:30,160.25,160.25,157.65,158.6,500091,5.492752791666461,162.98138965549606,169.1988798958661,-6.21749024037004,-5.923825163304503,2.5999999999999943,0.44999999999998863,2.1500000000000057,2.5999999999999943,4.650000000000006,1344662.0,No Signal
141,2023-01-27T00:00:00+05:30,158.6,159.65,152.3,152.85,1237020,5.495087877278389,161.42271432388128,167.98785175543156,-6.5651374315502835,-6.05208761695366,7.349999999999994,1.0500000000000114,6.299999999999983,7.349999999999994,4.839285714285718,1358394.5,No Signal
142,2023-01-30T00:00:00+05:30,152.85,155.45,150.1,153.5,1690523,5.323384671816173,160.2038351971303,166.91467755132552,-6.710842354195222,-6.183838564401973,5.349999999999994,2.5999999999999943,2.75,5.349999999999994,4.78571428571429,1394828.55,No Signal
143,2023-01-31T00:00:00+05:30,153.5,158.55,153.5,154.45,1433877,4.976191907358269,159.31862978218717,165.9913681030792,-6.672738320892023,-6.281618515699983,5.050000000000011,5.050000000000011,0.0,5.050000000000011,4.803571428571432,1422571.2,No Signal
144,2023-02-01T00:00:00+05:30,157.7,159.9,148.9,150.0,2221921,5.0306484648211125,157.88499443108145,164.80682231766593,-6.921827886584481,-6.409660389876883,11.0,5.450000000000017,5.549999999999983,11.0,5.317857142857146,1493266.3,No Signal
145,2023-02-02T00:00:00+05:30,150.0,156.3,149.45,150.3,1500847,4.7444724687474915,156.71807221091507,163.7322428867277,-7.014170675812636,-6.530562447064034,6.850000000000023,6.300000000000011,0.5500000000000114,6.850000000000023,5.603571428571432,1522245.35,Sell
146,2023-02-03T00:00:00+05:30,151.9,152.7,148.05,151.6,1147149,4.477993053366767,155.9306764861589,162.83355822845158,-6.902881742292692,-6.6050263061097665,4.649999999999977,2.3999999999999773,2.25,4.649999999999977,5.410714285714287,1430276.25,Sell
147,2023-02-06T00:00:00+05:30,151.65,154.5,151.6,153.5,526570,4.151629918958758,155.55672625751905,162.14218354486258,-6.58545728734353,-6.60111250235652,2.9000000000000057,2.9000000000000057,0.0,2.9000000000000057,4.875000000000002,1410159.5,No Signal
148,2023-02-07T00:00:00+05:30,154.3,154.75,152.0,153.55,549801,4.004542557119006,155.24799914097767,161.50572550450238,-6.257726363524711,-6.532435274590158,2.75,1.25,1.5,2.75,4.803571428571431,1364265.3,No Signal
149,2023-02-08T00:00:00+05:30,154.35,161.65,153.5,158.95,1621036,3.3800881013466983,155.8175377346734,161.31641250416888,-5.4988747694954725,-6.325723173571221,8.150000000000006,8.099999999999994,0.05000000000001137,8.150000000000006,5.20714285714286,1386756.4,Buy
150,2023-02-09T00:00:00+05:30,160.0,163.9,155.85,159.45,3487999,2.909149261170484,156.3763780831852,161.1781597260823,-4.801781642897112,-6.0209348674364,8.050000000000011,4.950000000000017,3.0999999999999943,8.050000000000011,5.292857142857146,1515661.95,Buy
151,2023-02-10T00:00:00+05:30,160.1,162.35,152.8,157.9,3124553,2.4800775238278607,156.61078145500286,160.93533307970583,-4.324551624702963,-5.681658218889712,9.549999999999983,2.9000000000000057,6.649999999999977,9.549999999999983,5.625000000000002,1635351.3,Buy
152,2023-02-13T00:00:00+05:30,158.8,159.0,154.4,154.85,700929,2.3917733691522263,156.33989200038704,160.4845676663943,-4.1446756660072595,-5.374261708313222,4.599999999999994,1.0999999999999943,3.5,4.599999999999994,5.735714285714287,1525083.4,Buy
153,2023-02-14T00:00:00+05:30,154.8,155.6,151.2,152.45,782701,2.4824578713270715,155.74144707725057,159.88941450592066,-4.147967428670086,-5.129002852384595,4.400000000000006,0.75,3.6500000000000057,4.400000000000006,5.946428571428571,1432354.05,Buy
154,2023-02-15T00:00:00+05:30,153.0,153.85,152.0,153.05,1045567,2.485514681097968,155.3273782961351,159.3827912091858,-4.055412913050702,-4.914284864517817,1.8499999999999943,1.4000000000000057,0.44999999999998863,1.8499999999999943,5.892857142857143,1381431.35,Buy
155,2023-02-16T00:00:00+05:30,154.0,155.5,152.5,154.1,1271562,2.4338803371668405,155.13855086596047,158.9914733418387,-3.8529224758782448,-4.702012386789902,3.0,2.4499999999999886,0.5500000000000114,3.0,5.582142857142857,1379448.35,Buy
156,2023-02-17T00:00:00+05:30,152.95,156.2,152.95,153.45,951328,2.2841360425265638,154.87877380965887,158.58099383503585,-3.702220025376988,-4.50205391450732,3.25,2.0999999999999943,1.1500000000000057,3.25,5.432142857142858,1306055.45,Buy
157,2023-02-20T00:00:00+05:30,155.0,155.4,152.7,154.7,540542,2.042806406737516,154.85127014663442,158.29351281021837,-3.4422426635839543,-4.290091664322647,2.700000000000017,1.950000000000017,0.75,2.700000000000017,5.264285714285715,1272419.15,Buy
158,2023-02-21T00:00:00+05:30,155.5,156.9,152.5,152.95,734900,1.91396618947562,154.5587670471522,157.89769704649848,-3.338929999346277,-4.099859331327373,4.400000000000006,2.200000000000017,2.1999999999999886,4.400000000000006,4.7928571428571445,1270378.2,No Signal
159,2023-02-22T00:00:00+05:30,151.3,154.0,151.3,152.3,607340,1.7615980127730198,154.21126442451342,157.48305282083192,-3.271788396318499,-3.9342451443255984,2.6999999999999886,1.0500000000000114,1.6499999999999773,2.6999999999999886,4.496428571428571,1283812.8,No Signal
160,2023-02-23T00:00:00+05:30,153.1,153.8,148.75,149.2,790685,1.7969632112491176,153.44030066689598,156.86949335262213,-3.42919268572615,-3.833234652605709,5.050000000000011,1.5,3.5500000000000114,5.050000000000011,4.525000000000001,1298342.5,No Signal
161,2023-02-24T00:00:00+05:30,150.45,151.95,148.0,148.85,962395,1.9386414855124494,152.7341005642966,156.27545680798346,-3.541356243686863,-3.77485897082194,3.9499999999999886,2.75,1.1999999999999886,3.9499999999999886,4.6000000000000005,1284611.25,No Signal
162,2023-02-27T00:00:00+05:30,148.95,151.5,146.65,148.3,731460,2.095185880121165,152.0519312467125,155.6846822296143,-3.632750982901797,-3.746437373237912,4.849999999999994,2.6500000000000057,2.1999999999999886,4.849999999999994,4.75,1236658.1,No Signal
163,2023-02-28T00:00:00+05:30,148.7,153.65,148.35,152.4,2394620,2.0324009090281727,152.10548028567982,155.44137243482805,-3.3358921491482363,-3.664328328419977,5.300000000000011,5.349999999999994,0.04999999999998295,5.349999999999994,4.549999999999999,1284695.25,No Signal
164,2023-03-01T00:00:00+05:30,153.0,155.0,150.3,151.05,1232093,2.0196958323464447,151.94309870326754,155.11608558780375,-3.172986884536215,-3.5660600396432245,4.699999999999989,2.5999999999999943,2.0999999999999943,4.699999999999989,4.310714285714283,1235203.85,No Signal
165,2023-03-02T00:00:00+05:30,151.85,153.5,151.05,151.9,477364,1.9701412057408805,151.93646813353408,154.87785702574422,-2.941388892210142,-3.441125810156608,2.4499999999999886,2.4499999999999886,0.0,2.4499999999999886,3.8035714285714266,1184029.7,No Signal
166,2023-03-03T00:00:00+05:30,152.7,153.75,151.4,152.05,430165,1.9608383691504176,151.95393457452883,154.66838613494835,-2.714451560419519,-3.29579096020919,2.3499999999999943,1.8499999999999943,0.5,2.3499999999999943,3.642857142857141,1148180.5,No Signal
167,2023-03-06T00:00:00+05:30,153.0,153.55,151.3,152.65,687503,1.9546173528872124,152.06102156306287,154.5188760508781,-2.45785448781524,-3.1282036657304,2.25,1.5,0.75,2.25,3.4892857142857117,1156227.15,No Signal
168,2023-03-08T00:00:00+05:30,152.8,152.8,150.35,151.85,1497391,1.9740272713705123,152.02855670720703,154.32118152859084,-2.2926248213838107,-2.9610878968610823,2.450000000000017,0.15000000000000568,2.3000000000000114,2.450000000000017,3.532142857142856,1203606.65,No Signal
169,2023-03-09T00:00:00+05:30,152.1,154.8,150.6,151.4,1453902,1.7725807926080244,151.93185567532902,154.1047977116582,-2.172942036329175,-2.803458724754701,4.200000000000017,2.950000000000017,1.25,4.200000000000017,3.6178571428571433,1195249.95,No Signal
170,2023-03-10T00:00:00+05:30,151.5,152.25,148.35,149.25,1046304,1.528231802952445,151.51926249450918,153.74518306635017,-2.2259205718409873,-2.6879510941719587,3.9000000000000057,0.8499999999999943,3.0500000000000114,3.9000000000000057,3.664285714285715,1073165.2,No Signal
171,2023-03-13T00:00:00+05:30,149.25,149.85,145.85,147.75,840785,1.4032024702452148,150.93937595689238,153.30109543180572,-2.361719474913343,-2.6227047703202357,4.0,0.5999999999999943,3.4000000000000057,4.0,3.7571428571428567,958976.8,No Signal
172,2023-03-14T00:00:00+05:30,149.4,149.4,144.0,146.0,1254590,1.5773111973312097,150.17947196352432,152.76027354796827,-2.5808015844439467,-2.614324133144978,5.400000000000006,1.6500000000000057,3.75,5.400000000000006,3.8285714285714283,986659.85,No Signal
173,2023-03-15T00:00:00+05:30,147.0,147.65,145.4,145.75,489320,1.7791645813524235,149.49801473836672,152.24099402589655,-2.7429792875298347,-2.6400551640219496,2.25,1.6500000000000057,0.5999999999999943,2.25,3.7964285714285717,971990.8,No Signal
174,2023-03-16T00:00:00+05:30,145.75,146.95,142.3,145.3,1206474,1.9481033276945712,148.85216631707954,151.72684632027457,-2.8746800031950386,-2.6869801318565676,4.649999999999977,1.1999999999999886,3.4499999999999886,4.649999999999977,3.767857142857141,980036.15,No Signal
175,2023-03-17T00:00:00+05:30,146.75,147.0,143.05,144.45,700948,2.085190726385276,148.17490996060576,151.1878206669209,-3.0129107063151537,-2.752166246748285,3.9499999999999886,1.6999999999999886,2.25,3.9499999999999886,3.767857142857141,951505.45,No Signal
176,2023-03-20T00:00:00+05:30,146.0,146.0,141.25,143.4,738679,2.2655688276005335,147.44030842820487,150.6109450619638,-3.1706366337589316,-2.8358603241504143,4.75,1.5500000000000114,3.1999999999999886,4.75,3.760714285714284,940873.0,No Signal
177,2023-03-21T00:00:00+05:30,144.0,148.25,138.75,141.85,46201471,2.429719567630307,146.58026097771182,149.961986168485,-3.3817251907731816,-2.945033297474968,9.5,4.849999999999994,4.650000000000006,9.5,4.057142857142856,3223919.45,Sell
178,2023-03-22T00:00:00+05:30,141.45,144.3,141.05,142.05,2616527,2.558617135776173,145.88329775037153,149.3759131189676,-3.492615368596063,-3.054549711699187,3.25,2.450000000000017,0.799999999999983,3.25,3.9535714285714283,3318000.8,No Signal
179,2023-03-23T00:00:00+05:30,142.05,142.75,139.25,141.65,1961337,2.6877458155014895,145.2320211733913,148.80362325830333,-3.57160208491203,-3.1579601863417555,3.5,0.6999999999999886,2.8000000000000114,3.5,4.028571428571429,3385700.65,Sell
180,2023-03-24T00:00:00+05:30,142.0,142.55,136.2,138.05,2785246,3.168446574636973,144.1270948390234,148.0070585725031,-3.879963733479684,-3.3023608957693416,6.350000000000023,0.9000000000000057,5.450000000000017,6.350000000000023,4.314285714285717,3485428.7,Sell
181,2023-03-27T00:00:00+05:30,138.05,138.8,133.95,137.95,2747015,3.4984564531003794,143.17677255609672,147.2620912708362,-4.085318714739486,-3.4589524595633705,4.850000000000023,0.75,4.100000000000023,4.850000000000023,4.500000000000004,3574659.7,Sell
182,2023-03-28T00:00:00+05:30,137.3,140.4,136.7,139.9,2498197,3.6060834896254335,142.6726537013126,146.7167511767002,-4.044097475387588,-3.575981462728214,3.700000000000017,2.450000000000017,1.25,3.700000000000017,4.589285714285718,3662996.55,Sell
183,2023-03-29T00:00:00+05:30,138.25,144.9,138.25,143.35,3033045,3.4008054799885086,142.7768608241876,146.46736220064832,-3.6905013764607304,-3.5988854454747177,6.650000000000006,5.0,1.6500000000000057,6.650000000000006,4.764285714285718,3694917.8,Sell
184,2023-03-31T00:00:00+05:30,144.8,146.45,143.8,144.0,1364317,3.287781835267985,142.96503608200487,146.28459463022992,-3.3195585482250465,-3.5430200660247837,2.6499999999999773,3.0999999999999943,0.45000000000001705,3.0999999999999943,4.70714285714286,3701529.0,Buy
185,2023-04-03T00:00:00+05:30,144.8,147.7,144.8,146.3,909622,3.0740617165042896,143.47810745400412,146.2857357687314,-2.807628314727282,-3.3959417157652836,2.8999999999999773,3.6999999999999886,0.8000000000000114,3.6999999999999886,4.685714285714288,3723141.9,Buy
186,2023-04-05T00:00:00+05:30,146.75,148.3,146.25,146.55,1523759,2.8789154710451235,143.95070630723424,146.3053108969735,-2.3546045897392673,-3.1876742905600803,2.0500000000000114,2.0,0.05000000000001137,2.0500000000000114,4.446428571428574,3777821.6,Buy
187,2023-04-06T00:00:00+05:30,147.2,147.2,144.1,145.2,1288288,2.627456668219172,144.14290533689052,146.2234360157162,-2.0805306788256814,-2.9662455682132007,3.0999999999999943,0.6499999999999773,2.450000000000017,3.0999999999999943,4.507142857142859,3807860.85,Buy
188,2023-04-10T00:00:00+05:30,145.55,147.9,144.65,145.5,1932378,2.3533682985433124,144.35168913121507,146.1698481627002,-1.8181590314851235,-2.7366282608675854,3.25,2.700000000000017,0.549999999999983,3.25,4.40714285714286,3829610.2,Buy
189,2023-04-11T00:00:00+05:30,146.0,150.7,146.0,150.4,3142411,2.2077670841786743,145.2821984956435,146.48319274324092,-1.2009942475974071,-2.42950145821355,4.699999999999989,5.199999999999989,0.5,5.199999999999989,4.4964285714285745,3914035.65,Buy
190,2023-04-12T00:00:00+05:30,150.45,153.7,149.0,152.95,2268038,2.4168179678725297,146.46186026554452,146.96221550300086,-0.5003552374563469,-2.0436722140621093,4.699999999999989,3.299999999999983,1.4000000000000057,4.699999999999989,4.4928571428571455,3975122.35,Buy
191,2023-04-13T00:00:00+05:30,153.0,157.0,153.0,156.2,1836335,2.877261791317173,147.96003560930689,147.6464958361119,0.31353977319497517,-1.5722298166106925,4.0,4.050000000000011,0.05000000000001137,4.050000000000011,4.103571428571432,4024899.85,No Signal
192,2023-04-17T00:00:00+05:30,156.5,160.7,155.8,159.75,6028931,3.503836599931666,149.77387628479812,148.54305170010363,1.2308245846944885,-1.0116189363496564,4.899999999999977,4.5,0.39999999999997726,4.899999999999977,4.221428571428573,4263616.9,No Signal
193,2023-04-18T00:00:00+05:30,160.0,162.15,158.6,161.05,2124324,4.090266245181452,151.50866454867534,149.46949231491078,2.0391722337645604,-0.4014607023268131,3.5500000000000114,2.4000000000000057,1.1500000000000057,3.5500000000000114,4.225000000000002,4345367.1,No Signal
194,2023-04-19T00:00:00+05:30,161.1,163.7,158.7,160.9,1853745,4.564214294798163,152.95348538734066,150.31619658788034,2.637288799460322,0.20628919803061385,5.0,2.6499999999999773,2.3500000000000227,5.0,4.128571428571429,4377730.65,No Signal
195,2023-04-20T00:00:00+05:30,161.4,163.0,160.0,161.1,844246,4.934590901844436,154.2067953277498,151.11499684062994,3.09179848711986,0.7833910558484631,3.0,2.0999999999999943,0.9000000000000057,3.0,3.9964285714285706,4384895.55,No Signal
196,2023-04-21T00:00:00+05:30,160.75,161.35,158.0,160.05,719385,5.196109810138022,155.10574989271137,151.77684892650922,3.3289009662021556,1.2924930379192017,3.3499999999999943,0.25,3.0999999999999943,3.3499999999999943,3.971428571428569,4383930.85,No Signal
197,2023-04-24T00:00:00+05:30,160.2,160.5,158.3,159.5,1213428,5.317780501759141,155.78178837075578,152.34893419121224,3.43285417954354,1.7205652662440694,2.1999999999999886,0.44999999999998863,1.75,2.1999999999999886,3.653571428571425,2134528.7,No Signal
198,2023-04-25T00:00:00+05:30,157.8,162.8,157.0,161.65,901881,5.376372231733623,156.68459015987028,153.03790202890022,3.6466881309700625,2.105789839189268,5.800000000000011,3.3000000000000114,2.5,5.800000000000011,3.846428571428569,2048796.4,No Signal
199,2023-04-26T00:00:00+05:30,161.65,162.45,159.2,160.1,765136,5.415409522559223,157.21003782758254,153.56102039712982,3.649017430452716,2.414435357441958,3.25,0.799999999999983,2.450000000000017,3.25,3.8142857142857127,1988986.35,No Signal
200,2023-04-27T00:00:00+05:30,159.45,161.45,159.35,160.5,371190,5.15790791293862,157.7161858541083,154.0750188862313,3.641166967876984,2.6597816795289635,2.0999999999999943,1.3499999999999943,0.75,2.0999999999999943,3.81785714285714,1868283.55,No Signal
201,2023-04-28T00:00:00+05:30,160.8,162.7,160.6,161.4,733282,4.789398667494272,158.2829264919378,154.61761007984381,3.665316412093972,2.8608886260419655,2.0999999999999943,2.1999999999999886,0.09999999999999432,2.1999999999999886,3.7535714285714255,1767596.9,No Signal
202,2023-05-02T00:00:00+05:30,163.45,171.25,163.0,170.6,4981741,4.6118780390890715,160.1778608777935,155.8014908146702,4.376370063123318,3.1639849134582363,8.25,9.849999999999994,1.5999999999999943,9.849999999999994,4.224999999999996,1891774.1,Buy
203,2023-05-03T00:00:00+05:30,170.6,176.0,170.2,174.4,5345390,4.827395425825974,162.36588228120988,157.17915816173166,5.186724119478214,3.568532754662232,5.800000000000011,5.400000000000006,0.4000000000000057,5.800000000000011,4.267857142857141,2007391.35,Buy
204,2023-05-04T00:00:00+05:30,175.2,176.75,173.0,175.4,2285823,5.019784034435651,164.37113116102375,158.52885014975155,5.842281011272206,4.023282405984228,3.75,2.3499999999999943,1.4000000000000057,3.75,4.199999999999998,2053466.65,Buy
205,2023-05-05T00:00:00+05:30,175.0,177.9,172.85,177.3,1924118,5.225715612216406,166.36018790548164,159.9193056942144,6.440882211267251,4.506802367040833,5.050000000000011,2.5,2.5500000000000114,5.050000000000011,4.2714285714285705,2104191.45,Buy
206,2023-05-08T00:00:00+05:30,177.8,177.8,175.0,176.2,1037116,5.316210977586413,167.87400515079216,161.1252830501985,6.748722100593653,4.955186313751398,2.8000000000000114,0.5,2.3000000000000114,2.8000000000000114,4.121428571428573,2079859.3,No Signal
207,2023-05-09T00:00:00+05:30,177.0,179.8,175.9,178.15,2152778,5.189373635558983,169.45492743528567,162.38637319462825,7.06855424065742,5.377859899132602,3.9000000000000057,3.6000000000000227,0.29999999999998295,3.9000000000000057,4.146428571428572,2123083.8,Buy
208,2023-05-10T00:00:00+05:30,179.0,179.55,174.1,175.85,1755808,4.928755783687326,170.43878475293403,163.38367888391505,7.055105869018973,5.713309093109877,5.450000000000017,1.4000000000000057,4.050000000000011,5.450000000000017,4.178571428571431,2114255.3,Buy
209,2023-05-11T00:00:00+05:30,175.5,177.4,174.55,175.45,633017,4.729712045420972,171.20974094479033,164.2774804480695,6.932260496720829,5.957099373832068,2.8499999999999943,1.5500000000000114,1.299999999999983,2.8499999999999943,4.1678571428571445,1988785.6,Buy
210,2023-05-12T00:00:00+05:30,175.1,177.45,173.75,176.45,692486,4.547227916826799,172.0159346455918,165.17914856302733,6.836786082564487,6.133036715578552,3.6999999999999886,2.0,1.6999999999999886,3.6999999999999886,4.192857142857144,1910008.0,Buy
211,2023-05-15T00:00:00+05:30,177.1,184.85,176.0,183.35,3750229,4.565888753707831,173.75963700780846,166.52513755835864,7.234499449449828,6.3533292623528075,8.849999999999994,8.400000000000006,0.44999999999998863,8.849999999999994,4.6678571428571445,2005702.7,Buy
212,2023-05-16T00:00:00+05:30,185.0,187.6,179.45,181.85,2352817,4.738341539575434,175.0043082373764,167.66031255403578,7.343995683340609,6.551462546550368,8.150000000000006,4.25,3.9000000000000057,8.150000000000006,4.835714285714287,1821897.0,Buy
213,2023-05-17T00:00:00+05:30,180.0,184.1,166.2,174.3,7064148,4.839468806288207,174.89595312393388,168.15214125373683,6.7438118701970495,6.589932411279705,17.900000000000006,2.25,15.650000000000006,17.900000000000006,5.882142857142859,2068888.2,Buy
214,2023-05-18T00:00:00+05:30,174.3,185.0,173.9,184.15,6474442,4.714065295923646,176.31965264332868,169.3371678275341,6.982484815794578,6.6684428921826795,11.099999999999994,10.699999999999989,0.4000000000000057,11.099999999999994,6.525000000000001,2299923.05,Buy
215,2023-05-19T00:00:00+05:30,184.0,184.25,178.75,182.95,2276050,4.751588459503928,177.33970608281658,170.34552576623528,6.994180316581293,6.733590377062402,5.5,0.09999999999999432,5.400000000000006,5.5,6.760714285714288,2371513.25,Buy
216,2023-05-22T00:00:00+05:30,181.0,182.1,176.45,177.1,1616832,4.649233367094398,177.30282822392172,170.84585719095858,6.456971032963139,6.67826650824255,5.650000000000006,0.8499999999999943,6.5,6.5,6.521428571428574,2416385.6,Sell
217,2023-05-23T00:00:00+05:30,177.0,179.95,175.2,176.7,1396197,4.292996846414398,177.21008542024146,171.27949739903573,5.930588021205722,6.528730810835184,4.75,2.8499999999999943,1.9000000000000057,4.75,6.446428571428574,2425524.05,Sell
218,2023-05-24T00:00:00+05:30,176.5,183.4,176.0,180.6,1490314,3.93404397599749,177.7316107402043,171.96990499910717,5.761705741097131,6.375325796887574,7.400000000000006,6.700000000000017,0.6999999999999886,7.400000000000006,6.70714285714286,2454945.7,Sell
219,2023-05-25T00:00:00+05:30,180.65,184.0,179.8,183.1,734469,3.4763931542093687,178.55751678017288,172.79435648065478,5.763160299518091,6.252892697413678,4.199999999999989,3.4000000000000057,0.799999999999983,4.199999999999989,6.646428571428572,2453412.35,Sell
220,2023-05-26T00:00:00+05:30,183.1,190.9,182.95,187.1,2415409,3.008413698642972,179.8717449678386,173.85403377838406,6.0177111894545305,6.205856395821849,7.950000000000017,7.800000000000011,0.15000000000000568,7.950000000000017,7.014285714285715,2555623.3,Sell
221,2023-05-29T00:00:00+05:30,190.1,190.9,183.25,185.8,4747824,2.3943497105136218,180.78378420355574,174.73892016517044,6.044864038385299,6.173657924334539,7.650000000000006,3.8000000000000114,3.8499999999999943,7.650000000000006,7.282142857142858,2756350.4,Sell
222,2023-05-30T00:00:00+05:30,185.0,186.6,181.0,182.15,1137136,2.2261832892165954,180.99397124916254,175.28788904182449,5.706082207338056,6.080142780935243,5.599999999999994,0.799999999999983,4.800000000000011,5.599999999999994,7.292857142857143,2564120.15,Sell
223,2023-05-31T00:00:00+05:30,179.4,186.9,177.7,184.5,2937898,2.182140501778674,181.5333602877529,175.97026763131896,5.563092656433952,5.976732756034985,9.200000000000017,4.75,4.450000000000017,9.200000000000017,7.746428571428573,2443745.55,Sell
224,2023-06-01T00:00:00+05:30,184.0,187.9,183.15,185.1,1599637,2.180882402823501,182.08207408963708,176.64654410307313,5.4355299865639495,5.868492202140778,4.75,3.4000000000000057,1.3499999999999943,4.75,7.821428571428574,2409436.25,Sell
225,2023-06-02T00:00:00+05:30,186.3,187.35,182.55,185.6,688702,2.223159075093128,182.62329346046215,177.30976305840105,5.3135304020611045,5.757499842124844,4.799999999999983,2.25,2.549999999999983,4.799999999999983,7.532142857142858,2347665.45,Sell
226,2023-06-05T00:00:00+05:30,186.5,186.5,182.0,182.45,478900,2.1880880635660684,182.59663292808335,177.69052135037134,4.906111577712011,5.5872221892422775,4.5,0.9000000000000057,3.5999999999999943,4.5,7.271428571428572,2319754.65,Sell
227,2023-06-06T00:00:00+05:30,182.85,183.9,178.25,178.85,844096,2.2184021809721304,182.02022786222437,177.77640865775123,4.243819204473141,5.318541592288451,5.650000000000006,1.450000000000017,4.199999999999989,5.650000000000006,6.396428571428572,2254320.55,Sell
228,2023-06-07T00:00:00+05:30,179.05,184.0,179.05,180.9,1362476,2.0822766783093773,181.84788511418986,178.0077857942141,3.8400993199757636,5.022853137825914,4.949999999999989,5.150000000000006,0.20000000000001705,5.150000000000006,5.971428571428573,2234653.95,No Signal
229,2023-06-08T00:00:00+05:30,185.0,185.7,180.2,181.85,2488036,1.9217931719131074,181.84821048123757,178.29239425390193,3.55581622733564,4.729445755727859,5.5,4.799999999999983,0.700000000000017,5.5,5.971428571428573,2327404.9,No Signal
230,2023-06-09T00:00:00+05:30,182.3,183.2,180.15,180.75,1588658,1.8133146836123735,181.67925502258564,178.47443912398327,3.2048158986023623,4.42451978430276,3.049999999999983,1.3499999999999943,1.6999999999999886,3.049999999999983,5.7250000000000005,2372213.5,No Signal
231,2023-06-12T00:00:00+05:30,181.55,181.55,175.9,178.3,1241941,1.8834410617590476,181.15936963449553,178.46151770739192,2.6978519271036134,4.079186212862931,5.650000000000006,0.8000000000000114,4.849999999999994,5.650000000000006,5.7892857142857155,2246799.1,No Signal
232,2023-06-13T00:00:00+05:30,179.0,199.3,179.0,192.85,7003355,2.1689037011498553,182.95792815226545,179.52733121054808,3.4305969417173685,3.9494683586338186,20.30000000000001,21.0,0.6999999999999886,21.0,6.760714285714286,2479326.0,Sell
233,2023-06-14T00:00:00+05:30,192.85,193.6,187.1,188.3,2175026,2.0956703956446616,183.77978535960924,180.17715852828528,3.6026268313239598,3.880100053171847,6.5,0.75,5.75,6.5,6.925000000000002,2234869.9,Sell
234,2023-06-15T00:00:00+05:30,189.1,194.3,187.2,189.9,2461221,2.230945882035265,184.72135684274627,180.89736900767156,3.8239878350747176,3.8688776095524213,7.100000000000023,6.0,1.1000000000000227,7.100000000000023,6.864285714285716,2034208.85,Sell
235,2023-06-16T00:00:00+05:30,191.2,194.5,190.1,192.0,1461771,2.4298409363511038,185.84114809770838,181.71978611821442,4.121361979493969,3.919374483540731,4.400000000000006,4.599999999999994,0.19999999999998863,4.599999999999994,6.646428571428572,1993494.9,No Signal
236,2023-06-19T00:00:00+05:30,193.0,197.0,191.75,195.0,3165126,2.5824525577810475,187.25020223652248,182.70350566501335,4.5466965715091305,4.044838901134411,5.25,5.0,0.25,5.25,6.621428571428573,2070909.6,No Signal
237,2023-06-20T00:00:00+05:30,195.7,196.45,192.3,193.0,1023065,2.5961613542870707,188.1347865078267,183.46620894908645,4.668577558740253,4.169586632655579,4.149999999999977,1.4499999999999886,2.6999999999999886,4.149999999999977,6.260714285714284,2052253.0,No Signal
238,2023-06-21T00:00:00+05:30,193.0,193.85,189.0,190.0,921481,2.6194248413514054,188.42174242969952,183.95019347137634,4.471548958323183,4.2299790977891005,4.849999999999994,0.8499999999999943,4.0,4.849999999999994,6.267857142857141,2023811.35,No Signal
239,2023-06-22T00:00:00+05:30,191.05,193.75,190.0,190.25,745774,2.6405580947159173,188.70301282513037,184.41684580682994,4.286167018300432,4.241216681891367,3.75,3.75,0.0,3.75,6.192857142857142,2024376.6,No Signal
240,2023-06-23T00:00:00+05:30,189.65,190.6,186.05,189.5,980043,2.677513253124585,188.8256262366488,184.79337574706477,4.032250489584015,4.199423443429897,4.549999999999983,0.3499999999999943,4.199999999999989,4.549999999999983,6.196428571428569,1952608.3,No Signal
241,2023-06-26T00:00:00+05:30,188.5,195.0,188.15,194.15,1681753,2.7614842388065655,189.64476066177974,185.48645902506,4.158301636719756,4.191199082087869,6.849999999999994,5.5,1.3499999999999943,6.849999999999994,6.282142857142854,1799304.75,No Signal
242,2023-06-27T00:00:00+05:30,195.65,195.8,188.05,190.1,2280798,2.785462129529234,189.7147974830444,185.82820280098147,3.8865946820629347,4.1302782020828825,7.75,1.6500000000000057,6.099999999999994,7.75,6.46785714285714,1856487.85,No Signal
243,2023-06-28T00:00:00+05:30,191.05,193.4,186.15,188.75,1094815,2.790827548955667,189.56636710103757,186.044632223131,3.5217348779065674,4.008569537247619,7.25,3.3000000000000114,3.9499999999999886,7.25,6.59285714285714,1764333.7,Sell
244,2023-06-30T00:00:00+05:30,188.8,192.4,187.8,188.05,1166153,2.787408758730842,189.3330798547241,186.19317798438055,3.13990187034355,3.8348360038668057,4.599999999999994,3.6500000000000057,0.9499999999999886,4.599999999999994,6.7035714285714265,1742659.5,Sell
245,2023-07-03T00:00:00+05:30,189.0,190.9,187.0,188.3,978701,2.7744061012773593,189.17414449245885,186.34923887442645,2.8249056180324033,3.6328499266999255,3.9000000000000057,2.8499999999999943,1.0500000000000114,3.9000000000000057,6.5785714285714265,1757159.45,Sell
246,2023-07-04T00:00:00+05:30,188.8,190.85,187.55,188.0,796567,2.7011255868248876,188.9935068782344,186.4715174763208,2.5219894019136007,3.4106778217426608,3.299999999999983,2.549999999999983,0.75,3.299999999999983,5.3142857142857105,1773042.8,No Signal
247,2023-07-05T00:00:00+05:30,188.7,190.9,188.05,190.5,863244,2.4298382845220687,189.22527505081374,186.76992358918594,2.4553514616277994,3.2196125497196886,2.8499999999999943,2.9000000000000057,0.05000000000001137,2.9000000000000057,5.057142857142854,1774000.2,No Signal
248,2023-07-06T00:00:00+05:30,190.55,197.0,190.5,191.7,3157644,2.2493028563842525,189.60600196607317,187.13511443443142,2.4708875316417505,3.069867546104101,6.5,6.5,0.0,6.5,5.01428571428571,1863758.6,No Signal
249,2023-07-07T00:00:00+05:30,192.7,192.7,189.4,191.0,619407,2.0832135968132834,189.82046320206192,187.42140225410316,2.399060947958759,2.9357062264750327,3.299999999999983,1.0,2.299999999999983,3.299999999999983,4.9214285714285655,1770327.15,No Signal
250,2023-07-10T00:00:00+05:30,191.45,194.8,187.9,190.05,1229101,1.7898599667393071,189.85577655559086,187.61611319824365,2.2396633573472116,2.7964976526494687,6.900000000000006,3.8000000000000114,3.0999999999999943,6.900000000000006,5.039285714285709,1752349.3,No Signal
251,2023-07-11T00:00:00+05:30,190.9,191.5,189.05,189.85,837046,1.0580233077944359,189.85488785473072,187.78158629467003,2.073301560060685,2.651858434131712,2.4499999999999886,1.4499999999999886,1.0,2.4499999999999886,4.917857142857138,1732104.55,No Signal
252,2023-07-12T00:00:00+05:30,189.9,194.8,188.1,191.45,3649344,1.0176179828691523,190.1002897232337,188.053320643213,2.0469690800206877,2.5308805633095073,6.700000000000017,4.950000000000017,1.75,6.700000000000017,5.049999999999997,1564404.0,No Signal
253,2023-07-13T00:00:00+05:30,192.9,197.85,191.3,194.7,3059430,1.0732553719500555,190.80793745812082,188.54566726223425,2.262270195886572,2.4771584898249204,6.549999999999983,6.400000000000006,0.14999999999997726,6.549999999999983,5.249999999999996,1608624.2,No Signal
254,2023-07-14T00:00:00+05:30,194.9,196.7,192.5,194.7,1231968,1.1550524662008548,191.40671631071763,189.001543761328,2.4051725493896186,2.46276130173786,4.199999999999989,2.0,2.1999999999999886,4.199999999999989,5.224999999999996,1547161.55,No Signal
255,2023-07-17T00:00:00+05:30,194.0,195.65,192.2,193.8,907292,1.1989572131588304,191.77491380137644,189.3569849641926,2.4179288371838368,2.4537948088270554,3.450000000000017,0.950000000000017,2.5,3.450000000000017,4.982142857142855,1519437.6,No Signal
256,2023-07-18T00:00:00+05:30,194.05,197.3,191.2,197.25,1808837,1.2990491840510372,192.61723475501083,189.9416527446228,2.675582010388041,2.4981522491392525,6.100000000000023,3.5,2.6000000000000227,6.100000000000023,4.864285714285714,1451623.15,No Signal
257,2023-07-19T00:00:00+05:30,197.95,201.65,196.45,198.8,6807080,1.5350816821455469,193.56842940808608,190.59782661539148,2.970602792694592,2.5926423578503206,5.200000000000017,4.400000000000006,0.8000000000000114,5.200000000000017,4.717857142857143,1740823.9,No Signal
258,2023-07-20T00:00:00+05:30,199.75,200.7,194.1,195.6,1391451,1.6143114454787506,193.88097872991898,190.96835797721434,2.9126207527046404,2.656638036821185,6.599999999999994,1.8999999999999773,4.700000000000017,6.599999999999994,4.860714285714287,1764322.4,No Signal
259,2023-07-21T00:00:00+05:30,193.0,200.9,193.0,197.55,2270774,1.71097659178274,194.44544354070067,191.4558870159392,2.9895565247614684,2.7232217344092415,7.900000000000006,5.300000000000011,2.5999999999999943,7.900000000000006,5.146428571428572,1840572.4,No Signal
260,2023-07-24T00:00:00+05:30,198.9,198.95,194.9,195.45,680227,1.735806724367713,194.59999068828517,191.75174723698075,2.848243451304427,2.7482260777882788,4.049999999999983,1.3999999999999773,2.6500000000000057,4.049999999999983,5.200000000000001,1825581.6,No Signal
261,2023-07-25T00:00:00+05:30,196.65,200.9,193.3,198.65,1463049,1.8365380121540795,195.2230690439336,192.2627289231303,2.960340120803295,2.790648886391282,7.599999999999994,5.450000000000017,2.1499999999999773,7.599999999999994,5.535714285714286,1814646.4,Buy
262,2023-07-26T00:00:00+05:30,199.7,204.8,194.25,195.5,7584778,1.8642355557864427,195.26567380640537,192.50252678067622,2.763147025729154,2.785148514258857,10.550000000000011,6.150000000000006,4.400000000000006,10.550000000000011,5.825000000000001,2079845.4,Sell
263,2023-07-27T00:00:00+05:30,196.4,196.85,193.2,194.2,690658,1.8088722288278551,195.1017239900353,192.62826553766317,2.4734584523721423,2.722810501881514,3.6500000000000057,1.3499999999999943,2.3000000000000114,3.6500000000000057,5.850000000000002,2059637.55,Sell
264,2023-07-28T00:00:00+05:30,194.45,199.7,193.3,196.7,1954285,1.712130282760279,195.34761260695296,192.92987549783626,2.4177371091167004,2.6617958233285517,6.399999999999977,5.5,0.8999999999999773,6.399999999999977,5.814285714285715,2099044.15,Sell
265,2023-07-31T00:00:00+05:30,196.2,196.8,192.55,192.95,1279948,1.6212705243571033,194.9787491289602,192.93136620170026,2.047382927259946,2.5389132441148305,4.25,0.10000000000002274,4.149999999999977,4.25,5.942857142857144,2114106.5,Sell
266,2023-08-01T00:00:00+05:30,193.95,195.75,193.15,194.0,939536,1.443938312776965,194.8281723398894,193.01052426083356,1.8176480790558287,2.39466021110303,2.5999999999999943,2.8000000000000114,0.20000000000001705,2.8000000000000114,5.6642857142857155,2121254.95,Sell
267,2023-08-02T00:00:00+05:30,193.95,196.85,193.0,193.85,878689,1.3741990844494014,194.6776842875987,193.07270764891996,1.6049766386787496,2.236723496618174,3.8499999999999943,2.8499999999999943,1.0,3.8499999999999943,5.471428571428573,2122027.2,Sell
268,2023-08-03T00:00:00+05:30,194.3,195.3,191.6,194.9,1453155,1.328383308598404,194.7118867048912,193.20806263788884,1.5038240670023697,2.0901436106950135,3.700000000000017,1.450000000000017,2.25,3.700000000000017,5.4357142857142895,2036802.75,Sell
269,2023-08-04T00:00:00+05:30,195.4,197.9,185.25,189.6,4264163,1.4273490097554073,193.9254425964464,192.94079873878596,0.9846438576604442,1.8690436600880997,12.650000000000006,3.0,9.650000000000006,12.650000000000006,6.092857142857146,2219040.55,Sell
270,2023-08-07T00:00:00+05:30,188.5,195.85,184.3,190.45,3479491,1.4035630804625236,193.39075912007004,192.7562951285055,0.6344639915645303,1.622127726383386,11.549999999999983,6.25,5.299999999999983,11.549999999999983,6.482142857142857,2331560.05,Sell
271,2023-08-08T00:00:00+05:30,191.2,195.65,188.55,193.0,1600189,1.2797507911982062,193.33064233236695,192.7743473412088,0.5562949911581541,1.4089611793383396,7.099999999999994,5.200000000000017,1.8999999999999773,7.099999999999994,6.617857142857141,2369717.2,Sell
272,2023-08-09T00:00:00+05:30,194.1,194.95,190.65,193.3,956712,1.2294079376431841,193.3259281273874,192.81328457519334,0.5126435521940778,1.2296976539094873,4.299999999999983,1.9499999999999886,2.3499999999999943,4.299999999999983,6.4535714285714265,2235085.6,Sell
273,2023-08-10T00:00:00+05:30,193.5,196.9,192.45,196.0,1255597,1.2208164950901945,193.73732380009704,193.04933756962345,0.687986230473598,1.1213553692223095,4.450000000000017,3.5999999999999943,0.8500000000000227,4.450000000000017,6.2071428571428555,2144893.95,Sell
274,2023-08-11T00:00:00+05:30,196.0,202.45,195.6,198.0,3252436,1.2606969576869882,194.39312013854365,193.4160533052069,0.9770668333367496,1.0924976620451976,6.849999999999994,6.449999999999989,0.4000000000000057,6.849999999999994,6.407142857142857,2245917.35,Sell
275,2023-08-14T00:00:00+05:30,198.25,198.4,193.85,197.7,1102467,1.2903804106004864,194.90187088646002,193.73338269000638,1.1684881964536373,1.1076957689268856,4.550000000000011,0.4000000000000057,4.150000000000006,4.550000000000011,6.189285714285715,2255676.1,Buy
276,2023-08-16T00:00:00+05:30,197.5,200.8,195.5,199.0,1378703,1.3336802801401002,195.53235228854308,194.12350249074666,1.408849797796421,1.1679265747007928,5.300000000000011,3.1000000000000227,2.1999999999999886,5.300000000000011,5.814285714285715,2234169.4,Buy
277,2023-08-17T00:00:00+05:30,199.45,201.0,198.15,199.4,1237104,1.3536368673966113,196.12737501338262,194.51435415809877,1.6130208552838496,1.2569454308174042,2.8499999999999943,2.0,0.8499999999999943,2.8499999999999943,5.757142857142857,1955670.6,No Signal
278,2023-08-18T00:00:00+05:30,199.75,199.85,196.4,197.0,633819,1.3835728454773206,196.26162501132376,194.69847607231367,1.563148939010091,1.3181861324559416,3.4499999999999886,0.44999999999998863,3.0,3.4499999999999886,5.546428571428572,1917789.0,No Signal
279,2023-08-21T00:00:00+05:30,197.0,197.9,193.85,194.55,658053,1.37802941742802,195.99829808650472,194.68747784473487,1.3108202417698465,1.3167129543187226,4.050000000000011,0.9000000000000057,3.1500000000000057,4.050000000000011,5.532142857142858,1837152.95,No Signal
280,2023-08-22T00:00:00+05:30,195.05,197.45,194.0,196.1,1173426,1.370703453757002,196.01394453473475,194.79210911549526,1.2218354192394827,1.2977374473028747,3.4499999999999886,2.8999999999999773,0.5500000000000114,3.4499999999999886,5.578571428571428,1861812.9,No Signal
281,2023-08-23T00:00:00+05:30,196.15,198.3,194.35,194.55,562519,1.3200034968466234,195.7887222986217,194.77417510694005,1.0145471916816575,1.2410993961786314,3.950000000000017,2.200000000000017,1.75,3.950000000000017,5.585714285714287,1816786.4,No Signal
282,2023-08-24T00:00:00+05:30,195.0,197.0,192.7,192.85,494150,1.3538779606491718,195.33661117575681,194.6316436175371,0.704967558219721,1.1338730285868495,4.300000000000011,2.4499999999999886,1.8500000000000227,4.300000000000011,5.628571428571429,1462255.0,No Signal
283,2023-08-25T00:00:00+05:30,193.4,194.15,190.5,191.5,506373,1.4187853451232337,194.74636330256345,194.39967001623805,0.3466932863254044,0.9764370801345605,3.6500000000000057,1.3000000000000114,2.3499999999999943,3.6500000000000057,4.985714285714287,1453040.75,No Signal
284,2023-08-28T00:00:00+05:30,191.35,195.7,188.8,193.0,1267292,1.401337762833255,194.477692025246,194.29599075577596,0.1817012694700395,0.8174899180016564,6.899999999999977,4.199999999999989,2.6999999999999886,6.899999999999977,4.653571428571429,1418691.1,No Signal
285,2023-08-29T00:00:00+05:30,193.2,194.7,190.75,190.95,445614,1.4681257451899485,193.93497017520815,194.04813958868144,-0.1131694134732868,0.6313580517066678,3.9499999999999886,1.6999999999999886,2.25,3.9499999999999886,4.428571428571429,1376974.4,No Signal
286,2023-08-30T00:00:00+05:30,191.6,196.0,191.6,195.0,1403992,1.4375376211644066,194.0988209174838,194.11864776729763,-0.019826849813824765,0.5011210714025693,4.400000000000006,5.050000000000011,0.6500000000000057,5.050000000000011,4.482142857142859,1400197.2,No Signal
287,2023-08-31T00:00:00+05:30,195.9,197.6,193.35,194.95,1598458,1.4361837501948427,194.2297715455632,194.18022941416447,0.049542131398737865,0.41080528340180306,4.25,2.5999999999999943,1.6500000000000057,4.25,4.467857142857143,1436185.65,No Signal
288,2023-09-01T00:00:00+05:30,196.8,199.0,195.7,197.05,1393506,1.4479251699376305,194.66365284624578,194.39280501311526,0.2708478331305173,0.38281379334754595,3.3000000000000114,4.050000000000011,0.75,4.050000000000011,4.267857142857145,1433203.2,No Signal
289,2023-09-04T00:00:00+05:30,199.75,199.75,197.65,198.55,953042,1.3648054991882126,195.2615524083618,194.70074538251413,0.56080702584768,0.4184124398475728,2.0999999999999943,2.6999999999999886,0.5999999999999943,2.6999999999999886,4.135714285714286,1267647.15,No Signal
290,2023-09-05T00:00:00+05:30,199.7,218.3,198.35,215.55,17649560,2.385470515099047,198.3828520378446,196.245134613439,2.1377174244055936,0.762273436759177,19.950000000000017,19.75,0.20000000000001705,19.950000000000017,5.182142857142858,1976150.6,No Signal
291,2023-09-06T00:00:00+05:30,217.4,217.4,210.6,212.15,2577953,2.902679443547425,200.50087480125313,197.4232727902213,3.0776020110318427,1.2253391516137102,6.800000000000011,1.8499999999999943,4.950000000000017,6.800000000000011,5.464285714285716,2025038.8,Buy
292,2023-09-07T00:00:00+05:30,213.45,225.5,213.15,224.5,11462371,3.8127641859572403,204.19304790875265,199.42895628724193,4.764091621510715,1.9330896455931112,12.349999999999994,13.349999999999994,1.0,13.349999999999994,6.1714285714285735,2550321.75,Buy
293,2023-09-08T00:00:00+05:30,226.0,226.2,220.65,222.45,3091725,4.4981986011336765,207.00180976894455,201.13421878448327,5.8675909844612875,2.7199899133667467,5.549999999999983,1.6999999999999886,3.8499999999999943,5.549999999999983,6.278571428571429,2642128.15,Buy
294,2023-09-11T00:00:00+05:30,225.5,227.5,223.0,224.7,2695633,5.063932421192369,209.72460826603,202.87983220785486,6.8447760581751425,3.544947142328426,4.5,5.050000000000011,0.5500000000000114,5.050000000000011,6.392857142857145,2614288.0,Buy
295,2023-09-12T00:00:00+05:30,226.0,226.45,205.55,206.95,5002934,5.508977797534112,209.29774545587154,203.18132611838413,6.1164193374874,4.059241581360221,20.899999999999977,1.75,19.149999999999977,20.899999999999977,7.603571428571428,2809311.35,Buy
296,2023-09-13T00:00:00+05:30,207.0,215.85,206.2,210.7,4422870,5.475148829446881,209.51347692419898,203.73826492442976,5.775211999769226,4.402435665042023,9.650000000000006,8.900000000000006,0.75,9.650000000000006,7.985714285714285,2961519.7,Buy
297,2023-09-14T00:00:00+05:30,212.6,215.95,210.3,211.15,2696171,5.523040149926163,209.76524970509143,204.28728233743496,5.4779673676564755,4.617542005564913,5.649999999999977,5.25,0.39999999999997726,5.649999999999977,8.128571428571425,3034473.05,Buy
298,2023-09-15T00:00:00+05:30,212.0,215.0,207.95,211.45,1281453,5.535330189424751,210.02444205815428,204.81785401614349,5.206588042010793,4.7353512128540896,7.050000000000011,3.8499999999999943,3.200000000000017,7.050000000000011,8.139285714285714,3066854.75,Buy
299,2023-09-18T00:00:00+05:30,211.45,212.7,209.1,210.45,547064,5.499109155168826,210.08991251074593,205.23505001494766,4.8548624957982724,4.7592534694429265,3.5999999999999943,1.25,2.3499999999999943,3.5999999999999943,8.114285714285714,3061305.3,Buy
300,2023-09-20T00:00:00+05:30,209.5,211.95,206.4,209.35,603709,5.460416093908864,209.97607981678502,205.53986112495153,4.4362186918334885,4.69464651392104,5.549999999999983,1.5,4.049999999999983,5.549999999999983,8.149999999999997,3032819.45,Sell
301,2023-09-21T00:00:00+05:30,207.0,209.3,205.65,207.1,679213,5.381899332844636,209.5336059988181,205.65542696754773,3.8781790312703777,4.531353017390908,3.6500000000000057,0.04999999999998295,3.6999999999999886,3.6999999999999886,8.110714285714282,3038654.15,Sell
302,2023-09-22T00:00:00+05:30,207.45,209.8,205.0,208.7,1185396,5.134440087975669,209.40535892207686,205.88095089587753,3.5244080261993247,4.329964019152591,4.800000000000011,2.700000000000017,2.0999999999999943,4.800000000000011,8.164285714285711,3073216.45,Sell
303,2023-09-25T00:00:00+05:30,208.7,209.4,206.0,207.75,389060,4.857525204011679,209.1506883186804,206.0193989776644,3.1312893410160143,4.090229083525276,3.4000000000000057,0.700000000000017,2.6999999999999886,3.4000000000000057,8.214285714285712,3067350.8,Sell
304,2023-09-26T00:00:00+05:30,207.75,213.0,205.25,207.6,1405283,4.570376503321113,208.91212088503727,206.13648053487444,2.7756403501628313,3.8273113368527873,7.75,5.25,2.5,7.75,7.34285714285714,3074250.35,Sell
305,2023-09-27T00:00:00+05:30,207.6,211.8,206.75,208.25,2775085,4.111120204120886,208.81025613349308,206.29303753229115,2.5172186012019324,3.5652927897226165,5.050000000000011,4.200000000000017,0.8499999999999943,5.050000000000011,7.21785714285714,3190723.9,Sell
306,2023-09-28T00:00:00+05:30,209.45,210.35,206.55,207.8,1486137,3.799401504607738,208.6548321129557,206.40466438175108,2.2501677312046127,3.302267778019016,3.799999999999983,2.0999999999999943,1.6999999999999886,3.799999999999983,6.535714285714282,3194831.15,No Signal
307,2023-09-29T00:00:00+05:30,207.0,215.9,207.0,214.35,2318229,3.322142202411265,209.53101178788557,206.99320776088064,2.5378040270049382,3.1493750278162005,8.900000000000006,8.099999999999994,0.8000000000000114,8.900000000000006,6.774999999999998,3230819.7,No Signal
308,2023-10-03T00:00:00+05:30,220.0,223.0,212.3,218.75,3134111,2.99009866237585,210.9493176666724,207.86408126007467,3.085236406597744,3.1365473035725095,10.699999999999989,8.650000000000006,2.049999999999983,10.699999999999989,7.178571428571424,3317849.95,Sell
309,2023-10-04T00:00:00+05:30,216.05,220.65,214.1,217.1,1683855,2.6817135044129694,211.89557648718434,208.54822338895804,3.347353098226307,3.1787084625032693,6.550000000000011,1.9000000000000057,4.650000000000006,6.550000000000011,6.153571428571427,3354390.6,No Signal
310,2023-10-05T00:00:00+05:30,219.1,222.2,217.55,218.7,1356679,2.716310638446615,212.94241087377137,209.3002068416278,3.642204032143553,3.271407576431326,4.649999999999977,5.099999999999994,0.45000000000001705,5.099999999999994,5.8285714285714265,2539746.55,No Signal
311,2023-10-06T00:00:00+05:30,219.4,223.0,219.15,222.0,1035876,2.8225237257011586,214.3358861239604,210.2409322607665,4.0949538631938935,3.43611683378384,3.8499999999999943,4.300000000000011,0.45000000000001705,4.300000000000011,5.732142857142857,2462642.7,No Signal
312,2023-10-09T00:00:00+05:30,220.0,220.5,214.1,216.8,2154891,2.661858556709804,214.714980566428,210.72678913033934,3.9881914360886697,3.546531754244806,6.400000000000006,1.5,7.900000000000006,7.900000000000006,5.792857142857143,1997268.7,No Signal
313,2023-10-10T00:00:00+05:30,216.9,220.0,216.8,217.75,395790,2.5063260544978525,215.1819066331314,211.24702697253642,3.934879660594987,3.6242013355148424,3.1999999999999886,3.1999999999999886,0.0,3.1999999999999886,5.764285714285713,1862471.95,No Signal
314,2023-10-11T00:00:00+05:30,219.95,220.0,214.55,215.7,540247,2.2052882509515843,215.26161330495734,211.57687682642262,3.6847364785347168,3.6363083641188174,5.449999999999989,2.25,3.1999999999999886,5.449999999999989,5.757142857142857,1754702.65,No Signal
315,2023-10-12T00:00:00+05:30,216.4,218.7,212.55,213.5,1315778,2.1464522113016633,214.99059587342543,211.71933039483577,3.271265478589669,3.563299787012988,6.149999999999977,3.0,3.1499999999999773,6.149999999999977,5.932142857142856,1570344.85,No Signal
316,2023-10-13T00:00:00+05:30,213.3,213.35,210.25,210.85,673242,2.171813919791702,214.35358112366768,211.65493555077384,2.698645572893838,3.390368944189158,3.0999999999999943,0.15000000000000568,3.25,3.25,5.821428571428569,1382863.45,No Signal
317,2023-10-16T00:00:00+05:30,210.85,213.0,210.4,211.25,390941,2.166854057260761,213.87610710464187,211.6249403247906,2.2511667798512747,3.1625285113215815,2.5999999999999943,2.1500000000000057,0.44999999999998863,2.5999999999999943,5.764285714285712,1267601.95,No Signal
318,2023-10-17T00:00:00+05:30,212.1,213.9,208.2,209.3,716199,2.2144055162845735,213.17209062700468,211.45272252295425,1.7193681040504316,2.8738964298673517,5.700000000000017,2.6500000000000057,3.0500000000000114,5.700000000000017,5.617857142857141,1239339.25,No Signal
319,2023-10-18T00:00:00+05:30,210.9,210.9,202.15,203.85,1096354,2.4620415123997517,211.73792283823474,210.8895578916243,0.8483649466104453,2.4687901332159705,8.75,1.5999999999999943,7.150000000000006,8.75,5.8821428571428545,1266803.75,No Signal
320,2023-10-19T00:00:00+05:30,203.85,203.85,197.5,198.45,1622119,2.9614939463341825,209.69362701696787,209.96810915891137,-0.2744821419435084,1.9201356781840748,6.349999999999994,0.0,6.349999999999994,6.349999999999994,6.064285714285712,1317724.25,No Signal
321,2023-10-20T00:00:00+05:30,199.3,199.35,192.0,195.55,2272865,3.501992390031684,207.51768439897282,208.90010107306608,-1.382416674093264,1.2596252077286072,7.349999999999994,0.9000000000000057,6.449999999999989,7.349999999999994,5.9535714285714265,1397406.85,No Signal
322,2023-10-23T00:00:00+05:30,197.9,200.0,188.0,189.3,2120849,4.4455804804499195,204.71496372220778,207.44824173432045,-2.733278012112663,0.4610445637603532,12.0,4.449999999999989,7.550000000000011,12.0,6.04642857142857,1444179.5,No Signal
323,2023-10-25T00:00:00+05:30,193.1,193.9,189.0,190.55,1979018,4.981491619736804,202.5357385341758,206.19652012437078,-3.660781590194972,-0.3633206670307119,4.900000000000006,4.599999999999994,0.30000000000001137,4.900000000000006,5.928571428571426,1523677.4,No Signal
324,2023-10-26T00:00:00+05:30,190.55,190.6,180.7,184.05,3162763,6.006699613414403,199.69177875968722,204.55603715219516,-4.864258392507935,-1.2635082121261565,9.900000000000006,0.04999999999998295,9.850000000000023,9.900000000000006,6.2714285714285705,1611551.4,Sell
325,2023-10-27T00:00:00+05:30,187.35,189.8,184.15,188.05,2101903,6.347960339001663,197.9007358735815,203.33336773351405,-5.432631859932542,-2.0973329416874336,5.650000000000006,5.75,0.09999999999999432,5.75,6.374999999999998,1577892.3,Sell
326,2023-10-30T00:00:00+05:30,187.25,188.45,182.05,182.9,2279441,7.168059228485821,195.59293035456898,201.81978493843894,-6.226854583869965,-2.92323727012394,6.399999999999977,0.39999999999997726,6.0,6.399999999999977,6.267857142857139,1617557.5,Sell
327,2023-10-31T00:00:00+05:30,183.75,184.65,178.8,179.8,1494110,7.884576552842111,193.16324876155838,200.18868975781385,-7.025440996255469,-3.743678015350246,5.849999999999994,1.75,4.099999999999994,5.849999999999994,6.457142857142854,1576351.55,Sell
328,2023-11-01T00:00:00+05:30,180.6,186.55,179.7,184.05,3174544,7.837296959241723,191.7612104905494,198.99323125723504,-7.23202076668565,-4.441346565617327,6.850000000000023,6.75,0.10000000000002274,6.850000000000023,6.557142857142856,1578373.2,Sell
329,2023-11-02T00:00:00+05:30,186.0,186.3,182.55,184.35,757375,7.884676050259742,190.62102426123408,197.90854746040281,-7.2875231991687315,-5.010581892327608,3.75,2.25,1.5,3.75,6.385714285714286,1532049.2,Sell
330,2023-11-03T00:00:00+05:30,185.9,186.6,184.0,185.6,1032723,7.692140107289086,189.848558990275,196.99680320407668,-7.148244213801689,-5.438114356622425,2.5999999999999943,2.25,0.3499999999999943,2.5999999999999943,6.339285714285714,1515851.4,Sell
331,2023-11-06T00:00:00+05:30,187.95,190.5,181.8,189.85,2275675,7.033071593163235,189.84878068407883,196.4674103741451,-6.618629690066257,-5.674217423311191,8.699999999999989,4.900000000000006,3.799999999999983,8.699999999999989,6.7749999999999995,1577841.35,Sell
332,2023-11-07T00:00:00+05:30,191.7,198.9,183.65,187.4,6568528,6.791957194387545,189.47204519422056,195.79575034643065,-6.3237051522100955,-5.804114969090972,15.25,9.050000000000011,6.199999999999989,15.25,7.4571428571428555,1798523.2,Sell
333,2023-11-08T00:00:00+05:30,188.45,188.45,182.6,184.3,3683575,6.459762560365921,188.67634593357124,194.9442132837321,-6.267867350160856,-5.896865445304949,5.849999999999994,1.049999999999983,4.800000000000011,5.849999999999994,7.249999999999998,1962912.45,Sell
334,2023-11-09T00:00:00+05:30,185.8,185.8,179.5,180.1,5504848,6.217974580051819,187.35690809763722,193.84464192938157,-6.48773383174435,-6.01503912259283,6.300000000000011,1.5,4.800000000000011,6.300000000000011,7.246428571428571,2211142.5,Sell
335,2023-11-10T00:00:00+05:30,180.2,183.2,178.5,182.75,1300625,5.612586298139618,186.64815300569302,193.02281660127923,-6.374663595586213,-6.086964017191507,4.699999999999989,3.0999999999999943,1.5999999999999943,4.699999999999989,7.057142857142856,2210384.85,Sell
336,2023-11-12T00:00:00+05:30,185.0,185.75,184.4,184.85,290871,4.98742016396435,186.37151408174026,192.41742277896225,-6.045908697221989,-6.078752953197604,1.3499999999999943,3.0,1.6500000000000057,3.0,6.414285714285713,2191266.3,Buy
337,2023-11-13T00:00:00+05:30,185.0,185.35,181.6,182.65,817720,4.288738939018113,185.7989734537802,191.6939099805206,-5.894936526740395,-6.041989667906162,3.75,0.5,3.25,3.75,6.3321428571428555,2212605.25,No Signal
338,2023-11-15T00:00:00+05:30,184.95,184.95,180.7,182.25,1934220,3.399896866838607,185.25297753781402,190.99436109307464,-5.741383555260626,-5.981868445377056,4.25,2.299999999999983,1.950000000000017,4.25,5.928571428571426,2273506.3,No Signal
339,2023-11-16T00:00:00+05:30,182.55,185.9,181.3,182.4,2348037,2.653602966437787,184.81405791661186,190.3577417528469,-5.543683836235033,-5.894231523548651,4.599999999999994,3.6500000000000057,0.9499999999999886,4.599999999999994,5.846428571428569,2336090.45,No Signal
340,2023-11-17T00:00:00+05:30,182.95,185.9,181.95,185.3,1807862,2.075053751000502,184.8888182371331,189.98309421559898,-5.094275978465873,-5.7342404145320955,3.950000000000017,3.5,0.45000000000001705,3.950000000000017,5.671428571428572,2345377.6,No Signal
341,2023-11-20T00:00:00+05:30,186.5,186.9,181.6,182.65,1647712,1.6597389621083074,184.54438466218954,189.43990205148054,-4.895517389291001,-5.566495809483877,5.300000000000011,1.5999999999999943,3.700000000000017,5.300000000000011,5.632142857142859,2314119.95,No Signal
342,2023-11-21T00:00:00+05:30,184.6,187.7,182.8,185.3,1582869,1.5297715811675126,184.66063317569885,189.13324264025977,-4.472609464560918,-5.347718540499286,4.899999999999977,5.049999999999983,0.15000000000000568,5.049999999999983,5.503571428571427,2287220.95,No Signal
343,2023-11-22T00:00:00+05:30,186.0,186.8,179.05,179.95,1853822,1.455003955528262,183.93592037943748,188.45300244468496,-4.517082065247479,-5.181591245448924,7.75,1.5,6.25,7.75,5.789285714285713,2280961.15,No Signal
344,2023-11-23T00:00:00+05:30,180.75,181.95,180.5,181.0,710820,1.4908104710129852,183.4842403210625,187.9009281895231,-4.416687868460627,-5.028610570051265,1.4499999999999886,2.0,0.5500000000000114,2.0,5.746428571428571,2158364.0,No Signal
345,2023-11-24T00:00:00+05:30,181.15,182.85,181.05,182.2,723721,1.3841197671932304,183.28666488705286,187.4786372125214,-4.191972325468527,-4.861282921134718,1.799999999999983,1.8499999999999943,0.05000000000001137,1.8499999999999943,5.257142857142857,2089454.9,No Signal
346,2023-11-28T00:00:00+05:30,182.8,182.8,177.2,179.3,2093594,1.4994955682840687,182.67333182750627,186.8728122338161,-4.199480406309817,-4.728922418169738,5.600000000000023,0.6000000000000227,5.0,5.600000000000023,4.567857142857144,2080162.55,No Signal
347,2023-11-29T00:00:00+05:30,180.75,180.75,177.55,177.75,1257627,1.610463636247421,181.91589616173607,186.19704836464453,-4.2811522029084585,-4.639368375117482,3.1999999999999886,1.4499999999999886,1.75,3.1999999999999886,4.378571428571429,2068338.4,No Signal
348,2023-11-30T00:00:00+05:30,178.0,179.3,175.0,175.35,2271677,1.9085957629037915,180.90575829069977,185.39356330059678,-4.487805009897016,-4.609055702073389,4.300000000000011,1.5500000000000114,2.75,4.300000000000011,4.235714285714287,2023195.05,No Signal
349,2023-12-01T00:00:00+05:30,176.8,177.15,172.6,175.1,4709716,2.1319321994501177,180.0125647075152,184.6310771301822,-4.61851242266701,-4.610947046192114,4.550000000000011,1.8000000000000114,2.75,4.550000000000011,4.225000000000002,2220812.1,No Signal
350,2023-12-04T00:00:00+05:30,180.5,180.8,176.0,180.1,3057949,2.0430383612717438,180.02601629097438,184.29544178720576,-4.269425496231378,-4.542642736199967,4.800000000000011,5.700000000000017,0.9000000000000057,5.700000000000017,4.417857142857146,2322073.4,No Signal
351,2023-12-05T00:00:00+05:30,181.2,182.75,179.55,181.85,2269445,1.7520663049914953,180.30662916928603,184.11429795111644,-3.807668781830415,-4.395647945326057,3.1999999999999886,2.6500000000000057,0.549999999999983,3.1999999999999886,4.378571428571432,2321761.9,No Signal
352,2023-12-06T00:00:00+05:30,182.9,185.4,181.85,184.1,2500831,1.6013084832797884,180.89022468170356,184.11323884362633,-3.2230141619227766,-4.161121188645401,3.5500000000000114,3.5500000000000114,0.0,3.5500000000000114,4.328571428571432,2118377.05,No Signal
353,2023-12-07T00:00:00+05:30,185.0,187.4,183.45,186.55,1978004,1.6622647340822998,181.76095934605686,184.2937396700244,-2.532780323967529,-3.835453015709827,3.950000000000017,3.3000000000000114,0.6500000000000057,3.950000000000017,4.282142857142863,2033098.5,No Signal
354,2023-12-08T00:00:00+05:30,188.05,190.3,185.5,186.75,3032367,1.759306799773545,182.5285040620481,184.47568487965222,-1.9471808176041066,-3.457798576088683,4.800000000000011,3.75,1.0500000000000114,4.800000000000011,4.342857142857148,1909474.45,No Signal
355,2023-12-11T00:00:00+05:30,188.9,189.35,184.6,185.75,2011404,1.8265019232340602,183.02411882173303,184.57007859227056,-1.5459597705375359,-3.0754308149784535,4.75,2.5999999999999943,2.1500000000000057,4.75,4.303571428571432,1945013.4,No Signal
356,2023-12-12T00:00:00+05:30,186.5,189.0,184.15,185.2,1530667,1.8405800269157422,183.35886977223564,184.61673943728755,-1.2578696650519134,-2.7119185849931458,4.849999999999994,3.25,1.5999999999999943,4.849999999999994,4.289285714285719,2007003.2,No Signal
357,2023-12-13T00:00:00+05:30,185.2,185.95,181.9,182.45,1249777,1.8675098031137718,183.21904365343016,184.45624021971068,-1.2371965662805167,-2.41697418125062,4.049999999999983,0.75,3.299999999999983,4.049999999999983,4.025000000000004,2028606.05,No Signal
358,2023-12-14T00:00:00+05:30,184.9,185.25,181.0,183.0,2400496,1.8653203978606672,183.18534462982552,184.3483705738062,-1.1630259439806707,-2.1661845337966303,4.25,2.8000000000000114,1.4499999999999886,4.25,4.1857142857142895,2051919.85,No Signal
359,2023-12-15T00:00:00+05:30,184.3,186.2,183.05,184.9,2239748,1.8768552861782533,183.44913776369853,184.3892320127835,-0.9400942490849786,-1.9209664768543,3.1499999999999773,3.1999999999999886,0.05000000000001137,3.1999999999999886,4.28214285714286,2046505.4,No Signal
360,2023-12-18T00:00:00+05:30,186.0,187.45,181.85,183.05,5030459,1.8580945278349574,183.38773195389876,184.29002964146622,-0.9022976875674544,-1.717232718996931,5.599999999999994,2.549999999999983,3.0500000000000114,5.599999999999994,4.282142857142858,2207635.25,No Signal
361,2023-12-19T00:00:00+05:30,191.0,197.5,189.0,192.8,17720774,2.156777064804658,184.8357731917605,184.92039781617243,-0.08462462441192997,-1.3907111000799308,8.5,14.449999999999989,5.949999999999989,14.449999999999989,5.085714285714287,3011288.35,Buy
362,2023-12-20T00:00:00+05:30,195.5,197.5,188.0,188.95,7001969,2.3060575587237873,185.46873116225888,185.21888686682632,0.2498442954325526,-1.0626000209774342,9.5,4.699999999999989,4.800000000000011,9.5,5.457142857142857,3282243.35,Buy
363,2023-12-21T00:00:00+05:30,186.05,192.1,182.0,190.65,3477192,2.431816784882821,186.26584944498828,185.6211915433577,0.6446579016305805,-0.7211484364558314,10.099999999999994,3.1500000000000057,6.949999999999989,10.099999999999994,5.853571428571428,3363411.85,Buy
364,2023-12-22T00:00:00+05:30,191.7,193.2,188.4,190.1,1989316,2.5443062989548055,186.85571876114392,185.9529551327386,0.9027636284053244,-0.3963660234836002,4.799999999999983,2.549999999999983,2.25,4.799999999999983,5.789285714285711,3427336.65,Buy
365,2023-12-26T00:00:00+05:30,190.95,192.3,188.1,189.6,1390249,2.631296288338861,187.27791587481408,186.2231066043876,1.0548092704264889,-0.10613096470158243,4.200000000000017,2.200000000000017,2.0,4.200000000000017,5.860714285714285,3460663.05,Buy
366,2023-12-27T00:00:00+05:30,191.0,193.35,189.4,191.8,1982729,2.6738369500301253,187.97362112484268,186.6362098188774,1.3374113059652757,0.18257748943178917,3.9499999999999886,3.75,0.19999999999998863,3.9499999999999886,5.889285714285712,3455119.8,Buy
367,2023-12-28T00:00:00+05:30,192.7,195.0,191.1,193.15,2385419,2.677555942709878,188.76998710563612,187.11871279525687,1.6512743103792502,0.47631685362128146,3.9000000000000057,3.1999999999999886,0.700000000000017,3.9000000000000057,5.885714285714282,3511509.4,Buy
368,2023-12-29T00:00:00+05:30,193.3,194.55,189.9,193.75,1924207,2.5231962045147984,189.53614293553827,187.60991925486746,1.9262236806708017,0.7662982190311856,4.650000000000006,1.4000000000000057,3.25,4.650000000000006,5.874999999999996,3494135.9,Buy
369,2024-01-01T00:00:00+05:30,193.9,194.85,191.45,191.75,1006774,2.2012205314503275,189.87673633007083,187.91659190265506,1.96014442741577,1.0050674607081025,3.4000000000000057,1.0999999999999943,2.3000000000000114,3.4000000000000057,5.778571428571425,3308988.8,Buy
370,2024-01-02T00:00:00+05:30,191.95,192.4,188.7,190.05,933725,2.0521909651654813,189.9033922792907,188.07462213208802,1.8287701472026754,1.169807998007017,3.700000000000017,0.6500000000000057,3.0500000000000114,3.700000000000017,5.696428571428569,3202777.6,Buy
371,2024-01-03T00:00:00+05:30,189.95,192.0,188.85,190.45,876505,1.9302460468581615,189.98748577478443,188.25057604822965,1.736909726554785,1.2832283437165708,3.1500000000000057,1.9499999999999886,1.200000000000017,3.1500000000000057,5.632142857142857,3133130.6,Buy
372,2024-01-04T00:00:00+05:30,190.8,191.3,189.0,189.7,1671244,1.8742828780429428,189.94325719404836,188.35794078539783,1.5853164086505274,1.3436459567033623,2.3000000000000114,0.8500000000000227,1.4499999999999886,2.3000000000000114,5.492857142857143,3091651.25,Buy
373,2024-01-05T00:00:00+05:30,189.8,190.6,185.9,186.35,2423940,1.9112545907661316,189.39044839496398,188.2092044309239,1.1812439640400783,1.3111655581707056,4.699999999999989,0.9000000000000057,3.799999999999983,4.699999999999989,5.6000000000000005,3113948.05,Sell
374,2024-01-08T00:00:00+05:30,186.35,190.3,183.75,186.1,1594386,1.9244700750479322,188.8842255649695,188.0529670656703,0.8312584992992242,1.2151841463964095,6.550000000000011,3.950000000000017,2.5999999999999943,6.550000000000011,5.6678571428571445,3042049.0,Sell
375,2024-01-09T00:00:00+05:30,187.25,188.35,185.85,186.85,2155948,1.8975731028259484,188.57126778574343,187.96385839413915,0.6074093916042784,1.0936291954379833,2.5,2.25,0.25,2.5,4.814285714285717,3049276.2,No Signal
376,2024-01-10T00:00:00+05:30,187.0,187.7,185.15,186.8,733206,1.8650862953531764,188.2987650494752,187.87764666123996,0.42111838823524295,0.9591270339974353,2.549999999999983,0.8499999999999943,1.6999999999999886,2.549999999999983,4.317857142857144,3009403.15,No Signal
377,2024-01-11T00:00:00+05:30,187.0,190.5,185.0,186.25,1734370,1.731085731039053,187.98357042647902,187.75708024188884,0.2264901845901761,0.8125996641159835,5.5,3.6999999999999886,1.8000000000000114,5.5,3.989285714285716,3033632.8,No Signal
378,2024-01-12T00:00:00+05:30,187.3,188.0,185.45,185.75,722693,1.6234488069349418,187.6399442070207,187.60840763137855,0.031536575642149955,0.6563870464212168,2.5500000000000114,1.75,0.8000000000000114,2.5500000000000114,3.8285714285714323,2949742.65,No Signal
379,2024-01-15T00:00:00+05:30,187.25,187.45,184.55,186.0,3885697,1.5845436411182936,187.3876450982483,187.4892663253505,-0.1016212271022141,0.5047853917165307,2.8999999999999773,1.6999999999999886,1.1999999999999886,2.8999999999999773,3.7357142857142867,3032040.1,No Signal
380,2024-01-16T00:00:00+05:30,186.7,187.9,185.7,187.2,2110805,1.4083113689134559,187.3587766215947,187.46783919013936,-0.10906256854465823,0.38201579966429294,2.200000000000017,1.9000000000000057,0.30000000000001137,2.200000000000017,3.6107142857142884,2886057.4,No Signal
381,2024-01-17T00:00:00+05:30,186.95,187.8,185.15,186.7,1417488,1.3656610034995873,187.2574263721186,187.410962213092,-0.15353584097340445,0.2749054715367535,2.6500000000000057,0.6000000000000227,2.049999999999983,2.6500000000000057,3.5214285714285745,2070893.1,No Signal
382,2024-01-18T00:00:00+05:30,186.7,186.75,179.45,183.4,1695612,1.5432166992681495,186.66397616102344,187.1138539010111,-0.4498777399876701,0.12994882923186876,7.300000000000011,0.05000000000001137,7.25,7.300000000000011,3.710714285714289,1805575.25,No Signal
383,2024-01-19T00:00:00+05:30,185.0,185.7,182.3,182.75,1141798,1.6814817684780756,186.06182598240446,186.79060546389917,-0.728779481494712,-0.04179683291344738,3.3999999999999773,2.299999999999983,1.0999999999999943,3.3999999999999773,3.7107142857142867,1688805.55,No Signal
384,2024-01-20T00:00:00+05:30,183.35,184.1,181.3,181.8,712431,1.8448672079781223,185.40616044664992,186.42093098509181,-1.0147705384418941,-0.23639157401913674,2.799999999999983,1.3499999999999943,1.4499999999999886,2.799999999999983,3.64642857142857,1624961.3,No Signal
385,2024-01-23T00:00:00+05:30,182.5,183.4,174.45,176.0,1163114,2.40620666131469,183.95905883947302,185.64901017138132,-1.6899513319083042,-0.5271035255969703,8.950000000000017,1.5999999999999943,7.350000000000023,8.950000000000017,4.060714285714285,1613604.55,No Signal
386,2024-01-24T00:00:00+05:30,176.0,179.2,172.2,176.25,1413443,2.684152798316173,182.7730497872464,184.95278719572346,-2.1797374084770524,-0.8576303021729867,7.0,3.1999999999999886,3.8000000000000114,7.0,4.3964285714285705,1585140.25,No Signal
387,2024-01-25T00:00:00+05:30,175.95,179.2,174.4,178.15,899416,2.686028648285771,182.06181135843926,184.44887703307728,-2.3870656746380234,-1.163517376665994,4.799999999999983,2.9499999999999886,1.8499999999999943,4.799999999999983,4.403571428571427,1510840.1,No Signal
388,2024-01-29T00:00:00+05:30,178.85,178.85,171.05,171.55,3074552,3.111961848348437,180.44460961098707,183.49340466025674,-3.048795049269671,-1.5405729111867297,7.799999999999983,0.6999999999999886,7.099999999999994,7.799999999999983,4.492857142857139,1568357.35,No Signal
389,2024-01-30T00:00:00+05:30,172.95,177.15,172.55,175.05,2198505,3.112579233122534,179.6146696708352,182.8679672780155,-3.2532976071802864,-1.883117850385441,4.599999999999994,5.599999999999994,1.0,5.599999999999994,4.71428571428571,1627943.9,Sell
390,2024-01-31T00:00:00+05:30,176.9,183.0,176.15,181.9,2813168,2.8841819878926,179.96625895224517,182.7962659981625,-2.830007045917341,-2.0724956894918214,6.849999999999994,7.949999999999989,1.0999999999999943,7.949999999999989,5.099999999999996,1721916.05,Sell
391,2024-02-01T00:00:00+05:30,182.45,184.3,176.0,177.85,2199232,2.862203889153959,179.64068065189977,182.42987592422455,-2.7891952723247755,-2.215835606058412,8.300000000000011,2.4000000000000057,5.900000000000006,8.300000000000011,5.299999999999997,1788052.4,Sell
392,2024-02-02T00:00:00+05:30,179.0,181.0,172.0,173.0,4481649,3.026334732033092,178.61903747468443,181.73136659650422,-3.1123291218197835,-2.3951343092106865,9.0,3.1500000000000057,5.849999999999994,9.0,5.760714285714282,1928572.65,Sell
393,2024-02-05T00:00:00+05:30,171.45,171.45,161.5,162.25,4756026,4.128551052300819,176.10072401704068,180.28830240417057,-4.187578387129889,-2.7536231247945273,9.949999999999989,1.5500000000000114,11.5,11.5,6.374999999999998,2045176.95,Sell
394,2024-02-06T00:00:00+05:30,163.45,163.85,155.8,158.05,5077362,5.21411178579718,173.32368955288058,178.64102074460237,-5.317331191721792,-3.26636473817998,8.049999999999983,1.5999999999999943,6.449999999999989,8.049999999999983,6.792857142857138,2219325.75,Sell
395,2024-02-07T00:00:00+05:30,160.0,160.0,153.75,154.8,5124903,6.242731296507917,170.4738911601297,176.87501920796515,-6.401128047835442,-3.893317400111073,6.25,1.9499999999999886,4.300000000000011,6.25,7.049999999999995,2367773.5,Sell
396,2024-02-08T00:00:00+05:30,156.05,157.45,152.25,152.85,3839455,7.108357060560532,167.76252328934052,175.0953881555233,-7.332864866182774,-4.581226893325414,5.199999999999989,2.6499999999999773,2.5500000000000114,5.199999999999989,6.899999999999993,2523085.95,Sell
397,2024-02-09T00:00:00+05:30,153.0,155.6,148.15,154.25,3836808,7.513325118782485,165.6836735525189,173.55128532918823,-7.867611776669321,-5.2385038699941955,7.449999999999989,2.75,4.699999999999989,7.449999999999989,7.189285714285709,2628207.85,Sell
398,2024-02-12T00:00:00+05:30,156.5,156.5,149.85,151.85,1849565,8.08787587470962,163.55541608290062,171.94378271221132,-8.388366629310696,-5.868476421857496,6.650000000000006,2.25,4.400000000000006,6.650000000000006,7.46428571428571,2684551.45,Sell
399,2024-02-13T00:00:00+05:30,151.95,152.45,147.2,151.0,1558604,8.446003112269977,161.62381360860823,170.39239140019566,-8.768577791587433,-6.448496695803484,5.25,0.5999999999999943,4.650000000000006,5.25,7.199999999999995,2568196.8,Sell
400,2024-02-14T00:00:00+05:30,150.8,154.95,148.55,154.0,1490663,8.228140273936422,160.45091920728387,169.17814018536635,-8.727220978082471,-6.904241552259282,6.399999999999977,3.9499999999999886,2.4499999999999886,6.399999999999977,7.15714285714285,2537189.7,Sell
401,2024-02-15T00:00:00+05:30,155.45,155.5,150.05,150.4,1941264,8.39647068522919,158.90462394462483,167.78716683830217,-8.88254289367734,-7.299901820542893,5.449999999999989,1.5,3.9499999999999886,5.449999999999989,7.203571428571422,2563378.5,Sell
402,2024-02-16T00:00:00+05:30,152.75,162.7,152.0,158.75,11288044,7.669244535147067,158.88083564545178,167.117747072502,-8.236911427050217,-7.487303741844358,10.699999999999989,12.299999999999983,1.5999999999999943,12.299999999999983,7.524999999999993,3043000.1,Sell
403,2024-02-19T00:00:00+05:30,160.7,166.25,159.65,165.2,6749622,6.978776800396626,159.85301477692073,166.97569173379816,-7.122676956877427,-7.414378384850973,6.599999999999994,7.5,0.9000000000000057,7.5,7.660714285714279,3323391.3,Buy
404,2024-02-20T00:00:00+05:30,166.5,166.5,162.55,165.75,4306340,6.549034270643644,160.76024327277906,166.8848997535168,-6.124656480737741,-7.156434004028327,3.9499999999999886,1.3000000000000114,2.6499999999999773,3.9499999999999886,7.374999999999994,3503086.75,Buy
405,2024-02-21T00:00:00+05:30,171.1,175.0,165.5,167.05,11594032,6.305484290681217,161.72789815388998,166.89712940140444,-5.16923124751446,-6.758993452725554,9.5,9.25,0.25,9.5,7.460714285714279,4024632.65,Buy
406,2024-02-22T00:00:00+05:30,171.65,171.65,162.5,164.85,5081188,6.148834066917385,162.20822151482997,166.7454901864856,-4.5372686716556245,-6.314648496511569,9.150000000000006,4.599999999999994,4.550000000000011,9.150000000000006,7.471428571428565,4208019.9,Buy
407,2024-02-23T00:00:00+05:30,165.0,165.2,159.1,160.95,5344243,5.923090676486373,162.0146489740869,166.31619461711628,-4.301545643029385,-5.912027925815132,6.099999999999994,0.3499999999999943,5.75,6.099999999999994,7.085714285714279,4430261.25,Buy
408,2024-02-26T00:00:00+05:30,163.7,163.7,159.55,162.3,2887215,5.7276173682247205,162.05854913191968,166.0186987195521,-3.9601495876324293,-5.521652258178592,4.149999999999977,2.75,1.3999999999999773,4.149999999999977,6.80714285714285,4420894.4,Buy
409,2024-02-27T00:00:00+05:30,161.85,161.85,152.7,157.3,16167611,5.613898547235964,161.32646465008588,165.37286918477048,-4.046404534684598,-5.226602713479793,9.150000000000006,0.45000000000001705,9.600000000000023,9.600000000000023,7.0464285714285655,5119349.7,Buy
410,2024-02-28T00:00:00+05:30,157.3,159.25,153.25,154.35,3398707,4.846175425973341,160.25316239622651,164.55636035626895,-4.303197960042439,-5.041921762792323,6.0,1.9499999999999886,4.050000000000011,6.0,7.103571428571423,5148626.65,Buy
411,2024-02-29T00:00:00+05:30,153.95,154.95,150.9,153.6,2922792,4.0856017966027665,159.2295989506532,163.74477810765643,-4.515179157003217,-4.936573241634502,4.049999999999983,0.5999999999999943,3.4499999999999886,4.049999999999983,6.86071428571428,5184804.65,No Signal
412,2024-03-01T00:00:00+05:30,155.8,156.0,153.8,154.4,2561687,3.4600202234837716,158.4865837274758,163.0525723219041,-4.565988594428319,-4.862456312193266,2.1999999999999886,2.4000000000000057,0.20000000000001705,2.4000000000000057,6.557142857142852,5088806.55,No Signal
413,2024-03-02T00:00:00+05:30,154.5,158.95,154.1,157.95,464630,3.3142511856794656,158.4040323847872,162.67460400176307,-4.270571616975872,-4.744079373149787,4.849999999999994,4.549999999999983,0.30000000000001137,4.849999999999994,6.528571428571423,4874236.75,No Signal
414,2024-03-04T00:00:00+05:30,158.65,158.65,151.8,152.6,3831064,3.502271234014315,157.51110432558917,161.9283370386695,-4.417232713080324,-4.678710041135894,6.849999999999994,0.700000000000017,6.149999999999977,6.849999999999994,6.5607142857142815,4811921.85,No Signal
415,2024-03-05T00:00:00+05:30,152.6,155.5,152.5,154.6,2909412,3.460153562914813,157.06324212165237,161.3854972580273,-4.322255136374935,-4.607419060183703,3.0,2.9000000000000057,0.09999999999999432,3.0,6.385714285714282,4701147.3,No Signal
416,2024-03-06T00:00:00+05:30,154.8,155.25,152.25,153.45,2665317,3.4704115618930365,156.50735871832123,160.79768264632156,-4.290323928000333,-4.544000033747029,3.0,0.6500000000000057,2.3499999999999943,3.0,5.721428571428569,4642440.4,No Signal
417,2024-03-07T00:00:00+05:30,154.0,157.35,153.7,155.75,4107940,3.3975116947258988,156.39084199242566,160.42378022807551,-4.032938235649851,-4.4417876741275935,3.6500000000000057,3.9000000000000057,0.25,3.9000000000000057,5.464285714285713,4655997.0,No Signal
418,2024-03-11T00:00:00+05:30,155.8,155.95,152.7,153.95,1880411,3.376217429310313,156.0153278397448,159.94424095192178,-3.9289131121769856,-4.339212761737472,3.25,0.19999999999998863,3.0500000000000114,3.25,5.414285714285713,4657539.3,No Signal
419,2024-03-12T00:00:00+05:30,154.0,154.35,150.1,150.85,2308485,3.4521191656147683,155.2206620182456,159.27059347400166,-4.049931455756052,-4.281356500541189,4.25,0.4000000000000057,3.8499999999999943,4.25,5.039285714285713,4695033.35,No Signal
420,2024-03-13T00:00:00+05:30,151.4,152.25,142.25,147.85,7209190,3.778679169503922,154.0867140154386,158.42462358703858,-4.337909571599994,-4.29266711475295,10.0,1.4000000000000057,8.599999999999994,10.0,5.099999999999999,4980959.7,No Signal
421,2024-03-14T00:00:00+05:30,147.65,152.9,144.65,151.15,2944321,3.6664302944503873,153.63491185921725,157.8857625805913,-4.250850721374036,-4.284303836077167,8.25,5.050000000000011,3.1999999999999886,8.25,5.253571428571427,5031112.55,No Signal
422,2024-03-15T00:00:00+05:30,150.0,154.85,149.1,154.1,2431549,3.613146587367133,153.70646388087613,157.60533572276972,-3.8988718418935946,-4.207217437240453,5.75,3.6999999999999886,2.0500000000000114,5.75,5.367857142857143,4588287.8,No Signal
423,2024-03-18T00:00:00+05:30,154.15,158.4,152.75,157.05,3465313,3.3209297895145755,154.22085405304904,157.5641997433053,-3.343345690256257,-4.034443087843614,5.650000000000006,4.300000000000011,1.3499999999999943,5.650000000000006,5.0857142857142845,4424072.35,No Signal
424,2024-03-19T00:00:00+05:30,158.15,158.2,153.3,156.6,2508736,3.027071979824804,154.5868765064261,157.4927775400975,-2.905901033671398,-3.808734677009171,4.899999999999977,1.1499999999999773,3.75,4.899999999999977,5.0071428571428545,4334192.15,No Signal
425,2024-03-20T00:00:00+05:30,158.0,160.4,154.1,156.95,2886643,2.5375004281266955,154.95043396697594,157.4525717963866,-2.502137829410657,-3.547415307489468,6.300000000000011,3.8000000000000114,2.5,6.300000000000011,5.167857142857143,3898822.7,No Signal
426,2024-03-21T00:00:00+05:30,159.9,159.9,155.2,156.1,1468914,2.1348029460730973,155.12729027974888,157.35238129295055,-2.225091013201677,-3.28295044863191,4.700000000000017,2.950000000000017,1.75,4.700000000000017,5.332142857142857,3718209.0,No Signal
427,2024-03-22T00:00:00+05:30,156.1,157.4,154.6,155.2,1242134,1.9557156783129483,155.13847639055675,157.1929456416209,-2.0544692510641482,-3.0372542091183576,2.8000000000000114,1.3000000000000114,1.5,2.8000000000000114,5.185714285714288,3513103.55,No Signal
428,2024-03-26T00:00:00+05:30,155.2,156.0,153.15,155.05,1365824,1.5956728423526367,155.12486463816342,157.03420892742676,-1.9093442892633448,-2.811672225147355,2.8499999999999943,0.8000000000000114,2.049999999999983,2.8499999999999943,4.900000000000001,3437034.0,No Signal
429,2024-03-27T00:00:00+05:30,155.45,156.7,151.0,151.75,2184051,1.6130671027431958,154.6056546938306,156.64278604391367,-2.0371313500830865,-2.656764050134502,5.699999999999989,1.6499999999999773,4.050000000000011,5.699999999999989,5.092857142857143,2737856.0,No Signal
430,2024-03-28T00:00:00+05:30,153.0,154.6,147.15,150.45,1341863,1.7174324597828108,153.96632320247204,156.1840611517719,-2.217737949299874,-2.5689588299675763,7.449999999999989,2.8499999999999943,4.599999999999994,7.449999999999989,5.410714285714286,2635013.8,No Signal
431,2024-04-01T00:00:00+05:30,151.0,155.9,151.0,155.3,923902,1.6735238856787005,154.17150424824558,156.11857514052954,-1.9470708922839606,-2.4445812424308535,4.900000000000006,5.450000000000017,0.5500000000000114,5.450000000000017,5.521428571428572,2535069.3,Buy
432,2024-04-02T00:00:00+05:30,155.15,157.3,154.25,155.9,4264437,1.687562147852903,154.43742667159242,156.1023843893792,-1.6649577177867911,-2.288656537502041,3.0500000000000114,2.0,1.0500000000000114,3.0500000000000114,5.507142857142859,2620206.8,Buy
433,2024-04-03T00:00:00+05:30,155.85,155.85,152.8,154.15,3671291,1.6042756693377556,154.39320718365514,155.95776332349928,-1.564556139844143,-2.143836457970462,3.049999999999983,0.05000000000001137,3.0999999999999943,3.0999999999999943,5.425000000000002,2780539.85,Buy
434,2024-04-04T00:00:00+05:30,155.1,155.85,153.35,155.1,1468497,1.5892092928285164,154.50194454001587,155.89422529953637,-1.392280759520503,-1.9935253182804702,2.5,1.6999999999999886,0.8000000000000114,2.5,4.889285714285715,2662411.5,No Signal
435,2024-04-05T00:00:00+05:30,155.0,157.65,154.55,156.5,1434136,1.6118269607373452,154.80933768770572,155.93909749957072,-1.129759811865,-1.8207722169973763,3.0999999999999943,2.5500000000000114,0.549999999999983,3.0999999999999943,4.521428571428572,2588647.7,No Signal
436,2024-04-08T00:00:00+05:30,157.9,159.7,155.5,159.15,2839527,1.7278213922706245,155.47713188959716,156.17694212923215,-0.699810239634985,-1.596579821524898,4.199999999999989,3.1999999999999886,1.0,4.199999999999989,4.410714285714286,2597358.2,No Signal
437,2024-04-09T00:00:00+05:30,160.2,167.9,158.75,164.85,7337195,2.183138211546205,156.9191115988899,156.81939086040015,0.09972073848976493,-1.2573197095219655,9.150000000000006,8.75,0.4000000000000057,9.150000000000006,4.660714285714286,2758820.95,No Signal
438,2024-04-10T00:00:00+05:30,166.4,167.45,161.4,165.85,5305139,2.6173090038832525,158.29309442982992,157.48832487074088,0.8047695590890385,-0.8449018557997647,6.049999999999983,2.5999999999999943,3.4499999999999886,6.049999999999983,4.742857142857143,2930057.35,No Signal
439,2024-04-12T00:00:00+05:30,165.0,168.0,163.4,164.05,3404005,2.800078059043868,159.17877220985608,157.97437488031562,1.2043973295404555,-0.4350420187317207,4.599999999999994,2.1500000000000057,2.4499999999999886,4.599999999999994,4.621428571428571,2984833.35,No Signal
440,2024-04-15T00:00:00+05:30,160.0,160.9,156.4,158.0,2240199,2.6384426561607057,158.997422639109,157.9762730373293,1.0211496017797117,-0.14380369462943424,4.5,3.1500000000000057,7.650000000000006,7.650000000000006,4.8321428571428555,2736383.8,No Signal
441,2024-04-16T00:00:00+05:30,156.0,161.4,155.65,160.55,954048,2.5179155314315147,159.2362806946307,158.1669194790086,1.0693612156220809,0.0988292874208688,5.75,3.4000000000000057,2.3499999999999943,5.75,5.04285714285714,2636870.15,Buy
442,2024-04-18T00:00:00+05:30,160.3,164.75,160.3,162.05,1888991,2.541669858824895,159.66916058776442,158.45455507315611,1.2146055146083086,0.32198453285835676,4.449999999999989,4.199999999999989,0.25,4.449999999999989,5.157142857142854,2609742.25,Buy
443,2024-04-19T00:00:00+05:30,162.0,162.9,159.0,161.05,1271482,2.602129224658027,159.88159742041606,158.64681025292234,1.234787167493721,0.5045450597854296,3.9000000000000057,0.8499999999999943,3.0500000000000114,3.9000000000000057,5.028571428571427,2500050.7,Buy
444,2024-04-22T00:00:00+05:30,162.35,163.6,159.8,163.0,2253086,2.6635199036412414,160.36135166342896,158.96926875270586,1.3920829107231043,0.6820526299729647,3.799999999999983,2.549999999999983,1.25,3.799999999999983,4.767857142857141,2487268.2,No Signal
445,2024-04-23T00:00:00+05:30,163.95,166.75,163.45,166.5,3180201,2.8364175160733107,161.3057590998245,159.52710069694987,1.7786584028746404,0.9013737845532999,3.3000000000000114,3.75,0.44999999999998863,3.75,4.646428571428568,2501946.1,No Signal
446,2024-04-24T00:00:00+05:30,168.4,168.8,166.0,166.55,1466311,3.007689659087837,162.1125653921592,160.04731546013878,2.0652499320204356,1.134149014046727,2.8000000000000114,2.3000000000000114,0.5,2.8000000000000114,4.6285714285714255,2501815.95,No Signal
447,2024-04-25T00:00:00+05:30,166.55,169.2,165.45,169.0,1903654,3.1877253947034614,163.1721707164424,160.71047727790628,2.461693438536116,1.399657898944605,3.75,2.6499999999999773,1.1000000000000227,3.75,4.674999999999997,2534891.95,No Signal
448,2024-04-26T00:00:00+05:30,170.25,170.7,167.75,168.65,2435039,3.330868792346557,164.01491368314356,161.29859007213545,2.7163236110081073,1.6629910413573055,2.9499999999999886,1.6999999999999886,1.25,2.9499999999999886,4.707142857142854,2588352.7,No Signal
449,2024-04-29T00:00:00+05:30,169.9,169.9,165.75,166.6,1685651,3.2340615033533573,164.41261927035225,161.69128710382913,2.7213321665231263,1.8746592663904698,4.150000000000006,1.25,2.9000000000000057,4.150000000000006,4.782142857142854,2563432.7,No Signal
450,2024-04-30T00:00:00+05:30,167.5,168.4,166.0,166.35,1642341,2.929057127463149,164.71067784414421,162.03637694798994,2.6743008961542785,2.0345875923432315,2.4000000000000057,1.8000000000000114,0.5999999999999943,2.4000000000000057,4.653571428571427,2578456.6,No Signal
451,2024-05-02T00:00:00+05:30,166.5,168.3,164.6,165.15,2518276,2.8199793542639386,164.77826586812202,162.26701569258327,2.5112501755387484,2.129920108982335,3.700000000000017,1.950000000000017,1.75,3.700000000000017,4.264285714285713,2658175.3,No Signal
452,2024-05-03T00:00:00+05:30,166.0,167.75,163.6,165.55,647989,2.680511576793677,164.89699419610324,162.51019971535487,2.386794480748364,2.181294983335541,4.150000000000006,2.5999999999999943,1.5500000000000114,4.150000000000006,4.128571428571429,2477352.9,No Signal
453,2024-05-06T00:00:00+05:30,166.45,167.45,162.3,162.85,707627,2.412393003461012,164.58207201208737,162.53537010681006,2.0467019052773026,2.154376367723893,5.149999999999977,1.8999999999999773,3.25,5.149999999999977,4.167857142857143,2329169.7,No Signal
454,2024-05-07T00:00:00+05:30,163.55,168.85,161.15,161.95,2477043,2.12276382474895,164.17713785638162,162.49200935815747,1.6851284982241452,2.0605267938239438,7.699999999999989,6.0,1.6999999999999886,7.699999999999989,4.17142857142857,2379597.0,No Signal
455,2024-05-08T00:00:00+05:30,162.1,163.65,160.65,162.3,740927,1.8585351373582137,163.8883474169383,162.4777864427384,1.4105609741999103,1.9305336298991371,3.0,1.700000000000017,1.299999999999983,3.0,3.9749999999999983,2344936.55,No Signal
456,2024-05-09T00:00:00+05:30,162.3,163.45,160.15,161.4,1337611,1.7745413936466905,163.50552473740933,162.39795040994295,1.1075743274663807,1.7659417694125858,3.299999999999983,1.1499999999999773,2.1500000000000057,3.299999999999983,3.892857142857141,2269840.75,No Signal
457,2024-05-10T00:00:00+05:30,162.05,163.1,160.0,161.2,932478,1.8177231671189538,163.15082862396173,162.30921334253978,0.8416152814219515,1.581076471814459,3.0999999999999943,1.6999999999999886,1.4000000000000057,3.0999999999999943,3.8357142857142827,1949604.9,No Signal
458,2024-05-13T00:00:00+05:30,163.4,163.4,155.0,155.35,1954212,2.227665016579035,161.95070114335223,161.7937160579072,0.15698508544502943,1.2962581945405731,8.400000000000006,2.200000000000017,6.199999999999989,8.400000000000006,4.164285714285713,1782058.55,No Signal
459,2024-05-14T00:00:00+05:30,157.0,158.0,149.7,156.9,8684255,2.38873701411716,161.17367019822112,161.4312185721363,-0.2575483739151707,0.9854968808494244,8.300000000000011,2.6500000000000057,5.650000000000006,8.300000000000011,4.489285714285714,2046071.05,No Signal
460,2024-05-15T00:00:00+05:30,158.0,158.05,151.4,151.75,3879830,2.8965700121596694,159.72387478311018,160.71409127049657,-0.990216487386391,0.5903542072022614,6.650000000000006,1.1500000000000057,5.5,6.650000000000006,4.764285714285713,2128052.6,Sell
461,2024-05-16T00:00:00+05:30,151.3,152.15,149.4,151.25,2070734,3.357240259173406,158.42020173955476,160.01304747268202,-1.5928457331272625,0.1537142191363566,2.75,0.4000000000000057,2.3499999999999943,2.75,4.692857142857142,2183886.9,Sell
462,2024-05-17T00:00:00+05:30,151.55,152.9,150.1,152.2,2644528,3.6501293838398543,157.4632476257771,159.4343032154463,-1.97105558966922,-0.2712397426247587,2.8000000000000114,1.6500000000000057,1.1500000000000057,2.8000000000000114,4.682142857142858,2221663.75,Sell
463,2024-05-18T00:00:00+05:30,152.85,153.4,151.75,152.55,311545,3.8851528993086215,156.70736337565754,158.92435482911696,-2.2169914534594284,-0.6603900847916927,1.6500000000000057,1.200000000000017,0.44999999999998863,1.6500000000000057,4.503571428571429,2173666.9,Sell
464,2024-05-21T00:00:00+05:30,152.55,153.0,151.4,152.5,968909,4.08554302804014,156.06007670247945,158.44847669362682,-2.3883999911473666,-1.0059920660628274,1.5999999999999943,0.44999999999998863,1.1500000000000057,1.5999999999999943,4.446428571428571,2109458.05,Sell
465,2024-05-22T00:00:00+05:30,152.7,154.0,151.9,152.9,3440065,4.133602379128397,155.57391105594414,158.03747842002483,-2.4635673640806885,-1.2975071256663997,2.0999999999999943,1.5,0.5999999999999943,2.0999999999999943,4.3321428571428555,2122451.25,No Signal
466,2024-05-23T00:00:00+05:30,153.5,153.9,151.55,152.55,965197,4.161958023068295,155.10869397041427,157.63099853706004,-2.522304566645772,-1.5424666138622742,2.3499999999999943,1.0,1.3499999999999943,2.3499999999999943,4.2035714285714265,2097395.55,No Signal
467,2024-05-24T00:00:00+05:30,152.55,153.15,151.5,151.8,854424,4.0505852381826255,154.59966412881207,157.19907271950004,-2.599408590687972,-1.7538550092274139,1.6500000000000057,0.5999999999999943,1.0500000000000114,1.6500000000000057,3.9535714285714283,2044934.05,No Signal
468,2024-05-27T00:00:00+05:30,151.85,153.5,150.7,152.1,1388615,3.8320960844430987,154.21510041668714,156.8213636291667,-2.6062632124795755,-1.9243366498778463,2.8000000000000114,1.6999999999999886,1.1000000000000227,2.8000000000000114,3.60357142857143,1992612.85,No Signal
469,2024-05-28T00:00:00+05:30,150.9,152.35,150.9,151.8,721960,3.67686907575364,153.84354650642757,156.44941076774697,-2.6058642613193967,-2.0606421721661565,1.4499999999999886,0.25,1.1999999999999886,1.4499999999999886,3.4928571428571433,1944428.3,No Signal
470,2024-05-29T00:00:00+05:30,151.2,153.05,150.8,151.15,1270488,3.486860059510914,153.42915473620795,156.05686182198792,-2.6277070857799742,-2.1740551548889204,2.25,1.25,1.0,2.25,3.4178571428571445,1925835.65,No Signal
471,2024-05-30T00:00:00+05:30,151.25,152.2,149.75,151.75,1647394,3.242778707243417,153.1708232383298,155.7378350203592,-2.5670117820293967,-2.252646480317016,2.4499999999999886,1.049999999999983,1.4000000000000057,2.4499999999999886,3.3714285714285728,1882291.55,No Signal
472,2024-05-31T00:00:00+05:30,152.25,155.85,150.25,154.0,3169043,2.813740807398657,153.29838889397138,155.6091065003326,-2.3107176063612087,-2.264260705525855,5.599999999999994,4.099999999999994,1.5,5.599999999999994,3.1714285714285717,2008344.25,No Signal
473,2024-06-03T00:00:00+05:30,157.0,157.0,151.35,152.95,2928833,2.5748170574392404,153.24479060259117,155.4121356484561,-2.16734504586492,-2.244877573593668,5.650000000000006,3.0,2.6500000000000057,5.650000000000006,2.982142857142857,2119404.55,No Signal
474,2024-06-04T00:00:00+05:30,153.1,153.55,142.45,149.1,1654846,2.4835467647170173,152.60713050988483,154.94457004486674,-2.337439534981911,-2.263389965871317,11.100000000000023,0.6000000000000227,10.5,11.100000000000023,3.300000000000001,2078294.7,No Signal
475,2024-06-05T00:00:00+05:30,150.0,162.5,145.3,161.3,6305243,2.2245464095673952,153.94449504682564,155.41534263413587,-1.4708475873102316,-2.1048814901590998,17.19999999999999,13.400000000000006,3.799999999999983,17.19999999999999,4.332142857142857,2356510.5,Buy
476,2024-06-06T00:00:00+05:30,161.55,172.0,161.0,170.85,9294305,2.9192410002084177,156.54534196269861,156.55865058716284,-0.013308624464229979,-1.6865669170201258,11.0,10.699999999999989,0.30000000000001137,11.0,4.917857142857143,2754345.2,Buy
477,2024-06-07T00:00:00+05:30,170.85,176.9,168.9,172.05,4646002,3.6131948902297357,158.9306739684373,157.7061579510767,1.2245160173605996,-1.1043503301439808,8.0,6.050000000000011,1.9499999999999886,8.0,5.371428571428571,2940021.4,Buy
478,2024-06-10T00:00:00+05:30,173.05,180.95,172.05,177.03,5571883,4.494577824225063,161.71518566560079,159.13755365840436,2.577632007196428,-0.367953862675899,8.899999999999977,8.899999999999977,0.0,8.899999999999977,5.892857142857141,3120904.95,Buy
479,2024-06-11T00:00:00+05:30,178.99,179.2,177.1,178.53,1987120,5.282026359958202,164.30208017858527,160.5740311651892,3.7280490133960598,0.45124671253849274,2.0999999999999943,2.1699999999999875,0.06999999999999318,2.1699999999999875,5.8978571428571405,2786048.2,Buy
480,2024-06-12T00:00:00+05:30,178.53,180.75,178.0,180.05,2344293,5.912182642439107,166.72483707418755,162.01669552332334,4.708141550864212,1.3026256802036367,2.75,2.219999999999999,0.5300000000000011,2.75,5.926428571428569,2709271.35,Buy
481,2024-06-13T00:00:00+05:30,180.05,180.2,177.05,179.98,1855620,6.405260543030347,168.76409290892792,163.34731066974382,5.416782239184101,2.1254569919997297,3.1499999999999773,0.14999999999997726,3.0,3.1499999999999773,6.033571428571425,2698515.65,Buy
482,2024-06-14T00:00:00+05:30,180.0,180.0,177.01,178.39,1660818,6.7753770560175965,170.24500169216978,164.4615839534665,5.783417738703292,2.8570491413404424,2.990000000000009,0.020000000000010232,2.969999999999999,2.990000000000009,6.047142857142853,2649330.15,Buy
483,2024-06-18T00:00:00+05:30,178.48,178.5,172.8,174.42,2650677,7.025664523182098,170.88730912414366,165.19924440135784,5.6880647227858105,3.423252257629516,5.699999999999989,0.11000000000001364,5.589999999999975,5.699999999999989,6.3507142857142815,2766286.75,Buy
484,2024-06-19T00:00:00+05:30,174.54,175.95,170.0,171.61,2415639,7.107975654478023,170.99849233581386,165.67411518644246,5.324377149371401,3.8034772359778932,5.949999999999989,1.5300000000000011,4.4199999999999875,5.949999999999989,6.614999999999995,2838623.25,Buy
485,2024-06-20T00:00:00+05:30,170.9,171.81,167.7,168.27,1457834,7.129255813794812,170.57872428415018,165.86640295040968,4.712321333740505,3.985246055530416,4.110000000000014,0.19999999999998863,3.910000000000025,4.110000000000014,6.733571428571425,2739511.7,Buy
486,2024-06-21T00:00:00+05:30,171.64,174.59,170.01,171.39,6710169,6.8785859421577165,170.70353593274245,166.27555828741637,4.427977645326081,4.073792373489549,4.5800000000000125,6.319999999999993,1.7399999999999807,6.319999999999993,6.784999999999997,3026760.3,Buy
487,2024-06-24T00:00:00+05:30,171.2,171.2,167.9,170.07,750819,6.7152762433619895,170.60606886616668,166.55662804390406,4.049440822262625,4.068922063244164,3.299999999999983,0.18999999999999773,3.4899999999999807,3.4899999999999807,6.630714285714281,3021580.05,Sell
488,2024-06-25T00:00:00+05:30,170.0,172.1,167.0,167.43,923196,6.543003360905811,170.11744288675644,166.62132226287412,3.4961206238823195,3.9543617753717957,5.099999999999994,2.030000000000001,3.069999999999993,5.099999999999994,6.20214285714285,2998309.1,Sell
489,2024-06-26T00:00:00+05:30,166.93,168.1,165.55,166.16,1275177,6.252687173965682,169.50860551956313,166.58715024340196,2.9214552761611685,3.7477804755296704,2.549999999999983,0.6699999999999875,1.8799999999999955,2.549999999999983,5.155714285714278,3025969.95,No Signal
490,2024-06-27T00:00:00+05:30,165.5,166.85,162.88,163.42,939736,5.951018547923654,168.57189697809187,166.35254652166847,2.219350456423399,3.4420944717084163,3.969999999999999,0.6899999999999977,3.280000000000001,3.969999999999999,4.6535714285714205,3009432.35,No Signal
491,2024-06-28T00:00:00+05:30,163.45,165.77,162.5,164.71,1839744,5.460557524433192,167.97775898146236,166.2308764089523,1.74688257251006,3.1030520918687454,3.2700000000000102,2.3500000000000227,0.9199999999999875,3.2700000000000102,4.315714285714279,3019049.85,No Signal
492,2024-07-01T00:00:00+05:30,165.99,170.49,165.02,166.88,1882915,4.992492065265589,167.8088729843143,166.2789596379188,1.5299133463954888,2.7884243427740945,5.469999999999999,5.780000000000001,0.3100000000000023,5.780000000000001,4.092857142857137,2954743.45,No Signal
493,2024-07-02T00:00:00+05:30,167.2,168.47,165.1,167.5,1048085,4.430204376049226,167.76135406365054,166.36940707214703,1.3919469915035165,2.509128872519979,3.3700000000000045,1.5900000000000034,1.7800000000000011,3.3700000000000045,4.178571428571424,2860706.05,No Signal
494,2024-07-03T00:00:00+05:30,166.5,168.51,165.45,168.0,1620214,3.337117213239927,167.79806882308893,166.49019173346946,1.307877089619467,2.2688785159398766,3.0600000000000023,1.009999999999991,2.0500000000000114,3.0600000000000023,4.200714285714282,2858974.45,No Signal
495,2024-07-04T00:00:00+05:30,167.5,169.29,166.7,167.89,686359,3.0916418456424806,167.81221208107524,166.59388123469395,1.218330846381292,2.05876898202816,2.5900000000000034,1.289999999999992,1.3000000000000114,2.5900000000000034,4.160714285714284,2578030.25,No Signal
496,2024-07-05T00:00:00+05:30,166.78,167.1,164.85,165.29,863278,3.2417267716108173,167.4241794532175,166.49729743953145,0.926882013686054,1.8323915883597388,2.25,0.789999999999992,3.039999999999992,3.039999999999992,4.164285714285711,2156478.9,No Signal
497,2024-07-08T00:00:00+05:30,165.35,169.4,163.0,164.75,1151236,3.353958535698797,167.0127672296456,166.36786799956616,0.6448992300794316,1.5948931167036775,6.400000000000006,4.110000000000014,2.289999999999992,6.400000000000006,4.214285714285713,1981740.6,No Signal
498,2024-07-09T00:00:00+05:30,165.0,167.0,163.98,166.31,1300680,3.2385846612491935,166.9046491943155,166.36358148107976,0.5410677132357478,1.3841280360100916,3.0200000000000102,2.25,0.7700000000000102,3.0200000000000102,4.005,1768180.45,No Signal
499,2024-07-10T00:00:00+05:30,166.0,166.28,162.21,163.64,922503,3.1640577949446995,166.4023954721131,166.1618347047035,0.24056076740961885,1.155414582289997,4.069999999999993,0.030000000000001137,4.099999999999994,4.099999999999994,4.004285714285713,1714949.6,No Signal
500,2024-07-11T00:00:00+05:30,164.03,164.5,162.4,162.79,748499,2.8934916815936647,165.84664232255724,165.91206917102176,-0.06542684846451152,0.9112462961390954,2.0999999999999943,0.8600000000000136,1.2399999999999807,2.0999999999999943,3.702857142857141,1635159.9,No Signal
501,2024-07-12T00:00:00+05:30,164.0,164.0,161.5,163.03,4737541,2.4513365746122733,165.4133127344715,165.6985825657609,-0.28526983128938355,0.6719430706533996,2.5,1.210000000000008,1.289999999999992,2.5,3.6321428571428567,1779255.95,No Signal
502,2024-07-15T00:00:00+05:30,163.95,172.0,162.21,170.07,7714646,1.8575826977614076,166.12972615993743,166.0223912645934,0.10733489534402452,0.5590214355915246,9.789999999999992,8.969999999999999,0.8199999999999932,9.789999999999992,3.9671428571428566,2081947.35,No Signal
503,2024-07-16T00:00:00+05:30,170.98,175.36,170.0,174.37,3119633,1.8083244491087236,167.39746059687013,166.6407326524013,0.7567279444688211,0.598562737366984,5.360000000000014,5.2900000000000205,0.06999999999999318,5.360000000000014,4.1678571428571445,2105395.15,No Signal
504,2024-07-18T00:00:00+05:30,175.5,177.8,170.88,176.08,3208562,2.0497609082364656,168.73323588965934,167.33993764111233,1.393298248547012,0.7575098396029897,6.920000000000016,3.430000000000007,3.490000000000009,6.920000000000016,4.378571428571432,2145041.3,No Signal
505,2024-07-19T00:00:00+05:30,176.08,176.08,171.25,175.22,2131785,2.288276237998632,169.7311995989425,167.9236459639929,1.8075536349496133,0.9675185986723145,4.8300000000000125,0.0,4.8300000000000125,4.8300000000000125,4.490000000000003,2178738.85,No Signal
506,2024-07-22T00:00:00+05:30,175.0,179.85,172.12,176.2,3414258,2.478780376562422,170.72639966064366,168.53670922591934,2.1896904347243265,1.2119529658827168,7.72999999999999,4.6299999999999955,3.0999999999999943,7.72999999999999,4.629285714285716,2013943.3,Buy
507,2024-07-23T00:00:00+05:30,173.0,177.0,168.2,175.59,2453241,2.6595404314602757,171.4746458666985,169.05917520918456,2.4154706575139357,1.4526565042089608,8.800000000000011,0.8000000000000114,8.0,8.800000000000011,5.01714285714286,2099064.4,Buy
508,2024-07-24T00:00:00+05:30,174.15,182.0,174.02,181.11,3213952,3.0222571195300296,172.95700804105257,169.9518288973931,3.0051791436594613,1.763161032099061,7.97999999999999,6.409999999999997,1.5699999999999932,7.97999999999999,5.36857142857143,2213602.2,Buy
509,2024-07-25T00:00:00+05:30,179.05,181.99,176.5,179.34,2700020,3.288166043994535,173.93900680396757,170.6472489790677,3.291757824899861,2.068880390659221,5.490000000000009,0.8799999999999955,4.610000000000014,5.490000000000009,5.575714285714288,2284844.35,Buy
510,2024-07-26T00:00:00+05:30,179.18,180.25,175.1,176.94,1493145,3.3485847609728343,174.40069806489564,171.11337868432196,3.2873193805736776,2.3125681886421123,5.150000000000006,0.9099999999999966,4.240000000000009,5.150000000000006,5.726428571428575,2312514.8,Buy
511,2024-07-29T00:00:00+05:30,178.0,180.3,175.32,179.98,3374662,3.4161301247017093,175.25905220875785,171.77016544844625,3.488886760311601,2.5478319029760104,4.980000000000018,3.3600000000000136,1.6200000000000045,4.980000000000018,5.625000000000004,2389260.7,Buy
512,2024-07-30T00:00:00+05:30,180.0,182.95,179.25,181.32,2396828,3.5695605821738945,176.1915057151028,172.4775606004132,3.713945114689608,2.78105454531873,3.6999999999999886,2.969999999999999,0.7299999999999898,3.6999999999999886,5.673571428571431,2414956.35,Buy
513,2024-07-31T00:00:00+05:30,181.32,182.25,178.37,179.34,1463827,3.680890687940419,176.67588945124083,172.98588944482702,3.690000006413811,2.9628436375377465,3.8799999999999955,0.9300000000000068,2.9499999999999886,3.8799999999999955,5.657857142857146,2435743.45,Buy
514,2024-08-01T00:00:00+05:30,178.0,179.0,173.5,174.11,2952243,3.7503658866886123,176.281137227973,173.06915689335835,3.211980334614651,3.0126709769531277,5.5,0.3400000000000034,5.840000000000003,5.840000000000003,5.925000000000003,2502344.9,Buy
515,2024-08-02T00:00:00+05:30,170.11,179.0,170.1,177.85,2202970,3.669354862105789,176.52250073136176,173.42329341977626,3.099207311585502,3.0299782438796026,8.900000000000006,4.889999999999986,4.010000000000019,8.900000000000006,6.382142857142861,2578175.45,Buy
516,2024-08-05T00:00:00+05:30,174.1,188.57,167.0,181.27,16601519,3.5797339669958808,177.25288523422918,174.00453094423727,3.2483542899919087,3.073653453102064,21.569999999999993,10.719999999999999,10.849999999999994,21.569999999999993,7.223571428571432,3365087.5,Buy
517,2024-08-06T00:00:00+05:30,183.0,183.89,174.16,179.95,5615383,3.466583787494631,177.6678259674247,174.44493605947895,3.2228899079457562,3.1035007440708027,9.72999999999999,2.619999999999976,7.110000000000014,9.72999999999999,7.535714285714287,3588294.85,Buy
518,2024-08-07T00:00:00+05:30,181.0,181.94,175.12,176.8,1991867,3.352103703463712,177.5343142801286,174.61938524025828,2.914929039870316,3.0657864032307054,6.819999999999993,1.990000000000009,4.829999999999984,6.819999999999993,7.528571428571429,3622854.2,Sell
519,2024-08-08T00:00:00+05:30,176.85,177.15,173.4,175.0,1799742,3.0070934255575694,177.14441977549342,174.64757892616507,2.4968408493283505,2.9519972924502347,3.75,0.3499999999999943,3.4000000000000057,3.75,7.451428571428571,3666716.15,Sell
520,2024-08-09T00:00:00+05:30,176.0,178.5,172.01,172.55,1086334,2.530902489594668,176.43758596387906,174.4922027094121,1.9453832544669467,2.7506744848535774,6.490000000000009,3.5,2.990000000000009,6.490000000000009,7.362857142857144,3683607.9,Sell
521,2024-08-12T00:00:00+05:30,172.5,172.9,167.92,171.46,4111802,1.9205657004017767,175.67180350789766,174.2675951013075,1.4042084065901577,2.4813812692008934,4.980000000000018,0.3499999999999943,4.630000000000024,4.980000000000018,7.090000000000002,3652320.95,Sell
522,2024-08-13T00:00:00+05:30,173.0,173.0,167.02,167.68,651473,2.1340154807584564,174.4422952759134,173.77962509380325,0.6626701821101619,2.117639051782747,5.97999999999999,1.539999999999992,4.439999999999998,5.97999999999999,6.947142857142858,3299162.3,Sell
523,2024-08-14T00:00:00+05:30,169.94,171.2,165.66,170.43,1894617,2.2349531667285842,173.82501907961904,173.53150471648448,0.2935143631345625,1.7528141140531102,5.539999999999992,3.519999999999982,2.0200000000000102,5.539999999999992,6.950714285714286,3237911.5,Sell
524,2024-08-16T00:00:00+05:30,170.6,173.45,167.37,170.31,4760837,2.3759786357525976,173.2842469135238,173.29287473748562,-0.008627823961830927,1.400525726450122,6.079999999999984,3.019999999999982,3.0600000000000023,6.079999999999984,7.017142857142856,3315525.25,Sell
525,2024-08-19T00:00:00+05:30,171.2,173.9,169.1,169.76,1289807,2.525694646944003,172.74205508067396,173.03118031248667,-0.28912523181270444,1.0625955347975569,4.800000000000011,3.5900000000000034,1.210000000000008,4.800000000000011,7.004285714285713,3273426.35,Sell
526,2024-08-20T00:00:00+05:30,170.8,171.62,169.21,169.82,2480219,2.6455106449011168,172.29250814518565,172.79331510415432,-0.500806958968667,0.7499150360443121,2.4099999999999966,1.8600000000000136,0.549999999999983,2.4099999999999966,6.912142857142856,3226724.4,Sell
527,2024-08-21T00:00:00+05:30,170.35,177.0,170.11,175.12,1667483,2.5659591790500635,172.72750689208016,172.96566213347623,-0.23815524139607192,0.5523009805562353,6.889999999999986,7.180000000000007,0.29000000000002046,7.180000000000007,7.147857142857142,3187436.5,Sell
528,2024-08-22T00:00:00+05:30,176.5,182.95,176.5,181.39,5309649,2.4876124390164702,174.06019813945244,173.58968716062614,0.47051097882629733,0.5359429802102478,6.449999999999989,7.829999999999984,1.3799999999999955,7.829999999999984,7.289999999999998,3292221.35,Sell
529,2024-08-23T00:00:00+05:30,182.15,191.33,181.45,184.92,16373728,2.6580946779878394,175.73093688722898,174.42896959317235,1.3019672940566238,0.689147842979523,9.880000000000024,9.940000000000026,0.060000000000002274,9.940000000000026,7.364285714285714,3975906.75,Buy
530,2024-08-26T00:00:00+05:30,185.93,188.5,178.88,179.47,2986986,2.773936052730303,176.30617736611683,174.80237925293736,1.5037981131794709,0.8520778970195126,9.620000000000005,3.5800000000000125,6.039999999999992,9.620000000000005,6.510714285714286,4050598.8,No Signal
531,2024-08-27T00:00:00+05:30,180.0,183.6,177.2,177.52,2932597,2.761817395399133,176.49291930979118,175.00368449346053,1.4892348163306508,0.9795092808817404,6.400000000000006,4.1299999999999955,2.2700000000000102,6.400000000000006,6.272857142857144,4028495.55,No Signal
532,2024-08-28T00:00:00+05:30,179.15,183.3,178.17,178.81,2968757,2.675937003036968,176.849393262131,175.28563379024123,1.5637594718897674,1.0963593190833458,5.130000000000024,5.780000000000001,0.6499999999999773,5.780000000000001,6.198571428571431,4057092.0,No Signal
533,2024-08-29T00:00:00+05:30,179.3,181.9,175.65,175.97,1634434,2.6753508345462156,176.7141019910339,175.3363275835567,1.3777744074772045,1.1526423367621177,6.25,3.0900000000000034,3.1599999999999966,6.25,6.377142857142859,4065622.35,No Signal
534,2024-08-30T00:00:00+05:30,177.2,177.94,174.76,175.91,2122411,2.6700272512419025,176.5903939924133,175.37882183662657,1.2115721557867403,1.1644283005670424,3.180000000000007,1.9699999999999989,1.210000000000008,3.180000000000007,6.140714285714288,4024130.75,No Signal
535,2024-09-02T00:00:00+05:30,177.39,177.67,174.96,175.89,601517,2.653803223283718,176.48264107050358,175.41668688576533,1.0659541847382457,1.1447334774012832,2.7099999999999795,1.759999999999991,0.9499999999999886,2.7099999999999795,5.978571428571428,3944058.1,No Signal
536,2024-09-03T00:00:00+05:30,175.9,179.8,175.9,179.06,1105575,2.5403042904842166,176.87915782888763,175.6865619312642,1.1925958976234199,1.1543059614457105,3.9000000000000057,3.910000000000025,0.010000000000019327,3.910000000000025,5.830714285714287,3169260.9,No Signal
537,2024-09-04T00:00:00+05:30,177.0,182.6,176.5,180.32,1712449,2.5337700913760877,177.40851816290493,176.02977956598536,1.3787385969195611,1.1991924885404808,6.099999999999994,3.539999999999992,2.5600000000000023,6.099999999999994,5.870714285714287,2974114.2,No Signal
538,2024-09-05T00:00:00+05:30,181.3,184.4,180.01,182.97,1868090,2.6596419901422284,178.26413075322725,176.54386996850496,1.720260784722285,1.3034061477768417,4.390000000000015,4.0800000000000125,0.3100000000000023,4.390000000000015,5.750000000000004,2967925.35,No Signal
539,2024-09-06T00:00:00+05:30,184.0,188.8,182.12,183.48,4210460,2.8128418065544882,179.06657217580766,177.05765737824532,2.0089147975623405,1.4445078777339415,6.680000000000007,5.8300000000000125,0.8499999999999943,6.680000000000007,5.884285714285718,3088461.25,No Signal
540,2024-09-09T00:00:00+05:30,183.35,183.35,178.99,180.78,1603908,2.869543255716142,179.33017645645265,177.33338646133825,1.9967899951143977,1.554964301210033,4.359999999999985,0.12999999999999545,4.489999999999981,4.489999999999981,6.032857142857146,3114339.95,No Signal
541,2024-09-10T00:00:00+05:30,181.75,189.45,181.47,188.82,4544961,3.0271709548864747,180.7901493093061,178.18424672346134,2.6059025858447455,1.7651519581369755,7.97999999999999,8.669999999999987,0.6899999999999977,8.669999999999987,6.139285714285715,3135997.9,No Signal
542,2024-09-11T00:00:00+05:30,188.0,191.0,187.51,188.94,2620096,3.0620136264328184,182.04397249248976,178.98096918839013,3.063003304099624,2.024722227329505,3.490000000000009,2.180000000000007,1.3100000000000023,3.490000000000009,5.829285714285717,3234429.05,No Signal
543,2024-09-12T00:00:00+05:30,190.2,190.45,184.27,186.68,2152194,3.0723800926572804,182.75720749364518,179.5512677670279,3.205939726617288,2.260965727187062,6.179999999999978,1.509999999999991,4.6699999999999875,6.179999999999978,5.560714285714285,3247307.9,No Signal
544,2024-09-13T00:00:00+05:30,187.75,192.0,186.05,189.91,4955345,3.0505618543698496,183.85763711000746,180.31858126576657,3.5390558442408917,2.516583750597828,5.949999999999989,5.319999999999993,0.6299999999999955,5.949999999999989,5.298571428571427,3257033.3,No Signal
545,2024-09-16T00:00:00+05:30,190.5,192.59,187.0,187.55,1293648,2.905393683963573,184.42569293923708,180.85424191274683,3.5714510264902515,2.727557205776313,5.590000000000003,2.680000000000007,2.9099999999999966,5.590000000000003,5.240714285714284,3257225.35,No Signal
546,2024-09-17T00:00:00+05:30,187.5,191.9,185.32,189.98,1630606,2.6806267203320484,185.280201717816,181.5302239932841,3.7499777245319024,2.932041309527431,6.5800000000000125,4.349999999999994,2.230000000000018,6.5800000000000125,5.297857142857142,3214744.7,No Signal
547,2024-09-18T00:00:00+05:30,191.15,198.85,191.15,197.35,9484316,2.9605387581693465,187.13709376122893,182.70205925304083,4.435034508188096,3.232639949259564,7.699999999999989,8.870000000000005,1.170000000000016,8.870000000000005,5.484999999999999,3605586.35,No Signal
548,2024-09-19T00:00:00+05:30,199.0,199.5,191.0,195.99,5316136,3.301957391578197,188.49907933642447,183.68635116022298,4.812728176201489,3.548657594647949,8.5,2.1500000000000057,6.349999999999994,8.5,5.864999999999999,3605910.7,No Signal
549,2024-09-20T00:00:00+05:30,197.4,211.0,195.45,209.88,20851836,4.1374312170756955,191.7884517462053,185.6266214446509,6.161830301554403,4.07129213602924,15.550000000000011,15.009999999999991,0.5400000000000205,15.550000000000011,6.782142857142858,3829816.1,Buy
550,2024-09-23T00:00:00+05:30,209.88,222.74,204.3,221.58,10526950,5.309025578613975,196.37176686217373,188.28983467097305,8.081932191200679,4.873420147063528,18.439999999999998,12.860000000000014,5.579999999999984,18.439999999999998,7.819999999999999,4206814.3,Buy
551,2024-09-24T00:00:00+05:30,218.19,219.0,214.52,217.31,5949763,6.10996800543923,199.5930334987624,190.43947654719727,9.153556951565122,5.729447507963847,4.47999999999999,2.5800000000000125,7.060000000000002,7.060000000000002,7.888571428571429,4357672.6,Buy
552,2024-09-25T00:00:00+05:30,215.6,215.8,207.13,208.69,2900153,6.565902022261789,200.9925668066451,191.7913671733308,9.201199633314303,6.4237979330339385,8.670000000000016,1.509999999999991,10.180000000000007,10.180000000000007,8.302142857142856,4354242.4,Buy
553,2024-09-26T00:00:00+05:30,208.69,208.69,199.35,201.77,4859105,6.660764807543461,201.11217191331508,192.5305251604915,8.581646752823588,6.855367696991869,9.340000000000003,0.0,9.340000000000003,9.340000000000003,8.492142857142856,4515475.95,Buy
554,2024-09-27T00:00:00+05:30,201.85,202.85,194.99,195.6,5025365,6.5940600364093065,200.26414546511276,192.75789366712175,7.506251797991013,6.985544517191698,7.859999999999985,1.079999999999984,6.780000000000001,7.859999999999985,8.732857142857142,4660623.65,Buy
555,2024-09-30T00:00:00+05:30,195.0,197.75,192.35,195.76,1803661,6.257301264247619,199.57120000894156,192.9802719140016,6.5909280949399545,6.90662123274135,5.400000000000006,2.1500000000000057,3.25,5.400000000000006,8.499285714285715,4720730.85,Sell
556,2024-10-01T00:00:00+05:30,196.3,197.99,192.02,192.93,1156194,6.081738180009562,198.54947693064287,192.97654806852,5.572928862122865,6.639882758617653,5.969999999999999,2.230000000000018,3.7399999999999807,5.969999999999999,8.676428571428572,4723261.8,Sell
557,2024-10-03T00:00:00+05:30,192.64,192.64,183.18,186.74,3301875,6.1042877807596385,196.7326343259286,192.51458154492593,4.218052781002655,6.155516763094654,9.45999999999998,0.29000000000002046,9.75,9.75,8.931428571428572,4802733.1,Sell
558,2024-10-04T00:00:00+05:30,186.95,187.45,177.16,178.45,4246337,6.553111756385274,193.9199213527088,191.47276068974622,2.447160662962574,5.413845543068238,10.289999999999992,0.7099999999999795,9.580000000000013,10.289999999999992,9.241428571428573,4921645.45,Sell
559,2024-10-07T00:00:00+05:30,179.39,179.85,169.91,173.01,3197418,7.192060469819869,190.703010375369,190.10514878680206,0.5978615885669285,4.450648752167976,9.939999999999998,1.4000000000000057,8.539999999999992,9.939999999999998,9.552142857142858,4870993.35,Sell
560,2024-10-08T00:00:00+05:30,171.0,178.04,170.15,177.5,2908897,7.127671641193512,188.6717780099276,189.17143406185377,-0.49965605192616636,3.460587791349148,7.889999999999986,5.030000000000001,2.859999999999985,7.889999999999986,9.645714285714286,4936242.8,Sell
561,2024-10-09T00:00:00+05:30,179.1,183.2,177.55,180.05,2441577,7.2179938216411,187.3453506237849,188.49577227949425,-1.1504216557093514,2.538385901937448,5.649999999999977,5.699999999999989,0.05000000000001137,5.699999999999989,9.419285714285712,4831073.6,Sell
562,2024-10-10T00:00:00+05:30,181.39,183.58,177.6,180.13,4242219,7.39145104697829,186.23529668166415,187.87608544397617,-1.6407887623120132,1.702550969087556,5.980000000000018,3.530000000000001,2.450000000000017,5.980000000000018,9.239285714285714,4912179.75,Sell
563,2024-10-11T00:00:00+05:30,180.2,183.89,179.34,182.01,1093304,7.404635671043813,185.5852510383312,187.44156059627423,-1.8563095579430353,0.9907788636814377,4.549999999999983,3.759999999999991,0.789999999999992,4.549999999999983,8.453571428571426,4859235.25,Sell
564,2024-10-14T00:00:00+05:30,183.0,183.7,178.55,179.27,800906,7.706737761049702,184.61367395551102,186.83625981136504,-2.222585855854021,0.348105919774346,5.149999999999977,1.6899999999999977,3.4599999999999795,5.149999999999977,7.50428571428571,4651513.3,No Signal
565,2024-10-15T00:00:00+05:30,179.97,181.99,177.5,181.34,2127150,7.722132490703591,184.11003180850932,186.42912945496764,-2.3190976464583173,-0.18533479347218665,4.490000000000009,2.719999999999999,1.7700000000000102,4.490000000000009,7.320714285714282,4693188.4,No Signal
566,2024-10-16T00:00:00+05:30,181.23,182.59,178.57,182.01,1153019,7.7930112215389995,183.7869499918156,186.10178653237745,-2.3148365405618563,-0.6112351428901206,4.02000000000001,1.25,2.7700000000000102,4.02000000000001,6.880714285714283,4669309.05,No Signal
567,2024-10-17T00:00:00+05:30,181.98,181.98,175.35,176.48,792980,8.229375740849681,182.6628038392286,185.38906160405318,-2.726257764824595,-1.0342396672770156,6.6299999999999955,0.030000000000001137,6.659999999999997,6.659999999999997,6.6892857142857105,4234742.25,No Signal
568,2024-10-18T00:00:00+05:30,175.81,177.29,173.01,174.98,676020,8.506847347567122,181.4808340178088,184.61802000375295,-3.137185985944143,-1.4548289310104412,4.280000000000001,0.8100000000000023,3.469999999999999,4.280000000000001,6.433571428571426,4002736.45,No Signal
569,2024-10-21T00:00:00+05:30,175.99,176.84,171.67,172.88,2156391,8.416510294304462,180.15762878429976,183.748537040512,-3.5909082562122308,-1.882044796050799,5.170000000000016,1.8600000000000136,3.3100000000000023,5.170000000000016,6.4171428571428555,3067964.2,No Signal
570,2024-10-22T00:00:00+05:30,171.75,172.97,165.77,166.97,1609776,7.748020331385155,178.12876281748441,182.5056824449185,-4.376919627434091,-2.381019762327458,7.199999999999989,0.09000000000000341,7.109999999999985,7.199999999999989,6.504999999999997,2622105.5,No Signal
571,2024-10-23T00:00:00+05:30,167.0,172.6,165.97,169.52,1836874,6.461944042467294,176.80433776864066,181.54378004159122,-4.739442272950555,-2.8527042644520773,6.6299999999999955,5.6299999999999955,1.0,6.6299999999999955,6.282142857142854,2416461.05,No Signal
572,2024-10-24T00:00:00+05:30,169.9,169.9,165.03,166.1,1257958,5.85699294827792,175.1575165734652,180.3997963348067,-5.242279761341507,-3.3306193638299635,4.8700000000000045,0.37999999999999545,4.490000000000009,4.8700000000000045,5.894999999999998,2334351.3,No Signal
573,2024-10-25T00:00:00+05:30,165.85,166.39,160.31,163.38,1822955,5.579132781856841,173.34559094677823,179.13907068037656,-5.793479733598332,-3.8231914377836373,6.079999999999984,0.28999999999999204,5.789999999999992,6.079999999999984,5.619285714285711,2182543.8,No Signal
574,2024-10-28T00:00:00+05:30,163.5,167.0,160.45,164.57,756491,5.304640460835484,171.99550003188926,178.05988025960792,-6.064380227718658,-4.271429195770642,6.550000000000011,3.6200000000000045,2.930000000000007,6.550000000000011,5.523571428571428,1969100.1,No Signal
575,2024-10-29T00:00:00+05:30,165.0,166.9,162.3,163.97,1203111,4.9035102280286225,170.7608077192909,177.0161854255629,-6.255377706271986,-4.6682188978709105,4.599999999999994,2.3300000000000125,2.269999999999982,4.599999999999994,5.444999999999999,1939072.6,No Signal
576,2024-10-30T00:00:00+05:30,164.4,168.95,163.77,168.2,968075,4.21025951934315,170.36683730093847,176.36313465329897,-5.9962973523605,-4.933834588768828,5.179999999999978,4.97999999999999,0.19999999999998863,5.179999999999978,5.387857142857139,1929666.65,No Signal
577,2024-10-31T00:00:00+05:30,168.2,170.65,167.41,169.57,799912,3.8467024397348024,170.24424694694792,175.85993949379534,-5.615692546847413,-5.070206180384545,3.240000000000009,2.450000000000017,0.789999999999992,3.240000000000009,5.294285714285713,1804568.5,No Signal
578,2024-11-01T00:00:00+05:30,170.0,171.95,170.0,170.97,141799,3.7662620176959614,170.3559012628021,175.4977217535142,-5.141820490712121,-5.084529042450061,1.9499999999999886,2.3799999999999955,0.4300000000000068,2.3799999999999955,5.096428571428571,1599341.6,No Signal
579,2024-11-04T00:00:00+05:30,170.97,170.97,167.2,168.14,433556,3.887192516488639,170.01499337621715,174.95270532732798,-4.937711951110828,-5.055165624182215,3.7700000000000102,0.0,3.7700000000000102,3.7700000000000102,5.045,1461148.5,No Signal
580,2024-11-05T00:00:00+05:30,168.92,173.2,167.61,172.1,1150001,3.7460288813690434,170.3357636260299,174.74139382159998,-4.405630195570097,-4.925258538459792,5.589999999999975,5.060000000000002,0.5299999999999727,5.589999999999975,5.157142857142854,1373203.7,No Signal
581,2024-11-06T00:00:00+05:30,172.1,174.34,171.8,173.17,629936,3.5857529124991903,170.77179999125605,174.62499427925925,-3.853194288003209,-4.710845688368476,2.539999999999992,2.240000000000009,0.29999999999998295,2.539999999999992,4.862857142857139,1282621.65,No Signal
582,2024-11-07T00:00:00+05:30,173.17,174.79,171.4,171.98,387878,3.4473821847980166,170.95767691567818,174.4290687770919,-3.4713918614137356,-4.462954922977528,3.3899999999999864,1.6200000000000045,1.7699999999999818,3.3899999999999864,4.79928571428571,1089904.6,No Signal
583,2024-11-08T00:00:00+05:30,171.98,172.95,170.05,170.9,1740858,3.176827022702333,170.94880354403537,174.1676562750851,-3.2188527310497363,-4.21413448459197,2.8999999999999773,0.9699999999999989,1.9299999999999784,2.8999999999999773,4.63714285714285,1122282.3,No Signal
584,2024-11-11T00:00:00+05:30,170.75,180.7,165.3,174.6,6874885,2.9572923433017353,171.51052607572223,174.19968173618992,-2.6891556604676907,-3.909138719767114,15.399999999999977,9.799999999999983,5.599999999999994,15.399999999999977,5.222857142857135,1425981.25,No Signal
585,2024-11-12T00:00:00+05:30,176.4,176.4,170.71,172.26,1401419,2.6595032582666964,171.62582975638034,174.05600160758326,-2.430171851202914,-3.613345346054274,5.689999999999998,1.8000000000000114,3.8899999999999864,5.689999999999998,5.155714285714278,1389694.7,No Signal
586,2024-11-13T00:00:00+05:30,170.1,172.55,165.02,169.09,2968769,2.2023369399010053,171.2357021015526,173.68814963665116,-2.452447535098571,-3.3811657838631337,7.530000000000001,0.29000000000002046,7.239999999999981,7.530000000000001,5.345714285714278,1480482.2,No Signal
587,2024-11-14T00:00:00+05:30,167.55,172.03,163.14,163.96,1437981,2.2120321724988163,170.11636331669834,172.96754595986218,-2.8511826431638383,-3.2751691557232747,8.890000000000015,2.9399999999999977,5.950000000000017,8.890000000000015,5.5464285714285655,1512732.25,Buy
588,2024-11-18T00:00:00+05:30,164.53,165.0,160.55,160.97,441990,2.3808836766760932,168.70923049874474,172.07883885172424,-3.3696083529794976,-3.2940569951745196,4.449999999999989,1.039999999999992,3.4099999999999966,4.449999999999989,5.396428571428564,1501030.75,No Signal
589,2024-11-19T00:00:00+05:30,161.59,164.51,160.56,162.58,1366262,2.4155315576199565,167.76627196047633,171.37522115900393,-3.608949198527597,-3.3570354358451353,3.9499999999999886,3.539999999999992,0.4099999999999966,3.9499999999999886,5.3499999999999925,1461524.3,No Signal
590,2024-11-21T00:00:00+05:30,162.58,163.85,158.5,161.2,858822,2.617543567709811,166.7560762742492,170.6215010731518,-3.8654247989025805,-3.4587133084566246,5.349999999999994,1.2699999999999818,4.0800000000000125,5.349999999999994,5.36214285714285,1423976.6,Sell
591,2024-11-22T00:00:00+05:30,160.99,169.0,159.0,167.83,1215658,2.5033677810299824,166.9212953089801,170.41472321588128,-3.4934279069011893,-3.4656562281455376,10.0,7.800000000000011,2.1999999999999886,10.0,5.844999999999993,1392915.8,Sell
592,2024-11-25T00:00:00+05:30,171.49,171.49,165.14,168.52,1644583,2.4836102944813216,167.16724987682932,170.2743733480382,-3.1071234712088938,-3.393949676758209,6.350000000000023,3.6599999999999966,2.690000000000026,6.350000000000023,6.128571428571424,1412247.05,Buy
593,2024-11-26T00:00:00+05:30,168.0,168.29,165.03,166.0,1062357,2.4554832773115867,166.98767297270172,169.95775310003538,-2.9700801273336594,-3.3091757668732993,3.259999999999991,0.2300000000000182,3.490000000000009,3.490000000000009,6.108571428571423,1374217.15,Buy
594,2024-11-27T00:00:00+05:30,166.45,166.69,164.71,166.0,1143801,2.424366432909524,166.83572328459377,169.66458620373646,-2.8288629191426935,-3.213113197327178,1.9799999999999898,0.6899999999999977,1.289999999999992,1.9799999999999898,5.8507142857142815,1393582.65,Buy
595,2024-11-28T00:00:00+05:30,166.65,167.38,165.1,165.64,1338679,2.3852269015998506,166.65176585619471,169.3664687071634,-2.7147028509686777,-3.113431128055478,2.280000000000001,1.3799999999999955,0.9000000000000057,2.280000000000001,5.832142857142854,1400361.05,Buy
596,2024-11-29T00:00:00+05:30,166.9,166.9,164.75,165.23,510873,2.4243131555294006,166.43303264754937,169.06006361774388,-2.627030970194511,-3.0161510964832847,2.1500000000000057,1.2600000000000193,0.8899999999999864,2.1500000000000057,5.7435714285714266,1377500.95,Buy
597,2024-12-02T00:00:00+05:30,165.49,167.75,164.7,166.78,906803,2.3971786228726786,166.48641224023407,168.89117001642953,-2.404757776195453,-2.8938724324257183,3.0500000000000114,2.5200000000000102,0.5300000000000011,3.0500000000000114,5.7542857142857144,1382845.5,Buy
598,2024-12-03T00:00:00+05:30,166.95,168.05,164.8,165.03,4014779,2.4106046416427067,166.2623488186596,168.60515742261993,-2.3428086039603215,-2.783659666732639,3.25,1.2700000000000102,1.9799999999999898,3.25,4.886428571428573,1576494.5,No Signal
599,2024-12-04T00:00:00+05:30,166.4,167.04,164.1,164.5,1391152,2.4529031785640734,165.99121823117352,168.30107168761106,-2.309853456437537,-2.688898424673619,2.9399999999999977,2.009999999999991,0.9300000000000068,2.9399999999999977,4.690000000000002,1624374.3,No Signal
600,2024-12-05T00:00:00+05:30,165.1,165.39,162.0,162.31,1267458,2.4834215158441952,165.42487696483914,167.85728859963987,-2.4324116348007294,-2.637601066699041,3.3899999999999864,0.8899999999999864,2.5,3.3899999999999864,4.394285714285715,1630247.15,No Signal
601,2024-12-06T00:00:00+05:30,162.65,169.9,161.3,168.96,10025515,2.2433979579752443,165.9687420471716,167.93897092559249,-1.9702288784208974,-2.5041266290434123,8.599999999999994,7.590000000000003,1.009999999999991,8.599999999999994,4.373571428571428,2100026.1,No Signal
602,2024-12-09T00:00:00+05:30,168.96,175.85,166.9,173.41,3771388,2.2528419730694607,167.11355096299135,168.34423233851155,-1.2306813755201915,-2.2494375783387683,8.949999999999989,6.889999999999986,2.0600000000000023,8.949999999999989,4.694999999999999,2269201.6,No Signal
603,2024-12-10T00:00:00+05:30,173.99,174.09,169.1,170.03,1130598,2.2719892246277333,167.56223543022347,168.46910401714032,-0.9068685869168576,-1.9809237800543862,4.990000000000009,0.6800000000000068,4.310000000000002,4.990000000000009,4.769285714285715,2238688.6,No Signal
604,2024-12-10T00:00:00+05:30,173.99,174.09,169.1,170.03,1130598,2.0533147873911464,167.9418915178814,168.5847259417966,-0.6428344239151897,-1.713305908826547,4.990000000000009,4.060000000000002,0.9300000000000068,4.990000000000009,4.74357142857143,1951474.25,No Signal
605,2024-12-11T00:00:00+05:30,169.78,173.2,169.5,172.25,981461,2.0263488495260855,168.60467743820735,168.85622772388572,-0.2515502856783769,-1.420954784196913,3.6999999999999886,3.1699999999999875,0.5300000000000011,3.6999999999999886,4.29357142857143,1930476.35,No Signal
606,2024-12-12T00:00:00+05:30,172.29,174.81,169.05,169.6,1066048,2.07074110475422,168.75780398617545,168.91132196656085,-0.1535179803854021,-1.167467423434611,5.759999999999991,2.5600000000000023,3.1999999999999886,5.759999999999991,4.25142857142857,1835340.3,No Signal
607,2024-12-13T00:00:00+05:30,169.0,170.84,166.78,168.47,992107,2.0669331120926047,168.71352644984077,168.8786314505193,-0.16510500067852263,-0.9669949388833934,4.060000000000002,1.240000000000009,2.819999999999993,4.060000000000002,4.2921428571428555,1813046.6,No Signal
608,2024-12-16T00:00:00+05:30,168.21,168.67,165.0,165.33,731391,1.9520306846668691,168.19298391909604,168.61576986159193,-0.4227859424958922,-0.8581531396058932,3.6699999999999875,0.19999999999998863,3.469999999999999,3.6699999999999875,4.412857142857141,1827516.65,No Signal
609,2024-12-17T00:00:00+05:30,165.98,173.1,165.65,171.01,2747577,1.854698107289807,168.62637100846587,168.79312024221474,-0.16674923374887385,-0.7198723584344894,7.449999999999989,7.769999999999982,0.3199999999999932,7.769999999999982,4.804999999999997,1896582.4,No Signal
610,2024-12-18T00:00:00+05:30,171.05,172.04,168.65,170.26,1055345,1.6864798989749723,168.87769854562495,168.9017780020507,-0.0240794564257385,-0.5807137780327393,3.3899999999999864,1.0300000000000011,2.359999999999985,3.3899999999999864,4.893571428571424,1906408.55,No Signal
611,2024-12-19T00:00:00+05:30,167.5,172.0,166.07,170.89,1582746,1.7263677101062962,169.18728338475958,169.0490537056025,0.13822967915709228,-0.43692508659477297,5.930000000000007,1.740000000000009,4.189999999999998,5.930000000000007,5.099285714285709,1924762.95,Buy
612,2024-12-20T00:00:00+05:30,171.83,174.99,170.81,172.37,2433719,1.8022346326880285,169.67693209479657,169.29504972740972,0.3818823673868508,-0.27316359579844823,4.180000000000007,4.100000000000023,0.07999999999998408,4.180000000000007,5.165714285714281,1964219.75,Buy
613,2024-12-23T00:00:00+05:30,172.99,182.7,172.86,177.3,7482209,2.0655707825757674,170.84971177252018,169.88800900686084,0.9617027656593393,-0.026190323506890722,9.839999999999975,10.329999999999984,0.4900000000000091,10.329999999999984,5.693571428571423,2285212.35,Buy
614,2024-12-24T00:00:00+05:30,178.0,181.05,177.1,179.59,4622707,2.406869092125993,172.19437149982477,170.60667500635262,1.5876964934721514,0.2965870398889177,3.950000000000017,3.75,0.20000000000001705,3.950000000000017,5.733571428571425,2459157.65,Buy
615,2024-12-26T00:00:00+05:30,181.0,184.28,176.5,182.88,3261771,2.8218409136818683,173.83831434600557,171.51581019106723,2.3225041549383434,0.7017704628988028,7.780000000000001,4.689999999999998,3.0900000000000034,7.780000000000001,5.674999999999997,2555312.25,Buy
616,2024-12-27T00:00:00+05:30,183.58,195.0,183.13,192.72,7167386,3.658519824303009,176.74318906200472,173.08649091765486,3.6566981443498605,1.2927559991890145,11.870000000000005,12.120000000000005,0.25,12.120000000000005,5.9014285714285695,2888137.9,Buy
617,2024-12-30T00:00:00+05:30,194.0,194.98,182.28,183.7,4596404,4.047711722493469,177.81346766785015,173.87267677560635,3.940790892243797,1.822362977799971,12.699999999999989,2.259999999999991,10.439999999999998,12.699999999999989,6.452142857142854,3072617.95,Buy
618,2024-12-31T00:00:00+05:30,182.75,186.0,179.28,182.45,1830518,4.127320401765863,178.52678033433475,174.50803405148736,4.018746282847388,2.2616396388094544,6.719999999999999,2.3000000000000114,4.4199999999999875,6.719999999999999,6.575714285714282,2963404.9,Buy
619,2025-01-01T00:00:00+05:30,182.2,185.0,181.0,183.13,947701,4.108171235688088,179.23496797520633,175.1466981958216,4.088269779384717,2.626965666924507,4.0,2.5500000000000114,1.4499999999999886,4.0,6.597142857142854,2941232.35,Buy
620,2025-01-02T00:00:00+05:30,184.0,192.98,181.77,189.09,3426861,4.047055543085457,180.75112674825152,176.17953536650148,4.571591381750039,3.0158908098896138,11.20999999999998,9.849999999999994,1.3599999999999852,11.20999999999998,6.986428571428568,3049202.5,Buy
621,2025-01-03T00:00:00+05:30,186.5,198.5,186.19,190.08,4408210,4.272050383515155,182.1863380177513,177.2091994134273,4.977138604323983,3.408140368776488,12.310000000000002,9.409999999999997,2.9000000000000057,12.310000000000002,7.575714285714282,2768337.25,Buy
622,2025-01-06T00:00:00+05:30,191.25,209.75,190.13,197.75,38584357,4.718280566057819,184.58074755348187,178.73074019761788,5.850007355863994,3.8965137661939893,19.620000000000005,19.669999999999987,0.04999999999998295,19.669999999999987,8.718571428571424,4508985.7,Buy
623,2025-01-07T00:00:00+05:30,198.0,202.8,189.12,195.91,9241054,5.078256546052709,186.3237094683308,180.0032779607573,6.320431507573517,4.3812973144698955,13.680000000000007,5.050000000000011,8.629999999999995,13.680000000000007,9.140714285714283,4914508.5,Buy
624,2025-01-08T00:00:00+05:30,193.08,193.84,184.9,191.01,3438926,5.25221677902091,187.04467724243375,180.8185907044049,6.226086538028852,4.750255159181687,8.939999999999998,2.069999999999993,11.009999999999991,11.009999999999991,9.684999999999999,5029924.9,Buy
625,2025-01-09T00:00:00+05:30,192.0,192.05,186.11,187.14,2140363,5.3203237245276345,187.05934228205933,181.28684324481935,5.772499037239982,4.954703934793346,5.939999999999998,1.0400000000000205,4.899999999999977,5.939999999999998,9.685714285714283,5087870.0,Buy
626,2025-01-10T00:00:00+05:30,188.47,188.93,179.26,180.19,1675563,5.32286522735678,186.00252039251174,181.20559559705495,4.796924795456789,4.923148106926035,9.670000000000016,1.7900000000000205,7.8799999999999955,9.670000000000016,10.077857142857141,5118345.75,Sell
627,2025-01-13T00:00:00+05:30,178.45,184.0,175.75,177.63,1817266,5.146243692724339,184.71444033212532,180.94073666393976,3.7737036681855614,4.693259219177941,8.25,3.8100000000000023,4.439999999999998,8.25,9.929285714285713,5159603.7,Sell
628,2025-01-14T00:00:00+05:30,178.57,181.87,175.21,178.3,1823208,4.665052963014305,183.7276033579522,180.74512654068496,2.9824768172672407,4.3511027387958015,6.659999999999997,4.240000000000009,2.4199999999999875,6.659999999999997,10.122857142857141,5214194.55,Sell
629,2025-01-14T00:00:00+05:30,178.57,181.87,175.21,178.3,1823208,4.447928411470327,182.8925874567288,180.56400605618978,2.328581400539008,3.946598471144443,6.659999999999997,3.569999999999993,3.0900000000000034,6.659999999999997,10.042857142857141,5167976.1,Sell
630,2025-01-15T00:00:00+05:30,182.76,198.87,179.61,193.29,30680457,3.9552054114855335,184.49218938646283,181.5066722742498,2.9855171122130173,3.754382199358158,19.25999999999999,20.569999999999993,1.3100000000000023,20.569999999999993,10.646428571428569,6649231.7,Sell
631,2025-01-16T00:00:00+05:30,189.0,189.4,183.5,184.34,4405235,3.7844084140860565,184.4687756346993,181.71654840208316,2.75222723261615,3.5539512060097564,5.900000000000006,3.8899999999999864,9.789999999999992,9.789999999999992,10.438571428571425,6790356.15,Sell
632,2025-01-17T00:00:00+05:30,184.34,186.78,180.75,185.14,1949952,3.4175252069712934,184.57204092166864,181.97013740933625,2.601903512332399,3.3635416672742853,6.030000000000001,2.4399999999999977,3.5900000000000034,6.030000000000001,10.38928571428571,6766167.8,Sell
633,2025-01-20T00:00:00+05:30,185.25,186.3,182.7,183.58,1202100,3.294859528973225,184.41941924141193,182.08938649012615,2.330032751285785,3.1568398840765854,3.6000000000000227,1.160000000000025,2.4399999999999977,3.6000000000000227,10.360714285714284,6452162.35,Sell
634,2025-01-21T00:00:00+05:30,185.27,185.49,179.01,179.49,618313,3.372976252714023,183.66104705042548,181.8968393427094,1.764207707716082,2.878313448804485,6.480000000000018,1.9099999999999966,4.570000000000022,6.480000000000018,10.022857142857145,6251942.65,Sell
635,2025-01-22T00:00:00+05:30,178.61,182.56,176.17,182.07,1813126,3.3379599538977645,183.41627058112925,181.90966605806426,1.5066045230649934,2.603971663656587,6.390000000000015,3.069999999999993,3.3200000000000216,6.390000000000015,9.600000000000003,6179510.4,Sell
636,2025-01-23T00:00:00+05:30,182.56,182.8,177.7,178.28,1058651,3.402215262776811,182.62607510710936,181.64080190561506,0.9852732014942944,2.280231971224129,5.100000000000023,0.7300000000000182,4.3700000000000045,5.100000000000023,8.55928571428572,5874073.65,No Signal
637,2025-01-24T00:00:00+05:30,177.4,179.68,170.65,171.22,1198118,3.9758925917926855,180.87129432140023,180.86889065334728,0.002403668052949115,1.824666310589893,9.030000000000001,1.4000000000000057,7.6299999999999955,9.030000000000001,8.227142857142862,5704159.35,No Signal
638,2025-01-27T00:00:00+05:30,169.25,170.1,163.45,165.48,1114332,4.844214735781126,178.50340288733867,179.7289728271734,-1.2255699398347417,1.214619060504966,6.650000000000006,1.1200000000000045,7.77000000000001,7.77000000000001,7.995714285714292,5668350.05,No Signal
639,2025-01-28T00:00:00+05:30,166.97,166.97,157.12,162.51,1289770,5.722261224164481,176.04287936620963,178.4534933584939,-2.4106139922842544,0.48957244994712196,9.849999999999994,1.490000000000009,8.359999999999985,9.849999999999994,8.275000000000006,5685453.5,No Signal
640,2025-01-29T00:00:00+05:30,164.38,170.0,163.76,167.66,1229979,5.803102506564898,174.753205617562,177.6539753319388,-2.9007697143767928,-0.188495982917661,6.240000000000009,7.490000000000009,1.25,7.490000000000009,8.11928571428572,5575609.4,No Signal
641,2025-01-30T00:00:00+05:30,168.11,169.63,164.35,165.37,511202,6.1309130589398535,173.30963552255247,176.74405123327665,-3.4344157107241813,-0.8376799284789651,5.280000000000001,1.9699999999999989,3.3100000000000023,5.280000000000001,7.907142857142863,5380759.0,No Signal
642,2025-01-31T00:00:00+05:30,166.69,169.15,165.37,168.65,637432,5.671105833669472,172.59276851908285,176.14449188266357,-3.55172336358072,-1.3804886154993161,3.780000000000001,3.780000000000001,0.0,3.780000000000001,7.701428571428577,3483412.75,No Signal
643,2025-02-01T00:00:00+05:30,170.0,185.38,165.72,181.86,3292036,4.793970607964488,174.01849643922395,176.56786285431812,-2.5493664150941697,-1.614264175418287,19.659999999999997,16.72999999999999,2.930000000000007,19.659999999999997,8.630000000000006,3185961.85,No Signal
644,2025-02-03T00:00:00+05:30,177.0,194.0,176.1,185.01,11767536,4.510593961354733,175.70949698703566,177.19320634659084,-1.4837093595551778,-1.5881532122456652,17.900000000000006,12.139999999999986,5.760000000000019,17.900000000000006,8.43928571428572,3602392.35,No Signal
645,2025-02-04T00:00:00+05:30,185.05,186.5,180.89,182.99,1643251,4.4533820502788295,176.82957437364556,177.6225984690656,-0.7930240954200372,-1.4291273888805396,5.610000000000014,1.490000000000009,4.1200000000000045,5.610000000000014,8.140714285714294,3577536.75,No Signal
646,2025-02-05T00:00:00+05:30,182.99,186.0,179.46,181.62,936666,4.503730875794754,177.56656293154623,177.91870228617185,-0.3521393546256206,-1.2137297820295558,6.539999999999992,3.009999999999991,3.530000000000001,6.539999999999992,8.177142857142865,3540591.9,No Signal
647,2025-02-06T00:00:00+05:30,181.9,185.33,179.01,180.57,1912488,4.544427242366307,178.02863017284682,178.11509470941837,-0.08646453657155462,-0.9882767329379556,6.320000000000022,3.710000000000008,2.6100000000000136,6.320000000000022,8.371428571428579,3545353.0,No Signal
648,2025-02-07T00:00:00+05:30,180.75,181.59,176.8,179.5,1355219,4.5761601007224835,178.2549947616396,178.2176802864985,0.037314475141101866,-0.7831584913221441,4.789999999999992,1.0200000000000102,3.769999999999982,4.789999999999992,8.250714285714292,3521953.55,No Signal
649,2025-02-10T00:00:00+05:30,179.5,180.5,173.0,178.03,1519546,4.613629546200313,178.22038018292582,178.20377804305417,0.016602139871650934,-0.6232063650833851,7.5,1.0,6.5,7.5,8.330000000000004,3506770.45,No Signal
650,2025-02-11T00:00:00+05:30,176.5,181.47,169.05,169.96,5082229,4.431171703147036,176.9495524624757,177.59312781764274,-0.6435753551670302,-0.6272801631001141,12.419999999999987,3.4399999999999977,8.97999999999999,12.419999999999987,8.852857142857145,2226859.05,Sell
651,2025-02-12T00:00:00+05:30,171.0,171.0,162.49,166.01,1613033,4.615646042765197,175.2665443913256,176.7351183496692,-1.4685739583435975,-0.7955389221488108,8.509999999999991,1.039999999999992,7.469999999999999,8.509999999999991,8.815714285714288,2087248.95,Sell
652,2025-02-13T00:00:00+05:30,165.0,168.79,160.1,160.61,875241,5.0024820218893655,173.01169140804473,175.5406651385826,-2.528973730537871,-1.1422258838266228,8.689999999999998,2.780000000000001,5.909999999999997,8.689999999999998,8.881428571428572,2033513.4,Sell
653,2025-02-14T00:00:00+05:30,162.48,165.29,156.1,158.29,3377250,5.376309185978474,170.74681580680706,174.26283809128017,-3.5160222844731095,-1.6169851639559203,9.189999999999998,4.679999999999978,4.510000000000019,9.189999999999998,8.834285714285715,2142270.9,Sell
654,2025-02-17T00:00:00+05:30,158.29,161.83,153.8,160.38,982963,5.512003609499703,169.15192106729828,173.2344797141483,-4.082558646850032,-2.1100998605347425,8.030000000000001,3.5400000000000205,4.489999999999981,8.030000000000001,8.872857142857143,2160503.4,Sell
655,2025-02-18T00:00:00+05:30,160.01,162.09,156.9,161.65,489944,5.46365737230376,167.997779364637,172.37637010569287,-4.378590741055859,-2.563798036638966,5.189999999999998,1.710000000000008,3.4799999999999898,5.189999999999998,8.866428571428571,2094344.3,Sell
656,2025-02-19T00:00:00+05:30,161.65,170.49,161.0,168.56,1322638,5.1572272018692615,168.08427484700056,172.0936760237897,-4.00940117678914,-2.852918664669001,9.490000000000009,8.840000000000003,0.6500000000000057,9.490000000000009,9.274285714285714,2107543.65,Sell
657,2025-02-20T00:00:00+05:30,170.5,182.45,168.73,179.98,3876765,4.963252662662796,169.91438640900046,172.67784817017565,-2.7634617611751935,-2.8350272839702395,13.719999999999999,13.889999999999986,0.1699999999999875,13.889999999999986,8.862142857142857,2241476.0,Buy
658,2025-02-21T00:00:00+05:30,178.0,179.09,173.04,176.53,1576415,5.041564661687077,170.93217311530807,172.96319275016265,-2.031019634854573,-2.6742257541471064,6.050000000000011,0.8899999999999864,6.939999999999998,6.939999999999998,8.079285714285714,2264580.15,No Signal
659,2025-02-24T00:00:00+05:30,176.44,181.8,169.7,170.99,2248726,5.048618066199987,170.94106955910684,172.81703032422467,-1.8759607651178385,-2.514572756341253,12.100000000000023,5.27000000000001,6.8300000000000125,12.100000000000023,8.542857142857143,2312527.95,Buy
660,2025-02-24T00:00:00+05:30,176.44,181.8,169.7,170.99,2248726,5.013238880710451,170.94859731924424,172.68169474465248,-1.733097425408232,-2.3582776901546487,12.100000000000023,10.810000000000002,1.2900000000000205,12.100000000000023,8.940000000000001,2363465.3,Buy
661,2025-02-25T00:00:00+05:30,173.25,179.5,172.01,178.46,2785747,4.767694593962299,172.1041977316682,173.1097173561597,-1.0055196244915123,-2.0877260770220216,7.490000000000009,8.509999999999991,1.0199999999999818,8.509999999999991,9.096428571428572,2477192.55,Buy
