,Date,Open,High,Low,Close,Volume,Volatility,EMA12,EMA26,MACD,Signal Line,H-L,H-PC,L-PC,TR,ATR,Avg_Volume,Signal
0,2022-07-05T00:00:00+05:30,3614.1,3629.0,3511.0,3524.65,320182,,3524.65,3524.65,0.0,0.0,118.0,,,118.0,,,No Signal
1,2022-07-06T00:00:00+05:30,3508.0,3681.5,3508.0,3668.75,261838,,3546.8192307692307,3535.3240740740744,11.495156695156311,2.2990313390312624,173.5,156.8499999999999,16.65000000000009,173.5,,,No Signal
2,2022-07-07T00:00:00+05:30,3684.95,3729.95,3652.4,3706.0,191315,,3571.308579881657,3547.9667352537726,23.341844627884257,6.5075939968018615,77.54999999999973,61.19999999999982,16.34999999999991,77.54999999999973,,,No Signal
3,2022-07-08T00:00:00+05:30,3724.5,3740.0,3618.0,3657.9,243112,,3584.6303368229405,3556.1099400497897,28.52039677315088,10.910154552071665,122.0,34.0,88.0,122.0,,,No Signal
4,2022-07-11T00:00:00+05:30,3621.15,3749.9,3621.15,3741.25,172012,,3608.7256696194113,3569.82401856462,38.90165105479127,16.508453852615588,128.75,92.0,36.75,128.75,,,No Signal
5,2022-07-12T00:00:00+05:30,3745.65,3921.7,3724.2,3872.4,768066,,3649.290951216425,3592.2370542265,57.053896989925306,24.61754248007753,197.5,180.44999999999982,17.050000000000182,197.5,,,No Signal
6,2022-07-13T00:00:00+05:30,3897.6,3913.0,3807.0,3820.8,355498,,3675.6769587215904,3609.1676428023147,66.50931591927565,32.99589716791716,106.0,40.59999999999991,65.40000000000009,106.0,,,No Signal
7,2022-07-14T00:00:00+05:30,3850.0,3850.0,3685.6,3699.3,200366,,3679.3112727644225,3615.844113705847,63.46715905857536,39.0901495460488,164.4000000000001,29.199999999999818,135.20000000000027,164.4000000000001,,,No Signal
8,2022-07-15T00:00:00+05:30,3703.0,3755.55,3703.0,3743.1,125142,,3689.1249231083575,3625.2704756535622,63.85444745479526,44.04300912779809,52.55000000000018,56.25,3.699999999999818,56.25,,,No Signal
9,2022-07-18T00:00:00+05:30,3764.65,3850.0,3760.0,3811.55,395303,,3707.9595503224564,3639.068958938484,68.8905913839726,49.012525579032996,90.0,106.90000000000009,16.90000000000009,106.90000000000009,,,No Signal
10,2022-07-19T00:00:00+05:30,3824.0,3850.0,3792.0,3812.7,115205,,3724.073465657463,3651.930517535633,72.14294812183016,53.63861008759243,58.0,38.44999999999982,19.550000000000182,58.0,,,No Signal
11,2022-07-20T00:00:00+05:30,3855.0,3957.0,3836.0,3933.65,332003,,3756.316009402469,3672.798627347808,83.51738205466063,59.61436448100608,121.0,144.30000000000018,23.300000000000182,144.30000000000018,,,No Signal
12,2022-07-21T00:00:00+05:30,3945.95,4019.5,3891.55,3948.35,392356,,3785.8597002636275,3693.2098401368594,92.64986012676809,66.22146361015848,127.94999999999982,85.84999999999991,42.09999999999991,127.94999999999982,,,No Signal
13,2022-07-22T00:00:00+05:30,3970.0,4005.0,3832.0,3856.65,246782,,3796.750515607685,3705.31651864524,91.43399696244478,71.26397028061574,173.0,56.65000000000009,116.34999999999991,173.0,125.29285714285713,,No Signal
14,2022-07-25T00:00:00+05:30,3850.0,3855.0,3753.0,3764.05,187762,,3791.7196670526564,3709.667146893741,82.05252015891529,73.42168025627565,102.0,1.650000000000091,103.65000000000009,103.65000000000009,124.26785714285714,,No Signal
15,2022-07-26T00:00:00+05:30,3775.05,3810.0,3673.0,3685.95,213319,,3775.447410583017,3707.9103211979086,67.53708938510817,72.24476208204216,137.0,45.94999999999982,91.05000000000018,137.0,121.66071428571429,,No Signal
16,2022-07-27T00:00:00+05:30,3685.95,3738.0,3615.3,3700.25,233943,,3763.8785781856295,3707.3428899980636,56.53568818756594,69.10294730314692,122.69999999999982,52.05000000000018,70.64999999999964,122.69999999999982,124.88571428571429,,No Signal
17,2022-07-28T00:00:00+05:30,3690.0,3702.0,3550.0,3578.5,686907,,3735.3587969263017,3697.7989722204293,37.559824705872416,62.794322783692024,152.0,1.75,150.25,152.0,127.02857142857144,,No Signal
18,2022-07-29T00:00:00+05:30,3616.0,3709.8,3588.5,3699.9,477094,,3729.9035973991786,3697.954603907805,31.948993491373585,56.62525692522834,121.30000000000018,131.30000000000018,10.0,131.30000000000018,127.2107142857143,,No Signal
19,2022-08-01T00:00:00+05:30,3720.0,3796.0,3696.9,3748.2,242606,2.8794706896518636,3732.7184285685357,3701.6764850998193,31.041943468716454,51.50859423392597,99.09999999999991,96.09999999999991,3.0,99.09999999999991,120.18214285714286,308040.55,No Signal
20,2022-08-02T00:00:00+05:30,3741.0,3817.0,3713.8,3775.75,186529,2.4956528314469093,3739.3386703272226,3707.1634121294624,32.175258197760286,47.641927026692834,103.19999999999982,68.80000000000018,34.399999999999636,103.19999999999982,119.98214285714286,301357.9,No Signal
21,2022-08-03T00:00:00+05:30,3774.0,3798.0,3716.0,3755.3,152391,2.4421944633147676,3741.79425950765,3710.7290853050577,31.065174202592516,44.32657646187277,82.0,22.25,59.75,82.0,114.09642857142856,295885.55,No Signal
22,2022-08-04T00:00:00+05:30,3780.3,3867.0,3760.05,3836.8,423070,2.395306733238917,3756.410527275704,3720.067671578757,36.342855696947026,42.72983230888762,106.94999999999982,111.69999999999982,4.75,111.69999999999982,118.05714285714284,307473.3,No Signal
23,2022-08-05T00:00:00+05:30,3845.0,3860.0,3818.0,3827.3,211541,2.3141168028123786,3767.316600002519,3728.010807017368,39.30579298515113,42.045024444140324,42.0,23.199999999999818,18.800000000000182,42.0,113.42142857142855,305894.75,No Signal
24,2022-08-08T00:00:00+05:30,3827.3,3862.0,3700.0,3798.2,300306,2.320873425403554,3772.0678923098235,3733.210006497563,38.85788581226052,41.40759671776436,162.0,34.69999999999982,127.30000000000018,162.0,120.84999999999998,312309.45,No Signal
25,2022-08-10T00:00:00+05:30,3794.1,3915.2,3751.0,3845.95,314984,2.260468755751506,3783.4343704160046,3741.561117127373,41.87325328863153,41.5007280319378,164.19999999999982,117.0,47.19999999999982,164.19999999999982,122.27142857142852,289655.35,No Signal
26,2022-08-11T00:00:00+05:30,3890.0,4007.8,3866.0,3879.9,504778,2.301429960189221,3798.27523650585,3751.808441784605,46.46679472124515,42.49394136979927,141.80000000000018,161.85000000000036,20.050000000000182,161.85000000000036,124.69285714285714,297119.35,No Signal
27,2022-08-12T00:00:00+05:30,3894.9,3894.9,3815.35,3832.3,175924,2.2833325992769526,3803.50981550495,3757.7707794301896,45.739036074760406,43.1429603107915,79.55000000000018,15.0,64.55000000000018,79.55000000000018,118.01785714285714,295897.25,No Signal
28,2022-08-16T00:00:00+05:30,3875.0,3920.0,3792.0,3899.65,255948,2.3052205776095898,3818.300613119573,3768.2803513242498,50.02026179532322,44.51842060769785,128.0,87.69999999999982,40.30000000000018,128.0,119.75714285714285,302437.55,No Signal
29,2022-08-17T00:00:00+05:30,3916.0,4055.0,3904.05,4006.15,623213,2.523541915895162,3847.2005187934847,3785.900325300231,61.30019349325357,47.874775184808996,150.94999999999982,155.3499999999999,4.400000000000091,155.3499999999999,121.06785714285714,313833.05,No Signal
30,2022-08-18T00:00:00+05:30,4015.0,4118.0,4006.15,4068.15,617265,2.8640428627324392,3881.19274667141,3806.807708611325,74.38503806008521,53.17682775986424,111.84999999999991,111.84999999999991,0.0,111.84999999999991,120.29285714285713,338936.05,No Signal
31,2022-08-19T00:00:00+05:30,4093.95,4115.0,3938.65,3989.95,326692,3.00706414143461,3897.9246317988855,3820.373804269745,77.5508275291404,58.051627713719476,176.3499999999999,46.84999999999991,129.5,176.3499999999999,122.03214285714284,338670.5,No Signal
32,2022-08-22T00:00:00+05:30,3984.95,4074.95,3875.0,4034.5,358324,3.1240679972709477,3918.936226906749,3836.2350039534676,82.70122295328156,62.9815467616319,199.94999999999982,85.0,114.94999999999982,199.94999999999982,126.93571428571424,336968.9,Buy
33,2022-08-23T00:00:00+05:30,3980.0,4150.0,3960.1,4049.5,495417,3.3409272345963483,3939.0229612287876,3852.032411068026,86.99055016076181,67.78334744145788,189.9000000000001,115.5,74.40000000000009,189.9000000000001,133.42142857142855,349400.65,Buy
34,2022-08-24T00:00:00+05:30,4069.0,4146.75,4051.3,4090.9,394065,3.5484906362647983,3962.388659501282,3869.726306544468,92.66235295681372,72.75914854452905,95.44999999999982,97.25,1.800000000000182,97.25,132.99642857142857,359715.8,Buy
35,2022-08-25T00:00:00+05:30,4120.75,4144.95,4060.0,4074.4,261344,3.6153906142223713,3979.6211734241615,3884.8873208745076,94.73385254965388,77.15408934555403,84.94999999999982,54.04999999999973,30.90000000000009,84.94999999999982,133.20714285714283,362117.05,Buy
36,2022-08-26T00:00:00+05:30,4090.0,4174.55,4056.0,4073.4,367623,3.6258188321325697,3994.04868520506,3898.8512230319516,95.1974621731083,80.76276391106488,118.55000000000018,100.15000000000009,18.40000000000009,118.55000000000018,133.69642857142858,368801.05,Buy
37,2022-08-29T00:00:00+05:30,3925.0,4038.0,3922.0,3981.5,218692,3.234295548580764,3992.118118250435,3904.9733546592142,87.14476359122091,82.03916384709609,116.0,35.40000000000009,151.4000000000001,151.4000000000001,141.5107142857143,345390.3,Buy
38,2022-08-30T00:00:00+05:30,4079.95,4122.05,4031.05,4103.7,294043,3.049547824774929,4009.284561596522,3919.69384690668,89.59071468984212,83.5494740156453,91.0,140.55000000000018,49.55000000000018,140.55000000000018,139.97857142857146,336237.75,Buy
39,2022-09-01T00:00:00+05:30,4097.5,4097.5,4006.05,4071.8,219617,2.965714379683527,4018.9023213509035,3930.960969358037,87.94135199286666,84.42784961108958,91.44999999999982,6.199999999999818,97.64999999999964,97.64999999999964,135.225,335088.3,Buy
40,2022-09-02T00:00:00+05:30,4095.0,4198.0,4070.0,4109.3,323254,2.883046360836823,4032.809656527688,3944.171267924108,88.63838860357964,85.2699574095876,128.0,126.19999999999982,1.800000000000182,128.0,132.80714285714285,341924.55,Buy
41,2022-09-05T00:00:00+05:30,4110.85,4214.95,4065.65,4204.7,692959,2.8286866154519785,4059.254324754197,3963.4696925223225,95.78463223187464,87.37289237404502,149.29999999999973,105.64999999999964,43.65000000000009,149.29999999999973,137.78928571428565,368952.95,Buy
42,2022-09-06T00:00:00+05:30,4245.9,4252.95,4148.7,4187.2,407269,2.8931150850038763,4078.938274792013,3980.0423078910394,98.89596690097369,89.67750727943076,104.25,48.25,56.0,104.25,136.0928571428571,368162.9,Buy
43,2022-09-07T00:00:00+05:30,4182.0,4380.0,4170.0,4362.8,979687,3.152473643353637,4122.6093094393955,4008.3947295287403,114.21457991065517,94.58492180567565,210.0,192.80000000000018,17.199999999999818,210.0,139.99642857142854,406570.2,Buy
44,2022-09-08T00:00:00+05:30,4400.0,4437.5,4360.0,4392.8,437733,3.367708929783824,4164.1771079871805,4036.869194008093,127.30791397908752,101.12952024035803,77.5,74.69999999999982,2.800000000000182,77.5,137.54285714285712,413441.55,Buy
45,2022-09-09T00:00:00+05:30,4420.7,4559.0,4420.0,4540.05,822887,3.822730738217897,4222.0037067583835,4074.14184630379,147.86186045459363,110.47598828320515,139.0,166.19999999999982,27.199999999999818,166.19999999999982,136.8178571428571,438836.7,Buy
46,2022-09-12T00:00:00+05:30,4540.05,4580.0,4473.0,4497.55,242975,4.162007034489532,4264.395444180171,4105.50541324425,158.89003093592055,120.15879681374824,107.0,39.94999999999982,67.05000000000018,107.0,130.1785714285714,425746.55,No Signal
47,2022-09-13T00:00:00+05:30,4580.0,4670.0,4555.05,4598.45,699124,4.376379902998642,4315.788452767837,4142.019827078009,173.7686256898278,130.88076258896416,114.94999999999982,172.44999999999982,57.5,172.44999999999982,128.9321428571428,451906.55,No Signal
48,2022-09-14T00:00:00+05:30,4500.0,4615.0,4478.25,4598.1,298875,4.626198687164658,4359.220998495862,4175.8035435907495,183.4174549051122,141.38810105219378,136.75,16.550000000000182,120.19999999999982,136.75,131.75357142857138,454052.9,No Signal
49,2022-09-15T00:00:00+05:30,4620.0,4650.0,4570.0,4584.4,175428,4.880568093957535,4393.863921804191,4206.069947769212,187.79397403497842,150.6692756487507,80.0,51.899999999999636,28.100000000000364,80.0,131.39999999999995,431663.65,No Signal
50,2022-09-16T00:00:00+05:30,4579.2,4618.85,4414.25,4446.7,264792,5.066236364941521,4401.99254921893,4223.894396082604,178.0981531363268,156.15505114626592,204.60000000000036,34.45000000000073,170.14999999999964,204.60000000000036,137.54642857142855,414040.0,Buy
51,2022-09-19T00:00:00+05:30,4446.7,4499.65,4361.1,4401.35,144637,4.97622142741748,4401.893695492941,4237.03925563204,164.85443986090104,157.89492888919295,138.54999999999927,52.94999999999982,85.59999999999945,138.54999999999927,136.62857142857135,404937.25,Buy
52,2022-09-20T00:00:00+05:30,4450.0,4548.0,4425.0,4493.8,168589,4.830704937405339,4416.033126955565,4256.058570029667,159.97455692589847,158.31085449653406,123.0,146.64999999999964,23.649999999999636,146.64999999999964,137.0642857142856,395450.5,Buy
53,2022-09-21T00:00:00+05:30,4487.95,4589.95,4452.0,4492.45,254135,4.75208282314607,4427.789568962401,4273.569046323766,154.22052263863498,157.49278812495425,137.94999999999982,96.14999999999964,41.80000000000018,137.94999999999982,139.94285714285704,383386.4,Sell
54,2022-09-22T00:00:00+05:30,4469.0,4522.0,4451.0,4469.3,134568,4.682618875692392,4434.175789122031,4288.067635484968,146.10815363706297,155.215861227376,71.0,29.550000000000182,41.44999999999982,71.0,135.87142857142845,370411.55,Sell
55,2022-09-23T00:00:00+05:30,4475.0,4512.7,4301.1,4314.35,210878,4.642371945578269,4415.741052334027,4290.014477300897,125.72657503312985,149.31800398852678,211.59999999999945,43.399999999999636,168.19999999999982,211.59999999999945,140.32142857142844,367888.25,Sell
56,2022-09-26T00:00:00+05:30,4300.0,4313.95,4110.5,4174.05,297918,4.6536749841547165,4378.557813513407,4281.424516019349,97.13329749405875,138.88106268963318,203.44999999999982,0.4000000000005457,203.85000000000036,203.85000000000036,147.43571428571417,364403.0,Sell
57,2022-09-27T00:00:00+05:30,4219.3,4249.0,4140.0,4207.2,204930,4.218211607734594,4352.195072972883,4275.926403721619,76.26866925126433,126.35858400195941,109.0,74.94999999999982,34.05000000000018,109.0,140.22142857142848,363714.9,Sell
58,2022-09-28T00:00:00+05:30,4207.2,4308.0,4160.0,4253.0,344163,3.97236753122188,4336.934292515517,4274.228151594091,62.706140921425686,113.62809538585267,148.0,100.80000000000018,47.19999999999982,148.0,145.25714285714275,366220.9,Sell
59,2022-09-29T00:00:00+05:30,4299.85,4325.1,4230.0,4263.15,168518,3.661623169041836,4325.582862897745,4273.407547772306,52.17531512543883,101.33753933376991,95.10000000000036,72.10000000000036,23.0,95.10000000000036,140.17857142857136,363665.95,Sell
60,2022-09-30T00:00:00+05:30,4260.0,4414.0,4245.0,4371.6,294422,3.262872703691394,4332.662422451938,4280.681062752135,51.98135969980285,91.46630340697651,169.0,150.85000000000036,18.149999999999636,169.0,144.6071428571428,362224.35,Sell
61,2022-10-03T00:00:00+05:30,4374.0,4428.45,4262.45,4299.1,202663,3.199847804219982,4327.498972843948,4282.045428474199,45.45354436974867,82.26375159953095,166.0,56.849999999999454,109.15000000000055,166.0,144.14642857142852,337709.55,Sell
62,2022-10-04T00:00:00+05:30,4350.25,4384.15,4300.0,4335.5,145399,2.9845238173932374,4328.729900098725,4286.005026364999,42.72487373372587,74.35597602636993,84.14999999999964,85.04999999999927,0.8999999999996362,85.04999999999927,140.45357142857134,324616.05,Sell
63,2022-10-06T00:00:00+05:30,4371.8,4454.0,4365.2,4433.05,181962,2.9132897321951803,4344.7791462373825,4296.897246634258,47.88189960312411,69.06116074172077,88.80000000000018,118.5,29.699999999999818,118.5,143.20357142857134,284729.8,Sell
64,2022-10-07T00:00:00+05:30,4399.4,4500.0,4277.7,4314.55,330154,3.0319801038883374,4340.128508354708,4298.204857994684,41.92365036002411,63.63365866538144,222.30000000000018,66.94999999999982,155.35000000000036,222.30000000000018,144.467857142857,279350.85,Sell
65,2022-10-10T00:00:00+05:30,4285.0,4290.0,4214.5,4235.6,281483,3.1142665837966184,4324.047199377061,4293.567461106189,30.479738270872076,57.00287458647957,75.5,24.550000000000182,100.05000000000018,100.05000000000018,141.7178571428571,252280.65,Sell
66,2022-10-11T00:00:00+05:30,4235.6,4285.1,4230.0,4259.8,106437,3.1066765242715784,4314.163014857513,4291.066167690916,23.0968471665974,50.22166910250314,55.100000000000364,49.5,5.600000000000364,55.100000000000364,135.17857142857142,245453.75,No Signal
67,2022-10-12T00:00:00+05:30,4280.0,4338.75,4239.1,4278.5,150445,2.8799520395654534,4308.676397187127,4290.135340454552,18.54105673257527,43.885546628517574,99.64999999999964,78.94999999999982,20.699999999999818,99.64999999999964,132.44285714285712,218019.8,No Signal
68,2022-10-13T00:00:00+05:30,4294.95,4321.5,4241.5,4286.7,135229,2.583888706413504,4305.295413004492,4289.880870791251,15.414542213240566,38.19134574546217,80.0,43.0,37.0,80.0,133.08571428571426,209837.5,No Signal
69,2022-10-14T00:00:00+05:30,4339.0,4350.0,4235.65,4249.05,107436,2.2897315076093676,4296.642272542263,4286.856361843751,9.785910698511543,32.510258736072046,114.35000000000036,63.30000000000018,51.05000000000018,114.35000000000036,126.13928571428576,206437.9,No Signal
70,2022-10-17T00:00:00+05:30,4252.0,4285.15,4185.55,4280.55,112815,2.1898113692004553,4294.166538304991,4286.389223929399,7.777314375592141,27.563669863976067,99.59999999999945,36.099999999999454,63.5,99.59999999999945,118.69285714285714,198839.05,No Signal
71,2022-10-18T00:00:00+05:30,4309.0,4321.0,4252.05,4295.8,124099,2.1394316267164117,4294.417840104224,4287.086318453147,7.3315216510764,23.517240221396136,68.94999999999982,40.44999999999982,28.5,68.94999999999982,115.83214285714283,197812.15,No Signal
72,2022-10-19T00:00:00+05:30,4295.8,4343.7,4261.2,4272.65,82516,1.921182384891456,4291.0689416266505,4286.016961530692,5.051980095958243,19.824188196308558,82.5,47.899999999999636,34.600000000000364,82.5,111.1535714285714,193508.5,No Signal
73,2022-10-20T00:00:00+05:30,4233.0,4314.2,4206.0,4295.8,163843,1.6088859317804656,4291.796796761012,4286.741631046937,5.055165714074974,16.870383699861843,108.19999999999982,41.55000000000018,66.64999999999964,108.19999999999982,112.08928571428565,188993.9,No Signal
74,2022-10-21T00:00:00+05:30,4328.2,4440.0,4262.0,4275.0,521752,1.3000052959198947,4289.212674182395,4285.871880599016,3.340793583379309,14.164465676565337,178.0,144.19999999999982,33.80000000000018,178.0,112.73214285714279,208353.1,No Signal
75,2022-10-24T00:00:00+05:30,4329.85,4329.85,4269.8,4279.3,30557,1.2886138678516286,4287.687647385103,4285.385074628718,2.302572756385416,11.792087092529353,60.05000000000018,54.850000000000364,5.199999999999818,60.05000000000018,105.16428571428567,199337.05,No Signal
76,2022-10-25T00:00:00+05:30,4288.95,4347.0,4275.25,4324.95,129876,1.1441873988640807,4293.4203170181645,4288.315809841405,5.104507176759398,10.454571109375363,71.75,67.69999999999982,4.050000000000182,71.75,104.21428571428571,190934.95,No Signal
77,2022-10-27T00:00:00+05:30,4352.0,4423.0,4335.1,4409.15,182428,1.1820497397027112,4311.224883630754,4297.266490593894,13.958393036860798,11.155335494872451,87.89999999999964,98.05000000000018,10.150000000000546,98.05000000000018,102.75357142857145,189809.85,No Signal
78,2022-10-28T00:00:00+05:30,4431.45,4450.0,4380.0,4389.15,109686,1.2396391007413188,4323.213363072176,4304.072676475827,19.140686596349042,12.75240571516777,70.0,40.850000000000364,29.149999999999636,70.0,91.875,178086.0,No Signal
79,2022-10-31T00:00:00+05:30,4405.15,4525.0,4392.0,4516.6,244126,1.5640759545306158,4352.965153368765,4319.815441181322,33.149712187442674,16.83186700962275,133.0,135.85000000000036,2.850000000000364,135.85000000000036,94.43214285714286,181866.4,No Signal
80,2022-11-01T00:00:00+05:30,4530.0,4563.7,4494.1,4526.95,211831,1.8533114973408655,4379.732052850493,4335.158741834557,44.57331101593627,22.380155810885455,69.59999999999945,47.099999999999454,22.5,69.59999999999945,95.46785714285708,177736.85,No Signal
81,2022-11-02T00:00:00+05:30,4547.0,4586.9,4527.5,4568.25,167127,2.1720401383066377,4408.734813950417,4352.424760957923,56.31005299249409,29.166135247207183,59.399999999999636,59.94999999999982,0.5500000000001819,59.94999999999982,92.63214285714282,175960.05,No Signal
82,2022-11-03T00:00:00+05:30,4502.0,4588.0,4502.0,4533.65,111994,2.384503803654574,4427.952534881122,4365.848852738818,62.103682142304024,35.75364462622655,86.0,19.75,66.25,86.0,93.06071428571424,174289.8,No Signal
83,2022-11-04T00:00:00+05:30,4552.0,4564.1,4502.0,4514.45,62664,2.498155864575976,4441.259837207103,4376.856345128535,64.40349207856798,41.48361411669484,62.100000000000364,30.450000000000728,31.649999999999636,62.100000000000364,89.3285714285714,168324.9,No Signal
84,2022-11-07T00:00:00+05:30,4530.0,4589.0,4502.3,4528.0,98429,2.620641901081213,4454.60447763678,4388.05217141531,66.55230622146973,46.49735253764982,86.69999999999982,74.55000000000018,12.149999999999636,86.69999999999982,88.40714285714284,156738.65,No Signal
85,2022-11-09T00:00:00+05:30,4550.0,4620.0,4514.0,4539.85,196465,2.655452399787404,4467.719173384968,4399.296455014176,68.4227183707917,50.8824257042782,106.0,92.0,14.0,106.0,91.05357142857143,152487.75,No Signal
86,2022-11-10T00:00:00+05:30,4521.05,4548.0,4462.1,4505.85,81045,2.664659219657407,4473.585454402665,4407.189310198311,66.39614420435373,53.98516940429331,85.89999999999964,8.149999999999636,77.75,85.89999999999964,91.29642857142855,151218.15,No Signal
87,2022-11-11T00:00:00+05:30,4540.0,4648.45,4520.0,4537.5,282563,2.666051874101464,4483.41846141764,4416.841953887325,66.57650753031521,56.5034370294977,128.44999999999982,142.59999999999945,14.149999999999636,142.59999999999945,93.75357142857138,157824.05,No Signal
88,2022-11-14T00:00:00+05:30,4560.2,4603.45,4510.25,4591.45,124028,2.7059450843717476,4500.038698122618,4429.775883229005,70.26281489361372,59.255312602320906,93.19999999999982,65.94999999999982,27.25,93.19999999999982,87.69642857142851,157264.0,No Signal
89,2022-11-15T00:00:00+05:30,4597.0,4664.95,4556.1,4582.8,242983,2.6671471002423845,4512.771206103754,4441.111002989819,71.66020311393459,61.73629070464364,108.84999999999945,73.5,35.349999999999454,108.84999999999945,91.18214285714274,164041.35,No Signal
90,2022-11-16T00:00:00+05:30,4585.0,4606.6,4480.65,4530.55,96724,2.6033825867454907,4515.506405164715,4447.736113879462,67.77029128525282,62.943090820765484,125.95000000000073,23.800000000000182,102.15000000000055,125.95000000000073,95.05357142857136,163236.8,No Signal
91,2022-11-17T00:00:00+05:30,4499.0,4506.2,4376.0,4386.0,190649,2.5841292787914685,4495.582342831682,4443.16306840691,52.419274424772084,60.838327541566805,130.19999999999982,24.350000000000364,154.55000000000018,154.55000000000018,99.08928571428565,166564.3,Sell
92,2022-11-18T00:00:00+05:30,4388.95,4413.05,4250.95,4345.9,299887,2.4894810386081168,4472.554290088346,4435.958396673064,36.59589341528135,55.989840716309715,162.10000000000036,27.050000000000182,135.05000000000018,162.10000000000036,105.6678571428571,177432.85,Sell
93,2022-11-21T00:00:00+05:30,4345.9,4393.6,4305.3,4336.85,84920,2.427577781894566,4451.6767069978305,4428.6170339565415,23.05967304128899,49.403807181305574,88.30000000000018,47.70000000000073,40.599999999999454,88.30000000000018,102.27142857142852,173486.7,Sell
94,2022-11-22T00:00:00+05:30,4356.0,4368.9,4320.3,4347.95,62938,2.290822499621326,4435.718752075088,4422.641698107909,13.077053967178472,42.138456538480156,48.599999999999454,32.04999999999927,16.550000000000182,48.599999999999454,100.77142857142852,150546.0,Sell
95,2022-11-23T00:00:00+05:30,4360.0,4409.95,4321.0,4382.95,98894,2.0954000648373303,4427.600482525074,4419.701572322138,7.89891020293544,35.29054727137122,88.94999999999982,62.0,26.949999999999818,88.94999999999982,102.84285714285708,153962.85,Sell
96,2022-11-24T00:00:00+05:30,4404.85,4404.85,4350.5,4383.8,108298,2.0029323557154757,4420.861946751986,4417.0421965945725,3.819750157413182,28.996387848579612,54.350000000000364,21.900000000000546,32.44999999999982,54.350000000000364,100.58214285714283,152883.95,Sell
97,2022-11-25T00:00:00+05:30,4380.0,4454.2,4353.2,4368.3,144695,2.0561127524822203,4412.7754934055265,4413.431663513493,-0.656170107966318,23.06587625727043,101.0,70.39999999999964,30.600000000000364,101.0,103.36071428571424,150997.3,Sell
98,2022-11-28T00:00:00+05:30,4350.7,4390.1,4316.0,4338.1,139922,2.142234290643982,4401.286955958522,4407.851540290271,-6.564584331748847,17.139784139466574,74.10000000000036,21.800000000000182,52.30000000000018,74.10000000000036,102.46071428571427,152509.1,Sell
99,2022-11-29T00:00:00+05:30,4325.0,4350.75,4272.05,4281.7,105824,2.358843355938715,4382.888962734134,4398.506981750251,-15.618019016116705,10.588223508349918,78.69999999999982,12.649999999999636,66.05000000000018,78.69999999999982,100.51071428571426,145594.0,Sell
100,2022-11-30T00:00:00+05:30,4299.0,4313.4,4207.0,4251.9,259144,2.5704400176557165,4362.73681462119,4387.647205324306,-24.91039070311581,3.488500666056772,106.39999999999964,31.699999999999818,74.69999999999982,106.39999999999964,101.97499999999998,147959.65,Sell
101,2022-12-01T00:00:00+05:30,4273.15,4390.0,4255.0,4385.35,250460,2.4134837836829495,4366.21576621793,4387.47704196695,-21.26127574902057,-1.4614546169586962,135.0,138.10000000000036,3.100000000000364,138.10000000000036,101.65357142857147,152126.3,Sell
102,2022-12-02T00:00:00+05:30,4389.0,4414.9,4360.0,4375.15,112103,2.3741643592682564,4367.590263722864,4386.563927747176,-18.97366402431271,-4.9638964984294995,54.899999999999636,29.549999999999272,25.350000000000364,54.899999999999636,98.91785714285717,152131.75,Sell
103,2022-12-05T00:00:00+05:30,4380.0,4405.0,4344.6,4368.3,68056,2.3449260737008193,4367.6994539193465,4385.2110442103485,-17.511590291001994,-7.473435256943999,60.399999999999636,29.850000000000364,30.549999999999272,60.399999999999636,95.4571428571429,152401.35,No Signal
104,2022-12-06T00:00:00+05:30,4351.8,4367.0,4315.55,4328.6,52589,2.330964974598208,4361.684153316371,4381.0176335281,-19.333480211729693,-9.845444247901138,51.44999999999982,1.300000000000182,52.75,52.75,90.22857142857141,150109.35,No Signal
105,2022-12-07T00:00:00+05:30,4330.0,4348.7,4260.0,4263.7,63101,2.365647506395062,4346.609668190775,4372.3274384519445,-25.71777026116979,-13.01990945055487,88.69999999999982,20.099999999999454,68.60000000000036,88.69999999999982,85.52499999999996,143441.15,No Signal
106,2022-12-08T00:00:00+05:30,4284.9,4285.05,4140.0,4164.25,186759,2.631584688213477,4318.554334622963,4356.914294862911,-38.35996023994812,-18.087919608433523,145.05000000000018,21.350000000000364,123.69999999999982,145.05000000000018,84.30714285714281,148726.85,No Signal
107,2022-12-09T00:00:00+05:30,4200.0,4247.55,4082.65,4103.9,226217,2.8943788152034697,4285.5305908348155,4338.172495243436,-52.641904408620576,-24.998716568470936,164.9000000000001,83.30000000000018,81.59999999999991,164.9000000000001,89.77857142857137,145909.55,No Signal
108,2022-12-12T00:00:00+05:30,4087.0,4090.0,3970.0,3988.85,215425,3.299591321754551,4239.887423014075,4312.296754855033,-72.40933184095866,-34.48083962296848,120.0,13.899999999999636,133.89999999999964,133.89999999999964,95.87142857142852,150479.4,No Signal
109,2022-12-13T00:00:00+05:30,4002.0,4102.85,3989.0,4085.0,197807,3.1199282542920184,4216.058588704217,4295.459958199105,-79.40136949488806,-43.4649455973524,113.85000000000036,114.00000000000045,0.15000000000009095,114.00000000000045,97.66071428571429,148220.6,No Signal
110,2022-12-14T00:00:00+05:30,4105.9,4135.65,4090.0,4121.9,211952,2.942698086850766,4201.572651980491,4282.603664999171,-81.03101301867991,-50.9781590816179,45.649999999999636,50.649999999999636,5.0,50.649999999999636,97.39642857142852,153982.0,No Signal
111,2022-12-15T00:00:00+05:30,4112.95,4149.8,4075.3,4093.5,104954,3.0648024392449504,4184.946090137339,4268.595986110344,-83.64989597300519,-57.51250645989536,74.5,27.900000000000546,46.599999999999454,74.5,95.50357142857138,149697.25,No Signal
112,2022-12-16T00:00:00+05:30,4061.0,4089.3,4007.0,4026.95,100728,3.344286704994024,4160.638999346978,4250.696283435504,-90.0572840885252,-64.02146198562133,82.30000000000018,4.199999999999818,86.5,86.5,96.38928571428563,139739.3,No Signal
113,2022-12-19T00:00:00+05:30,4040.0,4098.6,3985.9,4044.5,137966,3.473203619905167,4142.771460985905,4235.422484662503,-92.65102367659802,-69.74737432381667,112.70000000000027,71.65000000000055,41.04999999999973,112.70000000000027,98.8178571428571,142391.6,Sell
114,2022-12-20T00:00:00+05:30,4030.0,4092.0,3959.95,4053.95,238272,3.5375312734106523,4129.106620834227,4221.980078391206,-92.87345755697879,-74.3725909704491,132.05000000000018,47.5,84.55000000000018,132.05000000000018,100.64999999999999,151158.3,Sell
115,2022-12-21T00:00:00+05:30,4095.0,4157.75,3925.0,3940.75,320352,3.8302695997850544,4100.128679167423,4201.148220732598,-101.01954156517513,-79.70198108939431,232.75,103.80000000000018,128.94999999999982,232.75,107.41071428571425,162231.2,Sell
116,2022-12-22T00:00:00+05:30,3961.5,3991.85,3842.0,3877.0,179556,4.137865976084075,4065.8011900647425,4177.137241419072,-111.33605135432936,-86.02879514238133,149.8499999999999,51.09999999999991,98.75,149.8499999999999,114.19285714285714,165794.1,Sell
117,2022-12-23T00:00:00+05:30,3811.0,3855.65,3710.0,3718.05,168170,4.923869395071876,4012.3010069778593,4143.1307790917335,-130.82977211387424,-94.98899053667992,145.6500000000001,21.34999999999991,167.0,167.0,121.80714285714286,166967.85,Sell
118,2022-12-26T00:00:00+05:30,3736.6,3848.8,3671.7,3817.8,201267,4.985814852360602,3982.3777751351117,4119.032202862716,-136.65442772760434,-103.32207797486481,177.10000000000036,130.75,46.350000000000364,177.10000000000036,130.68928571428575,170035.1,Sell
119,2022-12-27T00:00:00+05:30,3865.0,3955.0,3841.6,3939.4,331728,4.820964437190598,3975.76580972971,4105.726113761774,-129.9603040320644,-108.64972318630474,113.40000000000009,137.19999999999982,23.799999999999727,137.19999999999982,134.15357142857147,181330.3,Sell
120,2022-12-28T00:00:00+05:30,3938.85,3946.95,3890.4,3925.7,124496,4.83890546319685,3968.063377463601,4092.390846075717,-124.32746861211626,-111.78527227146705,56.54999999999973,7.549999999999727,49.0,56.54999999999973,127.83214285714287,174597.9,Sell
121,2022-12-29T00:00:00+05:30,3899.95,3944.55,3882.0,3922.15,125215,4.559458000749457,3960.9997809307392,4079.7804130330715,-118.78063210233222,-113.18434423764009,62.55000000000018,18.850000000000364,43.69999999999982,62.55000000000018,120.52142857142859,168335.65,Sell
122,2022-12-30T00:00:00+05:30,3944.0,3970.0,3880.0,3904.6,109316,4.234713882847712,3952.3228915567793,4066.804086141733,-114.48119458495376,-113.44371430710284,90.0,47.84999999999991,42.15000000000009,90.0,117.38571428571433,168196.3,Sell
123,2023-01-02T00:00:00+05:30,3927.0,3960.0,3889.55,3897.3,90036,3.795412774871134,3943.8578313172748,4054.2482279090123,-110.3903965917375,-112.83305076402978,70.44999999999982,55.40000000000009,15.049999999999727,70.44999999999982,114.27499999999999,169295.3,Buy
124,2023-01-03T00:00:00+05:30,3894.0,3929.0,3876.0,3922.15,87251,3.2797232391047495,3940.518164960771,4044.4631739898264,-103.9450090290552,-111.05544241703487,53.0,31.699999999999818,21.300000000000182,53.0,114.44285714285716,171028.4,Buy
125,2023-01-04T00:00:00+05:30,3918.0,3938.4,3855.6,3864.05,122473,2.9556015555508495,3928.7538318898833,4031.099235175765,-102.34540328588173,-109.31343459080425,82.80000000000018,16.25,66.55000000000018,82.80000000000018,115.03571428571432,173997.0,Buy
126,2023-01-05T00:00:00+05:30,3877.0,3897.8,3791.1,3838.6,95221,2.818688093641476,3914.884011599132,4016.8400325701527,-101.95602097102073,-107.84195186684755,106.70000000000027,33.75,72.95000000000027,106.70000000000027,116.47857142857148,169420.1,Buy
127,2023-01-06T00:00:00+05:30,3830.0,3843.55,3785.05,3817.45,90644,2.784476507436686,3899.8941636608038,4002.070400527919,-102.17623686711522,-106.7088088669011,58.5,4.950000000000273,53.54999999999973,58.5,112.60714285714289,162641.45,Buy
128,2023-01-09T00:00:00+05:30,3836.55,3853.0,3765.0,3774.05,145564,2.9625282063937983,3880.5335230976034,3985.1800004888137,-104.64647739121028,-106.29634257176293,88.0,35.55000000000018,52.44999999999982,88.0,109.4607142857143,159148.4,No Signal
129,2023-01-10T00:00:00+05:30,3792.9,3808.0,3705.5,3731.15,121358,3.0511006425440255,3857.551442621049,3966.362963415568,-108.81152079451931,-106.79937821631421,102.5,33.94999999999982,68.55000000000018,102.5,100.15714285714287,155325.95,No Signal
130,2023-01-11T00:00:00+05:30,3748.0,3758.5,3697.6,3705.3,92859,3.00689451832835,3834.128143756272,3947.024966125526,-112.8968223692541,-108.01886704690219,60.90000000000009,27.34999999999991,33.55000000000018,60.90000000000009,93.80357142857146,149371.3,No Signal
131,2023-01-12T00:00:00+05:30,3720.0,3722.65,3634.35,3651.05,169937,3.0935540215029684,3805.9622754860766,3925.1008945606723,-119.13861907459568,-110.24281745244089,88.30000000000018,17.34999999999991,70.95000000000027,88.30000000000018,88.1821428571429,152620.45,No Signal
132,2023-01-13T00:00:00+05:30,3659.95,3671.0,3603.05,3626.55,134883,3.2741571999410857,3778.360386949757,3902.9860134821038,-124.62562653234681,-113.11937926842208,67.94999999999982,19.949999999999818,48.0,67.94999999999982,80.38571428571429,154328.2,No Signal
133,2023-01-16T00:00:00+05:30,3644.7,3658.0,3541.0,3547.65,145572,3.587172141456178,3742.866481265179,3876.6648272982443,-133.79834603306517,-117.25517262135071,117.0,31.449999999999818,85.55000000000018,117.0,78.94285714285716,154708.5,No Signal
134,2023-01-17T00:00:00+05:30,3547.65,3582.9,3512.5,3564.05,131767,3.5847788546781834,3715.3562533782283,3853.5081734243004,-138.15192004607206,-121.43452210629499,70.40000000000009,35.25,35.15000000000009,70.40000000000009,79.9321428571429,149383.25,No Signal
135,2023-01-18T00:00:00+05:30,3581.85,3588.8,3505.0,3516.75,203661,3.9191755318235404,3684.801445166193,3828.5631235410187,-143.7616783748258,-125.89995336000116,83.80000000000018,24.75,59.05000000000018,83.80000000000018,81.45000000000005,143548.7,No Signal
136,2023-01-19T00:00:00+05:30,3500.0,3557.05,3451.1,3545.25,204072,4.091784831327703,3663.331992063702,3807.576966241684,-144.24497417798239,-129.56895752359742,105.95000000000027,40.30000000000018,65.65000000000009,105.95000000000027,82.58928571428578,144774.5,No Signal
137,2023-01-20T00:00:00+05:30,3545.0,3574.25,3498.1,3516.0,134510,4.406847436283057,3640.665531746209,3785.978672446004,-145.31314069979499,-132.71779415883694,76.15000000000009,29.0,47.15000000000009,76.15000000000009,82.99642857142865,143091.5,No Signal
138,2023-01-23T00:00:00+05:30,3533.6,3533.6,3425.0,3495.05,197301,4.697817198061662,3618.2631422467925,3764.4284004129668,-146.16525816617423,-135.4072869603044,108.59999999999991,17.59999999999991,91.0,108.59999999999991,86.96785714285723,142893.2,No Signal
139,2023-01-24T00:00:00+05:30,3495.05,3568.95,3460.0,3477.0,250604,4.787624821321841,3596.530351131901,3743.137407789784,-146.60705665788282,-137.64724089982008,108.94999999999982,73.89999999999964,35.05000000000018,108.94999999999982,88.83571428571433,138837.0,No Signal
140,2023-01-25T00:00:00+05:30,3477.0,3483.95,3355.0,3363.8,228522,5.222633612541288,3560.725681726993,3715.038340546096,-154.31265881910304,-140.98032448367667,128.94999999999982,6.949999999999818,122.0,128.94999999999982,90.42500000000003,144038.3,No Signal
141,2023-01-27T00:00:00+05:30,3135.0,3189.95,2631.0,2721.8,4960069,9.914046456238838,3431.6601922305326,3641.465130135274,-209.80493790474156,-154.74524716788966,558.9499999999998,173.85000000000036,732.8000000000002,732.8000000000002,138.58928571428575,385781.0,Sell
142,2023-01-30T00:00:00+05:30,2740.0,2745.85,2553.0,2679.8,1388999,12.46838384907128,3315.9893934258353,3570.2306760511797,-254.2412826253444,-174.6444542593806,192.8499999999999,24.049999999999727,168.80000000000018,192.8499999999999,146.07857142857145,449765.15,Sell
143,2023-01-31T00:00:00+05:30,2694.0,2799.95,2635.0,2681.55,1126760,14.088671115800578,3218.383332898784,3504.4024778251664,-286.0191449263825,-196.919392392781,164.94999999999982,120.14999999999964,44.80000000000018,164.94999999999982,150.53928571428574,501601.35,Sell
144,2023-02-01T00:00:00+05:30,2724.0,2860.0,2716.05,2806.6,1641717,14.055203934041332,3155.0320509143558,3452.7134053936725,-297.6813544793167,-217.07178481008816,143.94999999999982,178.44999999999982,34.5,178.44999999999982,158.93571428571428,579324.65,Sell
145,2023-02-02T00:00:00+05:30,2800.0,2859.8,2741.15,2765.55,610067,14.804290984252749,3095.1117353890704,3401.8124124015485,-306.7006770124781,-234.99756325056615,118.65000000000009,53.20000000000027,65.44999999999982,118.65000000000009,161.10357142857143,603704.35,Sell
146,2023-02-03T00:00:00+05:30,2770.95,2833.85,2668.05,2755.45,413917,15.194076159664307,3042.8560837907517,3353.933715186619,-311.07763139586723,-250.21357687962637,165.79999999999973,68.29999999999973,97.5,165.79999999999973,168.09285714285713,619639.15,Sell
147,2023-02-06T00:00:00+05:30,2759.8,2815.0,2742.15,2783.55,227941,15.09078068543066,3002.962840130636,3311.6830696172397,-308.7202294866038,-261.9149074010219,72.84999999999991,59.55000000000018,13.299999999999727,72.84999999999991,164.9392857142857,626504.0,Sell
148,2023-02-07T00:00:00+05:30,2797.5,2797.5,2691.1,2706.75,567714,15.60918275111498,2957.3916339566917,3266.873212608555,-309.4815786518634,-271.4282416511902,106.40000000000009,13.949999999999818,92.45000000000027,106.40000000000009,167.51071428571427,647611.5,Sell
149,2023-02-08T00:00:00+05:30,2737.05,2737.05,2675.4,2703.95,342203,15.572266051663563,2918.4006133479697,3225.175196859773,-306.7745835118035,-278.4975100233129,61.65000000000009,30.300000000000182,31.34999999999991,61.65000000000009,165.9285714285714,658653.75,Sell
150,2023-02-09T00:00:00+05:30,2700.0,2734.35,2641.05,2690.45,394355,15.448368549048027,2883.331288217513,3185.5659230183087,-302.2346348007959,-283.2449349788095,93.29999999999973,30.40000000000009,62.899999999999636,93.29999999999973,165.02499999999992,673728.55,Sell
151,2023-02-10T00:00:00+05:30,2699.95,2745.0,2661.6,2704.55,306637,15.047484358985102,2855.826474645588,3149.9351139058413,-294.1086392602533,-285.4176758350983,83.40000000000009,54.55000000000018,28.84999999999991,83.40000000000009,165.54285714285706,680563.55,Sell
152,2023-02-13T00:00:00+05:30,2717.0,2728.65,2622.05,2665.5,315713,14.854585274346357,2826.5454785462666,3114.0510313942973,-287.5055528480307,-285.8352512376848,106.59999999999991,24.09999999999991,82.5,106.59999999999991,165.39999999999992,689605.05,Sell
153,2023-02-14T00:00:00+05:30,2674.0,2710.0,2631.2,2688.3,336631,14.275883171118497,2805.2769433853027,3082.5139179576827,-277.23697457237995,-284.11559590462383,78.80000000000018,44.5,34.30000000000018,78.80000000000018,163.24642857142854,699158.0,Buy
154,2023-02-15T00:00:00+05:30,2685.0,2718.5,2651.2,2701.55,226606,13.474331529872366,2789.318952095256,3054.294368479336,-264.97541638407984,-280.28756000051504,67.30000000000018,30.199999999999818,37.100000000000364,67.30000000000018,158.84285714285713,703899.95,Buy
155,2023-02-16T00:00:00+05:30,2715.1,2770.0,2690.0,2726.25,598235,12.517878907404215,2779.6160363882937,3029.9947856290146,-250.37874924072094,-274.3057978485562,80.0,68.44999999999982,11.550000000000182,80.0,112.21428571428568,723628.65,No Signal
156,2023-02-17T00:00:00+05:30,2720.0,2759.7,2696.0,2736.3,243108,11.264166027879016,2772.952030790095,3008.2396163231615,-235.2875855330667,-266.5021553854583,63.69999999999982,33.44999999999982,30.25,63.69999999999982,102.98928571428567,725580.45,No Signal
157,2023-02-20T00:00:00+05:30,2732.35,2750.05,2695.0,2705.65,193404,9.95862899966303,2762.5978722070035,2985.825570669594,-223.22769846259052,-257.84726400088476,55.05000000000018,13.75,41.30000000000018,55.05000000000018,95.1392857142857,728525.15,No Signal
158,2023-02-21T00:00:00+05:30,2712.0,2735.3,2695.0,2722.6,191374,8.063320243744135,2756.444353405926,2966.327380249624,-209.8830268436982,-248.25441656944747,40.30000000000018,29.65000000000009,10.650000000000091,40.30000000000018,85.27142857142859,728228.8,No Signal
159,2023-02-22T00:00:00+05:30,2711.0,2722.6,2636.2,2644.2,270867,5.684163080991906,2739.1759913434757,2942.4660928237263,-203.29010148025054,-239.2615535516081,86.40000000000009,0.0,86.40000000000009,86.40000000000009,82.96785714285716,729241.95,No Signal
160,2023-02-23T00:00:00+05:30,2644.0,2706.0,2581.2,2688.15,436346,1.4872128534761422,2731.3258388290947,2923.6278637256723,-192.30202489657768,-229.86964782060204,124.80000000000018,61.80000000000018,63.0,124.80000000000018,80.03928571428575,739633.15,No Signal
161,2023-02-24T00:00:00+05:30,2705.0,2809.4,2684.05,2796.95,539202,1.5759645391177635,2741.4218636246187,2914.2443182645115,-172.82245463989284,-218.4602091844602,125.34999999999991,121.25,4.099999999999909,125.34999999999991,83.78928571428575,518589.8,No Signal
162,2023-02-27T00:00:00+05:30,2800.0,2800.05,2705.95,2778.85,300700,1.6247731103580916,2747.1800384516005,2904.2151095041772,-157.03507105257677,-206.17518155808352,94.10000000000036,3.100000000000364,91.0,94.10000000000036,82.91071428571435,464174.85,No Signal
163,2023-02-28T00:00:00+05:30,2779.0,2904.0,2760.2,2890.65,708324,1.9934123995808055,2769.2523402282773,2903.210286577942,-133.95794634966478,-191.7317345163998,143.80000000000018,125.15000000000009,18.65000000000009,143.80000000000018,88.7785714285715,443253.05,No Signal
164,2023-03-01T00:00:00+05:30,2892.0,2994.25,2879.9,2929.9,734196,2.4217492620780203,2793.9673648085422,2905.1873023869834,-111.2199375784412,-175.62937512880808,114.34999999999991,103.59999999999991,10.75,114.34999999999991,90.28214285714294,397877.0,No Signal
165,2023-03-02T00:00:00+05:30,2924.85,2989.8,2919.3,2949.55,505745,2.8841241078378896,2817.903154837997,2908.4734281360957,-90.57027329809853,-158.61755476266617,70.5,59.90000000000009,10.599999999999909,70.5,89.36071428571437,392660.9,No Signal
166,2023-03-03T00:00:00+05:30,2969.25,2993.75,2935.0,2977.85,286600,3.3368240425309037,2842.5103617859977,2913.612433459348,-71.10207167335011,-141.11445814480297,58.75,44.19999999999982,14.550000000000182,58.75,85.94285714285722,386295.05,No Signal
167,2023-03-06T00:00:00+05:30,2995.0,3052.8,2971.0,2980.6,275488,3.722760176508998,2863.754921511229,2918.574475425322,-54.81955391409292,-123.85547729866097,81.80000000000018,74.95000000000027,6.849999999999909,81.80000000000018,86.15714285714294,388672.4,No Signal
168,2023-03-08T00:00:00+05:30,2975.0,2980.05,2907.85,2917.15,166194,3.9291437161115867,2871.96954897104,2918.46895872715,-46.49940975611025,-108.38426379015084,72.20000000000027,0.5499999999997272,72.75,72.75,86.54642857142865,368596.4,No Signal
169,2023-03-09T00:00:00+05:30,2919.15,2937.8,2816.0,2821.65,252164,4.023462620334429,2864.228079898572,2911.2971840066202,-47.06910410804812,-96.12123185373031,121.80000000000018,20.65000000000009,101.15000000000009,121.80000000000018,89.53214285714294,364094.45,No Signal
170,2023-03-10T00:00:00+05:30,2822.0,2895.0,2790.45,2886.9,478653,3.9259921263030537,2867.716067606484,2909.489985191315,-41.773917584831,-85.25176899995044,104.55000000000018,73.34999999999991,31.200000000000273,104.55000000000018,92.45000000000012,368309.35,No Signal
171,2023-03-13T00:00:00+05:30,2880.0,2934.0,2826.0,2885.65,483555,3.9128526173222946,2870.4751341285637,2907.7240603623286,-37.248926233764905,-75.65120044671333,108.0,47.09999999999991,60.90000000000009,108.0,96.23214285714296,377155.25,No Signal
172,2023-03-14T00:00:00+05:30,2900.45,2900.45,2811.25,2853.0,221529,3.8009047471282877,2867.7866519549384,2903.6704262614153,-35.88377430647688,-67.69771521866605,89.19999999999982,14.799999999999727,74.40000000000009,89.19999999999982,99.72500000000007,372446.05,Buy
173,2023-03-15T00:00:00+05:30,2875.0,2878.25,2807.0,2828.25,222395,3.688977649775518,2861.704090115717,2898.083728019829,-36.37963790411186,-61.43409975575521,71.25,25.25,46.0,71.25,98.64285714285721,366734.25,Buy
174,2023-03-16T00:00:00+05:30,2842.4,2900.0,2830.8,2868.05,231086,3.517347397908963,2862.680383944068,2895.8590074257677,-33.17862348169956,-55.78300450094409,69.19999999999982,71.75,2.550000000000182,71.75,94.85357142857148,366958.25,Buy
175,2023-03-17T00:00:00+05:30,2882.4,2907.65,2852.25,2886.8,158129,3.4155682184420333,2866.391094106519,2895.187969838674,-28.796875732154604,-50.385778747186194,55.40000000000009,39.59999999999991,15.800000000000182,55.40000000000009,89.85714285714292,344952.95,No Signal
176,2023-03-20T00:00:00+05:30,2835.9,2934.1,2835.9,2912.75,199518,3.328657512812189,2873.523233474747,2896.488860961735,-22.96562748698807,-44.90174849514657,98.19999999999982,47.29999999999973,50.90000000000009,98.19999999999982,90.15000000000002,342773.45,Buy
177,2023-03-21T00:00:00+05:30,2912.1,2948.05,2895.0,2900.05,182131,3.162722817291366,2877.6042744786323,2896.7526490386435,-19.148374560011234,-39.751073708119506,53.05000000000018,35.30000000000018,17.75,53.05000000000018,83.66785714285717,342209.8,No Signal
178,2023-03-22T00:00:00+05:30,2900.05,2924.5,2865.05,2886.4,425943,2.9912444274882777,2878.957463020381,2895.985786146892,-17.028323126511168,-35.20652359179784,59.44999999999982,24.449999999999818,35.0,59.44999999999982,79.7464285714286,353938.25,No Signal
179,2023-03-23T00:00:00+05:30,2891.0,2913.35,2852.05,2898.8,167634,2.3901241857354014,2882.0101610172455,2896.1942464323074,-14.184085415061872,-31.002035956450648,61.29999999999973,26.949999999999818,34.34999999999991,61.29999999999973,79.08928571428571,348776.6,No Signal
180,2023-03-24T00:00:00+05:30,2900.0,2908.8,2844.0,2881.4,188652,1.8456450633304742,2881.9162900915153,2895.0983763262107,-13.182086234695362,-27.43804601209959,64.80000000000018,10.0,54.80000000000018,64.80000000000018,79.52142857142859,336391.9,No Signal
181,2023-03-27T00:00:00+05:30,2881.45,2894.45,2788.15,2804.6,201376,1.8728322458030355,2870.021476231282,2888.3947928946395,-18.3733166633574,-25.625100142351155,106.29999999999973,13.049999999999727,93.25,106.29999999999973,81.27142857142856,319500.6,No Signal
182,2023-03-28T00:00:00+05:30,2804.65,2835.15,2754.05,2822.75,294440,1.719472318844419,2862.7489414264696,2883.532215643185,-20.7832742167152,-24.656734957223964,81.09999999999991,30.550000000000182,50.54999999999973,81.09999999999991,81.86785714285712,319187.6,No Signal
183,2023-03-29T00:00:00+05:30,2821.0,2858.0,2760.1,2793.55,412375,1.8981538965965359,2852.102950437782,2876.8668663362823,-24.763915898500272,-24.678171145479226,97.90000000000009,35.25,62.65000000000009,97.90000000000009,80.16071428571425,304390.15,No Signal
184,2023-03-31T00:00:00+05:30,2818.1,2873.95,2794.5,2858.0,199208,1.8264962395082538,2853.0101888319696,2875.469320681743,-22.459131849773257,-24.234363286338034,79.44999999999982,80.39999999999964,0.9499999999998181,80.39999999999964,78.43571428571421,277640.75,No Signal
185,2023-04-03T00:00:00+05:30,2879.95,2917.5,2859.0,2893.0,170318,1.7196304164866425,2859.162467473205,2876.767889520132,-17.605422046926833,-22.908575038455794,58.5,59.5,1.0,59.5,74.9714285714285,260869.4,No Signal
186,2023-04-05T00:00:00+05:30,2902.0,2945.0,2893.0,2929.15,140802,1.5573637011838484,2869.9297801696353,2880.648045851974,-10.718265682338824,-20.4705131672324,52.0,52.0,0.0,52.0,72.31428571428566,253579.5,No Signal
187,2023-04-06T00:00:00+05:30,2929.9,2957.85,2872.85,2887.45,313997,1.3339345259048478,2872.625198605076,2881.1518943073834,-8.52669570230728,-18.081749674247376,85.0,28.699999999999818,56.30000000000018,85.0,73.2964285714285,255504.95,No Signal
188,2023-04-10T00:00:00+05:30,2885.2,2990.0,2870.05,2977.05,321715,1.4853560261670924,2888.690552665834,2888.2554576920215,0.43509497381228357,-14.378380744635445,119.94999999999982,102.55000000000018,17.399999999999636,119.94999999999982,76.73928571428564,263281.0,No Signal
189,2023-04-11T00:00:00+05:30,2979.05,3001.9,2911.75,2968.6,483221,1.5903914528643155,2900.984313794167,2894.2069052703905,6.777408523776558,-10.147222890953046,90.15000000000009,24.84999999999991,65.30000000000018,90.15000000000009,79.2214285714285,274833.85,No Signal
190,2023-04-12T00:00:00+05:30,2979.6,2989.1,2896.35,2926.4,804300,1.6498565230348847,2904.894419364295,2896.5915789540654,8.302840410229692,-6.457210230716498,92.75,20.5,72.25,92.75,78.8321428571428,291116.2,No Signal
191,2023-04-13T00:00:00+05:30,2926.4,3034.6,2918.85,2982.55,465269,1.7826044443206135,2916.8414317697884,2902.9588694019126,13.882562367875835,-2.389255710998032,115.75,108.19999999999982,7.550000000000182,115.75,83.31071428571421,290201.9,Buy
192,2023-04-17T00:00:00+05:30,2974.5,2982.55,2931.0,2966.8,163971,1.8632736835398578,2924.527365343667,2907.687842038808,16.839523304859085,1.4565000921733915,51.55000000000018,0.0,51.55000000000018,51.55000000000018,82.74642857142852,287324.0,Buy
193,2023-04-18T00:00:00+05:30,2965.95,3050.0,2944.25,2976.9,296239,1.8816934952637472,2932.584693752334,2912.8146685544516,19.770025197882205,5.119205113315155,105.75,83.19999999999982,22.550000000000182,105.75,85.92142857142855,291016.2,Buy
194,2023-04-19T00:00:00+05:30,2979.9,3110.0,2972.1,3010.4,686548,2.0086608762838845,2944.5562793288977,2920.0432116244924,24.51306770440533,8.99797763153319,137.9000000000001,133.0999999999999,4.800000000000182,137.9000000000001,91.14285714285711,313789.3,Buy
195,2023-04-20T00:00:00+05:30,2982.55,3029.4,2982.55,2987.55,347672,2.1003294071737684,2951.1706978936827,2925.0437144671228,26.126983426559946,12.423778790538542,46.84999999999991,19.0,27.84999999999991,46.84999999999991,86.89642857142856,323266.45,Buy
196,2023-04-21T00:00:00+05:30,2990.0,3004.8,2920.0,2930.4,191383,2.1452915794747165,2947.975205910039,2925.440476358447,22.534729551592136,14.445968942749262,84.80000000000018,17.25,67.55000000000018,84.80000000000018,87.16071428571429,322859.7,Buy
197,2023-04-24T00:00:00+05:30,2935.0,2937.55,2880.0,2893.8,261093,2.175497982884979,2939.640558846956,2923.0967373689323,16.5438214780238,14.86553944980417,57.55000000000018,7.150000000000091,50.40000000000009,57.55000000000018,84.27857142857144,326807.8,Buy
198,2023-04-25T00:00:00+05:30,2895.05,2897.95,2848.4,2862.6,219286,2.2259342244695057,2927.7881651781936,2918.615497563826,9.172667614367583,13.726965082716854,49.54999999999973,4.149999999999636,45.40000000000009,49.54999999999973,82.07500000000002,316474.95,Sell
199,2023-04-26T00:00:00+05:30,2862.0,2877.3,2820.0,2832.6,190726,2.3351937429345773,2913.143832073856,2912.2439792257646,0.8998528480915411,11.161542635791792,57.30000000000018,14.700000000000273,42.59999999999991,57.30000000000018,81.91785714285717,317629.55,Sell
200,2023-04-27T00:00:00+05:30,2832.6,2894.0,2821.0,2878.7,274260,2.299972688117897,2907.8447809855707,2909.759240023856,-1.9144590382852584,8.546342300976383,73.0,61.40000000000009,11.599999999999909,73.0,83.41785714285717,321909.95,Sell
201,2023-04-28T00:00:00+05:30,2885.0,2924.0,2878.5,2915.3,183987,2.108430852200922,2908.9917377570214,2910.1696666887556,-1.1779289317341863,6.601488054434269,45.5,45.30000000000018,0.1999999999998181,45.5,80.5964285714286,321040.5,No Signal
202,2023-05-02T00:00:00+05:30,2929.0,2948.8,2900.0,2909.1,178211,1.9793032181562402,2909.0083934867102,2910.0904321192183,-1.0820386325081017,5.064782717045795,48.80000000000018,33.5,15.300000000000182,48.80000000000018,75.51428571428576,315229.05,No Signal
203,2023-05-03T00:00:00+05:30,2911.0,2928.1,2882.7,2908.25,161426,1.7049754813251314,2908.891717565678,2909.954103814091,-1.0623862484130768,3.839348923954021,45.40000000000009,19.0,26.40000000000009,45.40000000000009,72.31785714285719,302681.6,No Signal
204,2023-05-04T00:00:00+05:30,2909.0,2943.75,2891.75,2898.0,152250,1.6395875765433932,2907.2160687094197,2909.068614642677,-1.852545933257261,2.7009699525117647,52.0,35.5,16.5,52.0,69.40714285714292,300333.7,No Signal
205,2023-05-05T00:00:00+05:30,2899.0,2952.75,2882.05,2890.55,193023,1.6470861535891317,2904.65205813874,2907.696865409886,-3.0448072711460554,1.5518145077802008,70.69999999999982,54.75,15.949999999999818,70.69999999999982,66.18928571428576,301468.95,No Signal
206,2023-05-08T00:00:00+05:30,2890.55,2926.35,2886.85,2903.1,187009,1.649689265420844,2904.413279963549,2907.3563568610057,-2.943076897456649,0.6528362267328309,39.5,35.79999999999973,3.700000000000273,39.5,65.32857142857145,303779.3,No Signal
207,2023-05-09T00:00:00+05:30,2903.1,2928.2,2894.25,2898.95,134009,1.6378684082953103,2903.572775353772,2906.73366376019,-3.160888406418053,-0.10990869989734586,33.94999999999982,25.09999999999991,8.849999999999909,33.94999999999982,60.20000000000001,294779.9,No Signal
208,2023-05-10T00:00:00+05:30,2898.0,2929.3,2881.0,2892.25,101322,1.6058798454344376,2901.8308099147303,2905.660799777954,-3.8299898632235454,-0.8539249325625858,48.30000000000018,30.350000000000364,17.949999999999818,48.30000000000018,53.80000000000002,283760.25,No Signal
209,2023-05-11T00:00:00+05:30,2907.5,2927.9,2900.0,2911.7,126352,1.5503852138081642,2903.3491468509255,2906.1081479425497,-2.7590010916242136,-1.2349401643749114,27.90000000000009,35.65000000000009,7.75,35.65000000000009,53.000000000000036,265916.8,No Signal
210,2023-05-12T00:00:00+05:30,2911.0,2970.0,2842.85,2867.55,375044,1.6222143565592575,2897.841585796937,2903.251988835694,-5.410403038757067,-2.0700327392513427,127.15000000000009,58.30000000000018,68.84999999999991,127.15000000000009,56.02500000000003,244454.0,No Signal
211,2023-05-15T00:00:00+05:30,2886.85,2949.0,2858.05,2937.85,248883,1.5030922808621763,2903.9967264435622,2905.814804477495,-1.8180780339325793,-2.0196417981875903,90.94999999999982,81.44999999999982,9.5,90.94999999999982,58.410714285714285,233634.7,No Signal
212,2023-05-16T00:00:00+05:30,2958.55,2965.0,2905.5,2912.55,160225,1.4540167039855312,2905.312614683014,2906.3137078495324,-1.0010931665183307,-1.8159320718537384,59.5,27.15000000000009,32.34999999999991,59.5,59.12142857142859,233447.4,No Signal
213,2023-05-17T00:00:00+05:30,2950.0,3019.05,2916.05,2961.1,992390,1.3908487344614326,2913.8952893471655,2910.37195171253,3.5233376346354817,-0.7480781305558944,103.0,106.5,3.5,106.5,62.63571428571429,268254.95,No Signal
214,2023-05-18T00:00:00+05:30,2989.1,3040.0,2966.05,2983.7,912471,1.2762065830636231,2924.634475601448,2915.8036589930834,8.83081660836433,1.1677008172281504,73.94999999999982,78.90000000000009,4.950000000000273,78.90000000000009,63.05714285714287,279551.1,No Signal
215,2023-05-19T00:00:00+05:30,3005.3,3043.0,2992.0,3035.35,467483,1.4587391274944916,2941.667633201225,2924.658943512114,17.008689689110724,4.335898591604665,51.0,59.30000000000018,8.300000000000182,59.30000000000018,64.04285714285717,285541.65,No Signal
216,2023-05-22T00:00:00+05:30,3042.7,3273.2,3041.05,3231.55,1559023,2.608323807613167,2986.2649204010363,2947.3916143630686,38.87330603796772,11.243380080877277,232.14999999999964,237.8499999999999,5.700000000000273,237.8499999999999,77.54642857142858,353923.65,Buy
217,2023-05-23T00:00:00+05:30,3267.4,3305.0,3165.1,3275.65,929896,3.493021029878481,3030.7857018778,2971.7070503361747,59.07865154162528,20.81043437302688,139.9000000000001,73.44999999999982,66.45000000000027,139.9000000000001,84.29642857142858,387363.8,Buy
218,2023-05-24T00:00:00+05:30,3330.0,3583.0,3260.0,3514.3,3665876,4.81664509794873,3105.172516973523,3011.899120681643,93.27339629188009,35.30302675679752,323.0,307.3499999999999,15.650000000000091,323.0,103.65357142857144,559693.3,Buy
219,2023-05-25T00:00:00+05:30,3509.65,3627.75,3476.9,3597.85,1304189,5.976015443118281,3180.96905282375,3055.30288952004,125.66616330371016,53.375654066180054,150.8499999999999,113.44999999999982,37.40000000000009,150.8499999999999,109.37857142857145,615366.45,Buy
220,2023-05-26T00:00:00+05:30,3609.95,3684.25,3570.05,3661.2,783753,6.991432195623132,3254.850737004712,3100.184156963,154.66658004171177,73.6338392612864,114.19999999999982,86.40000000000009,27.799999999999727,114.19999999999982,114.71428571428571,640841.1,Buy
221,2023-05-29T00:00:00+05:30,3675.1,3739.5,3671.55,3717.0,556771,7.882428095021619,3325.9506236193715,3145.874219410185,180.07640420918642,94.92235225086641,67.94999999999982,78.30000000000018,10.350000000000364,78.30000000000018,117.88214285714288,659480.3,Buy
222,2023-05-30T00:00:00+05:30,3715.5,3726.9,3652.4,3682.3,332863,8.61238745059377,3380.773604601007,3185.609462416838,195.16414218416867,114.97071023752687,74.5,9.900000000000091,64.59999999999991,74.5,119.75357142857145,667212.9,Buy
223,2023-05-31T00:00:00+05:30,3705.75,3900.0,3695.15,3878.75,1643397,9.10059531497295,3457.3853577393133,3236.953205941517,220.43215179779645,136.0629985495808,204.8499999999999,217.69999999999982,12.849999999999909,217.69999999999982,132.75714285714284,741311.45,Buy
224,2023-06-01T00:00:00+05:30,3893.05,4025.0,3855.15,3909.5,1483536,9.755512296757278,3526.9414565486495,3286.771486982886,240.1699695657635,156.88439275281735,169.8499999999999,146.25,23.59999999999991,169.8499999999999,135.80714285714285,807875.75,Buy
225,2023-06-02T00:00:00+05:30,3930.0,3989.0,3902.3,3966.15,962382,10.22672735934638,3594.5120016950113,3337.09582128045,257.4161804145615,176.99075028516617,86.69999999999982,79.5,7.199999999999818,86.69999999999982,135.5035714285714,846343.7,Buy
226,2023-06-05T00:00:00+05:30,3992.95,4010.0,3965.0,3980.5,493727,10.629742563612092,3653.8947706650097,3384.7553900744906,269.13938059051907,195.42047634623677,45.0,43.84999999999991,1.150000000000091,45.0,134.46785714285713,861679.6,Buy
227,2023-06-06T00:00:00+05:30,3988.0,4008.85,3845.55,3862.6,610250,11.003419777052029,3686.0032674857775,3420.15128710601,265.8519803797676,209.50677715294296,163.29999999999973,28.34999999999991,134.94999999999982,163.29999999999973,138.52499999999995,885491.65,Buy
228,2023-06-07T00:00:00+05:30,3879.35,3942.65,3875.1,3922.55,344115,10.811389941596355,3722.3950724879655,3457.366006579639,265.02906590832663,220.6112349040197,67.55000000000018,80.05000000000018,12.5,80.05000000000018,138.60714285714283,897631.3,Buy
229,2023-06-08T00:00:00+05:30,3943.05,4094.2,3925.15,4067.4,1208269,10.497264208948616,3775.472753643663,3502.553709795962,272.91904384770123,231.07279669275601,169.04999999999973,171.64999999999964,2.599999999999909,171.64999999999964,146.63214285714278,951727.15,Buy
230,2023-06-09T00:00:00+05:30,4080.0,4132.0,4056.25,4074.4,604080,10.267261310421473,3821.461560775407,3544.9126942555204,276.5488665198868,240.1680106581822,75.75,64.59999999999991,11.150000000000091,75.75,135.05357142857136,963178.95,Buy
231,2023-06-12T00:00:00+05:30,4040.0,4200.0,3965.0,4185.05,979767,9.888962824269242,3877.398243733037,3592.330272458815,285.0679712742217,249.14800278139012,235.0,125.59999999999991,109.40000000000009,235.0,141.8464285714285,999723.15,Buy
232,2023-06-13T00:00:00+05:30,4207.85,4385.0,4189.0,4315.9,1654501,9.414581201376553,3944.860052389493,3645.9280300544583,298.9320223350346,259.10480669211904,196.0,199.94999999999982,3.949999999999818,199.94999999999982,133.05714285714276,1074436.95,Buy
233,2023-06-14T00:00:00+05:30,4340.0,4420.7,4321.05,4373.1,845916,9.03985263322058,4010.743121252648,3699.7926204207947,310.95050083185333,269.4739455200659,99.64999999999964,104.80000000000018,5.150000000000546,104.80000000000018,129.76785714285708,1067113.25,Buy
234,2023-06-15T00:00:00+05:30,4373.5,4650.0,4335.1,4577.0,1116649,8.53821345228708,4097.859564136856,3764.7709448340693,333.08861930278636,282.19688027661005,314.89999999999964,276.89999999999964,38.0,314.89999999999964,144.10357142857134,1077322.15,Buy
235,2023-06-16T00:00:00+05:30,4584.95,4607.05,4461.1,4535.0,985471,8.189261352998406,4165.111938885032,3821.8249489204345,343.2869899645975,294.4149022142076,145.94999999999982,30.050000000000182,115.89999999999964,145.94999999999982,148.93571428571417,1103221.55,Buy
236,2023-06-19T00:00:00+05:30,4560.0,4722.35,4541.5,4649.95,1024350,7.9386988223033415,4239.702409825796,3883.167545296699,356.5348645290974,306.8388946771856,180.85000000000036,187.35000000000036,6.5,187.35000000000036,156.99642857142848,1076487.9,Buy
237,2023-06-20T00:00:00+05:30,4682.0,4730.0,4482.65,4540.05,1023188,7.677190848270153,4285.909731391059,3931.825504904351,354.08422648670785,316.28796103909,247.35000000000036,80.05000000000018,167.30000000000018,247.35000000000036,159.11428571428567,1081152.5,Buy
238,2023-06-21T00:00:00+05:30,4580.0,4634.4,4551.65,4590.0,496447,7.503685397470516,4332.692849638588,3980.5791712077325,352.11367843085554,323.45310451744314,82.75,94.34999999999945,11.599999999999454,94.34999999999945,153.7214285714285,922681.05,Buy
239,2023-06-22T00:00:00+05:30,4600.0,4628.0,4440.1,4445.0,809046,7.439211025303631,4349.970872771113,4014.980714081234,334.9901586898791,325.76051535193034,187.89999999999964,38.0,149.89999999999964,187.89999999999964,160.9499999999999,897923.9,Buy
240,2023-06-23T00:00:00+05:30,4450.0,4473.7,4298.2,4331.6,660000,7.210777296558485,4347.14458465248,4038.433994519661,308.7105901328191,322.3505303081081,175.5,28.699999999999818,146.80000000000018,175.5,170.2714285714285,891736.25,Sell
241,2023-06-26T00:00:00+05:30,4326.95,4482.15,4316.25,4448.0,803764,6.693237463907073,4362.660802398253,4068.7722171478345,293.88858525041815,316.65814129657014,165.89999999999964,150.54999999999927,15.350000000000364,165.89999999999964,170.45714285714277,904085.9,Sell
242,2023-06-27T00:00:00+05:30,4475.95,4502.0,4361.8,4388.0,524336,6.1924582574696725,4366.559140490829,4092.4187195813283,274.1404209095008,308.1545972191563,140.19999999999982,54.0,86.19999999999982,140.19999999999982,174.75357142857132,913659.55,Sell
243,2023-06-28T00:00:00+05:30,4416.3,4426.9,4350.0,4381.0,448482,5.895645349606092,4368.780811184548,4113.795110723452,254.9857004610958,297.5208178675442,76.89999999999964,38.899999999999636,38.0,76.89999999999964,167.98571428571418,853913.8,Sell
244,2023-06-30T00:00:00+05:30,4389.3,4456.45,4366.3,4395.0,308976,5.559875241577476,4372.814532540771,4134.625102521715,238.1894300190561,285.6545402978466,90.14999999999964,75.44999999999982,14.699999999999818,90.14999999999964,169.01428571428556,795185.8,Sell
245,2023-07-03T00:00:00+05:30,4410.05,4443.5,4345.0,4354.2,238644,5.314344395271228,4369.950758303729,4150.889909742329,219.06084856140023,272.33580195055737,98.5,48.5,50.0,98.5,159.26428571428556,758998.9,Sell
246,2023-07-04T00:00:00+05:30,4365.05,4410.0,4348.1,4363.3,187458,4.976971176856311,4368.92756471854,4166.623990502157,202.30357421638382,258.32935640372267,61.899999999999636,55.80000000000018,6.099999999999454,61.899999999999636,149.40357142857127,743685.45,No Signal
247,2023-07-05T00:00:00+05:30,4319.95,4319.95,4146.3,4204.0,592089,4.502673598654475,4343.554093223381,4169.392583798293,174.1615094250874,241.49578700799563,173.64999999999964,43.350000000000364,217.0,217.0,157.41785714285697,742777.4,Sell
248,2023-07-06T00:00:00+05:30,4200.0,4288.0,4176.2,4273.0,568163,3.769575287181162,4332.699617342861,4177.067207220642,155.63241012221897,224.32311163084032,111.80000000000018,84.0,27.800000000000182,111.80000000000018,142.91071428571416,753979.8,No Signal
249,2023-07-07T00:00:00+05:30,4270.0,4300.0,4220.9,4241.0,282324,3.484557220556489,4318.591983905498,4181.802969648742,136.78901425675576,206.81629215602342,79.10000000000036,27.0,52.100000000000364,79.10000000000036,138.1357142857142,707682.55,No Signal
250,2023-07-10T00:00:00+05:30,4249.6,4288.95,4220.95,4245.0,181171,3.138342878973578,4307.270140227729,4186.4842311562425,120.78590907148646,189.61021553911604,68.0,47.94999999999982,20.050000000000182,68.0,129.61071428571418,686537.1,No Signal
251,2023-07-11T00:00:00+05:30,4253.85,4400.0,4246.35,4376.75,498578,2.8367046202658432,4317.959349423463,4200.577991811336,117.38135761212743,175.16444395371832,153.64999999999964,155.0,1.3500000000003638,155.0,123.01428571428558,662477.65,No Signal
252,2023-07-12T00:00:00+05:30,4407.75,4414.9,4322.2,4330.0,231365,2.8564410452072093,4319.811757204468,4210.164807232718,109.64694997175047,162.06094515732477,92.69999999999982,38.149999999999636,54.55000000000018,92.69999999999982,122.89642857142846,591320.85,No Signal
253,2023-07-13T00:00:00+05:30,4350.0,4388.95,4260.1,4299.0,209781,2.9237088628979153,4316.609948403781,4216.745191882146,99.86475652163517,149.62170743018686,128.84999999999945,58.94999999999982,69.89999999999964,128.84999999999945,118.6785714285713,559514.1,No Signal
254,2023-07-14T00:00:00+05:30,4322.85,4429.45,4294.65,4319.9,456978,2.765083105261712,4317.116110187815,4224.386288779765,92.72982140805016,138.24333022575954,134.80000000000018,130.44999999999982,4.350000000000364,134.80000000000018,115.77142857142846,526530.55,No Signal
255,2023-07-17T00:00:00+05:30,4342.0,4407.05,4323.05,4344.0,320768,2.6333890749762867,4321.252093235844,4233.246563684967,88.00552955087642,128.19577009078293,84.0,87.15000000000055,3.1500000000005457,87.15000000000055,110.14642857142852,493295.4,No Signal
256,2023-07-18T00:00:00+05:30,4356.1,4379.35,4270.05,4329.0,213294,2.188930787308331,4322.444078891868,4240.339410819414,82.10466807245393,118.97754968711713,109.30000000000018,35.350000000000364,73.94999999999982,109.30000000000018,107.93928571428569,452742.6,No Signal
257,2023-07-19T00:00:00+05:30,4334.95,4363.2,4301.0,4329.0,169765,1.9606383644546075,4323.452682139273,4246.906861869828,76.54582026944445,110.49120380358261,62.19999999999982,34.19999999999982,28.0,62.19999999999982,106.8892857142857,410071.45,No Signal
258,2023-07-20T00:00:00+05:30,4341.05,4365.0,4255.35,4267.0,247324,1.5256361887201106,4314.767654117846,4248.395242472064,66.37241164578245,101.66744537202258,109.64999999999964,36.0,73.64999999999964,109.64999999999964,108.28214285714284,397615.3,No Signal
259,2023-07-21T00:00:00+05:30,4269.2,4272.7,4160.2,4167.75,343062,1.665465200493252,4292.149553484332,4242.421520807467,49.72803267686504,91.27956283299108,112.5,5.699999999999818,106.80000000000018,112.5,109.28214285714284,374316.1,No Signal
260,2023-07-24T00:00:00+05:30,4130.0,4139.7,3953.0,4012.0,976759,2.4309871734215958,4249.04962217905,4225.353260006914,23.696362172136105,77.76292270082008,186.69999999999982,28.050000000000182,214.75,214.75,120.20000000000002,390154.05,No Signal
261,2023-07-25T00:00:00+05:30,4015.0,4132.4,4002.6,4125.05,573013,2.4010312675995014,4229.972757228426,4217.92338889529,12.049368333136044,64.62021182728328,129.79999999999973,120.39999999999964,9.400000000000091,129.79999999999973,113.97142857142856,378616.5,No Signal
262,2023-07-26T00:00:00+05:30,4140.0,4185.0,4070.05,4087.0,670208,2.5831656018427887,4207.976948424053,4208.225360088231,-0.2484116641780929,51.64648712899101,114.94999999999982,59.94999999999982,55.0,114.94999999999982,114.19642857142854,385910.1,No Signal
263,2023-07-27T00:00:00+05:30,4117.95,4117.95,4036.25,4054.4,329133,2.783601911173289,4184.349725589584,4196.830888970585,-12.481163381001352,38.820957026992545,81.69999999999982,30.949999999999818,50.75,81.69999999999982,114.38214285714278,379942.65,No Signal
264,2023-07-28T00:00:00+05:30,4051.45,4074.15,4000.05,4065.0,306236,2.8420735610840286,4165.988229345033,4187.065637935727,-21.077408590694176,26.841283903455203,74.09999999999991,19.75,54.34999999999991,74.09999999999991,114.81785714285706,379805.65,No Signal
265,2023-07-31T00:00:00+05:30,4020.0,4144.95,4020.0,4125.3,227423,2.7849286340289545,4159.72850175349,4182.490405496043,-22.76190374255384,16.920646374253394,124.94999999999982,79.94999999999982,45.0,124.94999999999982,112.67142857142848,379244.6,No Signal
266,2023-08-01T00:00:00+05:30,4142.0,4158.0,4100.0,4131.95,262750,2.7141552205799524,4155.454886099106,4178.746671755595,-23.291785656489083,8.8781599681049,58.0,32.69999999999982,25.300000000000182,58.0,110.19285714285706,383009.2,No Signal
267,2023-08-02T00:00:00+05:30,4135.55,4229.55,4082.0,4131.0,472800,2.7534653999478693,4151.692595930013,4175.209881255181,-23.517285325167904,2.3990709094503386,147.55000000000018,97.60000000000036,49.94999999999982,147.55000000000018,111.5285714285714,377044.75,No Signal
268,2023-08-03T00:00:00+05:30,4120.0,4485.0,4092.8,4455.0,2317702,2.8170690832119414,4198.355273479242,4195.935075236279,2.4201982429631244,2.403296376152896,392.1999999999998,354.0,38.19999999999982,392.1999999999998,129.91428571428565,464521.7,Buy
269,2023-08-04T00:00:00+05:30,4500.45,4815.0,4485.5,4599.0,3646382,3.289277899286887,4259.992923713205,4225.7917363298875,34.20118738331712,8.762874577585741,329.5,360.0,30.5,360.0,149.40357142857133,632724.6,Buy
270,2023-08-07T00:00:00+05:30,4599.95,4719.55,4387.8,4680.0,1797764,3.8574019232571803,4324.609396988096,4259.436792898044,65.17260409005212,20.044820480079018,331.75,120.55000000000018,211.19999999999982,331.75,165.29285714285703,713554.25,Buy
271,2023-08-08T00:00:00+05:30,4707.0,4924.9,4700.0,4856.0,2415877,4.599807648940646,4406.3617974514655,4303.626660090781,102.73513736068435,36.582883856200084,224.89999999999964,244.89999999999964,20.0,244.89999999999964,178.342857142857,809419.2,Buy
272,2023-08-09T00:00:00+05:30,4850.05,4964.6,4816.2,4890.0,1389727,5.340659564957316,4480.767674766625,4347.061722306279,133.70595246034554,56.00749757702918,148.40000000000055,108.60000000000036,39.80000000000018,148.40000000000055,181.11071428571424,867337.3,Buy
273,2023-08-10T00:00:00+05:30,4901.25,4927.45,4752.0,4796.0,784776,5.890184512767898,4529.264955571759,4380.316409542851,148.9485460289079,74.59570726740493,175.44999999999982,37.44999999999982,138.0,175.44999999999982,185.6071428571428,896087.05,Buy
274,2023-08-11T00:00:00+05:30,4809.0,4857.0,4770.0,4789.35,425896,6.2609890643836446,4569.27803932995,4410.6151940211585,158.66284530879147,91.40913487568224,87.0,61.0,26.0,87.0,176.4821428571428,894532.95,Buy
275,2023-08-14T00:00:00+05:30,4780.0,4780.0,4632.85,4644.9,482559,6.5965594637060505,4580.912187125342,4427.9696240936655,152.9425630316764,103.71582050688107,147.14999999999964,9.350000000000364,156.5,156.5,178.38928571428568,902622.5,Buy
276,2023-08-16T00:00:00+05:30,4648.0,4770.0,4586.1,4750.0,549888,6.6783578547500655,4606.9256967983665,4451.823726012653,155.1019707857131,113.99305056264748,183.89999999999964,125.10000000000036,58.79999999999927,183.89999999999964,183.31428571428566,919452.2,Buy
277,2023-08-17T00:00:00+05:30,4770.8,4810.0,4671.05,4683.2,583148,6.897293753926431,4618.660204983234,4468.962709270975,149.6974957122584,121.13393959256967,138.94999999999982,60.0,78.94999999999982,138.94999999999982,187.40357142857138,940121.35,Buy
278,2023-08-18T00:00:00+05:30,4690.0,4776.0,4635.05,4727.7,511209,6.943155302773707,4635.435558062736,4488.128434510162,147.307123552574,126.36857638457055,140.94999999999982,92.80000000000018,48.149999999999636,140.94999999999982,192.17857142857136,953315.6,Buy
279,2023-08-21T00:00:00+05:30,4749.95,4909.0,4735.95,4909.0,776800,6.88078185930862,4677.522395283853,4519.304106027928,158.2182892559249,132.7385189588414,173.05000000000018,181.30000000000018,8.25,181.30000000000018,196.2035714285714,975002.5,Buy
280,2023-08-22T00:00:00+05:30,4940.0,5034.5,4886.95,4986.3,943949,6.771676582283417,4725.0266421632605,4553.896394470304,171.1302476929568,140.4168647056645,147.55000000000018,125.5,22.050000000000182,147.55000000000018,202.59999999999997,973362.0,Buy
281,2023-08-23T00:00:00+05:30,5011.65,5068.0,4951.35,4993.8,760740,6.7977422335977495,4766.3763895227585,4586.481846731763,179.89454279099573,148.31240032273075,116.64999999999964,81.69999999999982,34.94999999999982,116.64999999999964,200.39285714285708,982748.35,Buy
282,2023-08-24T00:00:00+05:30,5024.0,5050.2,4939.05,4950.0,318001,6.663711948931988,4794.626175750026,4613.409117344225,181.21705840580125,154.89333193934488,111.14999999999964,56.399999999999636,54.75,111.14999999999964,180.31785714285706,965138.0,Buy
283,2023-08-25T00:00:00+05:30,4872.35,5007.5,4840.1,4848.0,551896,6.317598355818703,4802.837533326945,4630.786219763171,172.05131356377387,158.3249282642307,167.39999999999964,57.5,109.89999999999964,167.39999999999964,166.56071428571417,976276.15,Buy
284,2023-08-28T00:00:00+05:30,4851.3,4965.0,4851.3,4940.0,375962,5.65905937554948,4823.939451276646,4653.690944225158,170.24850705148765,160.7096440216821,113.69999999999982,117.0,3.300000000000182,117.0,151.22142857142848,979762.45,No Signal
285,2023-08-29T00:00:00+05:30,4963.15,4971.0,4891.05,4910.0,275391,5.068732697016893,4837.179535695624,4672.67680020848,164.50273548714358,161.4682623147744,79.94999999999982,31.0,48.94999999999982,79.94999999999982,139.43928571428563,982160.85,No Signal
286,2023-08-30T00:00:00+05:30,4940.0,4975.0,4910.0,4950.0,225389,4.218014927146184,4854.536530203989,4693.219259452297,161.31727075169238,161.438064002158,65.0,65.0,0.0,65.0,133.48214285714272,980292.8,No Signal
287,2023-08-31T00:00:00+05:30,4970.0,5012.0,4859.65,5006.0,556124,3.003650668941683,4877.8386024802985,4716.388203196571,161.45039928372717,161.44053105847183,152.35000000000036,62.0,90.35000000000036,152.35000000000036,131.83214285714277,984459.0,No Signal
288,2023-09-01T00:00:00+05:30,5009.65,5163.0,4990.6,5057.25,577891,2.632076064262556,4905.440355944868,4741.63722518201,163.80313076285802,161.91305099934908,172.39999999999964,157.0,15.399999999999636,172.39999999999964,137.93214285714274,897468.45,No Signal
289,2023-09-04T00:00:00+05:30,5081.8,5166.3,5061.2,5123.0,351873,2.596575886575933,4938.911070414889,4769.886319612972,169.02475080191653,163.3353909598626,105.10000000000036,109.05000000000018,3.949999999999818,109.05000000000018,134.54285714285703,732743.0,No Signal
290,2023-09-05T00:00:00+05:30,5134.5,5224.95,5077.5,5127.55,572026,2.655913019623389,4967.932444197214,4796.379925567567,171.55251862964724,164.97881649381952,147.44999999999982,101.94999999999982,45.5,147.44999999999982,131.93928571428563,671456.1,No Signal
291,2023-09-06T00:00:00+05:30,5130.0,5146.95,4960.0,4998.15,335311,2.7537762822940666,4972.581298936104,4811.325857007007,161.2554419290973,164.23414158087508,186.94999999999982,19.399999999999636,167.55000000000018,186.94999999999982,135.36785714285705,567427.8,No Signal
292,2023-09-07T00:00:00+05:30,4998.65,5105.0,4965.2,5084.8,432392,2.81953187354112,4989.845714484396,4831.583200932413,158.26251355198292,163.03981597509664,139.80000000000018,106.85000000000036,32.94999999999982,139.80000000000018,135.28571428571422,519561.05,No Signal
293,2023-09-08T00:00:00+05:30,5099.0,5144.45,5065.55,5121.2,408374,2.8838219320440346,5010.054066102181,4853.036297159641,157.01776894254,161.8354065685853,78.89999999999964,59.649999999999636,19.25,78.89999999999964,127.97142857142846,500740.95,No Signal
294,2023-09-11T00:00:00+05:30,5139.0,5188.0,5108.0,5178.9,236898,2.968264535514998,5036.030363624923,4877.17434922189,158.85601440303253,161.23952813547476,80.0,66.80000000000018,13.199999999999818,80.0,123.14642857142846,491291.05,No Signal
295,2023-09-12T00:00:00+05:30,5207.5,5207.5,5016.4,5040.95,346784,2.7182185698610897,5036.78723075955,4889.305878909157,147.48135185039246,158.4878928784583,191.10000000000036,28.600000000000364,162.5,191.10000000000036,128.46428571428564,484502.3,No Signal
296,2023-09-13T00:00:00+05:30,5068.95,5124.0,4985.05,5062.1,222104,2.5330399217477813,5040.681502950389,4902.105443434405,138.57605951598362,154.50552620596338,138.94999999999982,83.05000000000018,55.899999999999636,138.94999999999982,130.44999999999996,468113.1,No Signal
297,2023-09-14T00:00:00+05:30,5088.7,5119.9,5050.0,5078.1,144259,2.1298744351616996,5046.438194804175,4915.142077254079,131.29611755009591,149.86364447478988,69.89999999999964,57.79999999999927,12.100000000000364,69.89999999999964,123.48571428571424,446168.65,No Signal
298,2023-09-15T00:00:00+05:30,5111.25,5165.0,5023.45,5059.0,311092,1.7150475781989891,5048.370780218917,4925.798219679703,122.57256053921446,144.4054276876748,141.55000000000018,86.89999999999964,54.650000000000546,141.55000000000018,125.23928571428567,436162.8,No Signal
299,2023-09-18T00:00:00+05:30,5040.0,5070.0,4906.8,4920.3,275779,1.7484464060393157,5028.667583262161,4925.390944147873,103.27663911428863,136.17966997299757,163.19999999999982,11.0,152.19999999999982,163.19999999999982,131.18571428571425,411111.75,No Signal
300,2023-09-20T00:00:00+05:30,4918.75,4945.0,4846.0,4877.55,203145,1.878860496983119,5005.418724298752,4921.84717050729,83.57155379146207,125.65804673669048,99.0,24.699999999999818,74.30000000000018,99.0,133.61428571428567,374071.55,No Signal
301,2023-09-21T00:00:00+05:30,4875.2,4900.0,4836.5,4849.45,126712,2.039545566874149,4981.423535945098,4916.484417136379,64.93911880871838,113.51426115109606,63.5,22.449999999999818,41.05000000000018,63.5,127.26785714285708,342370.15,No Signal
302,2023-09-22T00:00:00+05:30,4848.0,4908.9,4785.75,4808.4,282816,2.2462808371160836,4954.804530415083,4908.478164015166,46.32636639991688,100.07668220086023,123.14999999999964,59.44999999999982,63.69999999999982,123.14999999999964,123.74999999999993,340610.9,No Signal
303,2023-09-25T00:00:00+05:30,4810.0,4965.0,4733.45,4889.55,472289,2.152671611798574,4944.765371889685,4907.07607779182,37.68929409786506,87.5992045802612,231.55000000000018,156.60000000000036,74.94999999999982,231.55000000000018,132.49999999999994,336630.55,Sell
304,2023-09-26T00:00:00+05:30,4901.7,5120.0,4901.0,5098.15,1031690,2.0815974512372852,4968.36300698358,4921.229701659093,47.13330532448708,79.50602472910639,219.0,230.44999999999982,11.449999999999818,230.44999999999982,138.42857142857136,369416.95,Sell
305,2023-09-27T00:00:00+05:30,5110.0,5299.8,5032.55,5285.35,1306972,2.2605984884884176,5017.130236678414,4948.201575610271,68.9286610681429,77.39055199691369,267.25,201.65000000000055,65.59999999999945,267.25,144.16428571428565,420996.0,Sell
306,2023-09-28T00:00:00+05:30,5325.0,5378.85,5181.65,5218.35,1007687,2.3930274186269402,5048.087123343274,4968.21257000951,79.87455333376329,77.8873522642836,197.20000000000073,93.5,103.70000000000073,197.20000000000073,148.2642857142857,460110.9,Buy
307,2023-09-29T00:00:00+05:30,5250.0,5309.95,5156.95,5289.25,383062,2.569206408244797,5085.189104367385,4991.993120379176,93.19598398820926,80.94907860906875,153.0,91.59999999999945,61.400000000000546,153.0,153.55714285714288,451457.8,Buy
308,2023-10-03T00:00:00+05:30,5280.0,5335.0,5254.55,5297.45,332474,2.7565029029302397,5117.844626772403,5014.619555906645,103.22507086575843,85.40427706040668,80.44999999999982,45.75,34.69999999999982,80.44999999999982,153.58928571428572,439186.95,Buy
309,2023-10-04T00:00:00+05:30,5265.75,5277.35,5182.0,5216.45,333803,2.861259134578406,5133.014684192033,5029.569959172819,103.44472501921427,89.01236665216821,95.35000000000036,20.099999999999454,115.44999999999982,115.44999999999982,148.18571428571425,438283.45,Buy
310,2023-10-05T00:00:00+05:30,5250.05,5256.3,5134.75,5148.1,313878,2.907998019028986,5135.335502008644,5038.349962197055,96.98553981158875,90.60700128405233,121.55000000000018,39.850000000000364,81.69999999999982,121.55000000000018,146.94285714285712,425376.05,Buy
311,2023-10-06T00:00:00+05:30,5167.7,5178.0,5062.1,5128.75,455043,2.9047070938398822,5134.322347853467,5045.04626129357,89.27608655989752,90.34081833922137,115.89999999999964,29.899999999999636,86.0,115.89999999999964,150.22857142857143,431362.65,Sell
312,2023-10-09T00:00:00+05:30,5032.15,5162.9,5028.0,5104.65,189301,2.9200168590273003,5129.757371260626,5049.461353049602,80.2960182110246,88.33185831358202,134.89999999999964,34.149999999999636,100.75,134.89999999999964,149.75357142857138,419208.1,Sell
313,2023-10-10T00:00:00+05:30,5119.0,5197.0,5119.0,5170.45,309458,2.903298142709085,5136.0177756820685,5058.423475045927,77.59430063614127,86.18434677809387,78.0,92.35000000000036,14.350000000000364,92.35000000000036,144.69285714285712,414262.3,Sell
314,2023-10-11T00:00:00+05:30,5200.0,5274.85,5170.8,5254.7,321455,2.921185933323819,5154.276579423288,5072.962476894377,81.31410252891146,85.21029792825739,104.05000000000018,104.40000000000055,0.3500000000003638,104.40000000000055,145.07857142857145,418490.15,Sell
315,2023-10-12T00:00:00+05:30,5261.95,5320.0,5215.6,5290.3,392980,3.011814057445942,5175.203259512014,5089.061552679978,86.1417068320352,85.39657970901295,104.39999999999964,65.30000000000018,39.099999999999454,104.39999999999964,148.0,420799.95,Buy
316,2023-10-13T00:00:00+05:30,5279.9,5364.8,5253.05,5339.95,437306,3.1375593284534244,5200.548911894781,5107.645882111091,92.90302978368982,86.89786972394833,111.75,74.5,37.25,111.75,147.1857142857143,431560.05,Buy
317,2023-10-16T00:00:00+05:30,5291.0,5408.95,5291.0,5388.85,356387,3.301480681614175,5229.518310064815,5128.475816769529,101.04249329528557,89.72679443821578,117.94999999999982,69.0,48.94999999999982,117.94999999999982,139.07142857142858,442166.45,No Signal
318,2023-10-17T00:00:00+05:30,5430.0,5486.95,5382.45,5474.35,421223,3.518365230031898,5267.184723900997,5154.096126638453,113.08859726254377,94.39915500308138,104.5,98.09999999999945,6.400000000000546,104.5,130.07500000000002,447673.0,No Signal
319,2023-10-18T00:00:00+05:30,5479.95,5508.65,5434.0,5475.3,300190,3.6036992985323453,5299.202458685459,5177.8890061467155,121.31345253874315,99.78201451021373,74.64999999999964,34.29999999999927,40.350000000000364,74.64999999999964,116.31785714285714,448893.55,No Signal
320,2023-10-19T00:00:00+05:30,5440.0,5575.0,5422.25,5501.8,457877,3.567531725813336,5330.371311195388,5201.8824130988105,128.48889809657794,105.52339122748657,152.75,99.69999999999982,53.05000000000018,152.75,113.14285714285708,461630.15,No Signal
321,2023-10-20T00:00:00+05:30,5498.0,5534.95,5474.05,5520.9,279892,3.4117673956062613,5359.683417165329,5225.513345461862,134.17007170346733,111.25272732268273,60.899999999999636,33.149999999999636,27.75,60.899999999999636,106.56428571428562,469289.15,No Signal
322,2023-10-23T00:00:00+05:30,5520.0,5607.1,5400.05,5418.0,458119,2.97844074296193,5368.655199139894,5239.77161616839,128.88358297150353,114.7788984524469,207.05000000000018,86.20000000000073,120.84999999999945,207.05000000000018,115.60714285714279,478054.3,No Signal
323,2023-10-25T00:00:00+05:30,5418.0,5518.0,5418.0,5445.6,577617,2.5251119359701746,5380.492860810679,5255.01816311888,125.47469769179952,116.91805830031743,100.0,100.0,0.0,100.0,114.50357142857138,483320.7,No Signal
324,2023-10-26T00:00:00+05:30,5430.0,5447.5,5288.25,5340.95,433669,2.413181139047006,5374.409343762883,5261.383484369333,113.02585939354958,116.13961851896386,159.25,1.8999999999996362,157.35000000000036,159.25,117.19642857142851,453419.65,No Signal
325,2023-10-27T00:00:00+05:30,5470.0,5514.8,5307.65,5374.75,1180350,2.4063725600971106,5374.461752414747,5269.781004045679,104.68074836906817,113.84784448898472,207.15000000000055,173.85000000000036,33.30000000000018,207.15000000000055,123.71428571428571,447088.55,No Signal
326,2023-10-30T00:00:00+05:30,5379.9,5379.9,5076.0,5103.85,865009,2.672705795914796,5332.8291751201705,5257.489818560814,75.33935655935693,106.14614690305916,303.89999999999964,5.149999999999636,298.75,303.89999999999964,135.78571428571428,439954.65,Sell
327,2023-10-31T00:00:00+05:30,5155.0,5242.4,5089.35,5101.6,487039,2.831191806060916,5297.2554558709135,5245.942424593346,51.31303127756746,95.17952377796082,153.04999999999927,138.54999999999927,14.5,153.04999999999927,140.12142857142848,445153.5,Sell
328,2023-11-01T00:00:00+05:30,5125.0,5195.1,5100.95,5181.3,477939,2.838283892621842,5279.416154967696,5241.154096845691,38.26205812200442,83.79603064676955,94.15000000000055,93.5,0.6500000000005457,94.15000000000055,139.38928571428565,452426.75,Sell
329,2023-11-02T00:00:00+05:30,5220.0,5397.0,5212.5,5330.0,649934,2.73717292761178,5287.1982849726655,5247.735274857121,39.46301011554442,74.92942654052453,184.5,215.69999999999982,31.199999999999818,215.69999999999982,147.33928571428564,468233.3,Sell
330,2023-11-03T00:00:00+05:30,5383.3,5388.75,5236.55,5274.2,448087,2.681419004464951,5285.198548823025,5249.695624867704,35.50292395532051,67.04412602348373,152.19999999999982,58.75,93.44999999999982,152.19999999999982,150.22857142857134,474943.75,Sell
331,2023-11-06T00:00:00+05:30,5317.9,5338.95,5241.0,5266.25,158948,2.5693162788769346,5282.283387465636,5250.921874877504,31.361512588132427,59.90760333641347,97.94999999999982,64.75,33.19999999999982,97.94999999999982,148.79999999999993,460139.0,Sell
332,2023-11-07T00:00:00+05:30,5279.8,5318.0,5235.6,5253.05,235667,2.413818867526795,5277.785943240154,5251.079513775467,26.706429464687062,53.26736856206819,82.39999999999964,51.75,30.649999999999636,82.39999999999964,147.22142857142848,462457.3,Sell
333,2023-11-08T00:00:00+05:30,5278.0,5369.95,5261.0,5357.3,371736,2.269132122821295,5290.018875049361,5258.947697940247,31.071177109113705,48.8281302714773,108.94999999999982,116.89999999999964,7.949999999999818,116.89999999999964,150.23928571428561,465571.2,Sell
334,2023-11-09T00:00:00+05:30,5365.0,5425.0,5300.0,5305.85,228318,2.2677878360456374,5292.4544327340745,5262.421942537266,30.032490196808794,45.0690022565436,125.0,67.69999999999982,57.30000000000018,125.0,148.25714285714275,460914.35,Sell
335,2023-11-10T00:00:00+05:30,5282.05,5309.35,5223.25,5274.9,269973,2.2880076856713045,5289.753750774986,5263.346243090061,26.407507684924894,41.33670334221986,86.10000000000036,3.5,82.60000000000036,86.10000000000036,150.0571428571428,454764.0,Sell
336,2023-11-12T00:00:00+05:30,5315.6,5323.6,5250.95,5274.45,25152,2.303101179375125,5287.399327578834,5264.168743601908,23.230583976926027,37.715479469161096,72.65000000000055,48.70000000000073,23.949999999999818,72.65000000000055,140.45714285714283,434156.3,Sell
337,2023-11-13T00:00:00+05:30,5274.45,5275.0,5206.6,5233.8,127499,2.3439296457063925,5279.15327718209,5261.919207038804,17.234070143285862,33.61919760398605,68.39999999999964,0.5500000000001819,67.84999999999945,68.39999999999964,138.19999999999996,422711.9,Sell
338,2023-11-15T00:00:00+05:30,5250.0,5364.95,5244.15,5254.25,403413,2.2536133428366054,5275.322003769461,5261.351117628523,13.970886140938092,29.68953531137646,120.80000000000018,131.14999999999964,10.349999999999454,131.14999999999964,136.19285714285706,421821.4,Sell
339,2023-11-16T00:00:00+05:30,5273.9,5455.0,5213.1,5426.95,466866,2.1265760347560683,5298.649387804929,5273.617701507891,25.031686297037595,28.75796550850869,241.89999999999964,200.75,41.149999999999636,241.89999999999964,138.67499999999987,430155.2,Sell
340,2023-11-17T00:00:00+05:30,5395.95,5488.5,5395.75,5426.85,346263,2.0271604982985982,5318.372558911863,5284.968242136936,33.40431677492688,29.68723576179233,92.75,61.55000000000018,31.199999999999818,92.75,123.59285714285703,424574.5,No Signal
341,2023-11-20T00:00:00+05:30,5475.0,5565.8,5431.0,5443.9,481733,1.8979195034867642,5337.684472925423,5296.740964941608,40.943507983814925,31.93849020619685,134.80000000000018,138.94999999999982,4.149999999999636,138.94999999999982,122.5857142857142,434666.55,No Signal
342,2023-11-21T00:00:00+05:30,5480.0,5528.8,5443.9,5461.5,209091,1.945518965376758,5356.73301555228,5308.945337908896,47.787677643384086,35.1083276936343,84.90000000000055,84.90000000000055,0.0,84.90000000000055,121.92499999999993,422215.15,No Signal
343,2023-11-22T00:00:00+05:30,5475.0,5507.95,5384.9,5412.2,181977,1.9252216608730344,5365.266397775006,5316.593831397126,48.672566377879775,37.8211754304834,123.05000000000018,46.44999999999982,76.60000000000036,123.05000000000018,115.30714285714281,402433.15,No Signal
344,2023-11-23T00:00:00+05:30,5438.0,5448.5,5315.0,5345.35,220568,1.9508842276786338,5362.202336578852,5318.723917960302,43.47841861854977,38.952624068096675,133.5,36.30000000000018,97.19999999999982,133.5,113.97142857142853,391778.1,No Signal
345,2023-11-24T00:00:00+05:30,5365.0,5369.9,5265.0,5277.85,227249,1.9538368390263992,5349.225054028259,5315.696220333613,33.52883369464598,37.86786599340654,104.89999999999964,24.549999999999272,80.35000000000036,104.89999999999964,114.46785714285708,344123.05,No Signal
346,2023-11-28T00:00:00+05:30,5280.0,5311.45,5272.05,5290.7,136450,1.7442571568374132,5340.221199562373,5313.8446484570495,26.376551105323415,35.569603015789916,39.399999999999636,33.599999999999454,5.800000000000182,39.399999999999636,111.39642857142852,307695.1,No Signal
347,2023-11-29T00:00:00+05:30,5302.85,5405.0,5293.8,5398.5,259733,1.4845270264216546,5349.18716886047,5320.115415238009,29.071753622461074,34.27003313712415,111.19999999999982,114.30000000000018,3.100000000000364,114.30000000000018,111.21071428571427,296329.8,No Signal
348,2023-11-30T00:00:00+05:30,5419.85,5591.5,5391.0,5510.6,464556,1.5054668741461394,5374.019912112705,5334.225384479638,39.794527633067446,35.37493203631281,200.5,193.0,7.5,200.5,116.60357142857141,295660.65,No Signal
349,2023-12-01T00:00:00+05:30,5530.0,6034.95,5514.0,5951.65,2181540,2.682553806695107,5462.886079479981,5379.96054118485,82.92553829513145,44.88505328807654,520.9499999999998,524.3499999999995,3.399999999999636,524.3499999999995,147.9071428571428,372240.95,Buy
350,2023-12-04T00:00:00+05:30,6110.0,6186.15,5876.0,6002.2,888607,3.5143255919059557,5545.857451867676,5426.052352948935,119.80509891874135,59.8690624142095,310.14999999999964,234.5,75.64999999999964,310.14999999999964,164.87142857142842,394266.95,Buy
351,2023-12-05T00:00:00+05:30,6015.0,6162.05,5967.45,6031.1,628897,4.138515216767283,5620.510151580342,5470.87069717494,149.63945440540192,77.82314081244799,194.60000000000036,159.85000000000036,34.75,194.60000000000036,173.8857142857142,417764.4,Buy
352,2023-12-06T00:00:00+05:30,6085.0,6085.0,5970.0,5980.2,234022,4.546318367582625,5675.847051337212,5508.5987936804995,167.24825765671267,95.70816418130093,115.0,53.899999999999636,61.100000000000364,115.0,172.7321428571428,417682.15,Buy
353,2023-12-07T00:00:00+05:30,5998.8,6038.95,5939.05,5988.35,164043,4.882285208974787,5723.9244280545645,5544.135920074536,179.78850798002804,112.52423294104636,99.89999999999964,58.75,41.149999999999636,99.89999999999964,162.58928571428564,407297.5,Buy
354,2023-12-08T00:00:00+05:30,6010.0,6048.15,5893.4,5964.9,193098,5.104795322515971,5760.997592969247,5575.303629698645,185.69396327060258,127.15817900695761,154.75,59.79999999999927,94.95000000000073,154.75,167.01785714285708,405536.5,Buy
355,2023-12-11T00:00:00+05:30,5980.0,6400.0,5961.0,6372.65,1631400,5.469075994932912,5855.097963281671,5634.366323795041,220.73163948662932,145.87287110289196,439.0,435.10000000000036,3.899999999999636,439.0,188.44999999999996,473607.85,Buy
356,2023-12-12T00:00:00+05:30,6451.1,6765.0,6329.9,6356.5,2852230,5.941966372743121,5932.236738161414,5687.857707217631,244.3790309437827,165.5741030710701,435.10000000000036,392.35000000000036,42.75,435.10000000000036,213.46428571428564,614961.75,Buy
357,2023-12-13T00:00:00+05:30,6356.5,6524.4,6180.0,6290.65,1427343,6.187037794624584,5987.377239982735,5732.5089881644735,254.86825181826134,183.43293282050837,344.39999999999964,167.89999999999964,176.5,344.39999999999964,229.2749999999999,679953.95,Buy
358,2023-12-14T00:00:00+05:30,6357.2,6465.0,6286.45,6308.05,960053,6.271834069915753,6036.7115107546215,5775.1416557078455,261.56985504677596,199.0603172657619,178.55000000000018,174.35000000000036,4.199999999999818,178.55000000000018,232.49285714285705,707785.95,Buy
359,2023-12-15T00:00:00+05:30,6371.2,6404.0,6303.0,6316.9,441089,6.425210649419694,6079.8174321769875,5815.27190343319,264.54552874379715,212.15735956136896,101.0,95.94999999999982,5.050000000000182,101.0,232.21428571428564,706497.1,Buy
360,2023-12-18T00:00:00+05:30,6315.0,6328.7,6220.0,6271.55,284445,6.509205595618515,6109.314750303605,5849.070280956657,260.2444693469479,221.77478151848476,108.69999999999982,11.800000000000182,96.89999999999964,108.69999999999982,237.16428571428565,703406.2,Buy
361,2023-12-19T00:00:00+05:30,6334.3,6483.7,6316.0,6366.2,821117,6.474195030538844,6148.8355579492045,5887.376186070979,261.4593718782253,229.7116995904329,167.69999999999982,212.14999999999964,44.44999999999982,212.14999999999964,244.15357142857133,720375.4,Buy
362,2023-12-20T00:00:00+05:30,6419.0,6541.95,6240.3,6268.95,1020181,6.492134810082896,6167.314702880096,5915.640913028685,251.67378985141113,234.10411764262855,301.64999999999964,175.75,125.89999999999964,301.64999999999964,251.37857142857132,760929.9,Buy
363,2023-12-21T00:00:00+05:30,6250.0,6547.3,6235.0,6521.65,814434,6.24923204390861,6221.827825513928,5960.5304750265595,261.297350487368,239.54276421157647,312.3000000000002,278.35000000000036,33.94999999999982,312.3000000000002,236.2321428571428,792552.75,Buy
364,2023-12-22T00:00:00+05:30,6553.9,6584.0,6384.0,6478.35,535046,6.044037735177373,6261.292775434862,5998.887476876444,262.4052985584176,244.1152710809447,200.0,62.350000000000364,137.64999999999964,200.0,228.36428571428567,808276.65,Buy
365,2023-12-26T00:00:00+05:30,6460.0,6516.95,6413.0,6456.1,251311,5.526133732145669,6291.263117675652,6032.755071181893,258.50804649375914,246.9938261635076,103.94999999999982,38.599999999999454,65.35000000000036,103.94999999999982,221.88928571428565,809479.75,Buy
366,2023-12-27T00:00:00+05:30,6498.9,6540.0,6415.0,6463.95,239350,4.778017484697376,6317.830330340937,6064.69543627953,253.13489406140616,248.22203974308732,125.0,83.89999999999964,41.100000000000364,125.0,222.60357142857134,814624.75,Buy
367,2023-12-28T00:00:00+05:30,6480.9,6500.0,6415.0,6464.55,216073,3.980155053369478,6340.402587211562,6094.314292851417,246.08829436014457,247.7952906664988,85.0,36.05000000000018,48.94999999999982,85.0,221.53928571428565,812441.75,Sell
368,2023-12-29T00:00:00+05:30,6463.0,6619.4,6423.1,6566.75,478071,3.1689049187355454,6375.22526610209,6129.309530417979,245.9157356841115,247.41937967002136,196.29999999999927,154.84999999999945,41.44999999999982,196.29999999999927,224.50714285714275,813117.5,Sell
369,2024-01-01T00:00:00+05:30,6560.0,6585.8,6420.5,6460.35,268871,3.0622825428415883,6388.321379009461,6153.831046683314,234.49033232614784,244.83357020124666,165.30000000000018,19.050000000000182,146.25,165.30000000000018,204.95714285714277,717484.05,No Signal
370,2024-01-02T00:00:00+05:30,6465.5,6483.4,6243.15,6316.5,604541,2.933799185259345,6377.271936084929,6165.8805987808455,211.3913373040832,238.14512362181398,240.25,23.049999999999272,217.20000000000073,240.25,191.0392857142856,703280.75,No Signal
371,2024-01-03T00:00:00+05:30,6316.6,6411.0,6269.0,6350.7,241046,2.7269357158439265,6373.183945918016,6179.570924797079,193.61302112093745,229.23870312163868,142.0,94.5,47.5,142.0,176.58214285714277,683888.2,No Signal
372,2024-01-04T00:00:00+05:30,6379.0,6447.45,6365.65,6396.55,244040,2.3918320317669184,6376.778723469091,6195.643448886184,181.1352745829072,219.6180174138924,81.80000000000018,96.75,14.949999999999818,96.75,170.73928571428561,684389.1,No Signal
373,2024-01-05T00:00:00+05:30,6396.55,6459.0,6364.3,6378.4,246494,1.9958728539771937,6377.028150627692,6209.180971190911,167.84717943678152,209.26384981847025,94.69999999999982,62.44999999999982,32.25,94.69999999999982,170.2892857142856,688511.65,No Signal
374,2024-01-08T00:00:00+05:30,6399.85,6399.85,6303.0,6325.45,136870,1.3588749072580024,6369.093050531124,6217.793491843436,151.29955868768866,197.67099159231395,96.85000000000036,21.450000000000728,75.39999999999964,96.85000000000036,169.44285714285706,685700.25,No Signal
375,2024-01-09T00:00:00+05:30,6372.95,6450.0,6341.7,6356.7,206103,1.3554882597118911,6367.18642737249,6228.082862817996,139.10356455449346,185.95750618474986,108.30000000000018,124.55000000000018,16.25,124.55000000000018,163.18571428571425,614435.4,No Signal
376,2024-01-10T00:00:00+05:30,6350.0,6395.0,6280.0,6326.95,185762,1.3741526024018287,6360.996207776722,6235.406354461107,125.58985331561507,173.8839756109229,115.0,38.30000000000018,76.69999999999982,115.0,149.85357142857143,481112.0,No Signal
377,2024-01-11T00:00:00+05:30,6369.95,6508.0,6338.55,6488.65,406115,1.3407160500609856,6380.63525273415,6254.165143019543,126.47010971460622,164.40120243165958,169.44999999999982,181.05000000000018,11.600000000000364,181.05000000000018,140.47857142857143,430050.6,No Signal
378,2024-01-12T00:00:00+05:30,6500.0,6600.0,6480.0,6553.95,415988,1.3952837337461852,6407.299060005819,6276.371428721799,130.9276312840202,157.7064882021317,120.0,111.35000000000036,8.649999999999636,120.0,134.7642857142857,402847.35,No Signal
379,2024-01-15T00:00:00+05:30,6480.0,6519.45,6305.0,6331.6,639402,1.433206139240952,6395.6530507741545,6280.462434001666,115.19061677248828,149.20331391620303,214.44999999999982,34.5,248.94999999999982,248.94999999999982,145.12142857142857,412763.0,No Signal
380,2024-01-16T00:00:00+05:30,6339.9,6418.0,6309.35,6343.6,256623,1.3620475381840105,6387.644889116592,6285.139290742283,102.50559837430865,139.86377080782415,108.64999999999964,86.39999999999964,22.25,108.64999999999964,143.9535714285714,411371.9,No Signal
381,2024-01-17T00:00:00+05:30,6290.0,6398.0,6219.5,6367.7,203515,1.3562627374466425,6384.576444637116,6291.254898835447,93.32154580166844,130.555325806593,178.5,54.399999999999636,124.10000000000036,178.5,150.6321428571428,380491.8,No Signal
382,2024-01-18T00:00:00+05:30,6371.0,6375.0,6054.1,6303.1,326794,1.3280108211451191,6372.041607000637,6292.132313736525,79.90929326411151,120.42611929809671,320.89999999999964,7.300000000000182,313.59999999999945,320.89999999999964,159.53214285714284,345822.45,No Signal
383,2024-01-19T00:00:00+05:30,6198.0,6211.9,6020.0,6100.2,894287,1.7231176659846987,6330.219821308231,6277.9151053115975,52.304715996633604,106.8018386378041,191.89999999999964,91.20000000000073,283.10000000000036,283.10000000000036,167.94642857142858,349815.1,No Signal
384,2024-01-20T00:00:00+05:30,6121.0,6175.0,6005.0,6019.2,193637,2.1909963735407185,6282.370618030041,6258.751023436665,23.61959459337686,90.16538982891865,170.0,74.80000000000018,95.19999999999982,170.0,162.92857142857142,332744.65,No Signal
385,2024-01-23T00:00:00+05:30,6025.05,6102.15,5819.3,5853.85,350766,2.957705666707084,6216.4443691023425,6228.758355033949,-12.313985931606112,69.6695146768137,282.84999999999945,82.94999999999982,199.89999999999964,282.84999999999945,172.98928571428567,337717.4,Sell
386,2024-01-24T00:00:00+05:30,5911.95,5975.0,5782.85,5920.1,323198,3.274557947469388,6170.8529277019825,6205.894773179582,-35.04184547759996,48.72724264593097,192.14999999999964,121.14999999999964,71.0,192.14999999999964,179.80357142857136,341909.8,Sell
387,2024-01-25T00:00:00+05:30,5966.0,5966.0,5794.2,5879.45,296056,3.6182554054589326,6126.021708055524,6181.713678869984,-55.69197081445964,27.843399953852852,171.80000000000018,45.899999999999636,125.90000000000055,171.80000000000018,185.31071428571425,345908.95,Sell
388,2024-01-29T00:00:00+05:30,5898.0,5921.2,5842.1,5871.65,214390,3.753705743632675,6086.887599123905,6158.745998953688,-71.8583998297836,7.903039997125564,79.09999999999945,41.75,37.349999999999454,79.09999999999945,184.04285714285703,332724.9,Sell
389,2024-01-30T00:00:00+05:30,5910.0,5981.3,5852.0,5862.95,203956,3.927414151874515,6052.43566079715,6136.835184216378,-84.39952341922799,-10.557472686145147,129.30000000000018,109.65000000000055,19.649999999999636,129.30000000000018,184.38214285714275,329479.15,Sell
390,2024-01-31T00:00:00+05:30,5865.0,6018.4,5800.2,5991.1,588652,3.9116126207685586,6042.9994052898965,6126.039985385535,-83.04058009563869,-25.054094168043857,218.19999999999982,155.44999999999982,62.75,218.19999999999982,191.75357142857132,328684.7,Sell
391,2024-02-01T00:00:00+05:30,6161.0,6348.0,6051.1,6124.4,1071955,3.7913641675358134,6055.522573706836,6125.918504986606,-70.3959312797706,-34.12246159038921,296.89999999999964,356.89999999999964,60.0,356.89999999999964,204.31428571428555,370230.15,Sell
392,2024-02-02T00:00:00+05:30,6189.95,6284.8,6090.0,6237.8,430426,3.6458718566922914,6083.565254675015,6134.206023135746,-50.640768460731124,-37.42612296445759,194.80000000000018,160.40000000000055,34.399999999999636,194.80000000000018,209.6571428571427,379549.45,Sell
393,2024-02-05T00:00:00+05:30,6251.0,6462.2,6244.0,6259.6,483413,3.57109612200129,6110.647523186552,6143.494465866432,-32.84694267988016,-36.5102869075421,218.19999999999982,224.39999999999964,6.199999999999818,224.39999999999964,207.90357142857127,391395.4,Buy
394,2024-02-06T00:00:00+05:30,6300.0,6408.0,6260.4,6358.55,316205,3.5357223871736716,6148.786365773236,6159.424505431881,-10.638139658644832,-31.33585745776265,147.60000000000036,148.39999999999964,0.7999999999992724,148.39999999999964,210.742857142857,400362.15,Buy
395,2024-02-07T00:00:00+05:30,6390.0,6414.5,6282.75,6336.0,110029,3.535332864831843,6177.588463346584,6172.504171696186,5.084291650397972,-24.051827636130525,131.75,55.94999999999982,75.80000000000018,131.75,207.40357142857127,395558.45,Buy
396,2024-02-08T00:00:00+05:30,6345.0,6373.9,6206.35,6223.95,176758,3.5592914538230347,6184.7210074471095,6176.314973792765,8.406033654344355,-17.56025537803555,167.54999999999927,37.899999999999636,129.64999999999964,167.54999999999927,196.44999999999982,395108.25,Buy
397,2024-02-09T00:00:00+05:30,6249.95,6290.2,6125.4,6277.9,154552,3.3510188647681143,6199.056237070631,6183.839790548856,15.216446521774742,-11.004914998073492,164.80000000000018,66.25,98.55000000000018,164.80000000000018,187.9999999999998,382530.1,Buy
398,2024-02-12T00:00:00+05:30,6295.0,6321.1,6202.9,6269.2,169271,3.0486028749293923,6209.847585213611,6190.162769026719,19.68481618689202,-4.86696876108039,118.20000000000073,43.20000000000073,75.0,118.20000000000073,184.29999999999987,370194.25,Buy
399,2024-02-13T00:00:00+05:30,6244.05,6316.9,6131.0,6295.7,168955,3.0092814049382755,6223.055649026901,6197.9803416914065,25.07530733549447,1.121486458234583,185.89999999999964,47.69999999999982,138.19999999999982,185.89999999999964,177.37499999999986,346671.9,No Signal
400,2024-02-14T00:00:00+05:30,6202.0,6360.0,6200.0,6339.95,151149,2.9851245085875373,6241.039395330455,6208.496612677228,32.54278265322682,7.405745697233031,160.0,64.30000000000018,95.69999999999982,160.0,175.07857142857134,341398.2,No Signal
401,2024-02-15T00:00:00+05:30,6380.0,6472.0,6332.0,6360.05,241622,2.9683407766239993,6259.348719125769,6219.722789515952,39.62592960981692,13.849782479749809,140.0,132.05000000000018,7.949999999999818,140.0,172.80714285714274,343303.55,No Signal
402,2024-02-16T00:00:00+05:30,6390.0,6429.0,6331.9,6378.1,130359,3.0230267716404824,6277.618146952574,6231.454434736993,46.163712215580745,20.312568426916,97.10000000000036,68.94999999999982,28.150000000000546,97.10000000000036,174.0928571428571,333481.8,No Signal
403,2024-02-19T00:00:00+05:30,6425.2,6810.0,6410.0,6743.85,1101152,3.4665645183730573,6349.346124344485,6269.409661793512,79.93646255097337,32.23734725172748,400.0,431.89999999999964,31.899999999999636,431.89999999999964,195.70714285714277,343825.05,Buy
404,2024-02-20T00:00:00+05:30,6790.0,6929.0,6666.0,6706.5,792746,3.84882078727701,6404.292874445334,6301.786723882881,102.5061505624526,46.29110791387251,263.0,185.14999999999964,77.85000000000036,263.0,198.9071428571428,373780.5,Buy
405,2024-02-21T00:00:00+05:30,6725.0,6831.0,6705.0,6734.0,335010,3.9831120817960204,6455.01704760759,6333.802522113779,121.21452549381138,61.275791429860284,126.0,124.5,1.5,126.0,182.41428571428565,372992.7,No Signal
406,2024-02-22T00:00:00+05:30,6750.0,6869.95,6712.65,6776.95,273519,4.12446668791774,6504.5451941295,6366.628261216461,137.91693291303818,76.60401972649586,157.30000000000018,135.94999999999982,21.350000000000364,157.30000000000018,179.73571428571424,370508.75,No Signal
407,2024-02-23T00:00:00+05:30,6813.9,6926.7,6730.05,6867.5,273873,4.196508407140917,6560.384395032654,6403.729871496724,156.6545235359299,92.61412048838268,196.64999999999964,149.75,46.899999999999636,196.64999999999964,177.75357142857138,369399.6,No Signal
408,2024-02-26T00:00:00+05:30,6901.6,7048.0,6880.75,6945.25,640553,4.235655604165943,6619.594488104553,6443.842473608078,175.75201449647557,109.24169929000126,167.25,180.5,13.25,180.5,180.04642857142855,390707.75,No Signal
409,2024-02-27T00:00:00+05:30,6740.0,6887.95,6620.0,6761.25,863651,4.068845432378615,6641.387643780776,6467.354142229702,174.03350155107364,122.20005974221574,267.9499999999998,57.30000000000018,325.25,325.25,193.8678571428571,423692.5,Buy
410,2024-02-28T00:00:00+05:30,6731.05,6819.1,6521.25,6542.65,457909,3.875300434837664,6626.197237045271,6472.93161317565,153.26562386962087,128.41317256769676,297.85000000000036,57.850000000000364,240.0,297.85000000000036,203.17500000000004,417155.35,Buy
411,2024-02-29T00:00:00+05:30,6550.0,6710.0,6472.0,6683.85,391385,3.6394612485811577,6635.066892884461,6488.5551973848615,146.51169549959923,132.03287715407725,238.0,167.35000000000036,70.64999999999964,238.0,208.40357142857147,383126.85,Buy
412,2024-03-01T00:00:00+05:30,6719.0,7022.0,6680.0,7004.95,644248,3.6959258981761134,6691.9719862868515,6526.806664245242,165.16532204160922,138.65936613158365,342.0,338.14999999999964,3.850000000000364,342.0,224.3892857142857,393817.95,Buy
413,2024-03-02T00:00:00+05:30,7020.1,7099.0,7002.0,7043.2,39038,3.8708945657376854,6746.0070653196435,6565.058022449299,180.94904287034478,147.11730147933588,97.0,94.05000000000018,2.949999999999818,97.0,218.03928571428574,371599.2,Buy
414,2024-03-04T00:00:00+05:30,7043.2,7180.8,7005.15,7162.5,362012,4.134550434535469,6810.082901424314,6609.312983749351,200.76991767496293,157.8478247184613,175.65000000000055,137.60000000000036,38.05000000000018,175.65000000000055,219.1571428571429,373889.55,Buy
415,2024-03-05T00:00:00+05:30,7140.0,7144.9,7015.0,7057.9,206477,4.296840257359852,6848.208608897496,6642.541651619769,205.6669572777264,167.41165123031433,129.89999999999964,17.600000000000364,147.5,147.5,219.6928571428572,378711.95,Buy
416,2024-03-06T00:00:00+05:30,7041.0,7200.0,6922.15,7152.6,339635,4.254119344852411,6895.038053682496,6680.323751499786,214.71430218270962,176.8721814207934,277.85000000000036,142.10000000000036,135.75,277.85000000000036,232.60357142857148,386855.8,Buy
417,2024-03-07T00:00:00+05:30,7199.0,7236.0,7111.1,7142.95,274115,4.2253858973256255,6933.178353115958,6714.592362499802,218.58599061615587,185.2149432598659,124.89999999999964,83.39999999999964,41.5,124.89999999999964,210.67500000000004,392833.95,Buy
418,2024-03-11T00:00:00+05:30,7184.0,7229.8,7035.0,7051.05,214304,4.066539429314291,6951.31245263658,6739.51515046278,211.79730217379984,190.5314150426527,194.80000000000018,86.85000000000036,107.94999999999982,194.80000000000018,205.8035714285715,395085.6,Buy
419,2024-03-12T00:00:00+05:30,7077.95,7095.0,6859.05,6894.6,319480,3.8138851428326745,6942.58745992326,6751.002917095167,191.58454282809362,190.7420405997409,235.94999999999982,43.94999999999982,192.0,235.94999999999982,213.6571428571429,402611.85,Buy
420,2024-03-13T00:00:00+05:30,6949.0,6949.0,6558.7,6603.9,343690,3.6893036126697214,6890.481696858144,6740.106404717747,150.3752921403966,182.66869090787205,390.3000000000002,54.399999999999636,335.90000000000055,390.3000000000002,230.30000000000004,412238.9,Sell
421,2024-03-14T00:00:00+05:30,6553.2,6848.0,6503.5,6802.75,200602,3.194565421913395,6876.9845127261215,6744.746671034951,132.23784169117062,172.58252106453176,344.5,244.10000000000036,100.39999999999964,344.5,240.86071428571435,410187.9,Sell
422,2024-03-15T00:00:00+05:30,6785.6,6979.95,6722.0,6962.0,288283,2.6909104840732248,6890.063818460564,6760.839510217547,129.22430824301682,163.9108785002288,257.9499999999998,177.19999999999982,80.75,257.9499999999998,246.3928571428572,418084.1,Sell
423,2024-03-18T00:00:00+05:30,6963.0,7061.9,6906.0,7022.05,232402,2.661195514586767,6910.369384851247,6780.188435386618,130.1809494646286,157.16489269310875,155.89999999999964,99.89999999999964,56.0,155.89999999999964,234.2964285714286,374646.6,Sell
424,2024-03-19T00:00:00+05:30,7045.95,7060.0,6920.0,6946.65,193387,2.615686865292669,6915.951017951055,6792.518921654276,123.43209629677949,150.4183334138429,140.0,37.94999999999982,102.05000000000018,140.0,223.02142857142857,344678.65,Sell
425,2024-03-20T00:00:00+05:30,6954.0,7008.95,6839.1,6952.3,199618,2.548880922730094,6921.543169035508,6804.354557087292,117.18861194821602,143.77238912071752,169.84999999999945,62.30000000000018,107.54999999999927,169.84999999999945,218.1535714285714,337909.05,Sell
426,2024-03-21T00:00:00+05:30,7049.95,7079.0,6932.9,7067.75,225768,2.5026434562117985,6944.0365276454295,6823.865330636381,120.17119700904823,139.05215069838366,146.10000000000036,126.69999999999982,19.400000000000546,146.10000000000036,204.16071428571428,335521.5,No Signal
427,2024-03-22T00:00:00+05:30,7040.0,7189.85,7027.0,7165.15,227094,2.560248848379195,6978.053984930748,6849.145676515168,128.90830841558,137.02338224182293,162.85000000000036,122.10000000000036,40.75,162.85000000000036,208.86428571428573,333182.55,No Signal
428,2024-03-26T00:00:00+05:30,7157.0,7286.35,7108.7,7245.65,181186,2.6928260152506533,7019.222602633709,6878.516367143674,140.7062354900354,137.75995289146542,177.65000000000055,121.20000000000073,56.44999999999982,177.65000000000055,209.0071428571429,310214.2,No Signal
429,2024-03-27T00:00:00+05:30,7255.0,7470.0,7255.0,7424.2,340520,2.887159157080008,7081.5268176131385,6918.9373769848835,162.58944062825503,142.72585043882336,215.0,224.35000000000036,9.350000000000364,224.35000000000036,214.49642857142862,284057.65,No Signal
430,2024-03-28T00:00:00+05:30,7486.35,7580.0,7431.45,7479.25,251091,2.8384184074793413,7142.714999518809,6960.442015726744,182.27298379206513,150.63527710947173,148.55000000000018,155.80000000000018,7.25,155.80000000000018,205.77857142857147,273716.75,No Signal
431,2024-04-01T00:00:00+05:30,7520.0,7626.9,7480.05,7592.05,256567,3.002147448164848,7211.8434611313005,7007.227792339578,204.61566879172278,161.43135544592195,146.84999999999945,147.64999999999964,0.8000000000001819,147.64999999999964,207.40357142857147,266975.85,No Signal
432,2024-04-02T00:00:00+05:30,7579.9,7950.0,7554.15,7915.5,482981,3.691474896914279,7320.098313264947,7074.507215129239,245.5910981357083,178.26330398387924,395.85000000000036,357.9499999999998,37.900000000000546,395.85000000000036,221.76428571428576,258912.5,Buy
433,2024-04-03T00:00:00+05:30,7920.0,7922.5,7680.35,7699.45,412950,4.120005235615154,7378.460111224186,7120.799273267814,257.66083795637223,194.14281077837785,242.14999999999964,7.0,235.14999999999964,242.14999999999964,222.20714285714288,277608.1,Buy
434,2024-04-04T00:00:00+05:30,7700.0,7746.8,7599.3,7628.25,253626,4.37249208311917,7416.889324882004,7158.388215988717,258.501108893287,207.0144704013597,147.5,47.350000000000364,100.14999999999964,147.5,204.86428571428573,272188.8,No Signal
435,2024-04-05T00:00:00+05:30,7650.0,7755.0,7619.4,7660.5,322191,4.541021322375501,7454.367890284772,7195.581681471034,258.7862088137381,217.36881808383538,135.60000000000036,126.75,8.850000000000364,135.60000000000036,189.9428571428572,277974.5,No Signal
436,2024-04-08T00:00:00+05:30,7682.05,7749.95,7615.1,7635.3,216902,4.707906647059965,7482.203599471731,7228.153408769476,254.05019070225444,224.7050926075192,134.84999999999945,89.44999999999982,45.399999999999636,134.84999999999945,181.15000000000003,271837.85,No Signal
437,2024-04-09T00:00:00+05:30,7800.0,7878.3,7590.0,7692.45,675112,4.836773419787037,7514.549199553003,7262.545748860626,252.00345069237665,230.1647642244907,288.3000000000002,243.0,45.30000000000018,288.3000000000002,190.60714285714292,291887.7,No Signal
438,2024-04-10T00:00:00+05:30,7740.0,7863.0,7692.45,7828.1,306543,4.95656713988246,7562.787784237156,7304.438656352431,258.349127884725,235.80163695653758,170.55000000000018,170.55000000000018,0.0,170.55000000000018,192.7892857142858,296499.65,No Signal
439,2024-04-12T00:00:00+05:30,7839.0,7983.0,7800.0,7845.4,358563,5.003392463089145,7606.266586662209,7344.509866992992,261.7567196692171,240.9926534990735,183.0,154.89999999999964,28.100000000000364,183.0,193.72857142857154,298453.8,No Signal
440,2024-04-15T00:00:00+05:30,7700.0,7829.0,7625.0,7633.0,248266,4.637484078187075,7610.379419483408,7365.879506474993,244.4999130084152,241.69410540094185,204.0,16.399999999999636,220.39999999999964,220.39999999999964,199.03571428571436,293682.6,No Signal
441,2024-04-16T00:00:00+05:30,7619.8,7673.85,7590.0,7612.0,69804,4.283738883474663,7610.628739562883,7384.110654143512,226.51808541937135,238.65890140462776,83.85000000000036,40.850000000000364,43.0,83.85000000000036,193.3928571428572,287142.7,No Signal
442,2024-04-18T00:00:00+05:30,7419.0,7700.0,7419.0,7498.35,248930,4.070060727284905,7593.355087322439,7392.572827910659,200.78225941178061,231.08357300605834,281.0,88.0,193.0,281.0,200.77500000000003,285175.05,No Signal
443,2024-04-19T00:00:00+05:30,7450.0,7560.0,7198.35,7531.95,556029,3.795193637769725,7583.908150811295,7402.89706288024,181.01108793105504,221.0690759910577,361.64999999999964,61.649999999999636,300.0,361.64999999999964,210.58214285714283,301356.4,Sell
444,2024-04-22T00:00:00+05:30,7680.0,7850.0,7627.45,7821.15,474249,3.352879077304275,7620.406896840326,7433.878761926148,186.52813491417783,214.16088777568174,222.55000000000018,318.0500000000002,95.5,318.0500000000002,222.17142857142855,315399.5,Sell
445,2024-04-23T00:00:00+05:30,7885.45,7892.95,7721.35,7766.65,259805,2.9076833923773453,7642.9058357879685,7458.528483264952,184.37735252301627,208.20418072514866,171.59999999999945,71.80000000000018,99.79999999999927,171.59999999999945,223.8821428571428,318408.85,Sell
446,2024-04-24T00:00:00+05:30,7819.9,8200.0,7775.0,8145.75,610844,2.7497380117349866,7720.266476435973,7509.433780800881,210.83269563509202,208.72988370713736,425.0,433.35000000000036,8.350000000000364,433.35000000000036,226.56071428571425,337662.65,Buy
447,2024-04-25T00:00:00+05:30,8150.0,8190.05,8005.0,8093.4,332031,2.6717124468292304,7777.671633907362,7552.690537778593,224.9810961287685,211.9801261914636,185.05000000000018,44.30000000000018,140.75,185.05000000000018,222.48214285714286,342909.5,Buy
448,2024-04-26T00:00:00+05:30,8169.9,8607.0,8165.0,8580.15,1190118,3.1649669870470634,7901.12984407546,7628.79864609129,272.3311979841701,224.0503405500049,442.0,513.6000000000004,71.60000000000036,513.6000000000004,248.6321428571429,393356.1,Buy
449,2024-04-29T00:00:00+05:30,8568.05,8655.0,8445.05,8470.55,299617,3.583660553718887,7988.732944986928,7691.150598232675,297.5823467542523,238.7567417908544,209.95000000000073,74.85000000000036,135.10000000000036,209.95000000000073,253.9428571428572,391310.95,Buy
450,2024-04-30T00:00:00+05:30,8500.0,8525.0,8325.35,8341.75,287349,3.7839642279350785,8043.043261142785,7739.343146511736,303.70011463104856,251.74541635889324,199.64999999999964,54.45000000000073,145.1999999999989,199.64999999999964,258.5714285714286,393123.85,Buy
451,2024-05-02T00:00:00+05:30,8361.0,8424.0,8270.45,8410.3,237333,3.9601437698377,8099.544297890049,7789.043654177533,310.50064371251574,263.4964618296178,153.54999999999927,82.25,71.29999999999927,153.54999999999927,248.94642857142858,392162.15,Buy
452,2024-05-03T00:00:00+05:30,8460.0,8494.75,8324.95,8451.65,261496,4.211810492342927,8153.714405906964,7838.125605719938,315.5888001870262,273.9149295010995,169.79999999999927,84.45000000000073,85.34999999999854,169.79999999999927,248.89285714285708,381087.9,Buy
453,2024-05-06T00:00:00+05:30,8500.0,8503.0,8312.55,8414.4,129570,4.380734849119114,8193.819881921278,7880.812597888831,313.0072840324465,281.7334004073689,190.45000000000073,51.350000000000364,139.10000000000036,190.45000000000073,249.42499999999998,366918.9,Buy
454,2024-05-07T00:00:00+05:30,8410.5,8490.0,8277.7,8303.95,216970,4.434533044614938,8210.762977010312,7912.156109156325,298.60686785398684,285.1080938966925,212.29999999999927,75.60000000000036,136.6999999999989,212.29999999999927,248.84642857142853,365086.1,Buy
455,2024-05-08T00:00:00+05:30,8374.0,8509.95,8304.5,8412.15,274013,4.4165225165202715,8241.745595931803,7949.192693663264,292.5529022685387,286.59705557106173,205.45000000000073,206.0,0.5499999999992724,206.0,257.5714285714285,362677.2,Buy
456,2024-05-09T00:00:00+05:30,8438.7,8493.95,8232.1,8268.6,221828,4.396343581065593,8245.877042711525,7972.852494132652,273.0245485788728,283.88255417262394,261.85000000000036,81.80000000000109,180.04999999999927,261.85000000000036,256.20357142857137,362923.5,Sell
457,2024-05-10T00:00:00+05:30,8320.0,8450.0,8240.0,8418.55,156942,4.294573999692502,8272.442113063598,8005.8671241969005,266.5749888666978,280.42104111143874,210.0,181.39999999999964,28.600000000000364,210.0,245.37142857142857,337015.0,Sell
458,2024-05-13T00:00:00+05:30,8449.0,8449.9,8176.1,8262.7,344010,4.331051781904257,8270.94332643843,8024.891781663797,246.05154477463293,273.5471418440776,273.7999999999993,31.350000000000364,242.4499999999989,273.7999999999993,242.2107142857142,338888.35,Sell
459,2024-05-14T00:00:00+05:30,8310.0,8310.0,8044.0,8065.45,388314,4.370591068606348,8239.328968524826,8027.896094133145,211.43287439168034,261.12428835359816,266.0,47.29999999999927,218.70000000000073,266.0,248.9535714285714,340375.9,Sell
460,2024-05-15T00:00:00+05:30,8095.0,8146.0,7932.55,8043.4,349794,4.150005903892888,8209.186050290236,8029.044531604764,180.14151868547197,244.92773441997295,213.44999999999982,80.55000000000018,132.89999999999964,213.44999999999982,233.24642857142848,345452.3,No Signal
461,2024-05-16T00:00:00+05:30,8035.0,8349.0,8020.2,8259.85,1642551,3.7514807811104793,8216.980504091738,8046.141232967375,170.83927112436322,230.11004176085103,328.8000000000002,305.60000000000036,23.199999999999818,328.8000000000002,243.51428571428565,424089.65,Sell
462,2024-05-17T00:00:00+05:30,8310.0,9062.0,8310.0,8938.4,2504202,3.4785433014522886,8327.968118846855,8112.234474969791,215.7336438770635,227.23476218409354,752.0,802.1499999999996,50.149999999999636,802.1499999999996,264.1249999999999,536853.25,Sell
463,2024-05-18T00:00:00+05:30,8998.4,9050.0,8849.15,8954.0,55642,3.355967081837284,8424.28071594734,8174.587476823881,249.69323912345862,231.72645757196656,200.85000000000036,111.60000000000036,89.25,200.85000000000036,263.47499999999985,511833.9,Buy
464,2024-05-21T00:00:00+05:30,8962.05,9169.2,8890.6,9124.4,574111,3.5787582454583506,8531.991375032365,8244.943960022112,287.04741501025273,242.7906490596238,278.60000000000036,215.20000000000073,63.399999999999636,278.60000000000036,269.1142857142856,516827.0,Buy
465,2024-05-22T00:00:00+05:30,9279.95,9488.2,9155.15,9285.7,779953,3.7757190639238893,8647.946548104308,8322.037000020475,325.9095480838332,259.4144288644657,333.0500000000011,363.8000000000011,30.75,363.8000000000011,284.13214285714287,542834.4,Buy
466,2024-05-23T00:00:00+05:30,9345.0,9391.15,9192.0,9226.6,299336,4.131677459746371,8736.97015608826,8389.041666685625,347.928489402635,277.1172409720996,199.14999999999964,105.44999999999891,93.70000000000073,199.14999999999964,286.22857142857146,527259.0,Buy
467,2024-05-24T00:00:00+05:30,9231.0,9379.0,9224.0,9298.2,380911,4.358913164677504,8823.313208997759,8456.386728412615,366.9264805851435,295.0790888947084,155.0,152.39999999999964,2.600000000000364,155.0,283.69642857142856,529703.0,Buy
468,2024-05-27T00:00:00+05:30,9360.9,9360.9,9178.7,9264.7,253170,4.679510701866097,8891.21886915195,8516.261785567236,374.9570835847135,311.0546878327094,182.1999999999989,62.69999999999891,119.5,182.1999999999989,281.5464285714285,482855.6,Buy
469,2024-05-28T00:00:00+05:30,9265.0,9270.0,9051.05,9097.15,270994,4.89555933988669,8922.900581590111,8559.290542191886,363.6100393982251,321.5657581458126,218.95000000000073,5.299999999999272,213.65000000000146,218.95000000000073,282.4714285714286,481424.45,Buy
470,2024-05-29T00:00:00+05:30,9089.5,9255.0,9008.0,9238.7,347701,4.962686141808196,8971.485107499326,8609.61716869619,361.867938803136,329.6261942772773,247.0,157.85000000000036,89.14999999999964,247.0,281.4107142857143,484442.05,Buy
471,2024-05-30T00:00:00+05:30,9248.95,9340.0,9155.55,9308.0,300664,5.088844812764404,9023.256629422507,8661.349230274249,361.90739914825826,336.0824352514735,184.45000000000073,101.29999999999927,83.15000000000146,184.45000000000073,279.58571428571435,487608.6,Buy
472,2024-05-31T00:00:00+05:30,9360.0,9458.0,9240.05,9396.35,434608,5.225903879920628,9080.655609511352,8715.793731735415,364.8618777759366,341.83832375636615,217.95000000000073,150.0,67.95000000000073,217.95000000000073,275.5964285714287,496264.2,Buy
473,2024-06-03T00:00:00+05:30,9639.9,9949.45,9537.8,9886.0,493881,5.47458742515961,9204.554746509606,8802.475677532791,402.0790689768146,353.88647280045586,411.65000000000146,553.1000000000004,141.4499999999989,553.1000000000004,296.1035714285716,514479.75,Buy
474,2024-06-04T00:00:00+05:30,9850.0,9850.0,8453.0,8851.4,838141,5.938336026832876,9150.22324704659,8806.09970141925,344.1235456273389,351.9338873658325,1397.0,36.0,1433.0,1433.0,383.2142857142859,545538.3,Sell
475,2024-06-05T00:00:00+05:30,9100.0,9547.15,8700.0,9470.3,605785,5.589005885876663,9199.465824424038,8855.299723536344,344.1661008876945,350.38033007020493,847.1499999999996,695.75,151.39999999999964,847.1499999999996,420.23928571428587,562126.9,Sell
476,2024-06-06T00:00:00+05:30,9549.0,9857.95,9458.9,9762.0,381934,5.49009080034232,9286.009543743417,8922.462706978096,363.54683676532113,353.0136314092282,399.0500000000011,387.65000000000146,11.399999999999636,399.0500000000011,391.44642857142884,570132.2,Buy
477,2024-06-07T00:00:00+05:30,9949.95,10088.1,9870.0,9985.1,608213,5.601246499122065,9393.561921629045,9001.176580535275,392.38534109376997,360.88797334613656,218.10000000000036,326.10000000000036,108.0,326.10000000000036,400.3928571428574,592695.75,Buy
478,2024-06-10T00:00:00+05:30,10059.4,10263.0,10007.55,10085.55,406529,5.617503964194802,9500.021625993808,9081.500537532662,418.52108846114606,372.4145963691385,255.45000000000073,277.89999999999964,22.44999999999891,277.89999999999964,400.3428571428573,595821.7,Buy
479,2024-06-11T00:00:00+05:30,10090.25,10221.95,10065.2,10140.5,229467,5.3422479166072145,9598.556760456298,9159.944942159873,438.61181829642555,385.65404075459594,156.75,136.40000000000146,20.349999999998545,156.75,385.55357142857156,587879.35,Buy
480,2024-06-12T00:00:00+05:30,10190.0,10347.95,10160.05,10317.5,327954,4.90238771763288,9709.163412693792,9245.689761259142,463.4736514346496,401.2179628906067,187.90000000000146,207.45000000000073,19.549999999999272,207.45000000000073,386.14642857142877,586787.35,Buy
481,2024-06-13T00:00:00+05:30,10398.0,10888.8,10354.4,10855.7,626786,4.897964989541407,9885.553656894746,9364.94977894365,520.6038779510964,425.09514590270464,534.3999999999996,571.2999999999993,36.899999999999636,571.2999999999993,415.88214285714304,535999.1,Buy
482,2024-06-14T00:00:00+05:30,10959.0,11458.9,10864.85,11242.85,1264875,5.668212764268443,10094.36847891094,9504.053499021898,590.3149798890408,458.1391126999719,594.0499999999993,603.1999999999989,9.149999999999636,603.1999999999989,445.9535714285716,474032.75,Buy
483,2024-06-18T00:00:00+05:30,11335.0,11569.6,11140.0,11546.85,558513,6.452706936732403,10317.827174463102,9655.371758353609,662.455416109493,499.00237338187617,429.60000000000036,326.75,102.85000000000036,429.60000000000036,461.0000000000001,499176.3,Buy
484,2024-06-19T00:00:00+05:30,11546.85,11546.85,11304.1,11336.35,383979,7.109997716675531,10474.52299377647,9779.88866514223,694.6343286342399,538.1287644323489,242.75,0.0,242.75,242.75,460.6964285714287,489669.7,Buy
485,2024-06-20T00:00:00+05:30,11400.0,11578.85,11180.0,11485.4,359637,7.560491694775129,10630.042533195476,9906.222838094658,723.8196951008176,575.2669505660427,398.85000000000036,242.5,156.35000000000036,398.85000000000036,476.0107142857144,468653.9,Buy
486,2024-06-21T00:00:00+05:30,11485.4,11679.9,11480.95,11539.1,384213,7.922099288413778,10769.897528088479,10027.176701939497,742.7208261489814,608.7577256826305,198.9499999999989,194.5,4.449999999998909,198.9499999999989,474.6535714285714,472897.75,Buy
487,2024-06-24T00:00:00+05:30,11500.0,11659.55,11412.85,11605.15,236601,8.200686756226881,10898.39790838256,10144.063612906943,754.3342954756172,637.8730396412278,246.6999999999989,120.44999999999891,126.25,246.6999999999989,452.767857142857,465682.25,Buy
488,2024-06-25T00:00:00+05:30,11649.9,11745.85,11580.0,11684.25,242691,8.363555227742731,11019.298230169858,10258.151493432355,761.1467367375026,662.5277790604828,165.85000000000036,140.70000000000073,25.149999999999636,165.85000000000036,362.25714285714275,465158.3,No Signal
489,2024-06-26T00:00:00+05:30,11700.0,11723.0,11376.2,11398.05,340002,8.407084594868651,11077.567733220649,10342.588419844773,734.9793133758758,677.0180859235614,346.7999999999993,38.75,308.0499999999993,346.7999999999993,326.517857142857,468608.7,No Signal
490,2024-06-27T00:00:00+05:30,11400.0,11948.5,11372.15,11760.8,765244,8.12411716309409,11182.680389648242,10447.6411294859,735.0392601623407,688.6223207713174,576.3500000000004,550.4500000000007,25.899999999999636,576.3500000000004,339.18214285714265,489485.85,No Signal
491,2024-06-28T00:00:00+05:30,11760.8,12149.0,11650.05,11971.3,506059,7.96925524123238,11304.006483548512,10560.504749523981,743.5017340245304,699.59820342196,498.9500000000007,388.2000000000007,110.75,498.9500000000007,351.5285714285713,499755.6,No Signal
492,2024-07-01T00:00:00+05:30,12099.0,12495.85,12086.45,12446.45,566434,7.8376460845152405,11479.767024541048,10700.20439770739,779.5626268336582,715.5910881042996,409.39999999999964,524.5500000000011,115.15000000000146,524.5500000000011,369.14642857142854,506346.9,No Signal
493,2024-07-02T00:00:00+05:30,12475.0,12543.3,12330.1,12517.4,472641,8.09080669110225,11639.402866919349,10834.811479358694,804.5913875606548,733.3911479955707,213.1999999999989,96.84999999999854,116.35000000000036,213.1999999999989,373.1785714285713,505284.9,No Signal
494,2024-07-03T00:00:00+05:30,12579.5,12879.0,12520.95,12648.85,496849,7.4491808537409305,11794.702425854834,10969.184703109902,825.5177227449312,751.8164629454428,358.0499999999993,361.60000000000036,3.5500000000010914,361.60000000000036,384.1892857142856,488220.3,No Signal
495,2024-07-04T00:00:00+05:30,12770.0,12865.0,12590.0,12658.45,455066,7.148873104464888,11927.586668031014,11094.315465842503,833.2712021885109,768.1074107940565,275.0,216.14999999999964,58.850000000000364,275.0,363.0249999999999,480684.35,No Signal
496,2024-07-05T00:00:00+05:30,12720.0,12720.0,12420.0,12505.95,348321,6.864066964198763,12016.565642180089,11198.880986891207,817.6846552888819,778.0228596930216,300.0,61.54999999999927,238.45000000000073,300.0,341.36785714285713,479003.7,No Signal
497,2024-07-08T00:00:00+05:30,12549.0,12638.95,12381.2,12482.5,219539,6.478765699904483,12088.247851075459,11293.963876751117,794.2839743243421,781.2750826192857,257.75,133.0,124.75,257.75,329.0928571428571,459570.0,No Signal
498,2024-07-09T00:00:00+05:30,12564.7,12651.0,12490.0,12531.85,236162,5.973076015165205,12156.494335525389,11385.659145139924,770.8351903854655,779.1871041725217,161.0,168.5,7.5,168.5,323.78928571428565,451051.65,No Signal
499,2024-07-10T00:00:00+05:30,12640.0,12640.85,12164.3,12412.1,315396,5.328011428257147,12195.8182839061,11461.691801055485,734.1264828506137,770.1749799081401,476.5500000000011,109.0,367.5500000000011,476.5500000000011,329.3392857142857,455348.1,No Signal
500,2024-07-11T00:00:00+05:30,12499.0,12640.0,12370.0,12613.3,235805,4.562435482820656,12260.046240228237,11546.996112088413,713.0501281398247,758.7500095544771,270.0,227.89999999999964,42.100000000000364,270.0,334.41428571428577,450740.65,No Signal
501,2024-07-12T00:00:00+05:30,12640.0,12689.4,12380.0,12410.0,249180,4.194338494603449,12283.116049423894,11610.922326007789,672.1937234161051,741.4387523268027,309.39999999999964,76.10000000000036,233.29999999999927,309.39999999999964,338.8928571428573,431860.35,No Signal
502,2024-07-15T00:00:00+05:30,12500.0,12709.8,12400.0,12679.6,208967,3.9717541245108317,12344.113580281757,11690.083635192397,654.0299450893599,723.9569908793142,309.7999999999993,299.7999999999993,10.0,309.7999999999993,349.17500000000007,379064.95,No Signal
503,2024-07-16T00:00:00+05:30,12750.0,12754.55,12520.0,12551.8,181190,3.9383112704717256,12376.065337161486,11753.914477029997,622.150860131489,703.5957647297491,234.54999999999927,74.94999999999891,159.60000000000036,234.54999999999927,341.1571428571429,360198.8,No Signal
504,2024-07-18T00:00:00+05:30,12480.0,12480.0,11650.15,11945.85,768679,3.8358312281458957,12309.878362213565,11768.131923175923,541.7464390376426,671.2258995913279,829.8500000000004,71.79999999999927,901.6499999999996,901.6499999999996,364.39285714285717,379433.8,No Signal
505,2024-07-19T00:00:00+05:30,11945.85,11945.85,11210.55,11267.2,775060,4.2433625647240065,12149.4663064884,11731.02585479252,418.44045169588026,620.6688100122384,735.3000000000011,0.0,735.3000000000011,735.3000000000011,381.27500000000003,400204.95,Sell
506,2024-07-22T00:00:00+05:30,11267.2,11475.0,10932.95,11353.45,587418,4.340643950120544,12027.00225933634,11703.057272956037,323.944986380302,561.3240452858512,542.0499999999993,207.79999999999927,334.25,542.0499999999993,382.5249999999999,410365.2,Sell
507,2024-07-23T00:00:00+05:30,11430.0,11452.5,10620.0,10943.1,743492,5.040916626787806,11860.248065592286,11646.764141625961,213.48392396632516,491.756021021946,832.5,99.04999999999927,733.4500000000007,832.5,426.76071428571424,435709.75,Sell
508,2024-07-24T00:00:00+05:30,10880.05,11111.0,10722.0,10987.65,420853,5.475176662059705,11726.00220934732,11597.94087187589,128.0613374714303,419.0170843118429,389.0,167.89999999999964,221.10000000000036,389.0,428.7178571428571,444617.85,Sell
509,2024-07-25T00:00:00+05:30,10850.0,10975.0,10741.45,10910.15,241219,5.869586081072354,11600.486484832347,11546.993399885083,53.493084947263924,345.91228443892714,233.54999999999927,12.649999999999636,246.1999999999989,246.1999999999989,426.66071428571416,439678.7,Sell
510,2024-07-26T00:00:00+05:30,10970.0,11312.0,10945.1,11272.6,292939,5.873705969680235,11550.042410242755,11526.667962856558,23.374447386197062,281.4047170283811,366.89999999999964,401.85000000000036,34.95000000000073,401.85000000000036,433.9357142857142,416063.45,Sell
511,2024-07-29T00:00:00+05:30,11349.95,11675.95,11225.0,11627.65,459091,5.752182645112284,11561.982039436178,11534.148113756073,27.833925680104585,230.69055875872584,450.9500000000007,403.35000000000036,47.600000000000364,450.9500000000007,447.7357142857142,413715.05,Sell
512,2024-07-30T00:00:00+05:30,11689.0,12038.0,11530.0,11977.35,898741,5.526823645785639,11625.884802599843,11566.977883107475,58.906919492368615,196.33383090545442,508.0,410.35000000000036,97.64999999999964,508.0,471.9857142857142,430330.4,Sell
513,2024-07-31T00:00:00+05:30,12601.1,12690.0,12060.1,12106.45,1805812,5.3842959152981456,11699.817909892176,11606.93878065507,92.8791292371061,175.64289057178476,629.8999999999996,712.6499999999996,82.75,712.6499999999996,488.84999999999985,496988.95,Sell
514,2024-08-01T00:00:00+05:30,12199.95,12199.95,11592.0,11670.55,667577,5.455381452967355,11695.315154524149,11611.650722828768,83.6644316953807,157.24719879650397,607.9500000000007,93.5,514.4500000000007,607.9500000000007,512.9892857142856,505525.35,Sell
515,2024-08-02T00:00:00+05:30,11550.0,11818.95,11414.6,11654.55,486190,5.29199232618679,11689.043592289665,11614.828447063674,74.21514522599136,140.64078808240146,404.35000000000036,148.40000000000146,255.9499999999989,404.35000000000036,519.7714285714285,507081.55,Sell
516,2024-08-05T00:00:00+05:30,10950.05,11514.7,10950.05,11141.6,621110,5.574471614101494,11604.821501168179,11579.77448802192,25.047013146258905,117.52203309517296,564.6500000000015,139.84999999999854,704.5,704.5,547.9642857142857,520721.0,Sell
517,2024-08-06T00:00:00+05:30,11400.0,11569.95,11066.75,11110.85,488736,5.585711877791437,11528.825885603843,11545.039340761037,-16.213455157194403,90.7749354446995,503.2000000000007,428.35000000000036,74.85000000000036,503.2000000000007,567.1535714285716,534180.85,Sell
518,2024-08-07T00:00:00+05:30,11350.0,11686.85,11308.0,11606.9,428350,5.116214166857999,11540.837287818636,11549.621611815775,-8.784323997138927,70.86308355633182,378.85000000000036,576.0,197.14999999999964,576.0,543.8928571428572,543790.25,Sell
519,2024-08-08T00:00:00+05:30,11640.0,11744.0,11411.1,11453.75,287000,4.99982991261782,11527.439243538845,11542.520010940532,-15.080767401686899,53.67431336472808,332.89999999999964,137.10000000000036,195.79999999999927,332.89999999999964,515.15,542370.45,Sell
520,2024-08-09T00:00:00+05:30,11585.0,11800.05,11553.75,11740.45,341383,4.49773451958941,11560.210129148254,11557.181491611604,3.0286375366504217,43.54517819911255,246.29999999999927,346.2999999999993,100.0,346.2999999999993,501.16785714285714,547649.35,Sell
521,2024-08-12T00:00:00+05:30,11739.65,11900.0,11559.9,11664.25,489671,4.240735431283893,11576.216263125445,11565.112492232965,11.103770892479588,37.056896737785955,340.10000000000036,159.54999999999927,180.5500000000011,340.10000000000036,465.9964285714286,559673.9,Sell
522,2024-08-13T00:00:00+05:30,11837.15,12092.0,11737.8,11986.15,732893,3.624123833092094,11639.282991875376,11596.300455771265,42.982536104111205,38.24202461105101,354.2000000000007,427.75,73.54999999999927,427.75,468.7642857142858,585870.2,Buy
523,2024-08-14T00:00:00+05:30,12079.85,12149.0,11840.0,11913.9,472500,3.159388810321234,11681.531762356088,11619.826347936356,61.705414419731824,42.934702572787174,309.0,162.85000000000036,146.14999999999964,309.0,473.2500000000001,600435.7,Buy
524,2024-08-16T00:00:00+05:30,12087.0,12423.6,12025.2,12374.9,595362,3.3344434860242695,11788.20379891669,11675.7577295707,112.4460693459896,56.836975927427666,398.39999999999964,509.7000000000007,111.30000000000109,509.7000000000007,480.9535714285716,591769.85,Buy
525,2024-08-19T00:00:00+05:30,12550.0,12835.0,12419.8,12779.95,710397,3.845600709542768,11940.78013754489,11757.5497496025,183.23038794239073,82.11565833042029,415.2000000000007,460.10000000000036,44.899999999999636,460.10000000000036,481.607142857143,588536.7,Buy
526,2024-08-20T00:00:00+05:30,12900.0,12920.0,12550.0,12675.7,498231,4.2682781364076305,12053.844731768753,11825.560879261575,228.28385250717838,111.34929716577192,370.0,140.04999999999927,229.95000000000073,370.0,471.7500000000001,584077.35,No Signal
527,2024-08-21T00:00:00+05:30,12710.0,12787.95,12526.1,12736.2,364749,4.402555654007939,12158.822465342791,11893.015628945903,265.8068363968887,142.2408050119953,261.85000000000036,112.25,149.60000000000036,261.85000000000036,439.5500000000002,565140.2,No Signal
528,2024-08-22T00:00:00+05:30,12736.2,12875.0,12690.05,12859.75,265980,4.504520517798965,12266.65747067467,11964.625582357317,302.03188831735315,174.19902167306688,184.95000000000073,138.79999999999927,46.150000000001455,184.95000000000073,409.33571428571446,557396.55,No Signal
529,2024-08-23T00:00:00+05:30,12880.0,13394.9,12800.0,13270.55,881956,4.6288647121871005,12421.102475186259,12061.360724404924,359.7417507813352,211.30756749472056,594.8999999999996,535.1499999999996,59.75,594.8999999999996,422.9464285714287,589433.4,No Signal
530,2024-08-26T00:00:00+05:30,13399.0,13639.8,13295.0,13393.45,643656,4.9752997453996,12570.69440208068,12160.034004078632,410.66039800204817,251.1781335961861,344.7999999999993,369.25,24.450000000000728,369.25,399.0000000000001,606969.25,No Signal
531,2024-08-27T00:00:00+05:30,13399.95,13459.8,13190.0,13227.55,359710,5.316900075069588,12671.749109452883,12239.10926303577,432.6398464171125,287.4704761603714,269.7999999999993,66.34999999999854,203.45000000000073,269.7999999999993,382.3285714285715,602000.2,No Signal
532,2024-08-28T00:00:00+05:30,13271.25,13415.0,13158.0,13247.8,363452,5.597717373024383,12760.372323383208,12313.82709540349,446.5452279797173,319.2854265242406,257.0,187.45000000000073,69.54999999999927,257.0,359.54285714285714,575235.75,No Signal
533,2024-08-29T00:00:00+05:30,13284.0,13320.0,13080.0,13201.9,448393,5.845752060394899,12828.29965824733,12379.61027352175,448.68938472557966,345.16621816450845,240.0,72.20000000000073,167.79999999999927,240.0,352.9071428571429,507364.8,No Signal
534,2024-08-30T00:00:00+05:30,13311.0,13625.0,12865.0,13170.95,4621055,5.934909454889693,12881.015095440049,12438.228031038658,442.78706440139104,364.69038741188496,760.0,423.10000000000036,336.89999999999964,760.0,382.45714285714297,705038.7,No Signal
535,2024-09-02T00:00:00+05:30,13160.0,13160.0,12490.1,12614.45,725442,6.067265649462357,12840.005080756964,12451.281510220979,388.72357053598535,369.49702403670506,669.8999999999996,10.950000000000728,680.8500000000004,680.8500000000004,406.7964285714287,717001.3,No Signal
536,2024-09-03T00:00:00+05:30,12650.0,13020.0,12637.8,12991.8,565598,5.497830032343378,12863.358145255892,12491.319916871276,372.03822838461565,370.0052649062872,382.2000000000007,405.5499999999993,23.349999999998545,405.5499999999993,405.21071428571435,714225.7,No Signal
537,2024-09-04T00:00:00+05:30,12990.0,12990.0,12692.15,12777.85,411393,4.981549107670885,12850.203045985754,12512.544367473403,337.6586785123509,363.5359476275,297.85000000000036,1.7999999999992724,299.64999999999964,299.64999999999964,404.54285714285714,710358.55,No Signal
538,2024-09-05T00:00:00+05:30,12800.0,12833.55,12360.2,12412.2,440981,4.798509494570307,12782.817961987947,12505.111451364262,277.70651062368415,346.3700602267368,473.34999999999854,55.69999999999891,417.64999999999964,473.34999999999854,401.94642857142844,710990.1,No Signal
539,2024-09-06T00:00:00+05:30,12484.0,12484.0,12043.05,12063.85,437339,4.526200211730806,12672.207506297493,12472.425417929873,199.7820883676195,317.05246585491335,440.9500000000007,71.79999999999927,369.15000000000146,440.9500000000007,400.5785714285713,718507.05,No Signal
540,2024-09-09T00:00:00+05:30,12040.0,12443.6,12022.0,12401.45,421135,4.082694963611589,12630.552505328647,12467.167979564698,163.38452576394957,286.3188778367206,421.60000000000036,379.75,41.850000000000364,421.60000000000036,404.2642857142856,722494.65,No Signal
541,2024-09-10T00:00:00+05:30,12675.0,12675.0,12425.1,12516.85,456291,3.5800317016946184,12613.059812201163,12470.848129226571,142.2116829745919,257.4974388642949,249.89999999999964,273.5499999999993,23.649999999999636,273.5499999999993,405.09999999999985,720825.65,No Signal
542,2024-09-11T00:00:00+05:30,12600.0,12976.8,12480.0,12724.3,614105,3.2420488146154556,12630.173687247137,12489.622341876455,140.5513453706826,234.10822016557248,496.7999999999993,459.9499999999989,36.850000000000364,496.7999999999993,427.3749999999997,714886.25,Sell
543,2024-09-12T00:00:00+05:30,13000.0,13100.0,12781.65,12852.6,410265,2.803864328227808,12664.393119978347,12516.509575811533,147.88354416681432,216.86328496582087,318.35000000000036,375.7000000000007,57.350000000000364,375.7000000000007,411.717857142857,711774.5,No Signal
544,2024-09-13T00:00:00+05:30,12923.85,13120.0,12790.0,13027.65,361553,2.669556046734032,12720.278793827832,12554.371829455124,165.9069643727089,206.67202084719847,330.0,267.39999999999964,62.600000000000364,330.0,408.91428571428554,700084.05,Sell
545,2024-09-16T00:00:00+05:30,13170.0,14056.0,13050.5,13990.3,1572108,3.0794762391384354,12915.666671700474,12660.736879125114,254.9297925753599,216.32357519283076,1005.5,1028.3500000000004,22.850000000000364,1028.3500000000004,463.0964285714285,743169.6,Buy
546,2024-09-17T00:00:00+05:30,13999.0,14189.95,13650.0,14091.3,782421,3.556900491210401,13096.53333759271,12766.704517708438,329.82881988427107,239.02462413111883,539.9500000000007,199.65000000000146,340.2999999999993,539.9500000000007,483.3071428571428,757379.1,Buy
547,2024-09-18T00:00:00+05:30,14050.0,14185.0,13900.0,14061.0,484058,3.9286961933270867,13244.912824116907,12862.578257137442,382.3345669794653,267.68661270078815,285.0,93.70000000000073,191.29999999999927,285.0,486.52142857142854,763344.55,Buy
548,2024-09-19T00:00:00+05:30,14150.45,14399.95,13310.0,13748.4,969959,4.161405438853197,13322.372389637383,12928.194682534668,394.17770710271543,292.98483158117364,1089.9500000000007,338.9500000000007,751.0,1089.9500000000007,510.0892857142857,798543.5,Buy
549,2024-09-20T00:00:00+05:30,13950.0,14045.0,13583.55,13995.6,610684,4.33117142000817,13425.94586815471,13007.261743087654,418.684125067055,318.12469027834993,461.4500000000007,296.60000000000036,164.85000000000036,461.4500000000007,494.41785714285714,784979.9,Buy
550,2024-09-23T00:00:00+05:30,14100.0,14320.0,14000.0,14254.85,464206,4.593920841825283,13553.469580746292,13099.675688044124,453.7938927021678,345.2585307631135,320.0,324.39999999999964,4.399999999999636,324.39999999999964,488.6214285714286,776007.4,Buy
551,2024-09-24T00:00:00+05:30,14300.0,14498.0,14175.0,14340.85,505840,4.919429984192374,13674.605029862247,13191.614525966781,482.99050389546574,372.804925389584,323.0,243.14999999999964,79.85000000000036,323.0,490.28928571428577,783313.9,Buy
552,2024-09-25T00:00:00+05:30,14375.0,14475.0,14020.8,14171.9,423470,5.198174888759047,13751.111948344978,13264.228264784057,486.8836835609218,395.6206770238516,454.2000000000007,134.14999999999964,320.0500000000011,454.2000000000007,488.9214285714288,786314.8,Buy
553,2024-09-26T00:00:00+05:30,14195.0,14195.0,13825.0,14100.0,369801,5.385129107584223,13804.787033214981,13326.137282207459,478.64975100752235,412.2264918205858,370.0,23.100000000000364,346.89999999999964,370.0,483.8535714285716,782385.2,Buy
554,2024-09-27T00:00:00+05:30,14115.5,14195.65,13933.3,14037.65,247943,5.522226014333454,13840.612105028062,13378.84192796987,461.7701770581916,422.135228868107,262.35000000000036,95.64999999999964,166.70000000000073,262.35000000000036,472.4785714285716,563729.6,Buy
555,2024-09-30T00:00:00+05:30,14024.6,14036.8,13754.0,13802.95,325632,5.510035508569618,13834.817935023744,13410.257340712842,424.56059431090216,422.620301956666,282.7999999999993,0.8500000000003638,283.64999999999964,283.64999999999964,473.2000000000002,543739.1,Buy
556,2024-10-01T00:00:00+05:30,13855.0,14265.0,13830.0,14195.8,404313,5.442299750168631,13890.353637327784,13468.445685845225,421.90795148255893,422.4778318618446,435.0,462.0499999999993,27.049999999999272,462.0499999999993,470.7178571428573,535674.85,Sell
557,2024-10-03T00:00:00+05:30,13893.5,14099.0,13572.0,13619.95,460419,5.544374692805844,13848.753077738895,13479.668227634467,369.08485010442746,411.7992355103612,527.0,96.79999999999927,623.7999999999993,623.7999999999993,488.4392857142858,538126.15,Sell
558,2024-10-04T00:00:00+05:30,13624.55,13949.9,13425.0,13634.0,478491,5.198482354224227,13815.714142702142,13491.100210772654,324.6139319294871,394.3621747941864,524.8999999999996,329.9499999999989,194.95000000000073,524.8999999999996,502.3607142857144,540001.65,Sell
559,2024-10-07T00:00:00+05:30,13722.3,13781.0,13350.0,13509.75,253984,4.538120357401682,13768.642736132582,13492.481676641346,276.1610594912363,370.72195173359637,431.0,147.0,284.0,431.0,459.6928571428572,530833.9,No Signal
560,2024-10-08T00:00:00+05:30,13506.0,14594.45,13465.65,14519.0,1221261,3.901752202562843,13884.082315189107,13568.520070964209,315.5622442248987,359.69001023185683,1128.800000000001,1084.7000000000007,44.100000000000364,1128.800000000001,501.7535714285715,570840.2,Sell
561,2024-10-09T00:00:00+05:30,14550.0,14934.95,14520.0,14805.2,716292,3.5954612083269555,14025.792728236936,13660.125991633526,365.66673660341075,360.8853555061676,414.9500000000007,415.9500000000007,1.0,415.9500000000007,511.107142857143,583840.25,Buy
562,2024-10-10T00:00:00+05:30,14886.95,15100.0,14815.0,14933.55,472580,3.414456366361297,14165.447693123562,13754.453695956969,410.99399716659354,370.90708383825284,285.0,294.7999999999993,9.799999999999272,294.7999999999993,454.3107142857143,576764.0,No Signal
563,2024-10-11T00:00:00+05:30,14933.55,15188.9,14837.35,15143.65,299209,3.298032058464769,14315.940355719937,13857.357125886083,458.5832298338537,388.442313037373,351.5499999999993,255.35000000000036,96.19999999999891,351.5499999999993,446.46071428571423,571211.2,No Signal
564,2024-10-14T00:00:00+05:30,15129.55,15298.0,15030.0,15265.05,240163,3.2582565893540445,14461.957224070715,13961.630672116744,500.3265519539709,410.8191608206926,268.0,154.35000000000036,113.64999999999964,268.0,442.4321428571428,565141.7,No Signal
565,2024-10-15T00:00:00+05:30,15265.05,15423.95,15248.75,15404.45,208208,3.6406062714099985,14606.95611267522,14068.506177885874,538.4499347893452,436.34531561442316,175.20000000000073,158.90000000000146,16.299999999999272,175.20000000000073,431.875,496946.7,No Signal
566,2024-10-16T00:00:00+05:30,15395.0,15494.0,15230.6,15318.1,193121,3.94497295283121,14716.36286457134,14161.068683227662,555.2941813436773,460.135088760274,263.39999999999964,89.54999999999927,173.85000000000036,263.39999999999964,418.2464285714285,467481.7,No Signal
567,2024-10-17T00:00:00+05:30,15318.1,15393.5,14975.35,15130.85,231984,4.130681644699321,14780.13011617575,14232.90433632191,547.2257798538394,477.55322697898714,418.14999999999964,75.39999999999964,342.75,418.14999999999964,421.6857142857142,454878.0,No Signal
568,2024-10-18T00:00:00+05:30,14965.0,15453.1,14909.0,15381.8,326908,4.175911272439419,14872.694713687173,14318.007718816583,554.6869948705898,492.9799805573077,544.1000000000004,322.25,221.85000000000036,544.1000000000004,441.8107142857142,422725.45,No Signal
569,2024-10-21T00:00:00+05:30,15470.0,15600.0,15273.4,15390.55,254268,4.305108441617168,14952.3647577353,14397.45529520054,554.9094625347607,505.3658769527983,326.60000000000036,218.20000000000073,108.39999999999964,326.60000000000036,444.8785714285714,404904.65,No Signal
570,2024-10-22T00:00:00+05:30,15450.0,15460.0,14850.0,14908.0,320872,4.450406023664889,14945.539410391408,14435.273421481981,510.2659889094266,506.345899344124,610.0,69.45000000000073,540.5499999999993,610.0,455.44642857142856,397737.95,No Signal
571,2024-10-23T00:00:00+05:30,14865.0,15450.95,14858.35,15284.45,390912,4.441687215828257,14997.679501100421,14498.175390261094,499.50411083932704,504.9775416431646,592.6000000000004,542.9500000000007,49.649999999999636,592.6000000000004,453.2178571428572,391991.55,No Signal
572,2024-10-24T00:00:00+05:30,15310.0,15500.0,14916.3,15055.3,340257,4.4927409228907695,15006.544193238818,14539.443879871384,467.10031336743486,497.4020959880187,583.7000000000007,215.54999999999927,368.15000000000146,583.7000000000007,457.4178571428573,387830.9,No Signal
573,2024-10-25T00:00:00+05:30,15900.0,15900.0,13062.3,13937.2,4173607,4.911831642496929,14842.029701971307,14494.833222103132,347.1964798681747,467.3609727640499,2837.7000000000007,844.7000000000007,1993.0,2837.7000000000007,629.3250000000002,578021.2,Sell
574,2024-10-28T00:00:00+05:30,14100.0,14498.0,13800.0,14236.55,1008644,4.751092605899766,14748.878978591107,14475.701131576974,273.17784701413257,428.52434761406647,698.0,560.7999999999993,137.20000000000073,698.0,598.5535714285716,616056.25,Sell
575,2024-10-29T00:00:00+05:30,14299.95,15035.0,14206.55,14939.15,953594,4.327226245217955,14778.151443423245,14510.030677386087,268.1207660371583,396.44363129868486,828.4500000000007,798.4500000000007,30.0,828.4500000000007,628.0178571428572,647454.35,Sell
576,2024-10-30T00:00:00+05:30,14938.05,15092.9,14133.35,14175.6,943125,4.566618311328257,14685.451221358131,14485.258034616747,200.19318674138412,357.19354238722474,959.5499999999993,153.75,805.7999999999993,959.5499999999993,675.5000000000001,674394.95,Sell
577,2024-10-31T00:00:00+05:30,14250.0,14274.95,13920.2,14061.6,648441,4.367807961353968,14589.474110379957,14453.87595797847,135.59815240148782,312.8744643900774,354.75,99.35000000000036,255.39999999999964,354.75,675.7285714285716,683796.05,Sell
578,2024-11-01T00:00:00+05:30,14140.0,14360.0,14028.0,14129.75,80030,4.072868113691596,14518.747324167656,14429.866627757841,88.88069640981485,268.07571079402487,332.0,298.39999999999964,33.600000000000364,332.0,680.3000000000002,663873.0,Sell
579,2024-11-04T00:00:00+05:30,14120.0,14543.95,13711.05,14434.6,730929,3.4682772786059948,14505.801581988017,14430.217247923927,75.58433406408949,229.57743544803782,832.9000000000015,414.2000000000007,418.7000000000007,832.9000000000015,727.2785714285717,687720.25,Sell
580,2024-11-05T00:00:00+05:30,14364.0,14590.5,14144.25,14402.65,499759,3.5063266050311457,14489.932107836014,14428.175229559192,61.756878276821226,196.01332401379452,446.25,155.89999999999964,290.35000000000036,446.25,740.339285714286,651645.15,Sell
581,2024-11-06T00:00:00+05:30,14500.15,15817.0,14500.0,15647.6,2081159,3.438400210253566,14668.034860476628,14518.502990332585,149.53187014404284,186.7170332398442,1317.0,1414.3500000000004,97.35000000000036,1414.3500000000004,811.4964285714289,719888.5,Sell
582,2024-11-07T00:00:00+05:30,15747.6,15790.0,15525.0,15698.5,599708,3.6299792222279352,14826.567958864838,14605.910176233874,220.657782630964,193.50518311806817,265.0,142.39999999999964,122.60000000000036,265.0,791.5607142857145,726244.9,Buy
583,2024-11-08T00:00:00+05:30,15698.5,15969.2,15380.0,15621.1,644468,3.7791777164217777,14948.803657501017,14681.109422438773,267.69423506224484,208.34299350690353,589.2000000000007,270.7000000000007,318.5,589.2000000000007,810.3178571428574,743507.85,Buy
584,2024-11-11T00:00:00+05:30,15621.1,15778.0,15345.1,15387.75,556807,3.864973490664413,15016.333864039323,14733.453168924789,282.8806951145343,223.2505338284297,432.89999999999964,156.89999999999964,276.0,432.89999999999964,797.6678571428574,759340.05,Buy
585,2024-11-12T00:00:00+05:30,15451.9,15660.95,14960.0,15008.15,478330,3.894627596115007,15015.074808033272,14753.801082337768,261.27372569550425,230.85517220184462,700.9500000000007,273.2000000000007,427.75,700.9500000000007,805.4071428571432,772846.15,Buy
586,2024-11-13T00:00:00+05:30,14990.0,15050.0,14540.0,14719.95,518378,3.924315257716567,14969.67099141277,14751.293594757193,218.37739665557638,228.35961709259098,510.0,41.850000000000364,468.14999999999964,510.0,800.1428571428575,789109.0,Sell
587,2024-11-14T00:00:00+05:30,14725.1,15088.5,14674.95,14776.1,446922,3.890811294219844,14939.890838887728,14753.13110625666,186.7597326310679,220.03964020028639,413.5499999999993,368.5499999999993,45.0,413.5499999999993,626.9892857142859,799855.9,No Signal
588,2024-11-18T00:00:00+05:30,14950.0,15020.95,14740.05,14811.45,372272,3.791985255544378,14920.130709828078,14757.451024311722,162.67968551635568,208.56764926350024,280.90000000000146,244.85000000000036,36.05000000000109,280.90000000000146,597.1964285714288,802124.1,No Signal
589,2024-11-19T00:00:00+05:30,14850.95,15382.0,14762.15,14876.4,516403,3.6719831574749846,14913.402908316066,14766.262059547891,147.1408487681747,196.28228916443516,619.8500000000004,570.5499999999993,49.30000000000109,619.8500000000004,582.2964285714288,815230.85,No Signal
590,2024-11-21T00:00:00+05:30,14948.4,15339.6,14725.0,14995.45,617940,3.650910186925977,14926.025537805901,14783.238944025825,142.78659378007615,185.58315008756335,614.6000000000004,463.2000000000007,151.39999999999964,614.6000000000004,557.6571428571432,830084.25,No Signal
591,2024-11-22T00:00:00+05:30,15097.95,15490.0,14921.1,15348.7,401413,3.587149721995747,14991.052378143455,14825.12494817206,165.9274299713943,181.65200606432956,568.8999999999996,494.5499999999993,74.35000000000036,568.8999999999996,572.9535714285718,830609.3,No Signal
592,2024-11-25T00:00:00+05:30,15704.95,15790.0,15471.05,15724.8,604739,3.7223521183058184,15103.936627659847,14891.76754460376,212.1690830560874,187.75542146268114,318.9500000000007,441.2999999999993,122.34999999999854,441.2999999999993,580.7607142857145,843833.4,No Signal
593,2024-11-26T00:00:00+05:30,15721.0,15721.0,15405.0,15501.1,314847,3.621783153050978,15165.038684942947,14936.903282040517,228.13540290242963,195.83141775063086,316.0,3.7999999999992724,319.7999999999993,319.7999999999993,544.1107142857144,650895.4,No Signal
594,2024-11-27T00:00:00+05:30,15600.0,15698.0,15365.3,15617.5,291366,3.5678752117056205,15234.648118028646,14987.31785374122,247.33026428742596,206.1311870579899,332.7000000000007,196.89999999999964,135.8000000000011,332.7000000000007,536.0000000000001,615031.5,No Signal
595,2024-11-28T00:00:00+05:30,15605.0,15980.0,15533.8,15608.2,443037,3.6749644031441653,15292.117638331933,15033.309123834464,258.8085144974684,216.66665254588563,446.2000000000007,362.5,83.70000000000073,446.2000000000007,466.8464285714287,589503.65,No Signal
596,2024-11-29T00:00:00+05:30,15626.0,15987.95,15626.0,15807.4,428255,3.555315873964932,15371.391847819328,15090.649188735615,280.7426590837131,229.48185385345113,361.9500000000007,379.75,17.799999999999272,379.75,475.0428571428573,563760.15,No Signal
597,2024-12-02T00:00:00+05:30,16025.0,16842.7,16020.0,16763.9,1411103,3.6919268345028655,15585.623871231739,15214.593693273717,371.03017795802225,257.79151867436536,822.7000000000007,1035.300000000001,212.60000000000036,1035.300000000001,506.907142857143,601893.25,No Signal
598,2024-12-03T00:00:00+05:30,17000.0,17035.0,16614.0,16866.45,555979,3.9172500899222626,15782.674044888394,15336.953419697886,445.72062519050814,295.3773399775939,421.0,271.09999999999854,149.90000000000146,421.0,506.05714285714305,625690.7,No Signal
599,2024-12-04T00:00:00+05:30,16899.0,17450.0,16899.0,17391.3,823514,4.375728576926492,16030.15496105941,15489.127240461004,541.0277205984057,344.5074161017563,551.0,583.5499999999993,32.54999999999927,583.5499999999993,497.6714285714287,630319.95,No Signal
600,2024-12-05T00:00:00+05:30,17400.0,17530.0,17117.85,17298.55,499683,4.679133666107701,16225.292659357963,15623.15855598241,602.1341033755525,396.03275355651556,412.15000000000146,138.70000000000073,273.4500000000007,412.15000000000146,490.68214285714305,630316.15,No Signal
601,2024-12-06T00:00:00+05:30,17379.0,17505.0,17225.0,17421.05,317720,5.158448508694488,16409.255327149047,15756.335699983714,652.9196271653327,447.41012827827905,280.0,206.45000000000073,73.54999999999927,280.0,481.1428571428574,542144.2,No Signal
602,2024-12-09T00:00:00+05:30,17421.05,17685.0,17290.0,17345.9,367646,5.5662881675581835,16553.354507587654,15874.081203688624,679.27330389903,493.7827634024293,395.0,263.9500000000007,131.04999999999927,395.0,489.2928571428573,530541.1,No Signal
603,2024-12-10T00:00:00+05:30,17400.0,17530.0,17121.05,17514.05,354274,5.89751943421876,16701.15381411263,15995.560373785762,705.5934403268675,536.144898787317,408.9500000000007,184.09999999999854,224.85000000000218,408.9500000000007,474.2285714285716,516031.4,No Signal
604,2024-12-10T00:00:00+05:30,17400.0,17530.0,17121.05,17514.05,354274,6.174669028847214,16826.21476578761,16108.041086838668,718.1736789489405,572.5506548196416,408.9500000000007,15.950000000000728,393.0,408.9500000000007,459.53928571428594,505904.75,No Signal
605,2024-12-11T00:00:00+05:30,17499.4,17585.0,17403.0,17528.55,237872,6.280404662470132,16934.26634028182,16213.263969295063,721.0023709867583,602.240998053065,182.0,70.95000000000073,111.04999999999927,182.0,431.90357142857164,493881.85,No Signal
606,2024-12-12T00:00:00+05:30,17569.8,17800.0,17512.85,17697.35,336772,6.190404259908697,17051.66382639231,16323.1962678658,728.4675585265086,627.4863101477538,287.15000000000146,271.4500000000007,15.700000000000728,287.15000000000146,420.8928571428575,484801.55,No Signal
607,2024-12-13T00:00:00+05:30,17639.0,18034.0,17530.6,17954.4,430818,6.072263753351441,17190.546314639647,16444.026173949816,746.5201406898304,651.2930762561691,503.40000000000146,336.65000000000146,166.75,503.40000000000146,434.0071428571434,483996.35,No Signal
608,2024-12-16T00:00:00+05:30,18212.0,18870.0,18111.0,18831.8,1199575,6.033395969658777,17443.046881618164,16620.898309212793,822.1485724053709,685.4641754860095,759.0,915.5999999999985,156.59999999999854,915.5999999999985,475.6428571428575,525361.5,No Signal
609,2024-12-17T00:00:00+05:30,18823.95,19148.9,18700.0,18940.15,651288,6.123157472642822,17673.37043829229,16792.694730752584,880.6757075397072,724.506481896749,448.90000000000146,317.1000000000022,131.79999999999927,448.90000000000146,475.83571428571474,532105.75,No Signal
610,2024-12-18T00:00:00+05:30,19039.0,19117.1,18701.0,18916.2,447727,6.1066630150733054,17864.574986247324,16949.991417363504,914.5835688838197,762.5218992941632,416.09999999999854,176.9499999999971,239.15000000000146,416.09999999999854,478.4321428571432,523595.1,No Signal
611,2024-12-19T00:00:00+05:30,18500.0,18777.0,18360.8,18401.95,437462,6.0614977598678035,17947.248065286196,17057.54390496621,889.7041603199868,787.9583514993279,416.2000000000007,139.20000000000073,555.4000000000015,555.4000000000015,444.1535714285718,525397.55,No Signal
612,2024-12-20T00:00:00+05:30,18499.0,18499.0,17770.55,17944.9,402529,5.94563095768105,17946.886824472935,17123.273986079825,823.61283839311,795.0892488780844,728.4500000000007,97.04999999999927,631.4000000000015,728.4500000000007,466.11428571428615,515287.05,No Signal
613,2024-12-23T00:00:00+05:30,18058.0,18150.0,17655.0,17998.45,286741,5.460579134843211,17954.81962070787,17188.1018389628,766.7177817450684,789.4149554514812,495.0,205.09999999999854,289.90000000000146,495.0,459.78928571428617,513881.75,No Signal
614,2024-12-24T00:00:00+05:30,18080.0,18095.0,17831.1,17893.0,150906,4.940810759396582,17945.308909829735,17240.31651755815,704.9923922715861,772.5304428155022,263.90000000000146,96.54999999999927,167.35000000000218,263.90000000000146,449.20000000000044,506858.75,No Signal
615,2024-12-26T00:00:00+05:30,17900.55,18150.0,17824.0,18038.15,135696,4.192662177785715,17959.592154471313,17299.415294035323,660.1768604359895,750.0597263395997,326.0,257.0,69.0,326.0,452.4857142857148,491491.7,No Signal
616,2024-12-27T00:00:00+05:30,18244.0,18608.65,17615.0,17972.3,389929,3.403829534142502,17961.547207629574,17349.258605588264,612.2886020413098,722.5055014799418,993.6500000000015,570.5,423.15000000000146,993.6500000000015,495.24642857142913,489575.4,Sell
617,2024-12-30T00:00:00+05:30,18035.0,18250.0,17733.8,18103.6,344436,3.1062149636491583,17983.40148337887,17405.13574591506,578.2657374638111,693.6575486767157,516.2000000000007,277.7000000000007,238.5,516.2000000000007,502.9071428571434,436242.05,Sell
618,2024-12-31T00:00:00+05:30,18000.0,18028.85,17472.0,17936.3,259440,2.839931735995924,17976.155101320583,17444.48124621765,531.6738551029339,661.2608099619594,556.8499999999985,74.75,631.5999999999985,631.5999999999985,518.8107142857147,421415.1,Sell
619,2025-01-01T00:00:00+05:30,17934.05,18050.0,17772.0,17994.2,157078,2.7412997187593406,17978.931239578953,17485.20115390523,493.7300856737238,627.7546651043123,278.0,113.70000000000073,164.29999999999927,278.0,525.6678571428575,388093.3,Sell
620,2025-01-02T00:00:00+05:30,18068.0,18382.7,17984.15,18341.9,179968,2.585293274097842,18034.772587336036,17548.660327690028,486.11225964600817,599.4261840126514,398.5499999999993,388.5,10.049999999999272,398.5499999999993,533.6250000000002,372107.55,Sell
621,2025-01-03T00:00:00+05:30,18398.0,18584.65,18270.0,18397.65,257992,2.5000101883821713,18090.599881592032,17611.548451564842,479.0514300271898,575.3512332155591,314.65000000000146,242.75,71.90000000000146,314.65000000000146,520.1428571428575,369121.15,Sell
622,2025-01-06T00:00:00+05:30,18412.0,18700.0,17910.05,18037.25,312804,2.373244579857737,18082.39220750095,17643.081899597077,439.31030790387376,548.143048153222,789.9500000000007,302.34999999999854,487.6000000000022,789.9500000000007,511.16785714285754,366379.05,Sell
623,2025-01-07T00:00:00+05:30,18142.1,18550.0,18100.0,18451.85,233535,2.231821229562396,18139.23186788542,17702.99064777507,436.2412201103507,525.7626825446478,450.0,512.75,62.75,512.75,515.7285714285717,360342.1,Sell
624,2025-01-08T00:00:00+05:30,18445.0,18445.0,16855.3,16905.85,856389,2.8272727534309676,17949.480811287664,17643.943192384322,305.53761890334135,481.7176698163865,1589.7000000000007,6.849999999998545,1596.5499999999993,1596.5499999999993,600.0464285714289,385447.85,Sell
625,2025-01-09T00:00:00+05:30,16901.1,17200.0,16706.7,16852.7,607211,3.2117474117934792,17780.74530185879,17585.33258554104,195.4127163177509,424.4566791166594,493.2999999999993,294.15000000000146,199.14999999999782,493.2999999999993,595.6107142857145,403914.8,Sell
626,2025-01-10T00:00:00+05:30,16849.0,17155.0,16611.0,16709.2,376805,3.697207500041591,17615.892178495902,17520.433875500963,95.458302994939,358.65700389231534,544.0,302.2999999999993,241.70000000000073,544.0,582.4357142857144,405916.45,Sell
627,2025-01-13T00:00:00+05:30,16500.0,16550.0,15741.0,15835.15,407670,4.98575639959061,17341.931843342685,17395.59803287126,-53.66618952857607,276.19236520813706,809.0,159.20000000000073,968.2000000000007,968.2000000000007,616.2357142857145,404759.05,Sell
628,2025-01-14T00:00:00+05:30,15900.0,16372.4,15881.1,16274.9,433841,5.163412833649772,17177.77309821304,17312.583363769685,-134.81026555664357,193.99183905518095,491.2999999999993,537.25,45.95000000000073,537.25,635.7607142857144,366472.35,Sell
629,2025-01-14T00:00:00+05:30,15900.0,16372.4,15881.1,16274.9,433841,5.288192931545745,17038.869544641806,17235.717929416376,-196.84838477457015,115.82379428923073,491.2999999999993,97.5,393.7999999999993,491.2999999999993,647.5678571428572,355600.0,Sell
630,2025-01-15T00:00:00+05:30,16400.0,17028.0,16104.25,16919.65,637125,4.862495643292589,17020.528076235376,17212.30549020035,-191.77741396497368,54.30355263838986,923.75,753.1000000000004,170.64999999999964,923.75,642.5749999999999,365069.9,Sell
631,2025-01-16T00:00:00+05:30,17299.0,17300.0,16900.0,16938.9,171869,4.777409453097327,17007.969910660704,17192.05323166699,-184.08332100628468,6.626177909454956,400.0,380.34999999999854,19.650000000001455,400.0,634.2749999999999,351790.25,Sell
632,2025-01-17T00:00:00+05:30,17060.0,17330.5,16731.2,17224.45,393040,4.66773804061374,17041.274539789825,17194.45299228425,-153.17845249442325,-25.334748171320687,599.2999999999993,391.59999999999854,207.70000000000073,599.2999999999993,631.967857142857,351315.8,Sell
633,2025-01-20T00:00:00+05:30,17324.0,17687.9,17156.05,17559.45,360057,4.523542983014883,17120.99384136062,17221.4898076706,-100.49596630997985,-40.36699179905252,531.8500000000022,463.4500000000007,68.40000000000146,531.8500000000022,650.1000000000001,354981.6,Sell
634,2025-01-21T00:00:00+05:30,17248.25,17351.0,15028.0,15144.35,2171945,6.178801408832156,16816.8947888436,17067.627599695003,-250.73281085140115,-82.44015560952225,2323.0,208.45000000000073,2531.4500000000007,2531.4500000000007,802.4500000000002,456033.55,Sell
635,2025-01-22T00:00:00+05:30,15200.0,15239.7,14280.0,14714.5,1219026,7.34525254777858,16493.449436713818,16893.321851569446,-399.87241485562845,-145.9266074587435,959.7000000000007,95.35000000000036,864.3500000000004,959.7000000000007,848.5250000000002,510200.05,Sell
636,2025-01-23T00:00:00+05:30,14730.0,15572.4,14604.95,15463.6,860408,7.259744187619986,16335.011061834768,16787.41652923097,-452.40546739620186,-207.22237944623518,967.4499999999989,857.8999999999996,109.54999999999927,967.4499999999989,861.2035714285714,533724.0,Sell
637,2025-01-24T00:00:00+05:30,15499.0,15710.0,15200.95,15584.9,506758,7.276214296027944,16219.609360014034,16698.341230769416,-478.73187075538226,-261.52427770806463,509.0499999999993,246.39999999999964,262.64999999999964,509.0499999999993,860.9392857142857,541840.1,Sell
638,2025-01-27T00:00:00+05:30,15250.0,15632.0,15155.0,15432.8,330756,7.44586236896628,16098.561766165722,16604.59743589761,-506.03566973188754,-310.42655611282925,477.0,47.100000000000364,429.89999999999964,477.0,780.9714285714286,545405.9,Sell
639,2025-01-28T00:00:00+05:30,15399.0,15471.75,14411.45,14586.95,741639,8.271286048015474,15866.006109832533,16455.142070275564,-589.1359604430309,-366.1684369788696,1060.2999999999993,38.95000000000073,1021.3499999999985,1060.2999999999993,821.4714285714286,574633.95,Sell
640,2025-01-29T00:00:00+05:30,14600.55,15080.0,14484.1,14536.15,323696,8.355259288972295,15661.41286216599,16312.99450951441,-651.581647348421,-423.25107905277986,595.8999999999996,493.0499999999993,102.85000000000036,595.8999999999996,825.1785714285714,581820.35,Sell
641,2025-01-30T00:00:00+05:30,14545.05,14884.45,14359.5,14659.85,385236,8.0266795061299,15507.326267986606,16190.53936066149,-683.213092674885,-475.2434817772009,524.9500000000007,348.3000000000011,176.64999999999964,524.9500000000007,793.5178571428571,588182.55,Sell
642,2025-01-31T00:00:00+05:30,14768.5,15036.65,14407.7,14985.95,264203,7.495563673620556,15427.114534450206,16101.31051913101,-674.195984680804,-515.0339823579216,628.9499999999989,376.7999999999993,252.14999999999964,628.9499999999989,800.0678571428571,585752.5,Sell
643,2025-02-01T00:00:00+05:30,15127.85,15305.0,13610.0,14714.35,524302,6.851489264266548,15317.458452227096,15998.572702899082,-681.1142506719862,-548.2500360207346,1695.0,319.0499999999993,1375.9500000000007,1695.0,886.0464285714286,600290.85,Sell
644,2025-02-03T00:00:00+05:30,14580.1,14700.0,14225.0,14486.15,331167,7.054205202485786,15189.564844192158,15886.541391573224,-696.9765473810658,-577.9953382928009,475.0,14.350000000000364,489.35000000000036,489.35000000000036,855.0178571428571,574029.75,Sell
645,2025-02-04T00:00:00+05:30,14652.4,15104.45,14451.0,14933.65,274431,6.711700921939166,15150.193329701056,15815.956844049282,-665.7635143482257,-595.5489735038858,653.4500000000007,618.3000000000011,35.149999999999636,653.4500000000007,873.1214285714286,557390.75,Sell
646,2025-02-05T00:00:00+05:30,14922.7,15340.0,14880.05,15102.05,209151,6.468869917213493,15142.786663593202,15763.074855601188,-620.2881920079853,-600.4968172047057,459.9500000000007,406.35000000000036,53.600000000000364,459.9500000000007,863.1678571428573,549008.05,Sell
647,2025-02-06T00:00:00+05:30,15208.45,15258.45,14501.5,14657.85,385102,6.7903800275288795,15068.181023040403,15681.206347778878,-613.0253247384753,-603.0025187114596,756.9500000000007,156.40000000000146,600.5499999999993,756.9500000000007,879.2464285714286,547879.65,Sell
648,2025-02-07T00:00:00+05:30,14724.45,15235.1,14687.65,15154.65,306015,6.476055178311661,15081.483942572648,15642.202173869331,-560.7182312966834,-594.5456612285044,547.4500000000007,577.25,29.799999999999272,577.25,739.6607142857143,541488.35,No Signal
649,2025-02-10T00:00:00+05:30,15231.6,15244.45,14693.2,14795.2,204059,6.569642187559624,15037.440259099933,15579.461272101233,-542.0210130013002,-584.0407315830636,551.25,89.80000000000109,461.4499999999989,551.25,710.4857142857143,529999.25,No Signal
650,2025-02-11T00:00:00+05:30,14848.0,14948.0,14360.0,14666.3,238106,6.224508660003327,14980.341757699942,15511.81969639003,-531.4779386900882,-573.5281730044685,588.0,152.79999999999927,435.2000000000007,588.0,683.3821428571429,510048.3,No Signal
651,2025-02-12T00:00:00+05:30,14620.2,14875.0,14072.5,14766.0,295181,5.613617365858628,14947.36610266918,15456.573792953732,-509.20769028455106,-560.664076460485,802.5,208.70000000000073,593.7999999999993,802.5,704.3428571428573,516213.9,No Signal
652,2025-02-13T00:00:00+05:30,14839.75,15067.45,14640.0,14710.8,234130,4.592152322217681,14910.971317643152,15401.331289771973,-490.359972128821,-546.6032555941523,427.4500000000007,301.4500000000007,126.0,427.4500000000007,700.8035714285716,508268.4,No Signal
653,2025-02-14T00:00:00+05:30,14784.35,14894.6,13781.4,14010.7,417896,2.6914034372823172,14772.468038005743,15298.321564603679,-525.8535265979353,-542.4533097949089,1113.2000000000007,183.8000000000011,929.3999999999996,1113.2000000000007,704.5821428571431,511160.35,No Signal
654,2025-02-17T00:00:00+05:30,13863.2,14240.0,13592.25,14199.5,271223,2.8000935676882195,14684.319109081782,15216.927374633036,-532.6082655512546,-540.4843009461781,647.75,229.29999999999927,418.4500000000007,647.75,708.2857142857146,416124.25,No Signal
655,2025-02-18T00:00:00+05:30,14244.0,14341.5,13833.3,14006.7,199642,3.112890618859,14580.070015376892,15127.280902437997,-547.2108870611046,-541.8296181691635,508.2000000000007,142.0,366.2000000000007,508.2000000000007,707.089285714286,365155.05,No Signal
656,2025-02-19T00:00:00+05:30,13881.4,14425.0,13830.0,14088.3,221334,3.0501988614992257,14504.413089934293,15050.319354109257,-545.9062641749642,-542.6449473703236,595.0,418.2999999999993,176.70000000000073,595.0,704.664285714286,333201.35,No Signal
657,2025-02-20T00:00:00+05:30,14088.25,14270.0,13923.05,14219.75,155381,2.734972336451772,14460.61876840594,14988.795698249312,-528.1769298433719,-539.7513438649333,346.9500000000007,181.70000000000073,165.25,346.9500000000007,608.3750000000003,315632.5,No Signal
658,2025-02-21T00:00:00+05:30,14202.0,14364.85,13920.05,13971.9,234145,2.633426205993172,14385.431265574258,14913.470090971585,-528.038825397327,-537.4088401714121,444.8000000000011,145.10000000000036,299.7000000000007,444.8000000000011,605.1928571428576,310801.95,No Signal
659,2025-02-24T00:00:00+05:30,13762.0,14119.95,13664.15,14043.35,256048,2.74648622333255,14332.803378562834,14849.016750899616,-516.2133723367824,-533.1697466044861,455.8000000000011,148.0500000000011,307.75,455.8000000000011,591.0750000000005,286522.4,No Signal
660,2025-02-24T00:00:00+05:30,13762.0,14119.95,13664.15,14043.35,256048,2.856057814216172,14288.272089553167,14789.33773231446,-501.0656427612921,-526.7489258358473,455.8000000000011,76.60000000000036,379.2000000000007,455.8000000000011,590.7785714285719,283140.0,No Signal
661,2025-02-25T00:00:00+05:30,14000.0,14326.6,13940.0,14151.6,192840,2.8774214864119694,14267.245614237296,14742.097900291166,-474.85228605387056,-516.369597879452,386.60000000000036,283.25,103.35000000000036,386.60000000000036,564.3250000000005,273520.2,No Signal
