,Date,Open,High,Low,Close,Volume,Volatility,EMA12,EMA26,MACD,Signal Line,H-L,H-PC,L-PC,TR,ATR,Avg_Volume,Signal
0,2022-07-05T00:00:00+05:30,95.5,95.8,94.1,94.55,8291514,,94.55,94.55,0.0,0.0,1.7000000000000028,,,1.7000000000000028,,,No Signal
1,2022-07-06T00:00:00+05:30,94.2,95.8,93.8,95.55,9418380,,94.70384615384616,94.62407407407407,0.07977207977208423,0.015954415954416847,2.0,1.25,0.75,2.0,,,No Signal
2,2022-07-07T00:00:00+05:30,96.4,97.25,95.75,97.0,11404099,,95.05710059171598,94.80006858710563,0.2570320046103518,0.06416993368560384,1.5,1.7000000000000028,0.20000000000000284,1.7000000000000028,,,No Signal
3,2022-07-08T00:00:00+05:30,97.3,98.25,96.3,97.5,6014287,,95.43293126991352,95.00006350657928,0.4328677633342437,0.1379094996153318,1.9500000000000028,1.25,0.7000000000000028,1.9500000000000028,,,No Signal
4,2022-07-11T00:00:00+05:30,96.95,99.9,96.55,99.7,10419710,,96.08940338223452,95.34820695053637,0.7411964316981567,0.2585668860318968,3.3500000000000085,2.4000000000000057,0.9500000000000028,3.3500000000000085,,,No Signal
5,2022-07-12T00:00:00+05:30,99.5,100.7,98.2,98.45,11379873,,96.45257209265998,95.57796939864478,0.874602694015195,0.3817740476285565,2.5,1.0,1.5,2.5,,,No Signal
6,2022-07-13T00:00:00+05:30,99.2,99.65,97.25,98.0,6843492,,96.69063792455844,95.75737907281925,0.9332588517391969,0.4920710084506846,2.4000000000000057,1.2000000000000028,1.2000000000000028,2.4000000000000057,,,No Signal
7,2022-07-14T00:00:00+05:30,98.2,99.05,96.15,97.2,13463788,,96.76900132078022,95.86423988224004,0.9047614385401772,0.5746090944685831,2.8999999999999915,1.0499999999999972,1.8499999999999943,2.8999999999999915,,,No Signal
8,2022-07-15T00:00:00+05:30,97.8,99.95,96.4,98.75,22353647,,97.0737703483525,96.077999890963,0.9957704573894972,0.658841367052766,3.549999999999997,2.75,0.7999999999999972,3.549999999999997,,,No Signal
9,2022-07-18T00:00:00+05:30,100.0,103.2,99.7,103.0,27285612,,97.9854979870675,96.59074063978055,1.394757347286955,0.8060245630996038,3.5,4.450000000000003,0.9500000000000028,4.450000000000003,,,No Signal
10,2022-07-19T00:00:00+05:30,101.5,107.5,100.6,107.05,40561228,,99.38003675828789,97.3655005923894,2.014536165898491,1.0477268836593814,6.900000000000006,4.5,2.4000000000000057,6.900000000000006,,,No Signal
11,2022-07-20T00:00:00+05:30,108.45,109.45,104.6,105.15,30368364,,100.26772341085898,97.94213017813833,2.3255932327206494,1.303300153471635,4.8500000000000085,2.4000000000000057,2.450000000000003,4.8500000000000085,,,No Signal
12,2022-07-21T00:00:00+05:30,105.5,108.0,104.85,107.2,15882426,,101.33422750149606,98.62789831309104,2.7063291884050216,1.5839059604583126,3.1500000000000057,2.8499999999999943,0.30000000000001137,3.1500000000000057,,,No Signal
13,2022-07-22T00:00:00+05:30,107.85,108.35,106.45,107.2,11412216,,102.23665403972744,99.26286880841762,2.9737852313098188,1.861881814628614,1.8999999999999915,1.1499999999999915,0.75,1.8999999999999915,3.0928571428571447,,No Signal
14,2022-07-25T00:00:00+05:30,107.2,108.0,105.5,107.35,11501218,,103.02332264900014,99.86191556334965,3.161407085650481,2.1217868688329875,2.5,0.7999999999999972,1.7000000000000028,2.5,3.1500000000000017,,No Signal
15,2022-07-26T00:00:00+05:30,107.45,107.55,105.35,105.7,6453931,,103.43511916453858,100.2943662623608,3.1407529021777805,2.3255800755019465,2.200000000000003,0.20000000000000284,2.0,2.200000000000003,3.164285714285716,,No Signal
16,2022-07-27T00:00:00+05:30,105.4,107.8,105.05,107.45,11256423,,104.05279313922495,100.82441320588963,3.2283799333353187,2.5061400470686213,2.75,2.0999999999999943,0.6500000000000057,2.75,3.239285714285716,,No Signal
17,2022-07-28T00:00:00+05:30,108.05,109.25,106.5,107.3,13107296,,104.55236342549803,101.30408630174965,3.2482771237483803,2.6545674624045734,2.75,1.7999999999999972,0.9500000000000028,2.75,3.296428571428573,,No Signal
18,2022-07-29T00:00:00+05:30,108.45,108.45,106.5,106.65,7924289,,104.87507674465218,101.70007990902745,3.174996835624725,2.758653337048604,1.9500000000000028,1.1500000000000057,0.7999999999999972,1.9500000000000028,3.1964285714285725,,No Signal
19,2022-08-01T00:00:00+05:30,106.75,107.85,105.75,106.9,9879875,4.517819700448054,105.18660339932107,102.08525917502541,3.1013442242956586,2.827191514498015,2.0999999999999943,1.1999999999999886,0.9000000000000057,2.0999999999999943,3.1678571428571436,14261083.4,No Signal
20,2022-08-02T00:00:00+05:30,106.75,111.95,106.0,110.85,29942911,4.34238665120426,106.0578951840409,102.73449923613464,3.3233959479062634,2.9264324011796647,5.950000000000003,5.049999999999997,0.9000000000000057,5.950000000000003,3.4214285714285717,15343653.25,No Signal
21,2022-08-03T00:00:00+05:30,110.65,111.2,108.05,109.0,11009613,4.242858905971917,106.51052669418846,103.19861040382837,3.311916290360088,3.0035291790157497,3.1500000000000057,0.3500000000000085,2.799999999999997,3.1500000000000057,3.439285714285716,15423214.9,No Signal
22,2022-08-04T00:00:00+05:30,109.8,109.9,106.45,107.95,11534167,4.086951586645063,106.73198412585177,103.55056518872998,3.1814189371217907,3.039107130636958,3.450000000000003,0.9000000000000057,2.549999999999997,3.450000000000003,3.432142857142859,15429718.3,No Signal
23,2022-08-05T00:00:00+05:30,108.3,110.65,107.55,108.95,11292168,3.859594601489285,107.0732173372592,103.95052332289812,3.1226940143610733,3.0558245073817814,3.1000000000000085,2.700000000000003,0.4000000000000057,3.1000000000000085,3.335714285714288,15693612.35,No Signal
24,2022-08-08T00:00:00+05:30,108.95,110.9,107.85,109.55,9773014,3.769038912764544,107.4542608238347,104.36529937305382,3.088961450780886,3.0624518960616025,3.0500000000000114,1.9500000000000028,1.1000000000000085,3.0500000000000114,3.060714285714288,15661277.55,No Signal
25,2022-08-10T00:00:00+05:30,109.95,110.75,109.05,109.75,8189141,3.536906354388615,107.80745146632167,104.76416608616094,3.043285380160725,3.058618592881427,1.7000000000000028,1.2000000000000028,0.5,1.7000000000000028,2.835714285714288,15501740.95,No Signal
26,2022-08-11T00:00:00+05:30,110.35,112.45,109.75,111.15,13837639,3.190358821022858,108.32168970227218,105.23719082051939,3.0844988817527934,3.0637946506557006,2.700000000000003,2.700000000000003,0.0,2.700000000000003,2.8035714285714306,15851448.3,No Signal
27,2022-08-12T00:00:00+05:30,111.25,111.9,110.5,110.8,6636131,2.5868939832994977,108.70296820961492,105.64925075974017,3.0537174498747532,3.061779210499511,1.4000000000000057,0.75,0.6500000000000057,1.4000000000000057,2.767857142857146,15510065.45,No Signal
28,2022-08-16T00:00:00+05:30,111.0,111.5,109.45,110.35,8722251,1.9008257730483682,108.956357715828,105.99745440716683,2.958903308661178,3.0412040301318446,2.049999999999997,0.7000000000000028,1.3499999999999943,2.049999999999997,2.7357142857142884,14828495.65,No Signal
29,2022-08-17T00:00:00+05:30,110.6,110.95,108.8,109.8,10861481,1.6184328132066685,109.08614883646985,106.27912445108039,2.807024385389454,2.9943681011833667,2.1500000000000057,0.6000000000000085,1.5499999999999972,2.1500000000000057,2.7321428571428603,14007289.1,No Signal
30,2022-08-18T00:00:00+05:30,109.75,112.0,109.6,111.0,10108639,1.6651265422592196,109.38058747701295,106.62881893618555,2.751768540827399,2.9458481891121733,2.4000000000000057,2.200000000000003,0.20000000000000284,2.4000000000000057,2.7071428571428604,12484659.65,No Signal
31,2022-08-19T00:00:00+05:30,111.0,111.25,106.85,107.55,10124478,1.5716730491002036,109.09895863439557,106.69705457054218,2.4019040638533937,2.8370593640604174,4.400000000000006,0.25,4.150000000000006,4.400000000000006,2.8250000000000037,11472465.35,No Signal
32,2022-08-22T00:00:00+05:30,107.0,107.65,105.5,106.65,11627331,1.6117460328001598,108.72219576756548,106.69356904679832,2.028626720767164,2.6753728354017667,2.1500000000000057,0.10000000000000853,2.049999999999997,2.1500000000000057,2.8392857142857184,11259710.6,No Signal
33,2022-08-23T00:00:00+05:30,105.55,110.2,105.2,109.85,9588455,1.5546982633563706,108.89570411101694,106.92737874703548,1.9683253639814637,2.533963341117706,5.0,3.549999999999997,1.4500000000000028,5.0,3.0464285714285757,11168522.55,No Signal
34,2022-08-24T00:00:00+05:30,109.45,114.4,109.3,114.0,22320220,1.7898991039225316,109.68098040162972,107.45127661762544,2.229703784004286,2.473111429695022,5.1000000000000085,4.550000000000011,0.5499999999999972,5.1000000000000085,2.9857142857142907,11709472.65,No Signal
35,2022-08-25T00:00:00+05:30,114.75,116.1,113.5,113.9,26932836,1.8882062960577868,110.33006033984054,107.92895983113466,2.4011005087058805,2.458709245497194,2.5999999999999943,2.0999999999999943,0.5,2.5999999999999943,2.9464285714285756,12733417.9,No Signal
36,2022-08-26T00:00:00+05:30,115.15,115.75,113.25,113.9,13976582,2.02769945803006,110.87928182601893,108.37125910290247,2.5080227231164542,2.4685719410210463,2.5,1.8499999999999943,0.6500000000000057,2.5,2.8785714285714326,12869425.85,No Signal
37,2022-08-29T00:00:00+05:30,110.0,113.6,108.6,113.1,10728791,2.072492194569559,111.22093077586217,108.72153620639118,2.4993945694709936,2.474736466711036,5.0,0.30000000000001137,5.300000000000011,5.300000000000011,3.0357142857142896,12750500.6,Buy
38,2022-08-30T00:00:00+05:30,113.85,117.85,113.5,117.0,26075581,2.279150734160016,112.11001834880645,109.3347557466585,2.775262602147947,2.5348416937984184,4.349999999999994,4.75,0.4000000000000057,4.75,3.1571428571428606,13658065.2,Buy
39,2022-09-01T00:00:00+05:30,115.05,119.1,115.05,118.75,19439481,2.597816437040923,113.13155398745161,110.03218124690602,3.09937274054559,2.647747903147853,4.049999999999997,2.0999999999999943,1.9500000000000028,4.049999999999997,3.325000000000003,14136045.5,Buy
40,2022-09-02T00:00:00+05:30,119.8,122.8,118.8,119.55,21690586,3.014484740847849,114.11900722015136,110.73720485824632,3.381802361905045,2.7945587948992916,4.0,4.049999999999997,0.04999999999999716,4.049999999999997,3.421428571428574,13723429.25,Buy
41,2022-09-05T00:00:00+05:30,120.4,129.75,120.1,123.55,60975341,3.578597055830368,115.56992918628193,111.68630079467252,3.883628391609406,3.0123727142413146,9.650000000000006,10.200000000000003,0.5499999999999972,10.200000000000003,4.0500000000000025,16221715.65,Buy
42,2022-09-06T00:00:00+05:30,124.7,124.7,120.15,121.2,20078631,3.886016333953847,116.43609392685394,112.39101925432641,4.045074672527534,3.2189131058985585,4.549999999999997,1.1500000000000057,3.3999999999999915,4.549999999999997,4.22857142857143,16648938.85,Buy
43,2022-09-07T00:00:00+05:30,120.95,122.2,118.55,118.75,14867573,4.020005955057738,116.79207947656872,112.86205486511705,3.930024611451671,3.361135407009181,3.6500000000000057,1.0,2.6500000000000057,3.6500000000000057,4.335714285714288,16827709.1,Buy
44,2022-09-08T00:00:00+05:30,119.95,120.5,115.65,118.05,20119999,4.0501891766312115,116.98560571094276,113.2463470973306,3.739258613612165,3.436760048329778,4.849999999999994,1.75,3.0999999999999943,4.849999999999994,4.510714285714287,17345058.35,Buy
45,2022-09-09T00:00:00+05:30,119.2,122.7,118.0,119.55,24051083,4.04178304685342,117.38012790925926,113.71328434938019,3.6668435598790694,3.4827767506396365,4.700000000000003,4.650000000000006,0.04999999999999716,4.700000000000003,4.532142857142858,18138155.45,Buy
46,2022-09-12T00:00:00+05:30,120.15,120.75,119.0,119.8,10118619,4.098589655394496,117.75241592321937,114.16415217535203,3.5882637478673445,3.503874150085178,1.75,1.2000000000000028,0.5499999999999972,1.75,4.503571428571429,17952204.45,Buy
47,2022-09-13T00:00:00+05:30,120.4,120.5,118.35,119.15,8917803,4.114276547636815,117.9674288581087,114.53347423643706,3.4339546216716457,3.489890244402472,2.1500000000000057,0.7000000000000028,1.4500000000000028,2.1500000000000057,4.300000000000002,18066288.05,Sell
48,2022-09-14T00:00:00+05:30,117.15,121.0,116.4,120.75,13514555,4.0613781721506275,118.39551672609198,114.99395762633061,3.4015590997613714,3.472224015474252,4.599999999999994,1.8499999999999943,2.75,4.599999999999994,4.264285714285714,18305903.25,Sell
49,2022-09-15T00:00:00+05:30,121.75,124.35,120.65,122.05,16778431,3.9993593050149983,118.95774492207784,115.5166274317876,3.441117490290239,3.4660027104374493,3.6999999999999886,3.5999999999999943,0.09999999999999432,3.6999999999999886,4.3428571428571425,18601750.75,Sell
50,2022-09-16T00:00:00+05:30,121.3,124.65,120.25,121.55,24092980,3.978790268025377,119.35655339560432,115.96354391832185,3.393009477282476,3.451404063806455,4.400000000000006,2.6000000000000085,1.7999999999999972,4.400000000000006,4.478571428571429,19300967.8,Sell
51,2022-09-19T00:00:00+05:30,121.55,123.6,120.8,122.6,9936299,3.6340671843923116,119.85554518089596,116.45513325770541,3.4004119231905463,3.441205635683273,2.799999999999997,2.049999999999997,0.75,2.799999999999997,4.299999999999999,19291558.85,Sell
52,2022-09-20T00:00:00+05:30,123.75,124.6,123.15,123.3,7434777,3.0745552860632555,120.38546130691196,116.96216042380131,3.423300883110656,3.4376246851687497,1.4499999999999886,2.0,0.5500000000000114,2.0,4.103571428571428,19081931.15,Sell
53,2022-09-21T00:00:00+05:30,123.1,123.9,121.0,122.75,8203770,2.6923469467233128,120.74923649046397,117.3908892812975,3.3583472091664675,3.4217691899682934,2.9000000000000057,0.6000000000000085,2.299999999999997,2.9000000000000057,4.021428571428571,19012696.9,Sell
54,2022-09-22T00:00:00+05:30,121.9,124.1,120.6,122.9,12016308,2.578976625400747,121.08012318423874,117.79897155675695,3.2811516274817905,3.393645677470993,3.5,1.3499999999999943,2.1500000000000057,3.5,3.982142857142857,18497501.3,Sell
55,2022-09-23T00:00:00+05:30,123.0,123.3,115.9,116.75,14297159,2.5322047964188044,120.41395038666356,117.72126995996014,2.6926804267034186,3.253452627317478,7.3999999999999915,0.3999999999999915,7.0,7.3999999999999915,3.782142857142856,17865717.45,No Signal
56,2022-09-26T00:00:00+05:30,115.0,116.0,109.45,111.0,20996679,2.980646590527907,118.96565032717686,117.2233981110742,1.7422522161026563,2.951212545074514,6.549999999999997,0.75,7.299999999999997,7.299999999999997,3.9785714285714278,18216722.3,No Signal
57,2022-09-27T00:00:00+05:30,111.6,115.3,110.6,114.4,16965986,2.783597756730095,118.26324258453427,117.0142575102539,1.2489850742803696,2.610767050915685,4.700000000000003,4.299999999999997,0.4000000000000057,4.700000000000003,4.053571428571428,18528582.05,No Signal
58,2022-09-28T00:00:00+05:30,112.7,114.1,111.55,111.85,10117758,3.212901338169765,117.2765898792213,116.63171991690176,0.6448699623195466,2.2175876331964575,2.549999999999997,0.30000000000001137,2.8500000000000085,2.8500000000000085,3.9107142857142856,17730690.9,No Signal
59,2022-09-29T00:00:00+05:30,113.5,114.55,111.0,113.0,12297128,3.42379413182144,116.61865297472572,116.36270362676089,0.2559493479648296,1.825259976150132,3.549999999999997,2.700000000000003,0.8499999999999943,3.549999999999997,3.8285714285714283,17373573.25,No Signal
60,2022-09-30T00:00:00+05:30,112.7,119.5,111.4,118.75,17967586,3.257597979852358,116.9465525170756,116.53954039514898,0.40701212192662695,1.5416104053054311,8.099999999999994,6.5,1.5999999999999943,8.099999999999994,4.282142857142857,17187423.25,Sell
61,2022-10-03T00:00:00+05:30,119.35,121.5,115.9,116.3,20472816,3.238447559382377,116.84708289906398,116.52179666217498,0.32528623688899927,1.2983455716221448,5.599999999999994,2.75,2.8499999999999943,5.599999999999994,4.528571428571427,15162297.0,Sell
62,2022-10-04T00:00:00+05:30,118.8,121.15,118.75,120.85,10508886,3.1071519793125493,117.46291629920798,116.84240431682868,0.6205119823792984,1.1627788537735757,2.4000000000000057,4.8500000000000085,2.450000000000003,4.8500000000000085,4.546428571428571,14683809.75,Sell
63,2022-10-06T00:00:00+05:30,121.45,122.2,120.4,120.85,9759463,3.132440429982485,117.98400609932982,117.13926325632285,0.8447428430069692,1.0991716516202545,1.7999999999999972,1.3500000000000085,0.44999999999998863,1.7999999999999972,4.410714285714286,14428404.25,Sell
64,2022-10-07T00:00:00+05:30,120.5,123.2,118.75,122.85,15445034,3.1629374644666113,118.73262054558677,117.56228079289153,1.1703397526952415,1.113405271835252,4.450000000000003,2.3500000000000085,2.0999999999999943,4.450000000000003,4.414285714285714,14194656.0,Buy
65,2022-10-10T00:00:00+05:30,121.0,122.0,120.1,121.35,8984969,3.229143630520904,119.13529430780419,117.84285258601068,1.2924417217935087,1.1492125618269036,1.9000000000000057,0.8499999999999943,2.75,2.75,4.410714285714286,13441350.3,Buy
66,2022-10-11T00:00:00+05:30,121.8,124.2,121.05,122.4,15548626,3.2550591906686965,119.63755672198816,118.180419061121,1.4571376608671613,1.2107975816349552,3.1500000000000057,2.8500000000000085,0.29999999999999716,3.1500000000000057,4.492857142857143,13712850.65,Buy
67,2022-10-12T00:00:00+05:30,123.3,125.9,121.8,125.6,17109702,3.365908409161201,120.55485568783614,118.73001764918611,1.8248380386500287,1.33360567303797,4.1000000000000085,3.5,0.6000000000000085,4.1000000000000085,4.578571428571429,14122445.6,Buy
68,2022-10-13T00:00:00+05:30,125.55,126.75,124.4,124.9,18586173,3.5118114064974546,121.22333942816904,119.18705337887603,2.036286049293011,1.4741417482889783,2.3499999999999943,1.1500000000000057,1.1999999999999886,2.3499999999999943,4.496428571428572,14376026.5,Buy
69,2022-10-14T00:00:00+05:30,127.0,132.2,125.1,130.35,64039701,3.808842563060106,122.62744105460457,120.0139383137741,2.6135027408304694,1.7020139467972766,7.099999999999994,7.299999999999983,0.19999999999998863,7.299999999999983,4.489285714285714,16739090.0,Buy
70,2022-10-17T00:00:00+05:30,132.0,132.7,129.1,131.5,34811220,4.233895321119243,123.99245012312694,120.86475769793898,3.127692425187959,1.9871496424754131,3.5999999999999943,2.3499999999999943,1.25,3.5999999999999943,4.225,17275002.0,No Signal
71,2022-10-18T00:00:00+05:30,132.8,133.8,131.75,132.3,19207421,4.636656778904933,125.27053471956896,121.71181268327683,3.5587220362921244,2.3014641212387557,2.0500000000000114,2.3000000000000114,0.25,2.3000000000000114,4.053571428571429,17738558.1,No Signal
72,2022-10-19T00:00:00+05:30,132.8,134.1,130.75,131.3,17193145,4.970965060646328,126.19814476271219,122.42204878081188,3.776095981900312,2.596390493371067,3.3499999999999943,1.799999999999983,1.5500000000000114,3.3499999999999943,4.0892857142857135,18226476.5,No Signal
73,2022-10-20T00:00:00+05:30,130.6,131.45,129.3,130.3,11746561,5.225841849230807,126.82919941460263,123.00560072297397,3.8235986916286606,2.841832133022586,2.1499999999999773,0.14999999999997726,2.0,2.1499999999999773,3.9892857142857117,18403616.05,No Signal
74,2022-10-21T00:00:00+05:30,131.0,134.8,130.25,132.6,21538883,5.439029777711464,127.71701488927914,123.71629696571664,4.0007179235625046,3.0736092911305697,4.550000000000011,4.5,0.05000000000001137,4.550000000000011,3.7357142857142844,18879744.8,No Signal
75,2022-10-24T00:00:00+05:30,135.05,135.25,134.1,134.75,5465816,5.622284733035187,128.7990125986208,124.53360830158948,4.265404297031324,3.3119682923107208,1.1500000000000057,2.6500000000000057,1.5,2.6500000000000057,3.5249999999999995,18438177.65,No Signal
76,2022-10-25T00:00:00+05:30,134.9,135.55,133.15,134.2,11564402,5.482032200896909,129.62993373729452,125.24963731628655,4.380296421007969,3.5256339180501706,2.4000000000000057,0.8000000000000114,1.5999999999999943,2.4000000000000057,3.349999999999999,17966563.8,No Signal
77,2022-10-27T00:00:00+05:30,135.1,136.0,133.55,134.6,12115548,5.4090811039565505,130.3945593161723,125.9422567743394,4.452302541832893,3.710967642806715,2.4499999999999886,1.8000000000000114,0.6499999999999773,2.4499999999999886,3.39642857142857,17724041.9,No Signal
78,2022-10-28T00:00:00+05:30,135.0,135.0,130.8,131.15,11829581,5.0485521583337984,130.5107809598381,126.32801553179574,4.1827654280423445,3.805327199853841,4.199999999999989,0.4000000000000057,3.799999999999983,4.199999999999989,3.3785714285714263,17809633.05,No Signal
79,2022-10-31T00:00:00+05:30,131.95,132.6,129.6,131.5,14438166,4.477837292020273,130.66296850447839,126.71112549240347,3.9518430120749173,3.8346303622980566,3.0,1.4499999999999886,1.5500000000000114,3.0,3.396428571428569,17916684.95,No Signal
80,2022-11-01T00:00:00+05:30,132.2,133.6,131.25,131.9,17414480,4.242780132634383,130.85328104225096,127.09548656704025,3.7577944752107015,3.819263184880586,2.3499999999999943,2.0999999999999943,0.25,2.3499999999999943,3.3392857142857113,17889029.65,No Signal
81,2022-11-02T00:00:00+05:30,132.35,133.75,131.9,133.2,9763446,3.7271356507609847,131.2143147280585,127.5476727472595,3.6666419807989996,3.788738944064269,1.8499999999999943,1.8499999999999943,0.0,1.8499999999999943,3.1785714285714244,17353561.15,No Signal
82,2022-11-03T00:00:00+05:30,132.35,137.9,132.1,137.25,22727683,3.5811894893339717,132.14288169297257,128.2663636548699,3.8765180381026596,3.8062947628719472,5.800000000000011,4.700000000000017,1.0999999999999943,5.800000000000011,3.424999999999997,17964501.0,No Signal
83,2022-11-04T00:00:00+05:30,137.5,138.85,135.4,136.35,12856041,3.4135100824767526,132.7901306632845,128.86515153228694,3.924979130997542,3.8300316364970666,3.4499999999999886,1.5999999999999943,1.8499999999999943,3.4499999999999886,3.1499999999999977,18119329.9,No Signal
84,2022-11-07T00:00:00+05:30,137.0,139.25,136.0,137.0,15492703,3.2849383082001777,133.43780286893303,129.4677329002657,3.9700699686673318,3.85803930293112,3.25,2.9000000000000057,0.3499999999999943,3.25,3.124999999999998,18121713.35,No Signal
85,2022-11-09T00:00:00+05:30,138.0,139.0,136.85,138.1,10715177,2.974177108167389,134.15506396602026,130.10716009283863,4.047903873181639,3.896012216981224,2.1500000000000057,2.0,0.15000000000000568,2.1500000000000057,3.1142857142857117,18208223.75,No Signal
86,2022-11-10T00:00:00+05:30,137.7,139.7,136.9,138.0,8518799,2.629884575136782,134.74659258663254,130.6918149007765,4.054777685856038,3.927765310756187,2.799999999999983,1.5999999999999943,1.1999999999999886,2.799999999999983,3.0749999999999966,17856732.4,No Signal
87,2022-11-11T00:00:00+05:30,139.95,139.95,134.0,135.05,18402794,2.391618694692708,134.79327065022753,131.0146434266449,3.7786272235826175,3.8979376933214733,5.949999999999989,1.9499999999999886,4.0,5.949999999999989,3.346428571428569,17921387.0,No Signal
88,2022-11-14T00:00:00+05:30,135.4,136.4,133.4,136.05,6765386,1.9127157557789751,134.9866136271156,131.387632802449,3.5989808246665973,3.8381463195904986,3.0,1.3499999999999943,1.6500000000000057,3.0,3.2357142857142827,17330347.65,No Signal
89,2022-11-15T00:00:00+05:30,136.35,136.75,135.25,136.1,6001310,1.843161864182125,135.15790383832856,131.73669703930463,3.4212067990239348,3.754758415477186,1.5,0.6999999999999886,0.8000000000000114,1.5,3.153571428571425,14428428.1,No Signal
90,2022-11-16T00:00:00+05:30,135.65,136.95,131.8,133.15,9853354,1.8345676695769482,134.8489955555088,131.8413861475043,3.007609408004498,3.6053286139826484,5.149999999999977,0.8499999999999943,4.299999999999983,5.149999999999977,3.3499999999999943,13180534.8,No Signal
91,2022-11-17T00:00:00+05:30,133.0,135.6,132.8,134.95,7761508,1.7809331940902655,134.86453470081514,132.07165384028175,2.792880860533387,3.442839063292796,2.799999999999983,2.4499999999999886,0.3499999999999943,2.799999999999983,3.374999999999994,12608239.15,No Signal
92,2022-11-18T00:00:00+05:30,135.25,135.25,132.4,132.7,5861696,1.7545665072500671,134.53152936222818,132.1181980002609,2.4133313619672947,3.236937523027696,2.8499999999999943,0.30000000000001137,2.549999999999983,2.8499999999999943,3.2785714285714227,12041666.7,No Signal
93,2022-11-21T00:00:00+05:30,132.3,133.0,131.4,132.4,4197089,1.6418180084233673,134.20360176803922,132.1390722224638,2.064529545575425,3.002455927537242,1.5999999999999943,0.30000000000001137,1.299999999999983,1.5999999999999943,3.1785714285714226,11664193.1,No Signal
94,2022-11-22T00:00:00+05:30,132.9,133.2,130.2,131.45,6352632,1.7057402273284699,133.77997072680242,132.08802983561463,1.6919408911877838,2.7403529202673504,3.0,0.799999999999983,2.200000000000017,3.0,3.2249999999999943,10904880.55,No Signal
95,2022-11-23T00:00:00+05:30,132.15,134.95,131.65,134.35,8016223,1.6684493203758768,133.86766753806359,132.25558318112465,1.6120843569389365,2.5146992076016677,3.299999999999983,3.5,0.20000000000001705,3.5,3.3428571428571376,11032400.9,Sell
96,2022-11-24T00:00:00+05:30,134.95,135.25,132.9,133.35,7432703,1.6910519659836156,133.7880263783615,132.33665109363395,1.4513752847275612,2.3020344230268464,2.3499999999999943,0.9000000000000057,1.4499999999999886,2.3499999999999943,3.096428571428565,10825815.95,No Signal
97,2022-11-25T00:00:00+05:30,134.0,135.1,132.0,132.55,7696765,1.7300279070083722,133.5975607816905,132.35245471632774,1.2451060653627621,2.0906487514940295,3.0999999999999943,1.75,1.3499999999999943,3.0999999999999943,3.0714285714285654,10604876.8,No Signal
98,2022-11-28T00:00:00+05:30,133.25,134.25,132.3,133.8,7327894,1.624304239292944,133.62870527681505,132.45968029289605,1.1690249839190017,1.906323997979024,1.9499999999999886,1.6999999999999886,0.25,1.9499999999999886,2.9785714285714215,10379792.45,No Signal
99,2022-11-29T00:00:00+05:30,133.75,134.7,132.05,132.45,6388537,1.596689014205221,133.44736600345888,132.458963234163,0.9884027692958739,1.7227397522423942,2.6499999999999773,0.8999999999999773,1.75,2.6499999999999773,3.0142857142857054,9977311.0,No Signal
100,2022-11-30T00:00:00+05:30,132.8,133.35,131.0,131.45,6326371,1.6326951334927093,133.14007892600367,132.3842252168176,0.7558537091860558,1.5293625436311267,2.3499999999999943,0.9000000000000057,1.4499999999999886,2.3499999999999943,2.982142857142849,9422905.55,No Signal
101,2022-12-01T00:00:00+05:30,132.15,134.9,131.25,132.7,10534000,1.63132305786545,133.07237447584924,132.4076159414978,0.6647585343514493,1.3564417417751913,3.6500000000000057,3.450000000000017,0.19999999999998863,3.6500000000000057,2.817857142857136,9461433.25,No Signal
102,2022-12-02T00:00:00+05:30,132.9,133.9,132.0,133.25,6906352,1.558280557765358,133.09970147956474,132.4700147606461,0.6296867189186344,1.21109073720388,1.9000000000000057,1.200000000000017,0.6999999999999886,1.9000000000000057,2.7392857142857077,8670366.7,No Signal
103,2022-12-05T00:00:00+05:30,133.8,137.65,133.05,137.3,14401160,1.5562462930253198,133.7459012519394,132.8277914450427,0.9181098068966946,1.152494551142443,4.599999999999994,4.400000000000006,0.19999999999998863,4.599999999999994,2.9607142857142787,8747622.65,No Signal
104,2022-12-06T00:00:00+05:30,137.85,139.2,134.4,134.8,18534496,1.5174336185645632,133.90807029010256,132.9738809676321,0.934189322470445,1.1088335054080434,4.799999999999983,1.8999999999999773,2.9000000000000057,4.799999999999983,2.9357142857142793,8899712.3,No Signal
105,2022-12-07T00:00:00+05:30,135.0,135.7,131.2,132.1,12158160,1.4201280944285406,133.62990563008677,132.9091490441038,0.7207565859829685,1.0312181215230285,4.5,0.8999999999999773,3.6000000000000227,4.5,3.057142857142852,8971861.45,No Signal
106,2022-12-08T00:00:00+05:30,132.7,136.2,132.25,135.75,16920453,1.2328278446006322,133.9560739946888,133.11958244824424,0.836491546444563,0.9922728065073355,3.9499999999999886,4.099999999999994,0.15000000000000568,4.099999999999994,3.146428571428566,9391944.15,Sell
107,2022-12-09T00:00:00+05:30,136.4,138.2,132.6,133.85,12091269,1.2305765295504247,133.93975491858285,133.173687452078,0.7660674665048361,0.9470317385068356,5.599999999999994,2.4499999999999886,3.1500000000000057,5.599999999999994,3.432142857142852,9076367.9,Sell
108,2022-12-12T00:00:00+05:30,133.95,134.4,132.25,134.0,5389896,1.161267117149667,133.94902339264704,133.23489578896113,0.7141276036859097,0.9004509115426504,2.1500000000000057,0.5500000000000114,1.5999999999999943,2.1500000000000057,3.3714285714285666,9007593.4,Sell
109,2022-12-13T00:00:00+05:30,134.6,137.4,134.1,136.25,10641948,1.1515416726434622,134.30301979377825,133.45823684163068,0.8447829521475683,0.889317319663634,3.3000000000000114,3.4000000000000057,0.09999999999999432,3.4000000000000057,3.36428571428571,9239625.3,Sell
110,2022-12-14T00:00:00+05:30,136.95,137.65,136.0,136.75,7409698,1.2512456697614713,134.67947828704314,133.70207114965802,0.9774071373851143,0.9069352832079302,1.6500000000000057,1.4000000000000057,0.25,1.6500000000000057,3.3142857142857105,9117442.5,Buy
111,2022-12-15T00:00:00+05:30,136.75,142.2,136.25,137.85,30024890,1.394685280264974,135.16725085826727,134.00932513857225,1.1579257196950152,0.9571333705053472,5.949999999999989,5.449999999999989,0.5,5.949999999999989,3.517857142857139,10230611.6,Buy
112,2022-12-16T00:00:00+05:30,137.55,139.75,135.35,136.05,14599685,1.4356244991730367,135.30305841853385,134.16048623941876,1.142572179115092,0.9942211322272962,4.400000000000006,1.9000000000000057,2.5,4.400000000000006,3.69285714285714,10667511.05,Buy
113,2022-12-19T00:00:00+05:30,136.25,137.75,134.4,136.85,10382407,1.4611127805463202,135.5410494310671,134.3597094809433,1.1813399501237996,1.031644895806597,3.3499999999999943,1.6999999999999886,1.6500000000000057,3.3499999999999943,3.742857142857141,10976776.95,Buy
114,2022-12-20T00:00:00+05:30,136.7,137.35,133.3,134.95,10005685,1.3950095878899016,135.45011874936446,134.40343470457714,1.0466840447873267,1.034652725602743,4.049999999999983,0.5,3.549999999999983,4.049999999999983,3.8642857142857117,11159429.6,Buy
115,2022-12-21T00:00:00+05:30,135.6,136.25,130.35,130.9,13126062,1.5657855231343905,134.75010048023148,134.14392102275662,0.606179457474866,0.9489580719771676,5.900000000000006,1.3000000000000114,4.599999999999994,5.900000000000006,4.024999999999998,11414921.55,Sell
116,2022-12-22T00:00:00+05:30,131.45,132.35,127.1,127.95,17643433,1.9501197693416448,133.7039311755805,133.685112058108,0.01881911747250342,0.7629302810762348,5.25,1.4499999999999886,3.8000000000000114,5.25,4.264285714285712,11925458.05,Sell
117,2022-12-23T00:00:00+05:30,126.1,126.95,121.45,122.45,13180957,2.9388850749816884,131.97255714856811,132.85288153528518,-0.8803243867170636,0.4342793475175752,5.5,1.0,6.5,6.5,4.399999999999998,12199667.65,Sell
118,2022-12-26T00:00:00+05:30,122.75,132.3,120.9,130.75,22990842,2.7936788499918648,131.78447143340378,132.69711253267147,-0.9126410992676881,0.16489525816052256,11.400000000000006,9.850000000000009,1.5499999999999972,11.400000000000006,4.871428571428571,12982815.05,Sell
119,2022-12-27T00:00:00+05:30,131.75,133.35,129.8,132.95,12904975,2.743478037451061,131.96378352057243,132.71584493765877,-0.7520614170863382,-0.01849607688884959,3.549999999999983,2.5999999999999943,0.9499999999999886,3.549999999999983,4.803571428571426,13308636.95,Sell
120,2022-12-28T00:00:00+05:30,132.5,134.25,131.4,133.65,7348889,2.706449914066838,132.22320144048436,132.78504160894332,-0.5618401684589571,-0.1271648952028711,2.8499999999999943,1.3000000000000114,1.549999999999983,2.8499999999999943,4.714285714285713,13359762.85,Sell
121,2022-12-29T00:00:00+05:30,133.15,139.9,132.0,137.65,30066392,2.7049606333308494,133.05809352656368,133.14540889716974,-0.08731537060606342,-0.11919499028350958,7.900000000000006,6.25,1.6500000000000057,7.900000000000006,4.878571428571427,14336382.45,Buy
122,2022-12-30T00:00:00+05:30,138.05,141.0,137.0,139.05,17160666,2.8045833182748883,133.97992529170773,133.5827860158979,0.39713927580982045,-0.015928137064843566,4.0,3.3499999999999943,0.6500000000000057,4.0,5.010714285714284,14849098.15,Buy
123,2023-01-02T00:00:00+05:30,139.75,140.7,137.15,137.7,11044858,2.845367700315741,134.55224447759883,133.88776482953512,0.6644796480637183,0.1201534199608688,3.549999999999983,1.6499999999999773,1.9000000000000057,3.549999999999983,5.021428571428568,14681283.05,Buy
124,2023-01-03T00:00:00+05:30,138.25,142.25,137.3,137.75,24559742,2.903801700242328,135.04420686566056,134.17385632364363,0.8703505420169222,0.27019284437207947,4.949999999999989,4.550000000000011,0.39999999999997726,4.949999999999989,5.257142857142853,14982545.35,Buy
125,2023-01-04T00:00:00+05:30,138.25,138.5,134.9,136.4,10921191,2.927663680434068,135.2527904247897,134.3387558552256,0.9140345695641088,0.39896118941048536,3.5999999999999943,0.75,2.8499999999999943,3.5999999999999943,5.08928571428571,14920696.9,Buy
126,2023-01-05T00:00:00+05:30,136.9,137.1,135.1,136.7,8313992,2.937007483280713,135.47543805174513,134.5136628289126,0.9617752228325287,0.5115239960948941,2.0,0.6999999999999886,1.3000000000000114,2.0,4.917857142857138,14490373.85,Buy
127,2023-01-06T00:00:00+05:30,137.0,137.45,133.35,134.6,11398532,2.9805191013220593,135.34075527455357,134.5200581749191,0.8206970996344864,0.5733586168028125,4.099999999999994,0.75,3.3499999999999943,4.099999999999994,4.971428571428567,14455737.0,Buy
128,2023-01-09T00:00:00+05:30,135.45,137.0,134.75,135.65,10116170,2.961016776946675,135.38833138616073,134.60375756936952,0.7845738167912089,0.6156016568004918,2.25,2.4000000000000057,0.15000000000000568,2.4000000000000057,4.853571428571426,14692050.7,Buy
129,2023-01-10T00:00:00+05:30,135.95,136.0,133.2,135.25,9012962,2.9587815773611306,135.3670496344437,134.65162737904586,0.71542225539784,0.6355657765199615,2.8000000000000114,0.3499999999999943,2.450000000000017,2.8000000000000114,4.6321428571428545,14610601.4,Buy
130,2023-01-11T00:00:00+05:30,135.75,135.75,133.3,134.65,10832347,2.948075897051741,135.25673430606776,134.65150683244988,0.6052274736178731,0.6294981159395439,2.4499999999999886,0.5,1.9499999999999886,2.4499999999999886,4.432142857142854,14781733.85,No Signal
131,2023-01-12T00:00:00+05:30,135.25,136.2,133.6,135.05,9268341,2.8829305824955553,135.2249290282112,134.681024844861,0.543904183350179,0.612379329421671,2.5999999999999943,1.549999999999983,1.0500000000000114,2.5999999999999943,4.153571428571425,13743906.4,No Signal
132,2023-01-13T00:00:00+05:30,135.5,138.8,134.05,138.45,22395780,2.877971529631293,135.72109379310177,134.9602081896861,0.7608856034156588,0.6420805842204685,4.75,3.75,1.0,4.75,3.6785714285714244,14133711.15,No Signal
133,2023-01-16T00:00:00+05:30,139.25,143.4,137.15,140.3,58289006,2.967763598054175,136.42554090185536,135.35574832378344,1.0697925780719117,0.7276229829907572,6.25,4.950000000000017,1.299999999999983,6.25,3.8714285714285688,16529041.1,No Signal
134,2023-01-17T00:00:00+05:30,142.5,142.9,135.0,138.0,46001364,3.065966889882303,136.667765378493,135.551618818318,1.1161465601749967,0.8053276984276052,7.900000000000006,2.5999999999999943,5.300000000000011,7.900000000000006,4.232142857142855,18328825.05,No Signal
135,2023-01-18T00:00:00+05:30,138.7,138.75,134.75,136.7,19124929,3.0344941629365914,136.67272455103253,135.63668409103516,1.0360404599973663,0.8514702507415575,4.0,0.75,3.25,4.0,3.953571428571426,18628768.4,No Signal
136,2023-01-19T00:00:00+05:30,136.45,137.8,135.0,136.0,12287029,2.7905789674209065,136.5692284662583,135.6635963805881,0.9056320856701916,0.8623026177272843,2.8000000000000114,1.1000000000000227,1.6999999999999886,2.8000000000000114,3.867857142857141,18360948.2,No Signal
137,2023-01-20T00:00:00+05:30,136.0,137.2,133.5,134.25,11820995,1.6944326785644004,136.21242408683395,135.55888553758157,0.6535385492523744,0.8205498040323024,3.6999999999999886,1.1999999999999886,2.5,3.6999999999999886,3.8785714285714272,18292950.1,No Signal
138,2023-01-23T00:00:00+05:30,135.1,136.35,134.0,136.0,12409370,1.3970524584345994,136.17974345809026,135.5915606829459,0.5881827751443609,0.7740763982547141,2.3499999999999943,2.0999999999999943,0.25,2.3499999999999943,3.692857142857142,17763876.5,No Signal
139,2023-01-24T00:00:00+05:30,136.7,136.85,134.05,135.0,9611256,1.3019148634789572,135.99824446453792,135.54774137309806,0.450503091439856,0.7093617368917425,2.799999999999983,0.8499999999999943,1.9499999999999886,2.799999999999983,3.635714285714284,17599190.55,No Signal
140,2023-01-25T00:00:00+05:30,135.0,135.0,130.85,132.25,15133077,1.434335608923231,135.42159146999361,135.30346423435006,0.11812723564355565,0.5911148366421052,4.150000000000006,0.0,4.150000000000006,4.150000000000006,3.7892857142857133,17988399.95,No Signal
141,2023-01-27T00:00:00+05:30,132.95,133.3,129.4,132.0,13446595,1.5950748130797745,134.8951927823023,135.05876317995376,-0.16357039765145487,0.44017778978339317,3.9000000000000057,1.0500000000000114,2.8499999999999943,3.9000000000000057,3.7749999999999995,17157410.1,No Signal
142,2023-01-30T00:00:00+05:30,131.9,134.15,130.0,133.05,12277806,1.5697538407105645,134.6113169696404,134.90996590736458,-0.298648937724181,0.29241244428187835,4.150000000000006,2.1500000000000057,2.0,4.150000000000006,3.8999999999999995,16913267.1,No Signal
143,2023-01-31T00:00:00+05:30,133.7,135.2,131.65,134.45,12256476,1.5307812078069871,134.5864989743111,134.8758943586709,-0.28939538435980694,0.1760508785535413,3.549999999999983,2.1499999999999773,1.4000000000000057,3.549999999999983,3.953571428571426,16973848.0,No Signal
144,2023-02-01T00:00:00+05:30,135.45,136.45,127.1,131.35,12078487,1.677048525300474,134.0885760551863,134.61471699876935,-0.5261409435830444,0.035612514126224154,9.349999999999994,2.0,7.349999999999994,9.349999999999994,4.446428571428569,16349785.25,Sell
145,2023-02-02T00:00:00+05:30,128.55,134.05,128.55,133.3,11753340,1.6733599267181827,133.96725666208073,134.51733055441608,-0.5500738923353481,-0.0815247671660903,5.5,2.700000000000017,2.799999999999983,5.5,4.653571428571427,16391392.7,Sell
146,2023-02-03T00:00:00+05:30,133.9,135.0,130.3,133.4,7881035,1.6731266861123095,133.879986406376,134.43456532816305,-0.5545789217870549,-0.17613559809028323,4.699999999999989,1.6999999999999886,3.0,4.699999999999989,4.649999999999998,16369744.85,Sell
147,2023-02-06T00:00:00+05:30,130.0,134.25,130.0,132.9,7602276,1.7150144951155935,133.72921926693354,134.3208938223732,-0.5916745554396527,-0.25924338956015713,4.25,0.8499999999999943,3.4000000000000057,4.25,4.5071428571428545,16179932.05,Sell
148,2023-02-07T00:00:00+05:30,133.25,133.25,130.5,131.0,12025284,1.85560880509668,133.30933937971298,134.07490168738258,-0.7655623076695974,-0.3605071731820452,2.75,0.3499999999999943,2.4000000000000057,2.75,4.139285714285712,16275387.75,Sell
149,2023-02-08T00:00:00+05:30,131.45,131.85,130.15,131.35,6651377,1.9305831768038721,133.00790255206482,133.87305711794684,-0.8651545658820226,-0.4614366517220407,1.6999999999999886,0.8499999999999943,0.8499999999999943,1.6999999999999886,3.9749999999999965,16157308.5,No Signal
150,2023-02-09T00:00:00+05:30,131.35,131.4,129.0,129.95,9128501,2.099986502103468,132.5374560055933,133.58246029439522,-1.0450042888019198,-0.5781501791380165,2.4000000000000057,0.05000000000001137,2.3499999999999943,2.4000000000000057,3.946428571428567,16072116.2,No Signal
151,2023-02-10T00:00:00+05:30,129.65,132.3,129.5,131.45,7108094,2.1228995757870868,132.37015508165587,133.42450027258818,-1.0543451909323096,-0.6733891814968751,2.8000000000000114,2.3500000000000227,0.44999999999998863,2.8000000000000114,3.882142857142855,15964103.85,No Signal
152,2023-02-13T00:00:00+05:30,131.75,131.9,129.8,130.4,4384613,2.072714850144603,132.06705429986266,133.20046321535943,-1.1334089154967728,-0.7653931282968547,2.0999999999999943,0.45000000000001705,1.6499999999999773,2.0999999999999943,3.8642857142857117,15063545.5,No Signal
153,2023-02-14T00:00:00+05:30,130.8,130.8,127.9,129.75,7680733,1.8059884690369548,131.7105844075761,132.94487334755505,-1.2342889399789385,-0.8591722906332715,2.9000000000000057,0.4000000000000057,2.5,2.9000000000000057,3.8714285714285706,12533131.85,No Signal
154,2023-02-15T00:00:00+05:30,129.6,130.35,128.55,129.65,6266944,1.6711524278721506,131.39357142179517,132.70080865514356,-1.3072372333483884,-0.948785279176295,1.799999999999983,0.5999999999999943,1.1999999999999886,1.799999999999983,3.703571428571426,10546410.85,No Signal
155,2023-02-16T00:00:00+05:30,130.75,132.05,129.9,130.25,10039227,1.5480283122506269,131.2176373569036,132.5192672732811,-1.3016299163774931,-1.0193542066165346,2.1500000000000057,2.4000000000000057,0.25,2.4000000000000057,3.596428571428569,10092125.75,No Signal
156,2023-02-17T00:00:00+05:30,129.85,130.2,126.7,127.1,13966049,1.6950819754618403,130.58415468661073,132.11784006785285,-1.5336853812421225,-1.1222204415416523,3.499999999999986,0.05000000000001137,3.549999999999997,3.549999999999997,3.5535714285714257,10176076.75,No Signal
157,2023-02-20T00:00:00+05:30,127.1,127.4,125.3,126.0,9530070,1.9506533098231784,129.87890011943986,131.66466672949338,-1.7857666100535141,-1.2549296752440247,2.1000000000000085,0.30000000000001137,1.7999999999999972,2.1000000000000085,3.449999999999999,10061530.5,No Signal
158,2023-02-21T00:00:00+05:30,125.65,128.3,125.05,127.35,9155033,1.8766958756123102,129.48983856260296,131.34506178656795,-1.8552232239649982,-1.3749883849882194,3.250000000000014,2.3000000000000114,0.9500000000000028,3.250000000000014,3.0142857142857147,9898813.65,No Signal
159,2023-02-22T00:00:00+05:30,126.8,127.35,124.8,125.2,5283351,2.034505172245531,128.82986339912557,130.88987202459995,-2.0600086254743815,-1.511992433085452,2.549999999999997,0.0,2.549999999999997,2.549999999999997,2.8035714285714284,9682418.4,No Signal
160,2023-02-23T00:00:00+05:30,125.2,128.25,124.1,127.85,9981405,2.023907041850984,128.6791151838755,130.66469631907404,-1.9855811351985437,-1.6067101735080704,4.150000000000006,3.049999999999997,1.1000000000000085,4.150000000000006,2.7642857142857156,9424834.8,No Signal
161,2023-02-24T00:00:00+05:30,128.6,129.0,126.75,127.15,6152834,2.0879915876682418,128.4438666940485,130.40434844358708,-1.9604817495385873,-1.6774644887141739,2.25,1.1500000000000057,1.0999999999999943,2.25,2.6214285714285728,9060146.75,No Signal
162,2023-02-27T00:00:00+05:30,127.0,129.0,125.8,128.65,8137444,2.007627380004109,128.47557951034872,130.2743967070251,-1.7988171966763673,-1.7017350303066126,3.200000000000003,1.8499999999999943,1.3500000000000085,3.200000000000003,2.65357142857143,8853128.65,No Signal
163,2023-02-28T00:00:00+05:30,128.75,130.0,127.6,129.15,8178756,1.8242701177296858,128.57933650875663,130.19110806206027,-1.6117715533036403,-1.683742334906018,2.4000000000000057,1.3499999999999943,1.0500000000000114,2.4000000000000057,2.7035714285714314,8649242.65,No Signal
164,2023-03-01T00:00:00+05:30,129.85,134.75,129.15,134.35,13898807,1.9027112360628693,129.46713089202484,130.49917413153727,-1.0320432395124328,-1.553402515827301,5.599999999999994,5.599999999999994,0.0,5.599999999999994,2.932142857142859,8740258.65,No Signal
165,2023-03-02T00:00:00+05:30,134.1,135.4,132.45,133.35,10331343,1.9196904573539935,130.06449537017485,130.71034641809007,-0.6458510479152153,-1.371892222244884,2.950000000000017,1.0500000000000114,1.9000000000000057,2.950000000000017,2.9428571428571453,8669158.8,No Signal
166,2023-03-03T00:00:00+05:30,134.05,135.2,134.0,134.2,8335356,1.9555538776442658,130.7007268516864,130.96883927600933,-0.26811242432293625,-1.1511362626604944,1.1999999999999886,1.8499999999999943,0.6500000000000057,1.8499999999999943,2.925000000000002,8691874.85,No Signal
167,2023-03-06T00:00:00+05:30,135.4,135.95,133.7,134.0,10683880,2.0163895570400827,131.20830733604234,131.19336970000865,0.014937636033693025,-0.917921482921657,2.25,1.75,0.5,2.25,2.8785714285714303,8845955.05,No Signal
168,2023-03-08T00:00:00+05:30,133.9,136.25,132.9,135.9,7826182,2.215413684322793,131.93010620742044,131.5420089814895,0.38809722593094875,-0.6567177411511359,3.3499999999999943,2.25,1.0999999999999943,3.3499999999999943,2.989285714285717,8635999.95,No Signal
169,2023-03-09T00:00:00+05:30,136.2,136.45,133.85,134.2,6794768,2.3362733864372824,132.27932063704804,131.73889720508285,0.5404234319651948,-0.4172895065278698,2.5999999999999943,0.549999999999983,2.0500000000000114,2.5999999999999943,3.0035714285714303,8643169.5,No Signal
170,2023-03-10T00:00:00+05:30,133.25,133.4,131.8,133.0,6662275,2.3994665968293627,132.3901943851945,131.83231222692856,0.5578821582659259,-0.22225517356911065,1.5999999999999943,0.799999999999983,2.3999999999999773,2.3999999999999773,2.9214285714285717,8519858.2,No Signal
171,2023-03-13T00:00:00+05:30,131.95,133.45,128.75,129.5,7173815,2.4624227325956287,131.94554909516458,131.6595483582672,0.28600073689739247,-0.12060399147581004,4.699999999999989,0.44999999999998863,4.25,4.699999999999989,3.1071428571428563,8523144.25,No Signal
172,2023-03-14T00:00:00+05:30,129.5,130.25,127.5,127.75,10242385,2.537201350194793,131.30008000360078,131.36995218358072,-0.06987217997993866,-0.11045762917663576,2.75,0.75,2.0,2.75,3.0714285714285694,8816032.85,No Signal
173,2023-03-15T00:00:00+05:30,129.5,129.7,126.05,126.6,7183386,2.638396188201726,130.57699077227758,131.01662239220437,-0.4396316199267858,-0.17629242732666578,3.6499999999999915,1.9499999999999886,1.7000000000000028,3.6499999999999915,3.1499999999999977,8791165.5,Sell
174,2023-03-16T00:00:00+05:30,126.6,128.0,124.55,127.3,9318752,2.667914147386021,130.07283834577333,130.74131702981887,-0.6684786840455388,-0.2747296786704404,3.450000000000003,1.4000000000000057,2.049999999999997,3.450000000000003,3.0999999999999974,8943755.9,Sell
175,2023-03-17T00:00:00+05:30,127.8,129.05,127.8,128.4,8882157,2.657782537979653,129.81547860026976,130.56788613872118,-0.7524075384514219,-0.37026525062663673,1.2500000000000142,1.7500000000000142,0.5,1.7500000000000142,3.0642857142857127,8885902.4,Sell
176,2023-03-20T00:00:00+05:30,128.5,129.8,126.0,129.1,7021250,2.6000090628213344,129.705404969459,130.45915383214924,-0.7537488626902302,-0.4469619730393555,3.8000000000000114,1.4000000000000057,2.4000000000000057,3.8000000000000114,3.1071428571428563,8538662.45,Sell
177,2023-03-21T00:00:00+05:30,129.75,129.75,127.6,128.8,7719147,2.515172265483898,129.56611189723455,130.33625354828632,-0.7701416510517731,-0.5115979086418391,2.1500000000000057,0.6500000000000057,1.5,2.1500000000000057,3.089285714285713,8448116.3,Sell
178,2023-03-22T00:00:00+05:30,129.3,129.65,128.1,129.1,7040553,2.46693321850714,129.49440237458307,130.24467921137622,-0.750276836793148,-0.5593336942721009,1.5500000000000114,0.8499999999999943,0.700000000000017,1.5500000000000114,2.8000000000000003,8342392.3,No Signal
179,2023-03-23T00:00:00+05:30,128.9,129.7,126.65,127.0,6304832,2.4092319486678457,129.11064816310875,130.00433260312613,-0.8936844400173811,-0.626203843421157,3.049999999999983,0.5999999999999943,2.4499999999999886,3.049999999999983,2.8071428571428547,8393466.35,No Signal
180,2023-03-24T00:00:00+05:30,127.0,128.2,125.85,126.85,7844552,2.4509905887231414,128.76285613801508,129.7706783362279,-1.007822198212807,-0.702527514379487,2.3499999999999943,1.1999999999999886,1.1500000000000057,2.3499999999999943,2.8428571428571408,8286623.7,No Signal
181,2023-03-27T00:00:00+05:30,126.85,127.2,125.0,125.45,6548681,2.5656960940990285,128.25318596293585,129.4506280890999,-1.1974421261640487,-0.8015104367363994,2.200000000000003,0.3500000000000085,1.8499999999999943,2.200000000000003,2.839285714285712,8306416.05,No Signal
182,2023-03-28T00:00:00+05:30,125.75,126.2,123.65,125.7,8491878,2.6689660952814878,127.86038812248418,129.17280378620362,-1.3124156637194346,-0.9036914821330065,2.549999999999997,0.75,1.7999999999999972,2.549999999999997,2.7821428571428553,8324137.75,No Signal
183,2023-03-29T00:00:00+05:30,125.6,130.0,125.5,129.1,11695464,2.5991974581013273,128.051097642102,129.16741091315149,-1.1163132710494779,-0.9462158399163009,4.5,4.299999999999997,0.20000000000000284,4.5,2.9178571428571414,8499973.15,No Signal
184,2023-03-31T00:00:00+05:30,129.7,133.25,129.4,132.0,10338567,2.449624771164288,128.65862108177862,129.37723232699213,-0.7186112452135092,-0.9006949209757426,3.8499999999999943,4.150000000000006,0.30000000000001137,4.150000000000006,3.0428571428571436,8321961.15,Buy
185,2023-04-03T00:00:00+05:30,133.0,134.7,132.3,133.15,16569148,2.420165251429057,129.34960245381268,129.65669659906678,-0.30709414525409784,-0.7819747658314137,2.3999999999999773,2.6999999999999886,0.30000000000001137,2.6999999999999886,2.900000000000001,8633851.4,No Signal
186,2023-04-05T00:00:00+05:30,133.45,133.45,128.2,128.55,16377245,2.3845340493285314,129.22658669168766,129.57471907321,-0.3481323815223334,-0.6952062889695977,5.25,0.29999999999998295,4.950000000000017,5.25,3.078571428571429,9035945.85,Buy
187,2023-04-06T00:00:00+05:30,128.5,129.2,126.75,127.05,10998494,2.304477177559112,128.89172720065878,129.3877028455648,-0.4959756449060251,-0.6553601601568833,2.4499999999999886,0.6499999999999773,1.8000000000000114,2.4499999999999886,2.9928571428571433,9051676.55,Buy
188,2023-04-10T00:00:00+05:30,127.95,127.95,126.1,127.0,8949110,1.973115195785919,128.60069224671128,129.21083596811556,-0.6101437214042846,-0.6463168724063636,1.8500000000000085,0.9000000000000057,0.9500000000000028,1.8500000000000085,2.8785714285714294,9107822.95,No Signal
189,2023-04-11T00:00:00+05:30,127.95,128.75,127.15,128.3,7731256,1.6814076784164151,128.5544319010634,129.14336663714403,-0.5889347360806312,-0.6348404451412172,1.5999999999999943,1.75,0.15000000000000568,1.75,2.8785714285714286,9154647.35,No Signal
190,2023-04-12T00:00:00+05:30,127.15,128.85,127.0,127.25,7489842,1.4856752208878272,128.35375007013056,129.00311725661484,-0.6493671864842838,-0.6377457934098305,1.8499999999999943,0.549999999999983,1.3000000000000114,1.8499999999999943,2.739285714285713,9196025.7,No Signal
191,2023-04-13T00:00:00+05:30,127.25,128.55,126.0,128.1,9104287,1.4562914237578575,128.31471159780278,128.9362196820508,-0.6215080842480063,-0.6344982515774658,2.5500000000000114,1.3000000000000114,1.25,2.5500000000000114,2.767857142857142,9292549.3,No Signal
192,2023-04-17T00:00:00+05:30,128.1,131.7,127.1,131.4,9706568,1.522300311024448,128.78937135198697,129.1187219278248,-0.3293505758378217,-0.573468716429537,4.599999999999994,3.5999999999999943,1.0,4.599999999999994,2.9857142857142835,9265758.45,Buy
193,2023-04-18T00:00:00+05:30,131.35,132.65,130.5,131.65,8784799,1.5874038006504527,129.2294680670659,129.3062240072452,-0.07675594017928233,-0.4741261611794861,2.1500000000000057,1.25,0.9000000000000057,2.1500000000000057,2.921428571428571,9345829.1,No Signal
194,2023-04-19T00:00:00+05:30,131.15,132.4,131.15,131.7,4627733,1.6549634130755628,129.60954990290193,129.48354074744924,0.1260091554526923,-0.35409909785305044,1.25,0.75,0.5,1.25,2.8428571428571425,9111278.15,No Signal
195,2023-04-20T00:00:00+05:30,131.7,132.9,131.4,132.3,7467299,1.7489696545624176,130.0234653024555,129.6921673587493,0.331297943706204,-0.21701968954119955,1.5,1.200000000000017,0.29999999999998295,1.5,2.7928571428571423,9040535.25,No Signal
196,2023-04-21T00:00:00+05:30,132.2,132.4,130.75,131.0,3869518,1.7998232935849914,130.17370140977002,129.7890438506938,0.38465755907623134,-0.09668423981771337,1.6500000000000057,0.09999999999999432,1.5500000000000114,1.6500000000000057,2.7285714285714286,8882948.65,No Signal
197,2023-04-24T00:00:00+05:30,131.1,132.9,130.55,132.1,6342651,1.855646273064527,130.47005503903617,129.96022578767943,0.5098292513567344,0.024618458417176182,2.3499999999999943,1.9000000000000057,0.44999999999998863,2.3499999999999943,2.5749999999999997,8814123.85,No Signal
198,2023-04-25T00:00:00+05:30,132.1,134.7,132.1,133.4,10237783,1.9649873478454256,130.9208158022614,130.21502387748095,0.7057919247804421,0.1608531516898294,2.5999999999999943,2.5999999999999943,0.0,2.5999999999999943,2.464285714285713,8973985.35,No Signal
199,2023-04-26T00:00:00+05:30,133.15,135.25,132.55,135.0,8575324,2.0959055353225997,131.5483826019135,130.5694665532231,0.9789160486903938,0.3244657310899423,2.6999999999999886,1.8499999999999943,0.8499999999999943,2.6999999999999886,2.464285714285713,9087509.95,No Signal
200,2023-04-27T00:00:00+05:30,135.15,135.7,133.3,133.95,9193198,2.1485054118895857,131.9178622016191,130.81987643816953,1.0979857634495716,0.47916973756186815,2.3999999999999773,0.6999999999999886,1.6999999999999886,2.3999999999999773,2.260714285714283,9154942.25,No Signal
201,2023-04-28T00:00:00+05:30,134.35,136.4,134.2,134.95,9349394,2.100806267397513,132.38434493983155,131.12581151682363,1.2585334230079184,0.6350424746510782,2.200000000000017,2.450000000000017,0.25,2.450000000000017,2.2607142857142852,9294977.9,No Signal
202,2023-05-02T00:00:00+05:30,135.55,136.8,135.0,136.45,7107201,2.09573341319827,133.0098303337036,131.52019584891076,1.4896344847928447,0.8059608766794315,1.8000000000000114,1.8500000000000227,0.05000000000001137,1.8500000000000227,2.260714285714286,9225744.05,No Signal
203,2023-05-03T00:00:00+05:30,135.9,138.3,135.55,137.7,8477131,2.29147641266252,133.7313948977492,131.97795911936183,1.7534357783873702,0.9954558570210192,2.75,1.8500000000000227,0.8999999999999773,2.75,2.3321428571428577,9064827.4,No Signal
204,2023-05-04T00:00:00+05:30,137.7,140.05,137.35,139.4,9125430,2.5831885100446224,134.60348799040318,132.52773992533503,2.0757480650681543,1.2115142986304464,2.700000000000017,2.3500000000000227,0.3499999999999943,2.700000000000017,2.392857142857145,9004170.55,No Signal
205,2023-05-05T00:00:00+05:30,140.0,140.3,127.0,127.75,52169855,2.906063935262589,133.54910522264885,132.1738332641991,1.3752719584497584,1.2442658305943088,13.300000000000011,0.9000000000000057,12.400000000000006,13.300000000000011,3.160714285714288,10784205.9,Buy
206,2023-05-08T00:00:00+05:30,129.0,130.85,126.35,128.65,25677860,2.8822578515136534,132.79539672685672,131.91280857796212,0.8825881488945981,1.1719302942543668,4.5,3.0999999999999943,1.4000000000000057,4.5,3.153571428571431,11249236.65,Sell
207,2023-05-09T00:00:00+05:30,129.0,131.1,128.1,128.55,12857628,2.8175988165839536,132.14225876887878,131.66371164626122,0.47854712261755594,1.0332536599270046,3.0,2.4499999999999886,0.5500000000000114,3.0,3.214285714285716,11342193.35,Sell
208,2023-05-10T00:00:00+05:30,128.55,129.45,127.1,129.25,10100422,2.7055231370753434,131.69729588135897,131.48491819098263,0.2123776903763428,0.8690784660168722,2.3499999999999943,0.8999999999999773,1.450000000000017,2.3499999999999943,3.2928571428571445,11399758.95,Sell
209,2023-05-11T00:00:00+05:30,129.75,130.15,127.5,127.8,11009514,2.7589723365486876,131.09771189961143,131.21196128794688,-0.11424938833545184,0.6724128951464075,2.6500000000000057,0.9000000000000057,1.75,2.6500000000000057,3.375000000000002,11563671.85,Sell
210,2023-05-12T00:00:00+05:30,128.3,128.45,125.75,125.9,14452494,2.8843281793255398,130.29806391505582,130.8184826740249,-0.5204187589690719,0.4338465643233116,2.6999999999999886,0.6499999999999915,2.049999999999997,2.6999999999999886,3.4500000000000006,11911804.45,Sell
211,2023-05-15T00:00:00+05:30,125.9,128.05,123.9,127.5,20973726,2.875521766126591,129.86759254350878,130.57266914261564,-0.7050765991068602,0.20606193163727726,4.150000000000006,2.1500000000000057,2.0,4.150000000000006,3.57857142857143,12505276.4,Sell
212,2023-05-16T00:00:00+05:30,128.2,128.45,126.6,126.95,11003684,3.012783168585745,129.41873215219974,130.30432328019967,-0.8855911279999304,-0.012268680290164287,1.8499999999999943,0.9499999999999886,0.9000000000000057,1.8499999999999943,3.5250000000000017,12570132.2,Sell
213,2023-05-17T00:00:00+05:30,127.1,128.15,126.05,127.65,11739989,3.0748953551510563,129.14661951339977,130.1077067409256,-0.9610872275258373,-0.2020323897372989,2.1000000000000085,1.2000000000000028,0.9000000000000057,2.1000000000000085,3.4821428571428603,12717891.7,Sell
214,2023-05-18T00:00:00+05:30,128.5,128.75,126.45,126.75,11018880,3.2022178131660985,128.77790881903059,129.85898772307925,-1.0810789040486668,-0.3778416925995725,2.299999999999997,1.0999999999999943,1.2000000000000028,2.299999999999997,3.4750000000000045,13037449.05,Sell
215,2023-05-19T00:00:00+05:30,127.2,127.6,124.5,126.15,9669660,3.3275383940746863,128.37361515456433,129.58424789174006,-1.2106327371757288,-0.5443999015148038,3.0999999999999943,0.8499999999999943,2.25,3.0999999999999943,3.5214285714285745,13147567.1,Sell
216,2023-05-22T00:00:00+05:30,126.0,126.6,125.0,126.2,15934321,3.425944927542511,128.0392128230929,129.3335628627223,-1.2943500396293928,-0.6943899291377216,1.5999999999999943,0.44999999999998863,1.1500000000000057,1.5999999999999943,3.5035714285714294,13750807.25,Sell
217,2023-05-23T00:00:00+05:30,126.5,126.95,125.45,125.65,6772781,3.537460863360146,127.67164161954014,129.06070635437248,-1.3890647348323455,-0.8333248902766465,1.5,0.75,0.75,1.5,3.414285714285715,13772313.75,Sell
218,2023-05-24T00:00:00+05:30,125.55,126.2,123.4,123.8,12562198,3.720196280274645,127.07600444730319,128.67102440219674,-1.5950199548935444,-0.9856639032000262,2.799999999999997,0.5499999999999972,2.25,2.799999999999997,3.421428571428571,13888534.5,Sell
219,2023-05-25T00:00:00+05:30,123.55,123.9,122.3,123.25,15655834,3.7781048715995453,126.48738837848731,128.26946703907106,-1.7820786605837498,-1.144946854676771,1.6000000000000085,0.10000000000000853,1.5,1.6000000000000085,2.585714285714285,14242560.0,No Signal
220,2023-05-26T00:00:00+05:30,123.5,125.4,123.4,125.25,8746928,3.669969717880249,126.2970209356431,128.04580281395468,-1.7487818783115756,-1.265713859403732,2.0,2.1500000000000057,0.15000000000000568,2.1500000000000057,2.4178571428571423,14220246.5,No Signal
221,2023-05-29T00:00:00+05:30,126.1,126.4,125.2,125.5,8267792,3.5144938373263837,126.17440233015955,127.85722482773582,-1.682822497576268,-1.3491355870382393,1.2000000000000028,1.1500000000000057,0.04999999999999716,1.2000000000000028,2.289285714285714,14166166.4,No Signal
222,2023-05-30T00:00:00+05:30,125.95,126.0,124.85,125.3,8917811,3.2033580074254524,126.03987889475039,127.66780076642205,-1.62792187167166,-1.4048928439649235,1.1500000000000057,0.5,0.6500000000000057,1.1500000000000057,2.203571428571429,14256696.9,No Signal
223,2023-05-31T00:00:00+05:30,125.25,126.1,124.5,125.25,9003220,2.625977495485085,125.91835906478879,127.48870441335374,-1.5703453485649561,-1.4379833448849302,1.5999999999999943,0.7999999999999972,0.7999999999999972,1.5999999999999943,2.1285714285714286,14283001.35,No Signal
224,2023-06-01T00:00:00+05:30,125.25,125.95,124.8,125.5,10982556,1.2643989807270302,125.85399613174437,127.34139297532754,-1.48739684358317,-1.4478660446245781,1.1500000000000057,0.7000000000000028,0.45000000000000284,1.1500000000000057,2.0178571428571437,14375857.65,No Signal
225,2023-06-02T00:00:00+05:30,125.95,126.95,125.8,126.15,10542134,1.2341011639930395,125.89953518839908,127.25314164382179,-1.3536064554227067,-1.4290141267842038,1.1500000000000057,1.4500000000000028,0.29999999999999716,1.4500000000000028,1.8250000000000008,12294471.6,No Signal
226,2023-06-05T00:00:00+05:30,126.95,128.1,126.65,127.3,10321926,1.1619621741917507,126.11499131326076,127.25661263316833,-1.1416213199075713,-1.3715355654088774,1.4499999999999886,1.9499999999999886,0.5,1.9499999999999886,1.8321428571428575,11526674.9,No Signal
227,2023-06-06T00:00:00+05:30,127.5,127.5,125.7,126.15,6668953,1.0935695332001527,126.1203772650668,127.17464132700772,-1.054264061940927,-1.3080812647152875,1.7999999999999972,0.20000000000000284,1.5999999999999943,1.7999999999999972,1.8107142857142853,11217241.15,No Signal
228,2023-06-07T00:00:00+05:30,126.5,127.5,125.95,126.2,5556188,0.9298386948782024,126.13262691659499,127.1024456731553,-0.9698187565603149,-1.2404287630842932,1.5499999999999972,1.3499999999999943,0.20000000000000284,1.5499999999999972,1.7571428571428567,10990029.45,No Signal
229,2023-06-08T00:00:00+05:30,126.25,127.6,125.9,126.1,9170509,0.8691399662226204,126.12760739096498,127.02819043810676,-0.9005830471417795,-1.1724596198957906,1.6999999999999886,1.3999999999999915,0.29999999999999716,1.6999999999999886,1.6571428571428564,10898079.2,No Signal
230,2023-06-09T00:00:00+05:30,126.25,126.3,124.85,125.1,6445849,0.8884378667316888,125.96951394620113,126.88536151676551,-0.9158475705643809,-1.1211372100295087,1.4500000000000028,0.20000000000000284,1.25,1.4500000000000028,1.6464285714285711,10497746.95,No Signal
231,2023-06-12T00:00:00+05:30,125.0,125.8,124.6,125.2,3558036,0.8410469075112347,125.85112718524711,126.76051992293102,-0.9093927376839162,-1.0787883155603903,1.2000000000000028,0.7000000000000028,0.5,1.2000000000000028,1.625,9626962.45,No Signal
232,2023-06-13T00:00:00+05:30,125.5,126.0,124.4,124.55,14180212,0.8415747751547603,125.65095377213217,126.59677770641761,-0.9458239342854426,-1.052195439305401,1.5999999999999943,0.7999999999999972,0.7999999999999972,1.5999999999999943,1.5392857142857141,9785788.85,No Signal
233,2023-06-14T00:00:00+05:30,124.8,125.2,123.5,124.4,15051657,0.7804463147676618,125.4584993456503,126.43405343186816,-0.9755540862178691,-1.0368671686878945,1.7000000000000028,0.6500000000000057,1.0499999999999972,1.7000000000000028,1.5464285714285708,9951372.25,No Signal
234,2023-06-15T00:00:00+05:30,124.65,124.7,121.75,122.05,16997484,0.9772087555477318,124.93411483093486,126.10930873321126,-1.1751939022764049,-1.0645325154055967,2.950000000000003,0.29999999999999716,2.6500000000000057,2.950000000000003,1.6035714285714278,10250302.45,No Signal
235,2023-06-16T00:00:00+05:30,122.7,124.35,122.15,123.75,7756609,0.9843195733465503,124.75194331848334,125.93454512334377,-1.1826018048604254,-1.0881463732965624,2.1999999999999886,2.299999999999997,0.10000000000000853,2.299999999999997,1.6821428571428558,10154649.9,No Signal
236,2023-06-19T00:00:00+05:30,123.95,124.0,122.7,123.25,8440412,1.0222462829474006,124.52087511563975,125.735689929022,-1.2148148133822474,-1.1134800613136995,1.2999999999999972,0.25,1.0499999999999972,1.2999999999999972,1.692857142857141,9779954.45,No Signal
237,2023-06-20T00:00:00+05:30,123.1,123.6,122.9,123.5,4041124,1.0457638738821573,124.36381740554133,125.57008326761296,-1.206265862071632,-1.132037221465286,0.6999999999999886,0.3499999999999943,0.3499999999999943,0.6999999999999886,1.6285714285714263,9643371.6,No Signal
238,2023-06-21T00:00:00+05:30,123.7,124.6,123.1,123.5,6368047,1.0577719560521741,124.23092242007343,125.4167437663083,-1.1858213462348743,-1.1427940464192037,1.5,1.0999999999999943,0.4000000000000057,1.5,1.653571428571426,9333664.05,No Signal
239,2023-06-22T00:00:00+05:30,123.7,124.4,123.15,123.85,7476854,1.0285458006577917,124.17231897083136,125.30068867250769,-1.128369701676334,-1.1399091774706298,1.25,0.9000000000000057,0.3499999999999943,1.25,1.6392857142857113,8924715.05,No Signal
240,2023-06-23T00:00:00+05:30,123.75,123.75,121.9,122.0,6569291,1.1674290403371415,123.83811605224192,125.05619321528489,-1.2180771630429774,-1.1555427745850995,1.8499999999999943,0.09999999999999432,1.9499999999999886,1.9499999999999886,1.6392857142857113,8815833.2,No Signal
241,2023-06-26T00:00:00+05:30,122.15,122.25,121.0,121.5,5875685,1.3024716165009127,123.47840589035854,124.79277149563416,-1.3143656052756114,-1.187307340723202,1.25,0.25,1.0,1.25,1.5999999999999974,8696227.85,No Signal
242,2023-06-27T00:00:00+05:30,121.95,123.6,121.45,123.55,9752260,1.283742530663891,123.48942036876493,124.70071434780941,-1.211293979044484,-1.1921046683874585,2.1499999999999915,2.0999999999999943,0.04999999999999716,2.1499999999999915,1.64285714285714,8737950.3,No Signal
243,2023-06-28T00:00:00+05:30,124.0,124.05,121.65,122.5,27069327,1.331381694193404,123.3372018504934,124.5376984701939,-1.2004966197005018,-1.1937830586500673,2.3999999999999915,0.5,1.8999999999999915,2.3999999999999915,1.69285714285714,9641255.65,Sell
244,2023-06-30T00:00:00+05:30,122.35,126.4,122.35,126.25,17502362,1.3212395909608994,123.78532464272519,124.66453562054991,-0.8792109778247266,-1.1308686424849992,4.050000000000011,3.9000000000000057,0.15000000000000568,4.050000000000011,1.8785714285714263,9967245.95,Buy
245,2023-07-03T00:00:00+05:30,127.2,128.45,126.5,127.65,14253913,1.3970619071198564,124.37989008230593,124.8856811301388,-0.5057910478328722,-1.0058531235545738,1.9499999999999886,2.1999999999999886,0.25,2.1999999999999886,1.9499999999999968,10152834.9,Buy
246,2023-07-04T00:00:00+05:30,128.0,133.3,127.65,131.9,41050525,1.7995603470396404,125.53683006964349,125.40526030568408,0.1315697639594049,-0.7783685460517781,5.650000000000006,5.650000000000006,0.0,5.650000000000006,2.2392857142857117,11689264.85,Buy
247,2023-07-05T00:00:00+05:30,132.75,134.1,131.75,133.4,22351858,2.2993880005855143,126.74654852046757,125.99746324600378,0.7490852744637948,-0.47287778194866353,2.3499999999999943,2.1999999999999886,0.15000000000000568,2.3499999999999943,2.2857142857142825,12473410.1,Buy
248,2023-07-06T00:00:00+05:30,133.0,136.5,132.6,135.6,22959391,2.856593268555683,128.10861797885718,126.7087622648183,1.3998557140388783,-0.09833108275115517,3.9000000000000057,3.0999999999999943,0.8000000000000114,3.9000000000000057,2.3535714285714255,13343570.25,Buy
249,2023-07-07T00:00:00+05:30,135.95,136.2,133.3,134.8,13704944,3.2638087667191633,129.1380613667253,127.3081132081651,1.8299481585602138,0.2873247655111187,2.8999999999999773,0.5999999999999943,2.299999999999983,2.8999999999999773,2.3964285714285674,13570292.0,Buy
250,2023-07-10T00:00:00+05:30,135.15,135.5,132.55,134.6,12678193,3.567213278926826,129.97835961799834,127.84825297052323,2.1301066474751025,0.6558811419039154,2.9499999999999886,0.6999999999999886,2.25,2.9499999999999886,2.5142857142857093,13881909.2,Buy
251,2023-07-11T00:00:00+05:30,135.1,135.45,133.7,135.2,7964597,3.8291523474344826,130.78168890753705,128.39282682455854,2.3888620829785054,1.0024773301188334,1.75,0.8499999999999943,0.9000000000000057,1.75,2.5892857142857104,14102237.25,Buy
252,2023-07-12T00:00:00+05:30,135.0,136.4,134.0,134.25,15426912,4.0193595729383835,131.31527522945441,128.82669150422086,2.4885837252335534,1.2996986091417775,2.4000000000000057,1.200000000000017,1.1999999999999886,2.4000000000000057,2.653571428571425,14164572.25,Buy
253,2023-07-13T00:00:00+05:30,135.0,135.15,126.45,127.05,72630904,4.212078180735994,130.65907904030757,128.69508472613043,1.9639943141771425,1.4325577501488507,8.700000000000003,0.9000000000000057,7.799999999999997,8.700000000000003,3.1857142857142824,17043534.6,Buy
254,2023-07-14T00:00:00+05:30,128.05,130.0,126.65,129.0,29981962,4.032535488672092,130.40383611102948,128.71767104271336,1.6861650683161145,1.4832792137823034,3.3499999999999943,2.950000000000003,0.3999999999999915,3.3499999999999943,3.2857142857142825,17692758.5,Buy
255,2023-07-17T00:00:00+05:30,131.0,133.7,129.95,132.2,29746522,3.9290193662557176,130.68016901702495,128.97562133584572,1.7045476811792355,1.5275329072616899,3.75,4.699999999999989,0.9499999999999886,4.699999999999989,3.5321428571428535,18792254.15,Buy
256,2023-07-18T00:00:00+05:30,133.6,135.4,131.65,134.95,29852953,3.8952365793796386,131.3370660913288,129.41816790356086,1.918898187767951,1.6058059633629422,3.75,3.200000000000017,0.549999999999983,3.75,3.6464285714285682,19862881.2,Buy
257,2023-07-19T00:00:00+05:30,136.1,136.85,133.45,135.6,24063310,3.9108108913920954,131.99290207727822,129.87608139218597,2.11682068509225,1.7080089077088039,3.4000000000000057,1.9000000000000057,1.5,3.4000000000000057,3.7178571428571408,20863990.5,Buy
258,2023-07-20T00:00:00+05:30,138.1,139.0,135.5,136.35,37898024,3.9020224292843375,132.66322483462002,130.3556309186907,2.307593915929317,1.8279259093529066,3.5,3.4000000000000057,0.09999999999999432,3.5,3.6785714285714257,22440489.35,Buy
259,2023-07-21T00:00:00+05:30,136.8,136.85,133.05,134.55,21146226,3.860479892543372,132.95349793698617,130.66632492471362,2.2871730122725467,1.9197753299368348,3.799999999999983,0.5,3.299999999999983,3.799999999999983,3.7928571428571396,23123957.95,Buy
260,2023-07-24T00:00:00+05:30,134.5,135.3,133.5,134.0,11389694,3.5991895946827253,133.1144982543729,130.9132638191793,2.201234435193612,1.9760671509881904,1.8000000000000114,0.75,1.0500000000000114,1.8000000000000114,3.5178571428571397,23364978.1,Buy
261,2023-07-25T00:00:00+05:30,134.6,134.75,131.75,132.95,12481546,3.197383773354595,133.08919083062324,131.06413316590675,2.025057664716485,1.9858652537338495,3.0,0.75,2.25,3.0,3.564285714285712,23695271.15,Buy
262,2023-07-26T00:00:00+05:30,132.7,135.0,132.7,134.2,15734104,2.8348437996932643,133.26008454898889,131.29641959806182,1.9636649509270683,1.9814251931724933,2.3000000000000114,2.0500000000000114,0.25,2.3000000000000114,3.449999999999998,23994363.35,Sell
263,2023-07-27T00:00:00+05:30,134.3,135.5,133.65,134.25,20684236,2.2585177294814422,133.41237923375982,131.51520333153871,1.8971759022211074,1.9645753349822164,1.8499999999999943,1.3000000000000114,0.549999999999983,1.8499999999999943,3.374999999999999,23675108.8,Sell
264,2023-07-28T00:00:00+05:30,133.95,137.4,133.9,135.2,28017338,1.942632732952584,133.68739781318138,131.78815123290622,1.899246580275161,1.9515095840408054,3.5,3.1500000000000057,0.3499999999999943,3.5,3.414285714285714,24200857.6,Sell
265,2023-07-31T00:00:00+05:30,135.95,136.6,134.9,135.9,11548143,1.6973589019341193,134.02779814961502,132.09273262306132,1.9350655265537,1.9482207725433844,1.6999999999999886,1.4000000000000057,0.29999999999998295,1.6999999999999886,3.4107142857142847,24065569.1,Sell
266,2023-08-01T00:00:00+05:30,136.4,136.4,134.5,135.1,12253241,1.686884884095442,134.19275228044347,132.31549316950122,1.8772591109422478,1.9340284402231571,1.9000000000000057,0.5,1.4000000000000057,1.9000000000000057,3.374999999999999,22625704.9,Sell
267,2023-08-02T00:00:00+05:30,134.8,134.8,130.85,132.6,19023347,1.73170204382661,133.94771346806755,132.33656774953818,1.6111457185293716,1.8694518958844002,3.950000000000017,0.29999999999998295,4.25,4.25,3.057142857142856,22459279.35,No Signal
268,2023-08-03T00:00:00+05:30,132.75,132.85,130.85,132.65,13575641,1.7166531506482348,133.748065242211,132.3597849532761,1.388280288934908,1.7732175744945018,2.0,0.25,1.75,2.0,2.960714285714285,21990091.85,No Signal
269,2023-08-04T00:00:00+05:30,132.95,135.5,131.7,134.75,16654909,1.6890369081428132,133.9022090511016,132.53683791970008,1.365371131401531,1.6916482858759079,3.8000000000000114,2.8499999999999943,0.950000000000017,3.8000000000000114,2.8964285714285722,22137590.1,No Signal
270,2023-08-07T00:00:00+05:30,135.15,135.15,133.1,134.2,13205547,1.6915248685551074,133.94802304323983,132.6600351108334,1.2879879324064234,1.6109162151820111,2.0500000000000114,0.4000000000000057,1.6500000000000057,2.0500000000000114,2.7750000000000017,22163957.8,No Signal
271,2023-08-08T00:00:00+05:30,134.65,136.3,134.2,135.55,12246237,1.6843412691106139,134.19448103658755,132.874106584105,1.3203744524825538,1.5528078626421198,2.1000000000000227,2.1000000000000227,0.0,2.1000000000000227,2.68214285714286,22378039.8,No Signal
272,2023-08-09T00:00:00+05:30,135.5,135.75,133.25,134.5,12724569,1.7000754049910587,134.24148395403563,132.99454313343054,1.24694082060509,1.491634454234714,2.5,0.19999999999998863,2.3000000000000114,2.5,2.6107142857142884,22242922.65,No Signal
273,2023-08-10T00:00:00+05:30,134.3,135.25,133.5,134.5,15341710,1.2279806391843446,134.28125565341477,133.10605845688013,1.17519719653464,1.4283470026946992,1.75,0.75,1.0,1.75,2.4642857142857184,19378462.95,No Signal
274,2023-08-11T00:00:00+05:30,133.8,134.35,132.8,133.15,10371400,0.869150511852467,134.1072163221202,133.1093133860001,0.9979029361200844,1.3422581893797763,1.549999999999983,0.15000000000000568,1.6999999999999886,1.6999999999999886,2.4571428571428595,18397934.85,No Signal
275,2023-08-14T00:00:00+05:30,133.4,133.4,130.65,132.8,6706148,0.8320765199389454,133.90610611871708,133.08640128333343,0.8197048353836465,1.2377475185805504,2.75,0.25,2.5,2.75,2.4392857142857167,17245916.15,No Signal
276,2023-08-16T00:00:00+05:30,131.9,133.35,131.75,132.15,11293525,0.9103358588903379,133.63593594660676,133.01703822530874,0.6188977212980262,1.1139775591240457,1.5999999999999943,0.549999999999983,1.0500000000000114,1.5999999999999943,2.3892857142857156,16317944.75,No Signal
277,2023-08-17T00:00:00+05:30,132.6,134.95,132.05,134.5,14561251,0.8642223241370955,133.76886887789803,133.12688724565623,0.6419816322417944,1.0195783737475954,2.8999999999999773,2.799999999999983,0.09999999999999432,2.8999999999999773,2.4642857142857144,15842841.8,No Signal
278,2023-08-18T00:00:00+05:30,134.5,134.9,133.0,133.85,6418356,0.7820950316868469,133.78135058899065,133.1804511533854,0.6008994356052426,0.9358425861191249,1.9000000000000057,0.4000000000000057,1.5,1.9000000000000057,2.3500000000000005,14268858.4,No Signal
279,2023-08-21T00:00:00+05:30,134.15,135.0,133.65,134.45,11549021,0.7769764710803486,133.88421972914594,133.2744918086902,0.6097279204557537,0.8706196529864507,1.3499999999999943,1.1500000000000057,0.19999999999998863,1.3499999999999943,2.3250000000000006,13788998.15,No Signal
280,2023-08-22T00:00:00+05:30,134.5,136.9,134.15,135.9,15581218,0.8257378561438791,134.1943397708158,133.46897389693535,0.7253658738804347,0.8415688971652475,2.75,2.450000000000017,0.29999999999998295,2.75,2.385714285714286,13998574.35,No Signal
281,2023-08-23T00:00:00+05:30,136.55,142.2,136.0,141.75,31166585,1.4131827909154882,135.35674903684412,134.08238323790312,1.2743657989410053,0.9281282775203992,6.199999999999989,6.299999999999983,0.09999999999999432,6.299999999999983,2.532142857142856,14932826.3,No Signal
282,2023-08-24T00:00:00+05:30,143.3,143.4,139.4,140.4,22227498,1.6967922163347853,136.13263380040655,134.5503548499103,1.58227895049626,1.0589584121155713,4.0,1.6500000000000057,2.3499999999999943,4.0,2.6749999999999994,15257496.0,No Signal
283,2023-08-25T00:00:00+05:30,140.0,142.3,138.75,140.7,14586127,1.9214825606316834,136.8353055234209,135.0058841202873,1.8294214031336082,1.2130510103191787,3.5500000000000114,1.9000000000000057,1.6500000000000057,3.5500000000000114,2.657142857142856,14952590.55,No Signal
284,2023-08-28T00:00:00+05:30,141.45,144.5,140.5,143.8,18959056,2.3043062737512097,137.90679698135617,135.65730011137714,2.2494968699790263,1.4203401822511483,4.0,3.8000000000000114,0.19999999999998863,4.0,2.79642857142857,14499676.45,Buy
285,2023-08-29T00:00:00+05:30,144.8,146.45,144.0,144.6,17152970,2.676999307101418,138.93652052268598,136.3197223253492,2.6167981973367773,1.6596317852682743,2.4499999999999886,2.6499999999999773,0.19999999999998863,2.6499999999999773,2.835714285714281,14779917.8,Buy
286,2023-08-30T00:00:00+05:30,145.45,145.7,143.0,143.65,8115297,2.9323634604768505,139.66167121150352,136.8627058568048,2.7989653546987086,1.8874984991543613,2.6999999999999886,1.0999999999999943,1.5999999999999943,2.6999999999999886,2.8499999999999943,14573020.6,Buy
287,2023-08-31T00:00:00+05:30,143.35,144.5,142.0,144.0,19520798,3.069319474150358,140.32910640973375,137.39139431185632,2.937712097877437,2.0975412188989764,2.5,0.8499999999999943,1.6500000000000057,2.5,2.9035714285714227,14597893.15,Buy
288,2023-09-01T00:00:00+05:30,145.1,145.2,141.3,143.8,13687325,3.151432039396279,140.8630900390055,137.8661058443114,2.9969841946941074,2.2774298140580025,3.8999999999999773,1.1999999999999886,2.6999999999999886,3.8999999999999773,3.0607142857142793,14603477.35,Buy
289,2023-09-04T00:00:00+05:30,143.85,144.5,142.5,143.05,11140979,3.2374425822952144,141.19953772531235,138.25009800399204,2.949439721320317,2.4118317955104653,2.0,0.6999999999999886,1.3000000000000114,2.0,3.0071428571428505,14327780.85,Buy
290,2023-09-05T00:00:00+05:30,143.75,145.6,142.9,144.7,13833678,3.2917936114241897,141.7380703829566,138.72786852221483,3.0102018607417733,2.531505808556727,2.6999999999999886,2.549999999999983,0.15000000000000568,2.6999999999999886,3.0857142857142787,14359187.4,Buy
291,2023-09-06T00:00:00+05:30,144.0,145.5,142.85,143.8,17346713,3.36764170185564,142.05529032404021,139.10358196501375,2.951708359026469,2.6155463186506758,2.6500000000000057,0.8000000000000114,1.8499999999999943,2.6500000000000057,3.067857142857138,14614211.2,Buy
292,2023-09-07T00:00:00+05:30,144.45,147.15,143.85,145.0,13131381,3.377726118526276,142.50832258188018,139.54035367130902,2.967968910571159,2.6860308370347723,3.3000000000000114,3.3499999999999943,0.04999999999998295,3.3499999999999943,3.171428571428566,14634551.8,Buy
293,2023-09-08T00:00:00+05:30,145.85,148.3,145.05,147.5,18010921,3.4274359241521646,143.27627295389863,140.1299571030639,3.146315850834725,2.778087839794763,3.25,3.3000000000000114,0.05000000000001137,3.3000000000000114,3.310714285714281,14768012.35,Buy
294,2023-09-11T00:00:00+05:30,148.4,150.0,147.5,148.9,20273209,3.4448153166693585,144.14146173022192,140.77958991024437,3.3618718199775515,2.894844635831321,2.5,2.5,0.0,2.5,3.2928571428571383,15263102.8,Buy
295,2023-09-12T00:00:00+05:30,149.9,149.9,141.85,142.6,17735490,3.3403341611420188,143.90431377172624,140.91443510207813,2.989878669648107,2.913851442594678,8.050000000000011,1.0,7.050000000000011,8.050000000000011,3.4178571428571405,15814569.9,Buy
296,2023-09-13T00:00:00+05:30,143.0,145.95,140.8,145.15,16236362,2.9557178825048473,144.09595780684526,141.22818065007235,2.8677771567729167,2.904636585430326,5.149999999999977,3.3499999999999943,1.799999999999983,5.149999999999977,3.499999999999996,16061711.75,Sell
297,2023-09-14T00:00:00+05:30,146.4,147.9,145.5,147.5,10378267,2.749667381459277,144.61965660579216,141.6927598611781,2.926896744614055,2.909088617267072,2.4000000000000057,2.75,0.3499999999999943,2.75,3.442857142857138,15852562.55,Buy
298,2023-09-15T00:00:00+05:30,147.5,148.8,146.65,148.25,8614702,2.4617412024046756,145.17817097413183,142.1784813529427,2.999689621189134,2.927208818051484,2.1500000000000057,1.3000000000000114,0.8499999999999943,2.1500000000000057,3.310714285714281,15962379.85,Buy
299,2023-09-18T00:00:00+05:30,147.15,147.7,145.65,146.1,11469599,2.0576847526040214,145.3199908242654,142.4689642156877,2.851026608577712,2.9119723761567298,2.049999999999983,0.5500000000000114,2.5999999999999943,2.5999999999999943,3.307142857142854,15958408.75,Sell
300,2023-09-20T00:00:00+05:30,145.3,147.5,144.3,146.5,19554843,1.6086133918634842,145.50153069745534,142.76755945897008,2.7339712384852533,2.8763721486224347,3.1999999999999886,1.4000000000000057,1.799999999999983,3.1999999999999886,3.3428571428571394,16157090.0,Sell
301,2023-09-21T00:00:00+05:30,146.5,148.75,145.45,145.8,14051863,1.5586191902133086,145.54744905169298,142.99218468423155,2.555264367461433,2.8121505923902346,3.3000000000000114,2.25,1.0500000000000114,3.3000000000000114,3.3999999999999977,15301353.9,Sell
302,2023-09-22T00:00:00+05:30,145.85,147.45,145.0,145.95,8086555,1.3940304490584656,145.60937996681713,143.2112821150292,2.3980978517879237,2.7293400442697724,2.4499999999999886,1.6499999999999773,0.8000000000000114,2.4499999999999886,3.29642857142857,14594306.75,Sell
303,2023-09-25T00:00:00+05:30,145.9,147.8,144.15,147.1,14333389,1.2246446397177861,145.83870612576834,143.4993352916937,2.3393708340746286,2.651346202230744,3.6500000000000057,1.8500000000000227,1.799999999999983,3.6500000000000057,3.4142857142857133,14581669.85,Sell
304,2023-09-26T00:00:00+05:30,147.1,148.45,146.55,147.85,14100749,1.2450519571056964,146.1481359525732,143.82160675156825,2.326529201004945,2.586382801985584,1.8999999999999773,1.3499999999999943,0.549999999999983,1.8999999999999773,3.357142857142855,14338754.5,Sell
305,2023-09-27T00:00:00+05:30,148.0,151.5,147.4,150.55,20485056,1.4150853984246516,146.82534580602348,144.3200062514521,2.5053395545713784,2.570174152502743,4.099999999999994,3.6500000000000057,0.44999999999998863,4.099999999999994,3.4607142857142827,14505358.8,Sell
306,2023-09-28T00:00:00+05:30,150.9,151.4,145.25,146.0,29980644,1.4138966413986982,146.6983695281737,144.44445023282603,2.2539192953476856,2.506923181071732,6.150000000000006,0.8499999999999943,5.300000000000011,6.150000000000006,3.660714285714284,15598626.15,Sell
307,2023-09-29T00:00:00+05:30,148.75,148.75,146.3,147.2,8836942,1.3752257123499054,146.77554344691623,144.64856503039448,2.1269784165217516,2.430934228161736,2.4499999999999886,2.75,0.30000000000001137,2.75,3.6214285714285688,15064433.35,Sell
308,2023-10-03T00:00:00+05:30,147.5,152.3,147.3,150.7,18267135,1.4478428805469963,147.3793059935445,145.09681947258747,2.282486520957036,2.401244686720796,5.0,5.100000000000023,0.10000000000002274,5.100000000000023,3.807142857142856,15293423.85,Sell
309,2023-10-04T00:00:00+05:30,150.3,150.45,146.2,147.25,22633122,1.3772857410798547,147.35941276376843,145.2563143264699,2.1030984372985415,2.3416154368363453,4.25,0.25,4.5,4.5,3.5535714285714266,15868031.0,Sell
310,2023-10-05T00:00:00+05:30,148.25,148.75,144.65,145.5,11157021,1.3702500379041547,147.0733492616502,145.27436511710175,1.7989841445484558,2.2330891783787674,4.099999999999994,1.5,2.5999999999999943,4.099999999999994,3.4785714285714278,15734198.15,Sell
311,2023-10-06T00:00:00+05:30,146.3,147.0,144.05,146.5,9149275,1.276675269758593,146.9851416829348,145.36515288620532,1.6199887967294728,2.1104691020489086,2.9499999999999886,1.5,1.4499999999999886,2.9499999999999886,3.492857142857141,15324326.25,Sell
312,2023-10-09T00:00:00+05:30,145.1,145.65,143.15,144.95,11349775,1.292188362987064,146.6720429624833,145.3344008205605,1.3376421419227995,1.955903710023687,2.5,0.8499999999999943,3.3499999999999943,3.3499999999999943,3.578571428571426,15235245.95,Sell
313,2023-10-10T00:00:00+05:30,145.5,148.5,145.2,147.95,8324817,1.272986153704656,146.86865173748586,145.52814890792638,1.3405028295594832,1.8328235339308463,3.3000000000000114,3.5500000000000114,0.25,3.5500000000000114,3.64642857142857,14750940.75,Sell
314,2023-10-11T00:00:00+05:30,148.85,149.45,146.55,147.0,11961227,1.2414978247972976,146.88885916248805,145.63717491474665,1.2516842477413945,1.716595676692956,2.8999999999999773,1.5,1.3999999999999773,2.8999999999999773,3.624999999999998,14335341.65,Sell
315,2023-10-12T00:00:00+05:30,147.7,150.85,146.8,149.3,11378622,1.0797836219480632,147.25980390672066,145.90849529143208,1.3513086152885876,1.6435382644120824,4.049999999999983,3.8499999999999943,0.19999999999998863,4.049999999999983,3.6785714285714244,14017498.25,Sell
316,2023-10-13T00:00:00+05:30,148.7,152.1,148.5,149.4,15602219,1.0803371204494294,147.58906484414825,146.16712526984452,1.4219395743037353,1.599218526390413,3.5999999999999943,2.799999999999983,0.8000000000000114,3.5999999999999943,3.760714285714282,13985791.1,Sell
317,2023-10-16T00:00:00+05:30,151.55,152.6,146.7,148.55,32531561,1.1009723681182062,147.7369010219716,146.3436345091153,1.393266512856286,1.5580281236835878,5.900000000000006,3.1999999999999886,2.700000000000017,5.900000000000006,3.9214285714285677,15093455.8,Sell
318,2023-10-17T00:00:00+05:30,150.75,150.75,147.95,148.4,13265518,1.1050128900440985,147.83891624936058,146.49595787881046,1.3429583705501216,1.5150141730568947,2.8000000000000114,2.1999999999999886,0.6000000000000227,2.8000000000000114,3.9857142857142844,15325996.6,Sell
319,2023-10-18T00:00:00+05:30,149.0,149.55,145.8,146.55,20284169,1.107931455266808,147.64062144176665,146.4999609988986,1.140660442868068,1.4401434270191293,3.75,1.1500000000000057,2.5999999999999943,3.75,3.960714285714285,15766725.1,Sell
320,2023-10-19T00:00:00+05:30,146.3,147.7,145.2,146.85,8868032,1.0995963174073402,147.51898737380256,146.52588981379498,0.993097560007584,1.3507342536168203,2.5,1.1499999999999773,1.3500000000000227,2.5,3.699999999999999,15232384.55,Sell
321,2023-10-20T00:00:00+05:30,146.7,148.25,145.25,145.85,10731136,1.1052973175755896,147.26222008552523,146.475823901662,0.7863961838632179,1.2378666396660998,3.0,1.4000000000000057,1.5999999999999943,3.0,3.7178571428571416,15066348.2,Sell
322,2023-10-23T00:00:00+05:30,144.95,146.25,142.5,143.4,16900861,1.272910213581549,146.6680323800598,146.24798509413148,0.4200472859283195,1.0743027689185438,3.75,0.4000000000000057,3.3499999999999943,3.75,3.6214285714285688,15507063.5,No Signal
323,2023-10-25T00:00:00+05:30,143.3,144.25,141.5,141.85,13307403,1.5515832639474842,145.92679662928137,145.9222084204921,0.00458820878927213,0.8603598568926896,2.75,0.8499999999999943,1.9000000000000057,2.75,3.4964285714285688,15455764.2,No Signal
324,2023-10-26T00:00:00+05:30,141.0,141.35,137.3,138.15,19469168,2.1426893615385163,144.7303663786227,145.34648927823343,-0.6161228996107297,0.5650633055920057,4.049999999999983,0.5,4.549999999999983,4.549999999999983,3.528571428571425,15724185.15,No Signal
325,2023-10-27T00:00:00+05:30,139.1,141.9,138.75,139.55,11627544,2.292286274962003,143.93338693575768,144.917119702068,-0.983732766310311,0.25530409121154235,3.1500000000000057,3.75,0.5999999999999943,3.75,3.5857142857142827,15281309.55,No Signal
326,2023-10-30T00:00:00+05:30,140.45,141.25,137.25,140.9,10041391,2.412800712170405,143.4667120225642,144.61955527969258,-1.1528432571283815,-0.026325378456442422,4.0,1.6999999999999886,2.3000000000000114,4.0,3.632142857142855,14284346.9,No Signal
327,2023-10-31T00:00:00+05:30,141.3,141.75,139.7,140.65,6692752,2.5367804488692065,143.03337171140046,144.3255141478635,-1.292142436463024,-0.27948879005775873,2.0500000000000114,0.8499999999999943,1.200000000000017,2.0500000000000114,3.5249999999999977,14177137.4,No Signal
328,2023-11-01T00:00:00+05:30,140.6,141.35,139.65,140.5,8303782,2.497102320734182,142.64362221733884,144.04214272950324,-1.3985205121643958,-0.5032951344790861,1.6999999999999886,0.6999999999999886,1.0,1.6999999999999886,3.4392857142857127,13678969.75,No Signal
329,2023-11-02T00:00:00+05:30,141.15,143.25,141.05,141.45,6186723,2.5083152067070933,142.45998803005594,143.85013215694744,-1.3901441268914994,-0.6806649329615688,2.1999999999999886,2.75,0.5500000000000114,2.75,3.346428571428571,12856649.8,No Signal
330,2023-11-03T00:00:00+05:30,142.9,144.05,142.0,143.5,8768877,2.474806944242705,142.6199898715858,143.824196441618,-1.2042065700321984,-0.7853732603756948,2.0500000000000114,2.6000000000000227,0.5500000000000114,2.6000000000000227,3.2750000000000017,12737242.6,No Signal
331,2023-11-06T00:00:00+05:30,144.2,145.1,143.0,144.1,11103173,2.4447383504002627,142.8476837374957,143.84462633483147,-0.9969425973357886,-0.8276871277677136,2.0999999999999943,1.5999999999999943,0.5,2.0999999999999943,3.0035714285714294,12834937.5,No Signal
332,2023-11-07T00:00:00+05:30,144.8,148.2,143.45,147.3,14254789,2.4300218480153566,143.53265547018867,144.1005799396588,-0.567924469470114,-0.7757345961081937,4.75,4.099999999999994,0.6500000000000057,4.75,3.142857142857143,12980188.2,No Signal
333,2023-11-08T00:00:00+05:30,147.8,149.95,146.05,147.05,19887689,2.4073449461982745,144.07378539785196,144.31905549968405,-0.24527010183209086,-0.6696416972529732,3.8999999999999773,2.6499999999999773,1.25,3.8999999999999773,3.153571428571427,13558331.8,No Signal
334,2023-11-09T00:00:00+05:30,147.5,148.9,146.8,147.55,7550625,2.4143589668795187,144.60858764433627,144.55838472192968,0.05020292240658364,-0.5256727733210619,2.0999999999999943,1.8499999999999943,0.25,2.0999999999999943,3.124999999999998,13337801.7,No Signal
335,2023-11-10T00:00:00+05:30,147.5,150.0,147.3,149.85,8015794,2.4043626280386423,145.41495877597686,144.95035622400897,0.4646025519678858,-0.32761770826327236,2.6999999999999886,2.4499999999999886,0.25,2.6999999999999886,3.1035714285714255,13169660.3,No Signal
336,2023-11-12T00:00:00+05:30,150.45,150.45,149.05,149.45,1079888,2.4131688363136883,146.0357343489035,145.28366317037867,0.7520711785248295,-0.11167993090565197,1.3999999999999773,0.5999999999999943,0.799999999999983,1.3999999999999773,2.935714285714281,12443543.75,No Signal
337,2023-11-13T00:00:00+05:30,149.4,153.55,149.1,152.9,19532510,2.597555777085124,147.09177521830296,145.84783626886914,1.2439389494338116,0.15944384516224072,4.450000000000017,4.100000000000023,0.3499999999999943,4.450000000000017,3.057142857142854,11793591.2,No Signal
338,2023-11-15T00:00:00+05:30,154.1,155.2,149.85,150.15,22224705,2.7128579037237315,147.56227133856405,146.16651506376772,1.3957562747963266,0.40670633108905796,5.349999999999994,2.299999999999983,3.0500000000000114,5.349999999999994,3.1142857142857117,12241550.55,No Signal
339,2023-11-16T00:00:00+05:30,150.1,151.2,149.4,150.2,9606277,2.816878241446378,147.96807574801574,146.46529172571084,1.502784022304894,0.6259218693322252,1.799999999999983,1.049999999999983,0.75,1.799999999999983,2.9749999999999965,11707655.95,No Signal
340,2023-11-17T00:00:00+05:30,149.0,150.2,147.75,148.1,17556958,2.881739669649487,147.98837178678255,146.58638122751003,1.4019905592725195,0.7811356073202841,2.4499999999999886,0.0,2.4499999999999886,2.4499999999999886,2.86428571428571,12142102.25,No Signal
341,2023-11-20T00:00:00+05:30,148.0,148.75,146.75,147.4,9425725,2.914344998863863,147.89785305035446,146.64664928473152,1.2512037656229325,0.8751492389808138,2.0,0.6500000000000057,1.3499999999999943,2.0,2.8607142857142804,12076831.7,No Signal
342,2023-11-21T00:00:00+05:30,147.5,148.2,146.5,146.7,7748972,2.9218363002452215,147.71356796568455,146.65060118956623,1.0629667761183157,0.9127127464083142,1.6999999999999886,0.799999999999983,0.9000000000000057,1.6999999999999886,2.8607142857142804,11619237.25,No Signal
343,2023-11-22T00:00:00+05:30,146.95,147.2,145.2,145.45,7738354,2.8915700360662564,147.3653267401946,146.56166776811688,0.8036589720777272,0.8909019915421968,2.0,0.5,1.5,2.0,2.807142857142852,11340784.8,No Signal
344,2023-11-23T00:00:00+05:30,145.45,147.35,145.1,147.15,5139738,2.608455239101144,147.33219954939543,146.60524793344155,0.7269516159538796,0.8581119164245334,2.25,1.9000000000000057,0.3499999999999943,2.25,2.7821428571428504,10624313.3,No Signal
345,2023-11-24T00:00:00+05:30,147.55,148.05,146.35,147.4,6129389,2.3974839633152936,147.34263038794998,146.66411845689032,0.6785119310596599,0.8221919193515588,1.700000000000017,0.9000000000000057,0.8000000000000114,1.700000000000017,2.7535714285714232,10349405.55,No Signal
346,2023-11-28T00:00:00+05:30,147.5,150.55,146.7,149.95,7168750,2.2473215452083464,147.7437641744192,146.90751708971325,0.8362470847059456,0.8250029524224362,3.8500000000000227,3.1500000000000057,0.700000000000017,3.8500000000000227,2.6892857142857105,10205773.5,No Signal
347,2023-11-29T00:00:00+05:30,150.35,150.5,149.15,150.25,7318824,2.073805687808608,148.12933891681624,147.15510841640116,0.9742305004150751,0.854848462020964,1.3499999999999943,0.5500000000000114,0.799999999999983,1.3499999999999943,2.507142857142855,10237077.1,No Signal
348,2023-11-30T00:00:00+05:30,150.4,151.0,146.7,147.35,18371642,1.8130839630459392,148.00944062192144,147.1695448300011,0.8398957919203554,0.8518579280008423,4.300000000000011,0.75,3.5500000000000114,4.300000000000011,2.6642857142857133,10740470.1,No Signal
349,2023-12-01T00:00:00+05:30,148.75,150.3,148.0,148.75,12179761,1.5074451279941856,148.12337283393353,147.28661558333434,0.8367572505991916,0.8488377925205122,2.3000000000000114,2.950000000000017,0.6500000000000057,2.950000000000017,2.682142857142858,11040122.0,No Signal
350,2023-12-04T00:00:00+05:30,152.6,155.2,150.25,154.05,21781254,1.5313699584749982,149.03516162871298,147.78760702160588,1.247554607107105,0.9285811554378308,4.949999999999989,6.449999999999989,1.5,6.449999999999989,3.0428571428571445,11690740.85,Buy
351,2023-12-05T00:00:00+05:30,156.0,159.0,154.45,156.55,18640322,1.7466651816984762,150.19129060891098,148.4366731681536,1.7546174407573858,1.0937884125017419,4.550000000000011,4.949999999999989,0.39999999999997726,4.949999999999989,3.0785714285714283,12067598.3,Buy
352,2023-12-06T00:00:00+05:30,157.9,157.95,154.75,155.15,11309743,1.9343305371059234,150.95416897677083,148.93395663717925,2.0202123395915805,1.2790731979197096,3.1999999999999886,1.3999999999999773,1.8000000000000114,3.1999999999999886,2.9249999999999994,11920346.0,Buy
353,2023-12-07T00:00:00+05:30,155.85,155.9,153.45,154.65,7807482,2.0323552653953474,151.52275836495994,149.35736725664745,2.165391108312491,1.456336779998266,2.450000000000017,0.75,1.700000000000017,2.450000000000017,2.971428571428573,11316335.65,Buy
354,2023-12-08T00:00:00+05:30,155.0,155.7,153.25,154.5,6969212,2.101120790258182,151.9807955395815,149.73830301541432,2.242492524167176,1.6135679288320481,2.4499999999999886,1.049999999999983,1.4000000000000057,2.4499999999999886,2.971428571428573,11287265.0,Buy
355,2023-12-11T00:00:00+05:30,154.6,157.2,153.6,154.15,10074791,2.1768325952838015,152.3145193027228,150.0650953846429,2.2494239180799127,1.7407391266816212,3.5999999999999943,2.6999999999999886,0.9000000000000057,3.5999999999999943,3.0857142857142867,11390214.85,Buy
356,2023-12-12T00:00:00+05:30,154.75,155.2,152.0,152.55,8884252,2.212693481311067,152.3507471023039,150.24916239318787,2.1015847091160254,1.8129082431685022,3.1999999999999886,1.049999999999983,2.1500000000000057,3.1999999999999886,3.192857142857144,11780433.05,Buy
357,2023-12-13T00:00:00+05:30,152.8,153.3,151.7,152.35,10328622,2.204474090197822,152.35063216348792,150.40477999369247,1.9458521697954438,1.8394970284938905,1.6000000000000227,0.75,0.8500000000000227,1.6000000000000227,3.1642857142857173,11320238.65,Buy
358,2023-12-14T00:00:00+05:30,154.6,154.65,152.4,152.65,11126495,2.2179708143867405,152.39668875372055,150.5710925867523,1.8255961669682677,1.8367168561887661,2.25,2.3000000000000114,0.05000000000001137,2.3000000000000114,3.1678571428571467,10765328.15,Sell
359,2023-12-15T00:00:00+05:30,153.5,158.05,153.1,157.05,14415539,2.331017211960468,153.1125827916097,151.05101165440027,2.0615711372094268,1.8816877123928983,4.950000000000017,5.400000000000006,0.44999999999998863,5.400000000000006,3.43214285714286,11005791.25,Buy
360,2023-12-18T00:00:00+05:30,157.1,157.7,154.7,156.55,14540270,2.4152861291964847,153.64141620828514,151.4583441244447,2.183072083840443,1.9419645866824073,3.0,0.6499999999999773,2.3500000000000227,3.0,3.3714285714285728,10854956.85,Buy
361,2023-12-19T00:00:00+05:30,156.6,159.0,156.15,157.4,12245375,2.456460315736646,154.21965986854897,151.89846678189323,2.3211930866557395,2.017810286677074,2.8499999999999943,2.4499999999999886,0.4000000000000057,2.8499999999999943,3.47857142857143,10995939.35,Buy
362,2023-12-20T00:00:00+05:30,157.65,159.3,152.2,153.2,13005090,2.3907843644228164,154.06278911954143,151.99487664990113,2.067912469640305,2.0278307232697204,7.100000000000023,1.9000000000000057,5.200000000000017,7.100000000000023,3.6785714285714306,11258745.25,Buy
363,2023-12-21T00:00:00+05:30,151.3,154.5,149.35,153.95,13604825,2.139571227307507,154.0454369473043,152.1397006017603,1.9057363455439997,2.003411847724576,5.150000000000006,1.3000000000000114,3.8499999999999943,5.150000000000006,3.8357142857142867,11552068.8,Sell
364,2023-12-22T00:00:00+05:30,154.8,156.5,153.25,154.0,10356668,1.9627344557862334,154.038446647719,152.27750055718545,1.7609460905335652,1.954918696286374,3.25,2.5500000000000114,0.6999999999999886,3.25,3.607142857142859,11812915.3,Sell
365,2023-12-26T00:00:00+05:30,154.05,155.4,153.25,153.95,5809256,1.7593155300731407,154.02483947114686,152.40138940480134,1.6234500663455265,1.8886249702982045,2.1500000000000057,1.4000000000000057,0.75,2.1500000000000057,3.4071428571428606,11796908.65,Sell
366,2023-12-27T00:00:00+05:30,154.1,155.15,152.75,154.0,8811491,1.6762568143926126,154.02101801404734,152.5198050044457,1.5012130096016563,1.811142578158895,2.4000000000000057,1.200000000000017,1.1999999999999886,2.4000000000000057,3.3500000000000045,11879045.7,Sell
367,2023-12-28T00:00:00+05:30,155.0,157.1,154.3,155.5,15172431,1.5963074582719283,154.2485537041939,152.74056018930156,1.5079935148923482,1.7505127655055859,2.799999999999983,3.0999999999999943,0.30000000000001137,3.0999999999999943,3.3964285714285745,12271726.05,Sell
368,2023-12-29T00:00:00+05:30,158.5,159.0,154.9,156.15,13041199,1.273166714469874,154.5410839035487,152.99311128639033,1.547972617158365,1.7100047358361419,4.099999999999994,3.5,0.5999999999999943,4.099999999999994,3.5142857142857173,12005203.9,Sell
369,2024-01-01T00:00:00+05:30,156.2,157.2,155.9,156.55,6210375,0.9880036977745563,154.85014791838736,153.25658452443548,1.5935633939518823,1.68671646745929,1.299999999999983,1.049999999999983,0.25,1.299999999999983,3.3500000000000023,11706734.6,Sell
370,2024-01-02T00:00:00+05:30,156.55,156.95,151.1,151.9,13182359,1.0978012294733428,154.39627900786624,153.1560967818847,1.2401822259815276,1.5974096191637377,5.849999999999994,0.39999999999997726,5.450000000000017,5.849999999999994,3.5392857142857173,11276789.85,Sell
371,2024-01-03T00:00:00+05:30,153.2,153.2,151.05,151.75,10486168,1.1349824399970403,153.9891591605022,153.05194146470808,0.9372176957941178,1.4653712344898138,2.1499999999999773,1.299999999999983,0.8499999999999943,2.1499999999999773,3.5785714285714283,10869082.15,Sell
372,2024-01-04T00:00:00+05:30,152.5,155.25,152.45,154.85,13766132,1.1086435801795005,154.1215962127326,153.18513098584083,0.9364652268917837,1.3595900329702078,2.8000000000000114,3.5,0.6999999999999886,3.5,3.6642857142857133,10991901.6,Sell
373,2024-01-05T00:00:00+05:30,155.95,155.95,153.05,154.6,7195693,1.1101946308920445,154.19519679538914,153.28993609800077,0.9052606973883712,1.2687241658538406,2.8999999999999773,1.0999999999999943,1.799999999999983,2.8999999999999773,3.4857142857142827,10961312.15,Sell
374,2024-01-08T00:00:00+05:30,153.0,153.35,149.75,150.2,15037236,1.300585005662692,153.58055113456004,153.0610519425933,0.5194991919667302,1.1188791710764185,3.5999999999999943,1.25,4.849999999999994,4.849999999999994,3.6178571428571393,11364713.35,Sell
375,2024-01-09T00:00:00+05:30,151.65,152.8,151.0,151.45,10718241,1.3507353336674999,153.25277403693542,152.94171476166048,0.3110592752749426,0.9573151919161234,1.8000000000000114,2.6000000000000227,0.8000000000000114,2.6000000000000227,3.5999999999999983,11396885.85,Sell
376,2024-01-10T00:00:00+05:30,151.4,152.25,149.7,151.75,8429097,1.3730611737136897,153.02157803125306,152.85343959413007,0.16813843712299104,0.7994798409574969,2.5500000000000114,0.8000000000000114,1.75,2.5500000000000114,3.2749999999999977,11374128.1,No Signal
377,2024-01-11T00:00:00+05:30,152.2,152.6,149.6,150.35,10176583,1.4703002927274353,152.6105660264449,152.6679996241945,-0.057433597749593446,0.6280971532160788,3.0,0.8499999999999943,2.1500000000000057,3.0,3.1214285714285688,11366526.15,No Signal
378,2024-01-12T00:00:00+05:30,150.95,151.9,150.1,151.1,7828235,1.5104978768508122,152.3781712531457,152.5518515038838,-0.17368025073810145,0.46774167242524284,1.8000000000000114,1.5500000000000114,0.25,1.8000000000000114,3.017857142857141,11201613.15,No Signal
379,2024-01-15T00:00:00+05:30,152.95,153.3,151.3,152.95,13760399,1.4102332367095318,152.4661449065079,152.58134398507758,-0.11519907856967393,0.3511535222262595,2.0,2.200000000000017,0.20000000000001705,2.200000000000017,3.02142857142857,11168856.15,No Signal
380,2024-01-16T00:00:00+05:30,153.75,155.25,147.75,149.7,36969953,1.475192578556779,152.04058415166054,152.36791109729404,-0.3273269456335015,0.2154574286543073,7.5,2.3000000000000114,5.199999999999989,7.5,3.385714285714284,12290340.3,No Signal
381,2024-01-17T00:00:00+05:30,149.5,149.5,143.85,145.9,48678947,1.7452631673674304,151.09587889755892,151.88880657156855,-0.7929276740096327,0.013780408121519304,5.650000000000006,0.19999999999998863,5.849999999999994,5.849999999999994,3.5821428571428555,14112018.9,Sell
382,2024-01-18T00:00:00+05:30,145.4,149.25,142.3,146.85,21044204,1.945120189853796,150.44266675947293,151.51556164034125,-1.0728948808683185,-0.2035546496764483,6.949999999999989,3.3499999999999943,3.5999999999999943,6.949999999999989,3.785714285714284,14513974.6,Sell
383,2024-01-19T00:00:00+05:30,148.9,148.9,145.65,146.55,10902628,2.1217238191219576,149.84379495032326,151.14774225957524,-1.3039473092519813,-0.4236331815915549,3.25,2.0500000000000114,1.1999999999999886,3.25,3.9249999999999994,14378864.75,Sell
384,2024-01-20T00:00:00+05:30,148.0,148.1,145.2,145.55,8929988,2.326012314060607,149.183211111812,150.7330946847919,-1.549883572979894,-0.6488832598692228,2.9000000000000057,1.549999999999983,1.3500000000000227,2.9000000000000057,3.7142857142857144,14307530.75,Sell
385,2024-01-23T00:00:00+05:30,148.35,148.35,139.4,140.25,15830801,2.976636644614727,147.808870940764,149.95656915258508,-2.14769821182108,-0.9486462502595943,8.949999999999989,2.799999999999983,6.150000000000006,8.949999999999989,4.200000000000001,14808608.0,Sell
386,2024-01-24T00:00:00+05:30,140.4,143.25,139.65,142.2,18178107,3.186644119097801,146.94596771910798,149.38200847461582,-2.4360407555078325,-1.246125151309242,3.5999999999999943,3.0,0.5999999999999943,3.5999999999999943,4.207142857142857,15276938.8,Sell
387,2024-01-25T00:00:00+05:30,142.6,143.5,140.55,141.8,18228649,3.339671535277401,146.15428037770675,148.82037821723688,-2.6660978395301242,-1.5301196889534185,2.9499999999999886,1.3000000000000114,1.6499999999999773,2.9499999999999886,4.210714285714287,15429749.7,Sell
388,2024-01-29T00:00:00+05:30,143.2,146.65,142.5,145.45,20336392,3.1352848444856027,146.04592955036725,148.57072057151564,-2.5247910211483884,-1.7290539553924127,4.150000000000006,4.849999999999994,0.6999999999999886,4.849999999999994,4.210714285714287,15794509.35,Sell
389,2024-01-30T00:00:00+05:30,146.45,146.5,144.5,145.1,7968976,2.95254781403504,145.90040192723382,148.31363015881078,-2.4132282315769658,-1.8658888106293234,2.0,1.0500000000000114,0.9499999999999886,2.0,4.167857142857143,15882439.4,Sell
390,2024-01-31T00:00:00+05:30,145.5,148.4,144.6,147.3,18544711,2.861944088211759,146.11572470765938,148.23854644334332,-2.1228217356839423,-1.9172753956402473,3.8000000000000114,3.3000000000000114,0.5,3.8000000000000114,4.257142857142857,16150557.0,Sell
391,2024-02-01T00:00:00+05:30,148.15,148.15,145.0,146.85,12321655,2.8228238291977736,146.22869013725025,148.1356911512438,-1.9070010139935505,-1.915220519310908,3.1500000000000057,0.8499999999999943,2.3000000000000114,3.1500000000000057,4.267857142857143,16242331.35,Buy
392,2024-02-02T00:00:00+05:30,147.05,148.9,145.5,145.85,11258500,2.6358848498613003,146.17043011613484,147.96638069559611,-1.7959505794612767,-1.8913665313409818,3.4000000000000057,2.0500000000000114,1.3499999999999943,3.4000000000000057,4.382142857142857,16116949.75,Buy
393,2024-02-05T00:00:00+05:30,145.85,147.6,144.05,147.25,15973650,2.3579518920194396,146.33651779057564,147.91331545888528,-1.5767976683096379,-1.828452758734713,3.549999999999983,1.75,1.799999999999983,3.549999999999983,4.478571428571426,16555847.6,Buy
394,2024-02-06T00:00:00+05:30,147.25,148.1,146.3,146.9,8693602,2.3149711735225234,146.42320736125632,147.83825505452342,-1.4150476932670983,-1.74577174564119,1.799999999999983,0.8499999999999943,0.9499999999999886,1.799999999999983,4.071428571428568,16238665.9,Buy
395,2024-02-07T00:00:00+05:30,147.9,149.9,147.3,149.2,16778158,2.200282248720682,146.85040622875533,147.93912505048465,-1.0887188217293158,-1.6143611608588153,2.5999999999999943,3.0,0.4000000000000057,3.0,3.8678571428571393,16541661.75,Buy
396,2024-02-08T00:00:00+05:30,150.0,151.4,146.1,146.65,10083699,2.101361504464675,146.81957450125452,147.8436343060043,-1.0240598047497826,-1.496300889637009,5.300000000000011,2.200000000000017,3.0999999999999943,5.300000000000011,3.749999999999998,16624391.85,No Signal
397,2024-02-09T00:00:00+05:30,147.0,147.65,143.35,147.3,10858532,2.0122794857353803,146.89348611644613,147.80336509815214,-0.9098789817060151,-1.3790165080508103,4.300000000000011,1.0,3.3000000000000114,4.300000000000011,3.824999999999999,16658489.3,No Signal
398,2024-02-12T00:00:00+05:30,148.4,148.4,145.4,146.65,15243144,1.8845009037155462,146.85602671391595,147.71793064643717,-0.8619039325212157,-1.2755939929448914,3.0,1.0999999999999943,1.9000000000000057,3.0,3.8321428571428555,17029234.75,No Signal
399,2024-02-13T00:00:00+05:30,146.2,148.3,144.25,147.7,8633927,1.565670051261462,146.98586875792887,147.7166024504048,-0.7307336924759227,-1.1666219328510976,4.050000000000011,1.6500000000000057,2.4000000000000057,4.050000000000011,3.482142857142857,16772911.15,No Signal
400,2024-02-14T00:00:00+05:30,146.3,150.15,145.5,149.45,12223910,1.5338334580944837,147.36496587209365,147.84500226889332,-0.4800363967996759,-1.0293048256408133,4.650000000000006,2.450000000000017,2.1999999999999886,4.650000000000006,3.557142857142858,15535609.0,No Signal
401,2024-02-15T00:00:00+05:30,150.0,157.2,149.4,156.6,29844812,2.1009168544565258,148.78574035331002,148.49352061934567,0.29221973396434464,-0.7649999137197817,7.799999999999983,7.75,0.04999999999998295,7.799999999999983,3.903571428571429,14593902.25,No Signal
402,2024-02-16T00:00:00+05:30,157.25,165.8,156.2,164.7,51750478,3.171054127740241,151.23408799126233,149.69400057346823,1.5400874177940977,-0.3039824474170058,9.600000000000023,9.200000000000017,0.4000000000000057,9.600000000000023,4.2428571428571455,16129215.95,Buy
403,2024-02-19T00:00:00+05:30,165.95,166.35,162.35,162.95,14982976,3.8395947544101943,153.0365359926066,150.67592645691502,2.360609535691566,0.22893594920470856,4.0,1.6500000000000057,2.3499999999999943,4.0,4.385714285714288,16333233.35,Buy
404,2024-02-20T00:00:00+05:30,153.0,155.6,149.15,154.4,33045447,4.122425660693031,153.2462996860517,150.9517837564028,2.2945159296489237,0.6420519452935516,6.449999999999989,7.349999999999994,13.799999999999983,13.799999999999983,5.1000000000000005,17539006.3,Buy
405,2024-02-21T00:00:00+05:30,156.1,156.1,153.25,153.75,14375228,3.987107114790942,153.32379204204375,151.15905903370628,2.164733008337464,0.9465881579023341,2.8499999999999943,1.6999999999999886,1.1500000000000057,2.8499999999999943,5.078571428571428,17466227.65,Buy
406,2024-02-22T00:00:00+05:30,154.7,154.8,152.35,153.6,9963362,3.8754248365508346,153.36628557403702,151.33986947565396,2.0264160983830664,1.1625537459984805,2.450000000000017,1.0500000000000114,1.4000000000000057,2.450000000000017,5.010714285714286,17055490.4,Buy
407,2024-02-23T00:00:00+05:30,154.9,154.9,152.0,152.45,21338955,3.7073458768623455,153.22531856264672,151.42210136634625,1.8032171963004657,1.2906864360588777,2.9000000000000057,1.3000000000000114,1.5999999999999943,2.9000000000000057,4.964285714285716,17211005.7,Buy
408,2024-02-26T00:00:00+05:30,152.5,153.1,149.9,151.5,25950539,3.648576149323504,152.95988493762414,151.4278716355058,1.5320133021183437,1.338951809270771,3.1999999999999886,0.6500000000000057,2.549999999999983,3.1999999999999886,5.064285714285717,17491713.05,Buy
409,2024-02-27T00:00:00+05:30,152.7,154.75,151.05,154.2,15504425,3.5060022789522596,153.15067187029734,151.63321447732017,1.5174573929771782,1.3746529260120526,3.6999999999999886,3.25,0.44999999999998863,3.6999999999999886,5.114285714285716,17868485.5,Buy
410,2024-02-28T00:00:00+05:30,154.2,154.6,149.75,150.3,9726132,3.547325626201381,152.7121069671747,151.5344578493705,1.1776491178041795,1.335252164370478,4.849999999999994,0.4000000000000057,4.449999999999989,4.849999999999994,5.082142857142857,17427556.55,Sell
411,2024-02-29T00:00:00+05:30,150.9,151.2,148.1,150.4,12829211,3.4773029515697087,152.35639820299397,151.45042393460233,0.9059742683916454,1.2493965851747115,3.0999999999999943,0.8999999999999773,2.200000000000017,3.0999999999999943,4.996428571428571,17452934.35,Sell
412,2024-03-01T00:00:00+05:30,151.4,153.0,150.9,152.6,7683577,3.3124621689719067,152.39387540253335,151.53557771722438,0.858297685308969,1.1711768052015632,2.0999999999999943,2.5999999999999943,0.5,2.5999999999999943,4.967857142857142,17274188.2,Sell
413,2024-03-02T00:00:00+05:30,153.35,154.5,152.75,153.4,644638,3.2210407341348604,152.5486638021436,151.67368307150406,0.8749807306395496,1.1119375902891606,1.75,1.9000000000000057,0.15000000000000568,1.9000000000000057,4.814285714285712,16507737.6,Sell
414,2024-03-04T00:00:00+05:30,154.3,154.3,152.15,153.6,11491625,3.1152298098641467,152.71040783258306,151.81637321435562,0.8940346182274368,1.068356995876816,2.1500000000000057,0.9000000000000057,1.25,2.1500000000000057,4.635714285714284,16647638.75,Sell
415,2024-03-05T00:00:00+05:30,153.2,157.2,153.1,155.2,15097161,3.060922174326806,153.09342201218567,152.06701223551445,1.0264097766712155,1.059967552035696,4.099999999999994,3.5999999999999943,0.5,4.099999999999994,4.371428571428571,16563588.9,No Signal
416,2024-03-06T00:00:00+05:30,155.45,158.55,152.7,157.25,28581350,2.9311840788067594,153.7328955487725,152.45093725510597,1.28195829366652,1.1043657003618608,5.850000000000023,3.3500000000000227,2.5,5.850000000000023,4.103571428571428,17488471.45,No Signal
417,2024-03-07T00:00:00+05:30,157.95,158.0,155.65,156.35,7038942,2.826498595083362,154.1355270028075,152.7397567176907,1.3957702851167824,1.1626466173128451,2.3499999999999943,0.75,1.5999999999999943,2.3499999999999943,3.9857142857142844,17297491.95,No Signal
418,2024-03-11T00:00:00+05:30,156.35,157.2,154.65,155.4,12353089,2.631582652409708,154.3300613100679,152.93681177563954,1.3932495344283495,1.208767200735946,2.549999999999983,0.8499999999999943,1.6999999999999886,2.549999999999983,3.182142857142856,17152989.2,No Signal
419,2024-03-12T00:00:00+05:30,156.0,156.35,151.25,151.75,12926472,2.529529103191175,153.93312880082667,152.84889979225883,1.0842290085678314,1.1838595623023231,5.099999999999994,0.9499999999999886,4.150000000000006,5.099999999999994,3.3428571428571416,17367616.45,No Signal
420,2024-03-13T00:00:00+05:30,152.35,152.75,146.75,148.5,12273615,2.632636748303554,153.09726283146873,152.52675906690632,0.5705037645624031,1.0611884027543392,6.0,1.0,5.0,6.0,3.596428571428569,17370101.7,No Signal
421,2024-03-14T00:00:00+05:30,146.0,148.25,139.65,146.05,23395531,2.94147799576412,152.01306854970431,152.04699913602437,-0.033930586320053635,0.8421646049394607,8.599999999999994,0.25,8.849999999999994,8.849999999999994,4.021428571428568,17047637.65,No Signal
422,2024-03-15T00:00:00+05:30,146.75,151.15,146.0,150.45,18505435,2.343877114191282,151.77259646513443,151.92870290372628,-0.15610643859184847,0.6425103962331988,5.150000000000006,5.099999999999994,0.05000000000001137,5.150000000000006,4.160714285714284,15385385.5,No Signal
423,2024-03-18T00:00:00+05:30,151.0,152.25,146.9,147.35,20703599,1.9903174032507527,151.0921970089599,151.58953972567247,-0.49734271671258057,0.414539773644043,5.349999999999994,1.8000000000000114,3.549999999999983,5.349999999999994,4.278571428571427,15671416.65,No Signal
424,2024-03-19T00:00:00+05:30,148.0,148.5,145.65,147.5,8094302,2.0947888029882495,150.53955131527374,151.28661085710414,-0.7470595418303958,0.18221991054915523,2.8499999999999943,1.1500000000000057,1.6999999999999886,2.8499999999999943,4.135714285714284,14423859.4,No Signal
425,2024-03-20T00:00:00+05:30,148.95,149.4,145.85,147.45,14058739,2.189635755634889,150.06423572830855,151.0024174602816,-0.9381817319730601,-0.041860417955287825,3.5500000000000114,1.9000000000000057,1.6500000000000057,3.5500000000000114,4.167857142857143,14408034.95,No Signal
426,2024-03-21T00:00:00+05:30,149.0,150.25,147.0,149.95,6212045,2.1491082608826058,150.04666100087647,150.92446061137187,-0.8777996104954013,-0.20904825646331054,3.25,2.8000000000000114,0.44999999999998863,3.25,4.214285714285714,14220469.1,No Signal
427,2024-03-22T00:00:00+05:30,150.0,151.3,149.1,149.6,8409218,2.169212645970105,149.97794392381854,150.8263524179369,-0.8484084941183596,-0.3369203039943204,2.200000000000017,1.3500000000000227,0.8499999999999943,2.200000000000017,4.235714285714287,13573982.25,No Signal
428,2024-03-26T00:00:00+05:30,149.6,151.5,148.65,149.8,7742995,2.1800312672716213,149.95056793553877,150.75032631290455,-0.7997583773657766,-0.42948791866861163,2.8499999999999943,1.9000000000000057,0.9499999999999886,2.8499999999999943,4.285714285714286,12663605.05,Sell
429,2024-03-27T00:00:00+05:30,149.8,151.4,148.5,149.8,20853016,2.1439929689018538,149.92740363776358,150.67993177120792,-0.7525281334443434,-0.494095961623758,2.9000000000000057,1.5999999999999943,1.3000000000000114,2.9000000000000057,4.200000000000001,12931034.6,No Signal
430,2024-03-28T00:00:00+05:30,150.95,151.0,149.05,150.2,7208707,2.1392458947539232,149.9693415396461,150.64438126963697,-0.675039729990857,-0.5302847152971779,1.9499999999999886,1.1999999999999886,0.75,1.9499999999999886,3.92142857142857,12805163.35,No Signal
431,2024-04-01T00:00:00+05:30,152.0,153.0,150.9,152.35,8748792,2.1131668391614467,150.33559668739287,150.77072339781202,-0.43512671041915496,-0.5112531143215734,2.0999999999999943,2.8000000000000114,0.700000000000017,2.8000000000000114,3.9535714285714283,12601142.4,No Signal
432,2024-04-02T00:00:00+05:30,153.4,154.55,152.6,154.05,8112500,2.1213282297502136,150.90704335087088,151.01363277575186,-0.10658942488097978,-0.43032037643345467,1.950000000000017,2.200000000000017,0.25,2.200000000000017,3.9285714285714306,12622588.55,No Signal
433,2024-04-03T00:00:00+05:30,154.0,155.05,152.25,154.5,12129473,2.1450104215488124,151.45980591227536,151.27188219977023,0.18792371250512474,-0.3066715586457388,2.8000000000000114,1.0,1.8000000000000114,2.8000000000000114,3.7642857142857173,13196830.3,No Signal
434,2024-04-04T00:00:00+05:30,156.75,156.75,152.25,152.45,16855917,2.153407157763285,151.612143464233,151.35915018497244,0.2529932792605507,-0.1947385910644809,4.5,2.25,2.25,4.5,3.6571428571428606,13465044.9,No Signal
435,2024-04-05T00:00:00+05:30,153.2,154.85,151.25,154.55,9900539,2.0997754367230126,152.06412139281252,151.59550943053003,0.4686119622824947,-0.0620684803950858,3.5999999999999943,2.4000000000000057,1.1999999999999886,3.5999999999999943,3.2821428571428606,13205213.8,No Signal
436,2024-04-08T00:00:00+05:30,155.55,155.55,151.35,154.4,13919010,1.9582698214764418,152.42348733237984,151.803249472713,0.6202378596668439,0.07439278761730014,4.200000000000017,1.0,3.200000000000017,4.200000000000017,3.2142857142857184,12472096.8,No Signal
437,2024-04-09T00:00:00+05:30,155.0,158.65,154.7,155.8,17300199,1.9099116466725654,152.94295081970603,152.09930506732684,0.8436457523791887,0.22824338056967788,3.950000000000017,4.25,0.29999999999998295,4.25,3.13571428571429,12985159.65,No Signal
438,2024-04-10T00:00:00+05:30,157.0,159.5,153.6,159.0,40162551,2.098576916379432,153.87480453975127,152.61046765493225,1.2643368848190164,0.4354620814195456,5.900000000000006,3.6999999999999886,2.200000000000017,5.900000000000006,3.353571428571434,14375632.75,No Signal
439,2024-04-12T00:00:00+05:30,159.45,160.2,155.8,155.95,16558634,2.242092597575893,154.19406537978952,152.85784042123356,1.3362249585559596,0.6156146568468285,4.399999999999977,1.1999999999999886,3.1999999999999886,4.399999999999977,3.4142857142857173,14557240.85,No Signal
440,2024-04-15T00:00:00+05:30,153.95,156.0,152.85,155.0,18051649,2.2622953330993965,154.31805532136036,153.01651890854959,1.3015364128107763,0.7527990080396181,3.1500000000000057,0.05000000000001137,3.0999999999999943,3.1500000000000057,3.4071428571428606,14846142.55,No Signal
441,2024-04-16T00:00:00+05:30,153.6,154.3,152.3,152.45,7666435,2.1218349895406403,154.03066219499723,152.97455454495332,1.0561076500439128,0.8134607364404771,2.0,0.6999999999999886,2.6999999999999886,2.6999999999999886,3.442857142857144,14059687.75,No Signal
442,2024-04-18T00:00:00+05:30,152.4,155.5,151.9,152.15,12619744,2.1100973761871686,153.74132954961306,152.91347643051233,0.8278531191007232,0.8163392129725264,3.5999999999999943,3.0500000000000114,0.549999999999983,3.5999999999999943,3.4964285714285728,13765403.2,No Signal
443,2024-04-19T00:00:00+05:30,151.0,153.6,148.5,151.85,10378590,1.97732569997691,153.4503557727495,152.83470039862252,0.6156553741269875,0.7762024452034186,5.099999999999994,1.4499999999999886,3.6500000000000057,5.099999999999994,3.653571428571429,13249152.75,No Signal
444,2024-04-22T00:00:00+05:30,152.55,154.7,152.4,153.5,12152983,1.8072066406264575,153.45799334617266,152.8839818505764,0.5740114955962667,0.7357642552819883,2.299999999999983,2.8499999999999943,0.5500000000000114,2.8499999999999943,3.717857142857144,13452086.8,No Signal
445,2024-04-23T00:00:00+05:30,154.4,154.5,152.8,153.75,9181183,1.6158139495591255,153.50291744676147,152.94813134312628,0.5547861036351946,0.6995686249526296,1.6999999999999886,1.0,0.6999999999999886,1.6999999999999886,3.6392857142857133,13208209.0,No Signal
446,2024-04-24T00:00:00+05:30,154.1,154.45,152.95,153.6,7177359,1.5468189788874087,153.51785322418277,152.9964179103021,0.5214353138806587,0.6639419627382355,1.5,0.6999999999999886,0.8000000000000114,1.5,3.589285714285712,13256474.7,No Signal
447,2024-04-25T00:00:00+05:30,153.5,156.6,153.5,155.95,17911036,1.4664033570564001,153.89202965123158,153.21520176879827,0.6768278824333152,0.6665191466772514,3.0999999999999943,3.0,0.09999999999999432,3.0999999999999943,3.6107142857142827,13731565.6,No Signal
448,2024-04-26T00:00:00+05:30,156.3,158.55,156.05,157.1,15126683,1.4245910251996854,154.3855635510421,153.50296460073915,0.8825989503029632,0.7097351074023939,2.5,2.6000000000000227,0.10000000000002274,2.6000000000000227,3.4749999999999983,14100750.0,No Signal
449,2024-04-29T00:00:00+05:30,158.0,160.9,156.05,160.45,24049248,1.534400687731155,155.3185537739587,154.0175598154992,1.3009939584595145,0.8279868776138181,4.849999999999994,3.8000000000000114,1.049999999999983,4.849999999999994,3.5642857142857127,14260561.6,Buy
450,2024-04-30T00:00:00+05:30,161.4,164.65,159.55,162.6,32465189,1.7609534632100217,156.43877627027277,154.65329612546222,1.785480144810549,1.0194855310531643,5.099999999999994,4.200000000000017,0.8999999999999773,5.099999999999994,3.6285714285714255,15523385.7,Buy
451,2024-05-02T00:00:00+05:30,169.5,170.3,162.85,168.0,75875713,2.3779527627372548,158.2174260748462,155.64194085690946,2.5754852179367447,1.3306854684298806,7.450000000000017,7.700000000000017,0.25,7.700000000000017,3.874999999999998,18879731.75,Buy
452,2024-05-03T00:00:00+05:30,168.5,169.5,164.0,165.95,17758980,2.7468646783822472,159.40705283256216,156.40550079343467,3.001552039127489,1.6648587825694023,5.5,1.5,4.0,5.5,3.846428571428569,19362055.75,Buy
453,2024-05-06T00:00:00+05:30,167.7,167.7,160.55,163.7,19660309,2.9374564265998115,160.0675062429372,156.94583406799507,3.121672174942148,1.9562214610439517,7.149999999999977,1.75,5.399999999999977,7.149999999999977,4.04285714285714,19738597.55,Buy
454,2024-05-07T00:00:00+05:30,164.0,164.5,159.1,159.75,11483902,2.9600313489743177,160.01865912863917,157.1535500629584,2.8651090656807696,2.1379989819713154,5.400000000000006,0.8000000000000114,4.599999999999994,5.400000000000006,4.2035714285714265,19469996.8,Buy
455,2024-05-08T00:00:00+05:30,159.75,161.0,156.75,157.25,18895207,2.9793955871635287,159.592711570387,157.16069450273926,2.4320170676477346,2.1968025991065994,4.25,1.25,3.0,4.25,4.314285714285712,19919730.2,Buy
456,2024-05-09T00:00:00+05:30,158.0,160.15,156.35,157.05,8372049,2.949807167887844,159.20152517494284,157.15249490994375,2.0490302649990895,2.1672481322850974,3.8000000000000114,2.9000000000000057,0.9000000000000057,3.8000000000000114,4.328571428571428,19642382.15,Sell
457,2024-05-10T00:00:00+05:30,158.15,160.35,156.5,159.95,10878308,2.903060161663018,159.31667514802857,157.35971750920717,1.9569576388213932,2.125190033592357,3.8499999999999943,3.299999999999983,0.5500000000000114,3.8499999999999943,4.239285714285714,19321287.6,Sell
458,2024-05-13T00:00:00+05:30,160.95,162.55,158.25,161.7,16577995,2.9191785116914764,159.68334050987033,157.68121991593256,2.002120593937775,2.1005761456614405,4.300000000000011,2.6000000000000227,1.6999999999999886,4.300000000000011,4.342857142857143,18142059.8,Sell
459,2024-05-14T00:00:00+05:30,162.5,164.25,161.15,163.9,10674881,2.97791142369026,160.33205735450568,158.14187029253014,2.1901870619755357,2.1184983289242596,3.0999999999999943,2.5500000000000114,0.549999999999983,3.0999999999999943,4.442857142857144,17847872.15,Buy
460,2024-05-15T00:00:00+05:30,163.9,164.4,162.25,162.75,5173395,3.019359695466004,160.70404853073558,158.48321323382422,2.2208352969113605,2.13896572252168,2.1500000000000057,0.5,1.6500000000000057,2.1500000000000057,4.489285714285716,17203959.45,Buy
461,2024-05-16T00:00:00+05:30,163.95,164.8,161.7,164.1,7523851,2.9418768796674497,161.2265026029301,158.8992715128002,2.3272310901299136,2.1766187960433268,3.1000000000000227,2.0500000000000114,1.0500000000000114,3.1000000000000227,4.489285714285718,17196830.25,Buy
462,2024-05-17T00:00:00+05:30,164.0,164.9,163.2,163.85,8301634,2.8235283210182525,161.6301175870947,159.26599214148166,2.364125445613041,2.21412012595727,1.700000000000017,0.8000000000000114,0.9000000000000057,1.700000000000017,4.425000000000003,16980924.75,Buy
463,2024-05-18T00:00:00+05:30,164.5,164.75,163.1,163.75,594527,2.6251182950169856,161.9562533429263,159.5981408717423,2.3581124711840005,2.242918595002616,1.6500000000000057,0.9000000000000057,0.75,1.6500000000000057,4.196428571428576,16491721.6,Buy
464,2024-05-21T00:00:00+05:30,164.0,165.2,162.25,163.65,8380426,2.46117918818613,162.21682975170685,159.89827858494655,2.318551166760301,2.258045109354153,2.9499999999999886,1.4499999999999886,1.5,2.9499999999999886,4.042857142857146,16303093.75,Buy
465,2024-05-22T00:00:00+05:30,163.6,163.85,161.3,162.4,15020638,2.2554912810137253,162.2450097899058,160.08359128235793,2.1614185075478645,2.238719788992895,2.549999999999983,0.19999999999998863,2.3499999999999943,2.549999999999983,3.675000000000001,16595066.5,No Signal
466,2024-05-23T00:00:00+05:30,163.35,164.15,162.05,162.8,6626566,1.9542356478578191,162.33039289915106,160.28480674292402,2.0455861562270456,2.2000930624397252,2.0999999999999943,1.75,0.3499999999999943,2.0999999999999943,3.432142857142858,16567526.85,No Signal
467,2024-05-24T00:00:00+05:30,162.55,164.45,162.35,163.45,6465598,1.7615749622166006,162.50264014543552,160.5192655027074,1.9833746427281085,2.156749378497402,2.0999999999999943,1.6499999999999773,0.45000000000001705,2.0999999999999943,3.0714285714285734,15995254.95,No Signal
468,2024-05-27T00:00:00+05:30,164.3,165.2,162.6,163.65,17962246,1.6067483087978354,162.67915704613776,160.75117176176613,1.9279852843716299,2.1109965596722478,2.5999999999999943,1.75,0.8499999999999943,2.5999999999999943,2.8714285714285728,16137033.1,No Signal
469,2024-05-28T00:00:00+05:30,164.15,164.3,159.5,160.0,5526636,1.6562926695112303,162.26697903903965,160.6955294090427,1.5714496299969483,2.003087173737188,4.800000000000011,0.6500000000000057,4.150000000000006,4.800000000000011,2.910714285714288,15210902.5,No Signal
470,2024-05-29T00:00:00+05:30,159.5,160.9,158.5,159.5,10114326,1.7141126841655523,161.84128995611047,160.60697167503955,1.2343182810709266,1.849333395203936,2.4000000000000057,0.9000000000000057,1.5,2.4000000000000057,2.8107142857142873,14093359.35,No Signal
471,2024-05-30T00:00:00+05:30,159.95,162.0,159.35,160.3,8503177,1.5108951981125058,161.60416842440117,160.58423303244402,1.0199353919571479,1.6834537945545784,2.6500000000000057,2.5,0.15000000000000568,2.6500000000000057,2.7250000000000023,10724732.55,No Signal
472,2024-05-31T00:00:00+05:30,161.5,162.75,160.15,162.05,8705347,1.3789721474840466,161.67275789757022,160.6928083633741,0.9799495341961233,1.5427529424828874,2.5999999999999943,2.4499999999999886,0.15000000000000568,2.5999999999999943,2.60357142857143,10272050.9,No Signal
473,2024-06-03T00:00:00+05:30,165.25,167.0,163.55,164.35,20720708,1.3803018370130196,162.08464129794405,160.9637114475686,1.1209298503754326,1.4583883240613966,3.4499999999999886,4.949999999999989,1.5,4.949999999999989,2.7357142857142867,10325070.85,No Signal
474,2024-06-04T00:00:00+05:30,165.1,165.35,148.0,154.65,19975571,1.7770451782022123,160.9408503290296,160.49602911811908,0.4448212109105043,1.2556749014312183,17.349999999999994,1.0,16.349999999999994,17.349999999999994,3.8214285714285716,10749654.3,Sell
475,2024-06-05T00:00:00+05:30,156.0,167.05,150.9,166.05,39670558,1.6423080896257298,161.72687335533274,160.90743436862877,0.8194389867039718,1.168427718485769,16.150000000000006,12.400000000000006,3.75,16.150000000000006,4.753571428571427,11788421.85,Sell
476,2024-06-06T00:00:00+05:30,167.7,169.1,163.75,164.55,10103459,1.5308425846352767,162.1612005314354,161.17725404502664,0.9839464864087688,1.131531472070369,5.349999999999994,3.049999999999983,2.3000000000000114,5.349999999999994,5.014285714285712,11874992.35,Sell
477,2024-06-07T00:00:00+05:30,165.0,167.05,164.25,165.05,9139816,1.5263664678681845,162.6056312189069,161.4641241157654,1.1415071031414925,1.133526598284594,2.8000000000000114,2.5,0.30000000000001137,2.8000000000000114,5.096428571428569,11788067.75,Buy
478,2024-06-10T00:00:00+05:30,165.9,166.65,162.77,164.85,18888960,1.5508551020931067,162.95091872369045,161.7149297368198,1.2359889868706375,1.1540190760018028,3.8799999999999955,1.5999999999999943,2.280000000000001,3.8799999999999955,5.162857142857141,11903616.0,Buy
479,2024-06-11T00:00:00+05:30,166.01,168.54,164.45,167.59,11979407,1.6504817675079746,163.6646235354304,162.150120126685,1.5145034087453837,1.226115942550519,4.090000000000003,3.6899999999999977,0.4000000000000057,4.090000000000003,5.272857142857142,11968842.3,Buy
480,2024-06-12T00:00:00+05:30,167.8,174.56,166.45,173.86,31959137,2.1187092425615788,165.23314299151804,163.01751863581944,2.215624355698594,1.4240176251801342,8.110000000000014,6.969999999999999,1.1400000000000148,8.110000000000014,5.702142857142858,13308129.4,Buy
481,2024-06-13T00:00:00+05:30,175.01,175.1,171.6,172.26,11800445,2.4211241558575676,166.31419791589988,163.702146885018,2.6120510308818723,1.6616243063204819,3.5,1.2399999999999807,2.2600000000000193,3.5,5.802142857142859,13521959.1,Buy
482,2024-06-14T00:00:00+05:30,173.26,174.89,172.4,174.4,11108163,2.7421130926249493,167.5581674672999,164.49458044909076,3.063587018209148,1.9420168486982152,2.4899999999999807,2.6299999999999955,0.14000000000001478,2.6299999999999955,5.804285714285716,13662285.55,Buy
483,2024-06-18T00:00:00+05:30,174.9,176.2,173.25,175.09,10019555,3.046591999372932,168.71691093386914,165.2794263417507,3.4374845921184374,2.24111039738226,2.9499999999999886,1.799999999999983,1.1500000000000057,2.9499999999999886,5.672142857142857,14133536.95,Buy
484,2024-06-19T00:00:00+05:30,175.09,177.45,173.41,174.55,29598134,3.28195152738502,169.61430925173542,165.96613550162104,3.648173750114381,2.522523067928684,4.039999999999992,2.359999999999985,1.6800000000000068,4.039999999999992,5.789285714285713,15194422.35,Buy
485,2024-06-20T00:00:00+05:30,175.95,179.46,175.0,178.88,13690057,3.575099667372608,171.0398001360838,166.92271805705653,4.117082079027284,2.8414348701484045,4.460000000000008,4.909999999999997,0.44999999999998863,4.909999999999997,5.950714285714284,15127893.3,Buy
486,2024-06-21T00:00:00+05:30,179.73,179.73,175.7,176.52,9510818,3.8052822723761683,171.88290780745552,167.6336278306079,4.2492799768476175,3.123003891488247,4.030000000000001,0.8499999999999943,3.180000000000007,4.030000000000001,6.052857142857142,15272105.9,Buy
487,2024-06-24T00:00:00+05:30,175.74,177.0,172.13,175.84,16360199,3.942544975280995,172.49169122169315,168.24150725056288,4.250183971130269,3.3484399074166515,4.8700000000000045,0.47999999999998977,4.390000000000015,4.8700000000000045,6.047142857142857,15766835.95,Buy
488,2024-06-25T00:00:00+05:30,176.95,177.64,175.05,176.0,6501716,4.034583710381592,173.03143103374035,168.81621041718785,4.2152206165525,3.5217960492438216,2.589999999999975,1.799999999999983,0.789999999999992,2.589999999999975,4.992857142857141,15193809.45,Buy
489,2024-06-26T00:00:00+05:30,176.0,179.19,174.6,177.17,10907675,3.9963403985968817,173.66813395162646,169.4350096455443,4.233124306082146,3.664061700611487,4.590000000000003,3.1899999999999977,1.4000000000000057,4.590000000000003,4.1671428571428555,15462861.4,No Signal
490,2024-06-27T00:00:00+05:30,176.7,179.2,175.46,177.02,12594627,3.898877246482977,174.18380565137625,169.9968607829114,4.186944868464849,3.7686383341821594,3.7399999999999807,2.030000000000001,1.7099999999999795,3.7399999999999807,4.052142857142854,15586876.45,No Signal
491,2024-06-28T00:00:00+05:30,178.0,179.4,176.8,177.25,5586121,3.767790227257329,174.65552785885683,170.53413035454759,4.121397504309243,3.839190168207576,2.5999999999999943,2.3799999999999955,0.21999999999999886,2.5999999999999943,4.037857142857139,15441023.65,No Signal
492,2024-07-01T00:00:00+05:30,177.3,179.2,176.72,177.74,5278090,3.6589792629301128,175.1300620344173,171.06789847643296,4.0621635579843485,3.8837848461629307,2.4799999999999898,1.9499999999999886,0.5300000000000011,2.4799999999999898,3.9378571428571383,15269660.8,No Signal
493,2024-07-02T00:00:00+05:30,178.35,178.5,173.91,175.02,6398642,3.6023484813190656,175.1131294137377,171.36064673743792,3.752482676299792,3.857524412190303,4.590000000000003,0.7599999999999909,3.8300000000000125,4.590000000000003,3.9735714285714243,14553557.5,No Signal
494,2024-07-03T00:00:00+05:30,178.0,183.3,177.2,181.46,36051344,2.8161375064717586,176.08957104239346,172.10874697910918,3.980824063284274,3.882184342409097,6.100000000000023,8.280000000000001,2.1799999999999784,8.280000000000001,3.9857142857142804,15357346.15,No Signal
495,2024-07-04T00:00:00+05:30,182.95,182.95,178.0,180.97,9860769,2.787828029908137,176.84040626664063,172.76513609176777,4.0752701748728555,3.920801508901849,4.949999999999989,1.4899999999999807,3.460000000000008,4.949999999999989,4.089285714285708,13866856.7,No Signal
496,2024-07-05T00:00:00+05:30,180.96,187.2,179.94,186.19,16844463,2.7726526699650487,178.27880530254208,173.75957045534054,4.519234847201545,4.040488176561788,7.259999999999991,6.22999999999999,1.0300000000000011,7.259999999999991,4.419999999999994,14203906.9,No Signal
497,2024-07-08T00:00:00+05:30,187.1,189.3,185.27,188.06,17405153,2.8182359767599863,179.7836044867664,174.8188615327227,4.964742954043686,4.225339132058168,4.030000000000001,3.1100000000000136,0.9199999999999875,4.030000000000001,4.497142857142852,14617173.75,No Signal
498,2024-07-09T00:00:00+05:30,188.3,189.36,186.31,187.75,9869013,2.7232007477188147,181.00920379649463,175.77672364140992,5.2324801550847155,4.426767336663477,3.0500000000000114,1.3000000000000114,1.75,3.0500000000000114,4.426428571428567,14166176.4,No Signal
499,2024-07-10T00:00:00+05:30,187.75,189.34,184.5,188.66,16100830,2.7005351715853667,182.1862493662647,176.7310404087129,5.455208957551804,4.632455660841143,4.840000000000003,1.5900000000000034,3.25,4.840000000000003,4.421428571428568,14372247.55,No Signal
500,2024-07-11T00:00:00+05:30,189.65,193.63,188.23,192.66,16408103,3.0257896178812085,183.79759561760858,177.91096334140082,5.886632276207763,4.883290983914467,5.400000000000006,4.969999999999999,0.4300000000000068,5.400000000000006,4.519285714285711,13594695.85,No Signal
501,2024-07-12T00:00:00+05:30,196.42,197.19,193.71,195.48,24195859,3.347453611368471,185.59488859951495,179.21237346426003,6.38251513525492,5.183135814182558,3.4799999999999898,4.530000000000001,1.0500000000000114,4.530000000000001,4.4949999999999966,14214466.55,No Signal
502,2024-07-15T00:00:00+05:30,195.48,196.84,193.21,194.75,14486955,3.6213669487710693,187.00336727651265,180.36330876320372,6.640058513308929,5.474520354007833,3.6299999999999955,1.3600000000000136,2.269999999999982,3.6299999999999955,4.569285714285712,14383406.15,No Signal
503,2024-07-16T00:00:00+05:30,194.75,195.93,193.42,195.35,8445700,3.8252360615012284,188.28746461858762,181.47343404000344,6.81403057858418,5.742422398923103,2.5100000000000193,1.1800000000000068,1.3300000000000125,2.5100000000000193,4.4207142857142845,14304713.4,No Signal
504,2024-07-18T00:00:00+05:30,195.34,197.77,195.0,196.6,9065610,3.9677068360965717,189.566316215728,182.5939204074106,6.972395808317401,5.9884170808019626,2.7700000000000102,2.420000000000016,0.3499999999999943,2.7700000000000102,4.351428571428572,13278087.2,No Signal
505,2024-07-19T00:00:00+05:30,197.0,197.0,190.84,191.47,10613495,4.113385393540902,189.85919064407753,183.25140778463944,6.607782859438089,6.112290236529188,6.159999999999997,0.4000000000000057,5.759999999999991,6.159999999999997,4.605714285714287,13124259.1,Buy
506,2024-07-22T00:00:00+05:30,191.45,194.9,190.1,192.93,18442177,4.066125460710754,190.331622852681,183.96834054133282,6.363282311348172,6.1624886514929855,4.800000000000011,3.430000000000007,1.3700000000000045,4.800000000000011,4.771428571428574,13570827.05,Buy
507,2024-07-23T00:00:00+05:30,203.0,203.44,195.86,197.96,48303121,4.031815153581323,191.50521933688393,185.00475976049336,6.500459576390568,6.230082836472502,7.579999999999984,10.509999999999991,2.930000000000007,10.509999999999991,5.194285714285717,15167973.15,Buy
508,2024-07-24T00:00:00+05:30,197.0,204.0,193.13,201.23,52568775,4.085205528430178,193.0013394389018,186.20662940786423,6.794710031037567,6.3430082753855155,10.870000000000005,6.039999999999992,4.8300000000000125,10.870000000000005,5.379285714285716,17471326.1,Buy
509,2024-07-25T00:00:00+05:30,199.7,205.15,197.85,204.67,26159847,4.22175786310831,194.79651798676306,187.57428648876316,7.2222314979999,6.518852919908393,7.300000000000011,3.920000000000016,3.3799999999999955,7.300000000000011,5.547142857142861,18233934.7,Buy
510,2024-07-26T00:00:00+05:30,195.0,199.39,192.96,198.0,26611586,4.22123101898088,195.2893613734149,188.3465615636696,6.942799809745281,6.603642297875771,6.429999999999978,5.280000000000001,11.70999999999998,11.70999999999998,5.865000000000003,18934782.65,Buy
511,2024-07-29T00:00:00+05:30,199.21,202.19,198.14,201.01,21488147,4.031493232164589,196.16945962365875,189.28459404043483,6.884865583223927,6.659886954945403,4.050000000000011,4.189999999999998,0.13999999999998636,4.189999999999998,5.876428571428574,19729883.95,Buy
512,2024-07-30T00:00:00+05:30,200.99,202.92,199.5,201.84,8784936,3.8396698085563474,197.04185045078816,190.21462411151373,6.827226339274432,6.6933548318112095,3.4199999999999875,1.9099999999999966,1.509999999999991,3.4199999999999875,5.902857142857144,19905226.25,Buy
513,2024-07-31T00:00:00+05:30,202.0,202.2,197.76,201.39,17531393,3.368654938425687,197.7107965352823,191.04242973288308,6.66836680239922,6.6883572259288115,4.439999999999998,0.3599999999999852,4.0800000000000125,4.439999999999998,5.8742857142857146,20461863.8,Sell
514,2024-08-01T00:00:00+05:30,202.0,203.51,199.11,200.75,8241827,3.1238190421028955,198.178366299085,191.76150901192878,6.416857287156233,6.634057238174297,4.399999999999977,2.1200000000000045,2.2799999999999727,4.399999999999977,5.802857142857142,19071387.95,Sell
515,2024-08-02T00:00:00+05:30,197.5,200.3,197.1,197.71,5501380,2.715124362824184,198.10630994537962,192.20213797400814,5.904171971371483,6.488080184813734,3.200000000000017,0.44999999999998863,3.6500000000000057,3.6500000000000057,5.739999999999999,18853418.5,Sell
516,2024-08-05T00:00:00+05:30,193.05,194.83,190.56,192.85,17772430,2.5588061548179093,197.2976468768597,192.25012775371124,5.047519123148447,6.199967972480677,4.27000000000001,2.8799999999999955,7.150000000000006,7.150000000000006,5.991428571428571,18899816.85,Sell
517,2024-08-06T00:00:00+05:30,194.0,195.49,190.7,191.37,7400639,2.457235608099578,196.38570120349667,192.1849331052882,4.200768098208471,5.8001279976262365,4.7900000000000205,2.640000000000015,2.1500000000000057,4.7900000000000205,6.154285714285714,18399591.15,Sell
518,2024-08-07T00:00:00+05:30,194.03,194.24,190.26,192.7,12297322,2.257466742503011,195.81867024911256,192.2230862086002,3.595584040512364,5.359219206203463,3.980000000000018,2.8700000000000045,1.1100000000000136,3.980000000000018,6.240714285714286,18521006.6,Sell
519,2024-08-08T00:00:00+05:30,193.0,195.27,192.27,193.78,5630502,2.0658590818847364,195.505028672326,192.3384131561113,3.166615516214705,4.920698468205711,3.0,2.5700000000000216,0.4299999999999784,3.0,6.015000000000001,17997490.2,Sell
520,2024-08-09T00:00:00+05:30,196.0,198.25,195.7,197.56,3959405,1.968859409783601,195.82117810735278,192.72519736676972,3.095980740583059,4.5557549226811815,2.5500000000000114,4.469999999999999,1.9199999999999875,4.469999999999999,5.991428571428571,17375055.3,Sell
521,2024-08-12T00:00:00+05:30,195.0,201.7,195.0,201.24,14710865,1.9805246433401176,196.6548430139139,193.35592348774975,3.2989195261641555,4.304387843377777,6.699999999999989,4.139999999999986,2.5600000000000023,6.699999999999989,5.719285714285713,16900805.6,Sell
522,2024-08-13T00:00:00+05:30,202.65,206.59,201.57,202.2,12610913,2.0206503797019626,197.50794408869638,194.01104026643495,3.49690382226143,4.142891039154508,5.02000000000001,5.349999999999994,0.3299999999999841,5.349999999999994,5.324999999999998,16807003.5,No Signal
523,2024-08-14T00:00:00+05:30,201.76,204.38,201.76,202.73,9200992,2.0720161283417773,198.31133730582002,194.6568891355879,3.654448170232115,4.045202465370029,2.6200000000000045,2.180000000000007,0.4399999999999977,2.6200000000000045,4.990714285714284,16844768.1,No Signal
524,2024-08-16T00:00:00+05:30,203.01,204.9,201.69,203.67,5776204,2.145956254973681,199.1357469510785,195.3245269773962,3.8112199736822845,3.9984059670324807,3.210000000000008,2.170000000000016,1.039999999999992,3.210000000000008,4.383571428571429,16680297.8,No Signal
525,2024-08-19T00:00:00+05:30,205.2,205.7,202.12,202.69,11539502,2.050163444337213,199.68255511245104,195.87011757166314,3.812437540787897,3.961212281783564,3.579999999999984,2.030000000000001,1.549999999999983,3.579999999999984,4.339999999999999,16726598.15,No Signal
526,2024-08-20T00:00:00+05:30,203.18,204.34,201.75,203.7,6524853,1.9810024309233163,200.30062355668935,196.45010886265106,3.8505146940382815,3.939072764234508,2.5900000000000034,1.6500000000000057,0.9399999999999977,2.5900000000000034,4.280714285714287,16130731.95,No Signal
527,2024-08-21T00:00:00+05:30,203.7,204.1,200.81,203.25,11466995,2.019725441572305,200.75437377873715,196.9538045024547,3.8005692762824594,3.9113720666440983,3.289999999999992,0.4000000000000057,2.8899999999999864,3.289999999999992,4.198571428571428,14288925.65,No Signal
528,2024-08-22T00:00:00+05:30,203.59,203.88,202.55,203.32,5362821,2.0517881656485795,201.14908550508528,197.4253745393099,3.723710965775382,3.8738398464703554,1.329999999999984,0.6299999999999955,0.6999999999999886,1.329999999999984,3.979285714285715,11928627.95,No Signal
529,2024-08-23T00:00:00+05:30,203.14,203.14,199.0,199.56,9308243,2.0107053970064976,200.90461081199524,197.58349494380548,3.3211158681897643,3.7632950508142375,4.139999999999986,0.18000000000000682,4.319999999999993,4.319999999999993,4.027142857142857,11086047.75,No Signal
530,2024-08-26T00:00:00+05:30,199.95,200.79,198.09,198.73,6050543,2.0132200014483503,200.57005530245752,197.66842124426432,2.9016340581931956,3.5909628522900294,2.6999999999999886,1.2299999999999898,1.4699999999999989,2.6999999999999886,3.7092857142857127,10057995.6,No Signal
531,2024-08-27T00:00:00+05:30,199.01,199.61,196.5,196.92,6295365,2.0462968836301028,200.00850833284866,197.61298263357807,2.3955256992705927,3.351875421686142,3.1100000000000136,0.8800000000000239,2.2299999999999898,3.1100000000000136,3.589285714285712,9298356.5,No Signal
532,2024-08-28T00:00:00+05:30,197.3,197.49,193.93,195.56,10580774,2.0830956203468443,199.32412243548734,197.46090984590563,1.8632125895817069,3.054142855265255,3.5600000000000023,0.5700000000000216,2.9899999999999807,3.5600000000000023,3.559285714285711,9388148.4,No Signal
533,2024-08-29T00:00:00+05:30,196.2,196.88,194.5,195.92,5587549,2.0897833074525707,198.8004112915662,197.34676837583854,1.45364291572767,2.734042867357738,2.3799999999999955,1.3199999999999932,1.0600000000000023,2.3799999999999955,3.5149999999999966,8790956.2,No Signal
534,2024-08-30T00:00:00+05:30,196.4,198.23,194.2,194.7,10597018,2.1398706639677396,198.1695787851714,197.15071145910974,1.0188673260616667,2.391007759098524,4.030000000000001,2.3100000000000023,1.7199999999999989,4.030000000000001,3.4835714285714254,8908715.75,No Signal
535,2024-09-02T00:00:00+05:30,197.5,197.5,193.67,194.72,7256241,2.1822559705984004,197.6388743566835,196.97065875843495,0.6682155982485369,2.046449326928527,3.8300000000000125,2.8000000000000114,1.0300000000000011,3.8300000000000125,3.278571428571427,8996458.8,No Signal
536,2024-09-03T00:00:00+05:30,195.0,196.85,194.25,194.61,5279057,2.130507467398318,197.1728936864245,196.79579514669902,0.37709853972546625,1.7125791694879149,2.5999999999999943,2.1299999999999955,0.46999999999999886,2.5999999999999943,3.0821428571428555,8371790.15,No Signal
537,2024-09-04T00:00:00+05:30,191.0,191.75,186.75,187.87,16570778,2.404743731954448,195.7416792731284,196.13462513583244,-0.392945862704039,1.2914741630495241,5.0,2.8600000000000136,7.860000000000014,7.860000000000014,3.4564285714285705,8830297.1,No Signal
538,2024-09-05T00:00:00+05:30,188.26,190.68,187.61,189.65,6187897,2.510258516874681,194.80449784649326,195.6542825331782,-0.8497846866849272,0.8632223931026339,3.069999999999993,2.8100000000000023,0.2599999999999909,3.069999999999993,3.4464285714285694,8524825.85,No Signal
539,2024-09-06T00:00:00+05:30,188.0,189.98,182.41,183.45,7100505,3.1179896636109112,193.05765202395582,194.75026160479462,-1.6926095808387913,0.3520559983143489,7.569999999999993,0.3299999999999841,7.240000000000009,7.569999999999993,3.73142857142857,8598326.0,No Signal
540,2024-09-09T00:00:00+05:30,183.45,186.36,182.45,184.99,10193666,3.44756096156832,191.8164747895011,194.02727926369872,-2.21080447419763,-0.16051609618804688,3.910000000000025,2.910000000000025,1.0,3.910000000000025,3.825714285714286,8910039.05,No Signal
541,2024-09-10T00:00:00+05:30,186.29,186.68,184.51,185.37,4849579,3.664398425145842,190.82470943727014,193.38599931823956,-2.5612898809694116,-0.6406708531443198,2.170000000000016,1.6899999999999977,0.4800000000000182,2.170000000000016,3.7457142857142878,8416974.75,No Signal
542,2024-09-11T00:00:00+05:30,186.68,186.68,182.6,183.18,6817180,3.9433174233663015,189.64860029307474,192.62999936874033,-2.9813990756655926,-1.1088164976485744,4.0800000000000125,1.3100000000000023,2.7700000000000102,4.0800000000000125,3.942142857142861,8127288.1,Sell
543,2024-09-12T00:00:00+05:30,184.17,184.79,181.73,183.58,5059255,4.0541987204959415,188.71496947875553,191.95962904512993,-3.244659566374395,-1.5359851113937386,3.0600000000000023,1.6099999999999852,1.450000000000017,3.0600000000000023,3.8521428571428618,7920201.25,Sell
544,2024-09-13T00:00:00+05:30,183.52,187.75,183.51,186.52,7965898,3.9080572069077757,188.3772818666393,191.5566935603055,-3.1794116936661965,-1.8646704278482302,4.240000000000009,4.1699999999999875,0.0700000000000216,4.240000000000009,3.962142857142863,8029685.95,Sell
545,2024-09-16T00:00:00+05:30,186.72,188.09,184.2,184.69,8179164,3.895392000018704,187.81000773331016,191.04804959287546,-3.2380418595652998,-2.1393447141916444,3.890000000000015,1.5699999999999932,2.3200000000000216,3.890000000000015,4.017857142857149,7861669.05,Sell
546,2024-09-17T00:00:00+05:30,184.7,185.29,183.1,184.33,4896706,3.7473170738804873,187.27462192818552,190.5504162896995,-3.275794361513988,-2.366634643656113,2.1899999999999977,0.5999999999999943,1.5900000000000034,2.1899999999999977,3.9200000000000057,7780261.7,Sell
547,2024-09-18T00:00:00+05:30,184.33,187.35,183.71,185.91,11651012,3.460276233622865,187.06468009308006,190.20668174972178,-3.1420016566417246,-2.5217080462532357,3.6399999999999864,3.019999999999982,0.6200000000000045,3.6399999999999864,4.010000000000005,7789462.55,Sell
548,2024-09-19T00:00:00+05:30,186.51,187.85,182.41,186.2,5766996,3.0971840934888015,186.93165238645236,189.90989050900166,-2.9782381225492998,-2.6130140615124486,5.439999999999998,1.9399999999999977,3.5,5.439999999999998,4.11071428571429,7809671.3,Sell
549,2024-09-20T00:00:00+05:30,189.0,189.0,184.6,185.04,8194605,2.906106721657245,186.64062894238276,189.54915787870524,-2.908528936322483,-2.6721170364744555,4.400000000000006,2.8000000000000114,1.5999999999999943,4.400000000000006,4.151428571428576,7753989.4,Sell
550,2024-09-23T00:00:00+05:30,186.35,188.59,184.72,187.65,9605071,2.6009069451868703,186.7959167974008,189.40847951731968,-2.612562719918884,-2.6602061731633415,3.8700000000000045,3.5500000000000114,0.3199999999999932,3.8700000000000045,4.242142857142862,7931715.8,Buy
551,2024-09-24T00:00:00+05:30,187.6,192.0,186.2,190.71,8541648,2.3609180210468237,187.3980834439545,189.50488844196266,-2.1068049980081582,-2.5495259381323048,5.800000000000011,4.349999999999994,1.450000000000017,5.800000000000011,4.095000000000005,8044029.95,Buy
552,2024-09-25T00:00:00+05:30,190.71,193.7,188.6,192.75,15026637,2.231470659787247,188.22145522180767,189.74526707589135,-1.5238118540836751,-2.344383121322579,5.099999999999994,2.9899999999999807,2.1100000000000136,5.099999999999994,4.240000000000005,8266323.1,Buy
553,2024-09-26T00:00:00+05:30,192.75,194.2,191.05,192.57,9537810,2.096594747450088,188.89046211076035,189.95450655175125,-1.064044440990898,-2.088315385256243,3.1499999999999773,1.4499999999999886,1.6999999999999886,3.1499999999999773,3.9242857142857184,8463836.15,Buy
554,2024-09-27T00:00:00+05:30,192.0,195.5,191.01,193.71,17024145,2.0418163423503897,189.63192947833568,190.23269125162153,-0.6007617732858535,-1.7908046628621652,4.490000000000009,2.930000000000007,1.5600000000000023,4.490000000000009,3.9657142857142884,8785192.5,Buy
555,2024-09-30T00:00:00+05:30,193.8,197.7,192.9,196.73,12907403,2.1138576805704377,190.7239403278225,190.71397338113104,0.009966946691463363,-1.4306503409514395,4.799999999999983,3.9899999999999807,0.8100000000000023,4.799999999999983,4.153571428571429,9067750.6,Buy
556,2024-10-01T00:00:00+05:30,198.5,200.1,196.0,197.12,16206968,2.2322465610240974,191.7079495081575,191.18849387141762,0.5194556367398775,-1.0406291454131762,4.099999999999994,3.3700000000000045,0.7299999999999898,4.099999999999994,4.154999999999999,9614146.15,Buy
557,2024-10-03T00:00:00+05:30,193.3,197.49,191.06,193.8,19743283,2.3632301855455387,192.0298034299794,191.38193876983112,0.6478646601482865,-0.7029303843008837,6.430000000000007,0.37000000000000455,6.060000000000002,6.430000000000007,4.395714285714285,9772771.4,Buy
558,2024-10-04T00:00:00+05:30,193.3,198.49,192.36,193.67,9625150,2.4390750334305418,192.28214136382874,191.55142478688066,0.7307165769480832,-0.41620099205109035,6.1299999999999955,4.689999999999998,1.4399999999999977,6.1299999999999955,4.530714285714284,9944634.05,Buy
559,2024-10-07T00:00:00+05:30,196.0,196.48,182.65,184.2,26530545,2.5426380957555335,191.03873500016277,191.00687480266728,0.03186019749549018,-0.32658875414177424,13.829999999999984,2.8100000000000023,11.019999999999982,13.829999999999984,5.240714285714282,10916136.05,Buy
560,2024-10-08T00:00:00+05:30,184.02,189.1,182.35,187.76,11599116,2.4554924632266486,190.53431423090697,190.76636555802526,-0.2320513271182847,-0.30768126873707635,6.75,4.900000000000006,1.8499999999999943,6.75,5.566428571428568,10986408.55,Buy
561,2024-10-09T00:00:00+05:30,188.5,188.91,184.6,185.84,17928394,2.4716596203375776,189.81211204153666,190.40144959076412,-0.5893375492274515,-0.3640125248351514,4.310000000000002,1.1500000000000057,3.1599999999999966,4.310000000000002,5.614285714285712,11640349.3,Sell
562,2024-10-10T00:00:00+05:30,186.85,187.27,184.91,185.68,3798189,2.4044669350815275,189.17640249668486,190.05171258404084,-0.8753100873559845,-0.46627203733931805,2.3600000000000136,1.4300000000000068,0.9300000000000068,2.3600000000000136,5.394285714285713,11489399.75,Sell
563,2024-10-11T00:00:00+05:30,185.7,189.3,185.7,187.55,5256494,2.2925987716582856,188.9261867279641,189.86640054077856,-0.9402138128144486,-0.5610603924343442,3.6000000000000227,3.6200000000000045,0.01999999999998181,3.6200000000000045,5.338571428571427,11499261.7,Sell
564,2024-10-14T00:00:00+05:30,188.86,197.89,188.56,196.74,23696585,2.3243562892503475,190.12831184673885,190.37555605627645,-0.24724420953759818,-0.49829715585499507,9.329999999999984,10.339999999999975,1.009999999999991,10.339999999999975,5.800714285714283,12285796.05,Buy
565,2024-10-15T00:00:00+05:30,198.0,199.81,195.6,198.62,12866991,2.43375100714552,191.43472540877903,190.9862556076634,0.4484698011156354,-0.30894376446086896,4.210000000000008,3.069999999999993,1.1400000000000148,4.210000000000008,5.687142857142853,12520187.4,Buy
566,2024-10-16T00:00:00+05:30,197.2,198.4,193.41,194.4,8161660,2.417041507944948,191.8909214997361,191.23912556265128,0.6517959370848132,-0.11679582415173254,4.990000000000009,0.21999999999999886,5.210000000000008,5.210000000000008,5.694999999999998,12683435.1,Buy
567,2024-10-17T00:00:00+05:30,194.4,195.2,192.35,193.61,6228921,2.3698806904608105,192.15539511516133,191.41474589134378,0.7406492238175417,0.054693185442122316,2.8499999999999943,0.799999999999983,2.0500000000000114,2.8499999999999943,5.673571428571427,12412330.55,Buy
568,2024-10-18T00:00:00+05:30,193.5,196.25,190.27,195.3,7308007,2.31192852893779,192.63918048205957,191.70254249198499,0.9366379900745869,0.23108214636861524,5.97999999999999,2.6399999999999864,3.3400000000000034,5.97999999999999,5.779999999999997,12489381.1,Buy
569,2024-10-21T00:00:00+05:30,195.25,197.25,192.75,193.39,9532877,2.196475897030853,192.75469117712734,191.82753934443053,0.9271518326968078,0.37029608363425376,4.5,1.9499999999999886,2.5500000000000114,4.5,5.758571428571427,12556294.7,Buy
570,2024-10-22T00:00:00+05:30,194.0,195.0,188.99,189.34,5731783,2.202865792963697,192.2293540729539,191.643277170769,0.5860769021848853,0.4134522473443801,6.009999999999991,1.6100000000000136,4.399999999999977,6.009999999999991,5.894999999999998,12362630.3,Buy
571,2024-10-23T00:00:00+05:30,189.9,191.38,187.6,188.72,5765355,2.2419379650124056,191.6894534463456,191.42673812108242,0.26271532526317287,0.38330486292813865,3.780000000000001,2.039999999999992,1.740000000000009,3.780000000000001,5.705714285714284,12223815.65,Sell
572,2024-10-24T00:00:00+05:30,189.28,190.99,186.41,188.86,4639754,2.2701254842480334,191.2541529161386,191.23660937137262,0.017543544765970864,0.3101525992957051,4.5800000000000125,2.2700000000000102,2.3100000000000023,4.5800000000000125,5.594999999999999,11704471.5,Sell
573,2024-10-25T00:00:00+05:30,188.9,190.32,182.7,186.24,7802725,2.396797237681365,190.4827447751942,190.86649015867835,-0.383745383484154,0.1713730027397333,7.6200000000000045,1.4599999999999795,6.160000000000025,7.6200000000000045,5.151428571428572,11617717.25,No Signal
574,2024-10-28T00:00:00+05:30,186.1,190.43,182.0,184.99,15752834,2.5214890973713744,189.63770711747202,190.43119459136884,-0.7934874738968176,-0.021599092587576894,8.430000000000007,4.189999999999998,4.240000000000009,8.430000000000007,5.271428571428572,11554151.7,No Signal
575,2024-10-29T00:00:00+05:30,193.95,201.42,192.25,200.7,67924331,2.4856276963177457,191.33959833016863,191.19184684386002,0.14775148630860713,0.012271023191659909,9.169999999999987,16.42999999999998,7.259999999999991,16.42999999999998,6.137142857142856,14304998.1,Buy
576,2024-10-30T00:00:00+05:30,199.21,204.79,198.35,203.24,23886475,2.7169468097979474,193.17042935629652,192.08430263320372,1.0861267230928036,0.22704216317188863,6.439999999999998,4.090000000000003,2.3499999999999943,6.439999999999998,6.428571428571426,14688973.45,Buy
577,2024-10-31T00:00:00+05:30,203.99,205.66,201.02,203.91,13019192,3.0194798310900723,194.82267099378936,192.96028021592937,1.8623907778599857,0.554111886109508,4.639999999999986,2.4199999999999875,2.219999999999999,4.639999999999986,6.501428571428568,14352768.9,Buy
578,2024-11-01T00:00:00+05:30,204.25,205.55,203.5,204.17,1541532,3.2897809885367884,196.26072161012945,193.79062982956424,2.4700917805652125,0.937307865000649,2.0500000000000114,1.6400000000000148,0.4099999999999966,2.0500000000000114,5.909285714285714,13948588.0,Buy
579,2024-11-04T00:00:00+05:30,204.17,207.6,202.61,204.29,23397597,3.370025470062403,197.49599520857106,194.5683609533002,2.9276342552708456,1.3353731430546885,4.989999999999981,3.430000000000007,1.5599999999999739,4.989999999999981,5.964999999999997,13791940.6,Buy
580,2024-11-05T00:00:00+05:30,204.17,205.5,200.2,204.27,9979703,3.4878528865743883,198.53814979186782,195.2870008826854,3.251148909182433,1.7185282962802375,5.300000000000011,1.210000000000008,4.090000000000003,5.300000000000011,5.971428571428569,13710969.95,Buy
581,2024-11-06T00:00:00+05:30,206.9,206.9,202.8,204.74,10938474,3.501905054358191,199.49228059311892,195.9872230395235,3.5050575535954067,2.0758341477432714,4.099999999999994,2.6299999999999955,1.4699999999999989,4.099999999999994,6.060714285714283,13361473.95,Buy
582,2024-11-07T00:00:00+05:30,205.2,207.9,204.5,206.01,9253419,3.4729742240980737,200.495006655716,196.72965096252176,3.7653556931942376,2.4137384568334648,3.4000000000000057,3.1599999999999966,0.2400000000000091,3.4000000000000057,5.87642857142857,13634235.45,Buy
583,2024-11-08T00:00:00+05:30,205.98,207.93,204.51,206.77,8766446,3.475560233766712,201.46039024714432,197.47338052085348,3.987009726290836,2.7283927107249393,3.420000000000016,1.920000000000016,1.5,3.420000000000016,5.799285714285714,13809733.05,No Signal
584,2024-11-11T00:00:00+05:30,207.8,208.2,203.9,207.73,13015963,3.6313243904083055,202.4249455937375,198.23313011190137,4.19181548183613,3.0210772649471775,4.299999999999983,1.4299999999999784,2.8700000000000045,4.299999999999983,5.677142857142856,13275701.95,No Signal
585,2024-11-12T00:00:00+05:30,208.29,209.77,206.06,207.27,8129987,3.7755472283202987,203.17033857931636,198.90252788139017,4.267810697926194,3.270423951542981,3.710000000000008,2.0400000000000205,1.6699999999999875,3.710000000000008,5.672142857142857,13038851.75,No Signal
586,2024-11-13T00:00:00+05:30,206.83,207.44,198.57,199.38,13381335,3.897443697527419,202.58720956711386,198.9378961864724,3.6493133806414733,3.3462018373626794,8.870000000000005,0.1699999999999875,8.700000000000017,8.870000000000005,5.978571428571428,13299835.5,Buy
587,2024-11-14T00:00:00+05:30,199.2,201.7,196.0,196.98,9354472,3.9049150962011434,201.72456194140403,198.79286683932628,2.9316951020777537,3.2633004903056944,5.699999999999989,2.319999999999993,3.3799999999999955,5.699999999999989,5.84142857142857,13456113.05,No Signal
588,2024-11-18T00:00:00+05:30,197.0,200.89,195.04,200.25,13133102,3.8214151248572943,201.4977062581111,198.90080262900582,2.5969036291052703,3.13002111806561,5.849999999999994,3.9099999999999966,1.9399999999999977,5.849999999999994,5.657142857142854,13747367.8,No Signal
589,2024-11-19T00:00:00+05:30,202.0,210.6,201.21,206.65,22964708,3.7305895856267353,202.29036683378632,199.47481724907948,2.8155495847068437,3.067126811393857,9.389999999999986,10.349999999999994,0.960000000000008,10.349999999999994,5.2228571428571415,14418959.35,No Signal
590,2024-11-21T00:00:00+05:30,206.42,211.44,204.0,210.88,15482528,3.645003593627273,203.61184885935765,200.3196456009995,3.2922032583581426,3.1121421007867145,7.439999999999998,4.789999999999992,2.6500000000000057,7.439999999999998,5.294285714285713,14906496.6,No Signal
591,2024-11-22T00:00:00+05:30,211.48,212.0,208.38,209.37,13076979,3.5143846684921503,204.49771826561033,200.9900422231477,3.5076760424626343,3.1912488891218986,3.6200000000000045,1.1200000000000045,2.5,3.6200000000000045,5.221428571428571,15272077.8,No Signal
592,2024-11-25T00:00:00+05:30,211.0,213.5,209.42,212.88,18553476,3.3276914965865996,205.78730007090104,201.87077983624786,3.916520234653177,3.3363031582281546,4.0800000000000125,4.1299999999999955,0.04999999999998295,4.1299999999999955,5.369999999999998,15967763.9,No Signal
593,2024-11-26T00:00:00+05:30,212.88,214.0,210.6,213.64,8728077,2.933529821033168,206.99540775230088,202.74257392245173,4.252833829849152,3.5196092925523543,3.4000000000000057,1.1200000000000045,2.280000000000001,3.4000000000000057,5.256428571428572,16014031.5,No Signal
594,2024-11-27T00:00:00+05:30,213.6,214.44,210.85,212.88,10096152,2.1613026061999085,207.9007296365623,203.4934943726405,4.407235263921791,3.697134486826242,3.5900000000000034,0.8000000000000114,2.789999999999992,3.5900000000000034,5.134285714285714,15731197.4,No Signal
595,2024-11-28T00:00:00+05:30,212.88,213.01,210.4,211.05,10970713,2.1696823504856235,208.38523276939887,204.05323553022268,4.331997239176189,3.8241070372962316,2.609999999999985,0.12999999999999545,2.4799999999999898,2.609999999999985,5.027857142857142,12883516.5,No Signal
596,2024-11-29T00:00:00+05:30,211.5,211.8,208.79,210.78,7279254,2.1930656271853066,208.75365849718366,204.55151437983582,4.202144117347842,3.899714453306554,3.0100000000000193,0.75,2.2600000000000193,3.0100000000000193,5.0,12053155.45,No Signal
597,2024-12-02T00:00:00+05:30,210.78,211.19,206.34,209.08,7705204,2.201607844389781,208.80386488223232,204.88695775910725,3.916907123125071,3.9031529872702575,4.849999999999994,0.4099999999999966,4.439999999999998,4.849999999999994,5.102142857142856,11787456.05,No Signal
598,2024-12-03T00:00:00+05:30,212.0,212.29,209.15,209.96,6355689,2.191331649314223,208.98173182342734,205.26273866584003,3.718993157587306,3.8663210213336674,3.1399999999999864,3.2099999999999795,0.06999999999999318,3.2099999999999795,5.024285714285712,12028163.9,No Signal
599,2024-12-04T00:00:00+05:30,209.96,216.28,209.27,215.44,12814059,2.270086693819519,209.97531154290004,206.01660987577782,3.9587016671222273,3.8847971504913796,7.009999999999991,6.319999999999993,0.6899999999999977,7.009999999999991,5.259999999999997,11498987.0,No Signal
600,2024-12-05T00:00:00+05:30,216.4,217.0,213.72,214.97,5002379,2.356717435204302,210.74372515168466,206.67982395905352,4.0639011926311355,3.920617958919331,3.280000000000001,1.5600000000000023,1.7199999999999989,3.280000000000001,4.860714285714282,11250120.8,No Signal
601,2024-12-06T00:00:00+05:30,215.0,215.2,211.26,213.4,9436594,2.395794528044715,211.15238282065624,207.1776147769014,3.9747680437548354,3.931447975886432,3.9399999999999977,0.22999999999998977,3.710000000000008,3.9399999999999977,4.734999999999998,11175026.8,No Signal
602,2024-12-09T00:00:00+05:30,214.05,215.17,212.31,213.77,4922985,2.4260604521763485,211.5550931559399,207.66593960824204,3.8891535476978447,3.922989090248715,2.859999999999985,1.7699999999999818,1.0900000000000034,2.859999999999985,4.521428571428568,10958505.1,No Signal
603,2024-12-10T00:00:00+05:30,213.88,214.8,212.52,214.34,3626922,2.4625691655897675,211.98354036271837,208.16031445207597,3.8232259106424067,3.9030364543274536,2.280000000000001,1.0300000000000011,1.25,2.280000000000001,3.944999999999997,10701528.9,No Signal
604,2024-12-10T00:00:00+05:30,213.88,214.8,212.52,214.34,3626922,2.5032770065164534,212.34607261460786,208.61806893710738,3.7280036775004817,3.8680298989620594,2.280000000000001,0.46000000000000796,1.8199999999999932,2.280000000000001,3.576428571428569,10232076.85,No Signal
605,2024-12-11T00:00:00+05:30,214.0,215.47,214.0,214.68,3817336,2.5304121696945647,212.70513836620665,209.067100867692,3.638037498514649,3.8220314188725775,1.4699999999999989,1.1299999999999955,0.3400000000000034,1.4699999999999989,3.42285714285714,10016444.3,No Signal
606,2024-12-12T00:00:00+05:30,214.68,215.7,212.35,212.68,4299148,2.2625793842455497,212.70127092525178,209.33472302564076,3.366547899611021,3.7309347150202665,3.3499999999999943,1.0199999999999818,2.3300000000000125,3.3499999999999943,3.3671428571428543,9562334.95,No Signal
607,2024-12-13T00:00:00+05:30,212.2,213.5,209.7,213.15,4333300,1.6609811392128564,212.77030616752074,209.61733613485256,3.152970032668179,3.6153417785498494,3.8000000000000114,0.8199999999999932,2.980000000000018,3.8000000000000114,3.3957142857142832,9311276.35,No Signal
608,2024-12-16T00:00:00+05:30,213.15,214.44,212.5,213.4,4806881,1.080643320137172,212.86718214174832,209.89753345819682,2.9696486835514975,3.486203159550179,1.9399999999999977,1.289999999999992,0.6500000000000057,1.9399999999999977,3.27785714285714,8894965.3,No Signal
609,2024-12-17T00:00:00+05:30,213.2,213.7,209.86,210.29,4722997,0.9257692108720511,212.47069258147934,209.92660505388594,2.5440875275934047,3.2977800331588245,3.839999999999975,0.29999999999998295,3.539999999999992,3.839999999999975,3.365714285714282,7982879.75,No Signal
610,2024-12-18T00:00:00+05:30,210.29,211.0,198.5,200.03,14942335,1.7013858537560194,210.55673987663636,209.19352319804253,1.3632166785938296,2.910867362245826,12.5,0.710000000000008,11.789999999999992,12.5,4.043571428571424,7955870.1,No Signal
611,2024-12-19T00:00:00+05:30,197.0,201.8,194.71,200.95,8834477,2.0796146391084678,209.07877989561538,208.58289185003937,0.4958880455760095,2.4278714989118626,7.090000000000003,1.7700000000000102,5.319999999999993,7.090000000000003,4.203571428571424,7743745.0,No Signal
612,2024-12-20T00:00:00+05:30,200.4,201.3,190.55,194.46,10057259,2.905312251686648,206.8297368347515,207.53675171299943,-0.7070148782479464,1.8008942234799008,10.75,0.35000000000002274,10.399999999999977,10.75,4.742142857142854,7318934.15,Sell
613,2024-12-23T00:00:00+05:30,195.0,197.83,194.88,197.02,8006446,3.2310833898952405,205.32054655248203,206.75773306759206,-1.437186515110028,1.1532780757619152,2.950000000000017,3.3700000000000045,0.4199999999999875,3.3700000000000045,4.482142857142855,7282852.6,Sell
614,2024-12-24T00:00:00+05:30,197.02,197.83,194.85,196.72,7118698,3.5364842783010046,203.99738554440788,206.01419728480747,-2.0168117403995893,0.5192601125296143,2.980000000000018,0.8100000000000023,2.170000000000016,2.980000000000018,4.4607142857142845,7133979.9,Sell
615,2024-12-26T00:00:00+05:30,197.7,199.39,196.52,197.68,7075411,3.73411802823004,203.02548007603744,205.3968493377847,-2.3713692617472475,-0.05886576232575802,2.869999999999976,2.6699999999999875,0.19999999999998863,2.869999999999976,4.384285714285712,6939214.8,Sell
616,2024-12-27T00:00:00+05:30,197.45,199.61,196.31,196.73,4451218,3.962697256213427,202.05694467972398,204.75486049794878,-2.6979158182248,-0.5866757735055664,3.3000000000000114,1.9300000000000068,1.3700000000000045,3.3000000000000114,4.4157142857142855,6797813.0,Sell
617,2024-12-30T00:00:00+05:30,197.5,203.15,195.55,201.05,48698861,3.9414357777920137,201.9020301136126,204.48042638698962,-2.578396273377024,-0.985019873479858,7.599999999999994,6.420000000000016,1.1799999999999784,7.599999999999994,4.7957142857142845,8847495.85,Sell
618,2024-12-31T00:00:00+05:30,196.5,200.5,196.3,200.02,8032394,4.0276751337882315,201.61248701921065,204.1500244323978,-2.5375374131871524,-1.295523381421317,4.199999999999989,0.5500000000000114,4.75,4.75,4.972142857142856,8931331.1,Sell
619,2025-01-01T00:00:00+05:30,200.4,200.97,197.88,200.51,4148526,3.9396153504193294,201.44287363163977,203.88039299296094,-2.437519361321165,-1.5239225774012866,3.0900000000000034,0.9499999999999886,2.140000000000015,3.0900000000000034,5.087857142857142,8498054.45,Sell
620,2025-01-02T00:00:00+05:30,200.5,206.6,199.56,206.14,9827756,3.693485224491421,202.16550845754134,204.04777128977864,-1.882262832237302,-1.5955906283684897,7.039999999999992,6.090000000000003,0.9499999999999886,7.039999999999992,5.3514285714285705,8739323.3,Sell
621,2025-01-03T00:00:00+05:30,205.0,207.23,204.69,205.25,5485629,3.599141664704207,202.64004561791958,204.13682526831354,-1.496779650393961,-1.575828432773584,2.539999999999992,1.0900000000000034,1.4499999999999886,2.539999999999992,5.261428571428569,8541775.05,Buy
622,2025-01-06T00:00:00+05:30,205.3,205.64,195.66,197.53,7247076,3.6869781077429,201.85388475362427,203.647430803994,-1.7935460503697414,-1.6193719562928157,9.97999999999999,0.38999999999998636,9.590000000000003,9.97999999999999,5.835714285714283,8657979.6,Sell
623,2025-01-07T00:00:00+05:30,197.95,200.49,196.82,197.31,6619585,3.5704658851167905,201.154825560759,203.17799148517963,-2.023165924420624,-1.7001307499183775,3.670000000000016,2.960000000000008,0.710000000000008,3.670000000000016,5.823571428571428,8807612.75,Sell
624,2025-01-08T00:00:00+05:30,197.35,197.6,192.1,195.5,8162449,3.4644800363576667,200.28485239756532,202.60925137516634,-2.324398977601021,-1.8249843954549063,5.5,0.28999999999999204,5.210000000000008,5.5,5.323571428571428,9034389.1,Sell
625,2025-01-09T00:00:00+05:30,195.5,196.0,192.2,193.44,6131064,3.3231176437180627,199.23179818255528,201.93004756959846,-2.6982493870431767,-1.9996373937725604,3.8000000000000114,0.5,3.3000000000000114,3.8000000000000114,5.088571428571429,9150075.5,Sell
626,2025-01-10T00:00:00+05:30,193.6,193.6,187.06,189.1,7899382,3.4007639276807375,197.6730600006237,200.97967367555412,-3.306613674930418,-2.261032650004132,6.539999999999992,0.1599999999999966,6.3799999999999955,6.539999999999992,4.787857142857143,9330087.2,Sell
627,2025-01-13T00:00:00+05:30,186.52,188.5,185.71,187.72,7575227,3.34080993960435,196.14182000052776,199.9974756255131,-3.8556556249853315,-2.5799572450003723,2.789999999999992,0.5999999999999943,3.3899999999999864,3.3899999999999864,4.789285714285713,9492183.55,Sell
628,2025-01-14T00:00:00+05:30,189.0,194.28,188.61,192.56,5224795,2.822988726748902,195.59077076967733,199.4465515051047,-3.8557807354273734,-2.8351219430857726,5.6699999999999875,6.560000000000002,0.8900000000000148,6.560000000000002,5.044999999999997,9513079.25,Sell
629,2025-01-14T00:00:00+05:30,189.0,194.28,188.61,192.56,5224795,2.454080281819298,195.12449834357312,198.93643657880065,-3.8119382352275295,-3.030485201514124,5.6699999999999875,1.7199999999999989,3.9499999999999886,5.6699999999999875,5.244999999999998,9538169.15,Sell
630,2025-01-15T00:00:00+05:30,194.5,196.2,193.0,194.14,4521543,2.43010886961295,194.97303705994648,198.58114498037096,-3.6081079204244872,-3.146009745296197,3.1999999999999886,3.6399999999999864,0.4399999999999977,3.6399999999999864,5.269285714285711,9017129.55,Sell
631,2025-01-16T00:00:00+05:30,196.0,197.84,194.98,195.42,5711244,2.366243534713784,195.04180058918547,198.34698609293608,-3.3051855037506073,-3.177844896987079,2.8600000000000136,3.700000000000017,0.8400000000000034,3.700000000000017,4.990714285714284,8860967.9,No Signal
632,2025-01-17T00:00:00+05:30,195.9,195.98,191.27,191.58,8047952,2.472015033232686,194.50921588315694,197.8457278638297,-3.3365119806727535,-3.209578313724214,4.7099999999999795,0.5600000000000023,4.149999999999977,4.7099999999999795,4.987857142857139,8760502.55,No Signal
633,2025-01-20T00:00:00+05:30,193.44,195.05,190.7,194.03,5380998,2.4544506351508053,194.43549036267126,197.56308135539786,-3.1275909927265957,-3.1931808495246905,4.350000000000023,3.469999999999999,0.8800000000000239,4.350000000000023,5.077857142857141,8629230.15,Buy
634,2025-01-21T00:00:00+05:30,194.99,194.99,191.25,192.35,4833705,2.515869825383667,194.11464569149106,197.17692718092394,-3.062281489432877,-3.167000977506328,3.740000000000009,0.960000000000008,2.780000000000001,3.740000000000009,4.842142857142856,8514980.5,No Signal
635,2025-01-22T00:00:00+05:30,193.2,193.44,186.53,190.1,9163217,2.628914996450364,193.49700789280013,196.65271035270735,-3.155702459907218,-3.164741273986506,6.909999999999997,1.0900000000000034,5.819999999999993,6.909999999999997,5.154285714285714,8619370.8,Buy
636,2025-01-23T00:00:00+05:30,190.1,192.44,189.6,190.75,3960511,2.6775151336117657,193.0743912939078,196.2154725488031,-3.1410812548952833,-3.160009270168262,2.8400000000000034,2.3400000000000034,0.5,2.8400000000000034,4.644285714285715,8594835.45,No Signal
637,2025-01-24T00:00:00+05:30,191.33,191.88,187.3,188.11,7657794,2.7467716065526524,192.31063878715275,195.61506717481768,-3.3044283876649274,-3.188893093667595,4.579999999999984,1.1299999999999955,3.4499999999999886,4.579999999999984,4.709285714285713,6542782.1,No Signal
638,2025-01-27T00:00:00+05:30,186.02,194.1,185.6,191.14,14535640,2.650855592782941,192.13054051220618,195.28358071742377,-3.153040205217593,-3.181722515977595,8.5,5.989999999999981,2.5100000000000193,8.5,4.923571428571427,6867944.4,No Signal
639,2025-01-28T00:00:00+05:30,187.9,187.9,178.09,184.1,43454549,2.8918939830954242,190.89507274109755,194.45516733094794,-3.5600945898503937,-3.257396930752155,9.810000000000002,3.2399999999999807,13.049999999999983,13.049999999999983,5.584285714285711,8833245.55,Sell
640,2025-01-29T00:00:00+05:30,183.55,187.78,181.61,186.18,10013432,2.495392696590235,190.16967693477486,193.84219197309994,-3.6725150383250877,-3.3404205522667416,6.1699999999999875,3.680000000000007,2.4899999999999807,6.1699999999999875,5.557857142857139,8842529.35,Sell
641,2025-01-30T00:00:00+05:30,186.2,187.22,184.2,184.96,14297599,2.0811315417750538,189.36818817557872,193.1842518269444,-3.816063651365681,-3.43554917208653,3.0200000000000102,1.039999999999992,1.9800000000000182,3.0200000000000102,5.531428571428569,9283127.85,Sell
642,2025-01-31T00:00:00+05:30,185.26,188.28,184.58,187.21,5772412,1.9636677385554764,189.03615922548968,192.74171465457815,-3.705555429088463,-3.4895504234869166,3.6999999999999886,3.319999999999993,0.37999999999999545,3.6999999999999886,5.327142857142854,9209394.65,Sell
643,2025-02-01T00:00:00+05:30,188.24,188.94,182.5,184.09,4749102,1.9848310717699542,188.27521165233742,192.10084690238716,-3.825635250049743,-3.556767388799482,6.439999999999998,1.7299999999999898,4.710000000000008,6.439999999999998,5.3821428571428545,9115870.5,Sell
644,2025-02-03T00:00:00+05:30,183.0,183.3,180.0,180.56,3886494,2.2331071040019306,187.0882560135163,191.2459693540622,-4.157713340545911,-3.676956579148768,3.3000000000000114,0.789999999999992,4.090000000000003,4.090000000000003,5.414285714285713,8902072.75,Sell
645,2025-02-04T00:00:00+05:30,181.9,183.89,180.5,181.23,5216085,2.3832073825984157,186.1869858575907,190.50404569820574,-4.3170598406150305,-3.8049772314420207,3.3899999999999864,3.329999999999984,0.060000000000002274,3.3899999999999864,5.392142857142853,8856323.8,Sell
646,2025-02-05T00:00:00+05:30,181.99,185.09,181.99,183.87,4286422,2.4266888145623664,185.83052649488445,190.01263490574607,-4.182108410861616,-3.88040346732594,3.0999999999999943,3.8600000000000136,0.7600000000000193,3.8600000000000136,5.33142857142857,8675675.8,Sell
647,2025-02-06T00:00:00+05:30,185.35,186.0,182.81,183.62,3983013,2.5041999833849435,185.49044549567145,189.5391063942093,-4.048660898537861,-3.9140549535683244,3.1899999999999977,2.1299999999999955,1.0600000000000023,3.1899999999999977,5.248571428571426,8496065.1,Sell
648,2025-02-07T00:00:00+05:30,184.2,189.52,182.35,188.14,7298157,2.388757353834412,185.89806926556815,189.43546888352714,-3.5373996179589824,-3.838723886446456,7.170000000000016,5.900000000000006,1.2700000000000102,7.170000000000016,5.4935714285714266,8599733.2,Buy
649,2025-02-10T00:00:00+05:30,188.85,189.42,185.97,186.56,9502645,2.3516978797518733,185.99990476317305,189.22247118845104,-3.2225664252779893,-3.715492394212763,3.4499999999999886,1.2800000000000011,2.1699999999999875,3.4499999999999886,5.246428571428568,8813625.7,Buy
650,2025-02-11T00:00:00+05:30,186.9,187.99,181.28,183.67,2332865,2.3009423416791415,185.64145787653104,188.81117702634356,-3.169719149812522,-3.606337745332715,6.710000000000008,1.4300000000000068,5.280000000000001,6.710000000000008,5.5228571428571405,8704191.8,Buy
651,2025-02-12T00:00:00+05:30,183.49,185.17,177.11,183.95,4770520,2.086794201869412,185.38123358783395,188.451089839207,-3.0698562513730394,-3.49904144654078,8.059999999999974,1.5,6.559999999999974,8.059999999999974,5.771428571428568,8657155.6,Buy
652,2025-02-13T00:00:00+05:30,184.15,185.05,181.44,181.8,4044621,2.102270024465695,184.83027457432104,187.95841651778426,-3.12814194346322,-3.424861545925268,3.6100000000000136,1.1000000000000227,2.509999999999991,3.6100000000000136,5.4221428571428545,8456989.05,Buy
653,2025-02-14T00:00:00+05:30,182.02,183.25,178.49,181.01,3674337,1.9546126513462632,184.2425400244255,187.4437189979484,-3.2011789735229,-3.380125031444795,4.759999999999991,1.4499999999999886,3.3100000000000023,4.759999999999991,4.829999999999998,8371656.0,No Signal
654,2025-02-17T00:00:00+05:30,180.25,182.46,176.96,181.54,4678837,1.806850504977374,183.82676463605233,187.00640647958184,-3.1796418435295095,-3.340028393861738,5.5,1.450000000000017,4.049999999999983,5.5,4.782142857142857,8363912.6,No Signal
655,2025-02-18T00:00:00+05:30,181.82,182.44,178.71,180.69,4152347,1.773013052766911,183.34418546127506,186.53852451813134,-3.194339056856279,-3.3108905264606463,3.7299999999999898,0.9000000000000057,2.829999999999984,3.7299999999999898,4.832857142857141,8113369.1,No Signal
656,2025-02-19T00:00:00+05:30,180.69,182.95,179.01,181.18,3020603,1.628615743151399,183.01123385184812,186.14159677604755,-3.1303629241994315,-3.2747850060084036,3.9399999999999977,2.259999999999991,1.6800000000000068,3.9399999999999977,4.849999999999999,8066373.7,No Signal
657,2025-02-20T00:00:00+05:30,180.55,184.9,179.2,184.38,3532472,1.5204983249080013,183.2218132592561,186.01110812596994,-2.7892948667138455,-3.177686978149492,5.700000000000017,3.719999999999999,1.9800000000000182,5.700000000000017,4.797142857142857,7860107.6,No Signal
658,2025-02-21T00:00:00+05:30,184.22,185.83,179.0,179.85,5491982,1.3321650561120861,182.70307275783208,185.55472974626846,-2.851656988436389,-3.112480980206872,6.8300000000000125,1.450000000000017,5.3799999999999955,6.8300000000000125,4.992857142857143,7407924.7,No Signal
659,2025-02-24T00:00:00+05:30,180.0,183.4,179.05,181.24,13756156,1.3455862731769281,182.47798464124253,185.23512013543376,-2.757135494191232,-3.041411883003744,4.349999999999994,3.5500000000000114,0.799999999999983,4.349999999999994,5.061428571428572,5923005.05,No Signal
660,2025-02-24T00:00:00+05:30,180.0,183.4,179.05,181.24,13756156,1.3130154085263186,182.28752546566676,184.93918531058682,-2.6516598449200615,-2.9634614753870077,4.349999999999994,2.1599999999999966,2.1899999999999977,4.349999999999994,5.096428571428571,6110141.25,No Signal
661,2025-02-25T00:00:00+05:30,182.0,182.62,177.9,178.71,8344437,1.4103559509278758,181.73713693248726,184.4777641764693,-2.7406272439820327,-2.918894629106013,4.719999999999999,1.3799999999999955,3.3400000000000034,4.719999999999999,5.2057142857142855,5812483.15,Buy
