,Date,Open,High,Low,Close,Volume,Volatility,EMA12,EMA26,MACD,Signal Line,H-L,H-PC,L-PC,TR,ATR,Avg_Volume,Signal
0,2022-07-05T00:00:00+05:30,232.2,237.9,232.15,236.45,8248897,,236.45,236.45,0.0,0.0,5.75,,,5.75,,,No Signal
1,2022-07-06T00:00:00+05:30,236.65,238.0,233.95,236.9,3574519,,236.51923076923077,236.48333333333332,0.035897435897453533,0.007179487179490707,4.050000000000011,1.5500000000000114,2.5,4.050000000000011,,,No Signal
2,2022-07-07T00:00:00+05:30,238.0,245.3,237.75,244.1,8205356,,237.6855029585799,237.0475308641975,0.637972094382377,0.13333800862006798,7.550000000000011,8.400000000000006,0.8499999999999943,8.400000000000006,,,No Signal
3,2022-07-08T00:00:00+05:30,244.5,245.5,241.2,242.85,2412484,,238.48004096495222,237.47734339277548,1.0026975721767428,0.30720992133140296,4.300000000000011,1.4000000000000057,2.9000000000000057,4.300000000000011,,,No Signal
4,2022-07-11T00:00:00+05:30,242.75,247.25,241.65,245.95,4221320,,239.62926543188266,238.10494758590323,1.524317845979425,0.5506315062610074,5.599999999999994,4.400000000000006,1.1999999999999886,5.599999999999994,,,No Signal
5,2022-07-12T00:00:00+05:30,245.0,246.95,242.95,244.65,2922674,,240.40168613466994,238.58976628324373,1.811919851426211,0.8028891752940482,4.0,1.0,3.0,4.0,,,No Signal
6,2022-07-13T00:00:00+05:30,246.4,251.1,244.4,245.55,4991296,,241.1937344216438,239.1053391511516,2.0883952704921853,1.0599903943336757,6.699999999999989,6.449999999999989,0.25,6.699999999999989,,,No Signal
7,2022-07-14T00:00:00+05:30,246.6,247.5,241.35,244.0,1978201,,241.62546758754476,239.46790662143667,2.1575609661080932,1.2795045086885593,6.150000000000006,1.9499999999999886,4.200000000000017,6.150000000000006,,,No Signal
8,2022-07-15T00:00:00+05:30,243.4,251.3,243.4,250.7,2449513,,243.02154949715327,240.2999135383673,2.7216359587859813,1.5679307987080437,7.900000000000006,7.300000000000011,0.5999999999999943,7.900000000000006,,,No Signal
9,2022-07-18T00:00:00+05:30,251.55,253.0,250.0,250.95,3501346,,244.24131111297584,241.08880883182158,3.1525022811542556,1.8848450951972862,3.0,2.3000000000000114,0.6999999999999886,3.0,,,No Signal
10,2022-07-19T00:00:00+05:30,250.3,254.35,248.25,250.9,2553371,,245.26572478790263,241.81556373316812,3.450161054734508,2.1979082871047306,6.099999999999994,3.4000000000000057,2.6999999999999886,6.099999999999994,,,No Signal
11,2022-07-20T00:00:00+05:30,252.4,257.15,250.1,251.25,5500371,,246.18638251284068,242.51441086404455,3.6719716487961307,2.4927209594430106,7.049999999999983,6.249999999999972,0.8000000000000114,7.049999999999983,,,No Signal
12,2022-07-21T00:00:00+05:30,251.0,253.45,249.45,251.75,2857797,,247.04232366471135,243.19852857781902,3.843795086892328,2.7629357849328744,4.0,2.1999999999999886,1.8000000000000114,4.0,,,No Signal
13,2022-07-22T00:00:00+05:30,252.5,254.0,250.05,252.65,3404782,,247.9050431009096,243.89863757205464,4.00640552885497,3.0116297337172937,3.9499999999999886,2.25,1.6999999999999886,3.9499999999999886,5.496428571428571,,No Signal
14,2022-07-25T00:00:00+05:30,252.6,261.9,251.7,260.75,8181265,,249.8811903161543,245.14688664079134,4.734303675362952,3.3561645220464253,10.199999999999989,9.249999999999972,0.950000000000017,10.199999999999989,5.814285714285712,,No Signal
15,2022-07-26T00:00:00+05:30,261.5,261.6,254.35,258.55,3777186,,251.21485334443824,246.13970985258456,5.07514349185368,3.6999603160078767,7.250000000000028,0.8500000000000227,6.400000000000006,7.250000000000028,6.042857142857143,,No Signal
16,2022-07-27T00:00:00+05:30,258.3,262.3,257.55,260.45,3662544,,252.63564513760159,247.1997313449857,5.435913792615878,4.047151011329477,4.75,3.75,1.0,4.75,5.782142857142857,,No Signal
17,2022-07-28T00:00:00+05:30,262.35,264.5,260.4,263.15,2712134,,254.25323819335517,248.38123272683862,5.872005466516555,4.412121902366893,4.100000000000023,4.050000000000011,0.05000000000001137,4.100000000000023,5.767857142857143,,No Signal
18,2022-07-29T00:00:00+05:30,264.1,266.9,262.0,262.85,2715496,,255.575816932839,249.45299326559132,6.122823667247673,4.75426225534305,4.899999999999977,3.75,1.1499999999999773,4.899999999999977,5.717857142857142,,No Signal
19,2022-08-01T00:00:00+05:30,264.45,272.85,263.1,270.45,5030755,3.3708212182089663,257.8641527893253,251.00832709776975,6.855825691555566,5.174574942585553,9.75,10.0,0.25,10.0,6.1464285714285705,4145065.35,No Signal
20,2022-08-02T00:00:00+05:30,270.4,273.5,266.1,268.45,5062975,3.423863450710759,259.49274466789063,252.30030286830532,7.1924417995853105,5.578148313985505,7.399999999999977,3.0500000000000114,4.349999999999966,7.399999999999977,6.196428571428569,3985769.25,No Signal
21,2022-08-03T00:00:00+05:30,268.35,275.0,267.1,273.95,5484137,3.481026777453767,261.7169377959074,253.90398413731975,7.8129536585876735,6.025109382905939,7.899999999999977,6.550000000000011,1.349999999999966,7.899999999999977,6.321428571428568,4081250.15,No Signal
22,2022-08-04T00:00:00+05:30,275.15,275.3,265.45,270.45,4964766,3.6279161321960087,263.0604858273063,255.12961494196273,7.93087088534358,6.406261683393467,9.850000000000023,1.3500000000000227,8.5,9.850000000000023,6.460714285714283,3919220.65,No Signal
23,2022-08-05T00:00:00+05:30,269.9,273.9,267.7,269.8,5542383,3.617248188122345,264.0973341615669,256.21631013144696,7.8810240301199315,6.7012141527387605,6.199999999999989,3.4499999999999886,2.75,6.199999999999989,6.6892857142857105,4075715.6,No Signal
24,2022-08-08T00:00:00+05:30,271.25,272.7,266.85,270.85,6026864,3.6238653222967763,265.13620582901814,257.3002871587472,7.835918670270928,6.928155056245195,5.849999999999966,2.8999999999999773,2.9499999999999886,5.849999999999966,6.6714285714285655,4165992.8,No Signal
25,2022-08-10T00:00:00+05:30,272.4,277.15,266.35,268.25,14559370,3.5271159075145575,265.61525108609226,258.11137699884,7.503874087252257,7.0432988624466075,10.799999999999955,6.2999999999999545,4.5,10.799999999999955,6.939285714285707,4747827.6,No Signal
26,2022-08-11T00:00:00+05:30,270.95,278.9,269.95,277.2,12219254,3.46359541587075,267.39752014977034,259.525349073,7.872171076770371,7.20907330531136,8.949999999999989,10.649999999999977,1.6999999999999886,10.649999999999977,7.414285714285705,5109225.5,No Signal
27,2022-08-12T00:00:00+05:30,277.75,277.8,270.55,271.95,5596509,3.291898020139488,268.0979016651903,260.4456935861111,7.65220807907923,7.297700260064935,7.25,0.6000000000000227,6.649999999999977,7.25,7.6499999999999915,5290140.9,No Signal
28,2022-08-16T00:00:00+05:30,273.0,277.3,272.0,275.45,10178514,3.2337185875028105,269.2289937166995,261.5571236908436,7.671870025855924,7.372534213223133,5.300000000000011,5.350000000000023,0.05000000000001137,5.350000000000023,7.303571428571423,5676590.95,No Signal
29,2022-08-17T00:00:00+05:30,277.5,280.55,274.5,275.25,8139907,3.1563161560410826,270.15530237566884,262.57141082485515,7.583891550813689,7.414805680741245,6.050000000000011,5.100000000000023,0.9499999999999886,6.050000000000011,7.217857142857135,5908519.0,No Signal
30,2022-08-18T00:00:00+05:30,276.75,281.15,274.15,275.35,6127089,3.006208461153399,270.95448662556595,263.517972985977,7.436513639588952,7.419147272510787,7.0,5.899999999999977,1.1000000000000227,7.0,7.378571428571421,6087204.9,No Signal
31,2022-08-19T00:00:00+05:30,276.75,277.55,268.9,271.45,4199030,2.7720569683809115,271.03071945240197,264.1055305425713,6.925188909830695,7.320355599974769,8.650000000000034,2.1999999999999886,6.4500000000000455,8.650000000000034,7.703571428571422,6022137.85,No Signal
32,2022-08-22T00:00:00+05:30,271.45,271.8,265.05,267.35,3445179,2.4530049302948234,270.4644549212632,264.34586161349193,6.1185933077712775,7.080003141534071,6.75,0.35000000000002274,6.399999999999977,6.75,7.835714285714281,6051506.95,Sell
33,2022-08-23T00:00:00+05:30,264.5,274.3,263.35,273.25,4123489,2.0192126183779004,270.89300031799195,265.00542741989995,5.887572898092003,6.841517092845658,10.949999999999989,6.949999999999989,4.0,10.949999999999989,7.903571428571423,6087442.3,Sell
34,2022-08-24T00:00:00+05:30,273.2,275.7,271.3,274.9,3078636,1.9172537862467995,271.50946180753164,265.7383587221296,5.771103085402046,6.627434291356936,4.399999999999977,2.4499999999999886,1.9499999999999886,4.399999999999977,7.689285714285709,5832310.85,Sell
35,2022-08-25T00:00:00+05:30,275.75,277.1,272.95,273.4,2464589,1.6744368501792581,271.80031383714214,266.30588770567556,5.494426131466582,6.400832659378866,4.150000000000034,2.2000000000000455,1.9499999999999886,4.150000000000034,7.42142857142857,5766681.0,Sell
36,2022-08-26T00:00:00+05:30,275.5,282.0,275.0,280.85,5388009,1.581703317676629,273.1925732468126,267.383229357107,5.809343889705588,6.28253490544421,7.0,8.600000000000023,1.6000000000000227,8.600000000000023,7.3321428571428555,5852954.25,Sell
37,2022-08-29T00:00:00+05:30,272.0,284.5,272.0,282.0,4252868,1.6045800256650162,274.54756197807217,268.4659531084324,6.0816088696397514,6.242349698283319,12.5,3.6499999999999773,8.850000000000023,12.5,7.782142857142857,5929990.95,Sell
38,2022-08-30T00:00:00+05:30,284.2,288.2,283.6,285.45,6454271,1.6671027222263717,276.2248601352918,269.7240306559559,6.500829479335891,6.294045654493834,4.599999999999966,6.199999999999989,1.6000000000000227,6.199999999999989,7.807142857142858,6116929.7,Buy
39,2022-09-01T00:00:00+05:30,284.7,295.6,281.95,294.7,8425940,2.2377932274191137,279.0671893452469,271.57410245921847,7.493086886028436,6.533853900800755,13.650000000000034,10.150000000000034,3.5,13.650000000000034,8.010714285714291,6286688.95,Buy
40,2022-09-02T00:00:00+05:30,295.9,298.95,293.1,296.6,4227816,2.690041662280705,281.76454483059354,273.4278726474245,8.336672183169014,6.894417557274407,5.849999999999966,4.25,1.599999999999966,5.849999999999966,7.667857142857149,6244931.0,Buy
41,2022-09-05T00:00:00+05:30,297.4,311.3,296.9,309.95,8940720,3.52083177637057,286.1007687028099,276.13321541428195,9.967553288527938,7.509044703525113,14.400000000000034,14.699999999999989,0.2999999999999545,14.699999999999989,8.200000000000005,6417760.15,Buy
42,2022-09-06T00:00:00+05:30,310.45,311.45,303.75,305.15,5498564,4.0256594216387604,289.0314196716084,278.2826068650759,10.748812806532499,8.15699832412659,7.699999999999989,1.5,6.199999999999989,7.699999999999989,8.367857142857146,6444450.05,Buy
43,2022-09-07T00:00:00+05:30,305.5,313.8,304.1,307.5,6284067,4.383123197260449,291.8727397221302,280.44685820840357,11.425881513726608,8.810774962046594,9.699999999999989,8.650000000000034,1.0499999999999545,9.699999999999989,8.62857142857143,6481534.25,Buy
44,2022-09-08T00:00:00+05:30,309.9,311.4,307.7,309.4,3329852,4.6988224602329565,294.5692413033409,282.59153537815143,11.977705925189468,9.44416115467517,3.6999999999999886,3.8999999999999773,0.19999999999998863,3.8999999999999773,8.407142857142857,6346683.65,Buy
45,2022-09-09T00:00:00+05:30,311.4,314.9,309.8,312.5,3824543,4.926031801081225,297.32781956436537,284.8069772019921,12.520842362373287,10.059497396214795,5.099999999999966,5.5,0.4000000000000341,5.5,8.182142857142853,5809942.3,Buy
46,2022-09-12T00:00:00+05:30,313.85,316.45,312.2,314.95,2682917,5.249258259617846,300.0389242467707,287.0397937055482,12.999130541222485,10.647424025216333,4.25,3.9499999999999886,0.30000000000001137,4.25,8.003571428571425,5333125.45,Buy
47,2022-09-13T00:00:00+05:30,316.4,319.95,314.55,317.45,2729720,5.461490132901712,302.71755128572903,289.2924015792113,13.425149706517743,11.202969161476616,5.399999999999977,5.0,0.39999999999997726,5.399999999999977,7.607142857142853,5189786.0,No Signal
48,2022-09-14T00:00:00+05:30,314.0,326.3,313.45,321.4,7403185,5.695468458554076,305.59177416484766,291.67074220297343,13.921031961874235,11.74658172155614,12.850000000000023,8.850000000000023,4.0,12.850000000000023,8.210714285714285,5051019.55,Buy
49,2022-09-15T00:00:00+05:30,323.7,335.45,320.35,333.9,10952012,5.996789222854629,309.9468858317942,294.79883537312355,15.148050458670639,12.42687546897904,15.099999999999966,14.050000000000011,1.0499999999999545,15.099999999999966,8.992857142857137,5191624.8,Buy
50,2022-09-16T00:00:00+05:30,334.1,337.2,319.0,322.0,17502116,6.299140722428939,311.8012110884412,296.8137364565959,14.987474631845316,12.938995301552296,18.19999999999999,3.3000000000000114,14.899999999999977,18.19999999999999,9.67857142857142,5760376.15,Buy
51,2022-09-19T00:00:00+05:30,319.0,324.5,316.7,319.75,5285137,6.212171490290121,313.0241016902195,298.5127189412925,14.511382748926962,13.25347279102723,7.800000000000011,2.5,5.300000000000011,7.800000000000011,9.342857142857136,5814681.5,Buy
52,2022-09-20T00:00:00+05:30,321.45,328.3,321.0,326.35,3761152,5.854704765131342,315.0742398917242,300.57473976045605,14.499500131268121,13.50267825907541,7.300000000000011,8.550000000000011,1.25,8.550000000000011,9.51071428571428,5830480.15,Buy
53,2022-09-21T00:00:00+05:30,326.8,328.6,322.05,325.85,2490579,5.644488207327577,316.73204913915123,302.44698125968154,14.285067879469693,13.659156183154268,6.550000000000011,2.25,4.300000000000011,6.550000000000011,9.003571428571421,5748834.65,Buy
54,2022-09-22T00:00:00+05:30,324.85,334.85,323.9,333.85,4692235,5.36582060777663,319.36558004082025,304.77313079600145,14.592449244818795,13.845814795487174,10.950000000000045,9.0,1.9500000000000455,10.950000000000045,9.367857142857142,5829514.6,Buy
55,2022-09-23T00:00:00+05:30,334.3,336.25,323.45,326.8,5790936,4.984472282434304,320.5093369576171,306.4047507370384,14.10458622057871,13.897569080505482,12.800000000000011,2.3999999999999773,10.400000000000034,12.800000000000011,9.232142857142858,5995831.95,Buy
56,2022-09-26T00:00:00+05:30,324.8,329.75,305.45,316.3,7818158,4.630073522873611,319.86174665644523,307.13773216392445,12.72401449252078,13.662858162908542,24.30000000000001,2.9499999999999886,21.350000000000023,24.30000000000001,10.417857142857144,6117339.4,Sell
57,2022-09-27T00:00:00+05:30,319.9,330.4,313.7,327.5,8422255,3.9702823123816224,321.03686255545364,308.64604829993004,12.390814255523594,13.408449381431552,16.69999999999999,14.099999999999966,2.6000000000000227,16.69999999999999,10.917857142857144,6325808.75,Sell
58,2022-09-28T00:00:00+05:30,327.4,333.0,323.85,324.95,8067142,3.408669617817291,321.6388837007685,309.85374842586117,11.785135274907304,13.083786560126704,9.149999999999977,5.5,3.6499999999999773,9.149999999999977,11.292857142857144,6406452.3,Sell
59,2022-09-29T00:00:00+05:30,328.4,329.9,321.7,326.9,4583014,3.0249565403027523,322.44828620834255,311.1164337276492,11.331852480693328,12.73339974424003,8.199999999999989,4.949999999999989,3.25,8.199999999999989,11.485714285714286,6214306.0,Sell
60,2022-09-30T00:00:00+05:30,326.2,333.25,321.4,331.7,5038154,2.641979178070146,323.8716267916745,312.64114234041597,11.23048445125852,12.43281668564373,11.850000000000023,6.350000000000023,5.5,11.850000000000023,12.02857142857143,6254822.9,Sell
61,2022-10-03T00:00:00+05:30,333.9,346.85,331.15,336.85,11918298,2.696728062105889,325.86829959295534,314.4343910559407,11.433908537014645,12.233035055917913,15.700000000000045,15.150000000000034,0.5500000000000114,15.700000000000045,12.764285714285721,6403701.8,Sell
62,2022-10-04T00:00:00+05:30,343.45,346.2,339.0,344.25,6720246,2.7464598375080964,328.69625350173146,316.64295468142654,12.053298820304917,12.197087808795315,7.199999999999989,9.349999999999966,2.1499999999999773,9.349999999999966,12.514285714285718,6464785.9,Sell
63,2022-10-06T00:00:00+05:30,346.9,348.45,339.0,341.6,5899607,2.750485345938224,330.68144527069586,318.4916247050246,12.189820565671255,12.195634360170503,9.449999999999989,4.199999999999989,5.25,9.449999999999989,12.110714285714291,6445562.9,Sell
64,2022-10-07T00:00:00+05:30,342.5,347.1,336.1,341.35,8199248,2.692265699761973,332.3227613828965,320.1848376898376,12.137923693058895,12.184092226748183,11.0,5.5,5.5,11.0,11.596428571428577,6689032.7,Sell
65,2022-10-10T00:00:00+05:30,339.0,344.3,335.2,337.15,4647522,2.5926992466446217,333.0654134778355,321.44151637947925,11.623897098356224,12.072053201069792,9.100000000000023,2.9499999999999886,6.150000000000034,9.100000000000023,11.68928571428572,6730181.65,Sell
66,2022-10-11T00:00:00+05:30,338.8,340.45,328.7,330.35,4880031,2.4635756355491956,332.6476575581685,322.1014040550734,10.546253503095102,11.766893261474856,11.75,3.3000000000000114,8.449999999999989,11.75,11.917857142857148,6840037.35,Sell
67,2022-10-12T00:00:00+05:30,329.0,333.2,327.75,330.5,5657072,2.313313958846658,332.3172487030656,322.7235222732161,9.59372642984954,11.332259895149793,5.449999999999989,2.849999999999966,2.6000000000000227,5.449999999999989,11.839285714285719,6986404.95,Sell
68,2022-10-13T00:00:00+05:30,332.0,332.9,312.7,317.15,8894367,2.5064235676501263,329.9838258256709,322.31066877149635,7.673157054174567,10.60043932695475,20.19999999999999,2.3999999999999773,17.80000000000001,20.19999999999999,12.5,7060964.05,Sell
69,2022-10-14T00:00:00+05:30,324.0,324.0,308.6,309.75,6888593,2.919994492128395,326.87092954479846,321.3802488624966,5.490680682301843,9.578487598024168,15.399999999999977,6.850000000000023,8.549999999999955,15.399999999999977,12.685714285714283,6857793.1,Sell
70,2022-10-17T00:00:00+05:30,308.0,318.95,305.0,318.25,6195795,2.898534148819172,325.54463269175255,321.14837857638577,4.396254115366787,8.542040901492692,13.949999999999989,9.199999999999989,4.75,13.949999999999989,11.946428571428568,6292477.05,Sell
71,2022-10-18T00:00:00+05:30,320.2,326.75,316.4,323.4,6590155,2.807763872853481,325.2146892007137,321.31516534850533,3.899523852208347,7.613537491635824,10.350000000000023,8.5,1.8500000000000227,10.350000000000023,11.492857142857142,6357727.95,Sell
72,2022-10-19T00:00:00+05:30,324.6,324.7,319.25,321.2,3421116,2.8697585057748864,324.5970447082962,321.30663458194937,3.290410126346842,6.748912018578028,5.449999999999989,1.3000000000000114,4.149999999999977,5.449999999999989,11.228571428571428,6340726.15,No Signal
73,2022-10-20T00:00:00+05:30,320.0,322.85,312.25,313.7,4131192,3.1145155918707017,322.92057629163526,320.7431801684716,2.1773961231636463,5.834608839495152,10.600000000000023,1.650000000000034,8.949999999999989,10.600000000000023,11.400000000000002,6422756.8,No Signal
74,2022-10-21T00:00:00+05:30,314.0,316.5,311.0,313.6,3268543,3.2330806822873592,321.48664147753755,320.2140557115478,1.2725857659897315,4.9222042247940685,5.5,2.8000000000000114,2.6999999999999886,5.5,10.946428571428571,6351572.2,No Signal
75,2022-10-24T00:00:00+05:30,316.65,316.9,311.0,316.15,634920,3.29193557245817,320.66561971176253,319.91301454772946,0.7526051640330707,4.088284412641869,5.899999999999977,3.2999999999999545,2.6000000000000227,5.899999999999977,10.246428571428567,6093771.4,No Signal
76,2022-10-25T00:00:00+05:30,317.55,321.4,314.75,319.75,3616745,3.2098660103875347,320.52475514072216,319.90093939604577,0.6238157446763921,3.3953906790487736,6.649999999999977,5.25,1.3999999999999773,6.649999999999977,10.053571428571425,5883700.75,No Signal
77,2022-10-27T00:00:00+05:30,321.45,323.7,317.25,322.0,2871593,3.199806839431602,320.75171588830335,320.05642536670905,0.6952905215943019,2.8553706475578795,6.449999999999989,3.9499999999999886,2.5,6.449999999999989,9.83928571428571,5606167.65,No Signal
78,2022-10-28T00:00:00+05:30,322.3,323.2,319.2,322.25,2049094,3.2074091970006315,320.98222113625667,320.21891237658247,0.763308759674203,2.4369582699811443,4.0,1.1999999999999886,2.8000000000000114,4.0,9.33928571428571,5305265.25,No Signal
79,2022-10-31T00:00:00+05:30,324.4,334.65,322.5,333.8,4724142,3.1412077963608667,322.9541871152941,321.224918867206,1.7292682480880899,2.2954202656025333,12.149999999999977,12.399999999999977,0.25,12.399999999999977,9.574999999999992,5312321.65,No Signal
80,2022-11-01T00:00:00+05:30,334.85,342.65,334.5,341.4,5008887,3.211686537274218,325.79200448217193,322.719369321487,3.0726351606849107,2.450863244619009,8.149999999999977,8.849999999999966,0.6999999999999886,8.849999999999966,9.367857142857133,5310858.3,No Signal
81,2022-11-02T00:00:00+05:30,342.4,345.0,339.05,342.4,3934106,3.3001214183305296,328.34708071568394,324.1771938161917,4.169886899492269,2.7946679755936614,5.949999999999989,3.6000000000000227,2.349999999999966,5.949999999999989,9.40357142857142,4911648.7,No Signal
82,2022-11-03T00:00:00+05:30,340.8,346.75,337.5,339.95,3583707,3.233066849542226,330.13214522096337,325.3455498298071,4.786595391156254,3.19305345870618,9.25,4.350000000000023,4.899999999999977,9.25,8.621428571428563,4754821.75,No Signal
83,2022-11-04T00:00:00+05:30,340.65,344.1,333.55,334.75,4917535,3.1679742462747185,330.84258441773824,326.0421757683399,4.800408649398321,3.5145244968446083,10.550000000000011,4.150000000000034,6.399999999999977,10.550000000000011,8.274999999999993,4705718.15,No Signal
84,2022-11-07T00:00:00+05:30,337.0,345.75,335.35,343.75,4724936,3.1401444239151233,332.8283406611631,327.3538664521666,5.474474208996526,3.906514439274992,10.399999999999977,11.0,0.6000000000000227,11.0,8.064285714285708,4532002.55,No Signal
85,2022-11-09T00:00:00+05:30,346.5,346.6,336.15,337.5,6191417,3.2037282447313706,333.54705748252263,328.10543190015426,5.441625582368374,4.213536667893669,10.450000000000045,2.8500000000000227,7.600000000000023,10.450000000000045,8.071428571428568,4609197.3,No Signal
86,2022-11-10T00:00:00+05:30,337.0,344.2,331.85,338.7,6333421,3.2839020720088166,334.33981786982685,328.89021472236504,5.449603147461801,4.460749963807295,12.349999999999966,6.699999999999989,5.649999999999977,12.349999999999966,8.564285714285708,4681866.8,No Signal
87,2022-11-11T00:00:00+05:30,349.0,349.0,308.65,315.35,30426885,3.610051997859825,331.418307428315,327.8872358540417,3.5310715742733123,4.274814285900499,40.35000000000002,10.300000000000011,30.05000000000001,40.35000000000002,10.689285714285708,5920357.45,Sell
88,2022-11-14T00:00:00+05:30,316.3,317.2,304.3,312.65,13351839,3.7151865232967665,328.5308755162666,326.75855171670526,1.7723237995613204,3.7743161886326635,12.899999999999977,1.849999999999966,11.050000000000011,12.899999999999977,11.217857142857136,6143231.05,Sell
89,2022-11-15T00:00:00+05:30,314.0,316.55,308.95,312.0,5724460,3.672934854133161,325.9876638983794,325.665325663616,0.3223382347634356,3.083920597858818,7.600000000000023,3.900000000000034,3.6999999999999886,7.600000000000023,11.33928571428571,6085024.4,Sell
90,2022-11-16T00:00:00+05:30,313.7,321.95,304.45,310.3,11959022,3.8277308340271876,323.5741771447826,324.52715339223704,-0.9529762474544441,2.2765412287961655,17.5,9.949999999999989,7.550000000000011,17.5,12.114285714285712,6373185.75,Sell
91,2022-11-17T00:00:00+05:30,311.0,317.8,306.65,315.6,9813527,3.8289731969154235,322.3473806609699,323.86588277058985,-1.5185021096199307,1.5175325611129464,11.150000000000034,7.5,3.650000000000034,11.150000000000034,12.450000000000001,6534354.35,Sell
92,2022-11-18T00:00:00+05:30,317.9,320.45,312.45,313.9,6961156,3.9260087698555637,321.04778363620534,323.12766923202764,-2.0798855958223044,0.7980489297258964,8.0,4.849999999999966,3.150000000000034,8.0,12.735714285714286,6711356.35,Sell
93,2022-11-21T00:00:00+05:30,314.2,318.25,313.0,316.5,5710112,3.8559996555573286,320.3481246152507,322.63673077039596,-2.28860615514526,0.18071791275166513,5.25,4.350000000000023,0.8999999999999773,5.25,12.225000000000003,6790302.35,Sell
94,2022-11-22T00:00:00+05:30,317.95,320.3,314.3,318.3,4820258,3.7746208888000043,320.03302852059676,322.31549145407035,-2.282462933473596,-0.3119182564933871,6.0,3.8000000000000114,2.1999999999999886,6.0,12.021428571428576,6867888.1,Sell
95,2022-11-23T00:00:00+05:30,320.35,320.35,316.65,318.3,4491999,3.750342261229273,319.76640874819725,322.01804764265773,-2.251638894460484,-0.6998623840868066,3.7000000000000455,2.0500000000000114,1.650000000000034,3.7000000000000455,11.860714285714295,7060742.05,Sell
96,2022-11-24T00:00:00+05:30,319.0,319.85,315.1,317.75,5245090,3.7752640246208586,319.45619201770535,321.70189596542383,-2.245703947718482,-1.0090306968131417,4.75,1.5500000000000114,3.1999999999999886,4.75,11.539285714285723,7142159.3,Sell
97,2022-11-25T00:00:00+05:30,319.4,324.25,318.55,322.0,5360922,3.7254352292648383,319.8475470919045,321.7239777457628,-1.8764306538582787,-1.1825106882221692,5.699999999999989,6.5,0.8000000000000114,6.5,11.250000000000009,7266625.75,Sell
98,2022-11-28T00:00:00+05:30,321.85,327.0,319.3,325.85,6391422,3.67463795119429,320.7710013854577,322.02960902385445,-1.258607638396768,-1.197730078257089,7.699999999999989,5.0,2.6999999999999886,7.699999999999989,11.014285714285721,7483742.15,Sell
99,2022-11-29T00:00:00+05:30,325.5,326.25,315.05,316.2,4642069,3.7891676688880422,320.0677704030796,321.59778613319855,-1.5300157301189756,-1.2641872086294663,11.199999999999989,0.39999999999997726,10.800000000000011,11.199999999999989,11.067857142857147,7479638.5,Sell
100,2022-11-30T00:00:00+05:30,317.2,325.2,316.3,321.65,116361726,3.5208176046919273,320.31119034106734,321.6016538270357,-1.2904634859683597,-1.269442464097245,8.899999999999977,9.0,0.10000000000002274,9.0,10.828571428571435,13047280.45,Sell
101,2022-12-01T00:00:00+05:30,321.5,324.9,318.7,324.0,5235617,3.220838357579011,320.87869951936466,321.77930909910714,-0.9006095797424791,-1.1956758872262918,6.199999999999989,3.25,2.9499999999999886,6.199999999999989,8.389285714285718,13112356.0,No Signal
102,2022-12-02T00:00:00+05:30,324.5,326.75,322.5,324.55,2540372,2.969408120393939,321.44351497792394,321.9845454621362,-0.5410304842122855,-1.0647468066234906,4.25,2.75,1.5,4.25,7.771428571428577,13060189.25,No Signal
103,2022-12-05T00:00:00+05:30,325.85,326.35,321.1,324.25,2843667,2.8311787752378232,321.8752819043972,322.1523569093854,-0.27707500498820536,-0.9072124462964336,5.25,1.8000000000000114,3.4499999999999886,5.25,7.603571428571432,12956495.85,No Signal
104,2022-12-06T00:00:00+05:30,323.6,328.85,321.55,327.95,3795855,2.355550962540438,322.8098539191053,322.5818119531346,0.2280419659707036,-0.6801615638430062,7.300000000000011,4.600000000000023,2.6999999999999886,7.300000000000011,6.875000000000004,12910041.8,No Signal
105,2022-12-07T00:00:00+05:30,328.0,329.9,323.3,325.15,1917604,2.072640823932203,323.1698763930891,322.7720481047543,0.39782828833483563,-0.46456359340743786,6.599999999999966,1.9499999999999886,4.649999999999977,6.599999999999966,6.549999999999999,12696351.15,No Signal
106,2022-12-08T00:00:00+05:30,325.85,328.55,324.7,327.1,1866192,1.6567774751296258,323.7745107941523,323.09263713403175,0.6818736601205728,-0.23527614270183575,3.8500000000000227,3.400000000000034,0.44999999999998863,3.8500000000000227,6.253571428571429,12472989.7,No Signal
107,2022-12-09T00:00:00+05:30,327.9,332.0,323.25,330.1,3529037,1.7626279488582905,324.7476629796673,323.6117010500294,1.135961929637915,0.03897147176611442,8.75,4.899999999999977,3.8500000000000227,8.75,6.503571428571429,11128097.3,No Signal
108,2022-12-12T00:00:00+05:30,330.0,334.7,328.0,332.85,4086309,1.8566792825133178,325.99417636741083,324.29601949076795,1.6981568766428836,0.3708085527414683,6.699999999999989,4.599999999999966,2.1000000000000227,6.699999999999989,6.553571428571429,10664820.8,No Signal
109,2022-12-13T00:00:00+05:30,333.5,334.8,325.55,327.6,3005154,1.8117542538790494,326.24122615703993,324.5407587877481,1.7004673692918573,0.6367403160515461,9.25,1.9499999999999886,7.300000000000011,9.25,6.949999999999997,10528855.5,No Signal
110,2022-12-14T00:00:00+05:30,329.35,334.1,328.55,333.5,4038800,1.7375644960685566,327.3579605944184,325.2044062849519,2.1535543094664718,0.9401031147345313,5.550000000000011,6.5,0.9499999999999886,6.5,7.074999999999997,10132844.4,No Signal
111,2022-12-15T00:00:00+05:30,333.95,335.9,331.5,333.25,3161518,1.778287643400215,328.2644281952771,325.8003761897703,2.464052005506801,1.2448928928889853,4.399999999999977,2.3999999999999773,2.0,4.399999999999977,6.924999999999995,9800243.95,No Signal
112,2022-12-16T00:00:00+05:30,331.75,334.25,325.85,327.15,4900178,1.667462582620562,328.092977703696,325.9003483238614,2.1926293798346137,1.434440190278111,8.399999999999977,1.0,7.399999999999977,8.399999999999977,6.974999999999994,9697195.05,No Signal
113,2022-12-19T00:00:00+05:30,327.15,328.4,320.25,326.8,3337005,1.5654438675781484,327.89405805697356,325.9669891887606,1.9270688682129844,1.5329659258650856,8.149999999999977,1.25,6.899999999999977,8.149999999999977,6.757142857142851,9578539.7,No Signal
114,2022-12-20T00:00:00+05:30,326.0,328.35,320.4,324.6,3438055,1.4956828664882431,327.3872798943622,325.8657307303339,1.521549164028329,1.5306825734977343,7.9500000000000455,1.5500000000000114,6.400000000000034,7.9500000000000455,6.682142857142854,9509429.55,No Signal
115,2022-12-21T00:00:00+05:30,326.2,327.2,304.8,309.45,6052593,1.8904462570379112,324.6276983721526,324.6497506762351,-0.022052304082478713,1.2201355979816917,22.399999999999977,2.599999999999966,19.80000000000001,22.399999999999977,7.83928571428571,9587459.25,No Signal
116,2022-12-22T00:00:00+05:30,309.0,312.15,294.8,304.05,9372693,2.42107189902141,321.4618986225907,323.1238432187362,-1.6619445961455312,0.6437195591562471,17.349999999999966,2.6999999999999886,14.649999999999977,17.349999999999966,8.774999999999993,9793839.4,Sell
117,2022-12-23T00:00:00+05:30,298.0,302.35,294.85,299.5,8489072,3.081767092176428,318.08314498834596,321.37392890623727,-3.2907839178913036,-0.14318113625326306,7.5,1.6999999999999886,9.199999999999989,9.199999999999989,9.05714285714285,9950246.9,Sell
118,2022-12-26T00:00:00+05:30,296.0,315.8,295.25,314.35,7047506,2.995864976732104,317.5088149901389,320.8536378761456,-3.344822886006739,-0.7835094862039583,20.55000000000001,16.30000000000001,4.25,20.55000000000001,10.003571428571421,9983051.1,Sell
119,2022-12-27T00:00:00+05:30,316.5,318.2,310.5,314.45,2856109,3.017635930870674,317.03822806857903,320.3792943297645,-3.3410662611854605,-1.2950208412002588,7.699999999999989,3.849999999999966,3.8500000000000227,7.699999999999989,10.082142857142852,9893753.1,Sell
120,2022-12-28T00:00:00+05:30,314.0,317.15,308.0,316.1,4590662,3.036752889256068,316.89388528879766,320.0623095645968,-3.1684242757991115,-1.6697015281200294,9.149999999999977,2.6999999999999886,6.449999999999989,9.149999999999977,10.460714285714277,4305199.9,Sell
121,2022-12-29T00:00:00+05:30,313.0,315.9,310.6,313.65,4182789,3.118787863736194,316.394826013598,319.58732367092296,-3.1924976573249637,-1.9742607539610164,5.2999999999999545,0.20000000000004547,5.5,5.5,10.228571428571419,4252558.5,Sell
122,2022-12-30T00:00:00+05:30,315.25,321.0,313.1,318.65,4873538,3.0705725196246236,316.74177585765983,319.51789228789164,-2.7761164302318093,-2.134631889215175,7.899999999999977,7.350000000000023,0.5499999999999545,7.899999999999977,10.314285714285704,4369216.8,Sell
123,2023-01-02T00:00:00+05:30,318.65,320.25,315.95,317.2,2021729,3.0920571425538705,316.8122718795583,319.34619656286264,-2.533924683304349,-2.21449044803301,4.300000000000011,1.6000000000000227,2.6999999999999886,4.300000000000011,9.960714285714277,4328119.9,Sell
124,2023-01-03T00:00:00+05:30,317.2,321.15,316.4,320.2,1658599,3.0226052597806334,317.3334608211647,319.4094412619099,-2.075980440745184,-2.1867884465754446,4.75,3.9499999999999886,0.8000000000000114,4.75,9.835714285714277,4221257.1,Buy
125,2023-01-04T00:00:00+05:30,319.85,321.25,313.4,314.6,1967718,3.0881715252906874,316.91292838713935,319.0531863536203,-2.140257966480931,-2.177482350556542,7.850000000000023,1.0500000000000114,6.800000000000011,7.850000000000023,10.082142857142852,4223762.8,Buy
126,2023-01-05T00:00:00+05:30,315.75,316.0,309.65,314.45,2130168,3.0714206531994024,316.5340163275794,318.71220958668545,-2.178193259106024,-2.1776245322664383,6.350000000000023,1.3999999999999773,4.9500000000000455,6.350000000000023,9.935714285714283,4236961.6,Sell
127,2023-01-06T00:00:00+05:30,314.4,315.4,306.7,310.3,1970194,3.0750663900634083,315.5749368925672,318.0890829506347,-2.5141460580674675,-2.2449288374266443,8.699999999999989,0.9499999999999886,7.75,8.699999999999989,9.974999999999998,4159019.45,Sell
128,2023-01-09T00:00:00+05:30,311.55,315.75,310.7,314.55,2758554,2.850797284591725,315.41725429371076,317.8269286579951,-2.409674364284342,-2.277877942798184,5.050000000000011,5.449999999999989,0.39999999999997726,5.449999999999989,9.796428571428565,4092631.7,Sell
129,2023-01-10T00:00:00+05:30,314.55,314.6,307.05,310.35,2375876,2.833832519973977,314.637676710063,317.2730820907362,-2.6354053806732054,-2.3493834303731886,7.550000000000011,0.05000000000001137,7.5,7.550000000000011,8.735714285714282,4061167.8,No Signal
130,2023-01-11T00:00:00+05:30,310.4,314.15,308.7,310.35,1666652,2.5694541090048406,313.97803413928403,316.7602611951261,-2.7822270558420428,-2.4359521554669596,5.449999999999989,3.7999999999999545,1.650000000000034,5.449999999999989,7.885714285714284,3942560.4,No Signal
131,2023-01-12T00:00:00+05:30,312.0,312.6,308.1,309.8,3779647,2.2308381561387662,313.33525965631725,316.2446862917834,-2.9094266354661613,-2.5306470514668002,4.5,2.25,2.25,4.5,7.549999999999999,3973466.85,No Signal
132,2023-01-13T00:00:00+05:30,309.95,312.45,307.3,309.35,4475889,2.0433214711380465,312.7221427861146,315.73396878868834,-3.0118260025737413,-2.6268828416881886,5.149999999999977,2.6499999999999773,2.5,5.149999999999977,6.449999999999997,3952252.4,No Signal
133,2023-01-16T00:00:00+05:30,309.35,311.45,303.45,305.3,2156472,1.889547315866975,311.5802746651739,314.9610822117485,-3.3808075465746015,-2.777667782665471,8.0,2.099999999999966,5.900000000000034,8.0,6.471428571428569,3893225.75,No Signal
134,2023-01-17T00:00:00+05:30,305.55,309.85,303.55,309.4,1980442,1.6343791769438305,311.24484779360864,314.5491501960634,-3.3043024024547663,-2.88299470662333,6.300000000000011,4.550000000000011,1.75,6.300000000000011,6.267857142857143,3820345.1,No Signal
135,2023-01-18T00:00:00+05:30,309.4,309.5,302.9,303.8,3500225,1.7592928863892878,310.09948659459195,313.75291684820684,-3.6534302536148857,-3.0370818160216415,6.600000000000023,0.10000000000002274,6.5,6.600000000000023,6.346428571428573,3692726.7,No Signal
136,2023-01-19T00:00:00+05:30,303.0,305.65,297.7,299.7,6648466,1.9148171082460246,308.49956558003936,312.711960044636,-4.212394464596628,-3.272144345736639,7.949999999999989,1.849999999999966,6.100000000000023,7.949999999999989,6.350000000000002,3556515.35,No Signal
137,2023-01-20T00:00:00+05:30,300.7,301.2,293.75,295.55,2965885,2.1026960686497884,306.50732472157176,311.4407037450333,-4.933379023461555,-3.604391281281622,7.449999999999989,1.5,5.949999999999989,7.449999999999989,6.575000000000001,3280356.0,No Signal
138,2023-01-23T00:00:00+05:30,295.55,299.45,295.05,298.05,1550982,2.2838881450714754,305.20619784133,310.44879976391974,-5.242601922589756,-3.932033409543249,4.399999999999977,3.8999999999999773,0.5,4.399999999999977,6.549999999999999,3005529.8,No Signal
139,2023-01-24T00:00:00+05:30,299.0,301.45,296.3,300.65,1928448,2.347596468848865,304.50524432727923,309.72296274437014,-5.217718417090907,-4.189170411052781,5.149999999999977,3.3999999999999773,1.75,5.149999999999977,6.357142857142853,2959146.75,No Signal
140,2023-01-25T00:00:00+05:30,301.35,302.0,288.85,291.45,3868054,2.7305205163680335,302.4967452000055,308.36940994849084,-5.872664748485363,-4.5258692785392975,13.149999999999977,1.3500000000000227,11.799999999999955,13.149999999999977,6.842857142857135,2923016.35,No Signal
141,2023-01-27T00:00:00+05:30,292.15,293.35,280.05,286.45,2707115,3.222313580850574,300.0280151692354,306.7457499523063,-6.7177347830709095,-4.96424237944562,13.300000000000011,1.900000000000034,11.399999999999977,13.300000000000011,7.1714285714285655,2849232.65,No Signal
142,2023-01-30T00:00:00+05:30,287.95,297.3,286.1,291.3,6765564,3.2400659738597613,298.68524360473765,305.60162032620957,-6.91637672147192,-5.354669247850881,11.199999999999989,10.850000000000023,0.3499999999999659,11.199999999999989,7.582142857142851,2943833.95,No Signal
143,2023-01-31T00:00:00+05:30,292.55,305.0,290.75,301.0,12635485,3.0174251894427218,299.04135997323954,305.2607595613052,-6.219399588065642,-5.527615315893833,14.25,13.699999999999989,0.5500000000000114,14.25,8.06071428571428,3474521.75,Sell
144,2023-02-01T00:00:00+05:30,318.0,330.45,310.2,326.7,29448497,2.985287245749058,303.2965353619719,306.84885144565294,-3.552316083681035,-5.132555469451273,20.25,29.44999999999999,9.199999999999989,29.44999999999999,9.774999999999993,4864016.65,Buy
145,2023-02-02T00:00:00+05:30,322.0,327.9,313.3,318.0,7762880,3.1301240782063906,305.55860684474544,307.67486244967864,-2.116255604933201,-4.529295496547659,14.599999999999966,1.1999999999999886,13.399999999999977,14.599999999999966,10.496428571428563,5153774.75,Buy
146,2023-02-03T00:00:00+05:30,318.0,320.4,313.7,318.25,3399231,3.195927291613764,307.51112886863075,308.45820597192466,-0.9470771032939069,-3.812851817896909,6.699999999999989,2.3999999999999773,4.300000000000011,6.699999999999989,10.607142857142849,5217227.9,Buy
147,2023-02-06T00:00:00+05:30,318.25,319.7,311.15,314.75,3216508,3.28154913739274,308.62480135037987,308.92426478881913,-0.29946343843926115,-3.1101741420053797,8.550000000000011,1.4499999999999886,7.100000000000023,8.550000000000011,10.646428571428563,5279543.6,Buy
148,2023-02-07T00:00:00+05:30,314.75,317.45,311.25,316.45,2319895,3.293509247965297,309.828678065706,309.48172665631404,0.346951409391977,-2.4187490317259086,6.199999999999989,2.6999999999999886,3.5,6.199999999999989,10.639285714285705,5257610.65,Buy
149,2023-02-08T00:00:00+05:30,317.45,320.0,314.0,318.45,3828635,3.378562990068109,311.1550352863666,310.14604320029076,1.0089920860758639,-1.733200808165554,6.0,3.5500000000000114,2.4499999999999886,6.0,10.59642857142856,5330248.6,Buy
150,2023-02-09T00:00:00+05:30,319.0,322.1,317.6,319.65,2454873,3.485168924183694,312.4619529346179,310.85004000026925,1.611912934348652,-1.0641780596627128,4.5,3.650000000000034,0.8499999999999659,4.5,10.34999999999999,5369659.65,Buy
151,2023-02-10T00:00:00+05:30,318.75,325.0,318.05,323.75,2013698,3.6335904107771766,314.19857556006133,311.8055925928419,2.3929829672194387,-0.37274585428628254,6.949999999999989,5.350000000000023,1.599999999999966,6.949999999999989,10.314285714285704,5281362.2,Buy
152,2023-02-13T00:00:00+05:30,323.75,323.9,316.05,317.4,1552198,3.7712320983460974,314.69110239697494,312.21999314152026,2.471109255454678,0.19602516766190958,7.849999999999966,0.14999999999997726,7.699999999999989,7.849999999999966,10.560714285714274,5135177.65,Buy
153,2023-02-14T00:00:00+05:30,317.4,318.15,310.6,314.25,2393767,3.83087120446851,314.623240489748,312.37036401992617,2.2528764698218424,0.6073954280938962,7.5499999999999545,0.75,6.7999999999999545,7.5499999999999545,10.732142857142845,5147042.4,Buy
154,2023-02-15T00:00:00+05:30,312.7,317.45,311.65,315.05,1353334,3.8510846792864957,314.68889579901753,312.56885557400574,2.120040225011792,0.9099243874774754,5.800000000000011,3.1999999999999886,2.6000000000000227,5.800000000000011,10.207142857142847,5115687.0,Buy
155,2023-02-16T00:00:00+05:30,316.6,323.4,316.05,321.95,3051073,3.862478377116267,315.80598875301484,313.2637551611164,2.542233591898423,1.2363862283616651,7.349999999999966,8.349999999999966,1.0,8.349999999999966,9.853571428571415,5093229.4,Buy
156,2023-02-17T00:00:00+05:30,322.0,325.0,317.05,318.1,1755117,3.8846672889295775,316.1589135602433,313.62199551955223,2.5369180406910914,1.4964925908275504,7.949999999999989,3.0500000000000114,4.899999999999977,7.949999999999989,9.621428571428558,4848561.95,Buy
157,2023-02-20T00:00:00+05:30,318.8,319.9,314.2,314.75,1122331,3.7752850470725554,315.9421576278982,313.7055514069928,2.2366062209054007,1.6445153168431206,5.699999999999989,1.7999999999999545,3.900000000000034,5.699999999999989,9.010714285714272,4756384.25,No Signal
158,2023-02-21T00:00:00+05:30,316.0,316.7,308.7,309.85,2178497,3.7034390119951035,315.0049026082216,313.4199550064748,1.5849476017467623,1.632601773823849,8.0,1.9499999999999886,6.050000000000011,8.0,7.478571428571415,4787760.0,No Signal
159,2023-02-22T00:00:00+05:30,308.0,309.85,298.2,299.6,4232835,3.848997295620714,312.6349175915721,312.3962546356248,0.2386629559472908,1.3538140102485374,11.650000000000034,0.0,11.650000000000034,11.650000000000034,7.267857142857134,4902979.35,No Signal
160,2023-02-23T00:00:00+05:30,301.1,309.8,300.0,308.3,4408387,3.416989831623645,311.9680071928687,312.0928283663193,-0.12482117345058441,1.058086973508713,9.800000000000011,10.199999999999989,0.39999999999997726,10.199999999999989,7.517857142857134,4929996.0,No Signal
161,2023-02-24T00:00:00+05:30,309.45,314.4,308.15,309.6,3867681,2.774891613965839,311.60369839396583,311.9081744132586,-0.30447601929279244,0.785574374948412,6.25,6.099999999999966,0.1500000000000341,6.25,7.35357142857142,4988024.3,No Signal
162,2023-02-27T00:00:00+05:30,310.1,318.0,307.45,315.1,2772486,2.1434323924906193,312.1415909487403,312.1446059382024,-0.0030149894620876694,0.627856502066312,10.550000000000011,8.399999999999977,2.150000000000034,10.550000000000011,7.664285714285707,4788370.4,No Signal
163,2023-02-28T00:00:00+05:30,316.45,318.35,308.7,310.75,6413231,1.929521381669617,311.9275000335495,312.04130179463186,-0.11380176108235673,0.4795248494365783,9.650000000000034,3.25,6.400000000000034,9.650000000000034,7.924999999999995,4477257.7,No Signal
164,2023-03-01T00:00:00+05:30,312.0,316.9,309.35,315.0,1756767,1.7109252622721147,312.40019233608035,312.2604646246591,0.1397277114212443,0.4115654218335115,7.5499999999999545,6.149999999999977,1.3999999999999773,7.5499999999999545,8.142857142857135,3092671.2,No Signal
165,2023-03-02T00:00:00+05:30,315.8,318.5,313.65,315.1,1906846,1.6952835097420307,312.81554736129874,312.47080057838804,0.34474678291070404,0.39820169404895006,4.850000000000023,3.5,1.3500000000000227,4.850000000000023,7.9928571428571376,2799869.5,No Signal
166,2023-03-03T00:00:00+05:30,316.05,320.0,315.5,318.05,2451605,1.6774824525113523,313.62084776725277,312.88407460961855,0.736773157634218,0.46591598676600365,4.5,4.899999999999977,0.39999999999997726,4.899999999999977,7.782142857142852,2752488.2,No Signal
167,2023-03-06T00:00:00+05:30,319.3,322.5,317.3,319.25,2869857,1.7000245914756222,314.48687118767543,313.3556246385357,1.131246549139746,0.5989820992407522,5.199999999999989,4.449999999999989,0.75,5.199999999999989,7.614285714285712,2735155.65,No Signal
168,2023-03-08T00:00:00+05:30,319.7,327.75,318.05,327.0,2308271,1.8503190050654192,316.41196792803305,314.36631910975524,2.0456488182778116,0.8883154430481641,9.699999999999989,8.5,1.1999999999999886,9.699999999999989,7.892857142857139,2734574.45,No Signal
169,2023-03-09T00:00:00+05:30,327.2,330.7,321.05,321.8,3685553,1.920480431550183,317.24089593910486,314.91696213866226,2.323933800442603,1.175439114527052,9.649999999999977,3.6999999999999886,5.949999999999989,9.649999999999977,7.985714285714282,2727420.35,No Signal
170,2023-03-10T00:00:00+05:30,321.5,321.5,313.4,317.35,1983091,1.9297859026723783,317.2576811792426,315.097187165428,2.1604940138145707,1.372450094384556,8.100000000000023,0.30000000000001137,8.400000000000034,8.400000000000034,8.017857142857142,2703831.25,No Signal
171,2023-03-13T00:00:00+05:30,317.35,318.3,310.55,312.15,2251942,1.8757260185988092,316.47188407474374,314.8788770050259,1.593007069717828,1.4165614894512104,7.75,0.9499999999999886,6.800000000000011,7.75,8.164285714285715,2715743.45,No Signal
172,2023-03-14T00:00:00+05:30,312.1,316.75,306.7,315.65,2813465,1.8471930113966348,316.345440370937,314.9359972268758,1.4094431440611856,1.4151378203732055,10.050000000000011,4.600000000000023,5.449999999999989,10.050000000000011,8.310714285714287,2778806.8,No Signal
173,2023-03-15T00:00:00+05:30,317.0,318.95,314.0,315.65,1572618,1.847122947085604,316.238449544639,314.9888863211813,1.2495632234576988,1.3820229009901042,4.949999999999989,3.3000000000000114,1.6499999999999773,4.949999999999989,7.8321428571428555,2737749.35,No Signal
174,2023-03-16T00:00:00+05:30,313.15,321.9,312.15,320.9,2239532,1.8628325502279022,316.9556111531561,315.4267465936864,1.528864559469696,1.4113912326860225,9.75,6.25,3.5,9.75,7.799999999999999,2782059.25,No Signal
175,2023-03-17T00:00:00+05:30,322.55,324.2,319.05,321.85,3180827,1.8555256396862296,317.70859405267055,315.90254314230225,1.806050910368299,1.4903231682224778,5.149999999999977,3.3000000000000114,1.849999999999966,5.149999999999977,7.721428571428569,2788546.95,No Signal
176,2023-03-20T00:00:00+05:30,324.4,324.4,311.45,315.1,1947813,1.8836173012151882,317.30727189072127,315.8430955021317,1.4641763885895784,1.4850938122958979,12.949999999999989,2.5499999999999545,10.400000000000034,12.949999999999989,7.892857142857139,2798181.75,Sell
177,2023-03-21T00:00:00+05:30,316.7,319.9,315.95,317.85,1793807,1.8766592062952032,317.390768522918,315.9917550945664,1.3990134283516227,1.467877735507043,3.9499999999999886,4.7999999999999545,0.8499999999999659,4.7999999999999545,7.546428571428562,2831755.55,No Signal
178,2023-03-22T00:00:00+05:30,318.85,319.75,312.65,315.1,1524894,1.849142012267746,317.03834259631526,315.9256991616355,1.1126434346797396,1.3968308753415823,7.100000000000023,1.8999999999999773,5.2000000000000455,7.100000000000023,7.51428571428571,2799075.4,No Signal
179,2023-03-23T00:00:00+05:30,315.05,318.3,313.4,314.05,1778728,1.4282057055406228,316.57859758149755,315.7867584829959,0.7918390985016686,1.2758325199735996,4.900000000000034,3.1999999999999886,1.7000000000000455,4.900000000000034,7.517857142857139,2676370.05,No Signal
180,2023-03-24T00:00:00+05:30,314.0,315.95,309.4,310.45,1383676,1.3870646928048747,315.6357364151133,315.391443039811,0.24429337530227713,1.0695246910393352,6.550000000000011,1.8999999999999773,4.650000000000034,6.550000000000011,7.635714285714284,2525134.5,No Signal
181,2023-03-27T00:00:00+05:30,310.45,311.8,303.0,304.95,2877301,1.5708242468806723,313.9917769666343,314.6180028146398,-0.6262258480055038,0.7303745832303674,8.800000000000011,1.3500000000000227,7.449999999999989,8.800000000000011,7.892857142857143,2475615.5,Sell
182,2023-03-28T00:00:00+05:30,306.5,313.5,302.1,312.1,3338815,1.560810016182744,313.70073435638284,314.4314840876294,-0.7307497312465898,0.438149720334976,11.399999999999977,8.550000000000011,2.849999999999966,11.399999999999977,8.014285714285714,2503931.95,Sell
183,2023-03-29T00:00:00+05:30,312.0,319.8,310.0,319.05,3193015,1.4894623778296876,314.5236983015547,314.77359637743467,-0.24989807587996893,0.30054016109198706,9.800000000000011,7.699999999999989,2.1000000000000227,9.800000000000011,8.025000000000002,2342921.15,Sell
184,2023-03-31T00:00:00+05:30,320.5,326.8,318.85,324.0,3928029,1.5520571602031954,315.9815908705463,315.4570336828099,0.5245571877364341,0.3453435664208765,7.949999999999989,7.75,0.19999999999998863,7.949999999999989,7.992857142857141,2451484.25,Buy
185,2023-04-03T00:00:00+05:30,324.8,325.0,319.15,321.05,4348458,1.5866743605675606,316.7613461212315,315.8713274840832,0.8900186371482732,0.45427858056635584,5.850000000000023,1.0,4.850000000000023,5.850000000000023,7.857142857142857,2573564.85,Buy
186,2023-04-05T00:00:00+05:30,320.0,324.65,318.1,323.9,2016411,1.6396122833097764,317.859600564119,316.4660439667437,1.393556597375266,0.6421341839281378,6.5499999999999545,3.599999999999966,2.9499999999999886,6.5499999999999545,7.607142857142853,2551805.15,No Signal
187,2023-04-06T00:00:00+05:30,323.9,330.3,322.55,326.75,3879248,1.7428209346577672,319.2273543234853,317.22781848772564,1.9995358357596729,0.9136145142944448,7.75,6.400000000000034,1.349999999999966,7.75,7.807142857142854,2602274.7,No Signal
188,2023-04-10T00:00:00+05:30,327.5,332.25,324.65,328.0,3405709,1.7631330760884838,320.5769921198722,318.02575785900524,2.551234260866977,1.2411384636089513,7.600000000000023,5.5,2.1000000000000227,7.600000000000023,7.653571428571427,2657146.6,No Signal
189,2023-04-11T00:00:00+05:30,328.9,330.5,324.7,327.35,4266549,1.8649827773222185,321.6189933321996,318.71644246204187,2.902550870157711,1.5734209449187033,5.800000000000011,2.5,3.3000000000000114,5.800000000000011,7.700000000000001,2686196.4,No Signal
190,2023-04-12T00:00:00+05:30,327.4,331.85,325.25,330.75,2710012,2.03050456670299,323.0237635887843,319.6078170944832,3.4159464943010676,1.9419260547951762,6.600000000000023,4.5,2.1000000000000227,6.600000000000023,7.2464285714285745,2722542.45,No Signal
191,2023-04-13T00:00:00+05:30,331.7,333.1,325.45,328.05,3139910,2.0800000467453614,323.7970307289713,320.23316397637336,3.56386675259796,2.2663141943557332,7.650000000000034,2.3500000000000227,5.300000000000011,7.650000000000034,7.450000000000009,2766940.85,No Signal
192,2023-04-17T00:00:00+05:30,327.5,333.5,326.25,332.45,3573693,2.202965453986219,325.12825677066803,321.1381147929383,3.9901419777297065,2.611079751030528,7.25,5.449999999999989,1.8000000000000114,7.25,7.460714285714293,2804952.25,No Signal
193,2023-04-18T00:00:00+05:30,334.0,334.4,326.5,330.4,2741841,2.285775586219654,325.93929419056525,321.8241803638318,4.115113826733477,2.911886566171118,7.899999999999977,1.9499999999999886,5.949999999999989,7.899999999999977,7.675000000000003,2863413.4,No Signal
194,2023-04-19T00:00:00+05:30,332.45,334.95,328.65,330.55,2357509,2.3701924585341763,326.6486335458629,322.4705373739183,4.17809617194456,3.1651284873258065,6.300000000000011,4.550000000000011,1.75,6.300000000000011,7.65714285714286,2869312.25,No Signal
195,2023-04-20T00:00:00+05:30,330.55,336.25,329.6,335.1,2903545,2.5036367207391135,327.9488437695763,323.40605312399845,4.542790645577838,3.440660918976213,6.649999999999977,5.699999999999989,0.9499999999999886,6.649999999999977,7.503571428571429,2855448.15,No Signal
196,2023-04-21T00:00:00+05:30,337.0,338.6,333.15,336.75,3418976,2.6108614411301665,329.3028678050261,324.3944936333319,4.90837417169422,3.734203569519815,5.4500000000000455,3.5,1.9500000000000455,5.4500000000000455,7.0785714285714345,2929006.3,No Signal
197,2023-04-24T00:00:00+05:30,336.75,339.9,330.95,339.0,2999129,2.755205127948145,330.79473429656053,325.47638299382584,5.318351302734698,4.051033116162792,8.949999999999989,3.1499999999999773,5.800000000000011,8.949999999999989,7.017857142857147,2989272.4,No Signal
198,2023-04-25T00:00:00+05:30,338.45,341.0,337.55,338.85,1573448,2.8301353083320975,332.0340059432435,326.4670212905795,5.5669846526640185,4.354223423463037,3.4499999999999886,2.0,1.4499999999999886,3.4499999999999886,6.696428571428576,2991700.1,No Signal
199,2023-04-26T00:00:00+05:30,340.0,345.8,339.45,340.95,4497928,2.8620662341736485,333.40569733659066,327.5398345283144,5.86586280827629,4.656551300425688,6.350000000000023,6.949999999999989,0.5999999999999659,6.949999999999989,6.775000000000001,3127660.1,No Signal
200,2023-04-27T00:00:00+05:30,342.0,343.4,336.65,340.0,3883042,2.748602731067016,334.4202054386536,328.4628097484392,5.957395690214412,4.916720178383433,6.75,2.4499999999999886,4.300000000000011,6.75,6.789285714285719,3252628.4,No Signal
201,2023-04-28T00:00:00+05:30,348.0,348.0,336.6,339.1,13144055,2.3030167668712673,335.1401738327069,329.25074976707333,5.889424065633591,5.111260955833465,11.399999999999977,8.0,3.3999999999999773,11.399999999999977,7.050000000000003,3765966.1,No Signal
202,2023-05-02T00:00:00+05:30,342.2,350.6,340.3,347.45,9032408,2.155529494348405,337.0339932430597,330.5988423769198,6.435150866139907,5.376038937894754,10.300000000000011,11.5,1.1999999999999886,11.5,7.32857142857143,4050645.75,No Signal
203,2023-05-03T00:00:00+05:30,348.4,363.0,346.8,354.9,13208635,2.383862958814901,339.7826096672043,332.39892812677755,7.383681540426778,5.777567458401159,16.19999999999999,15.550000000000011,0.6499999999999773,16.19999999999999,8.071428571428571,4551426.75,Buy
204,2023-05-04T00:00:00+05:30,357.2,359.5,352.5,357.2,4601660,2.693313657793129,342.46220817994214,334.2360445618311,8.226163618111059,6.2672866903431395,7.0,4.600000000000023,2.3999999999999773,7.0,8.099999999999998,4585108.3,Buy
205,2023-05-05T00:00:00+05:30,358.5,364.35,357.0,358.7,4722961,2.876350314964922,344.9603299984126,336.04818940910286,8.912140589309729,6.7962574701364575,7.350000000000023,7.150000000000034,0.19999999999998863,7.350000000000023,8.078571428571426,4603833.45,Buy
206,2023-05-08T00:00:00+05:30,363.0,374.0,361.85,370.1,10283508,3.2866161299457097,348.82797153711834,338.5705457491693,10.257425787949046,7.488491133698975,12.149999999999977,15.300000000000011,3.150000000000034,15.300000000000011,8.653571428571427,5017188.3,Buy
207,2023-05-09T00:00:00+05:30,371.95,377.95,371.1,374.25,7795963,3.7448180749747197,352.7390528391001,341.21346828626787,11.525584552832242,8.29590981752563,6.849999999999966,7.849999999999966,1.0,7.849999999999966,8.649999999999997,5213024.05,Buy
208,2023-05-10T00:00:00+05:30,374.2,375.95,367.3,371.35,3464915,4.052931952713705,355.6022754792386,343.44580396876654,12.156471510472045,9.068022156114914,8.649999999999977,1.6999999999999886,6.949999999999989,8.649999999999977,8.817857142857138,5215984.35,Buy
209,2023-05-11T00:00:00+05:30,370.0,375.0,364.45,365.55,3099638,4.165647436803636,357.1326946362788,345.083151822932,12.049542813346818,9.664326287561295,10.550000000000011,3.6499999999999773,6.900000000000034,10.550000000000011,9.09642857142857,5157638.8,Buy
210,2023-05-12T00:00:00+05:30,367.0,367.0,353.5,357.6,12291661,4.191062937606279,357.204587769159,346.01032576197406,11.194262007184932,9.970313431486023,13.5,1.4499999999999886,12.050000000000011,13.5,9.671428571428565,5636721.25,Buy
211,2023-05-15T00:00:00+05:30,358.5,358.65,350.5,353.35,4013236,4.052514934005383,356.61157426621145,346.55400533516115,10.057568931050298,9.987764531398879,8.149999999999977,1.0499999999999545,7.100000000000023,8.149999999999977,9.614285714285709,5680387.55,Buy
212,2023-05-16T00:00:00+05:30,355.0,371.6,355.0,363.75,10241550,3.893318960182822,357.7097936098712,347.8277827177418,9.882010892129415,9.966613803544988,16.600000000000023,18.25,1.6499999999999773,18.25,10.671428571428565,6013780.4,Sell
213,2023-05-17T00:00:00+05:30,366.0,376.4,364.25,367.5,10649382,3.769285211146488,359.21597920835256,349.2849839979091,9.930995210443484,9.959490084924688,12.149999999999977,12.649999999999977,0.5,12.649999999999977,11.078571428571422,6409157.45,Sell
214,2023-05-18T00:00:00+05:30,369.45,372.5,365.25,366.6,4462806,3.6093736068503057,360.35198240706757,350.56757777584176,9.784404631225811,9.924472994184914,7.25,5.0,2.25,7.25,11.114285714285709,6514422.3,Sell
215,2023-05-19T00:00:00+05:30,367.4,376.5,366.95,372.35,7034650,3.509239159253104,362.1978312675187,352.1810905331868,10.016740734331904,9.942926542214312,9.550000000000011,9.899999999999977,0.3499999999999659,9.899999999999977,11.007142857142851,6720977.55,Buy
216,2023-05-22T00:00:00+05:30,371.75,375.4,369.2,371.2,2920212,3.4195658453354594,363.58278030328506,353.5898986418396,9.992881661445438,9.952917566060538,6.199999999999989,3.0499999999999545,3.150000000000034,6.199999999999989,10.628571428571421,6696039.35,Buy
217,2023-05-23T00:00:00+05:30,372.0,375.95,368.4,371.0,3058696,3.3017431157414188,364.7238910258566,354.87953577948116,9.844355246375414,9.931205102123513,7.550000000000011,4.75,2.8000000000000114,7.550000000000011,10.01071428571428,6699017.7,Sell
218,2023-05-24T00:00:00+05:30,371.05,377.45,369.2,375.25,4692522,3.139098683038139,366.343292406494,356.38845905507515,9.95483335141887,9.935930751982585,8.25,6.449999999999989,1.8000000000000114,8.25,10.099999999999994,6854971.4,Buy
219,2023-05-25T00:00:00+05:30,375.3,389.4,374.3,380.6,9253281,3.042215890955015,368.53663203626417,358.181906532477,10.354725503787165,10.019689702343502,15.099999999999966,14.149999999999977,0.9499999999999886,15.099999999999966,10.65357142857142,7092739.05,Buy
220,2023-05-26T00:00:00+05:30,381.8,386.0,381.1,383.95,2607569,2.9090060992612856,370.90791941530046,360.09065419673794,10.817265218562511,10.179204805587304,4.899999999999977,5.399999999999977,0.5,5.399999999999977,9.946428571428559,7028965.4,Buy
221,2023-05-29T00:00:00+05:30,385.0,386.95,377.5,380.0,4011007,2.585208758771766,372.30670104371575,361.56542055253516,10.74128049118059,10.291619942705962,9.449999999999989,3.0,6.449999999999989,9.449999999999989,10.060714285714274,6572313.0,Buy
222,2023-05-30T00:00:00+05:30,380.85,386.0,379.25,385.45,2980523,2.4609200125569637,374.32874703699025,363.33464865975475,10.994098377235503,10.432115629611872,6.75,6.0,0.75,6.75,9.924999999999992,6269718.75,Buy
223,2023-05-31T00:00:00+05:30,385.0,395.0,381.2,389.7,17417007,2.5501085879854233,376.6935551851456,365.2876376479211,11.405917537224525,10.626876011134403,13.800000000000011,9.550000000000011,4.25,13.800000000000011,10.157142857142848,6480137.35,Buy
224,2023-06-01T00:00:00+05:30,389.7,396.4,386.2,395.7,5081690,2.743664308401121,379.6176236182001,367.54040522955654,12.077218388643587,10.91694448663624,10.199999999999989,6.699999999999989,3.5,10.199999999999989,9.921428571428562,6504138.85,Buy
225,2023-06-02T00:00:00+05:30,397.3,399.3,394.45,395.65,4398205,2.9004457808692656,382.08414306155396,369.62259743477455,12.461545626779412,11.225864714664874,4.850000000000023,3.6000000000000227,1.25,4.850000000000023,9.68571428571428,6487901.05,No Signal
226,2023-06-05T00:00:00+05:30,396.0,399.25,388.25,389.8,4593591,3.055720869263329,383.27119797516104,371.1172198470135,12.153978128147571,11.411487397361414,11.0,3.6000000000000227,7.399999999999977,11.0,9.167857142857136,6203405.2,No Signal
227,2023-06-06T00:00:00+05:30,391.75,393.9,385.1,389.25,5116106,3.157996933595048,384.19101367129014,372.4603887472347,11.730624924055462,11.475314902700225,8.799999999999955,4.099999999999966,4.699999999999989,8.799999999999955,8.892857142857135,6069412.35,No Signal
228,2023-06-07T00:00:00+05:30,392.0,397.25,389.45,395.85,2834627,3.2782755173087965,385.98470387570705,374.1929525437358,11.791751331971227,11.538602188554426,7.800000000000011,8.0,0.19999999999998863,8.0,8.946428571428564,6037897.95,No Signal
229,2023-06-08T00:00:00+05:30,396.0,398.6,380.0,380.8,4946671,3.330439979822944,385.1870571255983,374.6823634664221,10.504693659176212,11.331820482678785,18.600000000000023,2.75,15.850000000000023,18.600000000000023,9.567857142857138,6130249.6,No Signal
230,2023-06-09T00:00:00+05:30,383.0,386.05,381.0,381.95,4212790,3.0701928427038037,384.6890483370447,375.2207069133538,9.468341423690902,10.95912467088121,5.050000000000011,5.25,0.19999999999998863,5.25,9.499999999999996,5726306.05,No Signal
231,2023-06-12T00:00:00+05:30,383.05,389.0,380.6,387.7,3749939,2.605115358086771,385.1522716698071,376.1450989938461,9.007172675960987,10.568734271897165,8.399999999999977,7.050000000000011,1.349999999999966,8.399999999999977,9.56071428571428,5713141.2,No Signal
232,2023-06-13T00:00:00+05:30,389.25,394.6,388.4,393.35,3811857,2.4310268245282267,386.4134606436829,377.41953610541304,8.99392453826988,10.25377232517171,6.2000000000000455,6.900000000000034,0.6999999999999886,6.900000000000034,9.46428571428571,5391656.55,No Signal
233,2023-06-14T00:00:00+05:30,393.45,397.25,389.9,391.3,2881178,2.310312594950028,387.1652359292702,378.4477186161232,8.71751731314697,9.946521322766761,7.350000000000023,3.8999999999999773,3.4500000000000455,7.350000000000023,8.910714285714286,5003246.35,No Signal
234,2023-06-15T00:00:00+05:30,393.1,395.95,391.2,393.45,2576653,2.110535132433927,388.1321227093825,379.5589987186326,8.573123990749878,9.671841856363384,4.75,4.649999999999977,0.10000000000002274,4.75,8.864285714285716,4908938.7,No Signal
235,2023-06-16T00:00:00+05:30,394.7,404.1,393.2,403.75,4840702,2.1553759254295617,390.53487306178516,381.35092473947464,9.183948322310528,9.574263149552813,10.900000000000034,10.650000000000034,0.25,10.900000000000034,8.967857142857147,4799241.3,No Signal
236,2023-06-19T00:00:00+05:30,406.0,406.0,393.55,396.5,2847677,2.0525007432428373,391.4525848984336,382.4730784624765,8.979506435957092,9.455311806833668,12.449999999999989,2.25,10.199999999999989,12.449999999999989,9.375000000000004,4795614.55,No Signal
237,2023-06-20T00:00:00+05:30,396.5,397.15,392.45,395.0,5046466,1.824823975971471,391.99834106790536,383.40099857636716,8.5973424915382,9.283717943774574,4.699999999999989,0.6499999999999773,4.050000000000011,4.699999999999989,8.725000000000003,4895003.05,No Signal
238,2023-06-21T00:00:00+05:30,397.0,403.0,394.15,396.8,5315202,1.6605985658375133,392.7370578266891,384.39351720033994,8.343540626349181,9.095682480289495,8.850000000000023,8.0,0.8500000000000227,8.850000000000023,8.628571428571433,4926137.05,No Signal
239,2023-06-22T00:00:00+05:30,396.95,396.95,381.6,383.0,3235778,1.6768991085704819,391.23904893027543,384.2902937040185,6.948755226256935,8.666297029482983,15.349999999999966,0.14999999999997726,15.199999999999989,15.349999999999966,9.37857142857143,4625261.9,No Signal
240,2023-06-23T00:00:00+05:30,383.4,386.5,378.55,380.0,3870567,1.7600232605910073,389.5099644794638,383.9724941703875,5.537470309076298,8.040531685401646,7.949999999999989,3.5,4.449999999999989,7.949999999999989,9.160714285714286,4688411.8,No Signal
241,2023-06-26T00:00:00+05:30,380.35,386.0,379.15,383.9,2256107,1.673663730540435,388.64689302108474,383.9671242318403,4.679768789244463,7.3683791061702095,6.850000000000023,6.0,0.8500000000000227,6.850000000000023,9.021428571428576,4600666.8,No Signal
242,2023-06-27T00:00:00+05:30,386.0,386.5,378.85,382.65,3542011,1.7166244993681388,387.724294094764,383.8695594739262,3.854734620837803,6.665650209103728,7.649999999999977,2.6000000000000227,5.0499999999999545,7.649999999999977,8.996428571428575,4628741.2,No Signal
243,2023-06-28T00:00:00+05:30,385.0,398.15,385.0,397.4,7295205,1.6996394082536372,389.2128642340311,384.87181432770944,4.3410499063216434,6.200730148547311,13.149999999999977,15.5,2.3500000000000227,15.5,8.775000000000002,4122651.1,No Signal
244,2023-06-30T00:00:00+05:30,398.0,398.35,390.8,392.8,4792008,1.6985175075305856,389.7647312749494,385.4590873404717,4.3056439344777,5.821712905733389,7.550000000000011,0.9500000000000455,6.599999999999966,7.550000000000011,8.939285714285717,4108167.0,No Signal
245,2023-07-03T00:00:00+05:30,394.9,394.9,388.05,390.2,1508331,1.6818818886941673,389.83169569418794,385.8102660559923,4.021429638195627,5.461656252225837,6.849999999999966,2.099999999999966,4.75,6.849999999999966,8.828571428571431,3963673.3,No Signal
246,2023-07-04T00:00:00+05:30,390.4,393.4,380.15,380.4,2347034,1.8204326754408453,388.3806655873898,385.40950560740026,2.9711599799895225,4.963556997778575,13.25,3.1999999999999886,10.050000000000011,13.25,9.282142857142857,3851345.45,Sell
247,2023-07-05T00:00:00+05:30,381.15,383.8,376.65,380.4,3580520,1.9026754352868693,387.1528708816375,385.0384311179632,2.1144397636742838,4.393733550957717,7.150000000000034,3.400000000000034,3.75,7.150000000000034,9.267857142857142,3774566.15,Sell
248,2023-07-06T00:00:00+05:30,379.95,386.15,379.15,385.9,2950111,1.84219154219246,386.9601215152317,385.10225103515114,1.857870480080578,3.8865609367822893,7.0,5.75,1.25,7.0,9.428571428571429,3780340.35,Sell
249,2023-07-07T00:00:00+05:30,386.85,392.45,380.35,382.8,4302412,1.8293914783443215,386.3201028205807,384.93171392143626,1.388388899144445,3.386926529254721,12.099999999999966,6.550000000000011,5.5499999999999545,12.099999999999966,9.514285714285709,3748127.4,Sell
250,2023-07-10T00:00:00+05:30,384.0,387.3,381.25,384.65,1878301,1.7901089161395112,386.0631639251067,384.9108462235521,1.1523177015546366,2.940004763714704,6.050000000000011,4.5,1.5500000000000114,6.050000000000011,9.057142857142853,3631402.95,No Signal
251,2023-07-11T00:00:00+05:30,386.0,394.8,385.85,392.7,5858582,1.7629008205817882,387.0842156289365,385.48782057736304,1.5963950515734382,2.671282821286451,8.949999999999989,10.150000000000034,1.2000000000000455,10.150000000000034,9.446428571428571,3736835.1,Sell
252,2023-07-12T00:00:00+05:30,393.3,397.85,390.55,393.3,4695649,1.7598268321120027,388.0404901475616,386.06650053459543,1.973989612966193,2.5318241796223995,7.300000000000011,5.150000000000034,2.1499999999999773,7.300000000000011,9.335714285714285,3781024.7,Sell
253,2023-07-13T00:00:00+05:30,394.8,396.0,386.5,387.95,3942833,1.781705515760637,388.0265685863983,386.20601901351426,1.8205495728840333,2.3895692582747263,9.5,2.6999999999999886,6.800000000000011,9.5,8.917857142857144,3834107.45,No Signal
254,2023-07-14T00:00:00+05:30,389.5,391.85,384.65,388.7,2516655,1.7594065804318006,388.1301734192601,386.39075834584656,1.739415073413511,2.259538421302483,7.2000000000000455,3.900000000000034,3.3000000000000114,7.2000000000000455,8.86428571428572,3831107.55,No Signal
255,2023-07-17T00:00:00+05:30,391.2,393.95,388.0,389.65,2671920,1.51241037726822,388.3639928932201,386.63218365356164,1.7318092396584461,2.153992584973676,5.949999999999989,5.25,0.6999999999999886,5.949999999999989,8.800000000000002,3722668.45,No Signal
256,2023-07-18T00:00:00+05:30,393.95,393.95,385.0,388.5,2701735,1.4324205342993814,388.3849170634939,386.7705404199645,1.614376643529397,2.0460693966848202,8.949999999999989,4.300000000000011,4.649999999999977,8.949999999999989,8.892857142857148,3715371.35,No Signal
257,2023-07-19T00:00:00+05:30,388.95,402.9,388.95,401.9,4311955,1.5449433707688218,390.4641605921871,387.8912411295968,2.5729194625903347,2.1514394098659233,13.949999999999989,14.399999999999977,0.44999999999998863,14.399999999999977,8.814285714285717,3678645.8,No Signal
258,2023-07-20T00:00:00+05:30,405.0,405.0,396.45,399.5,4433276,1.6099547989387224,391.85428973185066,388.7511491940711,3.1031405377795522,2.341779635448649,8.550000000000011,3.1000000000000227,5.449999999999989,8.550000000000011,8.885714285714288,3634549.5,No Signal
259,2023-07-21T00:00:00+05:30,399.5,401.3,390.6,393.5,2823465,1.6273362348962255,392.10747592695054,389.1029159204362,3.004560006514339,2.474335709661787,10.699999999999989,1.8000000000000114,8.899999999999977,10.699999999999989,9.16071428571429,3613933.85,Buy
260,2023-07-24T00:00:00+05:30,395.0,395.1,387.0,390.35,3120292,1.552606412775412,391.837095015112,389.19529251892243,2.641802496189598,2.5078290669673495,8.100000000000023,1.6000000000000227,6.5,8.100000000000023,8.792857142857148,3576420.1,No Signal
261,2023-07-25T00:00:00+05:30,392.4,396.25,388.0,391.5,2445889,1.5165803446247954,391.7852342435563,389.3660115915948,2.4192226519614906,2.490107783966178,8.25,5.899999999999977,2.3500000000000227,8.25,8.871428571428575,3585909.2,No Signal
262,2023-07-26T00:00:00+05:30,393.3,395.8,389.15,390.25,2300826,1.4601719325871914,391.5490443599323,389.43149221443963,2.1175521454926525,2.415596656271473,6.650000000000034,4.300000000000011,2.3500000000000227,6.650000000000034,8.846428571428577,3523849.95,No Signal
263,2023-07-27T00:00:00+05:30,391.95,391.95,384.0,384.8,3674063,1.4410772575834392,390.51072984301965,389.08841871707375,1.422311125945896,2.216939550206358,7.949999999999989,1.6999999999999886,6.25,7.949999999999989,8.550000000000008,3342792.85,No Signal
264,2023-07-28T00:00:00+05:30,379.0,393.65,378.7,392.25,5776150,1.4096403375789608,390.7783098671705,389.3226099232164,1.4556999439540732,2.064691628955901,14.949999999999989,8.849999999999966,6.100000000000023,14.949999999999989,9.185714285714292,3391999.95,Sell
265,2023-07-31T00:00:00+05:30,392.2,395.85,390.7,394.9,2409006,1.4334603767004173,391.41241604145193,389.7357499289041,1.6766661125478208,1.9870865256742851,5.150000000000034,3.6000000000000227,1.5500000000000114,5.150000000000034,8.828571428571435,3437033.7,No Signal
266,2023-08-01T00:00:00+05:30,395.0,401.9,394.4,396.8,1856613,1.3675402953983868,392.24127511199777,390.25902771194825,1.9822474000495163,1.9861187005493315,7.5,7.0,0.5,7.5,8.842857142857147,3412512.65,No Signal
267,2023-08-02T00:00:00+05:30,395.55,400.55,390.6,396.5,3661422,1.267676142537957,392.8964635563058,390.7213219555076,2.175141600798156,2.0239232805990963,9.949999999999989,3.75,6.199999999999989,9.949999999999989,8.875000000000004,3416557.75,No Signal
268,2023-08-03T00:00:00+05:30,395.0,397.25,391.2,393.7,1441568,1.2406032632544568,393.02008454764336,390.94196477361817,2.078119774025197,2.0347625792843167,6.050000000000011,0.75,5.300000000000011,6.050000000000011,8.792857142857144,3341130.6,No Signal
269,2023-08-04T00:00:00+05:30,394.95,401.45,394.65,396.0,2793905,1.1346152892208763,393.4785330787752,391.31663404964644,2.161899029128733,2.0601898692532,6.800000000000011,7.75,0.9499999999999886,7.75,8.921428571428574,3265705.25,No Signal
270,2023-08-07T00:00:00+05:30,397.95,399.1,392.75,394.7,1099906,1.0467941016328635,393.6664510666559,391.5672537496726,2.099197316983293,2.067991358799219,6.350000000000023,3.1000000000000227,3.25,6.350000000000023,8.735714285714291,3226785.5,No Signal
271,2023-08-08T00:00:00+05:30,395.0,395.95,384.85,388.6,2359747,1.091346927925392,392.8869970564011,391.34745717562276,1.5395398807783636,1.962301063195048,11.099999999999966,1.25,9.849999999999966,11.099999999999966,8.500000000000004,3051843.75,No Signal
272,2023-08-09T00:00:00+05:30,388.7,389.7,383.95,386.5,2692632,1.1525968308781813,391.9043821246471,390.98838627372476,0.9159958509223429,1.753040020740507,5.75,1.099999999999966,4.650000000000034,5.75,8.300000000000002,2951692.9,No Signal
273,2023-08-10T00:00:00+05:30,387.0,387.0,381.65,383.55,1621639,1.2460393411836812,390.6190925670091,390.4373946978933,0.18169786911579422,1.4387715904155645,5.350000000000023,0.5,4.850000000000023,5.350000000000023,7.917857142857149,2835633.2,No Signal
274,2023-08-11T00:00:00+05:30,383.0,389.05,381.65,386.05,1699494,1.2727561266966385,389.9161552490077,390.11240249804933,-0.19624724904161894,1.1117678225241279,7.400000000000034,5.5,1.900000000000034,7.400000000000034,7.867857142857149,2794775.15,No Signal
275,2023-08-14T00:00:00+05:30,386.9,386.9,380.25,383.15,1509932,1.3772376467355936,388.8752082876219,389.5966689796753,-0.7214606920534266,0.7451221196086171,6.649999999999977,0.8499999999999659,5.800000000000011,6.649999999999977,7.753571428571433,2736675.75,No Signal
276,2023-08-16T00:00:00+05:30,381.0,384.9,378.0,383.2,2658232,1.4531389327246302,388.00209932029543,389.1228416478475,-1.1207423275520796,0.37194923017647774,6.899999999999977,1.75,5.149999999999977,6.899999999999977,7.771428571428572,2734500.6,No Signal
277,2023-08-17T00:00:00+05:30,382.0,387.55,381.3,382.0,2249755,1.4044139546806171,387.07869942486536,388.59522374800696,-1.5165243231415957,-0.005745480487136973,6.25,4.350000000000023,1.8999999999999773,6.25,7.650000000000001,2631390.6,No Signal
278,2023-08-18T00:00:00+05:30,381.9,384.0,377.0,380.65,3375222,1.4017833442116878,386.08966874411686,388.006688655562,-1.917019911445152,-0.38800036667874,7.0,2.0,5.0,7.0,7.08214285714286,2578487.9,No Signal
279,2023-08-21T00:00:00+05:30,381.0,383.45,377.65,379.65,3771332,1.4936157958480534,385.0989504757912,387.38767468107596,-2.2887242052847796,-0.7681451343999479,5.800000000000011,2.8000000000000114,3.0,5.800000000000011,7.128571428571429,2625881.25,No Signal
280,2023-08-22T00:00:00+05:30,379.4,389.4,379.4,388.5,3040163,1.4564222051851332,385.622188864131,387.4700691491444,-1.8478802850134457,-0.9840921645226475,10.0,9.75,0.25,10.0,7.307142857142858,2621874.8,No Signal
281,2023-08-23T00:00:00+05:30,388.35,408.45,388.25,401.35,7671717,1.5720417119159436,388.0418521158031,388.49821217513374,-0.4563600593306205,-0.8785457434842421,20.19999999999999,19.94999999999999,0.25,20.19999999999999,8.039285714285715,2883166.2,No Signal
282,2023-08-24T00:00:00+05:30,404.05,407.0,401.45,402.0,3219266,1.724615614413369,390.18925948260267,389.4983446066053,0.6909148759973505,-0.5646536195879236,5.550000000000011,5.649999999999977,0.0999999999999659,5.649999999999977,8.010714285714284,2929088.2,No Signal
283,2023-08-25T00:00:00+05:30,400.5,401.0,390.75,391.8,2224694,1.7474375651193597,390.43706571604844,389.66883759870865,0.7682281173397882,-0.2980772722023812,10.25,1.0,11.25,11.25,8.260714285714284,2856619.75,Buy
284,2023-08-28T00:00:00+05:30,393.0,397.8,391.55,394.0,2562939,1.7478554781970999,390.985209452041,389.9896644432487,0.9955450087922486,-0.03935281600345527,6.25,6.0,0.25,6.25,8.253571428571425,2695959.2,Buy
285,2023-08-29T00:00:00+05:30,394.4,395.95,392.35,393.15,1166192,1.7383548206361774,391.318254151727,390.22376337337846,1.0944907783485291,0.18741590286694162,3.599999999999966,1.9499999999999886,1.6499999999999773,3.599999999999966,7.71785714285714,2633818.5,No Signal
286,2023-08-30T00:00:00+05:30,394.0,418.55,394.0,417.7,13564203,2.1851017221466837,395.3769842822305,392.2590401605356,3.1179441216949044,0.7735215466325341,24.55000000000001,25.400000000000034,0.8500000000000227,25.400000000000034,9.12142857142857,3219198.0,Buy
287,2023-08-31T00:00:00+05:30,422.2,425.45,418.85,421.5,8092376,2.69113900385364,399.395909777272,394.4250371856811,4.970872591590876,1.6129917556242026,6.599999999999966,7.75,1.150000000000034,7.75,9.292857142857141,3440745.7,Buy
288,2023-09-01T00:00:00+05:30,421.9,427.5,415.7,424.25,3552699,3.1584527654843937,403.219615965384,396.6342936904455,6.585322274938505,2.6074578594870634,11.800000000000011,6.0,5.800000000000011,11.800000000000011,9.607142857142852,3546302.25,Buy
289,2023-09-04T00:00:00+05:30,424.5,427.5,418.1,420.85,3393492,3.4912573071876016,405.9319827399403,398.42804971337546,7.503933026564823,3.5867528929026156,9.399999999999977,3.25,6.149999999999977,9.399999999999977,9.803571428571425,3576281.6,Buy
290,2023-09-05T00:00:00+05:30,423.95,425.8,419.85,422.45,1917747,3.7655429709647805,408.47321616456486,400.2074534383106,8.265762726254252,4.522554859572943,5.949999999999989,4.949999999999989,1.0,5.949999999999989,9.735714285714282,3617173.65,Buy
291,2023-09-06T00:00:00+05:30,423.9,433.2,422.05,431.5,4575749,4.075055322198967,412.0157982930933,402.5254198502876,9.490378442805707,5.516119576219496,11.149999999999977,10.75,0.39999999999997726,11.149999999999977,10.08571428571428,3727973.75,Buy
292,2023-09-07T00:00:00+05:30,432.0,436.45,425.0,427.0,3975992,4.313438871107134,414.3210600941559,404.33835171322926,9.982708380926624,6.409437337160922,11.449999999999989,4.949999999999989,6.5,11.449999999999989,10.403571428571423,3792141.75,Buy
293,2023-09-08T00:00:00+05:30,429.95,432.4,428.0,429.55,2326946,4.428879325738193,416.6639739258242,406.205881215953,10.45809270987121,7.21916841170298,4.399999999999977,5.399999999999977,1.0,5.399999999999977,10.374999999999991,3827407.1,Buy
294,2023-09-11T00:00:00+05:30,430.45,432.65,427.75,429.95,2595165,4.533242605777404,418.7079779372359,407.96470482958614,10.74327310764977,7.923989350892339,4.899999999999977,3.099999999999966,1.8000000000000114,4.899999999999977,10.010714285714275,3872190.65,Buy
295,2023-09-12T00:00:00+05:30,431.0,433.75,419.05,420.55,3376588,4.530251960034399,418.9913659468919,408.89694891628346,10.09441703060844,8.35807488683556,14.699999999999989,3.8000000000000114,10.899999999999977,14.699999999999989,9.617857142857133,3965523.45,Buy
296,2023-09-13T00:00:00+05:30,420.0,420.95,407.35,414.65,4941740,4.403383074221935,418.32346349352395,409.3231008484106,9.000362645113341,8.486532438491118,13.599999999999966,0.39999999999997726,13.199999999999989,13.599999999999966,10.185714285714274,4079698.85,Buy
297,2023-09-14T00:00:00+05:30,414.7,424.7,413.7,423.65,2921406,4.110577332538504,419.1429306483664,410.38435263741724,8.75857801094918,8.54094155298273,11.0,10.050000000000011,0.9499999999999886,11.0,10.167857142857132,4113281.4,Buy
298,2023-09-15T00:00:00+05:30,428.0,431.95,415.4,416.65,5623551,3.825553756575839,418.75940285631003,410.8484746642752,7.910928192034817,8.414938880793148,16.55000000000001,8.300000000000011,8.25,16.55000000000001,10.90357142857142,4225697.85,Sell
299,2023-09-18T00:00:00+05:30,419.8,419.8,413.5,415.75,1821991,3.352381484243611,418.2964178014931,411.21155061506965,7.084867186423423,8.148924541919204,6.300000000000011,3.150000000000034,3.1499999999999773,6.300000000000011,11.096428571428564,4128230.8,Sell
300,2023-09-20T00:00:00+05:30,416.25,421.55,413.0,418.0,2329586,3.0026271051290854,418.25081506280185,411.7143987176571,6.536416345144744,7.826422902564312,8.550000000000011,5.800000000000011,2.75,8.550000000000011,9.892857142857135,4092701.95,Sell
301,2023-09-21T00:00:00+05:30,416.75,416.75,405.05,406.8,2460210,3.0178366650987307,416.4891512069862,411.35036918301586,5.13878202397035,7.288894726845521,11.699999999999989,1.25,12.949999999999989,12.949999999999989,10.264285714285705,3832126.6,Sell
302,2023-09-22T00:00:00+05:30,407.0,411.35,402.65,406.25,2478833,2.9672999952664365,414.91389717514215,410.97256405834804,3.9413331167941124,6.619382404835239,8.700000000000045,4.550000000000011,4.150000000000034,8.700000000000045,10.042857142857136,3795104.95,Sell
303,2023-09-25T00:00:00+05:30,406.25,410.75,400.45,408.6,3601670,2.63705103672975,413.9425283789664,410.7968185725445,3.1457098064219053,5.924647885152573,10.300000000000011,4.5,5.800000000000011,10.300000000000011,10.107142857142852,3863953.75,Sell
304,2023-09-26T00:00:00+05:30,408.45,414.2,405.55,410.5,1963642,2.304903164140769,413.4129086283562,410.7748320116153,2.638076616740932,5.267333631470245,8.649999999999977,5.599999999999966,3.0500000000000114,8.649999999999977,10.299999999999995,3833988.9,Sell
305,2023-09-27T00:00:00+05:30,412.95,414.9,411.4,413.15,2458909,1.831870820595587,413.3724611470706,410.95077038112527,2.421690765945357,4.698205058365267,3.5,4.399999999999977,0.8999999999999773,4.399999999999977,9.817857142857138,3898624.75,No Signal
306,2023-09-28T00:00:00+05:30,412.95,414.7,404.0,405.15,2224890,2.0177096184834893,412.1074671244444,410.5210836862271,1.5863834382172968,4.0758407343356735,10.699999999999989,1.5500000000000114,9.149999999999977,10.699999999999989,9.764285714285709,3331659.1,No Signal
307,2023-09-29T00:00:00+05:30,408.9,412.25,403.3,411.1,2722052,2.017250084163589,411.95247218222215,410.5639663761362,1.3885058060859592,3.5383737486857307,8.949999999999989,7.100000000000023,1.849999999999966,8.949999999999989,10.017857142857139,3063142.9,No Signal
308,2023-10-03T00:00:00+05:30,412.0,416.45,406.0,413.0,3333713,1.9890585276067567,412.11363030803415,410.7444133112372,1.369216996796922,3.104542398307969,10.449999999999989,5.349999999999966,5.100000000000023,10.449999999999989,10.414285714285711,3052193.6,Sell
309,2023-10-04T00:00:00+05:30,411.75,416.0,401.6,406.55,2906086,2.091432254764129,411.2576871837212,410.43371602892336,0.8239711547978459,2.6484281496059445,14.399999999999977,3.0,11.399999999999977,14.399999999999977,10.392857142857139,3027823.3,Sell
310,2023-10-05T00:00:00+05:30,411.1,419.3,407.9,417.5,3093788,2.0102917739776673,412.2180430016102,410.9571444712253,1.2608985303849067,2.370922225761737,11.400000000000034,12.75,1.349999999999966,12.75,10.332142857142856,3086625.35,Sell
311,2023-10-06T00:00:00+05:30,419.5,424.75,418.25,422.95,2577983,1.8376653605939424,413.8691133090548,411.8455041400234,2.023609169031374,2.3014596144156645,6.5,7.25,0.75,7.25,10.064285714285713,2986737.05,No Signal
312,2023-10-09T00:00:00+05:30,420.0,420.7,413.3,415.5,2768044,1.7610945386949468,414.1200189538156,412.1162075370587,2.0038114167568892,2.2419299748839094,7.399999999999977,2.25,9.649999999999977,9.649999999999977,9.571428571428568,2926339.65,No Signal
313,2023-10-10T00:00:00+05:30,418.4,419.25,415.45,416.35,1022044,1.5647239709383838,414.4630929609209,412.4298217935729,2.033271167348005,2.2001982133767286,3.8000000000000114,3.75,0.05000000000001137,3.8000000000000114,9.392857142857139,2861094.55,No Signal
314,2023-10-11T00:00:00+05:30,417.45,422.9,414.3,414.85,2537529,1.3090521525769094,414.5226171207792,412.6090942533082,1.9135228674709879,2.1428631441955805,8.599999999999966,6.5499999999999545,2.0500000000000114,8.599999999999966,9.396428571428563,2858212.75,No Signal
315,2023-10-12T00:00:00+05:30,418.0,419.8,413.55,416.5,2455507,1.2582937108649568,414.8268298714286,412.8973094938039,1.9295203776246694,2.1001945908813986,6.25,4.949999999999989,1.3000000000000114,6.25,8.917857142857136,2812158.7,No Signal
316,2023-10-13T00:00:00+05:30,414.0,417.35,411.2,414.75,2715674,1.2638511341218042,414.8150098912088,413.0345458275962,1.7804640636125555,2.03624848542763,6.150000000000034,0.8500000000000227,5.300000000000011,6.150000000000034,8.735714285714279,2700855.4,No Signal
317,2023-10-16T00:00:00+05:30,414.0,420.5,411.75,416.7,2135138,1.1407587271324815,415.1050083694843,413.306060951478,1.7989474180063212,1.9887882719433685,8.75,5.75,3.0,8.75,8.624999999999991,2661542.0,No Signal
318,2023-10-17T00:00:00+05:30,417.0,423.45,416.5,420.1,2207161,1.175750680492344,415.8734686203329,413.809315695813,2.064152924519931,2.003861202458681,6.949999999999989,6.75,0.19999999999998863,6.949999999999989,8.503571428571421,2490722.5,No Signal
319,2023-10-18T00:00:00+05:30,419.8,421.8,411.6,412.85,2577691,1.1898682161558043,415.40831960182015,413.7382552739009,1.670064327919249,1.9371018275507947,10.199999999999989,1.6999999999999886,8.5,10.199999999999989,8.917857142857136,2528507.5,No Signal
320,2023-10-19T00:00:00+05:30,411.7,416.0,407.55,414.0,2055651,1.1578252745400097,415.191655047694,413.75764377213045,1.4340112755635346,1.8364837171533428,8.449999999999989,3.1499999999999773,5.300000000000011,8.449999999999989,8.757142857142851,2514810.75,No Signal
321,2023-10-20T00:00:00+05:30,413.0,413.0,403.6,404.95,3027378,1.2194591062162632,413.6160158095872,413.1052257149356,0.5107900946516111,1.5713449926529965,9.399999999999977,1.0,10.399999999999977,10.399999999999977,8.860714285714279,2543169.15,No Signal
322,2023-10-23T00:00:00+05:30,406.0,408.0,393.25,395.85,4580694,1.5419078286231467,410.8827826081123,411.8270608471626,-0.9442782390503339,1.0682203463123305,14.75,3.0500000000000114,11.699999999999989,14.75,9.167857142857136,2648262.2,No Signal
323,2023-10-25T00:00:00+05:30,397.1,398.25,387.6,389.55,5099593,2.042556595595394,407.6008160530181,410.17690819181723,-2.5760921387991402,0.33935784929003643,10.649999999999977,2.3999999999999773,8.25,10.649999999999977,8.899999999999993,2723158.35,No Signal
324,2023-10-26T00:00:00+05:30,385.25,387.6,371.65,374.8,6679568,3.055403438420299,402.5545366602461,407.55639647390484,-5.001859813658768,-0.7288856832997246,15.950000000000045,1.9499999999999886,17.900000000000034,17.900000000000034,9.267857142857139,2958954.65,No Signal
325,2023-10-27T00:00:00+05:30,378.0,384.85,371.6,374.55,8113269,3.7000324191488714,398.2461464048236,405.1114782165786,-6.86533181175497,-1.9561749089907738,13.25,10.050000000000011,3.1999999999999886,13.25,9.696428571428568,3241672.65,Sell
326,2023-10-30T00:00:00+05:30,377.8,384.7,372.65,382.1,5308844,3.9277681893296847,395.7621238810046,403.4069242746098,-7.644800393605237,-3.0939000059136665,12.050000000000011,10.149999999999977,1.900000000000034,12.050000000000011,9.867857142857142,3395870.35,Sell
327,2023-10-31T00:00:00+05:30,384.85,385.9,380.1,383.4,2300685,4.130981579384394,393.8602586685423,401.92492988389796,-8.064671215355645,-4.088054247802062,5.7999999999999545,3.7999999999999545,2.0,5.7999999999999545,10.01071428571428,3374802.0,Sell
328,2023-11-01T00:00:00+05:30,384.0,390.95,384.0,389.1,2570151,4.145150832753849,393.12791118107424,400.9749350776833,-7.847023896609073,-4.839848177563464,6.949999999999989,7.550000000000011,0.6000000000000227,7.550000000000011,9.935714285714283,3336623.9,Sell
329,2023-11-02T00:00:00+05:30,391.95,393.7,387.3,390.25,1425611,4.205055600198715,392.6851556147551,400.1804954422994,-7.495339827544285,-5.370946507559629,6.399999999999977,4.599999999999966,1.8000000000000114,6.399999999999977,9.946428571428568,3262600.15,Sell
330,2023-11-03T00:00:00+05:30,393.0,393.6,389.0,392.9,1851600,4.126490742610271,392.71820859710044,399.64119948361054,-6.922990886510092,-5.681355383349722,4.600000000000023,3.3500000000000227,1.25,4.600000000000023,9.83571428571428,3200490.75,Sell
331,2023-11-06T00:00:00+05:30,393.8,397.65,393.25,395.35,2330301,3.9215887647292855,393.1230995821619,399.32333285519496,-6.200233273033064,-5.785130961286391,4.399999999999977,4.75,0.35000000000002274,4.75,9.549999999999995,3188106.65,Sell
332,2023-11-07T00:00:00+05:30,396.6,403.35,394.2,401.5,2919260,3.764053997004125,394.41185349259854,399.4845674585139,-5.072713965915341,-5.642647562212181,9.150000000000034,8.0,1.150000000000034,9.150000000000034,9.707142857142856,3195667.45,Buy
333,2023-11-08T00:00:00+05:30,403.45,406.55,399.0,405.65,2451875,3.6207498396024134,396.1407991091218,399.94126616529064,-3.800467056168827,-5.27421146100351,7.550000000000011,5.050000000000011,2.5,7.550000000000011,9.517857142857142,3267159.0,Buy
334,2023-11-09T00:00:00+05:30,405.65,406.9,403.55,405.45,2153695,3.5308196215876197,397.57298386156464,400.34932052341725,-2.7763366618526106,-4.7746365011733305,3.349999999999966,1.25,2.099999999999966,3.349999999999966,9.153571428571427,3247967.3,No Signal
335,2023-11-10T00:00:00+05:30,405.0,410.1,403.2,409.45,1856115,3.405664685761363,399.4002171136316,401.02344492909003,-1.6232278154584492,-4.144354764030354,6.900000000000034,4.650000000000034,2.25,6.900000000000034,8.90357142857143,3217997.7,No Signal
336,2023-11-12T00:00:00+05:30,413.5,413.5,410.1,411.35,357103,3.344479718749039,401.23864524999595,401.78837493434264,-0.549729684346687,-3.425429748093621,3.3999999999999773,4.050000000000011,0.6500000000000341,4.050000000000011,8.139285714285718,3100069.15,No Signal
337,2023-11-13T00:00:00+05:30,410.0,411.25,406.2,410.65,3025750,3.2626115215284877,402.6865459807658,402.4447916058728,0.24175437489299156,-2.691992923496299,5.050000000000011,0.10000000000002274,5.150000000000034,5.150000000000034,7.746428571428579,3144599.75,No Signal
338,2023-11-15T00:00:00+05:30,412.0,413.5,409.6,411.4,2258736,3.105469482584616,404.0270773683403,403.10814037580815,0.9189369925321671,-1.9698069402906058,3.8999999999999773,2.8500000000000227,1.0499999999999545,3.8999999999999773,6.7464285714285745,3147178.5,No Signal
339,2023-11-16T00:00:00+05:30,411.2,415.0,409.0,412.65,1269668,3.0930659575195927,405.3536808501341,403.81494479241496,1.5387360577191203,-1.2680983406886606,6.0,3.6000000000000227,2.3999999999999773,6.0,6.228571428571432,3081777.35,No Signal
340,2023-11-17T00:00:00+05:30,412.0,415.45,409.75,411.2,1725808,3.061778357803562,406.2531145654981,404.36198591890275,1.891128646595348,-0.6362529432318589,5.699999999999989,2.8000000000000114,2.8999999999999773,5.699999999999989,5.775000000000001,3065285.2,No Signal
341,2023-11-20T00:00:00+05:30,416.05,422.6,412.25,419.6,5008400,3.2024582921519986,408.3064815554215,405.4907277026877,2.815753852733792,0.054148415961271304,10.350000000000023,11.400000000000034,1.0500000000000114,11.400000000000034,6.175000000000007,3164336.3,No Signal
342,2023-11-21T00:00:00+05:30,421.1,421.8,417.9,420.8,2086054,3.4038430582853647,410.2285613161259,406.624747872859,3.6038134432668585,0.7640814214223889,3.900000000000034,2.1999999999999886,1.7000000000000455,3.900000000000034,5.9142857142857235,3039604.3,No Signal
343,2023-11-22T00:00:00+05:30,420.8,421.2,413.3,417.0,1286423,3.506764656410686,411.27032111364497,407.39328506746205,3.8770360461829227,1.3866723463744957,7.899999999999977,0.39999999999997726,7.5,7.899999999999977,6.02142857142858,2848945.8,No Signal
344,2023-11-23T00:00:00+05:30,417.0,422.35,415.7,420.1,1729291,3.2958908776068836,412.62873325000726,408.334523210613,4.294210039394272,1.968179884978451,6.650000000000034,5.350000000000023,1.3000000000000114,6.650000000000034,6.1678571428571525,2601431.95,No Signal
345,2023-11-24T00:00:00+05:30,419.0,422.35,417.5,420.5,2440352,2.99490860499028,413.83969736539075,409.2356696394565,4.604027725934259,2.4953494531696125,4.850000000000023,2.25,2.6000000000000227,4.850000000000023,6.175000000000011,2317786.1,No Signal
346,2023-11-28T00:00:00+05:30,422.0,424.75,418.3,422.75,2402488,2.808899910298721,415.21051315533066,410.2367311476449,4.97378200768577,2.9910359640728443,6.449999999999989,4.25,2.1999999999999886,6.449999999999989,5.982142857142866,2172468.3,No Signal
347,2023-11-29T00:00:00+05:30,423.8,426.0,419.0,420.05,1513282,2.552872338829551,415.9550495929721,410.963639951523,4.991409641449081,3.3911106995480917,7.0,3.25,3.75,7.0,5.94285714285715,2133098.15,No Signal
348,2023-11-30T00:00:00+05:30,420.05,423.15,418.0,421.7,3944054,2.3537220635811518,416.83888811713024,411.75892588103983,5.0799622360904095,3.7288810068565557,5.149999999999977,3.099999999999966,2.0500000000000114,5.149999999999977,6.071428571428579,2201793.3,No Signal
349,2023-12-01T00:00:00+05:30,422.0,429.9,421.7,426.4,3587510,2.1601879356886946,418.3098284068025,412.8434498898517,5.46637851695084,4.076380508875412,8.199999999999989,8.199999999999989,0.0,8.199999999999989,6.164285714285719,2309888.25,No Signal
350,2023-12-04T00:00:00+05:30,430.0,436.05,427.55,434.0,3028240,2.1006036405672366,420.7237009596021,414.4106017498627,6.313099209739448,4.52372424904822,8.5,9.650000000000034,1.150000000000034,9.650000000000034,6.564285714285721,2368720.25,No Signal
351,2023-12-05T00:00:00+05:30,434.0,439.6,429.2,434.5,2227045,2.049172017113668,422.8431315812018,415.8987053239469,6.944426257254918,5.00786465068956,10.400000000000034,5.600000000000023,4.800000000000011,10.400000000000034,6.939285714285721,2363557.45,No Signal
352,2023-12-06T00:00:00+05:30,435.65,440.8,434.05,437.95,1820312,2.1281553390064607,425.1672651840938,417.5321345592101,7.635130624883743,5.533317845528397,6.75,6.300000000000011,0.44999999999998863,6.75,7.142857142857151,2308610.05,Buy
353,2023-12-07T00:00:00+05:30,438.05,442.4,435.2,440.45,1680971,2.2678002005068825,427.5184551557717,419.2297542214908,8.288700934280882,6.084394463278894,7.199999999999989,4.449999999999989,2.75,7.199999999999989,7.228571428571436,2270064.85,Buy
354,2023-12-08T00:00:00+05:30,440.95,441.75,432.35,435.5,1606867,2.2689480665134862,428.7463851318068,420.4349576124915,8.311427519315316,6.529801074486179,9.399999999999977,1.3000000000000114,8.099999999999966,9.399999999999977,7.492857142857149,2242723.45,Buy
355,2023-12-11T00:00:00+05:30,435.5,441.9,432.55,441.0,1729172,2.3352981049005375,430.6315566499904,421.95829408564026,8.673262564350125,6.958493372458968,9.349999999999966,6.399999999999977,2.9499999999999886,9.349999999999966,7.346428571428573,2236376.3,Buy
356,2023-12-12T00:00:00+05:30,440.5,445.85,435.65,438.25,2375740,2.370253926385243,431.80362485768416,423.16508711633355,8.638537741350603,7.294502246237296,10.200000000000045,4.850000000000023,5.350000000000023,10.200000000000045,7.7964285714285735,2337308.15,Buy
357,2023-12-13T00:00:00+05:30,436.6,438.85,431.65,434.55,2279696,2.3105150827265204,432.2261441103481,424.00841399660516,8.21773011374296,7.479147819738429,7.2000000000000455,0.6000000000000227,6.600000000000023,7.2000000000000455,7.746428571428579,2300005.45,Buy
358,2023-12-14T00:00:00+05:30,437.1,443.6,434.55,441.25,1693787,2.2598196018385113,433.61442963183305,425.28556851537513,8.328861116457915,7.649090479082327,9.050000000000011,9.050000000000011,0.0,9.050000000000011,7.917857142857149,2271758.0,Buy
359,2023-12-15T00:00:00+05:30,444.6,444.6,437.4,439.65,2642024,2.2010911442995402,434.54297891924335,426.3496004771992,8.19337844204415,7.757948071674692,7.2000000000000455,3.3500000000000227,3.8500000000000227,7.2000000000000455,8.085714285714293,2340375.8,Buy
360,2023-12-18T00:00:00+05:30,439.6,450.0,436.1,448.9,4328624,2.1670110756646626,436.7517513932059,428.0200004418511,8.731750951354798,7.952708647610713,13.899999999999977,10.350000000000023,3.5499999999999545,13.899999999999977,8.617857142857149,2470516.6,Buy
361,2023-12-19T00:00:00+05:30,449.95,449.95,441.35,444.55,2177697,2.209557475643311,437.9514819480973,429.2444448535658,8.707037094531472,8.103574336994866,8.599999999999966,1.0500000000000114,7.5499999999999545,8.599999999999966,8.732142857142861,2328981.45,Buy
362,2023-12-20T00:00:00+05:30,448.0,448.0,420.0,424.25,2426020,2.273273209773862,435.84356164839,428.8744859755239,6.969075672866097,7.8766746041691125,28.0,3.4499999999999886,24.55000000000001,28.0,10.36428571428572,2345979.75,Sell
363,2023-12-21T00:00:00+05:30,420.2,430.65,416.9,429.35,2058616,2.0952255775806847,434.84455216402233,428.9097092365962,5.934842927426132,7.488308268820517,13.75,6.399999999999977,7.350000000000023,13.75,10.760714285714291,2384589.4,Sell
364,2023-12-22T00:00:00+05:30,429.0,440.4,427.9,439.2,2628120,1.9542276314882705,435.51462106186506,429.67195299684835,5.84266806501671,7.159180228059756,12.5,11.049999999999955,1.4500000000000455,12.5,10.964285714285719,2429530.85,Sell
365,2023-12-26T00:00:00+05:30,440.45,443.6,435.0,436.55,1207519,1.83516953852189,435.67391012927044,430.1814379600448,5.492472169225664,6.825838616292938,8.600000000000023,4.400000000000034,4.199999999999989,8.600000000000023,10.835714285714289,2367889.2,Sell
366,2023-12-27T00:00:00+05:30,437.65,442.2,434.45,436.85,1815608,1.7225453215926403,435.8548470324596,430.67540551855996,5.179441513899633,6.496559195814277,7.75,5.649999999999977,2.1000000000000227,7.75,10.90714285714286,2338545.2,Sell
367,2023-12-28T00:00:00+05:30,435.0,442.4,431.1,433.45,6971605,1.533287262899392,435.48487056592734,430.88093103570367,4.60393953022367,6.118035262696156,11.299999999999955,5.5499999999999545,5.75,11.299999999999955,11.200000000000001,2611461.35,Sell
368,2023-12-29T00:00:00+05:30,434.2,439.5,431.5,438.35,1519915,1.3128224444879815,435.9256597096308,431.4341954034293,4.491464306201465,5.792721071397218,8.0,6.050000000000011,1.9499999999999886,8.0,11.100000000000003,2490254.4,Sell
369,2024-01-01T00:00:00+05:30,440.0,441.4,434.45,436.1,928581,1.1971486111315839,435.9524812927645,431.77981055873084,4.172670734033659,5.468711003924507,6.949999999999989,3.0499999999999545,3.900000000000034,6.949999999999989,10.928571428571432,2357307.95,Sell
370,2024-01-02T00:00:00+05:30,437.0,440.4,429.25,438.2,2850481,1.1793935294891789,436.29825340157,432.255380146973,4.042873254596998,5.183543454059006,11.149999999999977,4.2999999999999545,6.850000000000023,11.149999999999977,10.99642857142857,2348420.0,Sell
371,2024-01-03T00:00:00+05:30,439.25,455.0,438.0,451.45,5554842,1.3258048821456139,438.62929133979,433.6772038397898,4.952087500000175,5.13725226324724,17.0,16.80000000000001,0.19999999999998863,17.0,11.696428571428568,2514809.85,Sell
372,2024-01-04T00:00:00+05:30,454.85,464.65,451.1,462.8,5215576,1.75289663428738,442.3478619028992,435.8344479998054,6.513413903093806,5.412484591216554,13.549999999999955,13.199999999999989,0.3499999999999659,13.549999999999955,12.017857142857135,2684573.05,Buy
373,2024-01-05T00:00:00+05:30,467.0,467.0,453.9,456.05,2712213,1.9549344332613863,444.45588314860703,437.3318962961161,7.12398685249093,5.754785043471429,13.100000000000023,4.199999999999989,8.900000000000034,13.100000000000023,12.439285714285704,2736135.15,Buy
374,2024-01-08T00:00:00+05:30,461.45,461.5,450.0,451.65,1954521,2.033430262801138,445.56267035651365,438.3924965704779,7.170173786035775,6.037862791984299,11.5,5.449999999999989,6.050000000000011,11.5,12.267857142857135,2753517.85,Buy
375,2024-01-09T00:00:00+05:30,458.9,460.7,452.2,458.55,2197685,2.1755915903283163,447.5607210708962,439.8856449726647,7.6750760982315,6.36530545323374,8.5,9.050000000000011,0.5500000000000114,9.050000000000011,12.299999999999995,2776943.5,Buy
376,2024-01-10T00:00:00+05:30,458.5,461.0,453.25,458.4,1519799,2.3074108412542897,449.2283024446045,441.2570786783932,7.971223766211267,6.686489115829246,7.75,2.4499999999999886,5.300000000000011,7.75,10.853571428571424,2734146.45,Buy
377,2024-01-11T00:00:00+05:30,459.95,463.85,458.2,459.55,1429325,2.39242461626833,450.8162559146653,442.6121098874011,8.204146027264187,6.990020498116234,5.650000000000034,5.4500000000000455,0.19999999999998863,5.650000000000034,10.274999999999997,2691627.9,No Signal
378,2024-01-12T00:00:00+05:30,464.0,464.0,456.35,461.55,1591267,2.5179341236033213,452.46760115856296,444.0149165624085,8.452684596154484,7.282553317723885,7.649999999999977,4.449999999999989,3.1999999999999886,7.649999999999977,9.928571428571425,2686501.9,No Signal
379,2024-01-15T00:00:00+05:30,465.0,478.5,459.8,476.95,4458232,2.832879577961772,456.2341240572456,446.45455237260046,9.779571684645134,7.781956991108135,18.69999999999999,16.94999999999999,1.75,18.69999999999999,10.649999999999993,2777312.3,No Signal
380,2024-01-16T00:00:00+05:30,478.9,478.95,461.4,468.45,2895440,3.0586658318303606,458.11348958690013,448.08384478944487,10.029644797455262,8.23149455237756,17.55000000000001,2.0,15.550000000000011,17.55000000000001,11.349999999999994,2705653.1,Buy
381,2024-01-17T00:00:00+05:30,466.0,469.15,460.0,461.95,2775046,3.1660982361355274,458.7037219581463,449.1109673976341,9.592754560512162,8.503746554004481,9.149999999999977,0.6999999999999886,8.449999999999989,9.149999999999977,11.196428571428568,2735520.55,Buy
382,2024-01-18T00:00:00+05:30,458.65,467.8,450.6,463.6,3411840,2.9645676046180798,459.45699550304687,450.18422907188346,9.272766431163404,8.657550529436266,17.19999999999999,5.850000000000023,11.349999999999966,17.19999999999999,11.853571428571424,2784811.55,Buy
383,2024-01-19T00:00:00+05:30,468.0,484.65,463.75,482.2,4333124,2.993664173931642,462.9559192718089,452.55576765915134,10.400151612657567,9.006070746080526,20.899999999999977,21.049999999999955,0.14999999999997726,21.049999999999955,12.860714285714279,2898536.95,Buy
384,2024-01-20T00:00:00+05:30,485.0,486.3,474.45,479.1,2256239,3.148452528470067,465.43962399922293,454.5220070918068,10.917616907416118,9.388379978347645,11.850000000000023,4.100000000000023,7.75,11.850000000000023,12.910714285714281,2879942.9,Buy
385,2024-01-23T00:00:00+05:30,485.0,486.0,466.85,471.3,4050796,3.134762837530775,466.3412203070348,455.7648213813026,10.576398925732178,9.625983767824552,19.149999999999977,6.899999999999977,12.25,19.149999999999977,13.064285714285708,3022106.75,Buy
386,2024-01-24T00:00:00+05:30,472.05,481.9,466.15,480.35,2754783,3.0817455332069215,468.49641718287563,457.5859457234284,10.910471459447251,9.882881306149093,15.75,10.599999999999966,5.150000000000034,15.75,13.22142857142857,3069065.5,Buy
387,2024-01-25T00:00:00+05:30,482.5,482.5,466.0,473.6,1845603,2.907719162000129,469.28158377012556,458.7721719661374,10.509411803988144,10.008187405716903,16.5,2.1499999999999773,14.350000000000023,16.5,13.46428571428571,2812765.4,Buy
388,2024-01-29T00:00:00+05:30,473.6,500.0,473.6,496.15,8503267,2.9607300757520805,473.4151862670293,461.54089996864576,11.874286298383538,10.38140718425023,26.399999999999977,26.399999999999977,0.0,26.399999999999977,14.528571428571423,3161933.0,Buy
389,2024-01-30T00:00:00+05:30,500.0,501.05,487.15,493.2,3676704,2.9292937710300317,476.45900376440943,463.8860184894868,12.572985274922644,10.819722802384714,13.900000000000034,4.900000000000034,9.0,13.900000000000034,14.874999999999996,3299339.15,Buy
390,2024-01-31T00:00:00+05:30,495.85,496.2,488.0,492.65,2911432,2.8012305291644233,478.9499262621926,466.0166837865618,12.933242475630777,11.242426737033927,8.199999999999989,3.0,5.199999999999989,8.199999999999989,14.907142857142853,3302386.7,Buy
391,2024-02-01T00:00:00+05:30,495.45,496.5,486.95,494.55,1703943,2.8544644149840135,481.3499376064707,468.13026276533503,13.219674841135657,11.637876357854275,9.550000000000011,3.8500000000000227,5.699999999999989,9.550000000000011,15.18571428571428,3109841.75,Buy
392,2024-02-02T00:00:00+05:30,515.95,515.95,497.75,500.0,8862376,3.045918062276134,484.219177974706,470.4909840419769,13.728193932729084,12.055939872829237,18.200000000000045,21.400000000000034,3.1999999999999886,21.400000000000034,16.16785714285714,3292181.75,Buy
393,2024-02-05T00:00:00+05:30,505.0,513.45,500.35,509.1,4845339,3.2423514033722336,488.04699674782813,473.35091114997863,14.696085597849503,12.58396901783329,13.100000000000023,13.450000000000045,0.35000000000002274,13.450000000000045,15.792857142857144,3398838.05,Buy
394,2024-02-06T00:00:00+05:30,510.0,511.5,504.55,506.15,1032953,3.2918326688520363,490.8320741712392,475.78047328701723,15.051600884221955,13.077495391111023,6.949999999999989,2.3999999999999773,4.550000000000011,6.949999999999989,15.035714285714286,3352759.65,Buy
395,2024-02-07T00:00:00+05:30,508.4,527.65,508.4,524.75,6135635,3.573656890525885,496.05021660643314,479.40784563612704,16.642370970306104,13.79047050695004,19.25,21.5,2.25,21.5,15.917857142857144,3549657.15,Buy
396,2024-02-08T00:00:00+05:30,527.45,530.5,523.0,525.1,2720940,3.8261700223818376,500.51941405159727,482.7924496630806,17.72696438851665,14.577769283263363,7.5,5.75,1.75,7.5,15.225000000000003,3609714.2,Buy
397,2024-02-09T00:00:00+05:30,525.6,537.0,523.45,532.95,5010458,4.06166613069154,505.50873496673614,486.5078237621117,19.000911204624458,15.462397667535583,13.549999999999955,11.899999999999977,1.6499999999999773,13.549999999999955,14.689285714285717,3788770.85,Buy
398,2024-02-12T00:00:00+05:30,535.55,538.55,526.35,530.4,6533765,4.22300459004586,509.338160356469,489.7590960760293,19.579064280439695,16.285730990116406,12.199999999999932,5.599999999999909,6.600000000000023,12.199999999999932,14.71428571428571,4035895.75,Buy
399,2024-02-13T00:00:00+05:30,530.4,532.2,515.4,523.6,1598809,4.401336377809399,511.5322895323969,492.26582970002715,19.26645983236972,16.88187675856707,16.800000000000068,1.8000000000000682,15.0,16.800000000000068,14.546428571428574,3892924.6,Buy
400,2024-02-14T00:00:00+05:30,518.0,529.4,515.0,527.7,2394798,4.39617984977738,514.0196296043358,494.8905830555807,19.129046548755127,17.331310716604683,14.399999999999977,5.7999999999999545,8.600000000000023,14.399999999999977,14.450000000000001,3867892.5,Buy
401,2024-02-15T00:00:00+05:30,528.85,531.5,524.95,527.6,1539340,4.245159055729315,516.1089173575149,497.3135028292414,18.79541452827351,17.624131478938452,6.5499999999999545,3.7999999999999545,2.75,6.5499999999999545,13.739285714285712,3806107.2,No Signal
402,2024-02-16T00:00:00+05:30,529.75,540.9,525.7,537.55,2301137,4.069230696219331,519.4075454563588,500.2939841011494,19.113561355209356,17.922017454192634,15.199999999999932,13.299999999999955,1.8999999999999773,15.199999999999932,12.939285714285708,3750572.05,No Signal
403,2024-02-19T00:00:00+05:30,538.5,544.6,535.1,542.45,2610308,4.174776440631983,522.9525384630729,503.4166519455087,19.535886517564165,18.24479126686694,9.5,7.050000000000068,2.449999999999932,9.5,12.624999999999991,3664431.25,No Signal
404,2024-02-20T00:00:00+05:30,543.0,551.2,542.8,548.65,2492365,4.2358864327429915,526.9059940841386,506.76727031991544,20.13872376422313,18.62357776633818,8.400000000000091,8.75,0.34999999999990905,8.75,12.664285714285707,3676237.55,No Signal
405,2024-02-21T00:00:00+05:30,548.75,564.65,546.15,557.0,3129382,4.176478364399465,531.5358411481172,510.48821325918095,21.04762788893629,19.1083877908578,18.5,16.0,2.5,18.5,13.30357142857142,3630166.85,No Signal
406,2024-02-22T00:00:00+05:30,559.95,583.2,552.9,578.85,7699038,4.420774205003653,538.8149425099454,515.5520493140565,23.262893195888864,19.939288871864015,30.300000000000068,26.200000000000045,4.100000000000023,30.300000000000068,13.939285714285708,3877379.6,No Signal
407,2024-02-23T00:00:00+05:30,580.0,602.75,579.0,594.5,6840055,4.701334272679604,547.3818744314922,521.4000456611634,25.981828770328775,21.14779685155697,23.75,23.899999999999977,0.14999999999997726,23.899999999999977,14.685714285714274,4127102.2,Buy
408,2024-02-26T00:00:00+05:30,594.5,599.5,567.0,579.7,12304371,5.051741465345184,552.3538937497242,525.7185607973735,26.635332952350723,22.245304071715722,32.5,5.0,27.5,32.5,16.510714285714275,4317157.4,Buy
409,2024-02-27T00:00:00+05:30,579.0,594.25,575.25,589.25,2853137,5.184965213392519,558.0302177882281,530.4245933309014,27.605624457326712,23.31736814883792,19.0,14.549999999999955,4.4500000000000455,19.0,16.33214285714285,4275979.05,Buy
410,2024-02-28T00:00:00+05:30,588.05,590.0,566.3,570.9,3555297,5.200589780121095,560.0101842823469,533.4227716026865,26.587412679660474,23.971377055002435,23.700000000000045,0.75,22.950000000000045,23.700000000000045,17.489285714285707,4308172.3,Buy
411,2024-02-29T00:00:00+05:30,570.9,589.75,564.5,586.7,6652490,5.012523415625392,564.1163097773705,537.3692329654505,26.74707681192001,24.52651700638595,25.25,18.850000000000023,6.399999999999977,25.25,18.324999999999996,4555599.65,Buy
412,2024-03-01T00:00:00+05:30,589.9,594.9,585.1,589.25,4153999,4.929429041028236,567.9830313500827,541.2122527457875,26.770778604295174,24.975369325967797,9.799999999999955,8.199999999999932,1.6000000000000227,9.799999999999955,18.15357142857143,4320180.8,Buy
413,2024-03-02T00:00:00+05:30,592.0,597.0,585.85,589.5,335997,4.88221636191952,571.2933342193007,544.7891229127662,26.504211306534557,25.28113772208115,11.149999999999977,7.75,3.3999999999999773,11.149999999999977,17.749999999999993,4094713.7,Buy
414,2024-03-04T00:00:00+05:30,589.0,592.05,583.6,588.35,4294901,4.684706232549667,573.9174366471007,548.0158545488575,25.901582098243125,25.405226597313547,8.449999999999932,2.5499999999999545,5.899999999999977,8.449999999999932,17.32499999999999,4257811.1,Buy
415,2024-03-05T00:00:00+05:30,589.0,594.8,583.55,584.85,2307428,4.634783438915788,575.5993694706236,550.7443097674607,24.855059703162965,25.295193218483433,11.25,6.449999999999932,4.800000000000068,11.25,17.660714285714278,4066400.75,Sell
416,2024-03-06T00:00:00+05:30,586.9,587.2,565.1,574.1,4919809,4.5206225294656806,575.3686972443738,552.474360895797,22.89433634857687,24.815021844502123,22.100000000000023,2.3500000000000227,19.75,22.100000000000023,18.15357142857143,4176344.2,Sell
417,2024-03-07T00:00:00+05:30,577.0,589.7,575.0,587.7,2853111,4.344850154501527,577.2658207452394,555.0836674961083,22.182153249131034,24.288448125427905,14.700000000000045,15.600000000000023,0.8999999999999773,15.600000000000023,18.589285714285715,4068476.85,Sell
418,2024-03-11T00:00:00+05:30,582.0,588.15,569.5,572.9,6383737,4.224048761585284,576.5941560152025,556.4033958297299,20.19076018547264,23.468910537436855,18.649999999999977,0.4499999999999318,18.200000000000045,18.649999999999977,19.29642857142857,4060975.45,Sell
419,2024-03-12T00:00:00+05:30,570.1,576.35,563.2,568.25,2126951,3.8503281592266756,575.3104397051713,557.2809220645647,18.029517640606628,22.38103195807081,13.149999999999977,3.4500000000000455,9.699999999999932,13.149999999999977,18.91428571428571,4087382.55,Sell
420,2024-03-13T00:00:00+05:30,573.95,577.25,540.25,544.7,4503786,3.7527668192519235,570.6011412889911,556.349001911634,14.252139377357139,20.755253441928076,37.0,9.0,28.0,37.0,19.392857142857135,4192831.95,Sell
421,2024-03-14T00:00:00+05:30,543.0,567.95,531.05,565.35,2123175,3.154663424092236,569.7932733983771,557.0157425107723,12.777530887604826,19.159708931063427,36.90000000000009,23.25,13.650000000000091,36.90000000000009,20.321428571428573,4222023.7,Sell
422,2024-03-15T00:00:00+05:30,565.0,565.9,549.95,562.3,3026811,2.8542918987373085,568.6404621063191,557.4071689914558,11.233293114863272,17.574425767823396,15.949999999999932,0.5499999999999545,15.399999999999977,15.949999999999932,19.13928571428571,4258307.4,Sell
423,2024-03-18T00:00:00+05:30,562.5,562.5,545.45,552.9,3707336,2.734637702089362,566.2188525515007,557.0733046217183,9.145547929782424,15.888650200215203,17.049999999999955,0.20000000000004547,16.84999999999991,17.049999999999955,18.999999999999993,4313158.8,Sell
424,2024-03-19T00:00:00+05:30,552.95,557.3,545.0,549.1,1992559,2.7463009523702318,563.5851829281929,556.482689464554,7.1024934636388934,14.131418852899941,12.299999999999955,4.399999999999977,7.899999999999977,12.299999999999955,18.185714285714273,4288168.5,Sell
425,2024-03-20T00:00:00+05:30,550.0,556.0,541.05,547.9,1320067,2.8749673670182356,561.1720778623171,555.8469346894019,5.325143172915205,12.370163716902994,14.950000000000045,6.899999999999977,8.050000000000068,14.950000000000045,17.44999999999999,4197702.75,No Signal
426,2024-03-21T00:00:00+05:30,550.0,564.95,548.9,563.4,1660541,2.8172431106844016,561.5148351142683,556.4064210087055,5.108414105562815,10.91781379463496,16.050000000000068,17.050000000000068,1.0,17.050000000000068,17.967857142857138,3895777.9,No Signal
427,2024-03-22T00:00:00+05:30,562.9,564.7,554.5,557.05,2340891,2.7672236264702557,560.8279374043809,556.4540935265792,4.373843877801733,9.609019811268315,10.200000000000045,1.3000000000000682,8.899999999999977,10.200000000000045,17.900000000000002,3670819.7,No Signal
428,2024-03-26T00:00:00+05:30,549.05,570.95,549.05,568.95,1818254,2.687410891579539,562.0774854960147,557.379716228314,4.697769267700664,8.626769702554785,21.90000000000009,13.900000000000091,8.0,21.90000000000009,18.860714285714298,3146513.85,Sell
429,2024-03-27T00:00:00+05:30,569.55,593.0,569.1,585.85,6671977,2.575773250833607,565.7347954197047,559.4886261373277,6.246169282376968,8.150649618519223,23.899999999999977,24.049999999999955,0.14999999999997726,24.049999999999955,19.77500000000001,3337455.85,Sell
430,2024-03-28T00:00:00+05:30,589.5,595.55,583.1,591.15,4201009,2.6696975937824687,569.6448268935962,561.8339130901182,7.810913803478002,8.08270245551098,12.449999999999932,9.699999999999932,2.75,12.449999999999932,19.08571428571429,3369741.45,Sell
431,2024-04-01T00:00:00+05:30,600.0,606.4,594.25,601.4,4491705,2.7990885129308736,574.5302381407353,564.7647343427021,9.765503798033137,8.419262724015411,12.149999999999977,15.25,3.1000000000000227,15.25,19.060714285714287,3261702.2,Buy
432,2024-04-02T00:00:00+05:30,602.85,608.2,596.7,605.7,2448259,2.982504812181053,579.3255861190837,567.7969762432427,11.52860987584097,9.041132154380524,11.5,6.800000000000068,4.699999999999932,11.5,18.550000000000004,3176415.2,No Signal
433,2024-04-03T00:00:00+05:30,603.95,618.45,599.95,614.15,4114999,3.253919083054128,584.6831882546093,571.2305335585581,13.452654696051127,9.923436662714645,18.5,12.75,5.75,18.5,18.93214285714286,3365365.3,Buy
434,2024-04-04T00:00:00+05:30,611.3,622.5,611.3,617.95,2743635,3.5709370281998525,589.8011592923617,574.6912347764427,15.109924515919033,10.960734233355522,11.200000000000045,8.350000000000023,2.8500000000000227,11.200000000000045,17.089285714285722,3287802.0,No Signal
435,2024-04-05T00:00:00+05:30,620.0,622.2,608.65,613.3,2992901,3.8397353804840946,593.4163655550753,577.551143311521,15.865222243554399,11.941631835395299,13.550000000000068,4.25,9.300000000000068,13.550000000000068,15.421428571428578,3322075.65,No Signal
436,2024-04-08T00:00:00+05:30,618.0,618.95,566.8,605.1,5948650,4.022619116810586,595.2138477773715,579.5917993625194,15.622048414852088,12.677715151286657,52.15000000000009,5.650000000000091,46.5,52.15000000000009,18.007142857142874,3373517.7,No Signal
437,2024-04-09T00:00:00+05:30,608.0,608.0,594.5,597.1,1371873,4.121909583274236,595.5040250423913,580.8887031134439,14.615321928947424,13.065236506818811,13.5,2.8999999999999773,10.600000000000023,13.5,17.75357142857145,3299455.8,No Signal
438,2024-04-10T00:00:00+05:30,599.5,605.0,595.2,596.45,1126936,4.167244941061738,595.6495596512542,582.0413917717073,13.608167879546954,13.173822781364441,9.799999999999955,7.899999999999977,1.8999999999999773,9.799999999999955,17.57500000000002,3036615.75,No Signal
439,2024-04-12T00:00:00+05:30,598.8,615.9,596.65,607.45,6547758,4.179224315953977,597.4650120125997,583.923510899729,13.54150111287072,13.247358447665697,19.25,19.449999999999932,0.1999999999999318,19.449999999999932,17.896428571428583,3257656.1,No Signal
440,2024-04-15T00:00:00+05:30,600.0,607.9,593.8,597.55,3255718,4.01157958113984,597.4780870875843,584.932880462712,12.545206624872321,13.106928083107022,14.100000000000023,0.4499999999999318,13.650000000000091,14.100000000000023,17.685714285714294,3195252.7,No Signal
441,2024-04-16T00:00:00+05:30,597.6,604.8,592.0,600.15,705174,3.954214640859146,597.8891506125714,586.060074502511,11.829076110060328,12.851357688497684,12.799999999999955,7.25,5.5499999999999545,12.799999999999955,17.871428571428574,3124352.65,No Signal
442,2024-04-18T00:00:00+05:30,588.5,599.1,586.05,593.4,1922353,3.8851390353134154,597.1985120567912,586.6037726875102,10.594739369281001,12.400034024654348,13.050000000000068,1.0499999999999545,14.100000000000023,14.100000000000023,17.314285714285713,3069129.75,No Signal
443,2024-04-19T00:00:00+05:30,585.95,598.85,579.25,597.05,3224498,3.6095988350082644,597.175664048054,587.3775673032502,9.798096744803843,11.879646568684247,19.600000000000023,5.4500000000000455,14.149999999999977,19.600000000000023,16.996428571428574,3044987.85,No Signal
444,2024-04-22T00:00:00+05:30,604.3,604.45,584.0,585.35,3414434,3.295672624903333,595.3563311175842,587.227377132639,8.128953984945156,11.12950805193643,20.450000000000045,7.400000000000091,13.049999999999955,20.450000000000045,17.567857142857154,3116081.6,No Signal
445,2024-04-23T00:00:00+05:30,588.7,607.0,585.5,604.3,2926476,2.706430150703484,596.7322801764174,588.4920158635547,8.240264312862678,10.55165930412168,21.5,21.649999999999977,0.14999999999997726,21.649999999999977,18.02500000000001,3196402.05,Sell
446,2024-04-24T00:00:00+05:30,609.6,615.5,602.65,608.0,3503688,2.428044311579382,598.4657755338916,589.9370517255136,8.528723808378004,10.147072204972945,12.850000000000023,11.200000000000045,1.6499999999999773,12.850000000000023,18.121428571428584,3288559.4,Sell
447,2024-04-25T00:00:00+05:30,590.0,599.7,576.0,577.25,10431160,2.140002220323127,595.201810067139,588.9972701162163,6.204539950922708,9.358565754162898,23.700000000000045,8.299999999999955,32.0,32.0,19.085714285714296,3693072.85,Sell
448,2024-04-26T00:00:00+05:30,584.8,584.8,560.35,568.95,6897520,2.1712211647447486,591.1630700568099,587.5122871446448,3.650782912165141,8.217009185763347,24.449999999999932,7.5499999999999545,16.899999999999977,24.449999999999932,20.032142857142862,3947036.15,Sell
449,2024-04-29T00:00:00+05:30,575.0,585.9,572.0,582.6,5777304,2.1535404790943597,589.8456746634546,587.1484140228192,2.6972606406353634,7.11305947673775,13.899999999999977,16.949999999999932,3.0499999999999545,16.949999999999932,20.274999999999995,3902302.5,Sell
450,2024-04-30T00:00:00+05:30,585.95,591.2,575.35,576.75,4807390,2.316470943488711,587.8309554844616,586.37816113224,1.452794352221531,5.9810064518345065,15.850000000000023,8.600000000000023,7.25,15.850000000000023,17.682142857142846,3932621.55,No Signal
451,2024-05-02T00:00:00+05:30,578.55,584.15,575.0,576.15,2192757,2.4546041277843345,586.033885409929,585.6205195668889,0.41336584304008284,4.867478330075622,9.149999999999977,7.399999999999977,1.75,9.149999999999977,17.37142857142856,3817674.15,No Signal
452,2024-05-03T00:00:00+05:30,579.75,581.0,565.15,570.6,2071931,2.6383265374079494,583.6594415007091,584.5078884878601,-0.8484469871509646,3.724293266630305,15.850000000000023,4.850000000000023,11.0,15.850000000000023,17.80357142857142,3798857.75,No Signal
453,2024-05-06T00:00:00+05:30,573.4,578.5,570.15,571.3,1900584,2.6529628501474845,581.7579889621385,583.5295263776483,-1.7715374155097834,2.625127130202287,8.350000000000023,7.899999999999977,0.4500000000000455,8.350000000000023,17.010714285714283,3688137.0,No Signal
454,2024-05-07T00:00:00+05:30,574.9,584.9,559.0,566.1,3998960,2.645858078690545,579.349067583348,582.2384503496743,-2.889382766326321,1.5222251508965656,25.899999999999977,13.600000000000023,12.299999999999955,25.899999999999977,17.853571428571424,3750903.25,No Signal
455,2024-05-08T00:00:00+05:30,565.8,571.0,560.05,563.55,2488807,2.6601945407914465,576.9184418012944,580.8541206941428,-3.9356788928483866,0.43064434214757524,10.950000000000045,4.899999999999977,6.050000000000068,10.950000000000045,17.72142857142857,3725698.55,No Signal
456,2024-05-09T00:00:00+05:30,564.9,568.55,549.4,550.65,2103481,2.98802866387667,572.8771430626338,578.6167784205026,-5.739635357868792,-0.8034115978556982,19.149999999999977,5.0,14.149999999999977,19.149999999999977,18.082142857142856,3533440.1,Sell
457,2024-05-10T00:00:00+05:30,552.1,552.9,538.1,543.55,3267167,3.408636065592247,568.3652748991516,576.019239278243,-7.653964379091462,-2.173522154102851,14.799999999999955,2.25,12.549999999999955,14.799999999999955,17.739285714285707,3628204.8,No Signal
458,2024-05-13T00:00:00+05:30,543.55,560.0,535.9,557.4,6078325,3.4017632399563076,566.6783095300514,574.6400363687436,-7.961726838692243,-3.3311630910207297,24.100000000000023,16.450000000000045,7.649999999999977,24.100000000000023,17.999999999999993,3875774.25,No Signal
459,2024-05-14T00:00:00+05:30,559.95,566.6,556.2,564.55,2878223,3.203933967305751,566.3508772946589,573.8926262673552,-7.541748972696382,-4.17328026735586,10.399999999999977,9.200000000000045,1.1999999999999318,10.399999999999977,17.196428571428562,3692297.5,No Signal
460,2024-05-15T00:00:00+05:30,564.55,569.85,562.0,563.55,713765,3.14506904588143,565.9199730954806,573.1265058031067,-7.206532707626138,-4.779930755409916,7.850000000000023,5.300000000000068,2.5499999999999545,7.850000000000023,16.839285714285705,3565199.85,No Signal
461,2024-05-16T00:00:00+05:30,563.8,574.8,561.6,568.8,2941336,2.961662650597256,566.3630541577144,572.8060238917654,-6.442969734051076,-5.112538551138148,13.199999999999932,11.25,1.9499999999999318,13.199999999999932,15.496428571428558,3677007.95,No Signal
462,2024-05-17T00:00:00+05:30,573.0,574.0,566.0,571.1,2434379,2.8464889112562624,567.0918150565276,572.6796517516347,-5.5878366951070575,-5.207598179931931,8.0,5.2000000000000455,2.7999999999999545,8.0,14.321428571428564,3702609.25,No Signal
463,2024-05-18T00:00:00+05:30,571.3,574.8,569.2,571.0,199410,2.6748976965836597,567.6930742786003,572.5552331033654,-4.862158824765061,-5.138510308898557,5.599999999999909,3.699999999999932,1.8999999999999773,5.599999999999909,13.510714285714275,3551354.85,No Signal
464,2024-05-21T00:00:00+05:30,570.75,572.45,561.6,569.15,2227289,2.628292559177393,567.9172166972771,572.3029936142271,-4.385776916950022,-4.98796363050885,10.850000000000023,1.4500000000000455,9.399999999999977,10.850000000000023,13.15357142857142,3491997.6,No Signal
465,2024-05-22T00:00:00+05:30,570.95,575.7,565.1,573.15,1349982,2.2341281093413388,568.7222602823114,572.3657348279881,-3.6434745456767814,-4.719065813542437,10.600000000000023,6.550000000000068,4.0499999999999545,10.600000000000023,13.257142857142851,3413172.9,No Signal
466,2024-05-23T00:00:00+05:30,573.45,576.7,562.3,567.55,2683179,1.6026110908802675,568.5419125465711,572.0090137296187,-3.467101183047589,-4.468672887443468,14.400000000000091,3.550000000000068,10.850000000000023,14.400000000000091,13.153571428571427,3372147.45,No Signal
467,2024-05-24T00:00:00+05:30,565.65,573.25,564.05,569.85,1868452,1.550015002400642,568.7431567701756,571.849086786684,-3.1059300165084096,-4.1961243132564565,9.200000000000045,5.7000000000000455,3.5,9.200000000000045,13.214285714285714,2944012.05,No Signal
468,2024-05-27T00:00:00+05:30,573.5,586.5,569.0,581.1,8923333,1.6096371612275178,570.644209574764,572.5343396173,-1.8901300425360432,-3.734925459112374,17.5,16.649999999999977,0.8500000000000227,17.5,12.614285714285716,3045302.7,No Signal
469,2024-05-28T00:00:00+05:30,584.8,586.5,571.1,572.45,3517947,1.5324729467045355,570.9220234863387,572.5280922382408,-1.6060687519020576,-3.3091541176703108,15.399999999999977,5.399999999999977,10.0,15.399999999999977,12.932142857142853,2932334.85,No Signal
470,2024-05-29T00:00:00+05:30,572.45,573.05,565.05,565.85,1729332,1.5015311662594588,570.1417121807482,572.0334187391119,-1.891706558363694,-3.0256646058089878,8.0,0.599999999999909,7.400000000000091,8.0,12.135714285714284,2778431.95,No Signal
471,2024-05-30T00:00:00+05:30,565.9,567.05,554.7,557.2,4690139,1.5189571481749076,568.1506795375561,570.9346469806592,-2.7839674431030517,-2.9773251732678006,12.349999999999909,1.1999999999999318,11.149999999999977,12.349999999999909,11.96071428571428,2903301.05,No Signal
472,2024-05-31T00:00:00+05:30,559.7,562.0,547.0,557.4,9170940,1.5416855711703867,566.4967288394706,569.9320805376474,-3.43535169817676,-3.0689304782495928,15.0,4.7999999999999545,10.200000000000045,15.0,11.31071428571428,3258251.5,No Signal
473,2024-06-03T00:00:00+05:30,577.0,582.5,568.0,576.5,6380437,1.536888687614471,568.0356936333982,570.4185930904142,-2.3828994570160376,-2.9317242740028817,14.5,25.100000000000023,10.600000000000023,25.100000000000023,12.360714285714282,3482244.15,No Signal
474,2024-06-04T00:00:00+05:30,579.95,580.15,506.45,530.3,7888936,2.2344706554957994,562.2302023051831,567.4468454540872,-5.216643148904154,-3.3887080489831365,73.69999999999999,3.6499999999999773,70.05000000000001,73.69999999999999,17.06428571428571,3676742.95,Sell
475,2024-06-05T00:00:00+05:30,530.3,577.45,521.55,572.9,6438482,2.098963705759025,563.8717096428472,567.8507828278586,-3.979073185011316,-3.5067810761887728,55.90000000000009,47.15000000000009,8.75,55.90000000000009,20.11428571428572,3874226.7,Sell
476,2024-06-06T00:00:00+05:30,580.0,584.8,572.85,583.5,3781546,2.1108332035819672,566.8914466208707,569.009984099869,-2.1185374789982916,-3.229132356750677,11.949999999999932,11.899999999999977,0.049999999999954525,11.949999999999932,20.396428571428572,3958129.95,Buy
477,2024-06-07T00:00:00+05:30,585.0,593.45,574.65,585.1,4672844,2.02600616124544,569.6927625253521,570.2018371295084,-0.5090746041562397,-2.6851208062317897,18.800000000000068,9.950000000000045,8.850000000000023,18.800000000000068,21.339285714285726,4028413.8,Buy
478,2024-06-10T00:00:00+05:30,591.0,591.0,576.25,582.3,7450625,2.060422602526319,571.6323375214517,571.0979973421373,0.5343401793144267,-2.0412286091225464,14.75,5.899999999999977,8.850000000000023,14.75,21.617857142857154,4097028.8,Buy
479,2024-06-11T00:00:00+05:30,582.0,586.05,577.85,582.05,3691089,2.1095113243659696,573.2350548258438,571.9092567982752,1.3257980275685668,-1.3678232817843239,8.199999999999932,3.75,4.449999999999932,8.199999999999932,21.446428571428577,4137672.1,Buy
480,2024-06-12T00:00:00+05:30,582.05,588.7,580.35,584.5,4878756,2.1531910492978237,574.9681233141755,572.8419044428474,2.126218871328092,-0.6690148511618408,8.350000000000023,6.650000000000091,1.6999999999999318,8.350000000000023,21.014285714285712,4345921.65,Buy
481,2024-06-13T00:00:00+05:30,588.9,594.0,584.0,589.3,3084488,2.2414149321438046,577.173027419687,574.0610226322661,3.112004787420801,0.08718907655468759,10.0,9.5,0.5,10.0,21.071428571428566,4353079.25,Buy
482,2024-06-14T00:00:00+05:30,590.0,615.6,589.95,613.85,9597845,2.6332953464760256,582.815638585889,577.0083542891354,5.807284296753664,1.231208120594483,25.649999999999977,26.300000000000068,0.650000000000091,26.300000000000068,21.7,4711252.55,Buy
483,2024-06-18T00:00:00+05:30,616.95,626.0,612.35,621.45,5305896,3.100639508409806,588.7593864957522,580.3003280454957,8.45905845025652,2.6767781865268905,13.649999999999977,12.149999999999977,1.5,13.649999999999977,21.575,4966576.85,Buy
484,2024-06-19T00:00:00+05:30,623.95,623.95,610.75,617.05,3334339,3.4285796918128137,593.1117885733288,583.0225259680516,10.089262605277213,4.159275070276955,13.200000000000045,2.5,10.700000000000045,13.200000000000045,21.946428571428577,5021929.35,Buy
485,2024-06-20T00:00:00+05:30,618.1,641.95,618.05,638.4,7142199,3.897594070953444,600.0792057158936,587.1245610815292,12.9546446343644,5.918348983094444,23.90000000000009,24.90000000000009,1.0,24.90000000000009,22.84285714285716,5311540.2,Buy
486,2024-06-21T00:00:00+05:30,643.85,648.0,633.5,637.5,5842145,4.307909748823644,605.8362509903716,590.85607507549,14.980175914881556,7.730714369451867,14.5,9.600000000000023,4.899999999999977,14.5,22.807142857142875,5469488.5,Buy
487,2024-06-24T00:00:00+05:30,639.0,654.7,631.45,648.15,8060753,4.700625109784199,612.3460585303144,595.1000695143426,17.24598901597176,9.633769298755846,23.25,17.200000000000045,6.0499999999999545,23.25,22.675000000000015,5779103.55,Buy
488,2024-06-25T00:00:00+05:30,649.0,661.5,646.8,659.75,4233594,5.1738373477983295,619.6389726025737,599.888953254021,19.75001934855277,11.657019308715231,14.700000000000045,13.350000000000023,1.3500000000000227,14.700000000000045,18.460714285714307,5544616.6,No Signal
489,2024-06-26T00:00:00+05:30,660.0,662.95,646.35,649.95,4402142,5.5292676271682755,624.3022075867932,603.5971789389083,20.705028647884888,13.466621176549163,16.600000000000023,3.2000000000000455,13.399999999999977,16.600000000000023,15.653571428571443,5588826.35,No Signal
490,2024-06-27T00:00:00+05:30,650.25,652.2,614.25,624.4,6641760,5.7004809354216635,624.3172525734404,605.1381286471374,19.179123926303077,14.609121726499946,37.950000000000045,2.25,35.700000000000045,37.950000000000045,17.510714285714307,5834447.75,No Signal
491,2024-06-28T00:00:00+05:30,629.5,630.9,618.25,625.05,3063821,5.51269851952264,624.4299829467573,606.6130820806827,17.816900866074548,15.250677554414867,12.649999999999977,6.5,6.149999999999977,12.649999999999977,17.071428571428587,5753131.85,No Signal
492,2024-07-01T00:00:00+05:30,625.1,626.0,610.15,614.8,2441789,5.322185252614867,622.9484471087947,607.2195204450766,15.728926663718084,15.346327376275513,15.850000000000023,0.9500000000000455,14.899999999999977,15.850000000000023,17.150000000000016,5416674.3,No Signal
493,2024-07-02T00:00:00+05:30,617.0,617.75,600.2,603.7,3026727,5.292290422753244,619.9871475535955,606.9588152269228,13.02833232667274,14.882728366354959,17.549999999999955,2.9500000000000455,14.599999999999909,17.549999999999955,17.81785714285716,5248988.8,No Signal
494,2024-07-03T00:00:00+05:30,605.15,609.55,595.0,599.8,3344910,4.387002686486546,616.88143254535,606.4285326175211,10.452899927828867,13.996762678649741,14.549999999999955,5.849999999999909,8.700000000000045,14.549999999999955,18.2607142857143,5021787.5,No Signal
495,2024-07-04T00:00:00+05:30,602.7,619.95,600.45,612.65,5063028,4.028548929270779,616.2304429229885,606.8893820532603,9.341060869728153,13.065622316865424,19.5,20.15000000000009,0.650000000000091,20.15000000000009,18.985714285714305,4953014.8,No Signal
496,2024-07-05T00:00:00+05:30,615.8,621.0,610.6,614.5,2592445,3.84676325269339,615.9642209348364,607.4531315307966,8.511089404039808,12.154715734300302,10.399999999999977,8.350000000000023,2.0499999999999545,10.399999999999977,17.850000000000016,4893559.75,No Signal
497,2024-07-08T00:00:00+05:30,615.0,616.1,604.1,608.7,5074219,3.7166605583602923,614.8466484833231,607.545492158145,7.301156325178113,11.184003852475865,12.0,1.6000000000000227,10.399999999999977,12.0,17.732142857142872,4913628.5,No Signal
498,2024-07-09T00:00:00+05:30,610.0,624.95,605.55,609.0,2533290,3.4896297153272324,613.9471641012734,607.6532334797638,6.293930621509617,10.205989206282617,19.40000000000009,16.25,3.150000000000091,19.40000000000009,18.17500000000002,4667761.75,No Signal
499,2024-07-10T00:00:00+05:30,610.45,612.9,596.85,609.85,1926862,3.221088840650852,613.3168311626159,607.8159569257073,5.500874236908658,9.264966212407826,16.049999999999955,3.8999999999999773,12.149999999999977,16.049999999999955,17.54285714285715,4579550.4,No Signal
500,2024-07-11T00:00:00+05:30,612.0,613.45,598.2,602.7,2785481,3.041913895746448,611.6834725222135,607.4369971534327,4.246475368780807,8.261268043682422,15.25,3.6000000000000227,11.649999999999977,15.25,17.596428571428582,4474886.65,No Signal
501,2024-07-12T00:00:00+05:30,603.2,605.2,592.3,594.05,1747038,3.020145870579102,608.9706305957191,606.4453677346598,2.5252628610592183,7.114067007157782,12.900000000000091,2.5,10.400000000000091,12.900000000000091,16.857142857142872,4408014.15,No Signal
502,2024-07-15T00:00:00+05:30,593.0,595.2,583.5,591.65,4100715,3.2136641583794554,606.3059181963777,605.3494145691295,0.9565036272481393,5.882554331175854,11.700000000000045,1.150000000000091,10.549999999999955,11.700000000000045,16.64285714285716,4133157.65,No Signal
503,2024-07-16T00:00:00+05:30,591.95,595.55,582.05,586.85,3014603,3.4630390962874356,603.3127000123195,603.9790875640089,-0.666387551689354,4.572765954602812,13.5,3.8999999999999773,9.600000000000023,13.5,16.421428571428585,4018593.0,No Signal
504,2024-07-18T00:00:00+05:30,586.9,588.85,579.15,582.3,2417869,3.7419145547452106,600.0799769335011,602.3732292259341,-2.2932522924329533,3.199562305195659,9.700000000000045,2.0,7.7000000000000455,9.700000000000045,14.403571428571443,3972769.5,No Signal
505,2024-07-19T00:00:00+05:30,582.3,583.0,571.05,577.9,3139415,3.9198028495080544,596.6676727898856,600.5603974314205,-3.892724641534869,1.7811049158495535,11.950000000000045,0.7000000000000455,11.25,11.950000000000045,14.353571428571447,3772630.3,No Signal
506,2024-07-22T00:00:00+05:30,573.1,631.45,573.1,620.35,26109344,3.5427397605879865,600.3111077452878,602.0262939179819,-1.7151861726940751,1.081846698140828,58.35000000000002,53.55000000000007,4.7999999999999545,58.35000000000002,17.389285714285734,4785990.25,No Signal
507,2024-07-23T00:00:00+05:30,620.35,626.1,601.1,623.5,6448328,3.2833144924456783,603.8786296306282,603.6169388129462,0.2616908176820516,0.9178155220490727,25.0,5.75,19.25,25.0,17.921428571428596,4705369.0,Sell
508,2024-07-24T00:00:00+05:30,624.85,638.6,620.65,633.4,4966717,2.8126871125839132,608.4203789182238,605.8230914934687,2.597287424755109,1.25370990259028,17.950000000000045,15.100000000000023,2.8500000000000227,17.950000000000045,18.164285714285743,4742025.15,Buy
509,2024-07-25T00:00:00+05:30,629.85,632.0,618.5,623.45,5421179,2.479632812010723,610.7326283154201,607.1287884198784,3.6038398955416824,1.7237359011805606,13.5,1.3999999999999773,14.899999999999977,14.899999999999977,17.789285714285736,4792977.0,Buy
510,2024-07-26T00:00:00+05:30,631.3,649.0,627.25,647.0,4629592,2.6935439178291656,616.3122239592017,610.0822114998874,6.230012459314253,2.6249912128072994,21.75,25.549999999999955,3.7999999999999545,25.549999999999955,18.87142857142859,4692368.6,Buy
511,2024-07-29T00:00:00+05:30,651.45,653.8,640.8,649.75,3791640,2.9834892777461155,621.4564971962476,613.0205662035995,8.435930992648082,3.787179168775456,13.0,6.7999999999999545,6.2000000000000455,13.0,18.94285714285716,4728759.55,Buy
512,2024-07-30T00:00:00+05:30,649.0,649.0,634.4,646.2,4056660,3.2459891160802554,625.2631899352864,615.47830204037,9.784887894916437,4.986720914003652,14.600000000000023,0.75,15.350000000000023,15.350000000000023,18.653571428571443,4809503.1,Buy
513,2024-07-31T00:00:00+05:30,646.2,647.35,639.1,642.05,1874629,3.4142914624779195,627.8457760990884,617.4465759633055,10.399200135782962,6.069216758359515,8.25,1.1499999999999773,7.100000000000023,8.25,18.09642857142859,4751898.2,Buy
514,2024-08-01T00:00:00+05:30,642.05,642.35,630.65,632.15,1504378,3.4847222191419283,628.5079643915363,618.5357184845421,9.972245906994203,6.849822588086453,11.700000000000045,0.3000000000000682,11.399999999999977,11.700000000000045,17.842857142857163,4659871.6,Buy
515,2024-08-02T00:00:00+05:30,627.9,635.9,623.05,628.8,1814825,3.533357468736869,628.5528929466846,619.2960356338353,9.256857312849206,7.3312295330390045,12.850000000000023,3.75,9.100000000000023,12.850000000000023,17.83928571428573,4497461.45,Buy
516,2024-08-05T00:00:00+05:30,611.2,624.5,600.0,609.2,5384751,3.6557344270985497,625.5755248010407,618.5481811424402,7.027343658600557,7.270452358151315,24.5,4.2999999999999545,28.799999999999955,28.799999999999955,19.060714285714294,4637076.75,Sell
517,2024-08-06T00:00:00+05:30,610.15,619.05,595.0,596.95,2833495,3.789936511271883,621.171597908573,616.9483158726298,4.223282035943157,6.6610182937096845,24.049999999999955,9.849999999999909,14.200000000000045,24.049999999999955,19.81428571428572,4525040.55,Sell
518,2024-08-07T00:00:00+05:30,605.0,623.75,600.4,620.6,2716217,3.6418323464084392,621.0836597687925,617.2188109931757,3.8648487756167924,6.101784390091106,23.350000000000023,26.799999999999955,3.449999999999932,26.799999999999955,21.035714285714285,4534186.9,Sell
519,2024-08-08T00:00:00+05:30,616.1,622.0,611.05,614.2,1845858,3.6731464330128407,620.0246351889782,616.9951953640516,3.0294398249266123,5.487315477058208,10.950000000000045,1.3999999999999773,9.550000000000068,10.950000000000045,20.964285714285715,4530136.7,Sell
520,2024-08-09T00:00:00+05:30,618.1,629.4,614.75,618.45,1822436,3.6122538952587595,619.7823836214432,617.1029586704182,2.6794249510249983,4.925737371851566,14.649999999999977,15.199999999999932,0.5499999999999545,15.199999999999932,17.88214285714285,4481984.45,No Signal
521,2024-08-12T00:00:00+05:30,614.35,620.95,605.25,617.15,2938363,3.513199399613908,619.3774015258365,617.1064432133502,2.2709583124863,4.394781559978513,15.700000000000045,2.5,13.200000000000045,15.700000000000045,17.217857142857138,4541550.7,No Signal
522,2024-08-13T00:00:00+05:30,617.95,621.25,609.1,610.75,1741167,3.4155869205197287,618.0501089834002,616.6355955679169,1.4145134154832704,3.798727931079465,12.149999999999977,4.100000000000023,8.049999999999955,12.149999999999977,16.80357142857142,4423573.3,No Signal
523,2024-08-14T00:00:00+05:30,611.65,613.0,599.55,611.45,2877894,3.1966616416992166,617.0347076013386,616.2514773777008,0.7832302236378155,3.1956283895911355,13.450000000000045,2.25,11.200000000000045,13.450000000000045,16.699999999999996,4416737.85,No Signal
524,2024-08-16T00:00:00+05:30,619.65,625.6,611.15,623.2,1277279,2.789329597060839,617.9832141242096,616.7661827571303,1.2170313670792439,2.7999089850887575,14.450000000000045,14.149999999999977,0.3000000000000682,14.450000000000045,15.90714285714286,4359708.35,No Signal
525,2024-08-19T00:00:00+05:30,627.9,630.75,608.4,613.15,3642710,2.3033579039754466,617.239642720485,616.4983173677133,0.7413253527716961,2.3881922586253452,22.350000000000023,7.5499999999999545,14.800000000000068,22.350000000000023,16.575000000000006,4384873.1,No Signal
526,2024-08-20T00:00:00+05:30,623.9,623.9,607.6,616.15,2121144,2.3066591551809568,617.072005378872,616.472516081216,0.599489297655964,2.030451666431469,16.299999999999955,10.75,5.5499999999999545,16.299999999999955,16.642857142857142,3185463.1,No Signal
527,2024-08-21T00:00:00+05:30,617.0,622.25,613.6,621.15,1138941,2.290183339782541,617.6993891667378,616.8189963714963,0.8803927952415052,1.8004398921934763,8.649999999999977,6.100000000000023,2.5499999999999545,8.649999999999977,16.67142857142857,2919993.75,No Signal
528,2024-08-22T00:00:00+05:30,624.25,647.05,620.8,644.6,6513073,2.3010294766919173,621.8379446795474,618.8768484921262,2.9610961874211625,2.0325711512390137,26.25,25.899999999999977,0.35000000000002274,26.25,17.710714285714282,2997311.55,No Signal
529,2024-08-23T00:00:00+05:30,646.25,649.0,636.4,641.9,3388820,2.389861843911953,624.9244147288478,620.5822671223391,4.342147606508661,2.4944864422929434,12.600000000000023,4.399999999999977,8.200000000000045,12.600000000000023,17.69285714285714,2895693.6,No Signal
530,2024-08-26T00:00:00+05:30,643.8,669.8,641.45,661.6,9957687,2.526615004714334,630.5668124628712,623.6206177058696,6.946194757001649,3.3848281052346847,28.34999999999991,27.899999999999977,0.4499999999999318,28.34999999999991,17.660714285714278,3162098.35,No Signal
531,2024-08-27T00:00:00+05:30,667.05,670.0,660.8,665.3,2847909,2.7322927320715427,635.9103797762756,626.7079793572866,9.202400418988987,4.548342567985546,9.200000000000045,8.399999999999977,0.8000000000000682,9.200000000000045,16.599999999999998,3114911.8,No Signal
532,2024-08-28T00:00:00+05:30,665.3,671.7,651.8,654.2,2994726,2.85978752974977,638.7241675030025,628.744425330821,9.979742172181545,5.634622488824746,19.90000000000009,6.400000000000091,13.5,19.90000000000009,16.107142857142865,3061815.1,No Signal
533,2024-08-29T00:00:00+05:30,656.0,656.4,642.05,648.3,1871061,2.933875329311671,640.1973725025406,630.1929864174268,10.004386085113765,6.508575208082551,14.350000000000023,2.199999999999932,12.150000000000091,14.350000000000023,16.350000000000005,3061636.7,No Signal
534,2024-08-30T00:00:00+05:30,650.0,655.25,644.15,647.5,6267171,3.0150558085242594,641.3208536559958,631.4749874235433,9.845866232452522,7.176033412956546,11.100000000000023,6.9500000000000455,4.149999999999977,11.100000000000023,16.05714285714287,3299776.35,No Signal
535,2024-09-02T00:00:00+05:30,650.1,658.8,647.1,655.9,2023960,3.1225893860369407,643.5637992473811,633.2842476143919,10.279551632989183,7.796737056963074,11.699999999999932,11.299999999999955,0.39999999999997726,11.699999999999932,15.771428571428576,3310233.1,No Signal
536,2024-09-03T00:00:00+05:30,660.0,663.45,655.6,658.95,2308988,3.1704927396719915,645.9309070554763,635.1854144577703,10.745492597705947,8.386488165111649,7.850000000000023,7.550000000000068,0.2999999999999545,7.850000000000023,15.464285714285722,3156444.95,No Signal
537,2024-09-04T00:00:00+05:30,654.0,662.5,650.2,659.65,2878159,3.0365691205400047,648.0415367392492,636.997605979417,11.043930759832165,8.917976684055752,12.299999999999955,3.5499999999999545,8.75,12.299999999999955,15.382142857142858,3158678.15,No Signal
538,2024-09-05T00:00:00+05:30,662.0,673.5,659.0,670.45,3865533,3.1599096925044914,651.4889926255186,639.4755610920528,12.013431533465791,9.537067653937761,14.5,13.850000000000023,0.6499999999999773,14.5,15.385714285714284,3216143.95,No Signal
539,2024-09-06T00:00:00+05:30,669.8,671.85,652.5,657.25,3123554,3.1733331785222307,652.3753014523619,640.7921861963451,11.583115256016754,9.94627717435356,19.350000000000023,1.3999999999999773,17.950000000000045,19.350000000000023,15.171428571428569,3280028.75,No Signal
540,2024-09-09T00:00:00+05:30,653.0,667.5,651.3,665.85,3227317,3.15226852745887,654.4483319981524,642.6483205521714,11.800011445981,10.317024028679048,16.200000000000045,10.25,5.9500000000000455,16.200000000000045,15.16428571428572,3350272.8,No Signal
541,2024-09-10T00:00:00+05:30,670.4,696.7,667.1,695.0,8406601,3.337765602512804,660.6870501522828,646.5262227334921,14.160827418790745,11.08578470670139,29.600000000000023,30.850000000000023,1.25,30.850000000000023,16.750000000000007,3623684.7,Buy
542,2024-09-11T00:00:00+05:30,694.95,695.0,681.75,684.75,2187560,3.3824527793770702,664.389042436547,649.3576136421223,15.031428794424755,11.874913524246063,13.25,0.0,13.25,13.25,15.82142857142858,3646004.35,No Signal
543,2024-09-12T00:00:00+05:30,691.05,703.75,685.1,700.9,4151347,3.4220170953487283,670.0061128309244,653.1755681871502,16.830544643774147,12.86603974815168,18.649999999999977,19.0,0.35000000000002274,19.0,16.278571428571436,3709677.0,Buy
544,2024-09-13T00:00:00+05:30,698.5,701.75,688.05,689.05,2255367,3.4848758864389975,672.9359416261668,655.8329335066206,17.10300811954619,13.713433422430583,13.700000000000045,0.8500000000000227,12.850000000000023,13.700000000000045,15.232142857142874,3758581.4,No Signal
545,2024-09-16T00:00:00+05:30,691.25,698.8,686.0,690.95,1596640,3.285636634302822,675.7073352221412,658.4341976913154,17.273137530825807,14.425374244109628,12.799999999999955,9.75,3.0499999999999545,12.799999999999955,15.489285714285725,3656277.9,No Signal
546,2024-09-17T00:00:00+05:30,691.5,695.5,685.0,692.25,818850,3.0367112450247538,678.252360572581,660.9390719364031,17.313288636177845,15.002957122523272,10.5,4.5499999999999545,5.9500000000000455,10.5,14.817857142857147,3591163.2,No Signal
547,2024-09-18T00:00:00+05:30,692.2,695.2,677.35,681.4,910016,2.7202165058938452,678.7366127921839,662.4546962374103,16.281916554773602,15.25874900897334,17.850000000000023,2.9500000000000455,14.899999999999977,17.850000000000023,15.067857142857147,3579716.95,No Signal
548,2024-09-19T00:00:00+05:30,686.0,693.6,670.8,690.85,1484426,2.650133375666271,680.6002108241556,664.5580520716762,16.042158752479395,15.415430957674552,22.800000000000068,12.200000000000045,10.600000000000023,22.800000000000068,15.903571428571436,3328284.6,No Signal
549,2024-09-20T00:00:00+05:30,694.0,707.0,681.0,702.75,2945519,2.6103241645207897,684.0078706973625,667.3870852515521,16.620785445810384,15.65650185530172,26.0,16.149999999999977,9.850000000000023,26.0,16.92500000000001,3306119.55,Buy
550,2024-09-23T00:00:00+05:30,705.0,716.35,698.35,714.8,4278812,2.8347413791182814,688.7451213593067,670.8991530106964,17.845968348610313,16.09439515396344,18.0,13.600000000000023,4.399999999999977,18.0,17.65000000000001,3022175.8,Buy
551,2024-09-24T00:00:00+05:30,718.5,720.45,709.9,711.65,2080352,3.027884726034065,692.2689488424903,673.9177342691634,18.351214573326956,16.545759037836145,10.550000000000068,5.650000000000091,4.899999999999977,10.550000000000068,17.525000000000016,2983797.95,Buy
552,2024-09-25T00:00:00+05:30,713.2,717.7,707.25,709.95,2024360,3.0744165116112736,694.9891105590302,676.5867909899661,18.40231956906416,16.91707114408175,10.450000000000045,6.050000000000068,4.399999999999977,10.450000000000045,17.235714285714305,2935279.65,Buy
553,2024-09-26T00:00:00+05:30,711.9,719.0,705.5,709.9,2008532,2.9930464664740564,697.2830935499486,679.0544361018204,18.22865744812816,17.179388404891032,13.5,9.049999999999955,4.4500000000000455,13.5,16.81785714285716,2942153.2,Buy
554,2024-09-27T00:00:00+05:30,709.5,715.6,699.3,710.3,2048448,2.8302707867517634,699.2856945422642,681.3689223165004,17.916772225763793,17.326865169065584,16.300000000000068,5.7000000000000455,10.600000000000023,16.300000000000068,16.82500000000002,2731217.05,Buy
555,2024-09-30T00:00:00+05:30,698.0,708.15,682.2,684.7,4573293,2.73012640157029,697.041741535762,681.6156688115744,15.42607272418752,16.94670668008997,25.949999999999932,2.1499999999999773,28.09999999999991,28.09999999999991,16.62857142857144,2858683.7,Sell
556,2024-10-01T00:00:00+05:30,690.0,690.7,676.1,681.7,2326716,2.5542520270888365,694.6814736071832,681.6219155662726,13.059558040910588,16.169276952254094,14.600000000000023,6.0,8.600000000000023,14.600000000000023,16.725000000000016,2859570.1,Sell
557,2024-10-03T00:00:00+05:30,668.5,682.55,668.2,674.05,2412102,2.4252731004742674,691.5074007445396,681.0610329317338,10.44636781280576,15.024695124364428,14.349999999999909,0.849999999999909,13.5,14.349999999999909,16.39285714285715,2836267.25,Sell
558,2024-10-04T00:00:00+05:30,674.05,677.95,657.0,661.45,4004021,2.5776142669033124,686.8831852453797,679.6083638256795,7.274821419700174,13.474720383431578,20.950000000000045,3.900000000000091,17.049999999999955,20.950000000000045,16.910714285714295,2843191.65,Sell
559,2024-10-07T00:00:00+05:30,668.0,681.7,645.9,653.05,4155691,2.6797808773936693,681.6780798230135,677.6410776163699,4.037002206643592,11.587176748073981,35.80000000000007,20.25,15.550000000000068,35.80000000000007,18.553571428571445,2894798.5,Sell
560,2024-10-08T00:00:00+05:30,653.0,686.9,651.55,684.65,3891924,2.424846451580919,682.1352983117806,678.1602570521943,3.9750412595863054,10.064749650376447,35.35000000000002,33.85000000000002,1.5,35.35000000000002,20.328571428571447,2928028.85,Sell
561,2024-10-09T00:00:00+05:30,685.1,707.8,685.0,693.65,2889487,2.3914377857525047,683.906790879199,679.3076454186985,4.599145460500495,8.971628812401256,22.799999999999955,23.149999999999977,0.35000000000002274,23.149999999999977,20.707142857142873,2652173.15,Sell
562,2024-10-10T00:00:00+05:30,699.2,715.4,697.0,706.25,3112837,2.38543198731316,687.3442076670145,681.3033753876838,6.040832279330743,8.385469505787155,18.399999999999977,21.75,3.3500000000000227,21.75,20.632142857142867,2698437.0,Sell
563,2024-10-11T00:00:00+05:30,706.25,711.0,695.15,708.55,1050211,2.4188908736036097,690.6066372567046,683.321643877485,7.2849933792196,8.165374280473644,15.850000000000023,4.75,11.100000000000023,15.850000000000023,19.90714285714287,2543380.2,Sell
564,2024-10-14T00:00:00+05:30,710.0,714.6,698.8,705.2,2285519,2.459228961294873,692.8517699864424,684.9422628495232,7.90950713691916,8.114200851762748,15.800000000000068,6.050000000000068,9.75,15.800000000000068,19.750000000000018,2544887.8,Sell
565,2024-10-15T00:00:00+05:30,707.0,713.95,702.6,712.6,1311750,2.50485738647839,695.8899592192975,686.990984119929,8.8989750993685,8.271155701283899,11.350000000000023,8.75,2.6000000000000227,11.350000000000023,19.80714285714287,2530643.3,Buy
566,2024-10-16T00:00:00+05:30,711.0,713.65,698.8,704.55,1318050,2.5519798794062836,697.2222731855594,688.2916519628972,8.93062122266224,8.403048805559568,14.850000000000023,1.0499999999999545,13.800000000000068,14.850000000000023,20.121428571428584,2555603.3,Buy
567,2024-10-17T00:00:00+05:30,704.9,704.9,679.7,687.3,2084447,2.588501608913922,695.6957696185502,688.2181962619418,7.4775733566084455,8.217953715769344,25.199999999999932,0.35000000000002274,24.84999999999991,25.199999999999932,20.957142857142863,2614324.85,Sell
568,2024-10-18T00:00:00+05:30,685.8,693.0,680.4,686.7,2267035,2.602387339818763,694.3118050618502,688.1057372795757,6.206067782274545,7.815576529070384,12.600000000000023,5.7000000000000455,6.899999999999977,12.600000000000023,20.692857142857147,2653455.3,Sell
569,2024-10-21T00:00:00+05:30,692.0,714.5,675.0,679.0,7839775,2.6699329042511906,691.9561427446425,687.4312382218293,4.5249045228132445,7.157442127818957,39.5,27.799999999999955,11.700000000000045,39.5,21.507142857142867,2898168.1,Sell
570,2024-10-22T00:00:00+05:30,682.55,684.05,653.3,656.1,2782936,2.9413380495286665,686.4398130916206,685.1104057609531,1.32940733066755,5.9918351683886755,30.75,5.0499999999999545,25.700000000000045,30.75,22.660714285714295,2823374.3,Sell
571,2024-10-23T00:00:00+05:30,652.2,665.15,649.0,658.65,1954862,3.0290075102211946,682.1644572313713,683.1503757045862,-0.9859184732148378,4.596284440067973,16.149999999999977,9.049999999999955,7.100000000000023,16.149999999999977,22.78928571428573,2817099.8,Sell
572,2024-10-24T00:00:00+05:30,654.95,670.0,651.05,667.0,1637028,2.971766199061056,679.8314638111603,681.9540515783206,-2.122587767160212,3.2525099986223363,18.950000000000045,11.350000000000023,7.600000000000023,18.950000000000045,22.646428571428583,2797733.2,Sell
573,2024-10-25T00:00:00+05:30,672.65,695.35,656.45,691.25,5954183,2.7596460708467907,681.5881616863664,682.6426403502968,-1.0544786639303538,2.3911122661117985,38.89999999999998,28.350000000000023,10.549999999999955,38.89999999999998,22.86785714285715,2995015.75,Sell
574,2024-10-28T00:00:00+05:30,690.0,693.9,669.0,671.25,3468888,2.736947833980265,679.9976752730793,681.7987410650896,-1.8010657920103768,1.5526766544873636,24.899999999999977,2.6499999999999773,22.25,24.899999999999977,22.121428571428574,3066037.75,Sell
575,2024-10-29T00:00:00+05:30,674.95,685.35,669.0,678.75,3577891,2.7104916279167175,679.8057252310671,681.5729083936016,-1.7671831625344794,0.8887046910829951,16.350000000000023,14.100000000000023,2.25,16.350000000000023,21.635714285714293,3016267.65,Sell
576,2024-10-30T00:00:00+05:30,678.75,693.2,671.35,684.75,2087809,2.6868226599697396,680.566382887826,681.808248512594,-1.2418656247680246,0.46259062791279115,21.850000000000023,14.450000000000045,7.399999999999977,21.850000000000023,21.64285714285715,3004322.3,Sell
577,2024-10-31T00:00:00+05:30,680.0,683.0,669.1,676.7,2760863,2.709888064277143,679.9715547512374,681.4298597338833,-1.4583049826459273,0.07841150580104746,13.899999999999977,1.75,15.649999999999977,15.649999999999977,21.628571428571433,3021760.35,Sell
578,2024-11-01T00:00:00+05:30,678.9,692.6,678.05,687.6,221089,2.561151020582168,681.1451617125855,681.886907161003,-0.7417454484175323,-0.0856198850426685,14.550000000000068,15.899999999999977,1.349999999999909,15.899999999999977,21.635714285714283,2832613.75,Sell
579,2024-11-04T00:00:00+05:30,689.0,689.0,664.85,666.55,3848485,2.4847217984380707,678.8997522183415,680.7508399638917,-1.8510877455502168,-0.4387134571441782,24.149999999999977,1.3999999999999773,22.75,24.149999999999977,22.549999999999994,2817253.45,Sell
580,2024-11-05T00:00:00+05:30,665.9,670.4,650.9,668.0,2302218,2.54662374411889,677.2228672616736,679.8063332998997,-2.5834660382261063,-0.8676639733605639,19.5,3.8500000000000227,15.649999999999977,19.5,22.88214285714285,2737768.15,Sell
581,2024-11-06T00:00:00+05:30,669.0,688.0,669.0,684.65,2440822,2.4648678198490033,678.36550306757,680.165123425833,-1.7996203582630415,-1.0540552503410594,19.0,20.0,1.0,20.0,22.510714285714283,2715334.9,Sell
582,2024-11-07T00:00:00+05:30,690.15,691.95,678.7,683.8,3107810,2.347052818601175,679.2015795187131,680.434373542438,-1.2327940237249777,-1.089803005017843,13.25,7.300000000000068,5.949999999999932,13.25,22.557142857142853,2715083.55,Sell
583,2024-11-08T00:00:00+05:30,710.0,742.85,693.65,732.9,26357564,2.5629902520493513,687.4628749773726,684.3207162429982,3.1421587343744477,-0.24341065713938498,49.200000000000045,59.05000000000007,9.850000000000023,59.05000000000007,23.95357142857143,3980451.2,Buy
584,2024-11-11T00:00:00+05:30,737.95,748.4,726.05,729.75,8143152,2.865726558588256,693.9685865193153,687.6858483731464,6.282738146168867,1.0618191035222657,22.350000000000023,15.5,6.850000000000023,22.350000000000023,23.35357142857143,4273332.85,Buy
585,2024-11-12T00:00:00+05:30,730.0,738.25,724.85,730.4,3386712,3.074134697738369,699.5734193624976,690.8498596047652,8.723559757732346,2.594167234364282,13.399999999999977,8.5,4.899999999999977,13.399999999999977,23.157142857142862,4377080.95,Buy
586,2024-11-13T00:00:00+05:30,722.1,732.65,711.0,714.15,3327567,3.215208889847998,701.8159702298057,692.5757959303382,9.240174299467412,3.9233686473849083,21.649999999999977,2.25,19.399999999999977,21.649999999999977,23.349999999999998,4477556.8,Buy
587,2024-11-14T00:00:00+05:30,714.05,742.75,709.65,741.35,5837816,3.5080355396991307,707.8981286559894,696.1886999354983,11.709428720491019,5.480580662006131,33.10000000000002,28.600000000000023,4.5,33.10000000000002,22.935714285714287,4665225.25,Buy
588,2024-11-18T00:00:00+05:30,742.1,745.35,732.9,737.2,4613449,3.810655697570786,712.4061088627602,699.2265740143503,13.179534848409958,7.020371499286896,12.450000000000045,4.0,8.450000000000045,12.450000000000045,22.046428571428578,4782545.95,No Signal
589,2024-11-19T00:00:00+05:30,742.0,760.95,740.25,754.0,4783332,4.126067964062457,718.8051690377201,703.2838648281021,15.521304209618052,8.720558041353128,20.700000000000045,23.75,3.0499999999999545,23.75,22.575000000000006,4629723.8,Buy
590,2024-11-21T00:00:00+05:30,760.0,796.25,754.0,786.8,14956651,4.5411707928775105,729.2659122626862,709.4702452112057,19.795667051480564,10.935579843378616,42.25,42.25,0.0,42.25,24.032142857142862,5238409.55,Buy
591,2024-11-22T00:00:00+05:30,786.0,801.1,780.55,799.05,4437615,5.033253287641039,740.0019257607345,716.1057826029682,23.896143157766232,13.52769250625614,20.550000000000068,14.300000000000068,6.25,20.550000000000068,24.382142857142867,5362547.2,Buy
592,2024-11-25T00:00:00+05:30,809.25,809.9,792.5,798.05,7635903,5.4515224870869545,748.9323987206214,722.175724632378,26.75667408824347,16.173488822653606,17.399999999999977,10.850000000000023,6.5499999999999545,17.399999999999977,24.489285714285725,5662490.95,Buy
593,2024-11-26T00:00:00+05:30,798.05,805.2,785.1,796.75,3528333,5.8548873901260405,756.2889527636028,727.6997450299796,28.589207733623198,18.656632604847527,20.100000000000023,7.150000000000091,12.949999999999932,20.100000000000023,24.200000000000014,5541198.45,Buy
594,2024-11-27T00:00:00+05:30,794.1,795.65,783.8,788.9,2632761,6.013440375158781,761.3060369538177,732.233097249981,29.07293970383671,20.739894024645366,11.850000000000023,1.1000000000000227,12.950000000000045,12.950000000000045,23.732142857142872,5499392.1,Buy
595,2024-11-28T00:00:00+05:30,784.65,792.35,775.5,778.55,4958408,6.081282422859674,763.9589543455381,735.6639789351676,28.294975410370512,22.250910301790398,16.850000000000023,3.4500000000000455,13.399999999999977,16.850000000000023,23.507142857142874,5568417.95,Buy
596,2024-11-29T00:00:00+05:30,782.95,801.7,779.3,793.35,5379139,6.033516123627914,768.4806536769938,739.9370175325627,28.54363614443116,23.509455470318553,22.40000000000009,23.15000000000009,0.75,23.15000000000009,24.21428571428574,5732984.45,Buy
597,2024-12-02T00:00:00+05:30,795.0,806.0,790.85,801.05,3357264,5.947139759672554,773.4913223420717,744.4639051227432,29.027417219328527,24.61304782012055,15.149999999999977,12.649999999999977,2.5,15.149999999999977,21.078571428571447,5762804.5,No Signal
598,2024-12-03T00:00:00+05:30,806.2,809.35,796.3,806.65,2897727,5.914101663210716,778.5926573663684,749.0702825210585,29.522374845309855,25.59491322515841,13.050000000000068,8.300000000000068,4.75,13.050000000000068,20.414285714285736,5896636.4,No Signal
599,2024-12-04T00:00:00+05:30,806.0,816.95,805.0,810.9,3670183,5.5915300044107665,783.5630177715425,753.6502615935727,29.912756177969754,26.45848181572068,11.950000000000045,10.300000000000068,1.6499999999999773,11.950000000000045,20.31071428571431,5887721.3,No Signal
600,2024-12-05T00:00:00+05:30,816.0,822.5,809.05,820.1,2535375,5.1598773682273045,789.184091960536,758.5724644384933,30.61162752204268,27.289110956985084,13.450000000000045,11.600000000000023,1.8500000000000227,13.450000000000045,19.72500000000003,5899379.15,No Signal
601,2024-12-06T00:00:00+05:30,821.6,831.8,817.0,826.65,2406124,4.848690541640587,794.9480778127612,763.6152448504567,31.33283296230445,28.09785535804896,14.799999999999955,11.699999999999932,3.1000000000000227,14.799999999999955,18.41785714285717,5897644.25,No Signal
602,2024-12-09T00:00:00+05:30,827.0,841.9,825.1,837.2,2652196,4.4158019642295505,801.4483735338748,769.0659674541266,32.38240607974819,28.95476550238881,16.799999999999955,15.25,1.5499999999999545,16.799999999999955,18.72857142857145,5874863.55,No Signal
603,2024-12-10T00:00:00+05:30,832.5,841.85,828.5,838.55,2554205,4.478034320830506,807.1563160671249,774.212932827895,32.94338323922989,29.752489049757028,13.350000000000023,4.649999999999977,8.700000000000045,13.350000000000023,17.985714285714305,4684695.6,No Signal
604,2024-12-10T00:00:00+05:30,832.5,841.85,828.5,838.55,2554205,4.422404259395566,811.9861135952594,778.9786415073102,33.00747208794928,30.40348565739548,13.350000000000023,3.300000000000068,10.049999999999955,13.350000000000023,15.921428571428594,4405248.25,No Signal
605,2024-12-11T00:00:00+05:30,837.9,846.45,833.75,836.4,2299448,4.265833793879099,815.7420961190656,783.2320754697316,32.510020649334024,30.824792655783188,12.700000000000045,7.900000000000091,4.7999999999999545,12.700000000000045,15.360714285714307,4350885.05,No Signal
606,2024-12-12T00:00:00+05:30,836.8,843.4,831.0,836.7,2509106,3.738180712873082,818.9663890238248,787.1926624719737,31.773726551851155,31.014579434996783,12.399999999999977,7.0,5.399999999999977,12.399999999999977,15.00357142857145,4309962.0,No Signal
607,2024-12-13T00:00:00+05:30,832.0,857.15,830.7,855.6,2675004,3.52476372521996,824.6023291740056,792.2598726592349,32.342456514770674,31.28015485095156,26.449999999999932,20.449999999999932,6.0,26.449999999999932,15.457142857142872,4151821.4,No Signal
608,2024-12-16T00:00:00+05:30,856.8,868.4,851.4,867.65,3250607,3.262329230859007,831.2250477626201,797.8443265363286,33.380721226291485,31.700268126019548,17.0,12.799999999999955,4.2000000000000455,17.0,15.746428571428583,4083679.3,No Signal
609,2024-12-17T00:00:00+05:30,866.5,883.95,864.1,880.05,4441179,3.224375672881537,838.7365788760632,803.9336356817857,34.80294319427742,32.32080313967112,19.850000000000023,16.300000000000068,3.5499999999999545,19.850000000000023,15.960714285714298,4066571.65,No Signal
610,2024-12-18T00:00:00+05:30,877.0,883.95,869.55,881.4,2412038,3.4474619335910144,845.3001821258996,809.6718848905424,35.628297235357195,32.982301958808335,14.400000000000091,3.900000000000091,10.5,14.400000000000091,15.335714285714298,3439341.0,No Signal
611,2024-12-19T00:00:00+05:30,875.0,886.2,870.1,880.05,2547244,3.6529226690224883,850.6463079526843,814.885078602354,35.76122935033027,33.53808743711272,16.100000000000023,4.800000000000068,11.299999999999955,16.100000000000023,15.403571428571443,3344822.45,No Signal
612,2024-12-20T00:00:00+05:30,879.05,882.5,851.75,854.1,1857079,3.7208885514095438,851.1776451907328,817.7898875947723,33.38775759596058,33.5080214688823,30.75,2.4500000000000455,28.299999999999955,30.75,16.66785714285715,3055881.25,No Signal
613,2024-12-23T00:00:00+05:30,857.0,864.25,848.5,859.4,2825946,3.637704402202465,852.442622853697,820.8721181433076,31.5705047103894,33.12051811718372,15.75,10.149999999999977,5.600000000000023,15.75,16.93928571428572,3020761.9,No Signal
614,2024-12-24T00:00:00+05:30,860.0,873.1,851.3,862.65,1847080,3.4671959081575694,854.0129885685128,823.9667760586182,30.046212509894644,32.50565699572591,21.800000000000068,13.700000000000045,8.100000000000023,21.800000000000068,17.535714285714295,2981477.85,No Signal
615,2024-12-26T00:00:00+05:30,865.0,872.3,854.2,868.3,1675879,3.1182127031320075,856.2109903272031,827.2507185727947,28.960271754408495,31.796579947462426,18.09999999999991,9.649999999999977,8.449999999999932,18.09999999999991,17.771428571428576,2817351.4,Sell
616,2024-12-27T00:00:00+05:30,869.0,870.55,857.6,860.6,1954288,2.868470557682251,856.8862225845565,829.7210357155506,27.165186869005993,30.87030133177114,12.949999999999932,2.25,10.699999999999932,12.949999999999932,17.496428571428574,2646108.85,Sell
617,2024-12-30T00:00:00+05:30,860.6,894.9,856.0,889.65,15311485,2.7105214821599097,861.9268037253939,834.1602182551394,27.76658547025454,30.249558159467824,38.89999999999998,34.299999999999955,4.600000000000023,38.89999999999998,19.321428571428573,3243819.9,Sell
618,2024-12-31T00:00:00+05:30,881.0,881.0,858.0,877.55,4097079,2.561155062174302,864.3303723830256,837.3742761621661,26.956096220859536,29.590865771746167,23.0,8.649999999999977,31.649999999999977,31.649999999999977,20.628571428571426,3303787.5,Sell
619,2025-01-01T00:00:00+05:30,875.0,882.2,871.05,873.6,1243720,2.336321401188254,865.7564689394832,840.0576631131167,25.698805826366424,28.812453782670218,11.150000000000091,4.650000000000091,6.5,11.150000000000091,20.517857142857142,3182464.35,Sell
620,2025-01-02T00:00:00+05:30,883.0,883.85,866.25,879.5,4892368,2.159669661925,867.8708583334088,842.9793176973303,24.891540636078503,28.028271153351877,17.600000000000023,10.25,7.350000000000023,17.600000000000023,20.889285714285716,3300314.0,Sell
621,2025-01-03T00:00:00+05:30,878.0,879.8,868.15,872.45,2731682,1.99807820095455,868.5753416667305,845.1623312012317,23.413010465498814,27.105219015781266,11.649999999999977,0.2999999999999545,11.350000000000023,11.649999999999977,19.832142857142863,3316591.9,Sell
622,2025-01-06T00:00:00+05:30,870.4,876.45,839.4,844.25,3830079,2.0087190531163333,864.8329814103105,845.0947511122516,19.738230298058852,25.631821272236785,37.05000000000007,4.0,33.05000000000007,37.05000000000007,21.264285714285727,3375486.05,Sell
623,2025-01-07T00:00:00+05:30,844.95,858.45,844.35,852.15,1660940,1.8996791848843664,862.8817535010319,845.6173621409737,17.264391360058198,23.95833528980107,14.100000000000023,14.200000000000045,0.10000000000002274,14.200000000000045,20.860714285714298,3330822.8,Sell
624,2025-01-08T00:00:00+05:30,857.0,857.0,828.75,834.9,2322204,1.9765343149890073,858.576868347027,844.8234834638645,13.75338488316254,21.917345208473364,28.25,4.850000000000023,23.399999999999977,28.25,21.850000000000005,3319222.75,Sell
625,2025-01-09T00:00:00+05:30,835.4,841.35,815.7,822.85,3473380,2.173751613599768,853.080427062869,843.1958180220968,9.884609040772261,19.510797974933144,25.649999999999977,6.4500000000000455,19.199999999999932,25.649999999999977,22.532142857142862,3377919.35,Sell
626,2025-01-10T00:00:00+05:30,822.95,825.4,798.35,805.9,2813197,2.6368081067706677,845.8218998224277,840.4331648352747,5.3887349871529295,16.686385377377103,27.049999999999955,2.5499999999999545,24.5,27.049999999999955,22.267857142857142,3393123.9,Sell
627,2025-01-13T00:00:00+05:30,800.1,801.85,754.6,756.1,3945444,4.191745178526415,832.0185306189773,834.1862637363655,-2.167733117388252,12.915561678424034,47.25,4.0499999999999545,51.299999999999955,51.299999999999955,24.807142857142853,3456645.9,Sell
628,2025-01-14T00:00:00+05:30,760.55,783.9,751.55,781.4,5079100,4.564413075337175,824.2310643699038,830.2761701262643,-6.045105756360499,9.123428191467127,32.35000000000002,27.799999999999955,4.550000000000068,32.35000000000002,25.56071428571428,3548070.55,Sell
629,2025-01-14T00:00:00+05:30,760.55,783.9,751.55,781.4,5079100,4.899579288585921,817.6416698514571,826.6557130798744,-9.014043228417336,5.495933907490235,32.35000000000002,2.5,29.850000000000023,32.35000000000002,26.57857142857143,3579966.6,Sell
630,2025-01-15T00:00:00+05:30,786.0,819.5,786.0,811.4,6492665,4.703697355505435,816.6814129512329,825.525660259143,-8.84424730791011,2.6278976644101664,33.5,38.10000000000002,4.600000000000023,38.10000000000002,28.375000000000007,3783997.95,Sell
631,2025-01-16T00:00:00+05:30,818.85,820.85,806.9,811.45,1951897,4.655893211489725,815.8765801895048,824.4830187584657,-8.606438568960925,0.3810304177359481,13.950000000000045,9.450000000000045,4.5,13.950000000000045,26.592857142857156,3754230.6,Sell
632,2025-01-17T00:00:00+05:30,822.9,822.9,803.6,813.35,2381426,4.68142134071695,815.4878755449656,823.6583507022831,-8.170475157317469,-1.3292706972747355,19.299999999999955,11.449999999999932,7.850000000000023,19.299999999999955,25.710714285714296,3780447.95,Sell
633,2025-01-20T00:00:00+05:30,826.65,834.95,778.7,793.0,11627000,4.9168671176009715,812.0282023842017,821.3873617613732,-9.359159377171522,-2.935248433254093,56.25,21.600000000000023,34.64999999999998,56.25,28.93214285714286,4220500.65,Sell
634,2025-01-21T00:00:00+05:30,795.0,798.65,759.1,760.35,3343822,5.488795771548098,804.0777097097091,816.8660757049752,-12.788365995266076,-4.90587194565649,39.549999999999955,5.649999999999977,33.89999999999998,39.549999999999955,30.5,4295337.75,Sell
635,2025-01-22T00:00:00+05:30,764.45,774.0,751.5,772.75,6271590,5.502579323000271,799.2580620620615,813.5982182453474,-14.340156183285899,-6.7927287931823725,22.5,13.649999999999977,8.850000000000023,22.5,31.275000000000002,4525123.3,Sell
636,2025-01-23T00:00:00+05:30,771.0,778.9,759.05,775.1,2462777,5.550271065807472,795.5414371294366,810.7464983753217,-15.205061245885076,-8.475195283722913,19.850000000000023,6.149999999999977,13.700000000000045,19.850000000000023,30.04642857142857,4550547.75,Sell
637,2025-01-24T00:00:00+05:30,775.05,789.6,772.6,781.2,3252107,5.197964866535428,793.3350621864464,808.5578688660387,-15.222806679592281,-9.824717562896787,17.0,14.5,2.5,17.0,30.246428571428567,3947578.85,Sell
638,2025-01-27T00:00:00+05:30,772.1,778.8,757.0,760.2,3360806,5.2042093414477115,788.2373603116085,804.9758045055913,-16.738444193982787,-11.207462889113987,21.799999999999955,2.400000000000091,24.200000000000045,24.200000000000045,29.957142857142856,3910765.2,Sell
639,2025-01-28T00:00:00+05:30,761.9,769.4,745.0,753.7,2281702,5.088272771242801,782.9239202636687,801.1775967644364,-18.25367650076771,-12.616705611444733,24.399999999999977,9.199999999999932,15.200000000000045,24.399999999999977,29.86785714285714,3962664.3,Sell
640,2025-01-29T00:00:00+05:30,750.0,780.05,749.05,777.55,2589510,4.40154191750735,782.0971633000273,799.4274044115152,-17.330241111487908,-13.55941271145337,31.0,26.34999999999991,4.650000000000091,31.0,30.150000000000002,3847521.4,Sell
641,2025-01-30T00:00:00+05:30,781.5,782.7,758.35,761.2,2728643,3.9827970258261782,778.8822151000231,796.595744825477,-17.713529725453895,-14.390236114253476,24.350000000000023,5.150000000000091,19.199999999999932,24.350000000000023,28.225000000000005,3847369.45,Sell
642,2025-01-31T00:00:00+05:30,762.5,771.35,759.0,764.7,2505181,3.704006146035123,776.7003358538658,794.2330970606268,-17.53276120676105,-15.018741132754991,12.350000000000023,10.149999999999977,2.2000000000000455,12.350000000000023,26.796428571428578,3781124.55,No Signal
643,2025-02-01T00:00:00+05:30,769.0,805.5,723.45,801.45,3815173,3.034050581047703,780.5079764917326,794.7676824635433,-14.259705971810718,-14.866934100566137,82.04999999999995,40.799999999999955,41.25,82.04999999999995,30.34642857142857,3888836.2,Buy
644,2025-02-03T00:00:00+05:30,801.4,820.5,784.9,816.2,4664849,2.7736714321608984,785.9990570314661,796.3552615403179,-10.35620450885176,-13.964788182223263,35.60000000000002,19.049999999999955,16.550000000000068,35.60000000000002,30.167857142857144,4005968.45,Buy
645,2025-02-04T00:00:00+05:30,819.6,832.0,813.55,828.2,3055036,2.7933923811439394,792.4915097958559,798.7141310558499,-6.222621259993957,-12.416354797777402,18.450000000000045,15.799999999999955,2.650000000000091,18.450000000000045,30.489285714285717,3985051.25,Buy
646,2025-02-05T00:00:00+05:30,828.2,836.0,811.85,815.9,3665455,2.9052463356580764,796.0928159811089,799.9871583850462,-3.894342403937344,-10.711952319009391,24.149999999999977,7.7999999999999545,16.350000000000023,24.149999999999977,30.83571428571429,4027664.15,Buy
647,2025-02-06T00:00:00+05:30,815.8,816.1,783.3,790.1,3240318,2.867425531762231,795.1708442917075,799.2547762824502,-4.0839319907427125,-9.386348253356056,32.80000000000007,0.20000000000004547,32.60000000000002,32.80000000000007,29.160714285714295,3992407.85,Buy
648,2025-02-07T00:00:00+05:30,794.9,803.8,784.15,791.8,1439580,2.8576357528207117,794.652252862214,798.7025706318983,-4.050317769684284,-8.319142156621702,19.649999999999977,13.699999999999932,5.9500000000000455,19.649999999999977,27.739285714285725,3810431.85,No Signal
649,2025-02-10T00:00:00+05:30,794.95,797.75,773.3,776.7,1595160,2.925667679425627,791.8903678064888,797.0727505850911,-5.182382778602232,-7.691790281017808,24.450000000000045,5.9500000000000455,18.5,24.450000000000045,27.87857142857144,3636234.85,No Signal
650,2025-02-11T00:00:00+05:30,776.0,776.0,743.25,748.0,2381688,3.1635206174732646,785.1380035285674,793.4377320232325,-8.299728494665032,-7.813377923747254,32.75,0.7000000000000455,33.450000000000045,33.450000000000045,28.850000000000016,3430686.0,No Signal
651,2025-02-12T00:00:00+05:30,746.0,747.7,724.5,731.2,2506996,3.5015089875869148,776.839849139557,788.8275296511412,-11.98768051158413,-8.64823844131463,23.200000000000045,0.2999999999999545,23.5,23.5,29.314285714285727,3458440.95,No Signal
652,2025-02-13T00:00:00+05:30,731.2,748.45,728.55,736.75,1494372,3.552652327792491,770.6721800411636,784.9699348621677,-14.297754821004105,-9.778141717252526,19.90000000000009,17.25,2.650000000000091,19.90000000000009,29.007142857142874,3414088.25,No Signal
653,2025-02-14T00:00:00+05:30,741.9,743.0,700.8,710.2,2236429,4.192845915822659,761.3687677271384,779.4314211686739,-18.062653441535417,-11.435044062109105,42.200000000000045,6.25,35.950000000000045,42.200000000000045,30.27857142857145,2944559.7,Sell
654,2025-02-17T00:00:00+05:30,695.0,723.8,682.7,721.65,4274281,4.4076721465288955,755.2581880768095,775.1513158969202,-19.89312782011075,-13.126660813709435,41.09999999999991,13.599999999999909,27.5,41.09999999999991,31.000000000000018,2991082.65,Sell
655,2025-02-18T00:00:00+05:30,724.75,724.75,705.65,721.95,1958848,4.656130198700583,750.133851449608,771.2104776823336,-21.07662623272563,-14.716653897512675,19.100000000000023,3.1000000000000227,16.0,19.100000000000023,30.625000000000018,2775445.55,Sell
656,2025-02-19T00:00:00+05:30,721.95,749.9,715.75,746.7,3899571,4.540799333523168,749.6055666112068,769.3948867429015,-19.789320131694694,-15.731187144349079,34.14999999999998,27.949999999999932,6.2000000000000455,34.14999999999998,32.18214285714287,2847285.25,Sell
657,2025-02-20T00:00:00+05:30,749.65,762.45,742.35,761.0,2195581,4.435495877427161,751.3585563633288,768.7730432804643,-17.41448691713549,-16.067847098906363,20.100000000000023,15.75,4.350000000000023,20.100000000000023,27.757142857142874,2794458.95,No Signal
658,2025-02-21T00:00:00+05:30,765.45,779.4,753.2,757.55,2751438,4.4594121792021015,752.311086153586,767.9417067411707,-15.630620587584758,-15.980401796642042,26.199999999999932,18.399999999999977,7.7999999999999545,26.199999999999932,27.085714285714296,2763990.55,No Signal
659,2025-02-24T00:00:00+05:30,745.0,749.95,726.5,728.8,2127479,4.760082336769451,748.6939959761112,765.0423210566396,-16.34832508052841,-16.053986453419316,23.450000000000045,7.599999999999909,31.049999999999955,31.049999999999955,27.98571428571429,2756279.4,No Signal
660,2025-02-24T00:00:00+05:30,745.0,749.95,726.5,728.8,2127479,4.860368564016407,745.6333812105556,762.3577046820737,-16.72432347151812,-16.188053857039076,23.450000000000045,21.15000000000009,2.2999999999999545,23.450000000000045,27.935714285714294,2733177.85,No Signal
661,2025-02-25T00:00:00+05:30,728.0,733.35,714.0,724.65,3208719,5.022045041291516,742.405168716624,759.5645413722905,-17.159372655666516,-16.382317616764563,19.350000000000023,4.550000000000068,14.799999999999955,19.350000000000023,26.975000000000005,2757181.65,No Signal
