,Date,Open,High,Low,Close,Volume,Volatility,EMA12,EMA26,MACD,Signal Line,H-L,H-PC,L-PC,TR,ATR,Avg_Volume,Signal
0,2022-07-05T00:00:00+05:30,152.0,154.5,151.6,152.15,1594149,,152.15,152.15,0.0,0.0,2.9000000000000057,,,2.9000000000000057,,,No Signal
1,2022-07-06T00:00:00+05:30,152.15,153.4,150.15,150.95,1545814,,151.9653846153846,152.0611111111111,-0.09572649572649539,-0.01914529914529908,3.25,1.25,2.0,3.25,,,No Signal
2,2022-07-07T00:00:00+05:30,151.8,157.3,151.5,156.45,2390496,,152.65532544378698,152.38621399176955,0.2691114520174267,0.03850605108724608,5.800000000000011,6.350000000000023,0.5500000000000114,6.350000000000023,,,No Signal
3,2022-07-08T00:00:00+05:30,157.9,162.0,156.45,160.3,1272417,,153.8314292216659,152.97242036274957,0.8590088589163258,0.20260661265306204,5.550000000000011,5.550000000000011,0.0,5.550000000000011,,,No Signal
4,2022-07-11T00:00:00+05:30,160.0,168.65,158.55,168.15,2512313,,156.03428626448652,154.09668552106442,1.9376007434221094,0.5496054388068715,10.099999999999994,8.349999999999994,1.75,10.099999999999994,,,No Signal
5,2022-07-12T00:00:00+05:30,167.7,175.95,166.5,175.1,4471402,,158.96747299302706,155.65248659357817,3.314986399448884,1.102681630935274,9.449999999999989,7.799999999999983,1.6500000000000057,9.449999999999989,,,No Signal
6,2022-07-13T00:00:00+05:30,175.25,179.7,172.8,174.05,3280410,,161.2878617633306,157.01526536442424,4.272596398906359,1.736664584529491,6.899999999999977,4.599999999999994,2.299999999999983,6.899999999999977,,,No Signal
7,2022-07-14T00:00:00+05:30,175.3,175.3,166.95,169.75,2735782,,162.58972918435666,157.95857904113356,4.6311501432230955,2.315561696268212,8.350000000000023,1.25,7.100000000000023,8.350000000000023,,,No Signal
8,2022-07-15T00:00:00+05:30,169.65,174.15,169.05,171.7,1805121,,163.99130930984023,158.97646207512366,5.014847234716569,2.8554188039578836,5.099999999999994,4.400000000000006,0.6999999999999886,5.099999999999994,,,No Signal
9,2022-07-18T00:00:00+05:30,173.0,174.6,171.05,172.0,2278437,,165.2234155698648,159.94116858807746,5.2822469817873525,3.3407844395237776,3.549999999999983,2.9000000000000057,0.6499999999999773,3.549999999999983,,,No Signal
10,2022-07-19T00:00:00+05:30,172.5,175.0,171.05,174.05,2014031,,166.58135163603947,160.98626721118282,5.595084424856651,3.7916444365903526,3.9499999999999886,3.0,0.9499999999999886,3.9499999999999886,,,No Signal
11,2022-07-20T00:00:00+05:30,175.5,176.4,173.4,175.1,2692419,,167.89191292280262,162.03172889924335,5.86018402355927,4.205352353984137,3.0,2.3499999999999943,0.6500000000000057,3.0,,,No Signal
12,2022-07-21T00:00:00+05:30,175.0,179.45,173.4,176.7,2009270,,169.24700324237145,163.1182674992994,6.128735743072042,4.590029031801718,6.049999999999983,4.349999999999994,1.6999999999999886,6.049999999999983,,,No Signal
13,2022-07-22T00:00:00+05:30,177.0,180.5,176.55,178.35,1710913,,170.6474642820066,164.2465439808328,6.400920301173812,4.952207285676137,3.9499999999999886,3.8000000000000114,0.14999999999997726,3.9499999999999886,5.603571428571426,,No Signal
14,2022-07-25T00:00:00+05:30,178.35,179.1,173.25,175.85,1338648,,171.44785439246712,165.10605924151184,6.341795150955278,5.2301248587319655,5.849999999999994,0.75,5.099999999999994,5.849999999999994,5.8142857142857105,,No Signal
15,2022-07-26T00:00:00+05:30,176.1,176.35,171.2,172.55,641249,,171.6174152551645,165.65746226065912,5.959952994505386,5.37609048588665,5.150000000000006,0.5,4.650000000000006,5.150000000000006,5.949999999999997,,No Signal
16,2022-07-27T00:00:00+05:30,172.5,176.75,171.55,175.8,724639,,172.26088983129304,166.40876135246214,5.852128478830906,5.471298084475501,5.199999999999989,4.199999999999989,1.0,5.199999999999989,5.8678571428571376,,No Signal
17,2022-07-28T00:00:00+05:30,176.95,182.0,175.8,177.75,1678097,,173.10536831878642,167.2488531041316,5.85651521465482,5.548341510511365,6.199999999999989,6.199999999999989,0.0,6.199999999999989,5.914285714285707,,No Signal
18,2022-07-29T00:00:00+05:30,178.85,179.4,175.4,176.5,777423,,173.62761934666543,167.93412324456628,5.693496102099147,5.577372428828922,4.0,1.6500000000000057,2.3499999999999943,4.0,5.4785714285714215,,No Signal
19,2022-08-01T00:00:00+05:30,176.0,178.75,173.1,177.55,2781005,4.829273053140673,174.2310625241015,168.64641041163546,5.5846521124660455,5.578828365556347,5.650000000000006,2.25,3.4000000000000057,5.650000000000006,5.207142857142851,2012701.75,No Signal
20,2022-08-02T00:00:00+05:30,166.0,179.75,166.0,177.05,2366633,4.238697752035968,174.66474521270126,169.2688985292921,5.395846683409161,5.54223202912691,13.75,2.1999999999999886,11.550000000000011,13.75,5.696428571428568,2051325.95,No Signal
21,2022-08-03T00:00:00+05:30,177.0,179.4,175.8,177.95,1098082,3.255172346736532,175.17016902613184,169.91194308267788,5.258225943453965,5.485430811992321,3.5999999999999943,2.3499999999999943,1.25,3.5999999999999943,5.357142857142851,2028939.35,No Signal
22,2022-08-04T00:00:00+05:30,178.0,179.65,171.3,175.0,4487198,2.4364203108775797,175.1439891759577,170.2888361876647,4.855152988292986,5.359375247252454,8.349999999999994,1.700000000000017,6.649999999999977,8.349999999999994,5.589285714285708,2133774.45,No Signal
23,2022-08-05T00:00:00+05:30,175.0,177.9,173.25,174.55,954890,1.5885828690534736,175.05260622581037,170.6044779515414,4.448128274268953,5.177125852655754,4.650000000000006,2.9000000000000057,1.75,4.650000000000006,5.667857142857138,2117898.1,No Signal
24,2022-08-08T00:00:00+05:30,175.1,177.25,173.35,174.05,613741,1.3245585362277439,174.89835911414724,170.8597018069828,4.038657307164442,4.949432143557492,3.9000000000000057,2.6999999999999886,1.200000000000017,3.9000000000000057,5.664285714285711,2022969.5,No Signal
25,2022-08-10T00:00:00+05:30,175.0,177.25,173.2,175.0,737793,1.3173909051578405,174.9139961735092,171.16639056202112,3.747605611488069,4.709066837143608,4.050000000000011,3.1999999999999886,0.8500000000000227,4.050000000000011,5.739285714285712,1836289.05,No Signal
26,2022-08-11T00:00:00+05:30,176.0,187.85,176.0,182.15,5338566,1.5263830277740233,176.02722753143087,171.97999126113066,4.047236270300203,4.576700723774927,11.849999999999994,12.849999999999994,1.0,12.849999999999994,6.224999999999999,1939196.85,No Signal
27,2022-08-12T00:00:00+05:30,181.0,183.35,178.6,182.4,1345596,1.5617398393483666,177.0076540650569,172.75184376030617,4.2558103047507245,4.512522639970086,4.75,1.1999999999999886,3.5500000000000114,4.75,6.282142857142857,1869687.55,No Signal
28,2022-08-16T00:00:00+05:30,183.85,184.15,179.0,180.9,993821,1.5716327878130474,177.6064765165866,173.3554108891724,4.251065627414221,4.460231237458913,5.150000000000006,1.75,3.4000000000000057,5.150000000000006,6.232142857142857,1829122.55,No Signal
29,2022-08-17T00:00:00+05:30,181.0,185.8,181.0,183.7,1845149,1.6608551960663367,178.54394166788097,174.1216767492337,4.422264918647272,4.452637973696585,4.800000000000011,4.900000000000006,0.09999999999999432,4.900000000000006,6.214285714285714,1807458.15,No Signal
30,2022-08-18T00:00:00+05:30,183.0,185.5,181.4,182.55,858901,1.7451895266001887,179.16025833436083,174.74599699003122,4.414261344329617,4.444962647823192,4.099999999999994,1.8000000000000114,2.299999999999983,4.099999999999994,6.135714285714286,1749701.65,No Signal
31,2022-08-19T00:00:00+05:30,183.0,183.1,174.2,177.8,1322132,1.761706157023414,178.95098782138226,174.9722194352141,3.9787683861681558,4.351723795492185,8.900000000000006,0.549999999999983,8.350000000000023,8.900000000000006,6.32857142857143,1681187.3,No Signal
32,2022-08-22T00:00:00+05:30,176.0,177.1,173.0,175.0,743350,1.8192779578345495,178.3431435411696,174.97427725482788,3.368866286341728,4.155152293662094,4.099999999999994,0.700000000000017,4.800000000000011,4.800000000000011,6.385714285714288,1617891.3,Sell
33,2022-08-23T00:00:00+05:30,174.0,178.6,173.05,177.5,670985,1.7910895438358392,178.21342915022043,175.16136782854434,3.052061321676092,3.934534099264894,5.549999999999983,3.5999999999999943,1.9499999999999886,5.549999999999983,6.378571428571429,1565894.9,Sell
34,2022-08-24T00:00:00+05:30,177.8,180.1,176.35,178.5,682627,1.7694353572257195,178.25751697326345,175.40867391531884,2.848843057944606,3.7173958910008364,3.75,2.5999999999999943,1.1500000000000057,3.75,5.6642857142857155,1533093.85,No Signal
35,2022-08-25T00:00:00+05:30,180.0,190.9,180.0,189.25,5992411,2.035898119570266,179.948668208146,176.43395732899893,3.51471087914706,3.6768588886300813,10.900000000000006,12.400000000000006,1.5,12.400000000000006,6.2928571428571445,1800651.95,Sell
36,2022-08-26T00:00:00+05:30,190.7,196.9,189.45,193.35,3615780,2.594741069322925,182.0104115607389,177.68699752685086,4.323414033888042,3.8061699176816735,7.450000000000017,7.650000000000006,0.19999999999998863,7.650000000000006,6.2428571428571455,1945209.0,Buy
37,2022-08-29T00:00:00+05:30,186.0,191.85,185.3,190.6,1941513,2.9287097465618244,183.3318867052406,178.6435162285656,4.688370476675004,3.9826100294803397,6.549999999999983,1.5,8.049999999999983,8.049999999999983,6.485714285714287,1958379.8,Buy
38,2022-08-30T00:00:00+05:30,192.0,195.2,191.9,194.25,1442769,3.2659459643320234,185.0115964428959,179.79955206348666,5.212044379409235,4.228496899466119,3.299999999999983,4.599999999999994,1.3000000000000114,4.599999999999994,6.535714285714286,1991647.1,Buy
39,2022-09-01T00:00:00+05:30,193.0,197.75,191.5,194.25,1605113,3.5743053771159508,186.43288929783498,180.8699556143395,5.562933683495487,4.495384256271993,6.25,3.5,2.75,6.25,6.692857142857142,1932852.5,Buy
40,2022-09-02T00:00:00+05:30,195.0,195.75,190.35,191.8,899366,3.749748772230684,187.25859863662959,181.67958853179582,5.57901010483377,4.712109425984348,5.400000000000006,1.5,3.9000000000000057,5.400000000000006,6.160714285714286,1859489.15,Buy
41,2022-09-05T00:00:00+05:30,192.75,195.85,191.6,192.55,866250,3.8637440258823155,188.07266038484042,182.48480419610723,5.587856188733184,4.8872587785341155,4.25,4.049999999999983,0.20000000000001705,4.25,6.125,1847897.55,No Signal
42,2022-09-06T00:00:00+05:30,193.5,194.95,191.15,192.6,859876,3.8693616594270743,188.76917417178805,183.23407795935856,5.535096212429494,5.016826265313192,3.799999999999983,2.3999999999999773,1.4000000000000057,3.799999999999983,6.028571428571427,1666531.45,No Signal
43,2022-09-07T00:00:00+05:30,192.0,193.55,189.6,190.95,737155,3.7922003428860185,189.1046858376668,183.8056277401468,5.299058097520003,5.073272631754555,3.950000000000017,0.950000000000017,3.0,3.950000000000017,5.9607142857142845,1655644.7,No Signal
44,2022-09-08T00:00:00+05:30,192.1,205.6,192.1,203.55,7708272,3.870739589374541,191.32704186264115,185.26817383346926,6.05886802917189,5.270391711238022,13.5,14.650000000000006,1.1500000000000057,14.650000000000006,6.714285714285714,2010371.25,Buy
45,2022-09-09T00:00:00+05:30,204.95,204.95,200.55,203.65,2295545,4.068218835775085,193.22288157608097,186.62979058654562,6.593090989535341,5.5349315668974866,4.399999999999977,1.3999999999999773,3.0,4.399999999999977,6.392857142857141,2088258.85,Buy
46,2022-09-12T00:00:00+05:30,204.85,207.35,200.8,206.6,3034612,4.431466966509204,195.28089979514544,188.1090653579126,7.171834437232832,5.862312140964556,6.549999999999983,3.6999999999999886,2.8499999999999943,6.549999999999983,6.517857142857139,1973061.15,Buy
47,2022-09-13T00:00:00+05:30,206.8,206.8,203.5,204.85,975123,4.713180202185159,196.75306905743076,189.34913459065982,7.403934466770949,6.170636606125835,3.3000000000000114,0.20000000000001705,3.0999999999999943,3.3000000000000114,6.357142857142855,1954537.5,Buy
48,2022-09-14T00:00:00+05:30,200.0,207.4,199.65,205.1,2054813,4.845936949455592,198.0372122793645,190.51586536172206,7.521346917642433,6.440778668429155,7.75,2.5500000000000114,5.199999999999989,7.75,6.642857142857141,2007587.1,Buy
49,2022-09-15T00:00:00+05:30,206.45,207.45,203.25,204.85,1245236,4.977410670934523,199.08533346715458,191.5776531127056,7.507680354448979,6.65415900563312,4.199999999999989,2.3499999999999943,1.8499999999999943,4.199999999999989,6.057142857142854,1977591.45,No Signal
50,2022-09-16T00:00:00+05:30,204.3,204.3,193.8,195.9,1515727,5.077092428164256,198.59528216451542,191.8978269562089,6.697455208306536,6.662818246167803,10.5,0.549999999999983,11.049999999999983,11.049999999999983,6.299999999999995,2010432.75,No Signal
51,2022-09-19T00:00:00+05:30,196.0,205.0,195.2,203.9,2232043,4.6739787742607115,199.41139260074382,192.78687681130452,6.6245157894393,6.655157754822103,9.800000000000011,9.099999999999994,0.700000000000017,9.800000000000011,6.424999999999997,2055928.3,Sell
52,2022-09-20T00:00:00+05:30,205.0,206.6,202.7,204.85,1950485,4.206776224589474,200.24810143139862,193.68044149194864,6.567659939449982,6.637658191747679,3.9000000000000057,2.6999999999999886,1.200000000000017,3.9000000000000057,6.374999999999998,2116285.05,Sell
53,2022-09-21T00:00:00+05:30,205.8,205.85,198.5,201.65,852809,3.728925600672283,200.46377813426037,194.2707791592117,6.192998975048653,6.548726348407874,7.349999999999994,1.0,6.349999999999994,7.349999999999994,6.4535714285714265,2125376.25,Sell
54,2022-09-22T00:00:00+05:30,200.0,203.4,198.2,201.9,964826,3.0524445353769836,200.68473534437416,194.83590662889975,5.848828715474411,6.408746821821182,5.200000000000017,1.75,3.450000000000017,5.200000000000017,6.439285714285712,2139486.2,Sell
55,2022-09-23T00:00:00+05:30,201.5,202.5,193.45,197.15,1101779,2.938388777564573,200.14092990677813,195.00732095268495,5.133608954093177,6.153719248275581,9.050000000000011,0.5999999999999943,8.450000000000017,9.050000000000011,6.782142857142857,1894954.6,Sell
56,2022-09-26T00:00:00+05:30,194.95,194.95,183.7,186.2,1496260,3.403145895322303,197.9961714595815,194.35492680804163,3.641244651539864,5.651224328928438,11.25,2.200000000000017,13.450000000000017,13.450000000000017,7.471428571428573,1788978.6,Sell
57,2022-09-27T00:00:00+05:30,187.1,189.9,185.7,188.25,893744,3.4568703099679765,196.49676046579972,193.90271000744596,2.594050458353763,5.039789554813503,4.200000000000017,3.700000000000017,0.5,4.200000000000017,7.489285714285716,1736590.15,Sell
58,2022-09-28T00:00:00+05:30,186.3,189.55,184.5,186.8,758212,3.7186283106926545,195.004951163369,193.37658334022774,1.6283678231412466,4.357505208479052,5.050000000000011,1.3000000000000114,3.75,5.050000000000011,6.803571428571431,1702362.3,Sell
59,2022-09-29T00:00:00+05:30,190.0,197.3,188.2,194.05,1486878,3.5825927308279493,194.85803559977376,193.4264660557664,1.4315695440073455,3.772318075584711,9.100000000000023,10.5,1.3999999999999773,10.5,7.239285714285718,1696450.55,Sell
60,2022-09-30T00:00:00+05:30,194.9,198.65,191.05,196.85,1742163,3.4598443739784055,195.16449166134703,193.68006116274668,1.4844304986003465,3.3147405601878384,7.599999999999994,4.599999999999994,3.0,7.599999999999994,7.3142857142857185,1738590.4,Sell
61,2022-10-03T00:00:00+05:30,196.75,197.45,188.35,189.4,664077,3.6855107226797585,194.27764679037057,193.36301959513582,0.9146271952347433,2.8347178871972196,9.099999999999994,0.5999999999999943,8.5,9.099999999999994,7.728571428571432,1728481.75,Sell
62,2022-10-04T00:00:00+05:30,193.0,198.65,192.8,197.9,945879,3.469495261038881,194.83493189954433,193.69909221771834,1.1358396818259848,2.4949422461229727,5.849999999999994,9.25,3.4000000000000057,9.25,7.835714285714289,1732781.9,Sell
63,2022-10-06T00:00:00+05:30,198.3,203.8,198.3,203.1,1033809,3.311341729830292,196.10648083807598,194.3954557571466,1.7110250809293746,2.338158813084253,5.5,5.900000000000006,0.4000000000000057,5.900000000000006,7.957142857142862,1747614.6,Sell
64,2022-10-07T00:00:00+05:30,202.5,203.8,199.5,202.95,1019162,3.3035006300166385,197.15932993991044,195.02912570106167,2.130204238848762,2.296567898237155,4.300000000000011,0.700000000000017,3.5999999999999943,4.300000000000011,7.475000000000007,1413159.1,Sell
65,2022-10-10T00:00:00+05:30,202.0,202.0,197.65,198.4,663271,3.3298497056301515,197.3502022568473,195.27882009357563,2.0713821632716645,2.251530751244057,4.349999999999994,0.9499999999999886,5.299999999999983,5.299999999999983,7.153571428571433,1331545.4,Sell
66,2022-10-11T00:00:00+05:30,199.0,199.35,190.0,191.85,633284,3.377907391392295,196.5040172942554,195.02483341997743,1.4791838742779646,2.0970613758508385,9.349999999999994,0.9499999999999886,8.400000000000006,9.349999999999994,7.542857142857146,1211479.0,Sell
67,2022-10-12T00:00:00+05:30,192.35,196.4,192.15,194.05,687650,3.2514353337851345,196.12647617206224,194.95262353701614,1.173852635046103,1.9124196276898915,4.25,4.550000000000011,0.30000000000001137,4.550000000000011,7.342857142857148,1197105.35,Sell
68,2022-10-13T00:00:00+05:30,194.1,196.95,192.25,196.35,638631,3.0731668737261275,196.16086445328344,195.05613290464456,1.1047315486388811,1.7508820118796895,4.699999999999989,2.8999999999999773,1.8000000000000114,4.699999999999989,7.30714285714286,1126296.25,Sell
69,2022-10-14T00:00:00+05:30,198.5,200.7,191.0,192.3,838207,3.0176845487683215,195.56688530662444,194.8519749117079,0.7149103949165294,1.5436876884870576,9.699999999999989,4.349999999999994,5.349999999999994,9.699999999999989,7.3535714285714295,1105944.8,Sell
70,2022-10-17T00:00:00+05:30,192.9,206.0,191.65,204.45,2962667,2.9779570919060063,196.93351833637453,195.56293973306288,1.3705786033116567,1.5090658714519776,14.349999999999994,13.699999999999989,0.6500000000000057,14.349999999999994,7.417857142857143,1178291.8,Sell
71,2022-10-18T00:00:00+05:30,207.3,217.9,203.5,215.55,5387170,3.370625355774729,199.79759243847076,197.04346271579897,2.7541297226717916,1.7580786416959404,14.400000000000006,13.450000000000017,0.9499999999999886,14.400000000000006,8.14642857142857,1336048.15,Buy
72,2022-10-19T00:00:00+05:30,216.1,219.65,213.0,217.0,2834615,3.854222665071639,202.44411667870602,198.5217247368509,3.9223919418551247,2.1909413017277775,6.650000000000006,4.099999999999994,2.5500000000000114,6.650000000000006,8.260714285714284,1380254.65,Buy
73,2022-10-20T00:00:00+05:30,215.0,224.55,212.2,221.2,2485589,4.4517431416534965,205.32963718967432,200.20159697856565,5.128040211108669,2.7783610836039556,12.350000000000023,7.550000000000011,4.800000000000011,12.350000000000023,8.392857142857142,1461893.65,Buy
74,2022-10-21T00:00:00+05:30,222.9,236.4,220.95,226.2,7349276,5.126314277494432,208.54046223741673,202.127404609783,6.4130576276337194,3.5053003924099086,15.450000000000017,15.200000000000017,0.25,15.450000000000017,8.953571428571431,1781116.15,Buy
75,2022-10-24T00:00:00+05:30,232.0,234.9,231.1,233.85,1146047,5.906720893160792,212.43423727781416,204.47722649053983,7.957010787274328,4.395642471382793,3.8000000000000114,8.700000000000017,4.900000000000006,8.700000000000017,8.925000000000002,1783329.55,Buy
76,2022-10-25T00:00:00+05:30,232.05,239.6,228.2,233.25,5996853,6.417220527178145,215.6366623119966,206.60854304679614,9.028119265200445,5.322137830146324,11.400000000000006,5.75,5.650000000000006,11.400000000000006,9.078571428571433,2008359.2,Buy
77,2022-10-27T00:00:00+05:30,234.9,239.4,232.4,237.2,2371289,6.820448956355996,218.95409887938172,208.8745768951816,10.079521984200113,6.273614660957082,7.0,6.150000000000006,0.8499999999999943,7.0,9.15714285714286,2082236.45,Buy
78,2022-10-28T00:00:00+05:30,237.15,247.1,236.8,244.6,4107750,7.1760308305639615,222.89962212870762,211.52090453257557,11.378717596132049,7.294635247992076,10.299999999999983,9.900000000000006,0.39999999999997726,10.299999999999983,9.585714285714287,2249713.35,Buy
79,2022-10-31T00:00:00+05:30,246.5,256.4,246.1,253.9,4138136,7.775051520749271,227.66891103198336,214.66009678942183,13.008814242561527,8.437471046905967,10.299999999999983,11.799999999999983,1.5,11.799999999999983,10.05,2382276.25,Buy
80,2022-11-01T00:00:00+05:30,255.0,258.6,244.1,249.8,2330770,8.421589054032722,231.07369395013976,217.263052582798,13.81064136734176,9.512105110993126,14.500000000000028,4.700000000000017,9.800000000000011,14.500000000000028,10.417857142857146,2411706.6,Buy
81,2022-11-02T00:00:00+05:30,249.0,250.95,241.0,244.65,2470151,8.62587442113028,233.16235641934904,219.2917153544426,13.870641064906437,10.383812301775789,9.949999999999989,1.1499999999999773,8.800000000000011,9.949999999999989,10.80357142857143,2502010.3,Buy
82,2022-11-03T00:00:00+05:30,241.9,254.0,241.8,251.65,4661819,8.67416290230485,236.00660927791074,221.68862532818758,14.317983949723157,11.170646631365264,12.199999999999989,9.349999999999994,2.8499999999999943,12.199999999999989,11.339285714285717,2687807.3,Buy
83,2022-11-04T00:00:00+05:30,253.4,256.65,248.05,249.7,2794787,8.947376748142508,238.11328477361678,223.76354197054405,14.34974280307273,11.806465865706757,8.599999999999966,4.999999999999972,3.5999999999999943,8.599999999999966,11.260714285714286,2775856.2,Buy
84,2022-11-07T00:00:00+05:30,255.1,269.15,255.0,259.9,7890584,8.953067796193277,241.46508711613728,226.44031663939265,15.024770476744635,12.450126787914334,14.149999999999977,19.44999999999999,5.300000000000011,19.44999999999999,11.625,3119427.3,Buy
85,2022-11-09T00:00:00+05:30,261.0,269.7,259.0,267.45,3704755,9.010505241486923,245.46276602134694,229.4780709624006,15.984695058946329,13.157040442120733,10.699999999999989,9.800000000000011,0.8999999999999773,10.699999999999989,11.360714285714284,3271501.5,Buy
86,2022-11-10T00:00:00+05:30,267.85,270.0,263.25,266.95,2336775,8.920920568867512,248.7684943257551,232.2537694096302,16.51472491612492,13.82857733692157,6.75,2.5500000000000114,4.199999999999989,6.75,11.367857142857142,3356676.05,Buy
87,2022-11-11T00:00:00+05:30,270.0,270.0,257.8,260.8,1892760,8.711911707143855,250.61949519871587,234.36830500891685,16.25119018979902,14.313099907497062,12.199999999999989,3.0500000000000114,9.149999999999977,12.199999999999989,11.357142857142852,3416931.55,Buy
88,2022-11-14T00:00:00+05:30,261.0,263.6,257.05,262.55,1230987,8.139616022136877,252.4549574758365,236.4558379712193,15.999119504617198,14.650303826921089,6.550000000000011,2.8000000000000114,3.75,6.550000000000011,10.721428571428566,3446549.35,Buy
89,2022-11-15T00:00:00+05:30,263.55,273.5,262.1,270.6,2197066,7.137201914344973,255.24650247955395,238.9850351585364,16.261467321017562,14.972536525740384,11.399999999999977,10.949999999999989,0.44999999999998863,11.399999999999977,10.914285714285707,3514492.3,Buy
90,2022-11-16T00:00:00+05:30,271.15,274.9,266.0,268.8,2084353,6.6039490572569415,257.331655944238,241.1935510727189,16.13810487151909,15.205650194896126,8.899999999999977,4.2999999999999545,4.600000000000023,8.899999999999977,10.735714285714277,3470576.6,Buy
91,2022-11-17T00:00:00+05:30,266.0,272.6,264.05,271.6,1149980,6.247670454586411,259.5267857989706,243.44588062288787,16.080905176082723,15.380701191133447,8.550000000000011,3.8000000000000114,4.75,8.550000000000011,10.846428571428563,3258717.1,Buy
92,2022-11-18T00:00:00+05:30,271.6,275.0,268.55,274.35,1991128,5.828452319086845,261.80728029143665,245.7350746508221,16.072205640614555,15.519002081029669,6.449999999999989,3.3999999999999773,3.0500000000000114,6.449999999999989,10.571428571428564,3216542.75,Buy
93,2022-11-21T00:00:00+05:30,274.35,275.0,265.1,268.6,1943168,5.422169065790757,262.8523140927541,247.42877282483528,15.423541267918836,15.499909918407504,9.899999999999977,0.6499999999999773,9.25,9.899999999999977,10.435714285714278,3189421.7,No Signal
94,2022-11-22T00:00:00+05:30,269.3,275.0,267.5,274.65,1915304,4.932398245578861,264.6673426938689,249.44516002299562,15.222182670873252,15.444364468900654,7.5,6.399999999999977,1.1000000000000227,7.5,9.935714285714274,2917723.1,No Signal
95,2022-11-23T00:00:00+05:30,274.65,279.5,273.0,275.55,2116655,4.700782767442899,266.3415976640429,251.3788518731441,14.962745790898822,15.348040733300289,6.5,4.850000000000023,1.6499999999999773,6.5,9.689285714285704,2966253.5,No Signal
96,2022-11-24T00:00:00+05:30,277.0,280.85,273.1,275.95,1546486,4.314253758853353,267.81981340803634,253.19893691957787,14.620876488458464,15.202607884331925,7.75,5.300000000000011,2.4499999999999886,7.75,9.371428571428563,2743735.15,No Signal
97,2022-11-25T00:00:00+05:30,276.3,280.8,269.45,271.95,2056530,3.915113745418599,268.4552267298769,254.5879045551647,13.867322174712228,14.935550742407987,11.350000000000023,4.850000000000023,6.5,11.350000000000023,9.567857142857138,2727997.2,No Signal
98,2022-11-28T00:00:00+05:30,271.95,275.35,267.2,272.6,1666315,3.6267036534599866,269.0928841560497,255.9221338473747,13.170750308674997,14.58259065566139,8.150000000000034,3.400000000000034,4.75,8.150000000000034,8.760714285714284,2605925.45,No Signal
99,2022-11-29T00:00:00+05:30,272.05,275.0,266.6,267.95,1964195,3.5754843445451554,268.91705582434975,256.81308689571733,12.103968928632412,14.086866310255596,8.399999999999977,2.3999999999999773,6.0,8.399999999999977,8.59642857142857,2497228.4,No Signal
100,2022-11-30T00:00:00+05:30,269.15,272.45,264.4,266.9,2516018,3.3196498551297307,268.60673954368053,257.5602656441827,11.046473899497812,13.47878782810404,8.050000000000011,4.5,3.5500000000000114,8.050000000000011,8.689285714285713,2506490.8,No Signal
101,2022-12-01T00:00:00+05:30,268.6,279.0,268.2,276.05,2347860,2.7280392334467867,269.7518565369605,258.9298755964655,10.821980940494996,12.947426450582231,10.800000000000011,12.100000000000023,1.3000000000000114,12.100000000000023,8.682142857142859,2500376.25,No Signal
102,2022-12-02T00:00:00+05:30,276.05,284.7,273.75,282.35,4340327,2.55103525041704,271.6900324543512,260.66469962635693,11.025332827994248,12.563007726064635,10.949999999999989,8.649999999999977,2.3000000000000114,10.949999999999989,8.99642857142857,2484301.65,No Signal
103,2022-12-05T00:00:00+05:30,282.9,286.3,282.0,284.5,1451798,2.244405710035979,273.6607966921433,262.430277431812,11.230519260331334,12.296510032917976,4.300000000000011,3.9499999999999886,0.35000000000002274,4.300000000000011,8.489285714285716,2417152.2,No Signal
104,2022-12-06T00:00:00+05:30,285.35,294.5,284.2,292.85,3053049,2.5678464775827976,276.61298181642894,264.68359021464073,11.929391601788211,12.223086346692023,10.300000000000011,10.0,0.30000000000001137,10.300000000000011,8.589285714285719,2175275.45,No Signal
105,2022-12-07T00:00:00+05:30,293.95,295.0,288.8,292.3,1850943,2.9394662694416,279.02636922928605,266.7292501987414,12.29711903054465,12.23789288346255,6.199999999999989,2.1499999999999773,4.050000000000011,6.199999999999989,8.421428571428574,2082584.85,No Signal
106,2022-12-08T00:00:00+05:30,292.3,297.0,287.55,294.95,1837846,3.2618691031943405,281.47615857862667,268.81967610994576,12.656482468680906,12.321610800506221,9.449999999999989,4.699999999999989,4.75,9.449999999999989,8.635714285714288,2057638.4,No Signal
107,2022-12-09T00:00:00+05:30,296.75,301.0,270.25,272.65,4049679,3.311209763515721,280.1182880280687,269.1034038055053,11.01488422256341,12.06026548491766,30.75,6.050000000000011,24.69999999999999,30.75,10.125000000000004,2165484.35,Sell
108,2022-12-12T00:00:00+05:30,273.45,274.0,265.45,269.3,4125116,3.2009748321461506,278.45393602375043,269.117966486579,9.335969537171422,11.515406295368413,8.550000000000011,1.3500000000000227,7.199999999999989,8.550000000000011,10.200000000000005,2310190.8,Sell
109,2022-12-13T00:00:00+05:30,272.0,297.65,271.9,294.0,12228547,3.18780579598351,280.8456381739427,270.96108008016574,9.884558093776945,11.18923665505012,25.75,28.349999999999966,2.599999999999966,28.349999999999966,11.760714285714288,2811764.85,Sell
110,2022-12-14T00:00:00+05:30,296.0,306.0,291.5,299.7,7879714,3.4616152779112155,283.74630922410535,273.08988896311644,10.65642026098891,11.082673376237878,14.5,12.0,2.5,14.5,12.242857142857146,3101532.9,Sell
111,2022-12-15T00:00:00+05:30,299.8,304.5,296.65,299.5,3690600,3.733014500895636,286.16995395885834,275.04619348436705,11.123760474491291,11.09089079588856,7.850000000000023,4.800000000000011,3.0500000000000114,7.850000000000023,11.992857142857146,3228563.9,Buy
112,2022-12-16T00:00:00+05:30,296.0,300.75,285.7,294.15,2942947,3.9078560473038544,287.3976533498032,276.4612902633028,10.936363086500364,11.059985254010922,15.050000000000011,1.25,13.800000000000011,15.050000000000011,12.485714285714286,3276154.85,Sell
113,2022-12-19T00:00:00+05:30,293.8,297.8,288.1,291.0,1404020,3.8760655991444146,287.95186052675655,277.5382317252804,10.413628801476136,10.930713963503965,9.699999999999989,3.650000000000034,6.0499999999999545,9.699999999999989,12.578571428571431,3249197.45,Sell
114,2022-12-20T00:00:00+05:30,291.95,299.9,286.5,297.8,1985484,3.902039936558284,289.46695890725556,279.0391034493337,10.42785545792185,10.830142262387543,13.399999999999977,8.899999999999977,4.5,13.399999999999977,12.960714285714285,3252706.45,Sell
115,2022-12-21T00:00:00+05:30,298.0,300.85,280.0,285.75,3220190,4.01443653473788,288.8951190753701,279.5362068975312,9.358912177838874,10.53589624547781,20.850000000000023,3.0500000000000114,17.80000000000001,20.850000000000023,13.585714285714285,3307883.2,Sell
116,2022-12-22T00:00:00+05:30,288.0,289.6,275.05,280.45,2719409,4.045721895756491,287.5958699868516,279.6038952754919,7.991974711359717,10.027111938654192,14.550000000000011,3.8500000000000227,10.699999999999989,14.550000000000011,13.842857142857143,3366529.35,Sell
117,2022-12-23T00:00:00+05:30,279.6,280.9,255.5,271.55,4525400,4.186903223403393,285.12727460425907,279.00731044027026,6.119964163988811,9.245682383721116,25.399999999999977,0.44999999999998863,24.94999999999999,25.399999999999977,15.349999999999998,3489972.85,Sell
118,2022-12-26T00:00:00+05:30,274.95,291.9,268.8,289.2,3748434,3.828254052462396,285.7538477420654,279.7623244817317,5.991523260333679,8.594850559043628,23.099999999999966,20.349999999999966,2.75,23.099999999999966,16.26428571428571,3594078.8,Sell
119,2022-12-27T00:00:00+05:30,292.0,294.85,287.0,288.55,1700295,3.5765623261911177,286.1840250125169,280.4132634090108,5.77076160350606,8.030032767936115,7.850000000000023,5.650000000000034,2.1999999999999886,7.850000000000023,16.382142857142856,3580883.8,Sell
120,2022-12-28T00:00:00+05:30,288.65,295.95,272.1,279.4,3261676,3.3756906013282655,285.14032885674504,280.3382068601952,4.802121996549829,7.384450613658858,23.849999999999966,7.399999999999977,16.44999999999999,23.849999999999966,17.41071428571428,3618166.7,Sell
121,2022-12-29T00:00:00+05:30,279.4,287.85,273.65,277.65,3623032,3.3646887323114187,283.987970571092,280.13908042610666,3.848890144985319,6.677338519924151,14.200000000000045,8.450000000000045,5.75,14.200000000000045,16.228571428571428,3681925.3,Sell
122,2022-12-30T00:00:00+05:30,280.9,287.3,280.15,285.35,2398443,3.2554515132284254,284.19751356015473,280.5250744686173,3.6724390915374556,6.076358634246812,7.150000000000034,9.650000000000034,2.5,9.650000000000034,16.307142857142857,3584831.1,Sell
123,2023-01-02T00:00:00+05:30,287.0,297.5,284.35,295.75,2657233,3.2010413300753786,285.97481916628476,281.6528467302012,4.32197243608357,5.725481394614164,13.149999999999977,12.149999999999977,1.0,13.149999999999977,15.221428571428573,3645102.85,Sell
124,2023-01-03T00:00:00+05:30,297.85,299.7,294.0,296.8,1965880,3.2420687399900574,287.64023160224093,282.77485808351963,4.865373518721299,5.553459819435591,5.699999999999989,3.9499999999999886,1.75,5.699999999999989,14.592857142857143,3590744.4,Sell
125,2023-01-04T00:00:00+05:30,296.8,298.4,290.35,295.45,2042191,3.2917223605090173,288.8417344326654,283.7137574847404,5.127976947924992,5.468363245133471,8.049999999999955,1.599999999999966,6.449999999999989,8.049999999999955,14.607142857142852,3600306.8,Sell
126,2023-01-05T00:00:00+05:30,297.3,298.95,291.4,294.7,1507383,3.296937880969951,289.7430060584092,284.52755322661153,5.215452831797677,5.417781162466312,7.550000000000011,3.5,4.050000000000011,7.550000000000011,14.071428571428568,3583783.65,Sell
127,2023-01-06T00:00:00+05:30,296.0,296.2,289.35,293.45,1311018,3.0965053726728997,290.3133128186539,285.18847520982547,5.124837608828443,5.359192451738738,6.849999999999966,1.5,5.349999999999966,6.849999999999966,13.867857142857137,3446850.6,No Signal
128,2023-01-09T00:00:00+05:30,295.95,300.0,292.15,296.75,1952696,2.683052007081406,291.30357238501483,286.0448844535421,5.258687931472707,5.339091547685532,7.850000000000023,6.550000000000011,1.3000000000000114,7.850000000000023,13.47142857142857,3338229.6,No Signal
129,2023-01-10T00:00:00+05:30,296.45,296.45,287.05,289.0,1113496,2.7403530987606355,290.9491766334741,286.2637819014279,4.685394732046234,5.208352184557673,9.399999999999977,0.30000000000001137,9.699999999999989,9.699999999999989,12.674999999999995,2782477.05,No Signal
130,2023-01-11T00:00:00+05:30,289.1,290.85,283.3,287.9,1448659,2.639692881832688,290.48007253601656,286.38498324206284,4.09508929395372,4.985699606436882,7.550000000000011,1.8500000000000227,5.699999999999989,7.550000000000011,12.174999999999995,2460924.3,No Signal
131,2023-01-12T00:00:00+05:30,288.95,288.95,284.2,285.75,645103,2.5415925337261283,289.75236906893707,286.33794744635446,3.4144216225826085,4.671444009666028,4.75,1.0500000000000114,3.6999999999999886,4.75,10.699999999999998,2308649.45,No Signal
132,2023-01-13T00:00:00+05:30,287.15,289.25,281.65,285.35,1050157,2.5193228047969822,289.07508151986985,286.2647661540319,2.810315365837937,4.29921828090041,7.600000000000023,3.5,4.100000000000023,7.600000000000023,9.592857142857143,2214009.95,No Signal
133,2023-01-16T00:00:00+05:30,286.0,294.0,285.65,288.3,1600185,2.48435657117866,288.95583820912066,286.4155242166962,2.5403139924244442,3.9474374232052174,8.350000000000023,8.649999999999977,0.2999999999999545,8.649999999999977,9.649999999999997,2223818.2,No Signal
134,2023-01-17T00:00:00+05:30,289.7,290.55,285.25,287.65,867621,2.364043708571717,288.7549400231021,286.5069668673113,2.2479731557908167,3.6075445697223376,5.300000000000011,2.25,3.0500000000000114,5.300000000000011,8.325000000000001,2167925.05,No Signal
135,2023-01-18T00:00:00+05:30,288.4,288.7,277.75,280.6,1649373,2.4856239860268725,287.5003338657018,286.06941376602896,1.4309200996728464,3.1722196757124395,10.949999999999989,1.0500000000000114,9.899999999999977,10.949999999999989,8.09285714285714,2089384.2,No Signal
136,2023-01-19T00:00:00+05:30,280.1,289.7,279.5,287.6,1255619,2.3559690875598465,287.5156671171323,286.1827905241009,1.3328765930314148,2.8043510591762346,10.199999999999989,9.099999999999966,1.1000000000000227,10.199999999999989,8.132142857142851,2016194.7,No Signal
137,2023-01-20T00:00:00+05:30,287.6,290.55,285.55,286.9,709775,1.9523655547360574,287.4209490991119,286.2359171519453,1.1850319471666353,2.480487236774315,5.0,2.9499999999999886,2.0500000000000114,5.0,7.549999999999995,1825413.45,No Signal
138,2023-01-23T00:00:00+05:30,287.95,289.7,285.2,287.9,552419,1.945679614520024,287.49464923771006,286.35918254809746,1.1354666896125991,2.211483127341972,4.5,2.8000000000000114,1.6999999999999886,4.5,7.46428571428571,1665612.7,No Signal
139,2023-01-24T00:00:00+05:30,288.2,292.85,288.2,290.15,857419,1.93457704308759,287.9031647396008,286.639983840831,1.2631808987698037,2.021822681627538,4.650000000000034,4.9500000000000455,0.30000000000001137,4.9500000000000455,7.2428571428571455,1623468.9,No Signal
140,2023-01-25T00:00:00+05:30,292.4,293.5,282.6,292.15,2311405,1.787187790121374,288.5565240104315,287.0481331859546,1.5083908244768622,1.919136310197403,10.899999999999977,3.3500000000000227,7.5499999999999545,10.899999999999977,7.482142857142857,1575955.35,No Signal
141,2023-01-27T00:00:00+05:30,293.5,293.5,277.5,282.35,1802029,1.6845815572548166,287.6016741626728,286.7001233203284,0.9015508423444203,1.7156192166268065,16.0,1.3500000000000227,14.649999999999977,16.0,8.135714285714288,1484905.2,No Signal
142,2023-01-30T00:00:00+05:30,282.35,300.0,278.5,296.85,2264826,1.6579157658975767,289.0244935222616,287.4519660373411,1.5725274849204993,1.6870008702855452,21.5,17.649999999999977,3.8500000000000227,21.5,9.110714285714286,1478224.35,No Signal
143,2023-01-31T00:00:00+05:30,297.0,305.95,291.35,304.75,4686789,1.9036182167694933,291.44380221114443,288.73330188642694,2.7105003247174864,1.8917007611719336,14.599999999999966,9.099999999999966,5.5,14.599999999999966,9.460714285714285,1579702.15,No Signal
144,2023-02-01T00:00:00+05:30,306.0,310.0,273.65,292.75,3044737,1.9261649416371627,291.6447557171222,289.03083508002493,2.6139206370972943,2.0361447363570058,36.35000000000002,5.25,31.100000000000023,36.35000000000002,11.517857142857142,1633645.0,Buy
145,2023-02-02T00:00:00+05:30,293.0,298.3,290.0,292.25,1611678,1.8921543434628836,291.73787022218033,289.26929174076383,2.4685784814165004,2.122631485368905,8.300000000000011,5.550000000000011,2.75,8.300000000000011,11.771428571428572,1612119.35,Buy
146,2023-02-03T00:00:00+05:30,293.3,296.0,285.15,294.8,1865368,1.877269463914526,292.20896711107565,289.67897383404056,2.5299932770350892,2.204103843702142,10.850000000000023,3.75,7.100000000000023,10.850000000000023,12.00357142857143,1630018.6,Buy
147,2023-02-06T00:00:00+05:30,295.1,298.7,290.5,292.25,1320760,1.8829978952843263,292.21527986321786,289.8694202167042,2.345859646513645,2.2324550042644424,8.199999999999989,3.8999999999999773,4.300000000000011,8.199999999999989,11.971428571428573,1630505.7,Buy
148,2023-02-07T00:00:00+05:30,292.35,293.5,285.95,287.45,482672,1.8440675036008187,291.48215988426125,289.69020390435577,1.791955979905481,2.1443551993926504,7.550000000000011,1.25,6.300000000000011,7.550000000000011,12.132142857142858,1557004.5,Sell
149,2023-02-08T00:00:00+05:30,287.45,289.7,285.95,287.5,855567,1.8507141785934211,290.8695199020672,289.52796657810717,1.3415533239600563,1.9837948243061316,3.75,2.25,1.5,3.75,11.617857142857146,1544108.05,Sell
150,2023-02-09T00:00:00+05:30,289.0,289.0,284.0,287.0,462099,1.8604023969423733,290.27420914790304,289.34070979454367,0.9334993533593661,1.7737357301167787,5.0,1.5,3.5,5.0,11.246428571428575,1494780.05,Sell
151,2023-02-10T00:00:00+05:30,287.75,291.9,286.2,289.85,1054284,1.8165908141092406,290.2089462020718,289.37843499494784,0.8305112071239478,1.5850908255182126,5.699999999999989,4.899999999999977,0.8000000000000114,5.699999999999989,11.296428571428574,1515239.1,Sell
152,2023-02-13T00:00:00+05:30,290.5,290.5,280.65,282.35,424829,1.9254075154356824,288.9998775555992,288.8578101805073,0.14206737509192635,1.2964861354329553,9.850000000000023,0.6499999999999773,9.200000000000045,9.850000000000023,11.678571428571432,1483972.7,Sell
153,2023-02-14T00:00:00+05:30,283.45,290.7,281.0,289.9,1377132,1.8725361812536399,289.13835793166083,288.9350094263956,0.2033485052652395,1.0778586093994122,9.699999999999989,8.349999999999966,1.3500000000000227,9.699999999999989,12.017857142857142,1472820.05,Sell
154,2023-02-15T00:00:00+05:30,290.0,291.8,284.05,288.55,581135,1.8765356154037955,289.0478413267899,288.90649020962553,0.14135111716439042,0.890557110952408,7.75,1.900000000000034,5.849999999999966,7.75,11.792857142857144,1458495.75,Sell
155,2023-02-16T00:00:00+05:30,289.25,290.15,285.45,288.0,349661,1.7351706151370758,288.88663496882225,288.8393427866903,0.04729218213196873,0.7219041251883201,4.699999999999989,1.599999999999966,3.1000000000000227,4.699999999999989,10.985714285714286,1393510.15,Sell
156,2023-02-17T00:00:00+05:30,287.9,289.2,286.05,288.65,418786,1.7237137857780818,288.85022958900345,288.8253173950836,0.024912193919874426,0.582505738934631,3.1499999999999773,1.1999999999999886,1.9499999999999886,3.1499999999999773,9.674999999999999,1351668.5,No Signal
157,2023-02-20T00:00:00+05:30,288.7,289.6,285.1,286.95,438116,1.7333369428925178,288.5578865753106,288.68640499544773,-0.12851842013714077,0.44030090712027664,4.5,0.9500000000000455,3.5499999999999545,4.5,8.953571428571431,1338085.55,No Signal
158,2023-02-21T00:00:00+05:30,286.95,288.55,282.3,285.35,522423,1.7752063167143797,288.0643655637243,288.43926388467384,-0.37489832094951225,0.27726106150631885,6.25,1.6000000000000227,4.649999999999977,6.25,6.803571428571429,1336585.75,No Signal
159,2023-02-22T00:00:00+05:30,285.55,286.25,271.35,273.2,978304,2.307568812642765,285.77754009238214,287.31042952284616,-1.5328894304640244,-0.08476903688774981,14.899999999999977,0.8999999999999773,14.0,14.899999999999977,7.274999999999998,1342630.0,No Signal
160,2023-02-23T00:00:00+05:30,274.8,283.15,265.65,278.4,1286109,2.4054751559995506,284.64253392432335,286.65039770633905,-2.007863782015704,-0.4693879859133407,17.5,9.949999999999989,7.550000000000011,17.5,7.749999999999996,1291365.2,No Signal
161,2023-02-24T00:00:00+05:30,279.65,282.0,270.25,272.55,566095,2.744442524109419,282.78214408981205,285.60592380216576,-2.823779712353712,-0.940266331201415,11.75,3.6000000000000227,8.149999999999977,11.75,8.003571428571425,1229568.5,No Signal
162,2023-02-27T00:00:00+05:30,271.3,272.85,257.2,259.8,1330430,3.650443389816741,279.24642961445636,283.6943738908942,-4.447944276437852,-1.6418019202487024,15.650000000000034,0.30000000000001137,15.350000000000023,15.650000000000034,8.582142857142856,1182848.7,No Signal
163,2023-02-28T00:00:00+05:30,259.6,263.95,252.2,257.1,1867802,4.079387194584965,275.83928659684767,281.72442026934647,-5.885133672498796,-2.490468270698721,11.75,4.149999999999977,7.600000000000023,11.75,9.153571428571427,1041899.35,No Signal
164,2023-03-01T00:00:00+05:30,257.9,268.3,257.25,266.45,917092,4.104755195710087,274.3947809665634,280.5929817308764,-6.198200764312958,-3.2320147694215686,11.050000000000011,11.199999999999989,0.14999999999997726,11.199999999999989,9.59642857142857,935517.1,No Signal
165,2023-03-02T00:00:00+05:30,267.3,276.8,267.0,274.5,1238097,3.9405348531438236,274.410968510169,280.14164975081144,-5.7306812406424115,-3.731748063665737,9.800000000000011,10.350000000000023,0.5500000000000114,10.350000000000023,9.928571428571429,916838.05,No Signal
166,2023-03-03T00:00:00+05:30,276.0,293.5,276.05,292.2,2985797,3.649359142317866,277.1477425855276,281.03486088038096,-3.8871182948533374,-3.7628221099032575,17.44999999999999,19.0,1.5500000000000114,19.0,10.582142857142856,972859.5,Sell
167,2023-03-06T00:00:00+05:30,294.5,294.5,285.3,286.6,1260919,3.6403391793519924,278.601936033908,281.4470934077602,-2.845157373852203,-3.5792891626930468,9.199999999999989,2.3000000000000114,6.899999999999977,9.199999999999989,10.546428571428569,969867.45,Buy
168,2023-03-08T00:00:00+05:30,286.6,292.8,283.7,291.4,796991,3.636073837393049,280.57086895176826,282.1843457479261,-1.6134767961578405,-3.186126689386006,9.100000000000023,6.199999999999989,2.900000000000034,9.100000000000023,10.642857142857142,985583.4,Buy
169,2023-03-09T00:00:00+05:30,290.65,290.65,284.6,285.35,745655,3.6937890799953617,281.3061198822655,282.41883865548715,-1.1127187732216726,-2.7714451061531395,6.0499999999999545,0.75,6.7999999999999545,6.7999999999999545,10.792857142857141,980087.8,Buy
170,2023-03-10T00:00:00+05:30,282.85,291.9,277.0,289.05,1281384,3.670390444140364,282.4974860542246,282.91003579211775,-0.41254973789313,-2.299666032501138,14.899999999999977,6.5499999999999545,8.350000000000023,14.899999999999977,11.632142857142854,1021052.05,Buy
171,2023-03-13T00:00:00+05:30,286.2,289.2,280.2,282.4,932984,3.6907877813648784,282.48248819972855,282.872255363072,-0.38976716334343564,-1.9176862586695975,9.0,0.14999999999997726,8.850000000000023,9.0,11.953571428571426,1014987.05,Buy
172,2023-03-14T00:00:00+05:30,281.7,285.7,254.0,258.5,5099812,4.470210541696861,278.79287463053953,281.06690311395556,-2.274028483416032,-1.9889547036188846,31.69999999999999,3.3000000000000114,28.399999999999977,31.69999999999999,13.771428571428569,1248736.2,Sell
173,2023-03-15T00:00:00+05:30,264.9,266.4,260.25,263.7,1857008,4.484493333124676,276.4708939181488,279.78046584625514,-3.3095719281063225,-2.2530781485163724,6.149999999999977,7.899999999999977,1.75,7.899999999999977,13.271428571428569,1272730.0,Sell
174,2023-03-16T00:00:00+05:30,259.75,267.1,256.2,261.35,1954675,4.6529310113779925,274.14460254612595,278.41524615393996,-4.270643607814009,-2.6565912403758998,10.900000000000034,3.400000000000034,7.5,10.900000000000034,12.799999999999999,1341407.0,Sell
175,2023-03-17T00:00:00+05:30,263.0,277.55,258.05,272.9,4586249,4.365214020978268,273.9531252313373,278.0067094017963,-4.053584170458976,-2.935989826392515,19.5,16.19999999999999,3.3000000000000114,19.5,13.353571428571428,1553236.4,Sell
176,2023-03-20T00:00:00+05:30,273.75,274.3,265.0,266.05,1089258,4.41733888972131,272.7372598111316,277.12102722388545,-4.383767412753855,-3.225545343664783,9.300000000000011,1.400000000000034,7.899999999999977,9.300000000000011,12.899999999999997,1586760.0,Sell
177,2023-03-21T00:00:00+05:30,268.0,275.35,268.0,272.8,1231098,4.189357949291062,272.7469121478806,276.8009511332273,-4.054038985346665,-3.3912440720011596,7.350000000000023,9.300000000000011,1.9499999999999886,9.300000000000011,12.724999999999998,1626409.1,Sell
178,2023-03-22T00:00:00+05:30,272.05,278.85,272.05,274.65,805275,4.056019735405806,273.03969489436054,276.6416214196549,-3.6019265252943455,-3.433380562659797,6.800000000000011,6.050000000000011,0.75,6.800000000000011,12.410714285714286,1640551.7,Sell
179,2023-03-23T00:00:00+05:30,273.0,280.0,270.0,276.9,1220207,4.029433056218442,273.63358798753586,276.66076057375454,-3.0271725862186827,-3.3521389673715745,10.0,5.350000000000023,4.649999999999977,10.0,12.385714285714284,1652646.85,Buy
180,2023-03-24T00:00:00+05:30,276.3,277.7,268.0,269.95,712951,4.129424372798991,273.06688214329955,276.16366719792086,-3.096785054621307,-3.301068184821521,9.699999999999989,0.8000000000000114,8.899999999999977,9.699999999999989,11.72142857142857,1623988.95,Buy
181,2023-03-27T00:00:00+05:30,266.5,273.9,263.55,270.9,975193,4.120529101033466,272.733515659715,275.77376592400077,-3.04025026428576,-3.248904600714369,10.349999999999966,3.9499999999999886,6.399999999999977,10.349999999999966,11.803571428571425,1644443.85,Buy
182,2023-03-28T00:00:00+05:30,272.0,283.0,268.45,280.25,1750215,3.838910320973453,273.8898978659127,276.1053388185192,-2.2154409526065137,-3.042211871092798,14.550000000000011,12.100000000000023,2.4499999999999886,14.550000000000011,12.192857142857138,1665433.1,Buy
183,2023-03-29T00:00:00+05:30,278.05,293.0,275.5,291.1,1740189,3.6149458625159427,276.53760588654154,277.21605446159185,-0.6784485750503109,-2.5694592118843005,17.5,12.75,4.75,17.5,12.957142857142856,1659052.45,Buy
184,2023-03-31T00:00:00+05:30,288.35,293.0,285.95,286.7,1696840,3.660475585169064,278.1010511347659,277.91856894591837,0.18248218884752987,-2.0190709317379345,7.050000000000011,1.8999999999999773,5.150000000000034,7.050000000000011,12.396428571428572,1698039.85,Buy
185,2023-04-03T00:00:00+05:30,289.0,291.9,287.1,290.15,1181892,3.738560607902074,279.95473557557114,278.82460087585036,1.1301346997207702,-1.3892298054461936,4.7999999999999545,5.199999999999989,0.4000000000000341,5.199999999999989,12.125,1695229.6,No Signal
186,2023-04-05T00:00:00+05:30,292.25,293.0,288.0,289.55,680680,3.6890469463408384,281.43093010240636,279.61907488504664,1.8118552173597209,-0.7490128008850107,5.0,2.8500000000000227,2.1499999999999773,5.0,10.217857142857143,1579973.75,No Signal
187,2023-04-06T00:00:00+05:30,289.3,297.95,285.1,288.65,1407310,3.733857788261407,282.5415562404977,280.2880323009691,2.253523939528577,-0.1485054528022931,12.849999999999966,8.399999999999977,4.449999999999989,12.849999999999966,10.571428571428571,1587293.3,No Signal
188,2023-04-10T00:00:00+05:30,288.3,288.65,280.8,282.15,1143177,3.67477547074128,282.48131681888265,280.42595583423065,2.0553609846519976,0.29226783468856504,7.849999999999966,0.0,7.849999999999966,7.849999999999966,10.353571428571424,1604602.6,No Signal
189,2023-04-11T00:00:00+05:30,284.05,287.6,284.0,285.2,802692,3.633439884584502,282.8995757698238,280.77958873539876,2.119987034425037,0.6578116746358594,3.6000000000000227,5.4500000000000455,1.8500000000000227,5.4500000000000455,9.349999999999998,1607454.45,No Signal
190,2023-04-12T00:00:00+05:30,285.2,287.5,281.15,283.7,616832,3.5667439495005513,283.02271795908166,280.9959154957396,2.026802463342051,0.9316098323770978,6.350000000000023,2.3000000000000114,4.050000000000011,6.350000000000023,9.139285714285714,1574226.85,No Signal
191,2023-04-13T00:00:00+05:30,283.7,288.0,282.7,287.05,695414,3.585529809499389,283.6422998115306,281.4443661997589,2.1979336117717025,1.1848745882560188,5.300000000000011,4.300000000000011,1.0,5.300000000000011,8.853571428571428,1562348.35,No Signal
192,2023-04-17T00:00:00+05:30,287.95,312.0,285.35,311.0,4878980,3.7791308733961206,287.85117676360284,283.6336724071842,4.217504356418658,1.7914005418885468,26.649999999999977,24.94999999999999,1.6999999999999886,26.649999999999977,10.271428571428569,1551306.75,No Signal
193,2023-04-18T00:00:00+05:30,312.0,324.7,308.0,321.55,7021427,4.4503281906845915,293.03561110766395,286.44228926591126,6.593321841752697,2.751784801861377,16.69999999999999,13.699999999999989,3.0,16.69999999999999,10.749999999999996,1809527.7,No Signal
194,2023-04-19T00:00:00+05:30,318.8,321.3,315.05,320.0,1833168,4.864579048328084,297.1839786295618,288.9280456165845,8.255933012977323,3.8526144440845664,6.25,0.25,6.5,6.5,10.521428571428569,1803452.35,No Signal
195,2023-04-20T00:00:00+05:30,320.0,321.3,304.1,306.4,1654357,5.181251344499862,298.6018280711677,290.22226445980044,8.379563611367246,4.758004277541103,17.19999999999999,1.3000000000000114,15.899999999999977,17.19999999999999,11.010714285714284,1656857.75,No Signal
196,2023-04-21T00:00:00+05:30,307.5,309.4,296.6,302.25,1915631,5.0709750409116054,299.163085290988,291.1132078331486,8.049877457839443,5.416378913600771,12.799999999999955,3.0,9.799999999999955,12.799999999999955,10.88571428571428,1698176.4,No Signal
197,2023-04-24T00:00:00+05:30,302.9,314.95,302.05,313.3,2099221,5.001541185759088,301.33799524622066,292.756673919582,8.581321326638658,6.049367396208349,12.899999999999977,12.699999999999989,0.19999999999998863,12.899999999999977,10.55714285714285,1741582.55,No Signal
198,2023-04-25T00:00:00+05:30,314.0,324.4,311.1,317.1,3237088,5.0853651099262205,303.76291905449443,294.5598832588722,9.203035795622213,6.680101076091122,13.299999999999955,11.099999999999966,2.1999999999999886,13.299999999999955,11.003571428571417,1863173.2,Buy
199,2023-04-26T00:00:00+05:30,317.1,321.1,312.35,319.2,1383629,5.192678872093672,306.1378545845722,296.38507709154834,9.75277749302387,7.294636359477672,8.75,4.0,4.75,8.75,11.257142857142847,1871344.3,Buy
200,2023-04-27T00:00:00+05:30,318.95,319.8,315.1,316.95,779946,5.060474225429626,307.8012615715611,297.9084047143966,9.892856857164475,7.814280459015033,4.699999999999989,0.6000000000000227,4.099999999999966,4.699999999999989,11.235714285714275,1874694.05,Buy
201,2023-04-28T00:00:00+05:30,318.6,328.0,317.7,322.4,2163861,4.826199373035593,310.0472213297825,299.72259695777467,10.324624372007804,8.316349241613588,10.300000000000011,11.050000000000011,0.75,11.050000000000011,11.107142857142849,1934127.45,Buy
202,2023-05-02T00:00:00+05:30,327.7,330.7,323.85,329.15,1992544,4.863214944716407,312.9861103559698,301.9024045905321,11.083705765437685,8.869820546378408,6.849999999999966,8.300000000000011,1.4500000000000455,8.300000000000011,11.139285714285709,1946243.9,Buy
203,2023-05-03T00:00:00+05:30,325.85,335.0,324.0,334.45,1715457,5.136182072485805,316.28824722428214,304.313337583826,11.974909640456133,9.490838365193953,11.0,5.850000000000023,5.149999999999977,11.0,11.535714285714278,1945007.3,Buy
204,2023-05-04T00:00:00+05:30,334.0,335.0,330.1,331.5,971264,5.2898699177749595,318.6285168820849,306.32716442946855,12.301352452616356,10.052941182678435,4.899999999999977,0.5500000000000114,4.349999999999966,4.899999999999977,11.432142857142846,1908728.5,Buy
205,2023-05-05T00:00:00+05:30,331.35,334.9,328.0,331.9,1004462,5.3732019823481245,320.6702835156103,308.2214485458042,12.448834969806114,10.532119940103971,6.899999999999977,3.3999999999999773,3.5,6.899999999999977,11.546428571428558,1899857.0,Buy
206,2023-05-08T00:00:00+05:30,332.05,334.4,312.8,315.3,4893690,5.462584002686101,319.8440860516703,308.74578569055944,11.09830036111083,10.645356024305343,21.599999999999966,2.5,19.099999999999966,21.599999999999966,11.18571428571427,2110507.5,Buy
207,2023-05-09T00:00:00+05:30,318.0,322.0,293.85,296.75,4738997,5.647958131456098,316.2911497360287,307.85720897274024,8.433940763288433,10.203072972101962,28.149999999999977,6.699999999999989,21.44999999999999,28.149999999999977,12.003571428571414,2277091.85,Sell
208,2023-05-10T00:00:00+05:30,297.75,299.45,285.6,286.8,3501046,5.704746989498223,311.75404977663965,306.2974157155002,5.456634061139425,9.253785189909456,13.849999999999966,2.6999999999999886,11.149999999999977,13.849999999999966,12.52857142857141,2394985.3,Sell
209,2023-05-11T00:00:00+05:30,287.6,292.9,287.3,288.8,2199416,5.565365047997056,308.2226575033105,305.0013108476854,3.221346655625098,8.047297483052585,5.599999999999966,6.099999999999966,0.5,6.099999999999966,11.735714285714266,2464821.5,Sell
210,2023-05-12T00:00:00+05:30,289.2,294.25,289.0,290.0,1676475,5.360918565794226,305.4191717335704,303.8901026367457,1.529069096824685,6.743651805807005,5.25,5.449999999999989,0.19999999999998863,5.449999999999989,11.21071428571427,2517803.65,Sell
211,2023-05-15T00:00:00+05:30,289.95,292.65,282.0,290.8,2173903,5.2436374721381425,303.1700683899442,302.9204654043942,0.249602985550041,5.444842041755613,10.649999999999977,2.6499999999999773,8.0,10.649999999999977,11.049999999999983,2591728.1,No Signal
212,2023-05-16T00:00:00+05:30,292.9,298.0,292.0,293.95,1470300,5.371930854059445,301.7515963299528,302.2559864855502,-0.5043901555973775,4.254995602285015,6.0,7.199999999999989,1.1999999999999886,7.199999999999989,10.6142857142857,2421294.1,No Signal
213,2023-05-17T00:00:00+05:30,295.5,299.8,286.5,287.8,2213890,5.713009085286607,299.60519689457544,301.18517267180573,-1.5799757772302883,3.0880013263819546,13.300000000000011,5.850000000000023,7.449999999999989,13.300000000000011,10.9392857142857,2180917.25,No Signal
214,2023-05-18T00:00:00+05:30,290.45,293.05,285.4,287.1,1310662,5.920556271353052,297.68132044925613,300.14182654796826,-2.4605060987121306,1.9782998413631376,7.650000000000034,5.25,2.400000000000034,7.650000000000034,11.14999999999999,2154791.95,No Signal
215,2023-05-19T00:00:00+05:30,287.1,288.45,281.2,286.2,1119922,6.180984308461996,295.91496345706287,299.10909865552617,-3.1941351984633,0.9438128333978502,7.25,1.349999999999966,5.900000000000034,7.25,10.878571428571417,2128070.2,No Signal
216,2023-05-22T00:00:00+05:30,287.9,289.0,284.55,288.1,545340,6.3068294956618445,294.71266138674554,298.29360986622794,-3.5809484794824016,0.038860570821799764,4.449999999999989,2.8000000000000114,1.6499999999999773,4.449999999999989,10.603571428571415,2059555.65,No Signal
217,2023-05-23T00:00:00+05:30,288.3,290.6,285.0,285.75,1419225,6.528564038300468,293.3337904041693,297.3644535798407,-4.030663175671407,-0.7750441784768416,5.600000000000023,2.5,3.1000000000000227,5.600000000000023,10.217857142857131,2025555.85,No Signal
218,2023-05-24T00:00:00+05:30,285.75,286.95,283.2,285.7,1100369,6.616416014438434,292.15936111122016,296.500419981334,-4.341058870113841,-1.4882471168042415,3.75,1.1999999999999886,2.5500000000000114,3.75,10.135714285714275,1918719.9,No Signal
219,2023-05-25T00:00:00+05:30,285.4,285.4,277.5,277.95,2268749,6.957106814118847,289.9733055556478,295.1263147975315,-5.153009241883694,-2.2211995418201322,7.899999999999977,0.30000000000001137,8.199999999999989,8.199999999999989,10.228571428571419,1962975.9,No Signal
220,2023-05-26T00:00:00+05:30,278.1,281.85,276.6,277.3,1639016,7.098817292986244,288.0235662393943,293.8058470347514,-5.78228079535711,-2.9334157925275277,5.25,3.900000000000034,1.349999999999966,5.25,9.06071428571428,2005929.4,No Signal
221,2023-05-29T00:00:00+05:30,280.0,280.95,273.2,273.75,1575725,7.19532825461376,285.8276329717952,292.32022873588096,-6.492595764085763,-3.645251786839175,7.75,3.6499999999999773,4.100000000000023,7.75,7.603571428571423,1976522.6,No Signal
222,2023-05-30T00:00:00+05:30,274.0,276.5,268.0,269.9,2132958,7.056176122043972,283.37722789921133,290.6594710517416,-7.28224315253027,-4.372650059977395,8.5,2.75,5.75,8.5,7.221428571428569,1983543.3,No Signal
223,2023-05-31T00:00:00+05:30,271.0,271.0,268.05,269.9,1275798,6.375719835880174,281.3038082224096,289.1217324553163,-7.817924232906705,-5.061704894563257,2.9499999999999886,1.1000000000000227,1.849999999999966,2.9499999999999886,6.996428571428571,1961560.35,No Signal
224,2023-06-01T00:00:00+05:30,269.9,276.5,269.9,274.9,1831486,5.316324857260723,280.3186069574235,288.06827079195955,-7.7496638345360225,-5.59929668255781,6.600000000000023,6.600000000000023,0.0,6.600000000000023,7.07857142857143,2004571.45,No Signal
225,2023-06-02T00:00:00+05:30,277.0,283.2,276.0,282.25,2416677,3.665788396338758,280.61574434858915,287.63728777033293,-7.021543421743786,-5.883746030395006,7.199999999999989,8.300000000000011,1.1000000000000227,8.300000000000011,6.91071428571429,2075182.2,No Signal
226,2023-06-05T00:00:00+05:30,285.0,285.4,278.1,278.9,1327979,2.752435718450112,280.3517836795754,286.99008126882677,-6.638297589251351,-6.034656342166276,7.2999999999999545,3.1499999999999773,4.149999999999977,7.2999999999999545,6.9178571428571445,1896896.65,No Signal
227,2023-06-06T00:00:00+05:30,280.9,281.75,276.35,280.85,859872,2.50792709743747,280.4284323442561,286.53526043409886,-6.106828089842736,-6.0490906917015685,5.399999999999977,2.8500000000000227,2.5499999999999545,5.399999999999977,6.353571428571428,1702940.4,No Signal
228,2023-06-07T00:00:00+05:30,281.5,283.95,281.25,282.1,904637,2.475151610451858,280.68559659898597,286.2067226241656,-5.521126025179626,-5.94349775839718,2.6999999999999886,3.099999999999966,0.39999999999997726,3.099999999999966,6.028571428571423,1573119.95,No Signal
229,2023-06-08T00:00:00+05:30,282.4,284.7,281.5,283.7,980203,2.4094620413671355,281.14935096837274,286.02103946682,-4.87168849844727,-5.7291359064071985,3.1999999999999886,2.599999999999966,0.6000000000000227,3.1999999999999886,5.739285714285708,1512159.3,No Signal
230,2023-06-09T00:00:00+05:30,285.0,286.7,282.25,285.3,1468160,2.326152761309528,281.7879123578539,285.96762913594443,-4.179716778090551,-5.4192520807438695,4.449999999999989,3.0,1.4499999999999886,4.449999999999989,5.739285714285708,1501743.55,No Signal
231,2023-06-12T00:00:00+05:30,277.4,279.15,276.4,277.9,978804,2.291818868422523,281.18977199510715,285.37002697772635,-4.1802549826192035,-5.171452661118937,2.75,6.150000000000034,8.900000000000034,8.900000000000034,5.974999999999994,1441988.6,No Signal
232,2023-06-13T00:00:00+05:30,275.35,282.8,275.35,281.8,1139909,2.006684406762161,281.28365322662916,285.1055805349318,-3.8219273083026337,-4.901547590555676,7.449999999999989,4.900000000000034,2.5499999999999545,7.449999999999989,6.239285714285708,1425469.05,No Signal
233,2023-06-14T00:00:00+05:30,281.8,282.9,281.0,281.75,442832,1.9240063757840584,281.35539888407084,284.8570190138257,-3.5016201297548832,-4.6215620983955175,1.8999999999999773,1.099999999999966,0.8000000000000114,1.8999999999999773,5.789285714285707,1336916.15,No Signal
234,2023-06-15T00:00:00+05:30,281.9,283.75,279.0,280.6,1278644,1.8524989327986428,281.23918367113686,284.5416842720609,-3.30250060092402,-4.357749798901218,4.75,2.0,2.75,4.75,5.753571428571421,1335315.25,No Signal
235,2023-06-16T00:00:00+05:30,280.95,282.5,277.0,282.45,1324726,1.7831679235585267,281.42546310634657,284.38674469635265,-2.961281590006081,-4.078456157122191,5.5,1.8999999999999773,3.6000000000000227,5.5,5.592857142857135,1345555.45,No Signal
236,2023-06-19T00:00:00+05:30,282.35,285.95,280.25,282.4,1484609,1.6668247798637768,281.5753918592163,284.23957842254873,-2.6641865633324073,-3.7956022383642343,5.699999999999989,3.5,2.1999999999999886,5.699999999999989,5.392857142857134,1392518.9,No Signal
237,2023-06-20T00:00:00+05:30,283.6,284.5,280.55,281.9,916837,1.6049390400127306,281.625331573183,284.06627631717475,-2.4409447439917358,-3.5246707394897347,3.9499999999999886,2.1000000000000227,1.849999999999966,3.9499999999999886,5.464285714285706,1367399.5,No Signal
238,2023-06-21T00:00:00+05:30,282.0,283.85,281.0,282.2,710226,1.5373503075853052,281.7137421003856,283.92803362701363,-2.214291526628017,-3.2625948969173915,2.8500000000000227,1.9500000000000455,0.8999999999999773,2.8500000000000227,5.196428571428563,1347892.35,No Signal
239,2023-06-22T00:00:00+05:30,283.55,283.55,277.5,278.0,612575,1.560267416201574,281.1423971618648,283.48892002501265,-2.346522863147868,-3.079380490163487,6.050000000000011,1.3500000000000227,4.699999999999989,6.050000000000011,5.035714285714278,1265083.65,No Signal
240,2023-06-23T00:00:00+05:30,277.95,280.4,275.7,276.3,662930,1.5811025248643615,280.39741298311634,282.95640743056725,-2.558994447450914,-2.9753032816209726,4.699999999999989,2.3999999999999773,2.3000000000000114,4.699999999999989,4.849999999999994,1216279.35,No Signal
241,2023-06-26T00:00:00+05:30,278.35,282.6,276.7,282.45,595666,1.49151262166411,280.71319560109845,282.91889576904373,-2.205700167945281,-2.8213826588858346,5.900000000000034,6.300000000000011,0.39999999999997726,6.300000000000011,4.914285714285711,1167276.4,No Signal
242,2023-06-27T00:00:00+05:30,282.5,283.4,276.9,276.95,803072,1.2969855020837535,280.1342424316987,282.47675534170713,-2.342512910008452,-2.7256087091103582,6.5,0.9499999999999886,5.550000000000011,6.5,5.157142857142857,1100782.1,No Signal
243,2023-06-28T00:00:00+05:30,280.15,280.8,277.25,278.4,636134,0.974592897646242,279.86743590374505,282.17477346454365,-2.307337560798601,-2.6419544794480068,3.5500000000000114,3.8500000000000227,0.30000000000001137,3.8500000000000227,5.20357142857143,1068798.9,No Signal
244,2023-06-30T00:00:00+05:30,280.0,293.5,279.9,292.8,3553631,1.2184108160479068,281.85706114932276,282.9618272819849,-1.104766132662121,-2.33451681009083,13.600000000000023,15.100000000000023,1.5,15.100000000000023,5.964285714285718,1154906.15,Buy
245,2023-07-03T00:00:00+05:30,295.0,300.15,294.0,300.0,2414626,1.824979972652313,284.64828251096543,284.223914149986,0.42436836097942887,-1.7827397758767782,6.149999999999977,7.349999999999966,1.1999999999999886,7.349999999999966,5.853571428571428,1154803.6,Buy
246,2023-07-04T00:00:00+05:30,301.0,306.5,296.6,300.0,2481885,2.2261226552058417,287.01008520158615,285.3925131018389,1.6175720997472354,-1.1026774007519755,9.899999999999977,6.5,3.3999999999999773,9.899999999999977,6.028571428571427,1212498.9,Buy
247,2023-07-05T00:00:00+05:30,300.55,305.5,297.95,304.85,1529448,2.6845906618819884,289.7546874782652,286.83380842762864,2.920879050636586,-0.29796611047426325,7.550000000000011,5.5,2.0500000000000114,7.550000000000011,6.432142857142858,1245977.7,Buy
248,2023-07-06T00:00:00+05:30,302.0,307.65,302.0,305.05,1018060,3.0627689016918804,292.107812481609,288.183155951508,3.9246565301010037,0.5465584176407902,5.649999999999977,2.7999999999999545,2.8500000000000227,5.649999999999977,6.496428571428571,1251648.85,Buy
249,2023-07-07T00:00:00+05:30,303.5,310.05,301.55,307.8,1810063,3.425302402251529,294.5219951767461,289.6362555106556,4.885739666090501,1.4143946673307324,8.5,5.0,3.5,8.5,6.7107142857142845,1293141.85,Buy
250,2023-07-10T00:00:00+05:30,308.35,314.45,306.95,310.15,1367044,3.7839206582432503,296.92630361109286,291.15579213949593,5.770511471596933,2.2856180281839724,7.5,6.649999999999977,0.8500000000000227,7.5,6.839285714285714,1288086.05,Buy
251,2023-07-11T00:00:00+05:30,310.5,314.55,309.5,310.0,1880058,4.009474768381114,298.9376415170786,292.55165938842214,6.385982128656451,3.1056908482784684,5.050000000000011,4.400000000000034,0.6499999999999773,5.050000000000011,6.9178571428571445,1333148.75,Buy
252,2023-07-12T00:00:00+05:30,310.1,326.7,310.0,322.9,4967595,4.427334523386584,302.6241582067588,294.7996846189094,7.824473587849411,4.049447396192657,16.69999999999999,16.69999999999999,0.0,16.69999999999999,7.907142857142857,1524533.05,Buy
253,2023-07-13T00:00:00+05:30,325.0,326.95,317.65,322.0,2023860,4.837083044609618,305.60505694418055,296.81452279528645,8.790534148894096,4.997664746732945,9.300000000000011,4.050000000000011,5.25,9.300000000000011,8.139285714285714,1603584.45,Buy
254,2023-07-14T00:00:00+05:30,324.15,325.0,316.45,323.4,1360429,5.122571894145675,308.3427404912297,298.78381740304303,9.558923088186646,5.909916415023686,8.550000000000011,3.0,5.550000000000011,8.550000000000011,8.414285714285715,1607673.7,Buy
255,2023-07-17T00:00:00+05:30,324.35,327.0,320.85,325.0,1216468,5.367276827394493,310.90539580027126,300.7257568546695,10.179638945601766,6.763860921139302,6.149999999999977,3.6000000000000227,2.5499999999999545,6.149999999999977,8.403571428571427,1602260.8,Buy
256,2023-07-18T00:00:00+05:30,326.0,328.0,323.1,328.0,1250967,5.561471302603247,313.5353349079218,302.74607116173104,10.789263746190784,7.5689414861495985,4.899999999999977,3.0,1.8999999999999773,4.899999999999977,8.289285714285711,1590578.7,Buy
257,2023-07-19T00:00:00+05:30,328.0,328.2,322.1,325.0,1305621,5.687497420439362,315.2991295374723,304.3945103349362,10.90461920253614,8.236077029426907,6.099999999999966,0.19999999999998863,5.899999999999977,6.099999999999966,8.449999999999992,1610017.9,Buy
258,2023-07-20T00:00:00+05:30,326.85,330.45,325.45,328.2,1571836,5.69109715866513,317.2838788393996,306.15787993975573,11.12599889964389,8.814061403470303,5.0,5.449999999999989,0.44999999999998863,5.449999999999989,7.760714285714276,1653098.4,Buy
259,2023-07-21T00:00:00+05:30,330.0,330.0,324.9,327.55,1163134,5.558796992608213,318.8632820948766,307.74248142569974,11.120800669176845,9.275409256611612,5.100000000000023,1.8000000000000114,3.3000000000000114,5.100000000000023,7.599999999999994,1680626.35,Buy
260,2023-07-24T00:00:00+05:30,332.0,336.9,328.85,335.1,2273366,5.273451860543768,321.3612386956648,309.7689642830553,11.59227441260947,9.738782287811183,8.049999999999955,9.349999999999966,1.3000000000000114,9.349999999999966,7.560714285714279,1761148.15,Buy
261,2023-07-25T00:00:00+05:30,336.5,337.8,327.7,327.7,1861954,5.1253285907698425,322.33643274248556,311.09718915097716,11.239243591508398,10.038874548550627,10.100000000000023,2.6999999999999886,7.400000000000034,10.100000000000023,7.7428571428571376,1824462.55,Buy
262,2023-07-26T00:00:00+05:30,330.0,331.6,325.35,329.5,1061482,4.534999807250848,323.4385200128724,312.46036032497886,10.978159687893537,10.22673157641921,6.25,3.900000000000034,2.349999999999966,6.25,7.785714285714282,1837383.05,Buy
263,2023-07-27T00:00:00+05:30,331.9,333.85,326.7,326.7,1931095,3.7859669846501083,323.9402861647382,313.5151484490545,10.425137715683718,10.266412804272113,7.150000000000034,4.350000000000023,2.8000000000000114,7.150000000000034,7.689285714285712,1902131.1,Buy
264,2023-07-28T00:00:00+05:30,331.15,346.0,330.6,341.55,4538556,3.521047875963209,326.64947290862466,315.5918041194949,11.057668789129764,10.424664001243643,15.399999999999977,19.30000000000001,3.900000000000034,19.30000000000001,8.532142857142857,1951377.35,Buy
265,2023-07-31T00:00:00+05:30,341.9,349.5,340.0,348.8,1425904,3.636058103627602,330.05724630729776,318.0516704810138,12.005575826283973,10.74084636625171,9.5,7.949999999999989,1.5500000000000114,9.5,8.849999999999998,1901941.25,Buy
266,2023-08-01T00:00:00+05:30,348.0,349.65,344.75,346.05,923635,3.6322944388546925,332.5176699523289,320.1256208157535,12.392049136575395,11.071086920316446,4.899999999999977,0.8499999999999659,4.050000000000011,4.899999999999977,8.007142857142854,1824028.75,Buy
267,2023-08-02T00:00:00+05:30,345.4,345.4,339.45,342.75,1448922,3.5776202798481442,334.09187457504754,321.8015007553273,12.29037381972023,11.314944300197205,5.949999999999989,0.6500000000000341,6.600000000000023,6.600000000000023,7.814285714285712,1820002.45,Buy
268,2023-08-03T00:00:00+05:30,342.7,343.9,336.35,341.15,1198014,3.3856562578648037,335.17774002504024,323.23472292159937,11.943017103440866,11.440558860845938,7.5499999999999545,1.1499999999999773,6.399999999999977,7.5499999999999545,7.7428571428571376,1829000.15,No Signal
269,2023-08-04T00:00:00+05:30,340.15,348.3,339.1,342.85,662972,3.176267874411938,336.3580877134956,324.6877064088883,11.670381304607304,11.486523349598212,9.199999999999989,7.150000000000034,2.0499999999999545,9.199999999999989,7.960714285714281,1771645.6,Buy
270,2023-08-07T00:00:00+05:30,343.95,348.8,343.35,347.0,585009,3.0038143178937635,337.9953049883424,326.3404688971188,11.654836091223615,11.520185897923293,5.449999999999989,5.949999999999989,0.5,5.949999999999989,8.035714285714281,1732543.85,Buy
271,2023-08-08T00:00:00+05:30,347.7,407.4,346.15,392.7,10985716,4.094759181143241,346.4114119132128,331.25598971955446,15.155422193658353,12.247233157070305,61.25,60.39999999999998,0.8500000000000227,61.25,11.974999999999998,2187826.75,Buy
272,2023-08-09T00:00:00+05:30,390.0,390.0,375.0,384.9,4820685,4.956835334177305,352.3327331573339,335.2296201106986,17.103113046635315,13.218409134983307,15.0,2.6999999999999886,17.69999999999999,17.69999999999999,12.849999999999998,2180481.25,Buy
273,2023-08-10T00:00:00+05:30,384.0,385.5,371.1,381.0,1675209,5.446695836176485,356.74308190235945,338.6200186210172,18.12306328134224,14.199339964255095,14.399999999999977,0.6000000000000227,13.799999999999955,14.399999999999977,13.514285714285709,2163048.7,Buy
274,2023-08-11T00:00:00+05:30,381.0,405.75,379.05,386.15,4464303,5.808270613881738,361.2672231481503,342.14075798242334,19.126465165726984,15.184765004549474,26.69999999999999,24.75,1.9499999999999886,26.69999999999999,14.753571428571425,2318242.4,Buy
275,2023-08-14T00:00:00+05:30,388.0,398.0,377.8,389.5,2027478,6.143907690432501,365.6107272792041,345.6488499837253,19.961877295478814,16.140187462735344,20.19999999999999,11.850000000000023,8.349999999999966,20.19999999999999,15.474999999999994,2358792.9,Buy
276,2023-08-16T00:00:00+05:30,389.5,389.5,382.45,386.0,1165907,6.424951939794645,368.7475384670189,348.6378240590049,20.109714408013986,16.934092851791075,7.050000000000011,0.0,7.050000000000011,7.050000000000011,15.532142857142853,2354539.9,Buy
277,2023-08-17T00:00:00+05:30,386.0,411.8,384.3,410.9,5399946,6.639593836684206,375.232532549016,353.2498370916712,21.98269545734479,17.94381337290182,27.5,25.80000000000001,1.6999999999999886,27.5,16.985714285714277,2559256.15,Buy
278,2023-08-18T00:00:00+05:30,408.0,414.85,402.65,404.9,3205563,7.0532887545878635,379.79675831070585,357.0757750848808,22.72098322582508,18.899247343486472,12.200000000000045,3.9500000000000455,8.25,12.200000000000045,16.478571428571424,2640942.5,Buy
279,2023-08-21T00:00:00+05:30,406.95,413.95,400.55,407.8,1638497,7.218549211704241,384.104949339828,360.8331250785933,23.271824261234713,19.77376272703612,13.399999999999977,9.050000000000011,4.349999999999966,13.399999999999977,16.75714285714285,2664710.65,Buy
280,2023-08-22T00:00:00+05:30,409.95,413.0,407.9,409.8,996881,7.405811156013724,388.05803405677756,364.4603009986975,23.597733058080053,20.538556793244908,5.100000000000023,5.199999999999989,0.0999999999999659,5.199999999999989,16.77857142857142,2600886.4,Buy
281,2023-08-23T00:00:00+05:30,410.45,417.85,406.15,407.5,1288947,7.386913377083096,391.0491057403502,367.6484268506458,23.40067888970441,21.11098121253681,11.700000000000045,8.050000000000011,3.650000000000034,11.700000000000045,17.14285714285714,2572236.05,Buy
282,2023-08-24T00:00:00+05:30,411.35,411.35,396.0,401.8,1209300,7.250847213880833,392.70308947260406,370.17817300985723,22.52491646274683,21.393768262578817,15.350000000000023,3.8500000000000227,11.5,15.350000000000023,17.7,2579626.95,Buy
283,2023-08-25T00:00:00+05:30,405.0,405.0,386.0,394.6,1918352,6.8665378636691905,392.9949218614342,371.9871972313493,21.00772463008491,21.316559536080035,19.0,3.1999999999999886,15.800000000000011,19.0,18.400000000000002,2578989.8,Sell
284,2023-08-28T00:00:00+05:30,396.95,405.65,394.8,396.5,1207246,6.538298843012681,393.5341646519828,373.8029603993975,19.731204252585314,20.999488479381093,10.849999999999966,11.049999999999955,0.19999999999998863,11.049999999999955,18.764285714285712,2412424.3,Sell
285,2023-08-29T00:00:00+05:30,398.9,402.7,388.05,392.45,1540858,6.338455424592712,393.3673700901393,375.1842225920347,18.183147498104574,20.436220283125788,14.649999999999977,6.199999999999989,8.449999999999989,14.649999999999977,15.435714285714283,2418172.0,Sell
286,2023-08-30T00:00:00+05:30,395.0,398.3,379.5,381.6,1672472,6.103786422394029,391.55700546088707,375.6594653629951,15.897540097891977,19.528484246079028,18.80000000000001,5.850000000000023,12.949999999999989,18.80000000000001,15.514285714285714,2455613.85,Sell
287,2023-08-31T00:00:00+05:30,384.0,385.0,374.5,381.5,1669156,5.528779404781983,390.0097738515198,376.09209755832876,13.91767629319105,18.406322655501434,10.5,3.3999999999999773,7.100000000000023,10.5,15.235714285714286,2466625.55,Sell
288,2023-09-01T00:00:00+05:30,379.65,380.95,376.5,377.1,845290,4.86003081911466,388.02365479743986,376.16675699845257,11.85689779898729,17.096437684198605,4.449999999999989,0.5500000000000114,5.0,5.0,13.685714285714287,2448989.35,No Signal
289,2023-09-04T00:00:00+05:30,378.15,386.0,378.15,383.6,1012250,3.8814911758379993,387.34309252091066,376.7173675911598,10.625724929750845,15.802295133309054,7.850000000000023,8.899999999999977,1.0499999999999545,8.899999999999977,12.87857142857143,2466453.25,No Signal
290,2023-09-05T00:00:00+05:30,385.8,393.8,385.0,391.4,1460549,2.7428476055863493,387.96723213307826,377.80496999181463,10.162262141263625,14.674288534899969,8.800000000000011,10.199999999999989,1.3999999999999773,10.199999999999989,13.103571428571428,2510230.25,No Signal
291,2023-09-06T00:00:00+05:30,393.3,393.3,385.2,388.4,508453,2.7771777547569045,388.0338118049124,378.58978702945797,9.444024775454409,13.628235783010858,8.100000000000023,1.900000000000034,6.199999999999989,8.100000000000023,11.717857142857143,1986367.1,No Signal
292,2023-09-07T00:00:00+05:30,388.5,394.35,386.65,391.25,711842,2.717434801858136,388.528609988772,379.52758058283143,9.001029405940585,12.702794507596805,7.7000000000000455,5.9500000000000455,1.75,7.7000000000000455,11.396428571428572,1780924.95,No Signal
293,2023-09-08T00:00:00+05:30,393.4,394.75,387.0,389.15,758100,2.644475359858434,388.62420845203786,380.2403523915106,8.38385606052725,11.839006818182895,7.75,3.5,4.25,7.75,10.992857142857146,1735069.5,No Signal
294,2023-09-11T00:00:00+05:30,390.0,399.0,388.15,397.55,1944531,2.5586545576050677,389.99740715172436,381.522548510658,8.474858641066362,11.16617718275959,10.850000000000023,9.850000000000023,1.0,10.850000000000023,11.396428571428576,1609080.9,No Signal
295,2023-09-12T00:00:00+05:30,399.2,400.95,380.2,383.8,1449629,2.706381498765702,389.0439598976129,381.69124862097965,7.352711276633272,10.403484001534327,20.75,3.3999999999999773,17.350000000000023,20.75,12.042857142857144,1580188.45,No Signal
296,2023-09-13T00:00:00+05:30,385.3,403.0,380.3,397.5,1921901,2.5774224797793424,390.344889144134,382.8622672416478,7.482621902486187,9.8193115817247,22.69999999999999,19.19999999999999,3.5,22.69999999999999,12.567857142857141,1617988.15,No Signal
297,2023-09-14T00:00:00+05:30,398.05,406.7,395.45,400.6,2119855,2.4000416373518125,391.92259850657496,384.17617337189614,7.746425134678816,9.404734292315522,11.25,9.199999999999989,2.0500000000000114,11.25,12.014285714285714,1453983.6,No Signal
298,2023-09-15T00:00:00+05:30,401.0,409.5,392.6,397.7,2694553,2.3416257527749313,392.8114295055634,385.17793830731125,7.633491198252159,9.05048567350285,16.899999999999977,8.899999999999977,8.0,16.899999999999977,12.432142857142859,1428433.1,No Signal
299,2023-09-18T00:00:00+05:30,398.7,424.3,397.05,412.15,7449785,2.354671864408973,395.7865941970152,387.17586880306595,8.610725393949224,8.962533617592126,27.25,26.600000000000023,0.6499999999999773,27.25,13.332142857142859,1718997.5,No Signal
300,2023-09-20T00:00:00+05:30,411.0,418.0,402.5,415.15,2090184,2.463850692614204,398.76557970516666,389.2480266695055,9.517553035661138,9.073537501205928,15.5,5.850000000000023,9.649999999999977,15.5,13.096428571428573,1773662.65,No Signal
301,2023-09-21T00:00:00+05:30,415.9,427.9,400.1,404.9,5329498,2.4855860060704167,399.70933667360254,390.407432101394,9.301904572208514,9.119210915406446,27.799999999999955,12.75,15.049999999999955,27.799999999999955,14.332142857142856,1975690.2,Buy
302,2023-09-22T00:00:00+05:30,408.85,434.15,407.4,420.85,8564982,2.762908204183568,402.9617464161252,392.6624371309204,10.2993092852048,9.355230589366117,26.75,29.25,2.5,29.25,16.064285714285713,2343474.3,Buy
303,2023-09-25T00:00:00+05:30,424.0,435.0,418.3,430.9,3162061,3.281911945375508,407.2599392751829,395.4948491952967,11.765090079886193,9.837202487470133,16.69999999999999,14.149999999999977,2.5500000000000114,16.69999999999999,16.62142857142857,2405659.75,Buy
304,2023-09-26T00:00:00+05:30,430.9,433.0,425.8,428.15,1610345,3.6885271670024875,410.4737947713086,397.91374925490436,12.560045516404216,10.381771093256951,7.199999999999989,2.1000000000000227,5.099999999999966,7.199999999999989,16.407142857142855,2425814.7,Buy
305,2023-09-27T00:00:00+05:30,428.4,446.5,425.55,431.8,4714312,4.02892960156355,413.75474942187645,400.4238419026892,13.330907519187235,10.971598378443009,20.94999999999999,18.350000000000023,2.599999999999966,20.94999999999999,17.324999999999996,2584487.4,Buy
306,2023-09-28T00:00:00+05:30,431.8,444.0,404.3,413.9,6447262,4.124282645654762,413.77709566466467,401.42207583582336,12.355019828841307,11.248282668522668,39.69999999999999,12.199999999999989,27.5,39.69999999999999,19.610714285714277,2823226.9,Buy
307,2023-09-29T00:00:00+05:30,418.25,428.8,418.0,423.55,2238261,4.0182458006560156,415.2806194085624,403.0611813294661,12.219438079096335,11.442513750637403,10.800000000000011,14.900000000000034,4.100000000000023,14.900000000000034,20.121428571428567,2851682.15,Buy
308,2023-10-03T00:00:00+05:30,421.15,445.1,421.15,441.3,2910149,4.01639909115825,419.28360103801435,405.8936864161723,13.389914621842081,11.83199392487834,23.950000000000045,21.55000000000001,2.400000000000034,23.950000000000045,21.057142857142853,2954925.1,Buy
309,2023-10-04T00:00:00+05:30,441.0,444.8,431.3,432.9,2499172,4.088834423510347,421.3784316475506,407.8941540890484,13.484277558502185,12.162450651603109,13.5,3.5,10.0,13.5,20.53928571428571,3029271.2,Buy
310,2023-10-05T00:00:00+05:30,435.0,440.0,425.75,427.9,1501407,4.113530534482467,422.3817498556197,409.37606860097077,13.005681254648948,12.331096772212277,14.25,7.100000000000023,7.149999999999977,14.25,19.935714285714283,3031314.1,Buy
311,2023-10-06T00:00:00+05:30,429.9,432.95,423.15,426.05,1106747,3.9920008891757113,422.9460960316782,410.61117463052847,12.334921401149757,12.331861697999773,9.800000000000011,5.050000000000011,4.75,9.800000000000011,19.832142857142856,3061228.8,Buy
312,2023-10-09T00:00:00+05:30,420.0,424.0,402.0,403.25,1817791,4.0638579233120895,419.91592741142006,410.0659024356745,9.850024975745555,11.835494353548931,22.0,2.0500000000000114,24.05000000000001,24.05000000000001,20.342857142857145,3116526.25,Sell
313,2023-10-10T00:00:00+05:30,408.0,412.95,404.1,409.8,1235987,3.7484010685826545,418.3596308865862,410.0462059589579,8.313424927628319,11.131080468364809,8.849999999999966,9.699999999999989,0.8500000000000227,9.699999999999989,19.089285714285715,3140420.6,Sell
314,2023-10-11T00:00:00+05:30,412.7,424.85,412.7,423.15,1638933,3.5190996730666697,419.09661075018835,411.01685736940544,8.079753380782904,10.520815050848428,12.150000000000034,15.050000000000011,2.8999999999999773,15.050000000000011,19.057142857142857,3125140.7,Sell
315,2023-10-12T00:00:00+05:30,426.0,431.15,422.6,427.25,1058824,3.0305779518010287,420.35097832708243,412.2193123790791,8.13166594800333,10.04298523027941,8.549999999999955,8.0,0.5499999999999545,8.549999999999955,17.682142857142857,3105600.45,Sell
316,2023-10-13T00:00:00+05:30,427.4,427.4,417.05,418.4,807124,2.8624111739424754,420.0508278152236,412.6771410917399,7.373686723483729,9.509125528920274,10.349999999999966,0.14999999999997726,10.199999999999989,10.349999999999966,16.332142857142856,3049861.6,No Signal
317,2023-10-16T00:00:00+05:30,421.3,431.5,419.65,430.15,1053080,2.633853606584614,421.6045466128815,413.9714269367962,7.6331196760853,9.13392435835328,11.850000000000023,13.100000000000023,1.25,13.100000000000023,16.075,2996522.85,No Signal
318,2023-10-17T00:00:00+05:30,430.25,435.6,425.55,428.4,812477,2.337952579692194,422.65000098013047,415.04021012666317,7.609790853467302,8.829097657376085,10.050000000000011,5.4500000000000455,4.599999999999966,10.050000000000011,16.278571428571432,2902419.05,No Signal
319,2023-10-18T00:00:00+05:30,428.5,436.0,410.75,416.4,1949304,2.3602493751546803,421.6884623678027,415.1409353024659,6.547527065336794,8.372783538968227,25.25,7.600000000000023,17.649999999999977,25.25,16.58571428571429,2627395.0,No Signal
320,2023-10-19T00:00:00+05:30,417.4,428.25,415.55,421.9,1743522,2.291896474749805,421.72100661890994,415.6416067615425,6.079399857367434,7.914106802648068,12.699999999999989,11.850000000000023,0.8499999999999659,12.699999999999989,14.65714285714286,2610061.9,No Signal
321,2023-10-20T00:00:00+05:30,421.5,425.8,417.25,424.15,1067725,2.045327438097545,422.09469790830843,416.27185811253935,5.8228397957690845,7.495853401272272,8.550000000000011,3.900000000000034,4.649999999999977,8.550000000000011,14.203571428571431,2396973.25,No Signal
322,2023-10-23T00:00:00+05:30,424.3,425.3,402.05,411.8,1511226,2.2038401107811207,420.51089823010716,415.9406093634624,4.570288866644773,6.910740494346772,23.25,1.150000000000034,22.099999999999966,23.25,14.153571428571427,2044285.45,No Signal
323,2023-10-25T00:00:00+05:30,415.0,419.5,404.45,408.9,935204,2.31432610592992,418.72460619470604,415.41908274394666,3.305523450759381,6.1896970856292945,15.050000000000011,7.699999999999989,7.350000000000023,15.050000000000011,14.264285714285714,1932942.6,No Signal
324,2023-10-26T00:00:00+05:30,409.1,409.2,396.4,400.55,2057125,2.631436141568394,415.92851293398206,414.317669207358,1.6108437266240685,5.273926413828249,12.800000000000011,0.30000000000001137,12.5,12.800000000000011,14.160714285714286,1955281.6,No Signal
325,2023-10-27T00:00:00+05:30,408.9,419.65,401.95,414.75,1593993,2.486847906867593,415.74720325183097,414.34969371051665,1.3975095413143208,4.498643039325464,17.69999999999999,19.099999999999966,1.3999999999999773,19.099999999999966,14.824999999999998,1799265.65,No Signal
326,2023-10-30T00:00:00+05:30,416.9,416.9,408.05,411.6,871862,2.5269348316984552,415.1091719823185,414.14601269492283,0.9631592873956834,3.791546288939508,8.849999999999966,2.1499999999999773,6.699999999999989,8.849999999999966,13.739285714285709,1520495.65,No Signal
327,2023-10-31T00:00:00+05:30,413.35,422.5,413.15,420.05,1202664,2.468584721313267,415.86929936965413,414.58334508789153,1.2859542817625993,3.2904278875041264,9.350000000000023,10.899999999999977,1.5499999999999545,10.899999999999977,13.824999999999992,1468715.8,No Signal
328,2023-11-01T00:00:00+05:30,420.05,432.45,416.15,431.0,1363862,2.196957395933826,418.1970994666304,415.7993935998996,2.397705866730803,3.111883483349462,16.30000000000001,12.399999999999977,3.900000000000034,16.30000000000001,13.914285714285707,1391401.45,No Signal
329,2023-11-02T00:00:00+05:30,435.0,438.9,423.05,426.05,1357175,2.12910966261508,419.40523801022573,416.5586977776848,2.8465402325409173,3.0588148331877534,15.849999999999966,7.899999999999977,7.949999999999989,15.849999999999966,14.43571428571428,1334301.6,No Signal
330,2023-11-03T00:00:00+05:30,428.65,436.1,428.2,430.4,802148,2.1410692359028785,421.0967398548064,417.58397942378224,3.5127604310241622,3.1496039527550352,7.900000000000034,10.050000000000011,2.1499999999999773,10.050000000000011,14.414285714285711,1299338.65,No Signal
331,2023-11-06T00:00:00+05:30,433.35,434.5,419.1,421.5,691442,2.157176616665794,421.1587798771439,417.87405502202057,3.2847248551233292,3.1766281332286943,15.399999999999977,4.100000000000023,11.299999999999955,15.399999999999977,14.578571428571422,1278573.4,No Signal
332,2023-11-07T00:00:00+05:30,421.65,428.05,421.05,422.55,641331,1.9709046881855237,421.3728137421987,418.2204213166857,3.1523924255129714,3.1717809916855497,7.0,6.550000000000011,0.44999999999998863,7.0,14.360714285714279,1219750.4,No Signal
333,2023-11-08T00:00:00+05:30,424.05,430.5,422.55,424.2,799198,1.8911735380778145,421.8077654741681,418.6633530710053,3.1444124031627894,3.1663072739809976,7.949999999999989,7.949999999999989,0.0,7.949999999999989,13.124999999999991,1197910.95,No Signal
334,2023-11-09T00:00:00+05:30,427.0,427.2,418.2,418.8,481701,1.912651458207009,421.3450323242961,418.67347506574566,2.671557258550422,3.067357270894883,9.0,3.0,6.0,9.0,12.860714285714279,1140049.35,No Signal
335,2023-11-10T00:00:00+05:30,417.0,422.6,414.7,416.05,627616,1.898755794039253,420.53041196671205,418.47914357939413,2.0512683873179185,2.86413949417949,7.900000000000034,3.8000000000000114,4.100000000000023,7.900000000000034,12.814285714285708,1118488.95,No Signal
336,2023-11-12T00:00:00+05:30,419.3,421.9,418.55,420.2,95922,1.8782186348854784,420.47957935644865,418.6066144253649,1.872964931083743,2.6659045815603406,3.349999999999966,5.849999999999966,2.5,5.849999999999966,11.571428571428564,1082928.85,No Signal
337,2023-11-13T00:00:00+05:30,420.0,451.2,417.0,447.05,3634585,2.1765510655137366,424.56733637853347,420.7135318753379,3.8538045031955903,2.9034845658873905,34.19999999999999,31.0,3.1999999999999886,34.19999999999999,12.939285714285704,1212004.1,No Signal
338,2023-11-15T00:00:00+05:30,450.0,463.0,441.8,446.3,2501251,2.505021621273874,427.9108230895283,422.60882581049805,5.3019972790302745,3.3831871085159673,21.19999999999999,15.949999999999989,5.25,21.19999999999999,13.539285714285702,1296442.8,No Signal
339,2023-11-16T00:00:00+05:30,446.3,447.75,437.1,445.7,914826,2.7619626549115255,430.64761953729317,424.31928315786854,6.328336379424627,3.9722169626976993,10.649999999999977,1.4499999999999886,9.199999999999989,10.649999999999977,12.935714285714274,1244718.9,No Signal
340,2023-11-17T00:00:00+05:30,441.0,445.0,428.15,431.6,1160675,2.8840376783850488,430.7941396084788,424.85859551654494,5.9355440919338776,4.3648823885449355,16.850000000000023,0.6999999999999886,17.55000000000001,17.55000000000001,13.55714285714285,1215576.55,No Signal
341,2023-11-20T00:00:00+05:30,432.9,434.8,420.75,422.8,775072,2.9442691467544515,429.56427197640517,424.7061069597638,4.858165016641351,4.463538914164219,14.050000000000011,3.1999999999999886,10.850000000000023,14.050000000000011,13.782142857142853,1200943.9,Buy
342,2023-11-21T00:00:00+05:30,426.3,429.75,420.0,420.85,516497,2.8889755590311794,428.2236147492659,424.4204694071887,3.803145342077187,4.331460199746813,9.75,6.949999999999989,2.8000000000000114,9.75,13.314285714285708,1151207.45,No Signal
343,2023-11-22T00:00:00+05:30,422.0,422.55,410.1,411.35,881840,2.9194254564975277,425.6276740186096,423.4522864881377,2.1753875304718804,3.9002456658918265,12.449999999999989,1.6999999999999886,10.75,12.449999999999989,13.071428571428568,1148539.25,No Signal
344,2023-11-23T00:00:00+05:30,413.0,416.95,409.55,414.0,874317,2.6440743544279317,423.83880109266966,422.752117118646,1.0866839740236287,3.3375333275181873,7.399999999999977,5.599999999999966,1.8000000000000114,7.399999999999977,12.882142857142851,1089398.85,No Signal
345,2023-11-24T00:00:00+05:30,414.85,416.5,407.0,408.2,635756,2.7816280690266026,421.4328316937974,421.67418251726485,-0.2413508234674282,2.6217564973210643,9.5,2.5,7.0,9.5,12.46071428571428,1041487.0,No Signal
346,2023-11-28T00:00:00+05:30,410.5,412.0,401.6,403.05,1112045,2.979400566101443,418.6047037409055,420.2946134419119,-1.6899097010063997,1.7594232576555715,10.399999999999977,3.8000000000000114,6.599999999999966,10.399999999999977,12.703571428571422,1053496.15,No Signal
347,2023-11-29T00:00:00+05:30,406.0,419.6,403.8,418.8,1661291,2.873401688922849,418.63474931922775,420.1839013351036,-1.5491520158758476,1.0977082029492877,15.800000000000011,16.55000000000001,0.75,16.55000000000001,13.317857142857138,1076427.5,No Signal
348,2023-11-30T00:00:00+05:30,420.0,423.25,390.9,396.9,11628639,3.3605933005797777,415.29094173165424,418.4591679028737,-3.1682261712194304,0.24452132811554414,32.35000000000002,4.449999999999989,27.900000000000034,32.35000000000002,14.985714285714282,1589666.35,Sell
349,2023-12-01T00:00:00+05:30,398.6,406.1,395.2,401.15,3368855,3.517676902986936,413.11541223447665,417.1770073174756,-4.061595082998963,-0.6167019541073574,10.900000000000034,9.200000000000045,1.6999999999999886,10.900000000000034,15.199999999999998,1690250.35,Sell
350,2023-12-04T00:00:00+05:30,409.65,414.0,407.15,409.5,3019733,3.4573516797536086,412.5591949676341,416.6083401087737,-4.049145141139604,-1.303190591513807,6.850000000000023,12.850000000000023,6.0,12.850000000000023,15.700000000000001,1801129.6,Sell
351,2023-12-05T00:00:00+05:30,414.0,414.8,406.5,410.05,1727843,3.493643339997136,412.17316497261345,416.1225371377534,-3.9493721651399483,-1.8324269062390353,8.300000000000011,5.300000000000011,3.0,8.300000000000011,13.850000000000003,1852949.65,Sell
352,2023-12-06T00:00:00+05:30,411.35,420.8,409.0,419.15,2893933,3.4133807347570175,413.246524207596,416.34679364606797,-3.100269438471969,-2.085995412685622,11.800000000000011,10.75,1.0500000000000114,11.800000000000011,13.178571428571432,1965579.75,No Signal
353,2023-12-07T00:00:00+05:30,421.0,438.0,418.2,432.0,2319572,3.368616523824856,416.1316743295043,417.5062904130259,-1.3746160835216301,-1.9437195468528239,19.80000000000001,18.850000000000023,0.9499999999999886,19.80000000000001,13.832142857142864,2041598.45,Buy
354,2023-12-08T00:00:00+05:30,433.7,435.4,423.4,428.25,1574266,3.4268332366335157,417.99603212496515,418.3021207528018,-0.3060886278366297,-1.616193363049585,12.0,3.3999999999999773,8.600000000000023,12.0,13.435714285714292,2096226.7,No Signal
355,2023-12-11T00:00:00+05:30,430.4,436.7,429.15,430.95,1278003,3.4421164806387794,419.9889502595859,419.2390006970387,0.749949562547215,-1.142964777930225,7.550000000000011,8.449999999999989,0.8999999999999773,8.449999999999989,13.03571428571429,2128746.05,No Signal
356,2023-12-12T00:00:00+05:30,441.9,445.45,435.2,437.55,4045615,3.494786248971414,422.6906502196496,420.5953710157766,2.0952792038730195,-0.4953159815695762,10.25,14.5,4.25,14.5,13.375000000000004,2326230.7,No Signal
357,2023-12-13T00:00:00+05:30,450.25,450.65,428.6,432.8,5280253,3.316614759309265,424.245934801242,421.49941760720054,2.7465171940414734,0.15305065355263373,22.049999999999955,13.099999999999966,8.949999999999989,22.049999999999955,14.060714285714287,2408514.1,Buy
358,2023-12-14T00:00:00+05:30,434.0,451.8,426.4,449.45,4662531,3.2617636198377333,428.1234832933586,423.5698311177783,4.553652175580339,1.033170957958175,25.400000000000034,19.0,6.400000000000034,25.400000000000034,15.346428571428577,2516578.1,Buy
359,2023-12-15T00:00:00+05:30,449.4,458.0,440.1,453.9,2456781,3.408949217818397,432.08910124822654,425.81651029423915,6.27259095398739,2.0810549571640182,17.899999999999977,8.550000000000011,9.349999999999966,17.899999999999977,15.946428571428575,2593675.85,Buy
360,2023-12-18T00:00:00+05:30,453.85,453.85,439.2,441.2,2588055,3.613123219649511,433.4907779792686,426.95602805022145,6.534749929047166,2.971793951540648,14.650000000000034,0.049999999999954525,14.699999999999989,14.699999999999989,16.253571428571433,2665044.85,Buy
361,2023-12-19T00:00:00+05:30,441.5,450.5,439.7,446.85,1481928,3.7768190874075964,435.546042905535,428.4296556020569,7.116387303478064,3.8007126219281315,10.800000000000011,9.300000000000011,1.5,10.800000000000011,15.842857142857147,2700387.65,Buy
362,2023-12-20T00:00:00+05:30,444.95,448.7,415.55,429.75,3565808,3.9385802703833863,434.65434399699114,428.52745889079347,6.126885106197676,4.265947118782041,33.14999999999998,1.849999999999966,31.30000000000001,33.14999999999998,15.900000000000002,2852853.2,Buy
363,2023-12-21T00:00:00+05:30,391.0,418.2,391.0,412.85,25311622,4.086588902610531,431.2998295359156,427.3661656396236,3.933663896291989,4.199490474284031,27.19999999999999,11.550000000000011,38.75,38.75,17.889285714285712,4074342.3,Sell
364,2023-12-22T00:00:00+05:30,417.05,418.15,408.6,412.2,6563982,4.1075459749548635,428.3613942226978,426.24274596261444,2.1186482600833756,3.7833220314439,9.549999999999955,5.2999999999999545,4.25,9.549999999999955,17.65357142857142,4358825.55,Sell
365,2023-12-26T00:00:00+05:30,417.0,417.55,408.0,409.7,2693304,4.11571480492605,425.4904104961289,425.01735737279114,0.4730531233377633,3.121268249822673,9.550000000000011,5.350000000000023,4.199999999999989,9.550000000000011,17.742857142857137,4461702.95,Sell
366,2023-12-27T00:00:00+05:30,413.45,420.0,409.7,415.75,4205855,3.912955958527606,423.99188580441677,424.3308864562881,-0.33900065187134487,2.4292144694838695,10.300000000000011,10.300000000000011,0.0,10.300000000000011,17.63571428571428,4616393.45,Sell
367,2023-12-28T00:00:00+05:30,420.0,425.0,416.25,421.9,4067165,3.84600345366331,423.6700572191219,424.15082079285935,-0.4807635737374767,1.8472188608396003,8.75,9.25,0.5,9.25,16.88214285714285,4736687.15,Sell
368,2023-12-29T00:00:00+05:30,423.8,423.8,415.85,420.9,3208031,3.5410093098072153,423.2438945700262,423.91001925264754,-0.6661246826213301,1.3445501521474144,7.949999999999989,1.900000000000034,6.0499999999999545,7.949999999999989,16.592857142857135,4315656.75,Sell
369,2024-01-01T00:00:00+05:30,422.0,424.7,419.15,422.0,2159907,3.2645116300621098,423.05252617463753,423.768536345044,-0.7160101704064914,0.9324380876366333,5.550000000000011,3.8000000000000114,1.75,5.550000000000011,16.38571428571428,4255209.35,Sell
370,2024-01-02T00:00:00+05:30,423.0,423.8,408.6,416.3,3268709,3.2199845980687187,422.0136759939241,423.21531143059633,-1.201635436672234,0.5056233827748599,15.199999999999989,1.8000000000000114,13.399999999999977,15.199999999999989,16.43571428571428,4267658.15,Sell
371,2024-01-03T00:00:00+05:30,419.0,423.0,415.2,421.3,4194188,3.0557538837381526,421.9038796871665,423.0734365098114,-1.1695568226448927,0.17058734169090936,7.800000000000011,6.699999999999989,1.1000000000000227,7.800000000000011,15.417857142857141,4390975.4,No Signal
372,2024-01-04T00:00:00+05:30,422.0,434.2,422.0,432.4,3583823,2.9484354882533452,423.51866742760245,423.7642930646402,-0.2456256370377332,0.08734474594518085,12.199999999999989,12.899999999999977,0.6999999999999886,12.899999999999977,14.524999999999993,4425469.9,No Signal
373,2024-01-05T00:00:00+05:30,435.0,441.95,432.0,434.4,3117731,2.945651974264285,425.1927185925867,424.5521232080002,0.6405953845865042,0.19799487367344554,9.949999999999989,9.550000000000011,0.39999999999997726,9.949999999999989,13.957142857142852,4465377.85,No Signal
374,2024-01-08T00:00:00+05:30,436.0,436.0,422.3,426.4,1008837,3.0029667963445137,425.3784541937272,424.68900297037055,0.6894512233566275,0.29628614361008193,13.699999999999989,1.6000000000000227,12.099999999999966,13.699999999999989,13.88571428571428,4437106.4,No Signal
375,2024-01-09T00:00:00+05:30,429.4,432.7,418.2,421.3,1885357,3.0586637208724436,424.75099970238455,424.4379657133061,0.3130339890784626,0.29963571270375805,14.5,6.300000000000011,8.199999999999989,14.5,14.149999999999993,4467474.1,No Signal
376,2024-01-10T00:00:00+05:30,422.0,428.55,418.25,423.05,1348886,3.0077280931239843,424.48930744047925,424.3351534382464,0.1541540022328718,0.27053937060958083,10.300000000000011,7.25,3.0500000000000114,10.300000000000011,12.517857142857139,4332637.65,No Signal
377,2024-01-11T00:00:00+05:30,424.2,429.95,422.55,427.0,1332381,2.9639902389544175,424.8755678342517,424.5325494798578,0.34301835439390516,0.28503516736644574,7.399999999999977,6.899999999999977,0.5,7.399999999999977,10.278571428571423,4135244.05,No Signal
378,2024-01-12T00:00:00+05:30,429.65,435.8,424.85,433.65,1861260,2.6814019950491934,426.22548047513607,425.2079161850535,1.0175642900825892,0.4315409919096745,10.949999999999989,8.800000000000011,2.1499999999999773,10.949999999999989,10.378571428571425,3995180.5,No Signal
379,2024-01-15T00:00:00+05:30,437.0,443.15,425.7,434.2,4268473,2.268827172569834,427.45232963280745,425.8739964676421,1.5783331651653612,0.6608994265608118,17.44999999999999,9.5,7.949999999999989,17.44999999999999,10.942857142857138,4085765.1,No Signal
380,2024-01-16T00:00:00+05:30,437.95,444.0,434.3,440.3,2810788,2.220273558757435,429.42889430468324,426.9425893218908,2.486304982792433,1.025980537807136,9.699999999999989,9.800000000000011,0.10000000000002274,9.800000000000011,10.907142857142853,4096901.75,No Signal
381,2024-01-17T00:00:00+05:30,435.0,443.5,430.05,441.5,2939256,2.0852277222036752,431.28598748857814,428.0209160387878,3.265071449790355,1.4737987202037799,13.449999999999989,3.1999999999999886,10.25,13.449999999999989,11.207142857142852,4169768.15,No Signal
382,2024-01-18T00:00:00+05:30,435.2,444.75,433.6,443.55,1509859,2.2703356758860433,433.1727586441815,429.17121855443315,4.001540089748346,1.979346994112693,11.149999999999977,3.25,7.899999999999977,11.149999999999977,11.43571428571428,4066970.7,No Signal
383,2024-01-19T00:00:00+05:30,450.0,450.0,440.15,443.3,1347568,2.334688595438097,434.7307957758459,430.21779495780845,4.513000818037426,2.4860777588976397,9.850000000000023,6.449999999999989,3.400000000000034,9.850000000000023,11.742857142857137,2868768.0,No Signal
384,2024-01-20T00:00:00+05:30,445.0,463.6,442.75,459.95,2482400,2.631106722464444,438.61067334879266,432.4201805164893,6.190492832303335,3.226960773578779,20.850000000000023,20.30000000000001,0.5500000000000114,20.850000000000023,12.146428571428569,2664688.9,No Signal
385,2024-01-23T00:00:00+05:30,460.0,472.3,440.0,445.1,2654966,2.615669324632944,439.60903129513224,433.3594264041568,6.249604890975434,3.83148959705811,32.30000000000001,12.350000000000023,19.94999999999999,32.30000000000001,13.896428571428569,2662772.0,Buy
386,2024-01-24T00:00:00+05:30,448.45,451.45,431.5,441.6,4682160,2.5507581134742376,439.9153341728042,433.96983926310816,5.945494909696038,4.2542906595856955,19.94999999999999,6.349999999999966,13.600000000000023,19.94999999999999,14.399999999999997,2686587.25,Buy
387,2024-01-25T00:00:00+05:30,445.1,479.0,443.25,460.6,11615214,2.7338740772651717,443.09759045391127,435.9424437621372,7.155146691774064,4.83446186602337,35.75,37.39999999999998,1.6499999999999773,37.39999999999998,16.360714285714284,3063989.7,Buy
388,2024-01-29T00:00:00+05:30,462.9,481.9,455.55,480.5,4451584,3.2986729848141634,448.8518073071557,439.24300348346037,9.608803823695325,5.7893302575577605,26.349999999999966,21.299999999999955,5.050000000000011,26.349999999999966,17.26428571428571,3126167.35,Buy
389,2024-01-30T00:00:00+05:30,482.1,498.0,475.55,494.05,4511747,4.016871287916047,455.80537541374713,443.3027810032041,12.502594410543054,7.131983088154819,22.44999999999999,17.5,4.949999999999989,22.44999999999999,17.832142857142852,3243759.35,Buy
390,2024-01-31T00:00:00+05:30,495.2,507.0,489.05,498.85,3871355,4.570062136505501,462.4276253500937,447.41738981778155,15.010235532312151,8.707633576986286,17.94999999999999,12.949999999999989,5.0,17.94999999999999,18.378571428571423,3273891.65,Buy
391,2024-02-01T00:00:00+05:30,498.85,530.0,494.0,523.95,5616874,5.360638453499483,471.8926060654639,453.08647205350144,18.806134011962456,10.72733366398152,36.0,31.149999999999977,4.850000000000023,36.0,20.421428571428567,3345025.95,Buy
392,2024-02-02T00:00:00+05:30,528.15,553.95,526.4,545.95,5033223,6.397275873869246,483.28605128616175,459.9652519013902,23.320799384771533,13.246026808139524,27.550000000000068,30.0,2.449999999999932,30.0,21.78214285714285,3417495.95,Buy
393,2024-02-05T00:00:00+05:30,550.0,568.4,528.8,560.2,4727662,7.415275528874211,495.1189664729061,467.3900480568428,27.728918416063323,16.142605129724284,39.60000000000002,22.449999999999932,17.15000000000009,39.60000000000002,23.36428571428571,3497992.5,Buy
394,2024-02-06T00:00:00+05:30,560.2,561.85,538.2,542.45,2202935,8.163647705897946,502.40066393861287,472.95004449707665,29.45061944153622,18.80420799208667,23.649999999999977,1.6499999999999773,22.0,23.649999999999977,24.353571428571424,3557697.4,Buy
395,2024-02-07T00:00:00+05:30,549.35,549.35,533.3,540.7,1571155,8.447492295377895,508.2928694865186,477.96855971951544,30.32430976700317,21.10822834706997,16.050000000000068,6.899999999999977,9.150000000000091,16.050000000000068,24.539285714285715,3541987.3,Buy
396,2024-02-08T00:00:00+05:30,549.7,573.75,545.25,551.8,4488235,8.546979500393423,514.9862741809004,483.43755529584763,31.54871888505278,23.196326454666533,28.5,33.049999999999955,4.5499999999999545,33.049999999999955,26.103571428571428,3698954.75,Buy
397,2024-02-09T00:00:00+05:30,551.8,556.15,521.25,531.65,2626837,8.788128475054545,517.5499243069157,487.0088474961552,30.5410768107605,24.66527652588533,34.89999999999998,4.350000000000023,30.549999999999955,34.89999999999998,27.89285714285714,3763677.55,Buy
398,2024-02-12T00:00:00+05:30,533.95,536.5,484.5,499.55,2322608,9.039377048336455,514.7807051827748,487.9378217556993,26.842883427075492,25.10079790612336,52.0,4.850000000000023,47.14999999999998,52.0,30.117857142857137,3786744.95,Buy
399,2024-02-13T00:00:00+05:30,499.55,503.85,483.1,494.65,2380743,8.749652092590605,511.683673616194,488.435020144166,23.248653472028025,24.730369019304295,20.75,4.300000000000011,16.44999999999999,20.75,29.292857142857137,3692358.45,Sell
400,2024-02-14T00:00:00+05:30,490.75,529.0,485.05,525.9,3553333,8.008023389729289,513.8708007521642,491.21020383719076,22.66059691497344,24.316414598438126,43.94999999999999,34.35000000000002,9.599999999999966,43.94999999999999,31.00714285714285,3729485.7,Sell
401,2024-02-15T00:00:00+05:30,527.05,533.6,515.4,525.5,3209442,7.710930296260865,515.6599083287543,493.75018873813957,21.90971959061477,23.835075596873455,18.200000000000045,7.7000000000000455,10.5,18.200000000000045,29.635714285714283,3742995.0,Sell
402,2024-02-16T00:00:00+05:30,530.25,543.6,515.0,517.75,3863145,7.4115171396313695,515.9814608935613,495.5279525353144,20.45350835824695,23.158762149148156,28.600000000000023,18.100000000000023,10.5,28.600000000000023,29.796428571428574,3860659.3,Sell
403,2024-02-19T00:00:00+05:30,524.95,545.5,521.5,543.2,2308799,6.716504357654153,520.1689284483981,499.0592153104763,21.1097131379218,22.748952346902886,24.0,27.75,3.75,27.75,30.175000000000004,3908720.85,Sell
404,2024-02-20T00:00:00+05:30,543.15,543.15,535.1,537.15,1223512,6.526228400991635,522.7814009947984,501.8807549171077,20.900646077690737,22.379291093060456,8.049999999999955,0.05000000000006821,8.100000000000023,8.100000000000023,29.47142857142858,3845776.45,Sell
405,2024-02-21T00:00:00+05:30,537.2,552.0,526.8,539.2,4497405,5.860434196577778,525.307339303291,504.6451434417664,20.662195861524594,22.035872046753283,25.200000000000045,14.850000000000023,10.350000000000023,25.200000000000045,28.70000000000001,3937898.4,Sell
406,2024-02-22T00:00:00+05:30,542.8,548.5,525.0,527.4,2387581,4.939908686368572,525.6292871027847,506.3306883720059,19.298598730778792,21.488417383558385,23.5,9.299999999999955,14.200000000000045,23.5,28.235714285714295,3823169.45,Sell
407,2024-02-23T00:00:00+05:30,532.1,536.6,521.65,525.25,930577,4.125530125338428,525.5709352408178,507.73211886296843,17.838816377849355,20.75849718241658,14.950000000000045,9.200000000000045,5.75,14.950000000000045,26.475000000000012,3288937.6,Sell
408,2024-02-26T00:00:00+05:30,521.0,529.0,519.0,521.65,844688,3.6384922196397156,524.9677144345382,508.7630730212671,16.204641413271077,19.84772602858748,10.0,3.75,6.25,10.0,25.50000000000001,3108592.8,No Signal
409,2024-02-27T00:00:00+05:30,525.0,539.55,522.0,536.75,2107003,3.236495241836929,526.7803737523016,510.83617872339545,15.944195028906108,19.06701982865121,17.549999999999955,17.899999999999977,0.35000000000002274,17.899999999999977,25.632142857142863,2988355.6,No Signal
410,2024-02-28T00:00:00+05:30,539.9,539.9,510.4,529.5,2187555,2.985785546357843,527.198777790409,512.218684003144,14.980093787265105,18.24963462037399,29.5,3.1499999999999773,26.350000000000023,29.5,25.378571428571437,2904165.6,No Signal
411,2024-02-29T00:00:00+05:30,530.0,532.1,512.15,525.15,1456017,3.0055786816075205,526.8835812072692,513.1765592621704,13.707021945098859,17.341112085318965,19.950000000000045,2.6000000000000227,17.350000000000023,19.950000000000045,24.3107142857143,2696122.75,No Signal
412,2024-03-01T00:00:00+05:30,526.4,531.8,519.45,526.15,1531632,2.9303260656992904,526.770722559997,514.13755487238,12.63316768761706,16.399523205778586,12.349999999999909,6.649999999999977,5.699999999999932,12.349999999999909,21.478571428571435,2521043.2,No Signal
413,2024-03-02T00:00:00+05:30,530.0,530.5,526.0,529.0,93269,2.5881725755227225,527.1136883199974,515.2384767336852,11.875211586312275,15.494660881885324,4.5,4.350000000000023,0.14999999999997726,4.5,20.31785714285715,2289323.55,No Signal
414,2024-03-04T00:00:00+05:30,532.0,533.95,520.55,526.15,1607290,2.5274003764460105,526.9654285784594,516.0467377163751,10.918690862084304,14.579466877925121,13.400000000000091,4.9500000000000455,8.450000000000045,13.400000000000091,18.1357142857143,2259541.3,No Signal
415,2024-03-05T00:00:00+05:30,526.3,535.4,521.9,530.25,2693783,2.4443911252633725,527.4707472586964,517.0988312188658,10.37191603983058,13.737956710306214,13.5,9.25,4.25,13.5,17.80000000000001,2315672.7,No Signal
416,2024-03-06T00:00:00+05:30,532.25,550.0,517.05,538.65,3919897,2.216658461134761,529.19063229582,518.6952140915424,10.495418204277598,13.089449009100491,32.950000000000045,19.75,13.200000000000045,32.950000000000045,18.110714285714298,2287255.8,No Signal
417,2024-03-07T00:00:00+05:30,539.2,548.9,538.0,545.45,1588868,2.3156485118761307,531.6920734810785,520.6770500847615,11.01502339631702,12.674563886543798,10.899999999999977,10.25,0.6499999999999773,10.899999999999977,16.90714285714287,2235357.35,No Signal
418,2024-03-11T00:00:00+05:30,551.65,562.85,540.6,548.0,2215712,2.126723467255704,534.2009852532203,522.7009723007051,11.500012952515249,12.439653699738088,22.25,17.399999999999977,4.850000000000023,22.25,17.91785714285715,2230012.55,No Signal
419,2024-03-12T00:00:00+05:30,548.0,549.95,507.1,516.85,3947189,1.7165660815914616,531.531602906571,522.2675669450973,9.264035961473724,11.804530152085215,42.85000000000002,1.9500000000000455,40.89999999999998,42.85000000000002,19.178571428571438,2308334.85,No Signal
420,2024-03-13T00:00:00+05:30,521.8,523.45,494.1,501.2,3466220,2.20211301605718,526.8652024594063,520.7070064306456,6.158196028760699,10.675263327420312,29.350000000000023,6.600000000000023,22.75,29.350000000000023,19.596428571428582,2303979.2,No Signal
421,2024-03-14T00:00:00+05:30,500.3,512.9,490.0,491.6,2442984,2.8302448363301123,521.4397866964207,518.5509318802274,2.888854816193316,9.117981625174913,22.899999999999977,11.699999999999989,11.199999999999989,22.899999999999977,20.164285714285718,2265656.3,No Signal
422,2024-03-15T00:00:00+05:30,495.4,517.9,488.3,509.3,7785364,2.8188595422957174,519.5721272046636,517.8656776668772,1.7064495377863977,7.6356752076972105,29.599999999999966,26.299999999999955,3.3000000000000114,29.599999999999966,21.564285714285717,2461767.25,No Signal
423,2024-03-18T00:00:00+05:30,510.6,510.6,494.0,496.9,1145067,3.0932728955039117,516.0841076347153,516.3126645063678,-0.22855687165247218,6.0628287918272745,16.600000000000023,1.3000000000000114,15.300000000000011,16.600000000000023,21.47142857142858,2403580.65,No Signal
424,2024-03-19T00:00:00+05:30,496.9,499.9,478.15,485.75,1307489,3.5836915380781478,511.41732184475916,514.0487634318221,-2.631441587062909,4.323974716049238,21.75,3.0,18.75,21.75,20.917857142857148,2407779.5,No Signal
425,2024-03-20T00:00:00+05:30,488.0,495.85,467.3,469.7,2319604,4.375765227979614,504.9992723301808,510.7636698442797,-5.764397514098903,2.30630027001961,28.55000000000001,10.100000000000023,18.44999999999999,28.55000000000001,21.532142857142862,2298889.45,Sell
426,2024-03-21T00:00:00+05:30,476.5,496.4,474.5,492.35,2352510,4.322794723761061,503.05323043322994,509.399694300259,-6.346463867029058,0.5757474426098764,21.899999999999977,26.69999999999999,4.800000000000011,26.69999999999999,22.557142857142868,2297135.9,Sell
427,2024-03-22T00:00:00+05:30,492.0,495.0,484.4,489.45,2267977,4.508868814870306,500.9604257511946,507.9219391669065,-6.96151341571192,-0.931704729054483,10.600000000000023,2.6499999999999773,7.9500000000000455,10.600000000000023,22.992857142857154,2364005.9,Sell
428,2024-03-26T00:00:00+05:30,490.25,514.6,489.9,511.45,2736593,4.308660966179293,502.57420640485697,508.1832770063949,-5.609070601537951,-1.8671779035511766,24.700000000000045,25.150000000000034,0.44999999999998863,25.150000000000034,23.832142857142863,2458601.15,Sell
429,2024-03-27T00:00:00+05:30,512.0,520.5,497.25,499.8,2463731,4.333961983059406,502.14740541949436,507.5622935244397,-5.414888104945362,-2.576719943830014,23.25,9.050000000000011,14.199999999999989,23.25,24.528571428571436,2476437.55,Sell
430,2024-03-28T00:00:00+05:30,505.0,531.25,504.95,520.7,3475863,4.109652882837935,505.00165073957214,508.5354569670738,-3.533806227501657,-2.7681372005643428,26.30000000000001,31.44999999999999,5.149999999999977,31.44999999999999,24.421428571428574,2540852.95,Sell
431,2024-04-01T00:00:00+05:30,521.0,542.6,521.0,529.4,1537544,4.070599188716026,508.7552429334841,510.08097867321646,-1.3257357397323517,-2.4796569083979447,21.600000000000023,21.899999999999977,0.2999999999999545,21.899999999999977,25.20714285714286,2544929.3,Buy
432,2024-04-02T00:00:00+05:30,534.7,536.7,528.8,533.7,1539019,4.095542442552659,512.5928978667943,511.83053580853374,0.7623620582605213,-1.8312531150662517,7.900000000000091,7.300000000000068,0.6000000000000227,7.900000000000091,24.182142857142868,2545298.65,Buy
433,2024-04-03T00:00:00+05:30,530.65,535.15,527.15,528.8,1738426,4.132069827709202,515.0862981949798,513.0875331560497,1.9987650389300597,-1.0652494842669895,8.0,1.4499999999999318,6.550000000000068,8.0,21.69285714285715,2627556.5,Buy
434,2024-04-04T00:00:00+05:30,536.9,550.0,523.85,526.5,3782337,4.152208749780365,516.8422523188291,514.0810492185645,2.761203100264538,-0.299958967360684,26.149999999999977,21.200000000000045,4.949999999999932,26.149999999999977,21.46428571428572,2736308.85,Buy
435,2024-04-05T00:00:00+05:30,529.6,539.55,520.5,534.95,2649802,4.127017513952645,519.6280596543938,515.6268974245968,4.001162229797046,0.560265272070862,19.049999999999955,13.049999999999955,6.0,19.049999999999955,21.189285714285717,2734109.8,No Signal
436,2024-04-08T00:00:00+05:30,540.0,545.4,535.85,537.4,1336108,4.0945770773531915,522.3622043229486,517.2397198375896,5.122484485358996,1.4727091147284888,9.549999999999955,10.449999999999932,0.8999999999999773,10.449999999999932,19.821428571428573,2604920.35,No Signal
437,2024-04-09T00:00:00+05:30,537.5,539.65,520.2,527.15,1310686,3.9760626292696104,523.0987882732642,517.9738146644348,5.12497360882935,2.203162013548661,19.449999999999932,2.25,17.199999999999932,19.449999999999932,20.024999999999995,2591011.25,No Signal
438,2024-04-10T00:00:00+05:30,530.0,531.9,521.4,528.6,945256,3.715496378800794,523.9451285389158,518.7609395041063,5.184189034809492,2.7993674178008274,10.5,4.75,5.75,10.5,19.221428571428564,2527488.45,No Signal
439,2024-04-12T00:00:00+05:30,528.0,533.1,524.0,526.55,699901,3.778421354077928,524.3458779944672,519.3379069482465,5.007971046220632,3.2410881434847885,9.100000000000023,4.5,4.600000000000023,9.100000000000023,17.832142857142852,2365124.05,No Signal
440,2024-04-15T00:00:00+05:30,518.0,524.45,507.25,514.55,1360516,3.8353817826464733,522.8388198414722,518.9832471743024,3.855572667169781,3.363985048221787,17.200000000000045,2.099999999999909,19.299999999999955,19.299999999999955,17.30357142857142,2259838.85,No Signal
441,2024-04-16T00:00:00+05:30,511.55,519.4,509.9,518.05,352271,3.690984949485139,522.1020783273996,518.9141177539836,3.1879605734159213,3.328780153260614,9.5,4.850000000000023,4.649999999999977,9.5,17.22499999999999,2155303.2,No Signal
442,2024-04-18T00:00:00+05:30,527.0,528.3,509.1,511.25,1923437,3.736058548510992,520.432527815492,518.3464053277627,2.0861224877293125,3.0802486201543537,19.199999999999932,10.25,8.949999999999932,19.199999999999932,16.799999999999983,1862206.85,No Signal
443,2024-04-19T00:00:00+05:30,508.0,512.6,500.4,504.4,362163,3.7302943152552928,517.965985074647,517.313338266447,0.6526468082000747,2.594728257763498,12.200000000000045,1.3500000000000227,10.850000000000023,12.200000000000045,16.010714285714272,1823061.65,No Signal
444,2024-04-22T00:00:00+05:30,519.8,525.0,516.35,520.85,853510,3.3766442666528036,518.4096796785475,517.5753132096731,0.8343664688743502,2.2426558999856687,8.649999999999977,20.600000000000023,11.950000000000045,20.600000000000023,15.235714285714275,1800362.7,No Signal
445,2024-04-23T00:00:00+05:30,525.05,531.45,509.1,516.0,1072431,2.6676672347569417,518.0389597280017,517.4586233422899,0.5803363857118029,1.9101919971308956,22.350000000000023,10.600000000000023,11.75,22.350000000000023,15.267857142857135,1738004.05,No Signal
446,2024-04-24T00:00:00+05:30,517.7,521.65,506.3,509.95,803880,2.451968861113581,516.7945043852322,516.9024290206388,-0.10792463540656172,1.5065686706234043,15.349999999999966,5.649999999999977,9.699999999999989,15.349999999999966,15.799999999999983,1660572.55,No Signal
447,2024-04-25T00:00:00+05:30,512.9,530.5,511.15,527.05,2694600,1.9735903212660701,518.3722729413504,517.6541009450359,0.7181719963144815,1.3488893357616198,19.350000000000023,20.55000000000001,1.1999999999999886,20.55000000000001,16.696428571428555,1681903.7,No Signal
448,2024-04-26T00:00:00+05:30,527.05,532.95,521.2,526.55,1628220,1.9354090495176446,519.6303847965272,518.3130564305887,1.3173283659384651,1.342577141796989,11.75,5.900000000000091,5.849999999999909,11.75,15.667857142857128,1626485.05,No Signal
449,2024-04-29T00:00:00+05:30,528.95,562.0,528.3,559.05,4952701,2.118278452092681,525.6949409816768,521.3306078061007,4.364333175576121,1.9469283485528155,33.700000000000045,35.450000000000045,1.75,35.450000000000045,16.839285714285705,1750933.55,No Signal
450,2024-04-30T00:00:00+05:30,560.0,565.75,545.25,548.25,1756064,2.3465586173493076,529.1649500614188,523.3246368575006,5.8403132039181855,2.7256053196258896,20.5,6.7000000000000455,13.799999999999955,20.5,17.557142857142853,1664943.6,No Signal
451,2024-05-02T00:00:00+05:30,553.0,554.75,545.8,549.85,837415,2.5250742488983184,532.3472654365852,525.2894785717599,7.057786864825289,3.5920416286657697,8.950000000000045,6.5,2.4500000000000455,8.950000000000045,16.80714285714286,1629937.15,No Signal
452,2024-05-03T00:00:00+05:30,553.65,553.7,531.1,544.0,1737781,2.6308302459512793,534.1399938309567,526.6754431219999,7.464550708956722,4.36654344472396,22.600000000000023,3.8500000000000227,18.75,22.600000000000023,17.671428571428578,1639875.25,No Signal
453,2024-05-06T00:00:00+05:30,549.5,551.3,526.65,531.8,4579591,2.695821853616183,533.7799947800403,527.0550399277777,6.724954852262613,4.838225726231691,24.649999999999977,7.2999999999999545,17.350000000000023,24.649999999999977,18.782142857142862,1781933.5,Buy
454,2024-05-07T00:00:00+05:30,540.0,548.0,510.5,517.55,4367770,2.807183812145672,531.283072506188,526.3509628960904,4.932109610097541,4.857002503004861,37.5,16.200000000000045,21.299999999999955,37.5,20.082142857142863,1811205.15,Buy
455,2024-05-08T00:00:00+05:30,520.0,544.0,510.1,532.7,3348407,2.717857629047342,531.5010613513898,526.8212619408245,4.6797994105653515,4.821561884516959,33.89999999999998,26.450000000000045,7.449999999999932,33.89999999999998,21.825000000000006,1846135.4,Sell
456,2024-05-09T00:00:00+05:30,536.0,537.5,514.0,517.2,1283279,2.796077348154049,529.3008980665606,526.1085758711338,3.1923221954268683,4.495713946698942,23.5,4.7999999999999545,18.700000000000045,23.5,22.132142857142867,1843493.95,Sell
457,2024-05-10T00:00:00+05:30,518.95,523.0,509.1,514.3,2728015,2.8616100956558017,526.9930675947821,525.2338665473461,1.7592010474360222,3.948411366846358,13.899999999999977,5.7999999999999545,8.100000000000023,13.899999999999977,22.253571428571433,1914360.4,Sell
458,2024-05-13T00:00:00+05:30,515.05,517.25,500.4,512.85,1258958,2.922009751191443,524.8172110417387,524.3165430993945,0.5006679423441938,3.258862681945925,16.850000000000023,2.9500000000000455,13.899999999999977,16.850000000000023,21.98571428571429,1930045.5,Sell
459,2024-05-14T00:00:00+05:30,513.0,520.85,510.1,513.25,949939,2.9640375620952155,523.0376401122404,523.496799166106,-0.45915905386561917,2.5152583347836166,10.75,8.0,2.75,10.75,21.157142857142862,1942547.4,Sell
460,2024-05-15T00:00:00+05:30,518.5,537.45,514.6,536.25,1551912,2.842293544486556,525.0703108642034,524.4414807093574,0.628830154846014,2.137972698796096,22.850000000000023,24.200000000000045,1.3500000000000227,24.200000000000045,21.78928571428572,1952117.2,Sell
461,2024-05-16T00:00:00+05:30,530.65,544.45,525.85,539.9,1868422,2.862922403406613,527.3518015004798,525.586556212368,1.765245288111828,2.0634272166592424,18.600000000000023,8.200000000000045,10.399999999999977,18.600000000000023,21.65000000000001,2027924.75,Sell
462,2024-05-17T00:00:00+05:30,537.8,547.4,533.5,540.3,1429095,2.831335874815366,529.3438320388675,526.6764409373778,2.6673911014896703,2.1842199936253284,13.899999999999977,7.5,6.399999999999977,13.899999999999977,21.803571428571438,2003207.65,Buy
463,2024-05-18T00:00:00+05:30,543.0,544.5,538.05,539.0,84558,2.6728433437913175,530.8293963405802,527.5892971642387,3.2400991763414595,2.395395830168555,6.4500000000000455,4.2000000000000455,2.25,6.4500000000000455,19.732142857142865,1989327.4,Buy
464,2024-05-21T00:00:00+05:30,536.1,580.0,534.0,575.15,4774342,3.0296577008685555,537.6479507497216,531.11231218911,6.535638560611687,3.2234443762571816,46.0,41.0,5.0,46.0,21.553571428571438,2185369.0,Buy
465,2024-05-22T00:00:00+05:30,577.0,578.25,559.05,566.4,2985879,3.2691163532277656,542.0713429420722,533.7262149899166,8.345127952155622,4.247781091436869,19.200000000000045,3.1000000000000227,16.100000000000023,19.200000000000045,22.285714285714295,2281041.4,Buy
466,2024-05-23T00:00:00+05:30,569.65,596.0,569.65,575.95,3539039,3.411884442337243,547.2834440279072,536.8539027684412,10.429541259465964,5.484133125042689,26.350000000000023,29.600000000000023,3.25,29.600000000000023,22.785714285714295,2417799.35,Buy
467,2024-05-24T00:00:00+05:30,576.0,579.8,565.25,571.6,1390456,3.6375367540699526,551.0244526389984,539.4276877485567,11.596764890441705,6.706659478122492,14.549999999999955,3.849999999999909,10.700000000000045,14.549999999999955,22.06428571428572,2352592.15,Buy
468,2024-05-27T00:00:00+05:30,572.8,592.0,568.85,579.25,2667927,3.8341966729333645,555.366844540691,542.377488656071,12.989355884619954,7.963198759421985,23.149999999999977,20.399999999999977,2.75,23.149999999999977,21.039285714285718,2404577.5,Buy
469,2024-05-28T00:00:00+05:30,579.25,593.2,557.1,566.65,2200562,3.980730430574935,557.1027146113539,544.175452459325,12.927262152028902,8.956011437943369,36.10000000000002,13.950000000000045,22.149999999999977,36.10000000000002,21.19642857142858,2266970.55,Buy
470,2024-05-29T00:00:00+05:30,566.55,583.8,559.25,576.3,1767064,4.113026998646156,560.056143132684,546.5550485734491,13.501094559234957,9.865028062201688,24.549999999999955,17.149999999999977,7.399999999999977,24.549999999999955,21.271428571428576,2267520.55,Buy
471,2024-05-30T00:00:00+05:30,577.9,596.9,573.1,578.8,4241188,4.296750971944117,562.9398134199635,548.9435634939343,13.996249926029122,10.691272434967175,23.799999999999955,20.600000000000023,3.199999999999932,23.799999999999955,21.97857142857143,2437709.2,Buy
472,2024-05-31T00:00:00+05:30,580.05,584.95,564.5,567.5,1859396,4.4579198411367855,563.6413805861229,550.3181143462355,13.323266239887403,11.21767119595122,20.450000000000045,6.150000000000091,14.299999999999955,20.450000000000045,22.23571428571429,2443789.95,Buy
473,2024-06-03T00:00:00+05:30,629.9,632.7,577.2,606.35,9361401,4.646115900430291,570.2119374190271,554.4686243946625,15.743313024364625,12.122799561633903,55.5,65.20000000000005,9.700000000000045,65.20000000000005,26.125000000000007,2682880.45,Buy
474,2024-06-04T00:00:00+05:30,606.0,606.0,485.1,525.8,10042618,5.269520905061312,563.3793316622537,552.3450225876504,11.034309074603243,11.905101464227771,120.89999999999998,0.35000000000002274,121.25,121.25,33.057142857142864,2966622.85,Sell
475,2024-06-05T00:00:00+05:30,535.0,535.0,481.45,524.55,7578300,5.349372621742885,557.4055883295993,550.2861320256022,7.119456303997026,10.947972432181622,53.55000000000001,9.200000000000045,44.349999999999966,53.55000000000001,35.55357142857143,3178117.5,Sell
476,2024-06-06T00:00:00+05:30,530.0,556.45,530.0,542.55,3582008,4.974208962469907,555.1201132019686,549.7130852088909,5.4070279930776906,9.839783544360836,26.450000000000045,31.90000000000009,5.4500000000000455,31.90000000000009,36.83928571428573,3293053.95,Sell
477,2024-06-07T00:00:00+05:30,537.0,544.0,528.25,534.7,3792527,4.829401855741238,551.9785573247427,548.6010048230471,3.377552501695618,8.547337335827793,15.75,1.4500000000000455,14.299999999999955,15.75,37.50357142857144,3346279.55,Sell
478,2024-06-10T00:00:00+05:30,536.2,542.0,530.0,532.2,1849483,4.611866878131778,548.9357023517053,547.3861155768955,1.5495867748098817,7.147787223624211,12.0,7.2999999999999545,4.7000000000000455,12.0,35.07500000000001,3375805.8,Sell
479,2024-06-11T00:00:00+05:30,533.5,541.0,529.45,538.4,1952083,4.253802537370311,547.3148250668276,546.7204773860143,0.5943476808132573,5.83709931506202,11.549999999999955,8.799999999999955,2.75,11.549999999999955,34.52857142857143,3425913.0,Sell
480,2024-06-12T00:00:00+05:30,538.35,540.9,532.7,538.3,1976912,4.238233885489617,545.9279289027003,546.0967383203836,-0.16880941768329194,4.635917568512958,8.199999999999932,2.5,5.699999999999932,8.199999999999932,32.99999999999999,3447163.0,Sell
481,2024-06-13T00:00:00+05:30,542.0,544.8,537.0,541.75,1260420,4.1992493200413055,545.2851706099772,545.7747577040589,-0.4895870940816849,3.6108166359940292,7.7999999999999545,6.5,1.2999999999999545,7.7999999999999545,32.51785714285714,3416762.9,Sell
482,2024-06-14T00:00:00+05:30,542.0,544.15,538.05,540.7,832775,4.204735721832259,544.5797597469037,545.3988497259804,-0.8190899790766935,2.724835312979885,6.100000000000023,2.3999999999999773,3.7000000000000455,6.100000000000023,31.3,3386946.9,Sell
483,2024-06-18T00:00:00+05:30,543.0,544.2,536.9,540.05,1044883,4.202319938487814,543.8828736319955,545.002638635167,-1.1197650031715511,1.9559152497495977,7.300000000000068,3.5,3.800000000000068,7.300000000000068,29.242857142857144,3434963.15,Sell
484,2024-06-19T00:00:00+05:30,542.0,547.0,531.65,545.0,2211371,4.103653904728299,544.0547392270731,545.0024431807102,-0.9477039536370739,1.3751914090722634,15.350000000000023,6.9500000000000455,8.399999999999977,15.350000000000023,28.585714285714293,3306814.6,Sell
485,2024-06-20T00:00:00+05:30,545.0,546.75,540.75,545.1,1080032,4.087769314719842,544.2155485767541,545.0096696117687,-0.7941210350145411,0.9413289202549026,6.0,1.75,4.25,6.0,27.314285714285724,3211522.25,No Signal
486,2024-06-21T00:00:00+05:30,545.1,550.9,541.1,547.7,1162274,3.9577449658039865,544.7516180264843,545.2089533442303,-0.4573353177460149,0.6615960726547191,9.799999999999955,5.7999999999999545,4.0,9.799999999999955,26.553571428571434,3092684.0,No Signal
487,2024-06-24T00:00:00+05:30,540.5,546.5,537.0,541.7,825997,3.9307965896264543,544.282138330102,544.9490308742872,-0.6668925441852025,0.3958983492867348,9.5,1.2000000000000455,10.700000000000045,10.700000000000045,22.66071428571429,3064461.05,No Signal
488,2024-06-25T00:00:00+05:30,542.7,544.15,530.5,532.55,1395650,3.8571183611245763,542.4771939716248,544.0305841428585,-1.5533901712336728,0.006040645182653277,13.649999999999977,2.449999999999932,11.200000000000045,13.649999999999977,14.975000000000003,3000847.2,No Signal
489,2024-06-26T00:00:00+05:30,533.0,542.0,531.5,540.65,2137078,3.7250741139932173,542.1960872067594,543.7801705026468,-1.5840832958873534,-0.3119841430313481,10.5,9.450000000000045,1.0499999999999545,10.5,11.900000000000002,2997673.0,No Signal
490,2024-06-27T00:00:00+05:30,541.0,547.45,534.05,541.15,1203288,3.501742695598266,542.0351507134118,543.5853430580063,-1.5501923445945067,-0.5596257833439798,13.400000000000091,6.800000000000068,6.600000000000023,13.400000000000091,10.578571428571431,2969484.2,No Signal
491,2024-06-28T00:00:00+05:30,542.75,555.0,540.55,545.5,1667173,3.159357593712727,542.56820444981,543.727169498154,-1.1589650483440437,-0.6794936363439926,14.450000000000045,13.850000000000023,0.6000000000000227,14.450000000000045,10.485714285714291,2840783.45,No Signal
492,2024-07-01T00:00:00+05:30,545.5,549.0,540.25,545.0,469949,2.9911738887826043,542.9423268421469,543.8214532390315,-0.8791263968845442,-0.719420188452103,8.75,3.5,5.25,8.75,10.253571428571433,2771311.1,No Signal
493,2024-07-02T00:00:00+05:30,545.0,547.95,530.1,537.75,858307,1.1743097939787213,542.1435073279705,543.3717159620662,-1.2282086340957221,-0.8211778775808268,17.850000000000023,2.9500000000000455,14.899999999999977,17.850000000000023,10.703571428571438,2346156.4,No Signal
494,2024-07-03T00:00:00+05:30,539.05,540.1,532.75,536.1,836258,1.0353912565483383,541.2137369698212,542.8330703352465,-1.619333365425291,-0.9808089751497198,7.350000000000023,2.3500000000000227,5.0,7.350000000000023,10.642857142857158,1885838.4,No Signal
495,2024-07-04T00:00:00+05:30,539.9,545.0,531.5,541.55,771114,0.7917107189564487,541.2654697436949,542.7380280881912,-1.4725583444962922,-1.0791588490190342,13.5,8.899999999999977,4.600000000000023,13.5,11.05000000000002,1545479.1,No Signal
496,2024-07-05T00:00:00+05:30,542.0,543.9,535.0,538.85,1159426,0.7925317053378197,540.8938590138957,542.4500260075845,-1.5561669936887483,-1.1745604779529772,8.899999999999977,2.3500000000000227,6.5499999999999545,8.899999999999977,11.250000000000016,1424350.0,No Signal
497,2024-07-08T00:00:00+05:30,538.85,540.0,524.8,526.5,1729642,0.9754752928747128,538.679419165604,541.2685425996152,-2.589123434011185,-1.457473069164619,15.200000000000045,1.1499999999999773,14.050000000000068,15.200000000000045,11.81428571428573,1321205.75,No Signal
498,2024-07-09T00:00:00+05:30,527.0,545.2,525.55,541.7,1778493,0.8904104260260318,539.1441239093573,541.3005024070511,-2.1563784976938223,-1.5972541548704597,19.65000000000009,18.700000000000045,0.9500000000000455,19.65000000000009,12.121428571428591,1317656.25,No Signal
499,2024-07-10T00:00:00+05:30,536.0,545.05,536.0,543.0,1791622,0.8909093051500936,539.73733561561,541.4263911176399,-1.6890555020298734,-1.6156144243023427,9.049999999999955,3.349999999999909,5.7000000000000455,9.049999999999955,12.339285714285731,1309633.2,No Signal
500,2024-07-11T00:00:00+05:30,548.5,554.9,543.0,550.35,1202130,0.9586300699049168,541.3700532132085,542.0873991829999,-0.7173459697913813,-1.4359607334001505,11.899999999999977,11.899999999999977,0.0,11.899999999999977,12.489285714285732,1270894.1,No Signal
501,2024-07-12T00:00:00+05:30,550.0,560.0,543.9,558.75,1387907,1.1788911301053613,544.0438911804072,543.3216659101851,0.7222252702221112,-1.0043235326756983,16.100000000000023,9.649999999999977,6.4500000000000455,16.100000000000023,12.875000000000016,1277268.45,No Signal
502,2024-07-15T00:00:00+05:30,569.0,584.5,555.75,578.65,3217689,1.814783641263208,549.367907921883,545.9385795464676,3.4293283754153663,-0.1175931510574854,28.75,25.75,3.0,28.75,13.953571428571447,1396514.15,No Signal
503,2024-07-16T00:00:00+05:30,578.65,597.0,573.2,587.4,3294297,2.427290015140557,555.2189990108241,549.0097958763589,6.209203134465156,1.147766106047043,23.799999999999955,18.350000000000023,5.449999999999932,23.799999999999955,14.903571428571443,1508984.85,Buy
504,2024-07-18T00:00:00+05:30,587.4,588.1,566.0,568.55,2198694,2.6553862002106188,557.2699222399281,550.457218404036,6.81270383589208,2.2807536520160503,22.100000000000023,0.7000000000000455,21.399999999999977,22.100000000000023,15.52500000000001,1508351.0,Buy
505,2024-07-19T00:00:00+05:30,569.0,571.4,554.1,561.15,1233734,2.7427292123906506,557.8668572799392,551.2492763000333,6.617580979905824,3.1481191175940055,17.299999999999955,2.8500000000000227,14.449999999999932,17.299999999999955,15.728571428571431,1516036.1,Buy
506,2024-07-22T00:00:00+05:30,560.05,576.5,554.0,569.5,995267,2.8282353676884315,559.6565715445639,552.6011817592902,7.055389785273746,3.929573251129954,22.5,15.350000000000023,7.149999999999977,22.5,16.71071428571429,1507685.75,Buy
507,2024-07-23T00:00:00+05:30,574.95,576.4,546.75,552.4,1588838,2.8996961442711524,558.5401759223233,552.5862794067501,5.953896515573206,4.334437904018604,29.649999999999977,6.899999999999977,22.75,29.649999999999977,17.553571428571427,1545827.8,Buy
508,2024-07-24T00:00:00+05:30,554.95,578.75,552.4,569.6,2395942,2.8184596319399,560.2416873188889,553.8465550062501,6.395132312638793,4.746576785742643,26.350000000000023,26.350000000000023,0.0,26.350000000000023,18.910714285714285,1595842.4,Buy
509,2024-07-25T00:00:00+05:30,566.0,570.9,561.0,567.65,770119,2.8556090205997053,561.3814277313676,554.8690324131945,6.5123953181730485,5.099740492228724,9.899999999999977,1.2999999999999545,8.600000000000023,9.899999999999977,18.65357142857143,1527494.45,Buy
510,2024-07-26T00:00:00+05:30,570.0,585.0,567.25,581.45,1844637,2.946208802299942,564.4689003880803,556.8379929751801,7.630907412900228,5.605973876363025,17.75,17.350000000000023,0.39999999999997726,17.75,19.285714285714285,1559561.9,Buy
511,2024-07-29T00:00:00+05:30,589.0,599.9,583.5,587.25,2811831,3.133236348422231,567.9736849437603,559.0907342362779,8.88295070748245,6.261369242586911,16.399999999999977,18.449999999999932,2.0499999999999545,18.449999999999932,19.517857142857135,1616794.8,Buy
512,2024-07-30T00:00:00+05:30,594.5,604.5,587.25,601.15,2507716,3.426690033020731,573.077733413951,562.2062354039609,10.871498009990091,7.183394996067547,17.25,17.25,0.0,17.25,19.346428571428557,1718683.15,Buy
513,2024-07-31T00:00:00+05:30,600.0,610.9,593.35,608.8,1827727,3.711645275782058,578.5734667348817,565.6576253740379,12.915841360843729,8.329884269022784,17.549999999999955,9.75,7.7999999999999545,17.549999999999955,19.953571428571415,1767154.15,Buy
514,2024-08-01T00:00:00+05:30,605.05,613.2,590.0,595.65,1350860,3.81376234689698,581.200625698746,567.8792827537388,13.321342945007132,9.328176004219655,23.200000000000045,4.400000000000091,18.799999999999955,23.200000000000045,20.760714285714275,1792884.25,Buy
515,2024-08-02T00:00:00+05:30,591.0,597.8,581.5,595.95,1361169,3.8307241352402652,583.4697602066312,569.9585951423508,13.511165064280476,10.16477381623182,16.299999999999955,2.1499999999999773,14.149999999999977,16.299999999999955,20.774999999999984,1822387.0,Buy
516,2024-08-05T00:00:00+05:30,578.9,585.8,565.0,581.0,2607067,3.7523046646024865,583.0897970979188,570.7764769836581,12.313320114260705,10.594483075837598,20.799999999999955,10.150000000000091,30.950000000000045,30.950000000000045,20.932142857142846,1894769.05,Buy
517,2024-08-06T00:00:00+05:30,575.05,588.35,558.0,565.4,1821803,3.39012354635151,580.3682898520851,570.378219429313,9.990070422772078,10.473600545224494,30.350000000000023,7.350000000000023,23.0,30.350000000000023,21.399999999999995,1899377.1,Sell
518,2024-08-07T00:00:00+05:30,569.0,572.4,559.0,569.55,1269029,3.109459371790058,578.703937567149,570.3168698419565,8.387067725192423,10.056293981218081,13.399999999999977,7.0,6.399999999999977,13.399999999999977,20.778571428571418,1873903.9,Sell
519,2024-08-08T00:00:00+05:30,569.0,570.0,553.05,555.7,823836,3.007865874664738,575.164870249126,569.2341387425523,5.930731506573693,9.231181486289204,16.950000000000045,0.4500000000000455,16.5,16.950000000000045,20.753571428571426,1825514.6,Sell
520,2024-08-09T00:00:00+05:30,562.5,579.0,553.0,577.75,1438148,2.7090628841814364,575.5625825184912,569.864943280141,5.697639238350234,8.52447303670141,26.0,23.299999999999955,2.7000000000000455,26.0,21.003571428571426,1837315.5,Sell
521,2024-08-12T00:00:00+05:30,576.95,581.6,556.0,558.35,1259415,2.8075480483417605,572.9144929002618,569.0119845186491,3.9025083816127335,7.600080105683675,25.600000000000023,3.8500000000000227,21.75,25.600000000000023,20.714285714285715,1830890.9,Sell
522,2024-08-13T00:00:00+05:30,562.0,566.0,547.3,550.3,1052887,3.0404049452286106,569.4353401463754,567.6259115913417,1.809428555033719,6.441949795553684,18.700000000000045,7.649999999999977,11.050000000000068,18.700000000000045,20.167857142857144,1722650.8,Sell
523,2024-08-14T00:00:00+05:30,551.0,560.0,531.05,550.35,2263553,3.152947153611406,566.49913397001,566.3462144364275,0.15291953358246246,5.18414374315944,28.950000000000045,9.700000000000045,19.25,28.950000000000045,21.528571428571436,1671113.6,Sell
524,2024-08-16T00:00:00+05:30,546.0,562.45,545.0,550.15,734213,3.2888248722447257,563.9838825900084,565.146494848544,-1.162612258535546,3.914792542820443,17.450000000000045,12.100000000000023,5.350000000000023,17.450000000000045,21.507142857142867,1597889.55,Sell
525,2024-08-19T00:00:00+05:30,554.5,560.2,546.95,550.0,844726,3.386205770060041,561.8325160376994,564.0245322671703,-2.192016229470937,2.6934307883621673,13.25,10.050000000000068,3.199999999999932,13.25,21.1357142857143,1578439.15,Sell
526,2024-08-20T00:00:00+05:30,550.05,565.0,550.05,558.5,638652,3.3768299583072396,561.3198212626687,563.6153076547873,-2.295486392118619,1.6956473522660103,14.950000000000045,15.0,0.049999999999954525,15.0,20.975000000000016,1560608.4,Sell
527,2024-08-21T00:00:00+05:30,560.95,560.95,551.0,552.1,1111375,3.4188681257034204,559.9013872222581,562.7623219025809,-2.860934680322771,0.7843309457482541,9.950000000000045,2.4500000000000455,7.5,9.950000000000045,20.43214285714288,1536735.25,Sell
528,2024-08-22T00:00:00+05:30,555.0,559.5,551.05,552.8,1316796,3.4958737270233513,558.8088661111415,562.0243721320194,-3.2155060208779105,-0.015636447576978806,8.450000000000045,7.399999999999977,1.0500000000000682,8.450000000000045,19.37857142857145,1482777.95,No Signal
529,2024-08-23T00:00:00+05:30,554.05,560.8,547.0,548.35,977115,3.6375461216285356,557.1998097863504,561.0114556777958,-3.8116458914453233,-0.7748383363506477,13.799999999999955,8.0,5.7999999999999545,13.799999999999955,19.20000000000002,1493127.75,No Signal
530,2024-08-26T00:00:00+05:30,553.35,560.0,544.0,547.1,1583358,3.717935224492945,555.6459928961427,559.9809774794405,-4.334984583297796,-1.4868675857400775,16.0,11.649999999999977,4.350000000000023,16.0,18.132142857142874,1480063.8,No Signal
531,2024-08-27T00:00:00+05:30,549.85,555.5,546.8,548.85,482197,3.6842927551331304,554.6004555275053,559.1564606291116,-4.556005101606274,-2.100695088913317,8.700000000000045,8.399999999999977,0.3000000000000682,8.700000000000045,16.585714285714307,1363582.1,No Signal
532,2024-08-28T00:00:00+05:30,550.0,576.0,547.0,567.95,2199296,3.2503555427359556,556.6542316001968,559.8078339158441,-3.1536023156472766,-2.3112765342601094,29.0,27.149999999999977,1.8500000000000227,29.0,17.70000000000002,1348161.1,No Signal
533,2024-08-29T00:00:00+05:30,567.95,575.0,548.5,561.5,1414580,2.705270630637341,557.3997344309357,559.9331795517074,-2.5334451207717166,-2.355710251562431,26.5,7.0499999999999545,19.450000000000045,26.5,18.382142857142874,1327503.75,No Signal
534,2024-08-30T00:00:00+05:30,564.0,575.7,557.0,567.3,1159804,2.299026091274824,558.9228522107918,560.4788699552846,-1.5560177444928058,-2.195771750148506,18.700000000000045,14.200000000000045,4.5,18.700000000000045,17.860714285714305,1317950.95,No Signal
535,2024-09-02T00:00:00+05:30,565.3,567.9,551.7,555.85,1760182,1.804849191909897,558.4501057168238,560.1359906993376,-1.6858849825138122,-2.0937943966215675,16.199999999999932,0.6000000000000227,15.599999999999909,16.199999999999932,17.189285714285727,1337901.6,No Signal
536,2024-09-03T00:00:00+05:30,556.0,558.4,548.3,550.05,751120,1.5749867704591671,557.1577817603894,559.3888802771645,-2.2310985167750914,-2.1212552206522726,10.100000000000023,2.5499999999999545,7.550000000000068,10.100000000000023,16.575000000000014,1245104.25,No Signal
537,2024-09-04T00:00:00+05:30,547.0,552.05,534.15,536.05,2182125,1.7878285377082113,553.9104307203295,557.6600743307079,-3.749643610378371,-2.4469328985974923,17.899999999999977,2.0,15.899999999999977,17.899999999999977,15.785714285714294,1263120.35,No Signal
538,2024-09-05T00:00:00+05:30,541.9,574.3,523.0,551.0,3752194,1.6381813918087587,553.4626721479711,557.1667354913961,-3.704063343424991,-2.698358987562992,51.299999999999955,38.25,13.049999999999955,51.299999999999955,18.20357142857143,1387278.6,No Signal
539,2024-09-06T00:00:00+05:30,551.0,554.7,519.55,523.45,5551466,2.173202866510397,548.8453379713602,554.6691995290705,-5.823861557710302,-3.3234595015924544,35.15000000000009,3.7000000000000455,31.450000000000045,35.15000000000009,19.76785714285715,1623660.1,Sell
540,2024-09-09T00:00:00+05:30,526.0,528.0,513.0,523.0,974521,2.2297814746375257,544.8691321296125,552.3233328972875,-7.454200767675047,-4.149607754808973,15.0,4.5499999999999545,10.450000000000045,15.0,19.76785714285715,1600478.75,Sell
541,2024-09-10T00:00:00+05:30,525.15,526.9,516.0,518.9,1647980,2.583824488584491,540.873881032749,549.8475304604514,-8.973649427702412,-5.114416089387661,10.899999999999977,3.8999999999999773,7.0,10.899999999999977,19.83571428571429,1619907.0,Sell
542,2024-09-11T00:00:00+05:30,519.85,523.4,506.8,510.0,3134860,3.1124062287622665,536.1240531815569,546.895861537455,-10.771808355898088,-6.245894542689747,16.599999999999966,4.5,12.099999999999966,16.599999999999966,20.41785714285714,1724005.65,Sell
543,2024-09-12T00:00:00+05:30,514.8,525.0,514.7,520.05,1579837,3.2434197728013308,533.6511219228559,544.9072792013471,-11.256157278491287,-7.247947089850055,10.299999999999955,15.0,4.7000000000000455,15.0,20.50357142857143,1689819.85,Sell
544,2024-09-13T00:00:00+05:30,525.4,525.4,518.8,520.05,1184919,3.3985483278270627,531.5586416270319,543.0659992605066,-11.507357633474726,-8.099829198574989,6.600000000000023,5.350000000000023,1.25,6.600000000000023,19.83214285714286,1712355.15,Sell
545,2024-09-16T00:00:00+05:30,525.65,525.65,516.0,519.9,1290841,3.5254668351834946,529.7650044536423,541.3499993152839,-11.584994861641576,-8.796862331188306,9.649999999999977,5.600000000000023,4.0499999999999545,9.649999999999977,19.9,1734660.9,Sell
546,2024-09-17T00:00:00+05:30,520.0,521.6,514.35,519.75,556829,3.559380296147253,528.2242345376973,539.7499993660036,-11.525764828306365,-9.342642830611918,7.25,1.7000000000000455,5.5499999999999545,7.25,18.346428571428568,1730569.75,No Signal
547,2024-09-18T00:00:00+05:30,519.0,522.65,504.15,505.05,3049464,3.9177931471634104,524.6589676857438,537.1796290425959,-12.520661356852088,-9.978246535859952,18.5,2.8999999999999773,15.600000000000023,18.5,17.775,1827474.2,No Signal
548,2024-09-19T00:00:00+05:30,507.5,512.95,505.0,509.3,1094796,4.00171498540833,522.2960495802448,535.114471335737,-12.818421755492182,-10.546281579786399,7.9500000000000455,7.900000000000034,0.05000000000001137,7.9500000000000455,17.007142857142856,1816374.2,No Signal
549,2024-09-20T00:00:00+05:30,508.8,514.75,505.0,509.5,2124662,4.102724829239992,520.3274265678995,533.2171030886453,-12.889676520745866,-11.014960567978292,9.75,5.449999999999989,4.300000000000011,9.75,16.546428571428574,1873751.55,No Signal
550,2024-09-23T00:00:00+05:30,510.0,539.35,510.0,536.85,2929528,3.850195348809185,522.8693609420687,533.4862065635605,-10.616845621491734,-10.935337578680981,29.350000000000023,29.850000000000023,0.5,29.850000000000023,17.95714285714286,1941060.05,No Signal
551,2024-09-24T00:00:00+05:30,536.85,536.85,526.65,528.7,699650,3.845345488475315,523.7663823355966,533.1316727440375,-9.365290408440842,-10.621328144632955,10.200000000000045,0.0,10.200000000000045,10.200000000000045,17.407142857142865,1951932.7,No Signal
552,2024-09-25T00:00:00+05:30,528.8,531.3,519.2,526.2,918389,3.510431040705212,524.1407850531972,532.6182155037384,-8.477430450541192,-10.192548605814602,12.099999999999909,2.599999999999909,9.5,12.099999999999909,14.607142857142861,1887887.35,No Signal
553,2024-09-26T00:00:00+05:30,525.0,534.35,519.75,532.65,2898448,3.175090802451503,525.449895045013,532.6205699108689,-7.170674865855858,-9.588173857822854,14.600000000000023,8.149999999999977,6.4500000000000455,14.600000000000023,13.139285714285714,1962080.75,No Signal
554,2024-09-27T00:00:00+05:30,536.9,541.8,529.25,539.45,1665535,2.687076414569363,527.6037573457803,533.1264536211748,-5.522696275394537,-8.77507834133719,12.549999999999955,9.149999999999977,3.3999999999999773,12.549999999999955,12.96428571428571,1987367.3,No Signal
555,2024-09-30T00:00:00+05:30,536.5,538.95,517.7,524.05,2533991,2.4392084761160113,527.0570254464295,532.4541237233101,-5.39709827688057,-8.099482328445866,21.25,0.5,21.75,21.75,13.739285714285712,2026057.75,No Signal
556,2024-10-01T00:00:00+05:30,522.95,529.85,521.6,527.1,448248,2.1605581367774787,527.0636369162096,532.0575219660278,-4.993885049818232,-7.478362872720339,8.25,5.800000000000068,2.449999999999932,8.25,13.142857142857142,2010914.15,No Signal
557,2024-10-03T00:00:00+05:30,517.0,528.5,513.7,515.95,1327525,2.162642909542033,525.3538466214081,530.8643721907665,-5.510525569358379,-7.0847954120479475,14.799999999999955,1.3999999999999773,13.399999999999977,14.799999999999955,13.128571428571425,1968184.15,No Signal
558,2024-10-04T00:00:00+05:30,519.0,538.0,507.5,523.35,2218975,1.7235798740340682,525.0455625258069,530.3077520284875,-5.262189502680599,-6.7202742301744784,30.5,22.049999999999955,8.450000000000045,30.5,14.83571428571428,1891523.2,No Signal
559,2024-10-07T00:00:00+05:30,531.1,531.1,510.4,518.65,1243472,1.7418563782648278,524.0616298295289,529.4442148411921,-5.3825850116631955,-6.452736386472222,20.700000000000045,7.75,12.950000000000045,20.700000000000045,15.625,1676123.5,No Signal
560,2024-10-08T00:00:00+05:30,518.55,530.5,510.95,528.9,1047868,1.7363312302630514,524.8059944711398,529.4039026307335,-4.597908159593658,-6.081770741096509,19.55000000000001,11.850000000000023,7.699999999999989,19.55000000000001,16.50357142857143,1679790.85,No Signal
561,2024-10-09T00:00:00+05:30,525.15,534.45,520.8,527.9,877141,1.7538035146685278,525.2819953217337,529.2925024358643,-4.0105071141306325,-5.667518015703334,13.650000000000091,5.550000000000068,8.100000000000023,13.650000000000091,16.157142857142865,1641248.9,No Signal
562,2024-10-10T00:00:00+05:30,527.9,530.55,521.75,523.95,371064,1.6810645116423681,525.0770729645438,528.8967615146892,-3.8196885501453153,-5.297952122591731,8.799999999999955,2.6499999999999773,6.149999999999977,8.799999999999955,16.217857142857145,1503059.1,No Signal
563,2024-10-11T00:00:00+05:30,520.05,528.7,520.05,524.55,333571,1.6756650292694988,524.9959848161525,528.5747791802677,-3.578794364115197,-4.954120570896424,8.650000000000091,4.75,3.900000000000091,8.650000000000091,16.139285714285723,1440745.8,Buy
564,2024-10-14T00:00:00+05:30,525.05,529.95,521.95,525.3,398039,1.6700003841556035,525.0427563828982,528.3322029446923,-3.2894465617940796,-4.6211857690759555,8.0,5.400000000000091,2.599999999999909,8.0,14.578571428571435,1401401.8,No Signal
565,2024-10-15T00:00:00+05:30,527.0,527.0,517.85,519.9,593309,1.6873460315386395,524.2515630932215,527.7075953191595,-3.4560322259379745,-4.3881550604483595,9.149999999999977,1.7000000000000455,7.449999999999932,9.149999999999977,14.50357142857143,1366525.2,No Signal
566,2024-10-16T00:00:00+05:30,520.4,530.9,511.5,518.45,1788979,1.6984018360421997,523.3590149250336,527.0218475177403,-3.66283259270665,-4.243090566900018,19.399999999999977,11.0,8.399999999999977,19.399999999999977,15.025000000000006,1428132.7,No Signal
567,2024-10-17T00:00:00+05:30,519.85,522.9,511.25,512.8,901930,1.5801601939808179,521.7345510904131,525.968377331241,-4.233826240827852,-4.241237701685585,11.649999999999977,4.449999999999932,7.2000000000000455,11.649999999999977,14.814285714285717,1320756.0,No Signal
568,2024-10-18T00:00:00+05:30,512.5,522.0,507.4,518.65,569461,1.4413329785402809,521.2600047688111,525.4262753067046,-4.166270537893524,-4.226244268927173,14.600000000000023,9.200000000000045,5.399999999999977,14.600000000000023,14.960714285714293,1294489.25,No Signal
569,2024-10-21T00:00:00+05:30,521.0,527.95,509.05,512.3,752975,1.4070389461035178,519.8815424966863,524.4539586173191,-4.572416120632852,-4.2954786392683095,18.900000000000034,9.300000000000068,9.599999999999966,18.900000000000034,14.757142857142867,1225904.9,No Signal
570,2024-10-22T00:00:00+05:30,515.45,516.0,500.05,503.85,1488448,1.5722358357844364,517.41515134335,522.9277394604807,-5.51258811713069,-4.538900534840786,15.949999999999989,3.7000000000000455,12.249999999999943,15.949999999999989,15.307142857142866,1153850.9,Sell
571,2024-10-23T00:00:00+05:30,503.0,509.6,492.8,500.9,1515443,1.8258124672898435,514.8743588289884,521.2960550560006,-6.4216962270121485,-4.915459673275059,16.80000000000001,5.75,11.050000000000011,16.80000000000001,15.450000000000014,1194640.55,Sell
572,2024-10-24T00:00:00+05:30,504.5,507.85,499.0,500.8,547736,2.023023588707627,512.7090728552979,519.7778287555561,-7.068755900258225,-5.346118918671692,8.850000000000023,6.9500000000000455,1.8999999999999773,8.850000000000023,13.903571428571443,1176107.9,No Signal
573,2024-10-25T00:00:00+05:30,504.8,504.8,487.35,498.5,655297,2.15478585659266,510.52306164679055,518.2016932921816,-7.678631645391079,-5.81262146401557,17.44999999999999,4.0,13.449999999999989,17.44999999999999,13.671428571428581,1063950.35,No Signal
574,2024-10-28T00:00:00+05:30,501.0,560.5,496.25,551.45,8107810,2.2160779464423372,516.8195137011305,520.664530826094,-3.845017124963533,-5.419100596205163,64.25,62.0,2.25,64.25,16.864285714285725,1386064.1,Buy
575,2024-10-29T00:00:00+05:30,545.0,584.95,537.2,581.0,7481179,3.185746302844403,526.6934346701873,525.133824838976,1.5596098312113327,-4.023358510721864,47.75,33.5,14.25,47.75,19.300000000000004,1633423.5,Buy
576,2024-10-30T00:00:00+05:30,568.25,597.0,568.25,588.1,3545531,4.035459716866557,536.1405985670816,529.7979859620149,6.3426126050667335,-1.9501642875641445,28.75,16.0,12.75,28.75,20.725000000000005,1788287.65,Buy
577,2024-10-31T00:00:00+05:30,577.0,595.7,577.0,592.55,1575038,4.730022900748042,544.8189680182999,534.4462832981619,10.372684720137954,0.5144055139762752,18.700000000000045,7.600000000000023,11.100000000000023,18.700000000000045,21.442857142857147,1800663.3,Buy
578,2024-11-01T00:00:00+05:30,592.6,594.45,578.0,585.3,153263,5.2473109067681625,551.0468190924075,538.2132252760758,12.8335938163317,2.9782431744473605,16.450000000000045,1.900000000000091,14.549999999999955,16.450000000000045,22.046428571428578,1697377.7,Buy
579,2024-11-04T00:00:00+05:30,589.45,596.85,564.3,571.5,1833362,5.561912750322625,554.1934623089602,540.6789122926629,13.514550016297335,5.085504542817356,32.55000000000007,11.550000000000068,21.0,32.55000000000007,23.717857142857156,1726872.2,Buy
580,2024-11-05T00:00:00+05:30,568.5,587.4,568.5,576.45,1925018,5.743665997862965,557.6175450306587,543.3286224932064,14.288922537452322,6.926188141744349,18.899999999999977,15.899999999999977,3.0,18.899999999999977,23.68214285714287,1770729.7,Buy
581,2024-11-06T00:00:00+05:30,582.4,582.4,571.45,575.45,1339593,5.931842302208004,560.3609996413265,545.7079837900059,14.653015851320674,8.471553683659614,10.949999999999932,5.949999999999932,5.0,10.949999999999932,23.632142857142867,1793852.3,Buy
582,2024-11-07T00:00:00+05:30,575.45,585.95,573.4,574.7,1135396,6.060470296095692,562.5669996965071,547.8555405463018,14.711459150205314,9.719534776968755,12.550000000000068,10.5,2.050000000000068,12.550000000000068,23.485714285714298,1832068.9,Buy
583,2024-11-08T00:00:00+05:30,575.0,576.4,556.35,561.0,749703,6.210814747771597,562.3259228201214,548.8292042095387,13.496718610582661,10.474971543691538,20.049999999999955,1.6999999999999318,18.350000000000023,20.049999999999955,23.56785714285715,1852875.5,Buy
584,2024-11-11T00:00:00+05:30,550.05,571.0,550.05,566.6,759440,6.165594305452167,562.9834731554873,550.1455594532766,12.837913702210699,10.947559975395372,20.950000000000045,10.0,10.950000000000045,20.950000000000045,23.92500000000001,1870945.55,Buy
585,2024-11-12T00:00:00+05:30,563.0,574.0,559.0,564.0,426370,6.138816435381524,563.139861900797,551.1718143085894,11.96804759220754,11.151657498757805,15.0,7.399999999999977,7.600000000000023,15.0,23.79642857142858,1862598.6,Buy
586,2024-11-13T00:00:00+05:30,554.05,559.7,538.05,540.05,544053,6.294433015548584,559.5875754545204,550.3479762116568,9.239599242863619,10.769245847578969,21.65000000000009,4.2999999999999545,25.950000000000045,25.950000000000045,25.017857142857157,1800352.3,Sell
587,2024-11-14T00:00:00+05:30,536.0,549.5,533.05,536.95,483595,6.157611724551159,556.1048715384404,549.3555335293119,6.749338009128564,9.965264279888888,16.450000000000045,9.450000000000045,7.0,16.450000000000045,24.946428571428587,1779435.55,Sell
588,2024-11-18T00:00:00+05:30,539.0,539.75,520.3,527.85,2048986,6.188445873205314,551.7579682248343,547.7625310456591,3.9954371791751555,8.771298859746143,19.450000000000045,2.7999999999999545,16.65000000000009,19.450000000000045,21.74642857142859,1853411.8,Sell
589,2024-11-19T00:00:00+05:30,524.0,535.7,520.15,523.05,1297484,6.13478748433245,547.3413577287059,545.9319731904251,1.4093845382808468,7.298915995453084,15.550000000000068,7.850000000000023,7.7000000000000455,15.550000000000068,19.446428571428594,1880637.25,No Signal
590,2024-11-21T00:00:00+05:30,524.05,534.9,504.5,530.35,1716580,5.760098410656765,544.7273026935204,544.7777529540973,-0.050450260576894834,5.829042744247088,30.399999999999977,11.850000000000023,18.549999999999955,30.399999999999977,19.564285714285738,1892043.85,No Signal
591,2024-11-22T00:00:00+05:30,530.35,536.95,525.3,531.6,871025,5.367455169383787,542.7077176637481,543.8016231056457,-1.0939054418976184,4.444453107018147,11.650000000000091,6.600000000000023,5.050000000000068,11.650000000000091,19.06071428571431,1859822.95,No Signal
592,2024-11-25T00:00:00+05:30,539.0,598.0,539.0,564.85,7130553,4.55343229364299,546.114222638556,545.3607621348572,0.7534605036988751,3.706254586354293,59.0,66.39999999999998,7.399999999999977,66.39999999999998,22.62857142857145,2188963.8,Sell
593,2024-11-26T00:00:00+05:30,568.0,568.25,559.2,562.15,757777,3.863507412556903,548.5812653095475,546.604409384127,1.9768559254204092,3.3603748541675165,9.049999999999955,3.3999999999999773,5.649999999999977,9.049999999999955,20.950000000000014,2194087.8,No Signal
594,2024-11-27T00:00:00+05:30,560.85,565.95,557.15,559.5,640134,3.8644257891851503,550.2610706465401,547.5596383186362,2.7014323279039445,3.2285863489148023,8.800000000000068,3.800000000000068,5.0,8.800000000000068,20.22857142857145,1820704.0,No Signal
595,2024-11-28T00:00:00+05:30,561.65,578.7,556.75,573.05,2598208,3.7166582768416037,553.7670597778416,549.4478132579965,4.319246519845137,3.4467183831008694,21.950000000000045,19.200000000000045,2.75,21.950000000000045,21.01428571428574,1576555.45,No Signal
596,2024-11-29T00:00:00+05:30,578.0,592.5,568.15,574.3,2166791,3.5799014561225273,556.9259736581737,551.2887159796263,5.637257678547371,3.88482624219017,24.350000000000023,19.450000000000045,4.899999999999977,24.350000000000023,21.857142857142883,1507618.45,No Signal
597,2024-12-02T00:00:00+05:30,567.0,586.0,563.35,582.65,1188216,3.403341923428132,560.8835161723008,553.6117740552096,7.2717421170912075,4.5622094171703775,22.649999999999977,11.700000000000045,10.949999999999932,22.649999999999977,22.04285714285717,1488277.35,No Signal
598,2024-12-03T00:00:00+05:30,582.65,590.7,574.55,579.9,1783525,3.360476167346787,563.8091290688699,555.55905005112,8.25007901774984,5.299783337286271,16.15000000000009,8.050000000000068,8.100000000000023,16.15000000000009,21.700000000000028,1569790.45,No Signal
599,2024-12-04T00:00:00+05:30,582.6,615.15,578.95,604.1,5132097,3.6134033059289083,570.007724596736,559.1546759732593,10.853048623476752,6.410436394524368,36.19999999999993,35.25,0.9499999999999318,36.19999999999993,23.21428571428574,1734727.2,Buy
600,2024-12-05T00:00:00+05:30,605.0,606.55,588.8,599.35,2377873,3.8819539330141115,574.5219208126227,562.1321073826475,12.38981342997522,7.606311801614538,17.75,2.449999999999932,15.300000000000068,17.75,22.62857142857145,1757369.95,Buy
601,2024-12-06T00:00:00+05:30,600.0,608.0,587.75,594.4,2037375,4.075941339926418,577.58008684145,564.5223216505996,13.057765190850432,8.696602479461717,20.25,8.649999999999977,11.600000000000023,20.25,22.900000000000016,1792259.05,Buy
602,2024-12-09T00:00:00+05:30,594.4,603.25,591.4,597.7,2038776,4.242190640056857,580.6754580966116,566.9799274542588,13.695530642352765,9.696388112039926,11.850000000000023,8.850000000000023,3.0,11.850000000000023,22.357142857142872,1837428.05,Buy
603,2024-12-10T00:00:00+05:30,598.65,603.9,590.25,596.85,1464751,4.423635980671426,583.1638491586714,569.19252542061,13.971323738061415,10.551375237244224,13.649999999999977,6.199999999999932,7.4500000000000455,13.649999999999977,22.221428571428582,1873180.45,Buy
604,2024-12-10T00:00:00+05:30,598.65,603.9,590.25,596.85,1464751,4.577619789072041,585.2694108265681,571.2412272413055,14.028183585262582,11.246736906847897,13.649999999999977,7.0499999999999545,6.600000000000023,13.649999999999977,21.02500000000001,1908446.0,No Signal
605,2024-12-11T00:00:00+05:30,598.4,602.55,581.0,583.15,1115407,4.723726641812582,584.9433476224807,572.1233585567644,12.8199890657163,11.561387338621577,21.549999999999955,5.699999999999932,15.850000000000023,21.549999999999955,21.732142857142858,1942897.85,No Signal
606,2024-12-12T00:00:00+05:30,584.85,585.75,574.0,577.65,842844,4.64238315512073,583.8212941420991,572.5327394044115,11.288554737687605,11.506820818434782,11.75,2.6000000000000227,9.149999999999977,11.75,17.82857142857143,1957837.4,No Signal
607,2024-12-13T00:00:00+05:30,577.65,581.5,558.05,572.85,983789,4.482608441568007,582.1334027356223,572.5562401892698,9.577162546352497,11.120889164018326,23.450000000000045,3.8500000000000227,19.600000000000023,23.450000000000045,18.857142857142865,1982847.1,No Signal
608,2024-12-16T00:00:00+05:30,572.85,590.2,572.7,582.35,1301861,4.0522338610388635,582.1667253916804,573.2817038789535,8.885021512726894,10.67371563376004,17.5,17.350000000000023,0.14999999999997726,17.5,19.47857142857143,1945490.85,No Signal
609,2024-12-17T00:00:00+05:30,583.0,583.45,564.05,565.7,1130337,3.612359234514325,579.6333830237296,572.7200961842162,6.9132868395133755,9.921629874910707,19.40000000000009,1.1000000000000227,18.300000000000068,19.40000000000009,19.296428571428578,1937133.5,No Signal
610,2024-12-18T00:00:00+05:30,566.75,567.9,553.5,555.4,807472,3.2577241699313357,575.9051702508481,571.4371260964965,4.46804415435156,8.830912730798877,14.399999999999977,2.199999999999932,12.200000000000045,14.399999999999977,18.58571428571429,1891678.1,No Signal
611,2024-12-19T00:00:00+05:30,553.0,558.9,543.25,554.6,1282516,2.805942187553668,572.6274517507176,570.1899315708301,2.4375201798874286,7.552234220616588,15.649999999999977,3.5,12.149999999999977,15.649999999999977,18.08571428571429,1912252.65,No Signal
612,2024-12-20T00:00:00+05:30,559.8,559.8,535.2,537.15,1210214,3.3375717083074576,567.1693822506072,567.7425292322501,-0.5731469816429353,5.927157980164683,24.59999999999991,5.199999999999932,19.399999999999977,24.59999999999991,18.689285714285706,1616235.7,No Signal
613,2024-12-23T00:00:00+05:30,535.0,553.0,529.0,537.6,1158043,3.678910808009496,562.6202465197446,565.5097492891205,-2.889502769375895,4.163825830256568,24.0,15.850000000000023,8.149999999999977,24.0,17.81785714285714,1636249.0,No Signal
614,2024-12-24T00:00:00+05:30,540.4,542.7,535.25,541.15,845710,3.8778168252943424,559.3171316705531,563.7053234158523,-4.388191745299196,2.4534223151454153,7.4500000000000455,5.100000000000023,2.3500000000000227,7.4500000000000455,17.082142857142856,1646527.8,No Signal
615,2024-12-26T00:00:00+05:30,539.25,551.75,538.3,543.8,1929861,4.071365082989075,556.9298806443142,562.230855014678,-5.3009743703638605,0.9025429780435601,13.450000000000045,10.600000000000023,2.8500000000000227,13.450000000000045,16.59642857142857,1613110.45,No Signal
616,2024-12-27T00:00:00+05:30,543.9,552.45,538.0,547.2,1487382,4.190051453705857,555.4329759298043,561.1174583469241,-5.684482417119739,-0.41486210098909976,14.450000000000045,8.650000000000091,5.7999999999999545,14.450000000000045,16.782142857142862,1579140.0,No Signal
617,2024-12-30T00:00:00+05:30,546.75,564.0,528.2,530.95,2635407,4.629556545594647,551.666364248296,558.8828318027075,-7.216467554411565,-1.775183191673593,35.799999999999955,16.799999999999955,19.0,35.799999999999955,18.364285714285717,1651499.55,No Signal
618,2024-12-31T00:00:00+05:30,532.0,536.05,525.7,529.95,2801646,4.9081643467013025,548.3253851331735,556.739659076581,-8.414273943407466,-3.103001342020368,10.349999999999909,5.099999999999909,5.25,10.349999999999909,18.128571428571426,1702405.6,No Signal
619,2025-01-01T00:00:00+05:30,529.0,533.95,513.8,517.55,3247670,5.174107463767133,543.5907104973007,553.8367213672046,-10.246010869903898,-4.531603247597074,20.15000000000009,4.0,16.15000000000009,20.15000000000009,18.028571428571436,1608184.25,No Signal
620,2025-01-02T00:00:00+05:30,519.0,529.6,511.7,523.35,2763635,5.112768277551215,540.4767550361776,551.5784457103747,-11.10169067419713,-5.8456207329170855,17.900000000000034,12.050000000000068,5.849999999999966,17.900000000000034,18.467857142857152,1627472.35,No Signal
621,2025-01-03T00:00:00+05:30,525.65,532.5,523.35,524.35,827889,5.055065696017162,537.9957157998425,549.5615238059025,-11.565808006060024,-6.989658187545674,9.149999999999977,9.149999999999977,0.0,9.149999999999977,17.446428571428577,1566998.05,No Signal
622,2025-01-06T00:00:00+05:30,518.75,520.8,503.45,509.8,3155040,5.194545025718308,533.6579133690975,546.616225746206,-12.958312377108541,-8.183389025458247,17.349999999999966,3.550000000000068,20.900000000000034,20.900000000000034,17.68928571428572,1622811.25,No Signal
623,2025-01-07T00:00:00+05:30,511.0,515.8,507.7,511.35,1458405,5.015896379437675,530.2259266969287,544.0039127279686,-13.777986031039859,-9.30230842657457,8.099999999999966,5.999999999999943,2.1000000000000227,8.099999999999966,16.882142857142856,1622493.95,No Signal
624,2025-01-08T00:00:00+05:30,510.1,512.6,503.55,507.5,1104890,4.78404902419918,526.7296302820166,541.2999191925635,-14.570288910546878,-10.355904523369032,9.050000000000011,1.25,7.800000000000011,9.050000000000011,16.5,1604500.9,No Signal
625,2025-01-09T00:00:00+05:30,507.8,509.45,497.05,500.35,1083498,4.810981916215673,522.6712256232448,538.2665918449662,-15.595366221721406,-11.403796863039508,12.399999999999977,1.9499999999999886,10.449999999999989,12.399999999999977,16.267857142857142,1602905.45,No Signal
626,2025-01-10T00:00:00+05:30,503.9,503.9,486.65,492.4,2425062,4.940385845048813,518.0141139888995,534.8690665231169,-16.854952534217432,-12.494027997275094,17.25,3.5499999999999545,13.700000000000045,17.25,15.742857142857149,1682016.35,No Signal
627,2025-01-13T00:00:00+05:30,492.0,492.0,473.9,475.8,1613667,5.434331249781868,511.5196349136842,530.4935801139972,-18.973945200312983,-13.790011437882672,18.100000000000023,0.39999999999997726,18.5,18.5,15.350000000000007,1713510.25,No Signal
628,2025-01-14T00:00:00+05:30,483.0,510.0,480.05,505.8,3151183,4.573016330721666,510.63969108080965,528.6644260314788,-18.024734950669142,-14.636956140439967,29.94999999999999,34.19999999999999,4.25,34.19999999999999,17.26071428571429,1805976.35,No Signal
629,2025-01-14T00:00:00+05:30,483.0,510.0,480.05,505.8,3151183,4.247206206973042,509.89512322222356,526.9707648439619,-17.075641621738328,-15.12469323669964,29.94999999999999,4.199999999999989,25.75,29.94999999999999,18.439285714285713,1907018.65,Sell
630,2025-01-15T00:00:00+05:30,505.9,511.8,500.05,502.85,840964,4.066272217808888,508.81125811111224,525.1840415221869,-16.372783411074693,-15.374311271574651,11.75,6.0,5.75,11.75,18.246428571428567,1908693.25,Sell
631,2025-01-16T00:00:00+05:30,509.6,528.9,509.4,527.35,2360356,3.5772309176995485,511.6633722478642,525.3444828909138,-13.681110643049635,-15.03567114586965,19.5,26.049999999999955,6.5499999999999545,26.049999999999955,17.549999999999994,1962585.25,Buy
632,2025-01-17T00:00:00+05:30,525.95,528.45,519.5,524.45,886514,3.5114403556386695,513.6305457481927,525.2782248989943,-11.647679150801537,-14.358072746856028,8.950000000000045,1.1000000000000227,7.850000000000023,8.950000000000045,17.450000000000006,1946400.25,Buy
633,2025-01-20T00:00:00+05:30,523.15,535.75,521.9,532.2,899455,3.4104537364309033,516.4873848638554,525.7909489805503,-9.303564116694929,-13.347171020823808,13.850000000000023,11.299999999999955,2.550000000000068,13.850000000000023,17.0,1933470.85,No Signal
634,2025-01-21T00:00:00+05:30,533.0,533.8,522.3,525.3,1312324,3.3129987737131805,517.8431718078776,525.7545823893984,-7.911410581520727,-12.260018932963192,11.5,1.599999999999909,9.900000000000091,11.5,16.54285714285714,1956801.55,No Signal
635,2025-01-22T00:00:00+05:30,525.3,527.6,512.1,521.2,621153,3.1199560068740575,518.359606914358,525.4172059161097,-7.057599001751669,-11.219534946720888,15.5,2.300000000000068,13.199999999999932,15.5,16.99642857142857,1891366.15,No Signal
636,2025-01-23T00:00:00+05:30,523.5,528.75,514.1,516.7,547154,2.8049267299592984,518.1042827736875,524.7714869593608,-6.667204185673313,-10.309068794511374,14.649999999999977,7.5499999999999545,7.100000000000023,14.649999999999977,16.549999999999994,1844354.75,No Signal
637,2025-01-24T00:00:00+05:30,516.7,519.95,498.1,501.25,781339,2.8350503758222922,515.5113161931201,523.0291545920007,-7.517838398880599,-9.750822715385219,21.850000000000023,3.25,18.600000000000023,21.850000000000023,17.532142857142855,1751651.35,Buy
638,2025-01-27T00:00:00+05:30,500.25,502.65,486.0,498.55,2717294,2.7969515145077914,512.9018829326401,521.2158838814821,-8.314000948842022,-9.46345836207658,16.649999999999977,1.3999999999999773,15.25,16.649999999999977,18.074999999999996,1747433.75,Buy
639,2025-01-28T00:00:00+05:30,506.4,523.0,496.2,514.15,2681319,2.700231374369999,513.0939009430032,520.6924850754464,-7.598584132443193,-9.090483516149902,26.80000000000001,24.44999999999999,2.3500000000000227,26.80000000000001,19.103571428571428,1719116.2,Buy
640,2025-01-29T00:00:00+05:30,518.0,553.75,510.55,544.75,5282493,2.8639697352345093,517.964070028695,522.4745232180059,-4.5104531893108515,-8.174477450782092,43.19999999999999,39.60000000000002,3.599999999999966,43.19999999999999,20.957142857142856,1845059.1,Buy
641,2025-01-30T00:00:00+05:30,550.0,560.7,541.95,545.85,3276234,3.1425885470128208,522.2542131012035,524.2060400166721,-1.9518269154685868,-6.929947343719391,18.75,15.950000000000045,2.7999999999999545,18.75,20.974999999999998,1967476.35,Buy
642,2025-01-31T00:00:00+05:30,545.85,561.3,540.4,555.75,1745735,3.52384270910329,527.4074110856337,526.5426296450668,0.8647814405669578,-5.371001586862121,20.899999999999977,15.449999999999932,5.4500000000000455,20.899999999999977,20.025,1897011.1,Buy
643,2025-02-01T00:00:00+05:30,555.0,559.8,528.75,535.35,1658596,3.7448355578139894,528.6293478416901,527.1950274491359,1.4343203925542412,-4.009937190978849,31.049999999999955,4.0499999999999545,27.0,31.049999999999955,20.103571428571424,1907020.65,Buy
644,2025-02-03T00:00:00+05:30,537.45,537.45,511.5,520.4,1732837,3.8325823238140377,527.363294327584,526.6916920825332,0.6716022450507353,-3.073629303772932,25.950000000000045,2.1000000000000227,23.850000000000023,25.950000000000045,21.11785714285714,1938418.0,Buy
645,2025-02-04T00:00:00+05:30,523.0,543.6,523.0,540.25,2173783,3.7303466845997906,529.3458644310326,527.6960111875308,1.649853243501866,-2.1289327943179726,20.600000000000023,23.200000000000045,2.6000000000000227,23.200000000000045,20.914285714285718,1992932.25,Buy
646,2025-02-05T00:00:00+05:30,540.45,552.4,535.55,540.2,1606812,3.6322795798501084,531.015731441643,528.622232581047,2.393498860595969,-1.2244464633351844,16.850000000000023,12.149999999999977,4.7000000000000455,16.850000000000023,21.47857142857143,1952019.75,Buy
647,2025-02-06T00:00:00+05:30,545.75,555.0,542.1,547.9,1658355,3.1432294128120306,533.6133112198518,530.0502153528213,3.5630958670304835,-0.26693799726205086,12.899999999999977,14.799999999999955,1.8999999999999773,14.799999999999955,21.54642857142857,1954254.15,Buy
648,2025-02-07T00:00:00+05:30,549.9,552.6,539.45,543.35,1678959,3.1341615390066293,535.1112633398745,531.0353845859456,4.075878753928919,0.6016253529761431,13.149999999999977,4.7000000000000455,8.449999999999932,13.149999999999977,21.66428571428571,1880642.95,Buy
649,2025-02-10T00:00:00+05:30,543.25,543.25,521.95,524.5,621353,3.1060391542210652,533.4787612875862,530.5512820240237,2.927479263562418,1.066796135093398,21.299999999999955,0.10000000000002274,21.399999999999977,21.399999999999977,22.085714285714282,1754151.45,Buy
650,2025-02-11T00:00:00+05:30,527.0,527.0,511.35,513.55,670884,3.033372760239543,530.4127980125729,529.291927800022,1.1208702125509262,1.0776109505849039,15.649999999999977,2.5,13.149999999999977,15.649999999999977,22.15714285714285,1745647.45,Buy
651,2025-02-12T00:00:00+05:30,513.5,523.0,500.65,518.35,1463147,3.0378113273246283,528.5569829337155,528.48141462965,0.07556830406554127,0.8772024212810314,22.350000000000023,9.450000000000045,12.899999999999977,22.350000000000023,22.19285714285714,1700787.0,Sell
652,2025-02-13T00:00:00+05:30,521.35,527.9,517.3,519.9,823716,3.0459970205018694,527.2251394054516,527.8457542867129,-0.6206148812613037,0.5776389607725644,10.600000000000023,9.549999999999955,1.0500000000000682,10.600000000000023,21.760714285714283,1697647.1,Sell
653,2025-02-14T00:00:00+05:30,520.0,524.9,500.95,508.45,1059253,3.22223558578689,524.3366564199976,526.4090317469564,-2.072375326958877,0.04763610322627611,23.94999999999999,5.0,18.94999999999999,23.94999999999999,21.557142857142853,1705637.0,Sell
654,2025-02-17T00:00:00+05:30,509.95,519.7,496.8,517.55,889502,3.1903349768440155,523.2925554323056,525.7528071731078,-2.4602517408022777,-0.45394146557943466,22.900000000000034,11.250000000000057,11.649999999999977,22.900000000000034,20.107142857142858,1684495.9,No Signal
655,2025-02-18T00:00:00+05:30,520.0,520.0,505.1,518.75,1206413,3.1925170930675413,522.5937007504124,525.2340807158406,-2.640379965428224,-0.8912291655491925,14.899999999999977,2.4500000000000455,12.449999999999932,14.899999999999977,19.832142857142856,1713758.9,No Signal
656,2025-02-19T00:00:00+05:30,517.8,527.9,510.6,525.95,767980,3.119719457609865,523.1100544811181,525.2871117739265,-2.1770572928083993,-1.148394791001034,17.299999999999955,9.149999999999977,8.149999999999977,17.299999999999955,19.574999999999996,1724800.2,No Signal
657,2025-02-20T00:00:00+05:30,524.0,531.5,518.5,525.65,885281,2.907218506360598,523.5008153301769,525.3139923832654,-1.8131770530884523,-1.2813512434185177,13.0,5.5499999999999545,7.4500000000000455,13.0,18.285714285714285,1729997.3,No Signal
658,2025-02-21T00:00:00+05:30,525.0,535.0,514.1,516.1,973629,2.702994879550142,522.3622283563036,524.6314744289494,-2.269246072645842,-1.4789302092639827,20.899999999999977,9.350000000000023,11.549999999999955,20.899999999999977,17.924999999999994,1642814.05,No Signal
659,2025-02-24T00:00:00+05:30,510.3,530.0,508.45,528.15,1412080,2.5597066723564645,523.2526547630262,524.892105952731,-1.6394511897048005,-1.5110344053521463,21.55000000000001,13.899999999999977,7.650000000000034,21.55000000000001,17.80714285714285,1579352.1,No Signal
660,2025-02-24T00:00:00+05:30,510.3,530.0,508.45,528.15,1412080,2.468385675489293,524.0060924917914,525.1334314377139,-1.1273389459224745,-1.434295313466212,21.55000000000001,1.8500000000000227,19.69999999999999,21.55000000000001,18.142857142857135,1385831.45,No Signal
661,2025-02-25T00:00:00+05:30,528.15,528.15,518.3,522.0,757090,2.387773742762966,523.6974628776696,524.9013254052905,-1.2038625276209132,-1.3882087562971523,9.850000000000023,0.0,9.850000000000023,9.850000000000023,17.78928571428571,1259874.25,No Signal
