,Date,Open,High,Low,Close,Volume,Volatility,EMA12,EMA26,MACD,Signal Line,H-L,H-PC,L-PC,TR,ATR,Avg_Volume,Signal
0,2022-07-05T00:00:00+05:30,2994.95,3034.95,2946.85,2955.25,224292,,2955.25,2955.25,0.0,0.0,88.09999999999991,,,88.09999999999991,,,No Signal
1,2022-07-06T00:00:00+05:30,2960.0,3048.0,2935.0,3035.6,276003,,2967.6115384615387,2961.2018518518516,6.409686609687014,1.281937321937403,113.0,92.75,20.25,113.0,,,No Signal
2,2022-07-07T00:00:00+05:30,3070.0,3085.5,3020.2,3058.7,290028,,2981.6251479289945,2968.423936899863,13.201211029131628,3.665792063376248,65.30000000000018,49.90000000000009,15.400000000000091,65.30000000000018,,,No Signal
3,2022-07-08T00:00:00+05:30,3096.05,3129.0,3053.05,3121.9,369690,,3003.205894401457,2979.7925341665396,23.41336023491749,7.615305697684497,75.94999999999982,70.30000000000018,5.649999999999636,75.94999999999982,,,No Signal
4,2022-07-11T00:00:00+05:30,3090.0,3139.0,2996.0,3116.6,338794,,3020.6511414166175,2989.9264205245736,30.724720892043933,12.237188736556385,143.0,17.09999999999991,125.90000000000009,143.0,,,No Signal
5,2022-07-12T00:00:00+05:30,3097.0,3172.0,3065.0,3085.9,335796,,3030.6894273525227,2997.0355745597903,33.65385279273232,16.520521547791574,107.0,55.40000000000009,51.59999999999991,107.0,,,No Signal
6,2022-07-13T00:00:00+05:30,3108.0,3207.55,3085.0,3102.45,573396,,3041.7295154521344,3004.8440505183244,36.88546493381,20.59351022499526,122.55000000000018,121.65000000000009,0.900000000000091,122.55000000000018,,,No Signal
7,2022-07-14T00:00:00+05:30,3135.0,3135.0,3024.15,3050.55,385963,,3043.086513074883,3008.229676405856,34.85683666902696,23.446175513801602,110.84999999999991,32.55000000000018,78.29999999999973,110.84999999999991,,,No Signal
8,2022-07-15T00:00:00+05:30,3056.0,3120.0,3045.0,3092.75,442851,,3050.727049524901,3014.4904411165335,36.236608408367374,26.004262092714757,75.0,69.44999999999982,5.550000000000182,75.0,,,No Signal
9,2022-07-18T00:00:00+05:30,3150.0,3198.0,3076.0,3176.2,701645,,3070.0305803672236,3026.4689269597534,43.5616534074702,29.515740355665848,122.0,105.25,16.75,122.0,,,No Signal
10,2022-07-19T00:00:00+05:30,3152.0,3218.0,3136.25,3189.05,625978,,3088.3412603107276,3038.511969407179,49.829290903548554,33.57845046524239,81.75,41.80000000000018,39.94999999999982,81.75,,,No Signal
11,2022-07-20T00:00:00+05:30,3248.0,3429.0,3200.15,3406.35,1097545,,3137.2656818013847,3065.7592309325732,71.5064508688115,41.164050545956215,228.8499999999999,239.94999999999982,11.099999999999909,239.94999999999982,,,No Signal
12,2022-07-21T00:00:00+05:30,3427.9,3442.0,3371.0,3416.55,650160,,3180.232499985787,3091.7437323449753,88.4887676408116,50.6289939649273,71.0,35.65000000000009,35.34999999999991,71.0,,,No Signal
13,2022-07-22T00:00:00+05:30,3430.0,3448.0,3386.2,3422.25,383139,,3217.465961526435,3116.2256780971993,101.24028342923566,60.75125185778897,61.80000000000018,31.449999999999818,30.350000000000364,61.80000000000018,105.51785714285714,,No Signal
14,2022-07-25T00:00:00+05:30,3417.8,3478.55,3401.2,3440.35,325003,,3251.7558135992913,3140.2348871270365,111.52092647225481,70.90518678068214,77.35000000000036,56.30000000000018,21.050000000000182,77.35000000000036,104.75000000000003,,No Signal
15,2022-07-26T00:00:00+05:30,3445.0,3446.65,3237.25,3253.55,643929,,3252.0318422763235,3148.6285991917002,103.40324308462323,77.40479804147036,209.4000000000001,6.300000000000182,203.0999999999999,209.4000000000001,111.63571428571433,,No Signal
16,2022-07-27T00:00:00+05:30,3231.0,3304.0,3201.1,3294.15,361414,,3258.5115588491967,3159.4079622145373,99.10359663465943,81.74455776010818,102.90000000000009,50.44999999999982,52.45000000000027,102.90000000000009,114.3214285714286,,No Signal
17,2022-07-28T00:00:00+05:30,3350.0,3424.0,3328.25,3399.5,434412,,3280.2020882570127,3177.192557606053,103.00953065095973,85.9975523382785,95.75,129.8499999999999,34.09999999999991,129.8499999999999,118.1714285714286,,No Signal
18,2022-07-29T00:00:00+05:30,3438.0,3584.6,3428.0,3511.05,640483,,3315.7171516020876,3201.9227385241234,113.79441307796424,91.55692448621565,156.5999999999999,185.0999999999999,28.5,185.0999999999999,121.17857142857146,,No Signal
19,2022-08-01T00:00:00+05:30,3549.9,3570.95,3468.1,3524.15,341817,5.066352863793618,3347.783743663305,3225.7914245593734,121.99231910393155,97.64400340975884,102.84999999999991,59.899999999999636,42.95000000000027,102.84999999999991,120.88214285714288,472116.9,No Signal
20,2022-08-02T00:00:00+05:30,3501.2,3529.0,3465.15,3481.55,330016,5.004757440527563,3368.3631677151043,3244.736504221642,123.62666349346227,102.84053542649953,63.84999999999991,4.849999999999909,59.0,63.84999999999991,116.68928571428572,477403.1,No Signal
21,2022-08-03T00:00:00+05:30,3472.15,3509.9,3450.0,3474.7,333994,4.957866329838566,3384.7226803743188,3261.770837242261,122.95184313205755,106.86279696761113,59.90000000000009,28.34999999999991,31.550000000000182,59.90000000000009,113.05000000000003,480302.65,No Signal
22,2022-08-04T00:00:00+05:30,3519.9,3561.6,3490.0,3526.45,427018,4.88498392199384,3406.5268833936543,3281.376701150242,125.15018224341247,110.5202740227714,71.59999999999991,86.90000000000009,15.300000000000182,86.90000000000009,113.90000000000002,487152.15,No Signal
23,2022-08-05T00:00:00+05:30,3527.0,3585.0,3520.0,3563.05,325599,4.936424949839569,3430.6073628715535,3302.241389953928,128.36597291762564,114.08941380174225,65.0,58.55000000000018,6.449999999999818,65.0,109.82857142857145,484947.6,No Signal
24,2022-08-08T00:00:00+05:30,3575.0,3605.0,3537.05,3589.8,262945,4.958502822574787,3455.0985378143914,3323.5420277351186,131.5565100792728,117.58283305724838,67.94999999999982,41.94999999999982,26.0,67.94999999999982,108.84285714285716,481155.15,No Signal
25,2022-08-10T00:00:00+05:30,3600.0,3608.45,3525.55,3586.25,278728,4.8530643939768945,3475.2756858429466,3343.001877532517,132.27380831042956,120.52102810788462,82.89999999999964,18.649999999999636,64.25,82.89999999999964,97.625,478301.75,No Signal
26,2022-08-11T00:00:00+05:30,3650.0,3670.0,3596.0,3638.4,455195,4.702599314556329,3500.371734174801,3364.8832199375156,135.48851423728547,123.5145253337648,74.0,83.75,9.75,83.75,98.53571428571429,472391.7,No Signal
27,2022-08-12T00:00:00+05:30,3641.95,3674.25,3611.1,3659.5,285423,4.346384515210385,3524.853005840216,3386.7066851273294,138.1463207128868,126.4408844095892,63.15000000000009,35.84999999999991,27.300000000000182,63.15000000000009,98.63214285714285,467364.7,No Signal
28,2022-08-16T00:00:00+05:30,3680.0,3698.4,3653.55,3677.65,288137,3.9870115255524237,3548.360235710952,3408.2580417845643,140.10219392638783,129.17314631294894,44.84999999999991,38.90000000000009,5.949999999999818,44.84999999999991,96.31071428571424,459629.0,No Signal
29,2022-08-17T00:00:00+05:30,3690.0,3855.0,3675.7,3840.2,520684,4.000553757351268,3593.25866098619,3440.253742393115,153.00491859307522,133.9395007689742,179.30000000000018,177.3499999999999,1.9500000000002728,179.30000000000018,94.16071428571425,450580.95,No Signal
30,2022-08-18T00:00:00+05:30,3854.0,3925.0,3803.0,3885.4,498406,4.105183233288109,3638.20348237293,3473.227539252884,164.97594312004594,140.14678923918856,122.0,84.80000000000018,37.19999999999982,122.0,95.52499999999996,444202.35,No Signal
31,2022-08-19T00:00:00+05:30,3890.0,3942.0,3769.35,3793.25,317706,4.404099484045329,3662.0567927770944,3496.932906715633,165.12388606146123,145.1422086036431,172.6500000000001,56.59999999999991,116.05000000000018,172.6500000000001,98.58214285714283,405210.4,No Signal
32,2022-08-22T00:00:00+05:30,3770.0,3770.0,3666.0,3674.35,269811,4.524716308077516,3663.948055426772,3510.0749136255863,153.87314180118574,146.88839524315162,104.0,23.25,127.25,127.25,94.44999999999997,386192.95,No Signal
33,2022-08-23T00:00:00+05:30,3605.0,3669.0,3526.05,3651.0,436168,4.492004913092399,3661.9560468995764,3520.51380891258,141.4422379869966,145.79916379192062,142.94999999999982,5.349999999999909,148.29999999999973,148.29999999999973,97.69642857142854,388844.4,No Signal
34,2022-08-24T00:00:00+05:30,3669.8,3690.85,3633.6,3679.55,213579,4.416819146951225,3664.6628089150263,3532.294267511648,132.36854140337846,143.1130393142122,57.25,39.84999999999991,17.40000000000009,57.25,97.22499999999998,383273.2,No Signal
35,2022-08-25T00:00:00+05:30,3702.0,3753.0,3630.0,3642.0,247684,3.921432670095324,3661.1762229280994,3540.4206180663405,120.75560486175891,138.64155242372155,123.0,73.44999999999982,49.55000000000018,123.0,101.73214285714282,363460.95,No Signal
36,2022-08-26T00:00:00+05:30,3685.0,3719.5,3655.0,3669.95,226925,3.3569429455196795,3662.526034785315,3550.015387098463,112.51064768685183,133.41537147634762,64.5,77.5,13.0,77.5,101.06071428571424,356736.5,No Signal
37,2022-08-29T00:00:00+05:30,3461.0,3600.0,3461.0,3578.3,507113,3.1322791760452438,3649.568183279882,3552.110543609688,97.45763967019366,126.22382511511682,139.0,69.94999999999982,208.94999999999982,208.94999999999982,111.34285714285708,360371.55,Sell
38,2022-08-30T00:00:00+05:30,3644.0,3728.0,3576.05,3714.0,438173,2.953311594096051,3659.4807704675923,3564.1023551941557,95.37841527343653,120.05474314678077,151.94999999999982,149.69999999999982,2.25,151.94999999999982,117.34285714285708,350256.05,Sell
39,2022-09-01T00:00:00+05:30,3650.0,3687.85,3615.0,3625.05,373893,2.9302486785603508,3654.1837288571933,3568.616995550144,85.56673330704916,113.15714117883445,72.84999999999991,26.15000000000009,99.0,99.0,118.49285714285712,351859.85,Sell
40,2022-09-02T00:00:00+05:30,3660.0,3699.0,3627.0,3641.35,208825,2.7142372758659827,3652.2093090330095,3574.0046255093926,78.20468352361695,106.16664964779096,72.0,73.94999999999982,1.949999999999818,73.94999999999982,117.7928571428571,345800.3,Sell
41,2022-09-05T00:00:00+05:30,3669.8,3717.5,3621.0,3644.55,204443,2.450787216860242,3651.030953797162,3579.2302088049933,71.8007449921688,99.29346871666654,96.5,76.15000000000009,20.34999999999991,96.5,120.17499999999995,339322.75,Sell
42,2022-09-06T00:00:00+05:30,3660.55,3676.0,3612.0,3624.5,130091,2.3147832152648196,3646.949268597599,3582.58352667129,64.3657419263086,92.30792335859496,64.0,31.449999999999818,32.55000000000018,64.0,121.5428571428571,324476.4,Sell
43,2022-09-07T00:00:00+05:30,3597.0,3625.0,3546.45,3595.55,251945,2.281575571449241,3639.0416888133527,3583.5440061771205,55.497682636232184,84.94587521412241,78.55000000000018,0.5,78.05000000000018,78.55000000000018,114.34642857142853,320793.7,Sell
44,2022-09-08T00:00:00+05:30,3613.55,3635.0,3580.95,3606.95,251148,2.252114032354967,3634.1045059189905,3585.277783497334,48.82672242165654,77.72204465562923,54.05000000000018,39.44999999999982,14.600000000000364,54.05000000000018,109.49285714285712,320203.85,Sell
45,2022-09-09T00:00:00+05:30,3635.0,3780.0,3610.1,3753.05,465627,2.1473645390937444,3652.4038127006843,3597.705355090124,54.698457610560126,73.11732724661542,169.9000000000001,173.05000000000018,3.150000000000091,173.05000000000018,109.52142857142856,329548.8,Sell
46,2022-09-12T00:00:00+05:30,3790.0,3840.0,3770.0,3824.25,532896,2.2514706153684108,3678.8416876698097,3614.486439898263,64.3552477715466,71.36491135160166,70.0,86.94999999999982,16.949999999999818,86.94999999999982,106.64285714285711,333433.85,Sell
47,2022-09-13T00:00:00+05:30,3849.5,3879.0,3820.0,3840.6,313423,2.3992268950841282,3703.7275818744542,3631.2355924983917,72.49198937606252,71.59032695649384,59.0,54.75,4.25,59.0,100.2642857142857,334833.85,No Signal
48,2022-09-14T00:00:00+05:30,3716.0,3749.0,3632.0,3676.95,738760,2.506234982922044,3699.607953893769,3634.6218449059184,64.98610898785046,70.26948336276517,117.0,91.59999999999991,208.5999999999999,208.5999999999999,111.07499999999997,357365.0,Sell
49,2022-09-15T00:00:00+05:30,3698.0,3734.75,3621.85,3631.4,330896,2.392368593483369,3689.1144225254966,3634.3831897277023,54.73123279779429,67.16183324977099,112.90000000000009,57.80000000000018,55.09999999999991,112.90000000000009,110.35357142857141,347875.6,Sell
50,2022-09-16T00:00:00+05:30,3620.0,3650.0,3410.2,3432.5,460093,2.66590845123231,3649.635280598497,3619.428879377502,30.20640122099485,59.77074684401577,239.80000000000018,18.59999999999991,221.20000000000027,239.80000000000018,121.94642857142857,345959.95,Sell
51,2022-09-19T00:00:00+05:30,3443.9,3471.95,3323.0,3343.3,404487,3.3333688388775276,3602.506775891036,3598.974888312502,3.5318875785337696,48.52297499091937,148.94999999999982,39.44999999999982,109.5,148.94999999999982,117.66071428571429,350299.0,Sell
52,2022-09-20T00:00:00+05:30,3388.0,3466.6,3380.0,3408.05,255351,3.602257123130772,3572.5903488308763,3584.8323039930574,-12.241955162181057,36.36998896029929,86.59999999999991,123.29999999999973,36.69999999999982,123.29999999999973,115.61428571428571,349576.0,Sell
53,2022-09-21T00:00:00+05:30,3400.0,3500.95,3390.1,3456.1,297272,3.719222609590913,3554.6687567030494,3575.2965777713493,-20.62782106829991,24.97042695457945,110.84999999999991,92.89999999999964,17.950000000000273,110.84999999999991,116.46071428571427,342631.2,Sell
54,2022-09-22T00:00:00+05:30,3425.0,3503.9,3405.0,3487.15,243368,3.7560130756562566,3544.281255671811,3568.7672016401384,-24.485945968327542,15.079152369998054,98.90000000000009,47.80000000000018,51.09999999999991,98.90000000000009,118.24285714285715,344120.65,Sell
55,2022-09-23T00:00:00+05:30,3490.0,3534.8,3428.15,3446.95,293042,3.934818872452887,3529.307216337686,3559.7437052223504,-30.436488884664413,5.976024119065561,106.65000000000009,47.65000000000009,59.0,106.65000000000009,118.96785714285716,346388.55,Sell
56,2022-09-26T00:00:00+05:30,3435.25,3488.0,3342.8,3472.25,334866,3.958781746305658,3520.529183054965,3553.2626900206947,-32.7335069657297,-1.7658820978934924,145.19999999999982,41.05000000000018,104.14999999999964,145.19999999999982,124.76785714285714,351785.6,Sell
57,2022-09-27T00:00:00+05:30,3514.0,3547.0,3440.0,3502.55,360564,3.9639369690724595,3517.763154892663,3549.5061944636063,-31.743039570943438,-7.761313592503481,107.0,74.75,32.25,107.0,126.79999999999998,344458.15,Sell
58,2022-09-28T00:00:00+05:30,3477.0,3569.0,3461.4,3511.9,264507,3.8837246260285183,3516.8611310630226,3546.720550429265,-29.85941936624249,-12.180934747251284,107.59999999999991,66.44999999999982,41.15000000000009,107.59999999999991,130.62499999999997,335774.85,Sell
59,2022-09-29T00:00:00+05:30,3548.85,3566.05,3455.0,3520.25,237467,3.875635254811691,3517.3824955148652,3544.759768915986,-27.377273401120874,-15.220202478025202,111.05000000000018,54.15000000000009,56.90000000000009,111.05000000000018,126.19642857142854,328953.55,Sell
60,2022-09-30T00:00:00+05:30,3500.0,3606.7,3434.4,3591.6,251161,3.7735994256732726,3528.8005731279627,3548.22941566295,-19.428842534987325,-16.061930489417627,172.29999999999973,86.44999999999982,85.84999999999991,172.29999999999973,132.29285714285712,331070.35,Sell
61,2022-10-03T00:00:00+05:30,3590.0,3590.0,3483.75,3492.2,184519,3.874797189916637,3523.169715723661,3544.0790885768056,-20.90937285314476,-17.031418962163055,106.25,1.599999999999909,107.84999999999991,107.84999999999991,135.78214285714282,330074.15,Sell
62,2022-10-04T00:00:00+05:30,3575.0,3620.0,3535.05,3575.3,234736,3.763142953169475,3531.189759458482,3546.3917486822274,-15.201989223745386,-16.66553301447952,84.94999999999982,127.80000000000018,42.850000000000364,127.80000000000018,130.01071428571427,335306.4,Buy
63,2022-10-06T00:00:00+05:30,3599.0,3660.0,3576.05,3599.4,255682,3.7395754231927403,3541.6836426187156,3550.318285816877,-8.634643198161484,-15.059355051215915,83.94999999999982,84.69999999999982,0.75,84.69999999999982,127.99642857142852,335493.25,Buy
64,2022-10-07T00:00:00+05:30,3609.95,3624.0,3564.15,3587.05,103665,3.744010819746758,3548.6630822158363,3553.0391535341455,-4.376071318309187,-12.92269830463457,59.84999999999991,24.59999999999991,35.25,59.84999999999991,115.14285714285708,328119.1,No Signal
65,2022-10-10T00:00:00+05:30,3530.0,3625.95,3515.0,3607.35,146262,3.517512892497712,3557.6918387980154,3557.062179198283,0.6296595997323493,-10.212226723761187,110.94999999999982,38.899999999999636,72.05000000000018,110.94999999999982,112.42857142857136,312150.85,No Signal
66,2022-10-11T00:00:00+05:30,3629.0,3661.65,3532.0,3555.65,235718,3.076245124971018,3557.377709752167,3556.957573331744,0.420136420423205,-8.08575409492431,129.6500000000001,54.30000000000018,75.34999999999991,129.6500000000001,112.88214285714282,297291.95,No Signal
67,2022-10-12T00:00:00+05:30,3573.45,3606.9,3522.85,3596.8,202628,2.3497231311289637,3563.442677482603,3559.908864196059,3.5338132865440457,-5.7618406186306395,84.05000000000018,51.25,32.80000000000018,84.05000000000018,110.96785714285713,291752.2,No Signal
68,2022-10-13T00:00:00+05:30,3596.8,3596.8,3540.0,3565.0,106993,2.1683709779428813,3563.6822655622022,3560.285985366721,3.3962801954812676,-3.9302164558082584,56.80000000000018,0.0,56.80000000000018,56.80000000000018,107.96071428571427,260163.85,No Signal
69,2022-10-14T00:00:00+05:30,3639.0,3689.5,3600.85,3618.4,341415,2.1102604008480093,3572.1003785526327,3564.5907271914084,7.509651361224314,-1.642242892401744,88.65000000000009,124.5,35.84999999999991,124.5,109.23571428571427,260689.8,No Signal
70,2022-10-17T00:00:00+05:30,3620.0,3620.0,3527.05,3586.35,171298,2.0906006061205225,3574.2926280060738,3566.2025251772297,8.09010282884401,0.30422625184740676,92.94999999999982,1.599999999999909,91.34999999999991,92.94999999999982,105.5035714285714,246250.05,No Signal
71,2022-10-18T00:00:00+05:30,3634.9,3683.0,3600.0,3675.1,308390,1.8730930574717624,3589.8014544666776,3574.2690047937313,15.532449672946314,3.3498709360671883,83.0,96.65000000000009,13.650000000000091,96.65000000000009,104.7642857142857,241445.2,No Signal
72,2022-10-19T00:00:00+05:30,3620.0,3649.95,3484.6,3495.05,921429,1.782999611517444,3575.2243076256505,3568.4009303645657,6.823377261084715,4.044572201070694,165.3499999999999,25.15000000000009,190.5,190.5,110.68571428571428,274749.1,No Signal
73,2022-10-20T00:00:00+05:30,3483.2,3554.9,3426.1,3530.9,516964,1.6626523302840437,3568.40518337555,3565.623083670894,2.782099704656048,3.792077701787765,128.80000000000018,59.84999999999991,68.95000000000027,128.80000000000018,111.95357142857142,285733.7,No Signal
74,2022-10-21T00:00:00+05:30,3525.0,3569.8,3486.55,3511.35,173679,1.6393296226711527,3559.6274628562346,3561.602855250828,-1.9753923945932002,2.6385836825115723,83.25,38.90000000000009,44.34999999999991,83.25,105.59285714285716,282249.25,No Signal
75,2022-10-24T00:00:00+05:30,3560.0,3565.0,3511.0,3524.05,39106,1.4901122448325097,3554.1540070321985,3558.821162269285,-4.6671552370867175,1.1774358985919144,54.0,53.65000000000009,0.34999999999990905,54.0,101.7464285714286,269552.45,No Signal
76,2022-10-25T00:00:00+05:30,3519.5,3585.0,3484.6,3563.1,230424,1.3663091140970571,3555.5303136426296,3559.138113212301,-3.6077995696714424,0.22038880493924307,100.40000000000009,60.94999999999982,39.45000000000027,100.40000000000009,99.78928571428573,264330.35,No Signal
77,2022-10-27T00:00:00+05:30,3554.0,3582.85,3493.4,3515.55,208888,1.3639469037117375,3549.3794961591484,3555.909364085464,-6.529867926315546,-1.129662541311715,89.44999999999982,19.75,69.69999999999982,89.44999999999982,100.12857142857145,256746.55,No Signal
78,2022-10-28T00:00:00+05:30,3516.45,3521.35,3449.2,3453.25,132859,1.5254884072956598,3534.590342903895,3548.3049667458,-13.714623841904995,-3.6466548014303712,72.15000000000009,5.799999999999727,66.35000000000036,72.15000000000009,101.00714285714288,250164.15,No Signal
79,2022-10-31T00:00:00+05:30,3480.0,3550.0,3476.05,3538.9,167464,1.4731789175199859,3535.2533670725265,3547.6083025424073,-12.35493546988073,-5.388310935120443,73.94999999999982,96.75,22.800000000000182,96.75,99.99285714285718,246664.0,No Signal
80,2022-11-01T00:00:00+05:30,3550.0,3614.95,3530.25,3606.85,151925,1.4622838856636287,3546.268233676753,3551.9965764281546,-5.728342751401669,-5.456317298376688,84.69999999999982,76.04999999999973,8.650000000000091,84.69999999999982,96.78214285714287,241702.2,No Signal
81,2022-11-02T00:00:00+05:30,3615.05,3639.0,3588.0,3617.3,152765,1.4292778501239727,3557.196197726483,3556.833867063106,0.362330663377179,-4.292587706025915,51.0,32.15000000000009,18.84999999999991,51.0,94.42142857142858,240114.5,No Signal
82,2022-11-03T00:00:00+05:30,3565.0,3632.95,3560.0,3624.0,141524,1.4701546177303868,3567.4737057685625,3561.809136169543,5.6645695990196145,-2.3011562450168097,72.94999999999982,15.649999999999636,57.30000000000018,72.94999999999982,95.57499999999997,235453.9,No Signal
83,2022-11-04T00:00:00+05:30,3599.0,3636.0,3575.0,3626.95,215133,1.5015507197381286,3576.623904881091,3566.6343853421695,9.98951953892174,0.15697891177090026,61.0,12.0,49.0,61.0,91.0392857142857,233426.45,No Signal
84,2022-11-07T00:00:00+05:30,3632.5,3664.0,3596.05,3641.6,132903,1.5565343903424005,3586.6202272070773,3572.187393835342,14.432833371735342,3.012149803763789,67.94999999999982,37.05000000000018,30.899999999999636,67.94999999999982,89.2535714285714,234888.35,No Signal
85,2022-11-09T00:00:00+05:30,3650.0,3680.0,3601.05,3620.65,152914,1.579460868561105,3591.855576867527,3575.7772165142055,16.078360353321386,5.625391913675309,78.94999999999982,38.40000000000009,40.54999999999973,78.94999999999982,87.98928571428567,235220.95,No Signal
86,2022-11-10T00:00:00+05:30,3589.9,3670.9,3581.0,3652.35,159079,1.6331218049759149,3601.1624111956,3581.4492745501902,19.713136645409577,8.442940860022164,89.90000000000009,50.25,39.65000000000009,89.90000000000009,80.8035714285714,231389.0,No Signal
87,2022-11-11T00:00:00+05:30,3730.0,3809.45,3683.05,3717.0,544780,1.8079137186222676,3618.983578703969,3591.4900690279537,27.493509676015492,12.25305462322083,126.39999999999964,157.0999999999999,30.700000000000273,157.0999999999999,82.82499999999995,248496.6,No Signal
88,2022-11-14T00:00:00+05:30,3727.0,3818.85,3727.0,3794.0,367864,2.1534906089491224,3645.9091819802816,3606.490804655513,39.4183773247687,17.686119163530403,91.84999999999991,101.84999999999991,10.0,101.84999999999991,84.15357142857137,261540.15,No Signal
89,2022-11-15T00:00:00+05:30,3800.0,3815.0,3712.7,3769.35,217439,2.3989238397457595,3664.9000770602383,3618.5544487551047,46.34562830513369,23.418020991851062,102.30000000000018,21.0,81.30000000000018,102.30000000000018,87.60357142857139,255341.35,No Signal
90,2022-11-16T00:00:00+05:30,3764.95,3841.0,3758.0,3779.55,276735,2.6058902340606744,3682.5385267432785,3630.4800451436154,52.05848159966308,29.146113113413467,83.0,71.65000000000009,11.349999999999909,83.0,86.36071428571424,260613.2,No Signal
91,2022-11-17T00:00:00+05:30,3755.0,3775.0,3701.05,3755.5,163308,2.735080398931885,3693.7633687827743,3639.7407825403848,54.02258624238948,34.12140773920867,73.94999999999982,4.550000000000182,78.5,78.5,85.5785714285714,253359.1,No Signal
92,2022-11-18T00:00:00+05:30,3768.7,3830.05,3753.0,3804.35,239679,2.802594417917501,3710.7766966623476,3651.934057907764,58.84263875458373,39.06565394228368,77.05000000000018,74.55000000000018,2.5,77.05000000000018,85.9285714285714,219271.6,No Signal
93,2022-11-21T00:00:00+05:30,3798.0,3819.85,3731.6,3809.2,269005,2.9078637924406485,3725.918743329679,3663.583386951633,62.33535637804562,43.71959442943607,88.25,15.5,72.75,88.25,85.32142857142854,206873.65,No Signal
94,2022-11-22T00:00:00+05:30,3819.95,3875.0,3800.4,3855.8,427158,2.9921516192544386,3745.9004751251127,3677.8216545848454,68.07882054026732,48.59143965160232,74.59999999999991,65.80000000000018,8.799999999999727,74.59999999999991,84.59999999999998,219547.6,No Signal
95,2022-11-23T00:00:00+05:30,3875.1,3882.65,3811.15,3822.7,166075,3.0267571181542507,3757.7157866443263,3688.553383874857,69.16240276946928,52.70563227517572,71.5,26.84999999999991,44.65000000000009,71.5,86.06428571428569,225896.05,No Signal
96,2022-11-24T00:00:00+05:30,3834.95,3900.0,3823.0,3890.5,208229,3.1241712609087946,3778.1441271605836,3703.5123924767195,74.63173468386412,57.0908527569134,77.0,77.30000000000018,0.3000000000001819,77.30000000000018,86.375,224786.3,No Signal
97,2022-11-25T00:00:00+05:30,3909.95,3934.0,3860.0,3885.85,221254,3.114159215064549,3794.7142614435706,3717.0188819228883,77.69537952068231,61.21175810966719,74.0,43.5,30.5,74.0,87.30357142857143,225404.6,No Signal
98,2022-11-28T00:00:00+05:30,3875.0,3913.5,3829.45,3862.05,138154,2.8138967155744954,3805.0736058368675,3727.761927706378,77.31167813048933,64.43174211383162,84.05000000000018,27.65000000000009,56.40000000000009,84.05000000000018,88.45357142857145,225669.35,Buy
99,2022-11-29T00:00:00+05:30,3857.95,3891.45,3833.0,3846.35,168911,2.629758285989976,3811.423820323503,3736.5462293577575,74.87759096574564,66.52091188421443,58.44999999999982,29.399999999999636,29.050000000000182,58.44999999999982,86.98928571428574,225741.7,No Signal
100,2022-11-30T00:00:00+05:30,3850.0,3864.0,3805.0,3814.85,174876,2.525210644039392,3811.950924889118,3742.34650866459,69.604416224528,67.13761275227715,59.0,17.65000000000009,41.34999999999991,59.0,84.78214285714287,226889.25,No Signal
101,2022-12-01T00:00:00+05:30,3867.95,4189.0,3856.6,4159.75,1904480,3.028771767215406,3865.458474906177,3773.2652858005463,92.19318910563061,72.14872802294785,332.4000000000001,374.1500000000001,41.75,374.1500000000001,100.28571428571432,314475.0,Buy
102,2022-12-02T00:00:00+05:30,4145.0,4318.7,4111.0,4287.35,1454085,3.7983742996491223,3930.36486338215,3811.345635000506,119.0192283816441,81.5228280946871,207.69999999999982,158.94999999999982,48.75,207.69999999999982,107.8464285714286,380103.05,Buy
103,2022-12-05T00:00:00+05:30,4281.0,4312.3,4214.4,4248.95,258678,4.290812868823048,3979.377961323358,3843.7607731486164,135.6171881747414,92.34170011069796,97.90000000000055,24.949999999999818,72.95000000000073,97.90000000000055,107.53214285714292,382280.3,Buy
104,2022-12-06T00:00:00+05:30,4238.9,4242.55,4150.0,4218.1,334177,4.569797696635604,4016.104428812072,3871.4896047672373,144.61482404483468,102.79632489752531,92.55000000000018,6.399999999999636,98.94999999999982,98.94999999999982,108.6714285714286,392344.0,Buy
105,2022-12-07T00:00:00+05:30,4197.1,4210.0,4122.0,4152.8,220351,4.619598897732238,4037.134516687138,3892.327411821516,144.80710486562202,111.19848089114465,88.0,8.100000000000364,96.10000000000036,96.10000000000036,109.92857142857149,395715.85,Buy
106,2022-12-08T00:00:00+05:30,4152.7,4152.8,4070.0,4106.5,167567,4.554163210574346,4047.8061295045013,3908.192047982885,139.6140815216163,116.88160101723899,82.80000000000018,0.0,82.80000000000018,82.80000000000018,110.33928571428578,396140.25,Buy
107,2022-12-09T00:00:00+05:30,4139.0,4150.9,3956.5,3980.9,310245,4.533268838624049,4037.512878811501,3913.577822206375,123.93505660512619,118.29229213481644,194.39999999999964,44.399999999999636,150.0,194.39999999999964,117.9214285714286,384413.5,Buy
108,2022-12-12T00:00:00+05:30,3964.95,3964.95,3865.4,3883.85,316215,4.574783966554512,4013.872435917424,3911.375761302199,102.49667461522495,115.13316863089814,99.54999999999973,15.950000000000273,115.5,115.5,120.84285714285718,381831.05,Sell
109,2022-12-13T00:00:00+05:30,3909.95,3922.5,3880.4,3905.05,172882,4.432204886099319,3997.1305226993586,3910.907186390925,86.22333630843377,109.35120216640527,42.09999999999991,38.65000000000009,3.449999999999818,42.09999999999991,118.74285714285718,379603.2,Sell
110,2022-12-14T00:00:00+05:30,3924.95,4045.0,3924.0,4029.65,455038,4.189778985019581,4002.1335192071497,3919.7029503619674,82.43056884518228,103.96707550216068,121.0,139.94999999999982,18.949999999999818,139.94999999999982,123.21785714285716,388518.35,Sell
111,2022-12-15T00:00:00+05:30,4020.05,4080.0,3985.85,4044.0,342942,4.00820162222244,4008.5745162522035,3928.910139224044,79.66437702815938,99.10653580736043,94.15000000000009,50.34999999999991,43.80000000000018,94.15000000000009,124.65714285714287,397500.05,Sell
112,2022-12-16T00:00:00+05:30,3991.0,4033.4,3942.35,3983.25,226981,3.934234955138423,4004.6784368287877,3932.935314096337,71.7431227324505,93.63385319237845,91.05000000000018,10.599999999999909,101.65000000000009,101.65000000000009,125.91428571428573,396865.15,Sell
113,2022-12-19T00:00:00+05:30,3960.0,4025.0,3931.5,3990.05,127136,3.781306590363308,4002.4279080858973,3937.1660315706827,65.26187651521468,87.9594578569457,93.5,41.75,51.75,93.5,128.41785714285717,389771.7,Sell
114,2022-12-20T00:00:00+05:30,3980.05,3984.95,3921.6,3951.05,154084,3.735847821479314,3994.523614534221,3938.194473676558,56.32914085766288,81.63339445708914,63.34999999999991,5.100000000000364,68.45000000000027,68.45000000000027,129.09285714285718,376118.0,Sell
115,2022-12-21T00:00:00+05:30,3970.85,4066.0,3940.15,3957.1,309454,3.586099739619386,3988.76613537511,3939.5948830338502,49.17125234125979,75.14096603392328,125.84999999999991,114.94999999999982,10.900000000000091,125.84999999999991,111.35714285714289,383286.95,Sell
116,2022-12-22T00:00:00+05:30,4004.8,4009.6,3915.0,3951.45,240965,3.539105725899663,3983.0251914712467,3940.4730398461575,42.55215162508921,68.62320315215646,94.59999999999991,52.5,42.09999999999991,94.59999999999991,103.27857142857147,384923.75,No Signal
117,2022-12-23T00:00:00+05:30,3901.0,3920.0,3673.05,3702.6,375581,4.156741826791667,3939.882854321824,3922.852814672368,17.030039649456285,58.30457045161643,246.94999999999982,31.449999999999818,278.39999999999964,278.39999999999964,116.17142857142855,392640.1,Sell
118,2022-12-26T00:00:00+05:30,3719.0,3775.0,3706.0,3728.35,266670,4.372483731139804,3907.339338272313,3908.445198770711,-1.105860498398215,46.422484261613505,69.0,72.40000000000009,3.400000000000091,72.40000000000009,114.27499999999999,399065.9,Sell
119,2022-12-27T00:00:00+05:30,3745.0,3808.0,3718.0,3772.5,246287,4.437201806169865,3886.594824691957,3898.375184046955,-11.780359354997927,34.78191553829122,90.0,79.65000000000009,10.349999999999909,90.0,113.83928571428568,402934.7,No Signal
120,2022-12-28T00:00:00+05:30,3750.0,3759.0,3690.15,3700.1,187185,4.745843668251476,3857.9033132008867,3883.68813337681,-25.784820175923414,22.668568395448297,68.84999999999991,13.5,82.34999999999991,82.34999999999991,113.80714285714281,403550.15,No Signal
121,2022-12-29T00:00:00+05:30,3675.0,3696.9,3631.05,3659.4,328420,5.060263869461474,3827.364341939212,3867.0741975711203,-39.70985563190834,10.19288358997697,65.84999999999991,3.199999999999818,69.04999999999973,69.04999999999973,104.85357142857139,324747.15,No Signal
122,2022-12-30T00:00:00+05:30,3708.0,3755.0,3668.55,3683.55,228002,4.847322071013578,3805.2390585639487,3853.479812565852,-48.2407540019035,-1.493843928399123,86.44999999999982,95.59999999999991,9.150000000000091,95.59999999999991,103.43214285714281,263443.0,No Signal
123,2023-01-02T00:00:00+05:30,3689.7,3739.0,3676.2,3723.5,132077,4.508447322879575,3792.66381878488,3843.851678301715,-51.18785951683503,-11.432647046086306,62.80000000000018,55.44999999999982,7.350000000000364,62.80000000000018,104.91071428571425,257112.95,No Signal
124,2023-01-03T00:00:00+05:30,3741.95,3784.0,3697.6,3707.25,201438,4.2183950883684425,3779.5232312795138,3833.733035464551,-54.20980418503723,-19.98807847387649,86.40000000000009,60.5,25.90000000000009,86.40000000000009,101.08571428571427,250476.0,No Signal
125,2023-01-04T00:00:00+05:30,3719.9,3741.5,3684.05,3716.9,192280,3.9421264304018844,3769.8888880057425,3825.0787365412507,-55.18984853550819,-27.02843248620283,57.44999999999982,34.25,23.199999999999818,57.44999999999982,98.46428571428568,249072.45,No Signal
126,2023-01-05T00:00:00+05:30,3722.95,3724.0,3617.0,3641.55,226169,3.898854189958483,3750.144443697167,3811.484015315973,-61.339571618806076,-33.89066031272348,107.0,7.099999999999909,99.90000000000009,107.0,98.84642857142853,252002.55,No Signal
127,2023-01-06T00:00:00+05:30,3655.0,3674.9,3606.55,3624.6,161385,4.00339161084014,3730.8299138976026,3797.640754922197,-66.81084102459454,-40.4746964550977,68.34999999999991,33.34999999999991,35.0,68.34999999999991,97.04999999999995,244559.55,No Signal
128,2023-01-09T00:00:00+05:30,3666.35,3727.0,3603.15,3671.05,226638,4.02568817258298,3721.6330040672024,3788.2636619649975,-66.63065789779512,-45.70588874363719,123.84999999999991,102.40000000000009,21.449999999999818,123.84999999999991,101.00714285714278,240080.7,No Signal
129,2023-01-10T00:00:00+05:30,3670.4,3670.4,3605.0,3639.05,110148,4.134479792575915,3708.9279265184023,3777.2107981157383,-68.282871597336,-50.221285314376956,65.40000000000009,0.650000000000091,66.05000000000018,66.05000000000018,96.73571428571424,236944.0,No Signal
130,2023-01-11T00:00:00+05:30,3639.05,3723.65,3612.0,3628.0,203457,3.9688991464755574,3696.477476284802,3766.158146403461,-69.68067011865924,-54.113162275233414,111.65000000000009,84.59999999999991,27.050000000000182,111.65000000000009,97.9535714285714,224364.95,No Signal
131,2023-01-12T00:00:00+05:30,3649.05,3668.7,3622.15,3642.8,190518,3.6178855702494164,3688.219403010217,3757.0205059291306,-68.80110291891378,-57.05075040396949,46.54999999999973,40.69999999999982,5.849999999999909,46.54999999999973,81.39285714285711,216743.75,No Signal
132,2023-01-13T00:00:00+05:30,3575.0,3580.0,3404.2,3448.75,1302790,3.9692571864987114,3651.3779563932603,3734.1856536380837,-82.80769724482343,-62.20213977214028,175.80000000000018,62.80000000000018,238.60000000000036,238.60000000000036,93.2642857142857,270534.2,No Signal
133,2023-01-16T00:00:00+05:30,3458.0,3494.0,3418.0,3431.1,328273,4.004874644291758,3617.4890400250665,3711.734864479707,-94.24582445464057,-68.61087670864033,76.0,45.25,30.75,76.0,92.2642857142857,280591.05,No Signal
134,2023-01-17T00:00:00+05:30,3437.0,3459.6,3400.0,3409.7,177202,4.061048875052467,3585.5214954058256,3689.361911555284,-103.84041614945863,-75.656784596804,59.59999999999991,28.5,31.09999999999991,59.59999999999991,90.6392857142857,281746.95,No Signal
135,2023-01-18T00:00:00+05:30,3422.0,3439.8,3407.35,3419.1,343926,3.8688965950459253,3559.918188420314,3669.3425106993373,-109.42432227902327,-82.41029213324786,32.45000000000027,30.100000000000364,2.349999999999909,32.45000000000027,88.02500000000002,283470.55,No Signal
136,2023-01-19T00:00:00+05:30,3400.0,3418.2,3375.0,3397.15,324803,3.6032950905610166,3534.876928663343,3649.1801024993865,-114.3031738360437,-88.78886847380704,43.19999999999982,0.900000000000091,44.09999999999991,44.09999999999991,84.3464285714286,287662.45,No Signal
137,2023-01-20T00:00:00+05:30,3325.0,3352.05,3215.85,3230.7,1007955,4.578942455614097,3488.0804780997514,3618.181576388321,-130.10109828856957,-97.05131443675955,136.20000000000027,45.09999999999991,181.30000000000018,181.30000000000018,92.81071428571431,319281.15,No Signal
138,2023-01-23T00:00:00+05:30,3258.0,3336.5,3226.0,3322.9,490125,4.696908248693289,3462.6680968536357,3596.308867026223,-133.6407701725875,-104.36920558392515,110.5,105.80000000000018,4.699999999999818,110.5,94.53214285714287,330453.9,No Signal
139,2023-01-24T00:00:00+05:30,3349.0,3490.0,3333.1,3425.95,1068918,4.436711528502577,3457.019158876153,3583.6896916909473,-126.67053281479411,-108.82947103009894,156.9000000000001,167.0999999999999,10.199999999999818,167.0999999999999,102.36428571428574,371585.45,Sell
140,2023-01-25T00:00:00+05:30,3417.5,3421.0,3301.0,3309.4,320245,4.76013007909594,3434.308519049053,3563.371936750877,-129.06341770182416,-112.876260364444,120.0,4.949999999999818,124.94999999999982,124.94999999999982,103.64642857142859,378238.45,Sell
141,2023-01-27T00:00:00+05:30,3333.4,3373.9,3259.25,3296.4,203156,4.958189846230555,3413.091823810737,3543.5962377322935,-130.50441392155653,-116.40189107586652,114.65000000000009,64.5,50.15000000000009,114.65000000000009,106.95357142857145,371975.25,Sell
142,2023-01-30T00:00:00+05:30,3302.0,3348.4,3261.0,3302.25,277231,5.008683007912483,3396.039235532162,3525.7187386410124,-129.67950310885044,-119.0574134824633,87.40000000000009,52.0,35.40000000000009,87.40000000000009,104.35000000000004,374436.7,Sell
143,2023-01-31T00:00:00+05:30,3307.5,3348.0,3242.0,3335.9,271301,4.808050801008077,3386.787045450291,3511.658091334271,-124.87104588398006,-120.22013996276667,106.0,45.75,60.25,106.0,107.20357142857145,381397.9,Sell
144,2023-02-01T00:00:00+05:30,3357.0,3377.7,3272.5,3333.0,223873,4.626420118649309,3378.5121153810155,3498.4241586428434,-119.91204326182788,-120.15852062257892,105.19999999999982,41.79999999999973,63.40000000000009,105.19999999999982,106.74285714285715,382519.65,Buy
145,2023-02-02T00:00:00+05:30,3350.0,3457.25,3346.6,3440.55,291981,4.12691581632432,3388.056405322398,3494.137183928559,-106.08077860616095,-117.34297221929533,110.65000000000009,124.25,13.599999999999909,124.25,112.29285714285717,387504.7,Buy
146,2023-02-03T00:00:00+05:30,3480.9,3498.0,3412.65,3446.95,230315,3.9008038470095077,3397.1169583497212,3490.6418369708877,-93.52487862116641,-112.57935349966955,85.34999999999991,57.44999999999982,27.90000000000009,85.34999999999991,101.34642857142856,387712.0,Buy
147,2023-02-06T00:00:00+05:30,3435.0,3488.35,3406.05,3459.4,141917,3.678631686180022,3406.6989647574565,3488.327626824896,-81.62866206743956,-106.38921521322357,82.29999999999973,41.40000000000009,40.899999999999636,82.29999999999973,101.79642857142855,386738.6,Buy
148,2023-02-07T00:00:00+05:30,3467.0,3482.95,3425.1,3444.0,111080,3.3105383815032967,3412.4375855640014,3485.0440989119406,-72.6065133479392,-99.6326748401667,57.84999999999991,23.549999999999727,34.30000000000018,57.84999999999991,101.67142857142855,380960.7,Buy
149,2023-02-08T00:00:00+05:30,3467.0,3555.0,3465.05,3543.9,305514,2.991536872191097,3432.662572400309,3489.403795288834,-56.741222888525044,-91.05438444983838,89.94999999999982,111.0,21.050000000000182,111.0,107.28214285714282,390729.0,Buy
150,2023-02-09T00:00:00+05:30,3555.0,3632.0,3531.0,3622.05,249654,2.909668758884265,3461.7990997233383,3499.2294400822534,-37.430340358915146,-80.32957563165374,101.0,88.09999999999991,12.900000000000091,101.0,111.34642857142853,393038.85,Buy
151,2023-02-10T00:00:00+05:30,3617.0,3636.95,3580.5,3612.15,75273,2.8250048650485398,3484.9300074582093,3507.5939260020864,-22.663918543877116,-68.79644421409841,56.44999999999982,14.899999999999636,41.55000000000018,56.44999999999982,102.42857142857136,387276.6,Buy
152,2023-02-13T00:00:00+05:30,3603.9,3619.95,3547.0,3581.85,122987,3.0352492778342044,3499.8407755415615,3513.094375927858,-13.253600386296512,-57.68787544853804,72.94999999999982,7.799999999999727,65.15000000000009,72.94999999999982,99.7464285714285,328286.45,No Signal
153,2023-02-14T00:00:00+05:30,3591.05,3686.45,3580.7,3606.5,272339,3.2330661285365547,3516.2498869967058,3520.013311044313,-3.763424047607259,-46.90298516835188,105.75,104.59999999999991,1.150000000000091,105.75,95.36428571428564,325489.75,No Signal
154,2023-02-15T00:00:00+05:30,3605.0,3641.0,3576.0,3621.5,89925,3.432577059480351,3532.4422120741356,3527.530843559549,4.911368514586684,-36.540114431764174,65.0,34.5,30.5,65.0,91.0821428571428,321125.9,No Signal
155,2023-02-16T00:00:00+05:30,3640.0,3792.4,3628.0,3757.2,397979,3.8117964646109885,3567.0203332934993,3544.543373666249,22.47695962725038,-24.736699619961264,164.4000000000001,170.9000000000001,6.5,170.9000000000001,95.09999999999994,323828.55,No Signal
156,2023-02-17T00:00:00+05:30,3700.0,3740.95,3653.35,3694.2,282038,4.116891750668829,3586.58643586373,3555.629049690971,30.957386172759016,-13.597882461417209,87.59999999999991,16.25,103.84999999999991,103.84999999999991,96.27499999999993,321690.3,No Signal
157,2023-02-20T00:00:00+05:30,3709.95,3790.0,3683.2,3746.6,248746,4.089767614779046,3611.20390726931,3569.7750460101583,41.428861259151745,-2.5925337173034175,106.80000000000018,95.80000000000018,11.0,106.80000000000018,96.3321428571428,283729.85,No Signal
158,2023-02-21T00:00:00+05:30,3765.35,3808.95,3724.7,3754.1,194418,4.208201914460786,3633.1879215355702,3583.428746305702,49.759175229868106,7.877808072130888,84.25,62.34999999999991,21.90000000000009,84.25,94.83571428571425,268944.5,No Signal
159,2023-02-22T00:00:00+05:30,3700.0,3729.0,3662.25,3711.65,244713,4.370118605647255,3645.259010530098,3592.926616949724,52.33239358037372,16.768725173779455,66.75,25.09999999999991,91.84999999999991,91.84999999999991,92.52142857142852,227734.25,No Signal
160,2023-02-23T00:00:00+05:30,3724.95,3731.65,3654.0,3706.5,208388,4.260087802255845,3654.680701217775,3601.3394601386335,53.34124107914158,24.083228354851883,77.65000000000009,20.0,57.65000000000009,77.65000000000009,91.97142857142853,222141.4,No Signal
161,2023-02-24T00:00:00+05:30,3736.65,3788.0,3695.15,3708.3,117247,4.034528984521406,3662.9298241073484,3609.2624630913274,53.667361016021005,30.00005488708571,92.84999999999991,81.5,11.349999999999909,92.84999999999991,92.72499999999998,217845.95,No Signal
162,2023-02-27T00:00:00+05:30,3690.0,3690.0,3568.1,3653.0,177464,3.7331027383123336,3661.402158860064,3612.502280640118,48.899878219946004,33.78001955365777,121.90000000000009,18.300000000000182,140.20000000000027,140.20000000000027,98.60714285714286,212857.6,No Signal
163,2023-02-28T00:00:00+05:30,3675.0,3703.0,3631.9,3684.75,196705,3.3666269916981086,3664.9941344200543,3617.853963555665,47.14017086438935,36.45204981580409,71.09999999999991,50.0,21.09999999999991,71.09999999999991,95.75714285714285,209127.8,No Signal
164,2023-03-01T00:00:00+05:30,3703.2,3759.95,3685.5,3748.65,127630,2.930117749838335,3677.8642675861997,3627.542558847838,50.32170873836185,39.22598160031564,74.44999999999982,75.19999999999982,0.75,75.19999999999982,93.9142857142857,204315.65,No Signal
165,2023-03-02T00:00:00+05:30,3701.0,3720.0,3662.0,3698.4,261102,2.747235452763966,3681.0236110344767,3632.7912581924425,48.23235284203429,41.02725584865937,58.0,28.65000000000009,86.65000000000009,86.65000000000009,96.07142857142857,202771.7,No Signal
166,2023-03-03T00:00:00+05:30,3735.65,3760.0,3698.15,3754.65,190191,2.4987164285745815,3692.3507477984035,3641.817831659669,50.532916138734436,42.92838790667439,61.84999999999991,61.59999999999991,0.25,61.84999999999991,95.27857142857144,200765.5,No Signal
167,2023-03-06T00:00:00+05:30,3805.95,3840.0,3700.0,3706.0,265469,2.2173790652002774,3694.4506327524955,3646.5720663515453,47.87856640095015,43.91842360552954,140.0,85.34999999999991,54.65000000000009,140.0,97.72500000000001,206943.1,Buy
168,2023-03-08T00:00:00+05:30,3684.75,3698.7,3640.75,3675.35,157984,1.7162781731566004,3691.512073867496,3648.70376514032,42.808308727176154,43.696400629858864,57.94999999999982,7.300000000000182,65.25,65.25,97.74285714285715,209288.3,Sell
169,2023-03-09T00:00:00+05:30,3678.0,3740.95,3672.05,3712.0,164780,1.4742791729681737,3694.664062503266,3653.3923751299258,41.27168737334023,43.21145797855514,68.89999999999964,65.59999999999991,3.299999999999727,68.89999999999964,90.45714285714283,202251.6,No Signal
170,2023-03-10T00:00:00+05:30,3666.7,3674.0,3611.15,3663.3,138007,1.4430613367623757,3689.838822118148,3654.12627326845,35.71254884969812,41.71167615278374,62.84999999999991,38.0,100.84999999999991,100.84999999999991,90.24285714285712,196669.25,No Signal
171,2023-03-13T00:00:00+05:30,3606.3,3701.0,3606.3,3648.75,157253,1.3872915954709841,3683.5174648692023,3653.7280308041204,29.789434065081878,39.32722773524337,94.69999999999982,37.69999999999982,57.0,94.69999999999982,89.37857142857138,200768.25,No Signal
172,2023-03-14T00:00:00+05:30,3659.75,3669.0,3530.0,3591.05,205895,1.381208925142956,3669.291701043171,3649.085213707519,20.206487335652128,35.503079655325124,139.0,20.25,118.75,139.0,93.28928571428567,204913.65,No Signal
173,2023-03-15T00:00:00+05:30,3644.65,3653.75,3516.0,3536.0,210419,1.6354058663591662,3648.785285498068,3640.7085312106656,8.07675428740231,30.017814581740563,137.75,62.69999999999982,75.05000000000018,137.75,96.5678571428571,201817.65,Sell
174,2023-03-16T00:00:00+05:30,3502.0,3524.0,3452.3,3481.9,178257,2.0917236093497116,3623.110626190673,3628.9449363061717,-5.834310115498738,22.847389642292704,71.69999999999982,12.0,83.69999999999982,83.69999999999982,96.99999999999993,206234.25,Sell
175,2023-03-17T00:00:00+05:30,3515.0,3580.9,3515.0,3570.1,193847,2.089773147162371,3614.9551452382616,3624.5860521353443,-9.630906897082696,16.351730334417624,65.90000000000009,99.0,33.09999999999991,99.0,97.43928571428566,196027.65,Sell
176,2023-03-20T00:00:00+05:30,3525.0,3559.95,3496.0,3528.15,254959,2.295888786597862,3601.6005075092985,3617.4426408660597,-15.842133356761224,9.912957596181855,63.94999999999982,10.150000000000091,74.09999999999991,74.09999999999991,92.71785714285706,194673.7,No Signal
177,2023-03-21T00:00:00+05:30,3521.0,3528.15,3412.0,3426.9,400487,2.7514873485827396,3574.723506354022,3603.3283711722775,-28.604864818255464,2.209393113294391,116.15000000000009,0.0,116.15000000000009,116.15000000000009,95.93571428571421,202260.75,Sell
178,2023-03-22T00:00:00+05:30,3454.0,3485.0,3405.0,3411.6,249882,3.0644413685639416,3549.627582299557,3589.1262696039607,-39.498687304403575,-6.132222970245202,80.0,58.09999999999991,21.90000000000009,80.0,96.27857142857137,205033.95,Sell
179,2023-03-23T00:00:00+05:30,3400.0,3412.0,3336.0,3360.9,243351,3.5328364354105877,3520.592569638087,3572.220620003667,-51.62805036558029,-15.231388449312222,76.0,0.40000000000009095,75.59999999999991,76.0,95.51785714285708,204965.85,Sell
180,2023-03-24T00:00:00+05:30,3373.4,3402.9,3336.6,3385.5,244811,3.7480716682174253,3499.8090973860735,3558.3894629663587,-58.58036558028516,-23.90118387550681,66.30000000000018,42.0,24.300000000000182,66.30000000000018,95.83571428571425,206787.0,Sell
181,2023-03-27T00:00:00+05:30,3400.0,3425.0,3344.65,3376.05,271041,3.9449043474043775,3480.7692362497546,3544.8828360799616,-64.11359983020702,-31.943667066446853,80.34999999999991,39.5,40.84999999999991,80.34999999999991,91.57499999999995,214476.7,No Signal
182,2023-03-28T00:00:00+05:30,3376.0,3389.95,3302.0,3309.95,249233,4.379063492504637,3454.4893537497924,3527.480403777742,-72.99105002794977,-40.15314365874744,87.94999999999982,13.899999999999636,74.05000000000018,87.94999999999982,93.19642857142851,218065.15,No Signal
183,2023-03-29T00:00:00+05:30,3300.0,3394.0,3297.05,3357.3,300558,4.4370696444474955,3439.5371454805936,3514.874447942354,-75.33730246176037,-47.18997541935003,96.94999999999982,84.05000000000018,12.899999999999636,96.94999999999982,95.19999999999995,223257.8,Sell
184,2023-03-31T00:00:00+05:30,3380.0,3399.55,3342.65,3355.0,220675,4.379415734708992,3426.5314307912713,3503.0318962429205,-76.50046545164923,-53.05207342580987,56.90000000000009,42.25,14.650000000000091,56.90000000000009,92.06071428571424,227910.05,No Signal
185,2023-04-03T00:00:00+05:30,3400.0,3444.0,3370.0,3435.25,196688,4.149075732979412,3427.8727491310756,3498.0110150397413,-70.13826590866574,-56.46931192238105,74.0,89.0,15.0,89.0,91.6535714285714,224689.35,No Signal
186,2023-04-05T00:00:00+05:30,3430.0,3692.0,3410.3,3652.5,933585,3.6988654107723735,3462.4307877262945,3509.454643555316,-47.02385582902161,-54.580220703709166,281.6999999999998,256.75,24.949999999999818,281.6999999999998,101.84642857142853,261859.05,Buy
187,2023-04-06T00:00:00+05:30,3615.0,3647.0,3581.05,3597.3,306172,3.580633292106139,3483.179897306865,3515.961706995663,-32.78180968879815,-50.22053850072697,65.94999999999982,5.5,71.44999999999982,71.44999999999982,97.11071428571424,263894.2,Buy
188,2023-04-10T00:00:00+05:30,3617.0,3639.0,3550.0,3593.5,202574,3.4586833671601367,3500.1522207981166,3521.7052842552434,-21.553063457126882,-44.487043492006954,89.0,41.69999999999982,47.30000000000018,89.0,97.48928571428567,266123.7,Buy
189,2023-04-11T00:00:00+05:30,3542.0,3587.25,3511.0,3543.1,262773,3.2301792708299657,3506.75957144456,3523.2900780141144,-16.53050656955429,-38.89573610751642,76.25,6.25,82.5,82.5,96.31071428571424,271023.35,Buy
190,2023-04-12T00:00:00+05:30,3499.0,3582.65,3482.0,3569.55,189113,3.04828160480704,3516.419637376166,3526.716738901958,-10.297101525791732,-33.17600919117148,100.65000000000009,39.55000000000018,61.09999999999991,100.65000000000009,98.20714285714283,273578.65,Buy
191,2023-04-13T00:00:00+05:30,3540.0,3569.5,3501.0,3529.85,209298,2.905152482224145,3518.485847010602,3526.9488323166274,-8.46298530602553,-28.233404414142292,68.5,0.0500000000001819,68.55000000000018,68.55000000000018,94.80714285714284,276180.9,No Signal
192,2023-04-17T00:00:00+05:30,3395.0,3442.95,3310.0,3440.0,479438,2.8924356866888394,3506.411101316663,3520.5081780709515,-14.097076754288537,-25.406138882171543,132.94999999999982,86.90000000000009,219.8499999999999,219.8499999999999,104.79642857142855,289858.05,Buy
193,2023-04-18T00:00:00+05:30,3455.85,3459.0,3406.3,3450.35,218694,2.8543325442654455,3497.7863164987148,3515.3112759916216,-17.524959492906873,-23.82990300431861,52.69999999999982,19.0,33.69999999999982,52.69999999999982,103.13214285714282,290271.8,Buy
194,2023-04-19T00:00:00+05:30,3464.0,3464.0,3411.4,3435.1,363689,2.87359862199048,3488.1422678066047,3509.369699992242,-21.227432185637554,-23.3094088405824,52.59999999999991,13.650000000000091,38.94999999999982,52.59999999999991,102.15357142857137,299543.4,Buy
195,2023-04-20T00:00:00+05:30,3435.1,3448.95,3344.4,3359.6,341924,2.925739503828375,3468.366534297896,3498.275648140965,-29.909113843069008,-24.629349841079723,104.54999999999973,13.849999999999909,90.69999999999982,104.54999999999973,103.88214285714278,306947.25,Sell
196,2023-04-21T00:00:00+05:30,3369.95,3411.05,3320.05,3386.75,161937,2.8908332343824896,3455.810144405912,3490.014489019412,-34.20434461349987,-26.544348795563753,91.0,51.45000000000027,39.54999999999973,91.0,104.09999999999994,302296.15,Sell
197,2023-04-24T00:00:00+05:30,3399.0,3440.0,3375.0,3434.95,117596,2.847989859145552,3452.600891420387,3485.935637980937,-33.334746560549775,-27.90242834856096,65.0,53.25,11.75,65.0,101.8178571428571,288151.6,Sell
198,2023-04-25T00:00:00+05:30,3455.0,3464.95,3392.55,3425.75,250506,2.848766923600834,3448.4699850480197,3481.4774425749415,-33.007457526921826,-28.923434184233134,72.39999999999964,30.0,42.399999999999636,72.39999999999964,102.92499999999993,288182.8,Sell
199,2023-04-26T00:00:00+05:30,3410.05,3458.0,3399.1,3446.95,240934,2.7656763225394703,3448.236141194478,3478.919854236057,-30.683713041578812,-29.275489955702273,58.90000000000009,32.25,26.65000000000009,58.90000000000009,100.77499999999993,288061.95,Sell
200,2023-04-27T00:00:00+05:30,3500.0,3749.0,3500.0,3731.0,1975054,3.003496749059037,3491.7382733184045,3497.5924576259786,-5.854184307574087,-24.591228826076637,249.0,302.0500000000002,53.05000000000018,302.0500000000002,102.22857142857139,374574.1,Buy
201,2023-04-28T00:00:00+05:30,3731.0,3873.5,3721.0,3775.25,855661,3.4040408219962814,3535.35546203865,3518.1596829870173,17.1957790516326,-16.23382725053479,152.5,142.5,10.0,152.5,108.01785714285711,403805.1,Buy
202,2023-05-02T00:00:00+05:30,3780.0,3845.4,3745.25,3805.7,308645,3.6534612692415016,3576.946929417319,3539.4589657287197,37.48796368859939,-5.489469062707954,100.15000000000009,70.15000000000009,30.0,100.15000000000009,108.81428571428569,406775.7,Buy
203,2023-05-03T00:00:00+05:30,3798.0,3798.0,3715.0,3723.8,285413,3.7898366583146146,3599.5397095069625,3553.113857156222,46.42585235074057,4.893595219981751,83.0,7.699999999999818,90.69999999999982,90.69999999999982,109.39999999999996,406018.45,Buy
204,2023-05-04T00:00:00+05:30,3722.0,3764.95,3699.2,3725.3,218410,3.7746811690296735,3618.887446505891,3565.868386255761,53.019060250130224,14.518688226011447,65.75,41.149999999999636,24.600000000000364,65.75,106.90714285714282,405905.2,Buy
205,2023-05-05T00:00:00+05:30,3721.0,3737.0,3670.0,3676.7,205905,3.816853618392027,3627.781685504985,3574.0781354220007,53.70355008298429,22.35566059740602,67.0,11.699999999999818,55.30000000000018,67.0,106.7964285714285,406366.05,Buy
206,2023-05-08T00:00:00+05:30,3700.0,3752.8,3670.0,3737.3,161702,3.8620476408225564,3644.6306569657568,3586.16864390926,58.462013056496744,29.576931089224164,82.80000000000018,76.10000000000036,6.699999999999818,82.80000000000018,97.00714285714282,367771.9,No Signal
207,2023-05-09T00:00:00+05:30,3751.0,3820.0,3738.0,3763.5,239795,4.00353540328444,3662.918248201794,3599.3042999159816,63.61394828581251,36.384334528541835,82.0,82.69999999999982,0.6999999999998181,82.69999999999982,99.14999999999996,364453.05,No Signal
208,2023-05-10T00:00:00+05:30,3770.0,3850.0,3760.0,3835.15,423263,4.206343494218362,3689.4154407861333,3616.774351774057,72.64108901207646,43.63568542524876,90.0,86.5,3.5,90.0,101.82142857142854,375487.5,No Signal
209,2023-05-11T00:00:00+05:30,3890.0,3917.6,3825.3,3839.15,364144,4.432008216846903,3712.4515268190357,3633.2466220130154,79.2049048060203,50.74952930140307,92.29999999999973,82.44999999999982,9.849999999999909,92.29999999999973,100.94642857142854,380556.05,No Signal
210,2023-05-12T00:00:00+05:30,3827.0,3886.95,3803.0,3812.6,222911,4.618718445120878,3727.858984231492,3646.532057419459,81.32692681203298,56.86500880352906,83.94999999999982,47.79999999999973,36.15000000000009,83.94999999999982,100.4428571428571,382245.95,No Signal
211,2023-05-15T00:00:00+05:30,3815.0,3869.95,3775.15,3855.45,149314,4.7353635454937795,3747.4883712728006,3662.007460573573,85.48091069922748,62.58818918266874,94.79999999999973,57.34999999999991,37.44999999999982,94.79999999999973,102.57142857142851,379246.75,No Signal
212,2023-05-16T00:00:00+05:30,3868.0,3893.05,3840.0,3847.9,155660,4.7469004464183655,3762.9363141539084,3675.777278308864,87.1590358450444,67.50235851514388,53.05000000000018,37.600000000000364,15.449999999999818,53.05000000000018,101.18928571428569,363057.85,No Signal
213,2023-05-17T00:00:00+05:30,3847.9,3854.6,3790.0,3826.45,123834,4.7038545137031,3772.7076504379224,3686.9382206563555,85.76942978156694,71.15577276842849,64.59999999999991,6.699999999999818,57.90000000000009,64.59999999999991,101.59642857142853,358314.85,No Signal
214,2023-05-18T00:00:00+05:30,3850.0,3877.95,3825.05,3844.4,110674,4.547014374245898,3783.737242678242,3698.602056163292,85.13518651494996,73.95165551773279,52.899999999999636,51.5,1.3999999999996362,52.899999999999636,83.79999999999993,345664.1,No Signal
215,2023-05-19T00:00:00+05:30,3872.95,3908.0,3810.95,3837.35,318276,4.1383713424520865,3791.985359189282,3708.879681632678,83.10567755660395,75.78245992550703,97.05000000000018,63.59999999999991,33.45000000000027,97.05000000000018,79.83928571428565,344481.7,No Signal
216,2023-05-22T00:00:00+05:30,3835.2,3948.0,3825.35,3928.55,276494,3.696266565382847,3812.9953039293923,3725.1515570672946,87.84374686209776,78.19471731282518,122.65000000000009,110.65000000000009,12.0,122.65000000000009,81.44642857142851,350209.55,No Signal
217,2023-05-23T00:00:00+05:30,3947.0,3996.9,3884.15,3897.85,233486,3.321068375280124,3826.0498725556395,3737.9440343215692,88.10583823407023,80.1769414970742,112.75,68.34999999999991,44.40000000000009,112.75,83.02142857142852,356004.05,No Signal
218,2023-05-24T00:00:00+05:30,3880.0,3895.0,3768.4,3792.3,348959,2.6782586541317546,3820.8575844701563,3741.9704021496013,78.88718232055498,79.91898966177035,126.59999999999991,2.849999999999909,129.44999999999982,129.44999999999982,87.57142857142851,360926.7,No Signal
219,2023-05-25T00:00:00+05:30,3810.0,3832.0,3744.0,3801.5,351460,1.659522178476226,3817.8794945516706,3746.3800019903715,71.49949256129912,78.2350902416761,88.0,39.69999999999982,48.30000000000018,88.0,89.07142857142851,366453.0,No Signal
220,2023-05-26T00:00:00+05:30,3818.0,3890.0,3811.3,3878.25,292680,1.620599231498729,3827.1672646206443,3756.1481499910847,71.01911462955968,76.79189511925283,78.69999999999982,88.5,9.800000000000182,88.5,89.47857142857136,282334.3,No Signal
221,2023-05-29T00:00:00+05:30,3924.55,3933.45,3850.0,3866.8,139377,1.6421908611784897,3833.264608525161,3764.3445833250785,68.92002520008236,75.21752113541874,83.44999999999982,55.19999999999982,28.25,83.44999999999982,89.53214285714277,246520.1,No Signal
222,2023-05-30T00:00:00+05:30,3890.0,3902.9,3851.6,3872.9,108674,1.672100869280054,3839.3623610597515,3772.3857253009987,66.97663575875276,73.56934406008554,51.30000000000018,36.09999999999991,15.200000000000273,51.30000000000018,86.76785714285708,236521.55,No Signal
223,2023-05-31T00:00:00+05:30,3872.05,3924.7,3851.05,3903.0,178837,1.624360354782897,3849.152767050559,3782.060856760184,67.09191029037493,72.27385730614343,73.64999999999964,51.79999999999973,21.84999999999991,73.64999999999964,85.43571428571421,231192.75,No Signal
224,2023-06-01T00:00:00+05:30,3916.95,3932.45,3885.2,3898.05,118870,1.5520088292215384,3856.67541827355,3790.6526451483187,66.0227731252312,71.02364046996098,47.25,29.449999999999818,17.800000000000182,47.25,82.81428571428566,226215.75,No Signal
225,2023-06-02T00:00:00+05:30,3927.0,3952.1,3910.45,3935.75,216425,1.3148832216767123,3868.8407385391574,3801.4005973595545,67.44014117960296,70.30694061188937,41.65000000000009,54.04999999999973,12.399999999999636,54.04999999999973,79.90357142857137,226741.75,No Signal
226,2023-06-05T00:00:00+05:30,3959.95,3975.0,3916.55,3925.8,137494,1.2066875142908546,3877.6037018408256,3810.6153679255135,66.98833391531207,69.64321927257392,58.44999999999982,39.25,19.199999999999818,58.44999999999982,80.28928571428563,225531.35,No Signal
227,2023-06-06T00:00:00+05:30,3925.8,3929.0,3792.2,3842.1,270598,1.0950212736230325,3872.141593865314,3812.947562893994,59.19403097131999,67.55338161232314,136.80000000000018,3.199999999999818,133.60000000000036,136.80000000000018,85.44642857142851,227071.5,No Signal
228,2023-06-07T00:00:00+05:30,3879.9,3894.7,3855.0,3870.35,104771,1.0753666864430875,3871.865964039881,3817.199595272217,54.66636876766415,64.97597904339135,39.69999999999982,52.59999999999991,12.900000000000091,52.59999999999991,85.42499999999995,211146.9,No Signal
229,2023-06-08T00:00:00+05:30,3878.7,3889.0,3816.15,3829.1,103976,1.0966818841299206,3865.2865849568225,3818.081106733534,47.20547822328854,61.42187887937079,72.84999999999991,18.65000000000009,54.19999999999982,72.84999999999991,83.69642857142851,198138.5,No Signal
230,2023-06-09T00:00:00+05:30,3844.0,3852.85,3783.3,3808.45,115288,1.1098015381804909,3856.5424949634653,3817.3676914199386,39.17480354352665,56.972463812201966,69.54999999999973,23.75,45.79999999999973,69.54999999999973,79.90357142857134,192757.35,No Signal
231,2023-06-12T00:00:00+05:30,3818.0,3900.0,3804.5,3890.3,202461,1.0963224885441303,3861.735957276778,3822.770084648091,38.965872628687066,53.371145575498986,95.5,91.55000000000018,3.949999999999818,95.5,78.67142857142848,195414.7,No Signal
232,2023-06-13T00:00:00+05:30,3918.0,3959.0,3903.0,3953.8,217285,1.1838095956316168,3875.899656157274,3832.476004303788,43.42365185348581,51.381646831096354,56.0,68.69999999999982,12.699999999999818,68.69999999999982,74.33214285714277,198495.95,No Signal
233,2023-06-14T00:00:00+05:30,3958.0,3960.0,3870.0,3876.3,258839,1.178165766811823,3875.961247517693,3835.7222262072114,40.2390213104818,49.153121726973446,90.0,6.199999999999818,83.80000000000018,90.0,74.47499999999991,205246.2,No Signal
234,2023-06-15T00:00:00+05:30,3877.9,3896.95,3825.65,3836.25,353775,1.1983030595635513,3869.8518248226633,3835.761320562233,34.09050426043041,46.14059823366484,71.29999999999973,20.649999999999636,50.65000000000009,71.29999999999973,73.24642857142847,217401.25,No Signal
235,2023-06-16T00:00:00+05:30,3851.95,3914.3,3841.15,3875.0,250238,1.1672515849921445,3870.6438517730226,3838.667889409475,31.97596236354775,43.30767105964142,73.15000000000009,78.05000000000018,4.900000000000091,78.05000000000018,72.8607142857142,213999.35,No Signal
236,2023-06-19T00:00:00+05:30,3874.6,3939.75,3870.0,3905.0,166244,1.1275297929783596,3875.9294130387116,3843.581379082847,32.348033955864594,41.11574363888606,69.75,64.75,5.0,69.75,74.17857142857133,208486.85,No Signal
237,2023-06-20T00:00:00+05:30,3924.0,4000.0,3873.1,3998.0,327147,1.3003431388552105,3894.7095033404485,3855.0197954470805,39.689707893367995,40.830536489782446,126.90000000000009,95.0,31.90000000000009,126.90000000000009,77.98214285714279,213169.9,No Signal
238,2023-06-21T00:00:00+05:30,3996.0,4031.45,3936.55,3988.0,370478,1.3394155176720497,3909.061887441918,3864.870180969519,44.19170647239889,41.502770486305735,94.89999999999964,33.44999999999982,61.44999999999982,94.89999999999964,81.3857142857142,214245.85,Buy
239,2023-06-22T00:00:00+05:30,3989.0,3999.0,3940.05,3984.0,165482,1.3428011461838762,3920.590827835469,3873.6946120088137,46.89621582665541,42.58145955437567,58.94999999999982,11.0,47.94999999999982,58.94999999999982,81.7357142857142,204946.95,Buy
240,2023-06-23T00:00:00+05:30,3975.0,3975.0,3803.5,3813.0,580920,1.4841845532155762,3904.0383927838584,3869.1987148229755,34.83967796088291,41.03310323567712,171.5,9.0,180.5,180.5,90.45357142857135,219358.95,Sell
241,2023-06-26T00:00:00+05:30,3832.0,3845.95,3755.25,3812.9,327921,1.551584902752342,3890.0171015863416,3865.0284396509032,24.98866193543836,37.82421497562937,90.69999999999982,32.94999999999982,57.75,90.69999999999982,87.16071428571419,228786.15,Sell
242,2023-06-27T00:00:00+05:30,3825.85,3870.05,3806.7,3851.0,213552,1.5505384459475515,3884.014470573058,3863.9892959730587,20.025174599999445,34.26440690050338,63.350000000000364,57.15000000000009,6.200000000000273,63.350000000000364,87.92857142857136,234030.05,Sell
243,2023-06-28T00:00:00+05:30,3877.0,3898.0,3833.0,3848.9,178813,1.566800808157268,3878.612244331049,3862.8715703454245,15.740673985624653,30.559660317527637,65.0,47.0,18.0,65.0,87.36785714285709,234028.85,Sell
244,2023-06-30T00:00:00+05:30,3851.0,3945.75,3851.0,3933.8,228945,1.5549799590992543,3887.1026682801185,3868.125528097615,18.977140182503263,28.243156290522762,94.75,96.84999999999991,2.099999999999909,96.84999999999991,89.3178571428571,239532.6,Sell
245,2023-07-03T00:00:00+05:30,3960.0,3970.0,3884.7,3899.0,144114,1.5448286564796208,3888.933027006254,3870.4125260163105,18.520500989943685,26.298625230406948,85.30000000000018,36.19999999999982,49.100000000000364,85.30000000000018,88.58928571428568,235917.05,Sell
246,2023-07-04T00:00:00+05:30,3907.0,3965.9,3904.9,3953.0,188862,1.5544802064264738,3898.7894843899076,3876.530116681769,22.259367708138598,25.49077372595328,61.0,66.90000000000009,5.900000000000091,66.90000000000009,88.46071428571427,238485.45,Sell
247,2023-07-05T00:00:00+05:30,3974.85,4018.6,3937.15,4007.0,286918,1.6425062229246052,3915.4372560222296,3886.1945524831194,29.242703539110153,26.241159688584656,81.44999999999982,65.59999999999991,15.849999999999909,81.44999999999982,87.84999999999998,239301.45,Buy
248,2023-07-06T00:00:00+05:30,4020.0,4020.0,3970.0,4000.45,124867,1.735040736960309,3928.5161397111174,3894.6579189658514,33.85822074526595,27.764571899920917,50.0,13.0,37.0,50.0,86.32857142857142,240306.25,Buy
249,2023-07-07T00:00:00+05:30,3951.0,4012.3,3907.0,3959.0,196965,1.7221799977049916,3933.2059643709454,3899.423999042455,33.781965328490514,28.96805058563484,105.30000000000018,11.850000000000364,93.44999999999982,105.30000000000018,88.27499999999999,244955.7,Buy
250,2023-07-10T00:00:00+05:30,3980.0,3980.0,3850.0,3920.0,266427,1.6299491793895893,3931.174277544646,3900.948147261532,30.22613028311389,29.21966652513065,130.0,21.0,109.0,130.0,92.57857142857142,252512.65,Buy
251,2023-07-11T00:00:00+05:30,3885.0,3928.95,3833.0,3893.0,246851,1.6399019047473393,3925.3013117685464,3900.3593956125296,24.94191615601676,28.364116451307872,95.94999999999982,8.949999999999818,87.0,95.94999999999982,90.36785714285712,254732.15,Sell
252,2023-07-12T00:00:00+05:30,3911.95,3918.0,3835.0,3850.0,216419,1.6822158947251604,3913.7164945733853,3896.6290700116015,17.08742456178379,26.10877807340306,83.0,25.0,58.0,83.0,89.51785714285714,254688.85,Sell
253,2023-07-13T00:00:00+05:30,3845.0,3943.65,3825.15,3891.0,237483,1.656211623840151,3910.221649254403,3896.212101862594,14.009547391809065,23.688931937084263,118.5,93.65000000000009,24.84999999999991,118.5,93.77142857142859,253621.05,Sell
254,2023-07-14T00:00:00+05:30,3915.0,4109.9,3900.05,4106.0,774102,1.8340625716777728,3940.341395522956,3911.7519461690686,28.58944935388763,24.66903542044494,209.84999999999945,218.89999999999964,9.050000000000182,218.89999999999964,96.5142857142857,274637.4,Buy
255,2023-07-17T00:00:00+05:30,4128.0,4166.7,4067.5,4105.0,546119,2.055547862590678,3965.6734885194246,3926.0666168232115,39.60687169621315,27.65660267559858,99.19999999999982,60.69999999999982,38.5,99.19999999999982,97.12142857142855,289431.45,Buy
256,2023-07-18T00:00:00+05:30,4104.95,4119.2,4022.55,4065.0,346065,2.1836874616355413,3980.954490285667,3936.3579785400107,44.596511745656244,31.044584489610113,96.64999999999964,14.199999999999818,82.44999999999982,96.64999999999964,99.49999999999993,298422.5,Buy
257,2023-07-19T00:00:00+05:30,4035.0,4209.85,4035.0,4136.4,1264720,2.3718486533475343,4004.869184087872,3951.1759060555655,53.69327803230635,35.574323198149365,174.85000000000036,144.85000000000036,30.0,174.85000000000036,107.34642857142853,345301.15,Buy
258,2023-07-20T00:00:00+05:30,4142.8,4152.65,4034.0,4090.0,376539,2.510702911264818,4017.966232689738,3961.459172273672,56.507060416066,39.760870641732694,118.64999999999964,16.25,102.39999999999964,118.64999999999964,108.90357142857137,345604.2,Buy
259,2023-07-21T00:00:00+05:30,4010.0,4108.5,3983.2,4050.9,275239,2.585104617715382,4023.032966122086,3968.0844187719185,54.948547350167246,42.798405983419606,125.30000000000018,18.5,106.80000000000018,125.30000000000018,111.76071428571423,351092.05,Buy
260,2023-07-24T00:00:00+05:30,4049.85,4060.0,3985.0,4000.0,177599,2.4793609000836656,4019.489432872534,3970.4485358999245,49.04089697260952,44.04690418125759,75.0,9.099999999999909,65.90000000000009,75.0,112.33928571428565,330926.0,Buy
261,2023-07-25T00:00:00+05:30,4011.2,4020.0,3937.0,3975.5,195668,2.3180370022127006,4012.7218278152213,3970.8227184258562,41.899109389365094,43.61734522287909,83.0,20.0,63.0,83.0,112.44999999999995,324313.35,Sell
262,2023-07-26T00:00:00+05:30,4005.0,4019.05,3920.2,3930.0,141593,2.241301202950029,3999.9953927667257,3967.7988133572744,32.19657940945126,41.333192060193525,98.85000000000036,43.55000000000018,55.30000000000018,98.85000000000036,115.93928571428569,320715.4,Sell
263,2023-07-27T00:00:00+05:30,3978.9,3978.9,3922.5,3949.9,135553,2.098033395918542,3992.2884092641525,3966.4729753308097,25.815433933342774,38.229640434823374,56.40000000000009,48.90000000000009,7.5,56.40000000000009,112.44642857142854,318552.4,Sell
264,2023-07-28T00:00:00+05:30,3954.0,4020.0,3935.0,4016.0,176393,2.0466602158252174,3995.936346300437,3970.141643824824,25.79470247561312,35.74265284298133,85.0,70.09999999999991,14.900000000000091,85.0,109.23214285714282,315924.8,Sell
265,2023-07-31T00:00:00+05:30,4049.9,4079.95,4023.4,4031.0,145167,1.979121620659489,4001.330754561908,3974.6496702081704,26.681084353737788,33.93033914513262,56.54999999999973,63.94999999999982,7.400000000000091,63.94999999999982,106.94642857142854,315977.45,Sell
266,2023-08-01T00:00:00+05:30,4064.0,4198.0,4045.0,4155.05,621674,2.081703852432023,4024.9798692446916,3988.0126576001576,36.96721164453402,34.5377136450129,153.0,167.0,14.0,167.0,112.94642857142854,337618.05,Buy
267,2023-08-02T00:00:00+05:30,4140.05,4160.8,4062.95,4130.05,238919,2.1984744548543893,4041.144504745508,3998.5339422223683,42.61056252313983,36.15228342063829,97.85000000000036,5.75,92.10000000000036,97.85000000000036,111.47142857142856,335218.1,Buy
268,2023-08-03T00:00:00+05:30,4100.0,4223.95,4080.0,4220.0,199213,2.413226584302703,4068.6607347846607,4014.9388353910817,53.72189939357895,39.66620661522642,143.94999999999982,93.89999999999964,50.05000000000018,143.94999999999982,106.11785714285715,338935.4,Buy
269,2023-08-04T00:00:00+05:30,4234.0,4289.7,4200.0,4212.0,346031,2.584320283796433,4090.7129294331744,4029.535958695446,61.176970737728425,43.968359439726825,89.69999999999982,69.69999999999982,20.0,89.69999999999982,105.43928571428572,346388.7,Buy
270,2023-08-07T00:00:00+05:30,4254.9,4269.9,4170.0,4241.4,188116,2.6962163267649433,4113.895555674225,4045.2295913846724,68.66596428955245,48.907880409691955,99.89999999999964,57.899999999999636,42.0,99.89999999999964,105.67142857142858,342473.15,Buy
271,2023-08-08T00:00:00+05:30,4255.0,4369.95,4255.0,4267.0,445470,2.7526364577710374,4137.450085570498,4061.657029059882,75.79305651061622,54.284915629876814,114.94999999999982,128.55000000000018,13.600000000000364,128.55000000000018,102.36428571428571,352404.1,No Signal
272,2023-08-09T00:00:00+05:30,4280.0,4299.0,4237.0,4279.0,116975,2.665901905770317,4159.226995482729,4077.75650838878,81.47048709394903,59.72202992269126,62.0,32.0,30.0,62.0,98.31785714285716,347431.9,No Signal
273,2023-08-10T00:00:00+05:30,4275.0,4326.0,4215.75,4245.0,161441,2.555476148318662,4172.42284233154,4090.144915174796,82.27792715674377,64.23320936950176,110.25,47.0,63.25,110.25,97.24285714285715,343629.8,No Signal
274,2023-08-11T00:00:00+05:30,4251.95,4307.3,4234.0,4234.0,95068,2.6437449698378157,4181.8962512036105,4100.80084738407,81.09540381954048,67.60564825950951,73.30000000000018,62.30000000000018,11.0,73.30000000000018,97.1214285714286,309678.1,No Signal
275,2023-08-14T00:00:00+05:30,4230.0,4259.75,4153.3,4250.2,157920,2.7241715269194127,4192.404520249209,4111.867451281546,80.53706896766289,70.19193240114019,106.44999999999982,25.75,80.69999999999982,106.44999999999982,98.79642857142858,290268.15,No Signal
276,2023-08-16T00:00:00+05:30,4240.0,4311.9,4217.05,4283.25,161575,2.8048859362443523,4206.380747903177,4124.562454890321,81.81829301285597,72.51720452348336,94.84999999999945,61.69999999999982,33.149999999999636,94.84999999999945,98.51071428571423,281043.65,No Signal
277,2023-08-17T00:00:00+05:30,4299.9,4344.6,4240.2,4303.0,198816,2.925694291883318,4221.245248225765,4137.780050824371,83.46519740139411,74.70680309906551,104.40000000000055,61.350000000000364,43.05000000000018,104.40000000000055,101.93928571428569,227748.45,No Signal
278,2023-08-18T00:00:00+05:30,4292.0,4299.15,4232.0,4260.05,110537,3.000915579507902,4227.215210037186,4146.83708409664,80.37812594054594,75.8410676673616,67.14999999999964,3.850000000000364,71.0,71.0,100.93928571428569,214448.35,No Signal
279,2023-08-21T00:00:00+05:30,4270.0,4399.0,4260.0,4342.0,393124,3.0460439317393355,4244.874408493003,4161.293596385778,83.58081210722503,77.3890165553343,139.0,138.94999999999982,0.0500000000001819,139.0,106.29999999999998,220342.6,Buy
280,2023-08-22T00:00:00+05:30,4350.0,4381.95,4321.7,4349.1,150460,3.0398012136979324,4260.909114878695,4175.2051818386835,85.70393304001118,79.05199985226967,60.25,39.94999999999982,20.300000000000182,60.25,98.67499999999998,218985.65,No Signal
281,2023-08-23T00:00:00+05:30,4370.0,4407.3,4353.1,4362.8,152917,2.9434598802023517,4276.584635666588,4189.101094295077,87.48354137151091,80.73830815611792,54.19999999999982,58.19999999999982,4.0,58.19999999999982,95.84285714285708,216848.1,No Signal
282,2023-08-24T00:00:00+05:30,4399.95,4425.5,4366.65,4381.4,173645,2.6719766596611727,4292.710076333266,4203.345457680627,89.36461865263936,82.46357025542221,58.850000000000364,62.69999999999982,3.8499999999994543,62.69999999999982,90.03928571428567,218450.7,No Signal
283,2023-08-25T00:00:00+05:30,4360.0,4380.0,4311.75,4325.0,139558,2.2952202158414816,4297.677756897379,4212.35690525984,85.32085163753982,83.03502653184573,68.25,1.3999999999996362,69.64999999999964,69.64999999999964,88.60714285714279,218650.95,No Signal
284,2023-08-28T00:00:00+05:30,4336.0,4379.75,4323.0,4360.0,115550,1.9865316233122785,4307.265794297782,4223.293430796148,83.97236350163439,83.22249392580346,56.75,54.75,2.0,56.75,85.52499999999996,215608.8,No Signal
285,2023-08-29T00:00:00+05:30,4360.0,4410.0,4341.05,4343.0,129301,1.5947145746635103,4312.763364405816,4232.160584070507,80.60278033530903,82.69855120770458,68.94999999999982,50.0,18.949999999999818,68.94999999999982,81.26785714285708,214815.5,No Signal
286,2023-08-30T00:00:00+05:30,4358.0,4418.5,4358.0,4379.9,127323,1.520373586846522,4323.0920775741515,4243.104244509728,79.98783306442328,82.15640757904833,60.5,75.5,15.0,75.5,82.23214285714279,190097.95,No Signal
287,2023-08-31T00:00:00+05:30,4385.7,4466.45,4380.05,4400.0,226591,1.3594893530702248,4334.924065639667,4254.726152323822,80.19791331584474,81.76470872640762,86.39999999999964,86.55000000000018,0.1500000000005457,86.55000000000018,80.53928571428567,189481.55,No Signal
288,2023-09-01T00:00:00+05:30,4420.1,4460.0,4411.4,4450.7,97420,1.4648042681082498,4352.735747848949,4269.242733633168,83.49301421578093,82.11036982428229,48.600000000000364,60.0,11.399999999999636,60.0,79.58928571428565,184391.9,No Signal
289,2023-09-04T00:00:00+05:30,4475.0,4541.3,4455.0,4521.25,173354,1.6742299011991777,4378.661017410649,4287.90993854923,90.75107886141905,83.83851163170965,86.30000000000018,90.60000000000036,4.300000000000182,90.60000000000036,78.45714285714283,175758.05,No Signal
290,2023-09-05T00:00:00+05:30,4529.0,4625.0,4516.9,4602.5,277599,2.052461211978109,4413.097783962857,4311.212906064102,101.8848778987549,87.44778488511871,108.10000000000036,103.75,4.350000000000364,108.10000000000036,79.40357142857147,180232.2,No Signal
291,2023-09-06T00:00:00+05:30,4650.0,4697.0,4570.0,4617.0,308595,2.38276961892963,4444.467355660879,4333.863801911206,110.60355374967276,92.07893865802953,127.0,94.5,32.5,127.0,81.01785714285714,173388.45,No Signal
292,2023-09-07T00:00:00+05:30,4585.0,4684.0,4585.0,4636.1,151272,2.665117802075685,4473.94930094382,4356.251668436302,117.69763250751839,97.20267742792731,99.0,67.0,32.0,99.0,83.01785714285714,175103.3,No Signal
293,2023-09-08T00:00:00+05:30,4649.0,4689.0,4623.0,4654.2,133090,2.860470891584169,4501.680177721694,4378.321915218798,123.35826250289665,102.43379444292118,66.0,52.899999999999636,13.100000000000364,66.0,77.80357142857143,173685.75,No Signal
294,2023-09-11T00:00:00+05:30,4650.05,4698.95,4630.0,4637.0,98720,2.9478841211670415,4522.498611918357,4397.48325483222,125.01535708613665,106.95010697156428,68.94999999999982,44.75,24.199999999999818,68.94999999999982,78.42499999999998,173868.35,No Signal
295,2023-09-12T00:00:00+05:30,4668.85,4698.0,4575.0,4647.4,187082,2.9933069272805617,4541.714210084763,4415.99560632613,125.71860375863344,110.70380632897812,123.0,61.0,62.0,123.0,83.05357142857143,175326.45,No Signal
296,2023-09-13T00:00:00+05:30,4640.0,4657.45,4557.05,4607.65,91244,3.0045978584630055,4551.85817776403,4430.19222807975,121.66594968428035,112.89623500003857,100.39999999999964,10.050000000000182,90.34999999999945,100.39999999999964,85.74642857142855,171809.9,No Signal
297,2023-09-14T00:00:00+05:30,4629.9,4769.95,4628.0,4758.35,328756,3.121076872509891,4583.626150415718,4454.5002111849535,129.12593923076474,116.14217584618382,141.94999999999982,162.30000000000018,20.350000000000364,162.30000000000018,92.36428571428574,178306.9,Buy
298,2023-09-15T00:00:00+05:30,4790.0,4807.15,4697.7,4723.95,238674,3.139041897918572,4605.214434967146,4474.459454800883,130.75498016626352,119.06473671019977,109.44999999999982,48.79999999999927,60.650000000000546,109.44999999999982,96.12857142857145,184713.75,Buy
299,2023-09-18T00:00:00+05:30,4712.0,4719.85,4645.0,4663.2,105655,3.154420270746138,4614.1352911260465,4488.440235926743,125.69505519930317,120.39080040802045,74.85000000000036,4.099999999999454,78.94999999999982,78.94999999999982,96.84285714285716,170340.3,Buy
300,2023-09-20T00:00:00+05:30,4655.0,4674.95,4603.15,4609.45,75162,3.092138212651171,4613.414477106655,4497.403922154392,116.01055495226319,119.51475131686901,71.80000000000018,11.75,60.05000000000018,71.80000000000018,96.57857142857145,166575.4,Sell
301,2023-09-21T00:00:00+05:30,4595.0,4674.8,4589.95,4660.25,191568,2.9869992294041867,4620.619942167169,4509.466594587399,111.15334757976962,117.84247056944913,84.85000000000036,65.35000000000036,19.5,84.85000000000036,96.4571428571429,168507.95,Sell
302,2023-09-22T00:00:00+05:30,4640.0,4685.95,4621.0,4651.3,111348,2.9052163382272327,4625.339951064528,4519.97277276611,105.36717829841746,115.3474121152428,64.94999999999982,25.699999999999818,39.25,64.94999999999982,96.81071428571431,165393.1,Sell
303,2023-09-25T00:00:00+05:30,4669.95,4753.0,4651.3,4725.95,210091,2.6996992656366197,4640.818420131523,4535.2303451538055,105.58807497771795,113.39554468773784,101.69999999999982,101.69999999999982,0.0,101.69999999999982,97.60357142857141,168919.75,Sell
304,2023-09-26T00:00:00+05:30,4737.45,4749.0,4674.0,4720.0,116961,2.53603824158555,4653.000201649751,4548.916986253524,104.08321539622739,111.53307882943575,75.0,23.050000000000182,51.94999999999982,75.0,95.23928571428567,168990.3,Sell
305,2023-09-27T00:00:00+05:30,4720.0,4774.95,4697.05,4736.5,110072,2.2548337103911007,4665.846324472866,4562.812024308818,103.03430016404855,109.83332309635831,77.89999999999964,54.94999999999982,22.949999999999818,77.89999999999964,91.73214285714279,168028.85,Sell
306,2023-09-28T00:00:00+05:30,4764.0,4769.85,4601.45,4621.8,136486,1.9610661143647599,4659.069966861656,4567.181503989646,91.88846287200977,106.24435105148861,168.40000000000055,33.350000000000364,135.05000000000018,168.40000000000055,96.68928571428569,168487.0,Sell
307,2023-09-29T00:00:00+05:30,4625.0,4659.55,4525.9,4575.95,141858,1.6150535022068573,4646.2822796521705,4567.831022212636,78.45125743953486,100.68573232909786,133.65000000000055,37.75,95.90000000000055,133.65000000000055,101.52142857142859,164250.35,Sell
308,2023-10-03T00:00:00+05:30,4550.0,4638.0,4527.35,4568.25,113751,1.3489928847847732,4634.277313551836,4567.862057604292,66.41525594754421,93.83163705278713,110.64999999999964,62.05000000000018,48.599999999999454,110.64999999999964,104.5,165066.9,Sell
309,2023-10-04T00:00:00+05:30,4548.95,4564.7,4488.7,4550.6,121950,1.2912245148416677,4621.403880697708,4566.583386670641,54.82049402706707,86.02940844764312,76.0,3.550000000000182,79.55000000000018,79.55000000000018,101.39642857142859,162496.7,Sell
310,2023-10-05T00:00:00+05:30,4581.95,4653.9,4570.05,4639.65,111245,1.2460347885376855,4624.210975974984,4571.995728398741,52.21524757624229,79.26657627336296,83.84999999999945,103.29999999999927,19.449999999999818,103.29999999999927,101.60357142857141,154179.0,Sell
311,2023-10-06T00:00:00+05:30,4660.95,4689.65,4634.0,4655.0,91966,1.2305946204296911,4628.947748901909,4578.144192961798,50.80355594011144,73.57397220671265,55.649999999999636,50.0,5.649999999999636,55.649999999999636,93.98571428571424,143347.55,Sell
312,2023-10-09T00:00:00+05:30,4601.25,4764.0,4601.2,4746.95,365469,1.2829355654798513,4647.101941378539,4590.648326816479,56.453614562059556,70.14990067778204,162.80000000000018,109.0,53.80000000000018,162.80000000000018,97.79642857142855,154057.4,Sell
313,2023-10-10T00:00:00+05:30,4775.0,4828.0,4735.3,4783.6,223838,1.4021469093829675,4668.101642704917,4604.941043348592,63.16059935632529,68.75204041349069,92.69999999999982,81.05000000000018,11.649999999999636,92.69999999999982,98.7785714285714,158594.8,Sell
314,2023-10-11T00:00:00+05:30,4823.95,4858.6,4743.55,4753.85,124972,1.4646075388927493,4681.293697673392,4615.971336433881,65.32236123951043,68.06610457869463,115.05000000000018,75.0,40.05000000000018,115.05000000000018,101.86785714285712,159907.4,Sell
315,2023-10-12T00:00:00+05:30,4768.95,4797.0,4712.0,4728.1,102632,1.4927668144021573,4688.494667262101,4624.277163364705,64.21750389739555,67.29638444243481,85.0,43.149999999999636,41.850000000000364,85.0,101.87857142857138,155684.9,Sell
316,2023-10-13T00:00:00+05:30,4679.0,4785.0,4675.0,4708.0,140390,1.469114417157236,4691.495487683316,4630.478854967319,61.01663271599682,66.04043409714721,110.0,56.899999999999636,53.100000000000364,110.0,105.09642857142853,158142.2,Sell
317,2023-10-16T00:00:00+05:30,4725.85,4763.3,4681.35,4690.3,141873,1.4218324352839902,4691.311566501267,4634.910050895666,56.40151560560116,64.11265039883801,81.94999999999982,55.30000000000018,26.649999999999636,81.94999999999982,103.68571428571424,148798.05,Sell
318,2023-10-17T00:00:00+05:30,4719.9,4730.0,4602.9,4613.45,173245,1.45337828892694,4679.332863962611,4633.320417495987,46.01244646662326,60.492609612395064,127.10000000000036,39.69999999999982,87.40000000000055,127.10000000000036,107.40714285714284,145526.6,Sell
319,2023-10-18T00:00:00+05:30,4500.0,4539.8,4345.0,4353.6,825312,2.2403844965252047,4629.220115660671,4612.600386570359,16.61972909031192,51.71803350797844,194.80000000000018,73.64999999999964,268.4499999999998,268.4499999999998,121.01785714285714,181509.45,Sell
320,2023-10-19T00:00:00+05:30,4350.0,4375.95,4277.0,4367.35,333804,2.669802749931631,4588.932405559029,4594.43369126885,-5.501285709821786,40.274169664418395,98.94999999999982,22.349999999999454,76.60000000000036,98.94999999999982,116.05714285714281,194441.55,Sell
321,2023-10-20T00:00:00+05:30,4359.7,4372.85,4297.35,4313.2,170223,3.1932622598573297,4546.512035473024,4573.601565989677,-27.089530516652303,26.801429628204257,75.5,5.5,70.0,75.5,111.90357142857134,193374.3,Sell
322,2023-10-23T00:00:00+05:30,4313.2,4355.0,4200.0,4215.5,148696,3.9171766149553804,4495.587106938713,4547.075524064516,-51.4884171258027,11.143460277402866,155.0,41.80000000000018,113.19999999999982,155.0,115.07142857142851,195241.7,Sell
323,2023-10-25T00:00:00+05:30,4230.9,4252.45,4187.0,4208.5,170213,4.380037507021424,4451.419859717373,4521.995855615292,-70.57599589791971,-5.200430957661649,65.44999999999982,36.94999999999982,28.5,65.44999999999982,114.06428571428562,193247.8,Sell
324,2023-10-26T00:00:00+05:30,4168.85,4193.95,4111.0,4139.25,180823,4.958872171546639,4403.393727453162,4493.6443107549,-90.25058330173852,-22.210461426477025,82.94999999999982,14.550000000000182,97.5,97.5,113.64999999999996,196440.9,Sell
325,2023-10-27T00:00:00+05:30,4159.0,4184.95,4132.3,4176.25,154989,5.176586163772998,4368.448538614214,4470.133621069353,-101.6850824551384,-38.105385632209305,52.649999999999636,45.69999999999982,6.949999999999818,52.649999999999636,113.43571428571424,198686.75,Sell
326,2023-10-30T00:00:00+05:30,4192.0,4198.0,4140.05,4180.05,136413,5.443852565370342,4339.464148058181,4448.645945434586,-109.18179737640457,-52.32066798104836,57.94999999999982,21.75,36.19999999999982,57.94999999999982,105.94642857142851,198683.1,No Signal
327,2023-10-31T00:00:00+05:30,4207.0,4219.7,4157.45,4186.7,76236,5.661269870900816,4315.961971433846,4429.242542069061,-113.28057063521464,-64.51264851188162,62.25,39.649999999999636,22.600000000000364,62.25,103.77142857142852,195402.0,No Signal
328,2023-11-01T00:00:00+05:30,4187.0,4209.25,4155.15,4165.55,88352,5.9047944409827995,4292.821668136331,4409.709761175056,-116.88809303872495,-74.98773741725029,54.100000000000364,22.550000000000182,31.550000000000182,54.100000000000364,99.4178571428571,194132.05,No Signal
329,2023-11-02T00:00:00+05:30,4224.0,4232.35,4170.0,4211.15,92526,5.959374592856474,4280.256796115357,4395.001630717645,-114.74483460228748,-82.93915685425773,62.350000000000364,66.80000000000018,4.449999999999818,66.80000000000018,98.11785714285712,192660.85,No Signal
330,2023-11-03T00:00:00+05:30,4239.0,4255.15,4215.0,4232.45,55400,5.920438517227015,4272.901904405302,4382.960769183004,-110.05886477770218,-88.36309843894662,40.149999999999636,44.0,3.850000000000364,44.0,93.4035714285714,189868.6,No Signal
331,2023-11-06T00:00:00+05:30,4247.0,4270.0,4236.9,4261.75,75195,5.788386482405298,4271.186226804486,4373.982193687967,-102.79596688348101,-91.2496721278535,33.100000000000364,37.55000000000018,4.449999999999818,37.55000000000018,90.23214285714286,189030.05,No Signal
332,2023-11-07T00:00:00+05:30,4273.0,4304.65,4251.25,4264.85,98569,5.4968565137701475,4270.211422680719,4365.898327488859,-95.68690480813984,-92.13711866391077,53.399999999999636,42.899999999999636,10.5,53.399999999999636,84.96785714285708,175685.05,No Signal
333,2023-11-08T00:00:00+05:30,4284.0,4302.45,4271.55,4279.2,61677,5.018976925885796,4271.594280729839,4359.476229156351,-87.88194842651228,-91.28608461643107,30.899999999999636,37.599999999999454,6.699999999999818,37.599999999999454,68.47857142857136,167577.0,No Signal
334,2023-11-09T00:00:00+05:30,4285.0,4298.9,4239.95,4253.0,62789,4.553690754825542,4268.733622156017,4351.5891010706955,-82.85547891467832,-89.59996347608052,58.94999999999982,19.699999999999818,39.25,58.94999999999982,65.6214285714285,164467.85,No Signal
335,2023-11-10T00:00:00+05:30,4242.0,4280.0,4203.0,4275.05,52639,3.9601188850391185,4269.705372593553,4345.919538028422,-76.21416543486885,-86.92280386783818,77.0,27.0,50.0,77.0,65.72857142857136,161968.2,No Signal
336,2023-11-12T00:00:00+05:30,4310.0,4319.9,4282.3,4296.9,17373,3.2633009916054916,4273.889161425314,4342.2884611374275,-68.39929971211313,-83.21810303669318,37.599999999999454,44.849999999999454,7.25,44.849999999999454,57.86071428571417,155817.35,No Signal
337,2023-11-13T00:00:00+05:30,4272.2,4289.8,4243.55,4257.7,52126,2.409734288180936,4271.398521206035,4336.022649201322,-64.62412799528647,-79.49930802841185,46.25,7.099999999999454,53.349999999999454,53.349999999999454,56.99642857142843,151330.0,No Signal
338,2023-11-15T00:00:00+05:30,4300.0,4405.0,4283.05,4391.0,236115,1.5753079325607797,4289.798748712799,4340.095045556779,-50.29629684397969,-73.65870579152542,121.94999999999982,147.30000000000018,25.350000000000364,147.30000000000018,60.553571428571296,154473.5,No Signal
339,2023-11-16T00:00:00+05:30,4408.0,4455.0,4362.55,4431.85,165431,1.7379040120854166,4311.652787372369,4346.89170884887,-35.238921476500764,-65.9747489285205,92.44999999999982,64.0,28.449999999999818,92.44999999999982,63.39642857142845,121479.45,No Signal
340,2023-11-17T00:00:00+05:30,4443.0,4472.0,4388.0,4453.7,103346,1.9214260637151623,4333.506204699696,4354.803434119323,-21.297229419627,-57.0392450267418,84.0,40.149999999999636,43.850000000000364,84.0,65.25714285714275,109956.55,No Signal
341,2023-11-20T00:00:00+05:30,4455.0,4559.9,4430.0,4530.1,225432,2.304359760343102,4363.751403976667,4367.788364925299,-4.036960948632441,-46.438788211119935,129.89999999999964,106.19999999999982,23.699999999999818,129.89999999999964,70.08928571428558,112717.0,No Signal
342,2023-11-21T00:00:00+05:30,4554.8,4604.75,4535.0,4596.5,182788,2.7474671028819024,4399.558880287948,4384.729967523425,14.828912764523011,-34.18524801599135,69.75,74.64999999999964,4.899999999999636,74.64999999999964,71.55714285714268,114421.6,No Signal
343,2023-11-22T00:00:00+05:30,4603.0,4614.9,4547.15,4566.75,85850,3.0427364718305356,4425.280591012879,4398.21293289206,27.067658120819033,-21.934666788629272,67.75,18.399999999999636,49.350000000000364,67.75,71.6249999999998,110203.45,No Signal
344,2023-11-23T00:00:00+05:30,4589.95,4595.9,4505.25,4529.3,57361,3.122970326430549,4441.283577010898,4407.923086011167,33.360490999731155,-10.875635230957187,90.64999999999964,29.149999999999636,61.5,90.64999999999964,74.95714285714264,104030.35,No Signal
345,2023-11-24T00:00:00+05:30,4554.8,4603.0,4519.7,4568.55,134147,3.2078778344182974,4460.863026701529,4419.821375936265,41.04165076526351,-0.49217803171304675,83.30000000000018,73.69999999999982,9.600000000000364,83.30000000000018,78.22499999999978,102988.25,Buy
346,2023-11-28T00:00:00+05:30,4590.0,4600.0,4540.0,4591.35,75975,3.2833333189954415,4480.937945670525,4432.527199940986,48.410745729538576,9.288406720537278,60.0,31.449999999999818,28.550000000000182,60.0,78.69642857142837,99966.35,Buy
347,2023-11-29T00:00:00+05:30,4617.15,4679.9,4575.0,4675.6,241878,3.407886585084786,4510.885954028906,4450.53259253795,60.35336149095565,19.501397674620954,104.89999999999964,88.54999999999927,16.350000000000364,104.89999999999964,83.50357142857125,108248.45,Buy
348,2023-11-30T00:00:00+05:30,4689.75,4804.6,4657.0,4768.95,301031,3.5853175173809584,4550.588114947535,4474.119067164769,76.46904778276621,30.894927696250004,147.60000000000036,129.0,18.600000000000364,147.60000000000036,89.83571428571415,118882.4,Buy
349,2023-12-01T00:00:00+05:30,4799.95,4829.05,4737.1,4801.9,154790,3.816503935670597,4589.251481878684,4498.399136263675,90.85234561500874,42.88641128000175,91.94999999999982,60.100000000000364,31.849999999999454,91.94999999999982,90.90357142857127,121995.6,Buy
350,2023-12-04T00:00:00+05:30,4830.15,4855.0,4727.6,4748.1,156871,3.940192530227158,4613.689715435809,4516.89549654044,96.79421889536934,53.66797280307527,127.39999999999964,53.100000000000364,74.29999999999927,127.39999999999964,96.79999999999986,127069.15,Buy
351,2023-12-05T00:00:00+05:30,4754.95,4768.1,4620.55,4675.3,211638,3.954187560131918,4623.168220753377,4528.629163463371,94.53905729000599,61.84218970046142,147.55000000000018,20.0,127.55000000000018,147.55000000000018,103.52857142857134,133891.3,Buy
352,2023-12-06T00:00:00+05:30,4699.0,4880.75,4690.3,4858.95,388468,3.972523026765804,4659.442340637473,4553.097373577195,106.34496706027767,70.74274517242468,190.44999999999982,205.44999999999982,15.0,205.44999999999982,107.68214285714274,148386.25,Buy
353,2023-12-07T00:00:00+05:30,4889.9,4975.0,4858.95,4926.5,408048,4.124629153757846,4700.528134385554,4580.756827386292,119.77130699926238,80.54845753779222,116.05000000000018,116.05000000000018,0.0,116.05000000000018,109.36785714285705,165704.8,Buy
354,2023-12-08T00:00:00+05:30,4950.0,4988.65,4891.0,4939.05,214082,4.182023076175129,4737.2238060185455,4607.297062394715,129.9267436238306,90.42411475499989,97.64999999999964,62.149999999999636,35.5,97.64999999999964,110.34285714285703,173269.45,Buy
355,2023-12-11T00:00:00+05:30,4974.0,5014.0,4930.5,4944.5,125459,4.173560725704784,4769.112451246461,4632.275057772884,136.83739347357732,99.70677049871539,83.5,74.94999999999982,8.550000000000182,83.5,107.02857142857134,176910.45,Buy
356,2023-12-12T00:00:00+05:30,4979.0,5015.0,4930.0,4947.5,166688,4.097630484425671,4796.5566895162365,4655.625053493411,140.93163602282584,107.95174360353748,85.0,70.5,14.5,85.0,107.76785714285708,184376.2,Buy
357,2023-12-13T00:00:00+05:30,4957.8,4999.95,4872.0,4923.95,105935,3.8031921897046654,4816.155660359892,4675.500975456862,140.6546849030301,114.49233186343601,127.94999999999982,52.44999999999982,75.5,127.94999999999982,112.06785714285706,187066.65,Buy
358,2023-12-14T00:00:00+05:30,4999.95,5149.45,4982.2,5090.6,401653,3.7921928848557136,4858.377866458371,4706.2490513489465,152.12881510942407,122.01962851263363,167.25,225.5,58.25,225.5,121.69999999999995,195343.55,Buy
359,2023-12-15T00:00:00+05:30,5200.25,5294.0,5161.0,5263.45,509363,4.069546460338981,4920.696656234006,4747.523195693469,173.17346054053723,132.25039491821437,133.0,203.39999999999964,70.39999999999964,203.39999999999964,130.27857142857133,212540.15,Buy
360,2023-12-18T00:00:00+05:30,5280.0,5367.0,5223.25,5329.15,217147,4.402756809161989,4983.535632198005,4790.606662679137,192.92896951886814,144.38610983834513,143.75,103.55000000000018,40.19999999999982,143.75,136.2607142857142,218230.2,Buy
361,2023-12-19T00:00:00+05:30,5360.0,5360.0,5154.0,5175.45,254395,4.596948286730338,5013.060919552158,4819.113576554757,193.9473429974014,154.2983564701564,206.0,30.850000000000364,175.14999999999964,206.0,143.4821428571428,219678.35,Buy
362,2023-12-20T00:00:00+05:30,5235.0,5345.0,5010.3,5047.9,358526,4.643037755530616,5018.4207780825955,4836.0607190321825,182.36005905041293,159.9106969862077,334.6999999999998,169.55000000000018,165.14999999999964,334.6999999999998,156.84642857142848,228465.25,Buy
363,2023-12-21T00:00:00+05:30,4980.0,5159.75,4951.0,5138.55,223421,4.484813604657665,5036.902196839119,4858.467332437206,178.43486440191282,163.61553046934873,208.75,111.85000000000036,96.89999999999964,208.75,165.18928571428563,235343.8,Buy
364,2023-12-22T00:00:00+05:30,5178.0,5246.95,5123.85,5204.55,148323,4.285844280059382,5062.694166556177,4884.103085590005,178.59108096617183,166.61064056871336,123.09999999999945,108.39999999999964,14.699999999999818,123.09999999999945,164.88214285714275,239891.9,Buy
365,2023-12-26T00:00:00+05:30,5224.8,5250.0,5177.2,5197.5,120235,4.105775958313488,5083.433525547534,4907.3176718425975,176.11585370493685,168.51168319595806,72.80000000000018,45.44999999999982,27.350000000000364,72.80000000000018,159.54285714285703,239196.3,Buy
366,2023-12-27T00:00:00+05:30,5225.0,5243.6,5173.1,5190.0,95294,3.857086179554911,5099.828367770991,4928.25710355796,171.5712642130302,169.1235993993725,70.5,46.100000000000364,24.399999999999636,70.5,149.90357142857133,240162.25,Buy
367,2023-12-28T00:00:00+05:30,5224.0,5239.55,5166.3,5175.55,100034,3.660927743998487,5111.477849652377,4946.575095887,164.90275376537647,168.2794302725733,73.25,49.55000000000018,23.699999999999818,73.25,146.84642857142848,233070.05,Sell
368,2023-12-29T00:00:00+05:30,5205.0,5307.5,5136.35,5254.95,272242,3.560189029161012,5133.550488167396,4969.417681376852,164.13280679054424,167.4501055761675,171.14999999999964,131.94999999999982,39.19999999999982,171.14999999999964,152.09642857142848,231630.6,Sell
369,2024-01-01T00:00:00+05:30,5255.0,5267.55,5200.0,5210.35,73532,3.488296254476534,5145.365797680104,4987.264519793382,158.10127788672253,165.5803400382785,67.55000000000018,12.600000000000364,54.94999999999982,67.55000000000018,150.95714285714277,227567.7,Sell
370,2024-01-02T00:00:00+05:30,5190.0,5209.85,5113.75,5183.5,159950,3.235182159438165,5151.2325980370115,5001.800481290168,149.43211674684335,162.3506953799915,96.10000000000036,0.5,96.60000000000036,96.60000000000036,151.78571428571422,227721.65,Sell
371,2024-01-03T00:00:00+05:30,5164.05,5164.05,5061.0,5115.05,134958,2.686186257565563,5145.666044492856,5010.189334527933,135.47670996492252,156.9758982969777,103.05000000000018,19.449999999999818,122.5,122.5,151.39642857142852,223887.65,Sell
372,2024-01-04T00:00:00+05:30,5159.0,5294.0,5131.1,5229.55,296732,2.42739397304033,5158.571268417032,5026.43827271105,132.13299570598247,152.00731777877866,162.89999999999964,178.94999999999982,16.050000000000182,178.94999999999982,148.0714285714285,219300.85,Sell
373,2024-01-05T00:00:00+05:30,5210.0,5283.45,5176.6,5217.7,138812,2.2909462547639,5167.667996352873,5040.605808065787,127.06218828708643,147.01829188044022,106.84999999999945,53.899999999999636,52.94999999999982,106.84999999999945,141.17499999999993,205839.05,Sell
374,2024-01-08T00:00:00+05:30,5250.0,5250.0,5150.0,5158.65,61751,2.1305018138144156,5166.280612298585,5049.349822283136,116.93079001544902,141.000791507442,100.0,32.30000000000018,67.69999999999982,100.0,138.04999999999993,198222.5,No Signal
375,2024-01-09T00:00:00+05:30,5237.8,5373.95,5220.1,5245.8,374739,1.9160948105583535,5178.514364252649,5063.9016872992,114.61267695344941,135.7231685966435,153.84999999999945,215.30000000000018,61.45000000000073,215.30000000000018,138.71428571428564,210686.5,No Signal
376,2024-01-10T00:00:00+05:30,5260.0,5357.4,5221.35,5342.15,163752,1.7615626802291038,5203.689077444549,5084.512673425185,119.17640401936387,132.41381568118757,136.04999999999927,111.59999999999945,24.449999999999818,136.04999999999927,124.52499999999989,210539.7,No Signal
377,2024-01-11T00:00:00+05:30,5396.95,5396.95,5300.0,5349.2,142086,1.4749516970874947,5226.075373222311,5104.119142060356,121.95623116195475,130.32229877734102,96.94999999999982,54.80000000000018,42.149999999999636,96.94999999999982,116.5392857142856,212347.25,No Signal
378,2024-01-12T00:00:00+05:30,5415.0,5540.0,5380.5,5468.95,423262,1.7140402645148385,5263.440700418879,5131.143650055886,132.2970503629931,130.71724909447144,159.5,190.80000000000018,31.300000000000182,190.80000000000018,121.37499999999993,213427.7,No Signal
379,2024-01-15T00:00:00+05:30,5545.0,5566.0,5351.45,5444.65,410854,1.9406347897514928,5291.31905420059,5154.366342644338,136.95271155625142,131.96434158682746,214.55000000000018,97.05000000000018,117.5,214.55000000000018,131.49999999999994,208502.25,No Signal
380,2024-01-16T00:00:00+05:30,5470.0,5479.95,5333.6,5349.8,248027,1.995128150877152,5300.316122785114,5168.842909855869,131.47321292924516,131.866115855311,146.34999999999945,35.30000000000018,111.04999999999927,146.34999999999945,136.91785714285703,210046.25,No Signal
381,2024-01-17T00:00:00+05:30,5374.0,5565.0,5374.0,5540.05,944092,2.2655931675973826,5337.198257741251,5196.339731348027,140.85852639322366,133.66459796289354,191.0,215.19999999999982,24.199999999999818,215.19999999999982,147.05714285714274,244531.1,Buy
382,2024-01-18T00:00:00+05:30,5500.0,5518.0,5274.25,5406.6,328360,2.2221934214153176,5347.875448857982,5211.914566062988,135.96088279499327,134.1238549293135,243.75,22.050000000000182,265.8000000000002,265.8000000000002,153.81785714285706,243022.8,Buy
383,2024-01-19T00:00:00+05:30,5484.0,5516.3,5353.8,5387.05,147985,2.2006235566164043,5353.902302879831,5224.887561169434,129.01474171039717,133.10203228553024,162.5,109.69999999999982,52.80000000000018,162.5,160.5999999999999,239251.0,Sell
384,2024-01-20T00:00:00+05:30,5444.0,5484.15,5385.0,5416.15,90264,2.225745284453277,5363.478871667549,5239.055149230957,124.42372243659247,131.3663703157427,99.14999999999964,97.09999999999945,2.050000000000182,99.14999999999964,160.7821428571427,236348.05,Sell
385,2024-01-23T00:00:00+05:30,5435.0,5471.95,5311.15,5361.25,114334,2.223219759635847,5363.135968334081,5248.106619658293,115.02934867578733,128.09896598775163,160.80000000000018,55.80000000000018,105.0,160.80000000000018,163.51785714285703,236053.0,Sell
386,2024-01-24T00:00:00+05:30,5344.7,5508.0,5290.0,5499.75,169344,2.25207701849608,5384.153511667299,5266.746870053976,117.4066416133237,125.96050111286604,218.0,146.75,71.25,218.0,166.30714285714274,239755.5,Sell
387,2024-01-25T00:00:00+05:30,5535.95,5535.95,5331.85,5385.9,162024,2.2282581042119913,5384.422202180022,5275.573027827755,108.84917435226726,122.53823576074629,204.09999999999945,36.19999999999982,167.89999999999964,204.09999999999945,173.25357142857132,242855.0,Sell
388,2024-01-29T00:00:00+05:30,5430.0,5453.95,5367.05,5437.65,95567,2.2266799585864074,5392.611094152327,5287.578729470144,105.03236468218256,119.03706154503355,86.89999999999964,68.05000000000018,18.849999999999454,86.89999999999964,172.317857142857,234021.25,Sell
389,2024-01-30T00:00:00+05:30,5468.9,5547.6,5452.0,5474.9,161652,2.2084271824774815,5405.270925821199,5301.454379139022,103.81654668217652,115.99295857246216,95.60000000000036,109.95000000000073,14.350000000000364,109.95000000000073,164.79285714285703,238427.25,Sell
390,2024-01-31T00:00:00+05:30,5474.0,5632.4,5416.0,5583.95,238436,2.2359416716298397,5432.760014156399,5322.37998068428,110.38003347211907,114.87037355239354,216.39999999999964,157.5,58.899999999999636,216.39999999999964,170.5321428571428,242351.55,Sell
391,2024-02-01T00:00:00+05:30,5580.0,5606.2,5485.4,5505.6,75442,2.0471851689667813,5443.966165824645,5335.951833966926,108.0143318577193,113.4991652134587,120.80000000000018,22.25,98.55000000000018,120.80000000000018,172.23571428571424,239375.75,Sell
392,2024-02-02T00:00:00+05:30,5560.65,5612.0,5514.0,5523.15,112677,1.9872186442716366,5456.148294159315,5349.818364784191,106.32992937512427,112.06531804579181,98.0,106.39999999999964,8.399999999999636,106.39999999999964,166.20714285714277,230173.0,Sell
393,2024-02-05T00:00:00+05:30,5588.0,5588.0,5437.85,5479.7,69904,1.8534184831451264,5459.77163351942,5359.439226652028,100.33240686739191,109.71873581011184,150.14999999999964,64.85000000000036,85.29999999999927,150.14999999999964,161.60714285714272,226727.6,Sell
394,2024-02-06T00:00:00+05:30,5460.0,5593.05,5448.0,5580.3,120096,1.5715896203073554,5478.314459131817,5375.799283937063,102.51517519475419,108.27802368704032,145.05000000000018,113.35000000000036,31.699999999999818,145.05000000000018,161.51428571428565,229644.85,Sell
395,2024-02-07T00:00:00+05:30,5600.0,5619.9,5526.55,5550.95,38856,1.4112871097064061,5489.489157726922,5388.773411052835,100.7157466740864,106.76556828444954,93.34999999999945,39.599999999999454,53.75,93.34999999999945,152.81071428571417,212850.7,No Signal
396,2024-02-08T00:00:00+05:30,5570.0,5608.45,5536.05,5562.25,56853,1.3878324799823205,5500.683133461242,5401.623528752625,99.05960470861646,105.22437556928293,72.39999999999964,57.5,14.899999999999636,72.39999999999964,138.99642857142842,207505.75,No Signal
397,2024-02-09T00:00:00+05:30,5562.25,5617.45,5465.1,5565.8,66043,1.3511837635877642,5510.701112928743,5413.784748845023,96.9163640837196,103.56277327217026,152.34999999999945,55.19999999999982,97.14999999999964,152.34999999999945,138.2714285714284,203703.6,No Signal
398,2024-02-12T00:00:00+05:30,5585.0,5678.9,5544.0,5571.4,229627,1.4020845354647544,5520.039403247398,5425.459952634281,94.57945061311693,101.7661087403596,134.89999999999964,113.09999999999945,21.800000000000182,134.89999999999964,140.82499999999982,194021.85,No Signal
399,2024-02-13T00:00:00+05:30,5575.0,5632.0,5482.5,5615.2,106865,1.4790645630277368,5534.67949505549,5439.514770957668,95.16472409782273,100.44583181185223,149.5,60.600000000000364,88.89999999999964,149.5,140.01785714285694,178822.4,No Signal
400,2024-02-14T00:00:00+05:30,5531.0,5540.0,5290.0,5402.75,365547,1.4641131984516516,5514.382649662338,5436.791454590433,77.59119507190462,95.87490446386272,250.0,75.19999999999982,325.1999999999998,325.1999999999998,147.67499999999978,184698.4,No Signal
401,2024-02-15T00:00:00+05:30,5499.0,5500.0,5380.0,5432.6,131719,1.4606754058178564,5501.80070356044,5436.480976472623,65.31972708781632,89.76386898865344,120.0,97.25,22.75,120.0,141.66785714285697,144079.75,No Signal
402,2024-02-16T00:00:00+05:30,5468.0,5477.7,5424.1,5462.7,88564,1.4154388378386815,5495.785210704988,5438.42312636354,57.36208434144737,83.28351205921223,53.599999999999454,45.099999999999454,8.5,53.599999999999454,139.28928571428554,132089.95,No Signal
403,2024-02-19T00:00:00+05:30,5463.0,5494.85,5400.0,5448.4,95074,1.3614469106787646,5488.495178288836,5439.162154040315,49.333024248520815,76.49341449707396,94.85000000000036,32.150000000000546,62.69999999999982,94.85000000000036,138.2107142857141,129444.4,No Signal
404,2024-02-20T00:00:00+05:30,5448.0,5470.0,5372.0,5410.9,69672,1.3763350643492076,5476.557458552092,5437.06866114844,39.488797403651915,69.09249107838956,98.0,21.600000000000364,76.39999999999964,98.0,129.75357142857123,128414.8,No Signal
405,2024-02-21T00:00:00+05:30,5410.9,5429.9,5250.0,5276.55,115961,1.594347040308218,5445.787080313308,5425.178389952259,20.608690361049412,59.39573093492153,179.89999999999964,19.0,160.89999999999964,179.89999999999964,133.97499999999977,128496.15,No Signal
406,2024-02-22T00:00:00+05:30,5290.0,5377.1,5235.1,5351.05,81175,1.672237594147077,5431.212144880492,5419.687398103943,11.524746776548454,49.82153410324692,142.0,100.55000000000018,41.44999999999982,142.0,136.51785714285694,124087.7,No Signal
407,2024-02-23T00:00:00+05:30,5424.8,5524.8,5403.25,5441.65,199198,1.602460835361745,5432.817968745032,5421.314257503651,11.503711241381097,42.15796953087376,121.55000000000018,173.75,52.19999999999982,173.75,138.20357142857125,125946.4,No Signal
408,2024-02-26T00:00:00+05:30,5441.65,5467.45,5394.6,5431.15,89718,1.6091168444164077,5432.561358168873,5422.042831021899,10.51852714697452,35.83008105409391,72.84999999999945,25.800000000000182,47.04999999999927,72.84999999999945,133.04642857142835,125653.95,No Signal
409,2024-02-27T00:00:00+05:30,5440.1,5488.05,5380.0,5393.2,73962,1.6631699112390788,5426.505764604431,5419.906325020276,6.599439584154425,29.983952760106014,108.05000000000018,56.900000000000546,51.149999999999636,108.05000000000018,134.0964285714284,121269.45,No Signal
410,2024-02-28T00:00:00+05:30,5399.0,5418.0,5292.3,5314.95,111926,1.7554518922585847,5409.343339280672,5412.131782426181,-2.788443145509518,23.429473578982908,125.69999999999982,24.800000000000182,100.89999999999964,125.69999999999982,137.90357142857127,114943.95,No Signal
411,2024-02-29T00:00:00+05:30,5314.95,5344.65,5267.05,5302.55,153967,1.8783722114857828,5392.913594775953,5404.014613357575,-11.101018581622156,16.523375146861895,77.59999999999945,29.699999999999818,47.899999999999636,77.59999999999945,132.56428571428555,118870.2,No Signal
412,2024-03-01T00:00:00+05:30,5342.0,5388.95,5270.95,5287.0,186522,1.98700626145331,5376.619195579653,5395.346864219977,-18.727668640323827,9.473166389424751,118.0,86.39999999999964,31.600000000000364,118.0,131.35714285714272,122562.45,No Signal
413,2024-03-02T00:00:00+05:30,5320.0,5400.35,5281.0,5312.15,10413,2.045853067009137,5366.700857798168,5389.184133537015,-22.483275738847624,3.081877963770276,119.35000000000036,113.35000000000036,6.0,119.35000000000036,129.20357142857134,119587.9,No Signal
414,2024-03-04T00:00:00+05:30,5324.0,5340.5,5235.1,5258.45,108641,2.091067675745154,5350.046879675373,5379.5001236453845,-29.4532439700115,-3.425146422986079,105.39999999999964,28.350000000000364,77.04999999999927,105.39999999999964,113.5035714285713,119015.15,No Signal
415,2024-03-05T00:00:00+05:30,5274.0,5283.95,5215.05,5262.85,137127,2.1036294089063095,5336.631975109931,5370.859373745727,-34.22739863579591,-9.585596865548045,68.89999999999964,25.5,43.399999999999636,68.89999999999964,109.85357142857129,123928.7,No Signal
416,2024-03-06T00:00:00+05:30,5245.0,5299.6,5137.0,5285.75,146468,2.029508466572889,5328.803978939172,5364.5549756904875,-35.75099675131514,-14.818676842701466,162.60000000000036,36.75,125.85000000000036,162.60000000000036,117.63928571428563,128409.45,No Signal
417,2024-03-07T00:00:00+05:30,5325.0,5332.4,5233.55,5301.15,233329,1.9004888123517532,5324.549520640838,5359.858310824526,-35.30879018368796,-18.916699510898766,98.84999999999945,46.649999999999636,52.19999999999982,98.84999999999945,117.92499999999986,136773.75,No Signal
418,2024-03-11T00:00:00+05:30,5275.05,5300.0,5223.05,5270.8,108245,1.7545511459335539,5316.28036361917,5353.261398911598,-36.981035292427805,-22.529566667204577,76.94999999999982,1.1499999999996362,78.09999999999945,78.09999999999945,116.50357142857125,130704.65,No Signal
419,2024-03-12T00:00:00+05:30,5265.05,5321.95,5200.2,5271.05,203968,1.3865191469761535,5309.321846139298,5347.171665658887,-37.84981951958889,-25.593617237681443,121.75,51.149999999999636,70.60000000000036,121.75,112.34999999999984,135559.8,No Signal
420,2024-03-13T00:00:00+05:30,5319.0,5319.0,5125.25,5154.4,125309,1.6160540166428292,5285.487715964021,5332.892283017488,-47.40456705346696,-29.95580720083855,193.75,47.94999999999982,145.80000000000018,193.75,116.04642857142842,123547.9,No Signal
421,2024-03-14T00:00:00+05:30,5125.05,5276.6,5100.0,5262.9,192376,1.5445289340436934,5282.012682738787,5327.707669460637,-45.69498672185,-33.10364310504084,176.60000000000036,122.20000000000073,54.399999999999636,176.60000000000036,116.24999999999987,126580.75,No Signal
422,2024-03-15T00:00:00+05:30,5270.0,5437.85,5242.2,5419.35,313116,1.4379973022831443,5303.141500778974,5334.49599024133,-31.35448946235647,-32.753812376503966,195.65000000000055,174.95000000000073,20.699999999999818,195.65000000000055,125.02142857142852,137808.35,No Signal
423,2024-03-18T00:00:00+05:30,5437.0,5438.0,5301.05,5387.0,109824,1.3704007831969325,5316.042808351439,5338.38517614938,-22.342367797940824,-30.671523460791338,136.94999999999982,18.649999999999636,118.30000000000018,136.94999999999982,127.0857142857142,138545.85,Buy
424,2024-03-19T00:00:00+05:30,5400.0,5400.0,5156.85,5190.55,232938,1.4625811063878618,5296.736222451218,5327.434422360537,-30.698199909318646,-30.6768587504968,243.14999999999964,13.0,230.14999999999964,243.14999999999964,135.4749999999999,146709.15,Sell
425,2024-03-20T00:00:00+05:30,5229.8,5229.8,5125.3,5191.9,122746,1.5418505603394848,5280.607572843338,5317.394835519015,-36.787262675677084,-31.89893953553286,104.5,39.25,65.25,104.5,137.39642857142852,147048.4,Sell
426,2024-03-21T00:00:00+05:30,5270.0,5468.0,5232.25,5457.5,218560,1.5864819123951257,5307.821792405902,5327.77299585094,-19.951203445038118,-29.509392317433914,235.75,276.10000000000036,40.350000000000364,276.10000000000036,148.6892857142857,153917.65,Buy
427,2024-03-22T00:00:00+05:30,5301.0,5400.0,5228.1,5369.85,212489,1.530883762668535,5317.364593574224,5330.889810973093,-13.525217398868335,-26.3125573337208,171.89999999999964,57.5,229.39999999999964,229.39999999999964,156.54999999999993,154582.2,Buy
428,2024-03-26T00:00:00+05:30,5350.0,5432.0,5326.05,5419.35,93802,1.5001748071013408,5333.054656101267,5337.442417567679,-4.387761466411575,-21.927598160258956,105.94999999999982,62.149999999999636,43.80000000000018,105.94999999999982,156.58928571428564,154786.4,Buy
429,2024-03-27T00:00:00+05:30,5453.0,5470.0,5405.4,5446.3,131297,1.5623191504718985,5350.477016701072,5345.505942192295,4.971074508776837,-16.547863626451797,64.60000000000036,50.649999999999636,13.950000000000728,64.60000000000036,156.28214285714284,157653.15,Buy
430,2024-03-28T00:00:00+05:30,5475.0,5555.0,5427.55,5482.65,235359,1.7074802036614736,5370.811321823984,5355.664761289162,15.146560534822129,-10.208978794197012,127.44999999999982,108.69999999999982,18.75,127.44999999999982,153.77142857142852,163824.8,Buy
431,2024-04-01T00:00:00+05:30,5490.0,5617.3,5490.0,5602.5,161908,2.0206905806871114,5406.455733851064,5373.94885304552,32.506880805543915,-1.6658068742488266,127.30000000000018,134.65000000000055,7.350000000000364,134.65000000000055,156.32857142857145,164221.85,Buy
432,2024-04-02T00:00:00+05:30,5550.0,5652.05,5530.25,5582.5,204205,2.251130157846425,5433.539467104746,5389.397086153259,44.14238095148721,7.495830690898381,121.80000000000018,49.55000000000018,72.25,121.80000000000018,159.45000000000007,165106.0,Buy
433,2024-04-03T00:00:00+05:30,5567.0,5817.95,5540.55,5756.7,364195,2.6949835016543187,5483.256472165554,5416.604709401166,66.65176276438888,19.327017105596482,277.39999999999964,235.44999999999982,41.94999999999982,277.39999999999964,170.5678571428572,182795.1,Buy
434,2024-04-04T00:00:00+05:30,5828.95,5869.85,5752.25,5829.0,235144,3.1505438379631943,5536.447784140085,5447.152508704783,89.29527543530185,33.320668771537555,117.60000000000036,113.15000000000055,4.449999999999818,117.60000000000036,165.12857142857152,189120.25,Buy
435,2024-04-05T00:00:00+05:30,5821.9,5829.35,5761.0,5806.45,76779,3.479265659964428,5577.986586580072,5473.767137689614,104.2194488904579,47.50042479532163,68.35000000000036,0.3500000000003638,68.0,68.35000000000036,157.39642857142866,186102.85,Buy
436,2024-04-08T00:00:00+05:30,5864.0,5873.35,5685.0,5701.45,113128,3.6533717115576847,5596.980957875446,5490.632534897791,106.34842297765499,59.27002443178831,188.35000000000036,66.90000000000055,121.44999999999982,188.35000000000036,156.87500000000006,184435.85,Buy
437,2024-04-09T00:00:00+05:30,5725.0,5773.0,5618.3,5631.7,126667,3.7178404659920163,5602.322348971531,5501.081976757214,101.24037221431718,67.66409398829408,154.69999999999982,71.55000000000018,83.14999999999964,154.69999999999982,158.1428571428572,179102.75,Buy
438,2024-04-10T00:00:00+05:30,5641.0,5666.0,5603.85,5647.85,77138,3.6873602518572164,5609.326602975911,5511.953682182605,97.37292079330564,73.6058593492964,62.149999999999636,34.30000000000018,27.849999999999454,62.149999999999636,145.21428571428578,177547.4,No Signal
439,2024-04-12T00:00:00+05:30,5647.85,5756.85,5635.05,5650.85,109274,3.63565057217747,5615.7148179026935,5522.242298317227,93.47251958546622,77.57919139653036,121.80000000000018,109.0,12.800000000000182,121.80000000000018,146.45000000000007,172812.7,No Signal
440,2024-04-15T00:00:00+05:30,5550.0,5608.9,5445.0,5462.55,91658,3.461828451461451,5592.150999763818,5517.820646590026,74.33035317379199,76.9294237519827,163.89999999999964,41.95000000000073,205.85000000000036,205.85000000000036,141.43214285714294,171130.15,No Signal
441,2024-04-16T00:00:00+05:30,5420.0,5462.1,5378.4,5389.05,49142,3.3815573222046313,5560.904692107846,5508.28208017595,52.622611931896245,72.06806138796541,83.70000000000073,0.4499999999998181,84.15000000000055,84.15000000000055,131.057142857143,163968.45,No Signal
442,2024-04-18T00:00:00+05:30,5344.7,5403.85,5251.15,5277.6,128283,3.5818403373914287,5517.319354860485,5491.1945186814355,26.124836179049453,62.879416346182225,152.70000000000073,14.800000000000182,137.90000000000055,152.70000000000073,134.39642857142877,154726.8,No Signal
443,2024-04-19T00:00:00+05:30,5222.2,5274.6,5180.9,5232.1,113259,3.7748338943533,5473.4394541127185,5472.00233211244,1.4371220002785776,50.590957477001496,93.70000000000073,3.0,96.70000000000073,96.70000000000073,136.68928571428594,154898.55,No Signal
444,2024-04-22T00:00:00+05:30,5242.0,5300.0,5168.0,5202.2,99184,3.7779644915730244,5431.710307326146,5452.016974178186,-20.306666852039598,36.41143261119328,132.0,67.89999999999964,64.10000000000036,132.0,137.01428571428596,148210.85,No Signal
445,2024-04-23T00:00:00+05:30,5223.0,5250.0,5153.2,5215.9,125963,3.7304312332785847,5398.508721583662,5434.526827942765,-36.0181063591026,21.925524817134104,96.80000000000018,47.80000000000018,49.0,96.80000000000018,134.3107142857145,148371.7,No Signal
446,2024-04-24T00:00:00+05:30,5254.0,5271.85,5190.75,5245.2,131415,3.871955420361349,5374.922764416945,5420.502618465523,-45.579854048577545,8.424449043991775,81.10000000000036,55.95000000000073,25.149999999999636,81.10000000000036,131.40357142857167,144014.45,No Signal
447,2024-04-25T00:00:00+05:30,5223.3,5240.6,5091.05,5182.85,202131,4.116050463216657,5345.3731083528,5402.89872080141,-57.525612448609536,-4.765563254528487,149.55000000000018,4.599999999999454,154.14999999999964,154.14999999999964,122.60000000000024,143496.55,No Signal
448,2024-04-26T00:00:00+05:30,4901.0,4958.65,4690.0,4778.1,1706962,5.565615668409646,5258.100322452369,5356.617334075379,-98.51701162301015,-23.51585292822482,268.64999999999964,224.20000000000073,492.85000000000036,492.85000000000036,149.40357142857167,224154.55,Sell
449,2024-04-29T00:00:00+05:30,4825.0,4830.0,4675.0,4714.45,449361,6.649018473893599,5174.461811305851,5309.0493834031295,-134.5875720972781,-45.730196762035476,155.0,51.899999999999636,103.10000000000036,155.0,155.59285714285735,240057.75,Sell
450,2024-04-30T00:00:00+05:30,4717.0,4737.45,4625.0,4640.15,275055,7.715066421688718,5092.259994181874,5259.501280928824,-167.2412867469493,-70.03241475901825,112.44999999999982,23.0,89.44999999999982,112.44999999999982,150.17142857142875,242042.55,Sell
451,2024-05-02T00:00:00+05:30,4650.95,4660.0,4611.65,4623.65,205486,8.456411990251231,5020.166148923125,5212.401186045207,-192.23503712208276,-94.47293923163116,48.350000000000364,19.850000000000364,28.5,48.350000000000364,142.57500000000022,244221.45,No Signal
452,2024-05-03T00:00:00+05:30,4649.95,4664.5,4550.1,4574.0,183349,9.191910646863173,4951.525202934951,5165.112209301118,-213.58700636616686,-118.2957526585383,114.39999999999964,40.850000000000364,73.54999999999927,114.39999999999964,146.30714285714308,243178.65,Sell
453,2024-05-06T00:00:00+05:30,4600.0,4619.05,4488.3,4498.6,182229,9.753648464839708,4881.844402483421,5115.740934538072,-233.8965320546513,-141.4159085377609,130.75,45.05000000000018,85.69999999999982,130.75,146.94642857142875,234080.35,Sell
454,2024-05-07T00:00:00+05:30,4550.0,4563.3,4447.0,4504.9,355333,9.793214582063403,4823.85295594751,5070.493457905623,-246.6405019581125,-162.46082722183124,116.30000000000018,64.69999999999982,51.600000000000364,116.30000000000018,140.55000000000018,240089.8,No Signal
455,2024-05-08T00:00:00+05:30,4509.7,4539.9,4458.05,4500.4,207869,9.67372198078063,4774.090962724817,5028.264312875576,-254.1733501507597,-180.80333180761693,81.84999999999945,35.0,46.849999999999454,81.84999999999945,140.38571428571439,246644.3,No Signal
456,2024-05-09T00:00:00+05:30,4485.0,4516.0,4384.3,4401.9,167708,9.888452354485636,4716.830814613306,4981.866956366274,-265.03614175296843,-197.64989379668725,131.69999999999982,15.600000000000364,116.09999999999945,131.69999999999982,138.88571428571433,249373.3,No Signal
457,2024-05-10T00:00:00+05:30,4390.0,4426.4,4337.75,4359.0,114994,9.955833533808471,4661.779920057413,4935.728663302106,-273.9487432446931,-212.90966368628844,88.64999999999964,24.5,64.14999999999964,88.64999999999964,138.31071428571425,248789.65,No Signal
458,2024-05-13T00:00:00+05:30,4359.0,4430.0,4320.2,4413.8,99060,9.463826859390748,4623.629163125503,4897.067280835283,-273.4381177097803,-225.01535449098682,109.80000000000018,71.0,38.80000000000018,109.80000000000018,136.72499999999997,249885.75,No Signal
459,2024-05-14T00:00:00+05:30,4448.0,4498.0,4405.0,4481.2,101922,8.63197621666752,4601.716984183117,4866.262297069707,-264.5453128865893,-232.9213461701073,93.0,84.19999999999982,8.800000000000182,93.0,136.4535714285714,249518.15,No Signal
460,2024-05-15T00:00:00+05:30,4482.05,4543.55,4436.55,4470.6,73614,8.166330032442598,4581.545140462637,4836.953978768247,-255.4088383056096,-237.4188445972078,107.0,62.350000000000364,44.649999999999636,107.0,138.30357142857136,248615.95,No Signal
461,2024-05-16T00:00:00+05:30,4500.0,4566.55,4475.0,4507.55,252819,7.559687837482144,4570.161272699155,4812.553684044673,-242.39241134551776,-238.4135579468698,91.55000000000018,95.94999999999982,4.399999999999636,95.94999999999982,134.14642857142852,258799.8,No Signal
462,2024-05-17T00:00:00+05:30,4530.0,4547.9,4447.6,4454.5,204439,7.2227739365139305,4552.367230745439,4786.031188930253,-233.66395818481396,-237.46363799445862,100.29999999999927,40.349999999999454,59.94999999999982,100.29999999999927,106.10714285714273,262607.6,No Signal
463,2024-05-18T00:00:00+05:30,4470.0,4497.9,4440.1,4467.0,15898,6.713495379559895,4539.233810630756,4762.399249009493,-223.16543837873724,-234.60399807131435,57.79999999999927,43.399999999999636,14.399999999999636,57.79999999999927,99.16428571428553,257739.55,No Signal
464,2024-05-21T00:00:00+05:30,4469.0,4499.0,4425.05,4482.85,104737,6.104545417744118,4530.559378226025,4741.691897231012,-211.13251900498744,-229.90970225804898,73.94999999999982,32.0,41.94999999999982,73.94999999999982,96.41428571428553,258017.2,No Signal
465,2024-05-22T00:00:00+05:30,4485.0,4635.65,4475.25,4588.15,408737,5.139286954951385,4539.4194738835595,4730.318423362049,-190.89894947848916,-222.10755170213702,160.39999999999964,152.79999999999927,7.600000000000364,160.39999999999964,104.4178571428569,272155.9,No Signal
466,2024-05-23T00:00:00+05:30,4599.95,4640.0,4560.0,4617.65,201136,3.8923115695433426,4551.454939439935,4721.972614224119,-170.51767478418424,-211.78957631854647,80.0,51.850000000000364,28.149999999999636,80.0,101.96071428571408,275641.95,No Signal
467,2024-05-24T00:00:00+05:30,4639.9,4639.9,4557.9,4589.8,160664,2.305620870703442,4557.354179526098,4712.182050207517,-154.82787068141897,-200.39723519112098,82.0,22.25,59.75,82.0,98.47857142857121,273568.6,No Signal
468,2024-05-27T00:00:00+05:30,4593.1,4635.0,4574.15,4602.25,240994,1.9694530307434372,4564.261228829775,4704.038935377331,-139.77770654755568,-188.27332946240793,60.850000000000364,45.19999999999982,15.650000000000546,60.850000000000364,94.51785714285695,200270.2,No Signal
469,2024-05-28T00:00:00+05:30,4629.0,4686.55,4592.25,4640.95,270304,1.804950301996366,4576.059501317502,4699.365680904936,-123.3061795874346,-175.27989948741327,94.30000000000018,84.30000000000018,10.0,94.30000000000018,95.40714285714272,191317.35,No Signal
470,2024-05-29T00:00:00+05:30,4640.0,4699.0,4599.0,4668.15,268651,1.8436939066744182,4590.227270345578,4697.053408245311,-106.82613789973311,-161.58914716987724,100.0,58.05000000000018,41.94999999999982,100.0,93.14285714285701,190997.15,No Signal
471,2024-05-30T00:00:00+05:30,4640.0,4650.85,4519.0,4549.7,246876,1.8247297384281076,4583.992305677028,4686.138340967881,-102.14603529085343,-149.7005247940725,131.85000000000036,17.299999999999272,149.14999999999964,149.14999999999964,97.46428571428558,193066.65,No Signal
472,2024-05-31T00:00:00+05:30,4553.45,4590.0,4432.1,4490.8,308705,1.8299721001757874,4569.655027880562,4671.668834229519,-102.01380634895759,-140.16318110504952,157.89999999999964,40.30000000000018,117.59999999999945,157.89999999999964,100.89999999999984,199334.45,No Signal
473,2024-06-03T00:00:00+05:30,4589.0,4615.0,4467.4,4481.2,177248,1.8398887525976015,4556.046562052783,4657.560031693999,-101.51346964121603,-132.43323881228284,147.60000000000036,124.19999999999982,23.400000000000546,147.60000000000036,104.79999999999986,199085.4,No Signal
474,2024-06-04T00:00:00+05:30,4501.05,4501.05,4200.0,4417.9,435024,1.9281324374501525,4534.793244813894,4639.807436753703,-105.01419193980928,-126.94942943778814,301.0500000000002,19.850000000000364,281.1999999999998,301.0500000000002,118.66071428571415,203069.95,Buy
475,2024-06-05T00:00:00+05:30,4428.0,4650.0,4422.65,4623.65,224946,1.9224084519954183,4548.463514842525,4638.610589586762,-90.14707474423722,-119.58895849907796,227.35000000000036,232.10000000000036,4.75,232.10000000000036,128.3857142857142,203923.8,Buy
476,2024-06-06T00:00:00+05:30,4699.0,4707.0,4641.0,4682.5,194647,1.9670964424880815,4569.0845125590595,4641.86165702478,-72.77714446572008,-110.22659569240639,66.0,83.35000000000036,17.350000000000364,83.35000000000036,127.17499999999998,205270.75,Buy
477,2024-06-07T00:00:00+05:30,4720.0,4874.95,4714.95,4799.85,737767,2.1135270019850503,4604.586895242282,4653.564497245166,-48.97760200288485,-97.97679695450209,160.0,192.44999999999982,32.44999999999982,192.44999999999982,136.79285714285717,236409.4,Buy
478,2024-06-10T00:00:00+05:30,4775.0,4866.0,4712.05,4799.15,422379,2.294949981331033,4634.519680589623,4664.348608560339,-29.828927970715995,-84.34722315774488,153.94999999999982,66.14999999999964,87.80000000000018,153.94999999999982,142.5071428571429,252575.35,Buy
479,2024-06-11T00:00:00+05:30,4809.95,4898.0,4793.2,4875.9,207998,2.610245467289616,4671.655114345066,4680.019082000314,-8.363967655247507,-69.15057205724541,104.80000000000018,98.85000000000036,5.949999999999818,104.80000000000018,138.53571428571436,257879.15,Buy
480,2024-06-12T00:00:00+05:30,4935.65,4939.0,4852.0,4886.4,207276,2.864717463613289,4704.69278906121,4695.306557407698,9.386231653511459,-53.44321131509404,87.0,63.100000000000364,23.899999999999636,87.0,139.03571428571436,264562.25,Buy
481,2024-06-13T00:00:00+05:30,4928.9,4955.4,4882.95,4905.1,156208,3.102279389122073,4735.524667667178,4710.846812414536,24.677855252642075,-37.81899800154682,72.44999999999982,69.0,3.449999999999818,72.44999999999982,138.35357142857148,259731.7,Buy
482,2024-06-14T00:00:00+05:30,4893.0,4897.1,4830.2,4845.8,188153,3.165820172607213,4752.490103410689,4720.843344828274,31.646758582414805,-23.925846684754493,66.90000000000055,8.0,74.90000000000055,74.90000000000055,139.35714285714292,258917.4,Buy
483,2024-06-18T00:00:00+05:30,4845.8,4895.0,4836.2,4863.25,102589,3.166962702309801,4769.530087501352,4731.391985952106,38.13810154924613,-11.513057037954368,58.80000000000018,49.19999999999982,9.600000000000364,58.80000000000018,136.82142857142864,263251.95,Buy
484,2024-06-19T00:00:00+05:30,4890.0,4890.0,4815.5,4864.55,99270,3.1489290722050893,4784.148535578067,4741.255542548246,42.8929930298209,-0.6318470243993156,74.5,26.75,47.75,74.5,135.00000000000006,262978.6,Buy
485,2024-06-20T00:00:00+05:30,4889.0,4889.15,4846.65,4874.35,85558,3.2113655598904756,4798.025683950672,4751.114391248376,46.91129270229612,8.876780920939773,42.5,24.599999999999454,17.900000000000546,42.5,127.38214285714295,246819.65,Buy
486,2024-06-21T00:00:00+05:30,4920.1,5020.0,4861.05,4888.65,412510,3.2801034630258323,4811.9678864197995,4761.302214118867,50.66567230093278,17.234559196938378,158.94999999999982,145.64999999999964,13.300000000000182,158.94999999999982,127.45714285714295,257388.35,Buy
487,2024-06-24T00:00:00+05:30,4885.5,4886.9,4800.05,4824.3,109072,3.297735705980752,4813.865134662908,4765.968716776729,47.896417886178824,23.366930934786467,86.84999999999945,1.75,88.59999999999945,88.59999999999945,123.24285714285718,254808.75,Buy
488,2024-06-25T00:00:00+05:30,4827.75,4893.2,4827.75,4834.85,93194,3.2641974990366487,4817.093575483998,4771.071034052527,46.022541431471836,27.898053034123542,65.44999999999982,68.89999999999964,3.449999999999818,68.89999999999964,106.66071428571429,247418.75,No Signal
489,2024-06-26T00:00:00+05:30,4855.85,4869.95,4825.0,4845.7,142353,3.2531610902485686,4821.494563871075,4776.599105604191,44.89545826688391,31.297534080675618,44.94999999999982,35.099999999999454,9.850000000000364,44.94999999999982,93.2928571428571,241021.2,No Signal
490,2024-06-27T00:00:00+05:30,4863.95,4937.95,4824.55,4894.55,284254,3.258466507571815,4832.733861737063,4785.33620889277,47.39765284429359,34.517557833399216,113.39999999999964,92.25,21.149999999999636,113.39999999999964,95.43928571428562,241801.35,No Signal
491,2024-06-28T00:00:00+05:30,4903.0,4956.15,4887.05,4909.05,106907,3.145706775429081,4844.474806085207,4794.500193419231,49.974612665975656,37.60896879991451,69.09999999999945,61.599999999999454,7.5,69.09999999999945,86.6285714285713,234802.9,No Signal
492,2024-07-01T00:00:00+05:30,4917.05,5058.0,4892.35,5041.55,292391,2.957065173679206,4874.794066687483,4812.800179091881,61.993887595602246,42.48595255905206,165.64999999999964,148.94999999999982,16.699999999999818,165.64999999999964,87.46428571428558,233987.2,No Signal
493,2024-07-02T00:00:00+05:30,5080.0,5109.5,4992.1,5025.25,150813,2.6930312908322542,4897.941133350947,4828.537202862853,69.40393048809437,47.869548144860524,117.39999999999964,67.94999999999982,49.44999999999982,117.39999999999964,88.36428571428554,232665.45,No Signal
494,2024-07-03T00:00:00+05:30,5031.1,5062.95,4986.3,5038.35,86838,2.01569775565297,4919.542497450801,4844.078891539679,75.46360591112261,53.38835969811294,76.64999999999964,37.69999999999982,38.94999999999982,76.64999999999964,87.6249999999998,215256.15,No Signal
495,2024-07-04T00:00:00+05:30,5048.0,5097.9,5045.0,5059.9,124256,1.8428018387422413,4941.135959381448,4860.065640314518,81.0703190669301,58.92475157187638,52.899999999999636,59.54999999999927,6.649999999999636,59.54999999999927,86.7035714285712,210221.65,No Signal
496,2024-07-05T00:00:00+05:30,5059.9,5135.0,4952.2,5125.4,144797,1.8431293139589435,4969.484273322763,4879.720037328257,89.76423599450663,65.09264845640243,182.80000000000018,75.10000000000036,107.69999999999982,182.80000000000018,94.41071428571402,207729.15,No Signal
497,2024-07-08T00:00:00+05:30,5150.0,5160.0,5067.05,5109.05,140578,1.9686504829324467,4990.9559235808,4896.707441970608,94.24848161019236,70.92381508716042,92.94999999999982,34.600000000000364,58.349999999999454,92.94999999999982,96.84999999999971,177869.7,No Signal
498,2024-07-09T00:00:00+05:30,5120.0,5139.0,5031.75,5073.4,112857,1.9933832710388153,5003.639627645292,4909.795779602415,93.84384804287765,75.50782167830387,107.25,29.949999999999818,77.30000000000018,107.25,99.18928571428543,162393.6,No Signal
499,2024-07-10T00:00:00+05:30,5073.4,5098.5,4970.1,5039.25,81409,2.030745447102147,5009.1181464690935,4919.384981113347,89.73316535574668,78.35289041379244,128.39999999999964,25.100000000000364,103.29999999999927,128.39999999999964,105.32499999999969,156064.15,No Signal
500,2024-07-11T00:00:00+05:30,5062.1,5087.75,4930.0,4942.85,156916,2.0501518507411336,4998.92304701231,4921.123130660506,77.79991635180431,78.24229560139482,157.75,48.5,109.25,157.75,105.23928571428542,153546.15,No Signal
501,2024-07-12T00:00:00+05:30,5020.0,5136.6,4967.2,5056.3,289616,2.0451424432655867,5007.750270548878,4931.136232093061,76.61403845581663,77.91664417227918,169.40000000000055,193.75,24.349999999999454,193.75,112.74999999999974,160216.55,Sell
502,2024-07-15T00:00:00+05:30,5080.0,5082.35,4981.55,4990.5,112669,2.0072134863925584,5005.096382772127,4935.533548234316,69.56283453781089,76.24588224538553,100.80000000000018,26.050000000000182,74.75,100.80000000000018,115.02857142857121,156442.35,Sell
503,2024-07-16T00:00:00+05:30,5020.0,5020.4,4827.7,4867.4,226101,2.0535002170778807,4983.9123238841075,4930.486618735478,53.42570514862928,71.68184682603429,192.69999999999982,29.899999999999636,162.80000000000018,192.69999999999982,125.58214285714264,162617.95,Sell
504,2024-07-18T00:00:00+05:30,4865.2,4940.0,4728.05,4849.95,463557,2.077881940833203,4963.302735594245,4924.520943273591,38.78179232065395,65.10183592495822,211.94999999999982,72.60000000000036,139.34999999999945,211.94999999999982,132.62142857142837,180832.3,Sell
505,2024-07-19T00:00:00+05:30,4790.0,4972.5,4744.8,4880.1,567807,2.059656217380196,4950.502314733592,4921.230503031103,29.271811702489686,57.93583108046452,227.69999999999982,122.55000000000018,105.14999999999964,227.69999999999982,143.94999999999982,204944.75,Sell
506,2024-07-22T00:00:00+05:30,4870.0,5040.0,4842.15,5001.2,371802,1.9828456505495002,4958.301958620732,4927.154169473243,31.147789147488766,52.57822269386937,197.85000000000036,159.89999999999964,37.95000000000073,197.85000000000036,146.24999999999986,202909.35,Sell
507,2024-07-23T00:00:00+05:30,5022.0,5140.0,4933.15,5123.0,267076,1.922467566474452,4983.640118832927,4941.661268030781,41.97885080214655,50.45834831552481,206.85000000000036,138.80000000000018,68.05000000000018,206.85000000000036,152.63928571428565,210809.55,Sell
508,2024-07-24T00:00:00+05:30,5125.0,5213.9,5111.0,5169.95,244540,1.9347132025779552,5012.303177474016,4958.571544472945,53.731633001070804,51.11300525263401,102.89999999999964,90.89999999999964,12.0,102.89999999999964,154.51428571428565,218376.85,Buy
509,2024-07-25T00:00:00+05:30,5140.05,5224.15,5092.55,5197.6,160193,1.9622310830607745,5040.810380939552,4976.277355993468,64.53302494608397,53.79700919132401,131.59999999999945,54.19999999999982,77.39999999999964,131.59999999999945,159.66071428571422,219268.85,Buy
510,2024-07-26T00:00:00+05:30,5200.0,5230.0,5167.55,5214.05,120576,2.038366998232224,5067.462630025774,4993.8901444383955,73.57248558737865,57.75210447053494,62.44999999999982,32.399999999999636,30.050000000000182,62.44999999999982,151.06428571428563,211084.95,Buy
511,2024-07-29T00:00:00+05:30,5230.0,5259.45,5148.0,5200.5,80552,2.076123724686752,5087.9299177141165,5009.194578183699,78.73533953041715,61.94875148251138,111.44999999999982,45.399999999999636,66.05000000000018,111.44999999999982,152.3857142857142,209767.2,Buy
512,2024-07-30T00:00:00+05:30,5224.0,5224.0,5150.05,5199.25,65654,2.1722712283630163,5105.056084219637,5023.2727575775,81.78332664213758,65.91566651443662,73.94999999999982,23.5,50.44999999999982,73.94999999999982,150.00714285714275,198430.35,Buy
513,2024-07-31T00:00:00+05:30,5199.25,5234.5,5162.65,5215.95,165111,2.2614386552323578,5122.116686647385,5037.545145905093,84.5715407422922,69.64684136000774,71.85000000000036,35.25,36.600000000000364,71.85000000000036,145.9678571428571,199145.25,Buy
514,2024-08-01T00:00:00+05:30,5260.65,5267.85,5105.4,5122.5,95576,2.3104682037477438,5122.175657932403,5043.8380980602715,78.33755987213135,71.38498506243246,162.45000000000073,51.900000000000546,110.55000000000018,162.45000000000073,146.30357142857142,199582.15,Buy
515,2024-08-02T00:00:00+05:30,5100.0,5212.45,5019.85,5100.6,129670,2.322987123870322,5118.856325942802,5048.042683389141,70.81364255366134,71.27071656067824,192.59999999999945,89.94999999999982,102.64999999999964,192.59999999999945,146.22142857142853,199852.85,Sell
516,2024-08-05T00:00:00+05:30,4930.0,5026.0,4763.0,4873.5,213284,2.58306289779424,5081.109198874678,5035.113595730686,45.99560314399241,66.21569387734108,263.0,74.60000000000036,337.60000000000036,337.60000000000036,163.13571428571427,203277.2,Sell
517,2024-08-06T00:00:00+05:30,4875.0,4970.0,4875.0,4927.75,166715,2.613044815856786,5057.515475970882,5027.160736787672,30.35473918320986,59.04350293851484,95.0,96.5,1.5,96.5,156.2642857142857,204584.05,Sell
518,2024-08-07T00:00:00+05:30,4984.0,4990.0,4888.0,4962.0,90135,2.6240230085821055,5042.820787359978,5022.334015544141,20.48677181583662,51.3321567139792,102.0,62.25,39.75,102.0,148.41071428571428,203447.95,Sell
519,2024-08-08T00:00:00+05:30,4960.0,4961.0,4864.85,4896.35,105542,2.746645899243613,5020.286820073828,5013.0018662445755,7.284953829252117,42.52271613703379,96.14999999999964,1.0,97.14999999999964,97.14999999999964,139.08571428571426,204654.6,No Signal
520,2024-08-09T00:00:00+05:30,4950.0,5062.8,4887.75,4896.9,85703,2.7895294065702694,5001.304232370162,5004.401728004236,-3.097495634074221,33.39867378281219,175.05000000000018,166.44999999999982,8.600000000000364,175.05000000000018,137.45714285714283,201093.95,No Signal
521,2024-08-12T00:00:00+05:30,4875.0,4893.6,4814.0,4849.1,60658,2.9448280138009224,4977.8881966209065,4992.897896300219,-15.00969967931269,23.716999090387215,79.60000000000036,3.2999999999992724,82.89999999999964,82.89999999999964,128.60357142857134,189646.05,No Signal
522,2024-08-13T00:00:00+05:30,4879.0,4879.0,4803.0,4823.45,49821,3.104734352081268,4954.128474063844,4980.346200277981,-26.217726214136746,13.730054029482424,76.0,29.899999999999636,46.100000000000364,76.0,126.68214285714281,186503.65,No Signal
523,2024-08-14T00:00:00+05:30,4859.0,4937.4,4806.55,4916.85,81995,3.0002925451800864,4948.393324207868,4975.642778035167,-27.249453827298566,5.5341524581262265,130.84999999999945,113.94999999999982,16.899999999999636,130.84999999999945,126.62857142857138,179298.35,No Signal
524,2024-08-16T00:00:00+05:30,4985.0,5224.5,4980.35,5207.55,529747,2.8298234226744166,4988.263582022042,4992.821090773303,-4.557508751260684,3.5158202162488448,244.14999999999964,307.64999999999964,63.5,307.64999999999964,144.14285714285708,182607.85,No Signal
525,2024-08-19T00:00:00+05:30,5237.0,5332.45,5210.15,5284.05,187873,2.8777269447514047,5033.769184787881,5014.393602567873,19.375582220008255,6.687772617000727,122.30000000000018,124.89999999999964,2.5999999999994543,124.89999999999964,145.10357142857134,163611.15,No Signal
526,2024-08-20T00:00:00+05:30,5284.05,5395.0,5277.0,5376.2,159873,3.1051097077949055,5086.450848666669,5041.194076451734,45.256772214935154,14.401572536587613,118.0,110.94999999999982,7.050000000000182,118.0,148.24999999999994,153014.7,Buy
527,2024-08-21T00:00:00+05:30,5380.0,5443.0,5359.5,5424.45,96278,3.391450700717195,5138.4507181025665,5069.583404121976,68.86731398059055,25.2947208253882,83.5,66.80000000000018,16.699999999999818,83.5,149.08214285714277,144474.8,Buy
528,2024-08-22T00:00:00+05:30,5455.0,5513.75,5440.0,5488.3,117273,3.7114767565437017,5192.273684548326,5100.599448261089,91.67423628723736,38.570623917758034,73.75,89.30000000000018,15.550000000000182,89.30000000000018,143.85714285714272,138111.45,No Signal
529,2024-08-23T00:00:00+05:30,5475.0,5507.75,5417.8,5462.2,98101,3.988595149136373,5233.80081000243,5127.384674315823,106.41613568660705,52.13972627152784,89.94999999999982,19.449999999999818,70.5,89.94999999999982,136.5249999999999,135006.85,No Signal
530,2024-08-26T00:00:00+05:30,5520.0,5574.65,5472.0,5513.05,139061,4.247342362844677,5276.76222384821,5155.952476218355,120.80974762985534,65.87373054319335,102.64999999999964,112.44999999999982,9.800000000000182,112.44999999999982,120.442857142857,135931.1,No Signal
531,2024-08-27T00:00:00+05:30,5520.0,5530.0,5455.0,5487.4,66673,4.49581503930832,5309.16803556387,5180.504144646625,128.66389091724523,78.43176261800373,75.0,16.949999999999818,58.05000000000018,75.0,118.90714285714272,135237.15,No Signal
532,2024-08-28T00:00:00+05:30,5555.05,5708.1,5518.15,5678.6,566444,4.815202350986166,5366.003722400198,5217.40013393206,148.6035884681378,92.46612778803055,189.95000000000073,220.70000000000073,30.75,220.70000000000073,127.3857142857142,160276.65,No Signal
533,2024-08-29T00:00:00+05:30,5678.6,6000.0,5628.45,5810.25,353414,5.3038690298595235,5434.349303569398,5261.314938825982,173.03436474341652,108.57977517910774,371.5500000000002,321.39999999999964,50.150000000000546,371.5500000000002,146.98571428571424,169691.8,Buy
534,2024-08-30T00:00:00+05:30,5870.0,5870.0,5706.25,5716.1,246977,5.733999473154632,5477.695564558721,5295.002721135168,182.6928434235533,123.40238882799686,163.75,59.75,104.0,163.75,146.17857142857136,177261.85,Buy
535,2024-09-02T00:00:00+05:30,5740.0,5837.0,5724.1,5738.6,202938,6.005514045403581,5517.834708472764,5327.861778828859,189.97292964390454,136.7164969911784,112.89999999999964,120.89999999999964,8.0,120.89999999999964,148.89285714285708,180925.25,Buy
536,2024-09-03T00:00:00+05:30,5744.3,5781.05,5707.55,5747.7,119292,6.047150082073584,5553.198599476954,5358.960906323018,194.23769315393565,148.22073622372986,73.5,42.44999999999982,31.050000000000182,73.5,148.71428571428564,176225.65,Buy
537,2024-09-04T00:00:00+05:30,5660.0,5708.0,5612.15,5684.1,113111,6.067629198217996,5573.3372764805,5383.045283632424,190.291992848076,156.6349875485991,95.85000000000036,39.69999999999982,135.55000000000018,135.55000000000018,149.04999999999998,173545.45,Buy
538,2024-09-05T00:00:00+05:30,5728.0,5740.0,5647.5,5674.85,102296,5.98566258895261,5588.954618560423,5404.6604478078,184.29417075262336,162.16682418940397,92.5,55.899999999999636,36.600000000000364,92.5,133.68214285714288,174153.5,No Signal
539,2024-09-06T00:00:00+05:30,5705.0,5783.25,5601.2,5622.05,109626,5.74929521345182,5594.046215704973,5420.763377599815,173.2828381051586,164.3900269725549,182.05000000000018,108.39999999999964,73.65000000000055,182.05000000000018,137.76428571428576,174357.7,No Signal
540,2024-09-09T00:00:00+05:30,5605.0,5642.95,5514.8,5582.1,82360,5.380762869118314,5592.208336365747,5432.714238518347,159.49409784739964,163.41084114752385,128.14999999999964,20.899999999999636,107.25,128.14999999999964,138.48928571428573,174190.55,Sell
541,2024-09-10T00:00:00+05:30,5610.0,5725.45,5597.0,5697.75,94088,4.714551027634056,5608.445515386401,5452.346517146618,156.0989982397832,161.94847256597575,128.44999999999982,143.34999999999945,14.899999999999636,143.34999999999945,142.7642857142857,175862.05,Sell
542,2024-09-11T00:00:00+05:30,5719.0,5750.95,5640.0,5675.5,87222,3.8629663100270615,5618.761589942339,5468.876404765387,149.8851851769523,159.53581508817106,110.94999999999982,53.19999999999982,57.75,110.94999999999982,144.31071428571425,177732.1,Sell
543,2024-09-12T00:00:00+05:30,5738.0,5755.45,5670.05,5712.9,76968,2.907347773804445,5633.244422258902,5486.952226634618,146.29219562428443,156.88709119539374,85.39999999999964,79.94999999999982,5.449999999999818,85.39999999999964,143.98571428571424,177480.75,Sell
544,2024-09-13T00:00:00+05:30,5730.0,5810.0,5684.6,5777.5,150559,2.539885460410764,5655.437588065225,5508.474283920942,146.96330414428303,154.9023337851716,125.39999999999964,97.10000000000036,28.299999999999272,125.39999999999964,144.91071428571422,158521.35,Sell
545,2024-09-16T00:00:00+05:30,5799.9,5822.9,5697.6,5707.6,76806,2.221307060593488,5663.462574516729,5523.224336963835,140.23823755289322,151.96951453871594,125.29999999999927,45.399999999999636,79.89999999999964,125.29999999999927,148.50357142857132,152968.0,Sell
546,2024-09-17T00:00:00+05:30,5708.0,5758.1,5648.35,5663.4,113413,1.9788629398857722,5663.452947668001,5533.607719410958,129.84522825704244,147.54465728238125,109.75,50.5,59.25,109.75,140.57857142857125,150645.0,Sell
547,2024-09-18T00:00:00+05:30,5665.0,5686.55,5412.5,5478.05,180270,1.954973545846497,5634.929417257539,5529.492332787924,105.437084469615,139.12314271982802,274.0500000000002,23.150000000000546,250.89999999999964,274.0500000000002,133.61428571428556,154844.6,No Signal
548,2024-09-19T00:00:00+05:30,5544.0,5631.85,5420.0,5502.45,155593,1.9271419789002924,5614.547968448687,5527.489197025856,87.05877142283134,128.7102684604287,211.85000000000036,153.80000000000018,58.05000000000018,211.85000000000036,137.04999999999987,156760.6,No Signal
549,2024-09-20T00:00:00+05:30,5545.0,5549.95,5456.45,5472.95,121020,1.919969764101493,5592.763665610428,5523.449256505422,69.31440910500532,116.83109658934403,93.5,47.5,46.0,93.5,135.092857142857,157906.55,No Signal
550,2024-09-23T00:00:00+05:30,5484.95,5498.0,5413.9,5490.75,66414,1.9429556683052376,5577.069255516516,5521.027089356872,56.042166159643784,104.67331050340398,84.10000000000036,25.050000000000182,59.05000000000018,84.10000000000036,135.8499999999999,154274.2,No Signal
551,2024-09-24T00:00:00+05:30,5497.95,5530.0,5427.95,5501.35,108010,1.920102178310075,5565.420139283206,5519.569527182289,45.850612100916806,92.90877082290655,102.05000000000018,39.25,62.80000000000018,102.05000000000018,133.45714285714277,156341.05,No Signal
552,2024-09-25T00:00:00+05:30,5519.8,5519.9,5375.0,5435.05,93053,2.1224248924538984,5545.363194778097,5513.3088214650825,32.054373313014366,80.73789132092811,144.89999999999964,18.549999999999272,126.35000000000036,144.89999999999964,137.19999999999987,132671.5,No Signal
553,2024-09-26T00:00:00+05:30,5464.8,5480.0,5413.55,5459.95,125111,2.0853221182709416,5532.222703273775,5509.356316171373,22.86638710240186,69.16359047722287,66.44999999999982,44.94999999999982,21.5,66.44999999999982,128.942857142857,121256.35,No Signal
554,2024-09-27T00:00:00+05:30,5555.0,5588.25,5341.1,5356.55,306248,2.3375460888196313,5505.196133539348,5498.037329788308,7.158803751040068,56.76263313198631,247.14999999999964,128.30000000000018,118.84999999999945,247.14999999999964,137.442857142857,124219.9,No Signal
555,2024-09-30T00:00:00+05:30,5360.0,5376.4,5285.85,5344.25,98852,2.486693669650708,5480.43518991791,5486.645675729915,-6.210485812004663,44.16800934318812,90.54999999999927,19.849999999999454,70.69999999999982,90.54999999999927,133.6714285714284,119015.6,No Signal
556,2024-10-01T00:00:00+05:30,5345.0,5400.0,5312.5,5345.65,72956,2.552511863509647,5459.699006853616,5476.201551601773,-16.50254474815665,32.03389852491917,87.5,55.75,31.75,87.5,131.99642857142842,116698.8,No Signal
557,2024-10-03T00:00:00+05:30,5300.0,5321.35,5091.05,5099.95,320993,3.2811681230793748,5404.353005799214,5448.3310662979375,-43.97806049872361,16.831506720190614,230.30000000000018,24.299999999999272,254.59999999999945,254.59999999999945,144.0821428571427,127092.9,Sell
558,2024-10-04T00:00:00+05:30,5100.0,5240.95,5055.15,5071.6,319501,3.792838341794495,5353.160235676258,5420.425061386979,-67.2648257107212,0.012240234008251642,185.80000000000018,141.0,44.80000000000018,185.80000000000018,148.39642857142846,137953.15,Sell
559,2024-10-07T00:00:00+05:30,5130.0,5186.75,5007.85,5145.8,373583,3.9929189226373905,5321.258660956833,5400.082464247203,-78.82380329036914,-15.754968470867228,178.89999999999964,115.14999999999964,63.75,178.89999999999964,152.2249999999999,151151.0,Sell
560,2024-10-08T00:00:00+05:30,5150.0,5179.0,5075.0,5144.7,152798,4.209475353525276,5294.095790040397,5381.165244673336,-87.06945463293869,-30.01786570328152,104.0,33.19999999999982,70.80000000000018,104.0,151.81428571428563,154672.9,Sell
561,2024-10-09T00:00:00+05:30,5220.2,5237.95,5151.15,5218.2,119795,4.114791986233124,5282.419514649567,5369.093745067904,-86.67423041833717,-41.34913864629265,86.80000000000018,93.25,6.449999999999818,93.25,138.8999999999999,155958.25,No Signal
562,2024-10-10T00:00:00+05:30,5255.0,5269.45,5126.0,5196.5,157161,4.091633216749492,5269.201127780402,5356.309023211023,-87.10789543062037,-50.5008900031582,143.44999999999982,51.25,92.19999999999982,143.44999999999982,134.01428571428556,159455.2,No Signal
563,2024-10-11T00:00:00+05:30,5190.0,5249.95,5164.1,5234.2,70602,3.878579833798273,5263.81633889111,5347.263910380577,-83.44757148946701,-57.090226300419964,85.84999999999945,53.44999999999982,32.399999999999636,85.84999999999945,133.46785714285696,159136.9,No Signal
564,2024-10-14T00:00:00+05:30,5218.0,5296.0,5196.4,5278.5,83317,3.4366344768488433,5266.075363677093,5342.170287389423,-76.09492371232955,-60.891165782801885,99.60000000000036,61.80000000000018,37.80000000000018,99.60000000000036,134.57499999999982,155774.8,No Signal
565,2024-10-15T00:00:00+05:30,5309.0,5327.05,5252.0,5318.6,83570,3.0394145562858945,5274.156076957541,5340.424340175392,-66.2682632178512,-61.96658526981175,75.05000000000018,48.55000000000018,26.5,75.05000000000018,132.6464285714284,156113.0,No Signal
566,2024-10-16T00:00:00+05:30,5330.0,5385.0,5262.0,5356.9,120498,2.6615640882224407,5286.8859112717655,5341.644759421659,-54.75884814989331,-60.52503784582807,123.0,66.39999999999964,56.600000000000364,123.0,131.0821428571427,156467.25,No Signal
567,2024-10-17T00:00:00+05:30,5269.0,5424.0,5209.7,5242.5,419933,2.6463986878522596,5280.057309537648,5334.300703168203,-54.24339363055515,-59.268709002773484,214.30000000000018,67.10000000000036,147.19999999999982,214.30000000000018,141.64285714285703,168450.4,Buy
568,2024-10-18T00:00:00+05:30,5230.0,5284.0,5118.05,5132.1,383959,2.6599613371670454,5257.2946465318555,5319.322873303891,-62.02822677203585,-59.82061255662596,165.94999999999982,41.5,124.44999999999982,165.94999999999982,135.842857142857,179868.7,No Signal
569,2024-10-21T00:00:00+05:30,5132.0,5327.65,5125.0,5255.8,263006,2.4708203390695362,5257.06470091157,5314.617475281381,-57.55277436981123,-59.367044919263016,202.64999999999964,195.54999999999927,7.100000000000364,202.64999999999964,143.8499999999999,186968.0,Buy
570,2024-10-22T00:00:00+05:30,5241.0,5282.15,5143.8,5163.25,143051,2.3729338661313526,5242.631670002098,5303.405069704982,-60.77339970288449,-59.648315875987315,138.34999999999945,26.349999999999454,112.0,138.34999999999945,147.48214285714272,190799.85,Sell
571,2024-10-23T00:00:00+05:30,5150.0,5412.8,5115.05,5316.55,181241,2.0709387365647074,5254.003720771006,5304.378768245354,-50.37504747434832,-57.79366219565952,297.75,249.55000000000018,48.19999999999982,297.75,150.56428571428563,194461.4,Buy
572,2024-10-24T00:00:00+05:30,5324.25,5365.95,5241.65,5284.5,83752,1.9312543291430992,5258.695456037005,5302.906266893846,-44.21081085684091,-55.0770919278958,124.30000000000018,49.399999999999636,74.90000000000055,124.30000000000018,146.1714285714285,193996.35,Buy
573,2024-10-25T00:00:00+05:30,5260.0,5278.0,5132.35,5170.3,108890,1.7468782586740255,5245.096155108235,5293.083580457264,-47.98742534902976,-53.659158612122596,145.64999999999964,6.5,152.14999999999964,152.14999999999964,144.2607142857142,193185.3,Buy
574,2024-10-28T00:00:00+05:30,5165.0,5210.0,5090.1,5150.1,43851,1.6951313429393753,5230.48136201466,5282.492204127097,-52.010842112436876,-53.32949531218546,119.89999999999964,39.69999999999982,80.19999999999982,119.89999999999964,145.39642857142846,180065.45,Buy
575,2024-10-29T00:00:00+05:30,5164.6,5215.2,5107.55,5201.5,126999,1.5883653959290522,5226.0226909354815,5276.492781599163,-50.47009066368173,-52.75761438248472,107.64999999999964,65.09999999999945,42.55000000000018,107.64999999999964,146.42499999999987,181472.8,Buy
576,2024-10-30T00:00:00+05:30,5204.3,5303.95,5143.0,5156.3,130738,1.5074307319707452,5215.296123099253,5267.589612591818,-52.29348949256473,-52.66478940450072,160.94999999999982,102.44999999999982,58.5,160.94999999999982,147.67499999999987,184361.9,Buy
577,2024-10-31T00:00:00+05:30,5140.0,5156.0,4909.3,4945.85,298124,1.9142623562345462,5173.842873391676,5243.757048696128,-69.91417530445142,-56.11466658449086,246.69999999999982,0.3000000000001819,247.0,247.0,159.18571428571417,183218.45,Sell
578,2024-11-01T00:00:00+05:30,4951.2,4996.35,4950.0,4958.6,16557,2.1266097858160595,5140.728585177572,5222.634304348267,-81.90571917069428,-61.27287710173155,46.350000000000364,50.5,4.149999999999636,50.5,155.6785714285713,168071.25,Sell
579,2024-11-04T00:00:00+05:30,4960.0,4977.0,4871.0,4963.65,83344,2.3575627537799426,5113.485725919484,5203.450281803951,-89.96455588446679,-67.0112128582786,106.0,18.399999999999636,87.60000000000036,106.0,157.88928571428556,153559.3,Sell
580,2024-11-05T00:00:00+05:30,4960.0,4995.55,4905.0,4962.4,46398,2.5583738655876473,5090.241768085717,5185.594705374028,-95.3529372883113,-72.67955774428513,90.55000000000018,31.900000000000546,58.649999999999636,90.55000000000018,155.57142857142844,148239.3,Sell
581,2024-11-06T00:00:00+05:30,5016.85,5230.45,5009.0,5198.7,153304,2.436852472894782,5106.9276499186835,5186.565467938915,-79.63781802023186,-74.07120979947449,221.44999999999982,268.0500000000002,46.600000000000364,268.0500000000002,159.41071428571416,149914.75,Sell
582,2024-11-07T00:00:00+05:30,5200.0,5216.9,5090.6,5143.1,81493,2.4645784290203103,5112.49262685427,5183.345803647144,-70.85317679287346,-73.42760319815429,126.29999999999927,18.199999999999818,108.09999999999945,126.29999999999927,156.57857142857125,146131.35,Buy
583,2024-11-08T00:00:00+05:30,5174.8,5237.0,5090.05,5100.95,98531,2.485771924880944,5110.71683810746,5177.242410784393,-66.52557267693282,-72.04719709391,146.94999999999982,93.89999999999964,53.05000000000018,146.94999999999982,152.59999999999985,147527.8,Buy
584,2024-11-11T00:00:00+05:30,5090.95,5159.3,5023.35,5111.05,51753,2.4342479518163698,5110.768093783236,5172.339269244808,-61.57117546157224,-69.95199276744245,135.94999999999982,58.350000000000364,77.59999999999945,135.94999999999982,152.4285714285713,145949.6,Buy
585,2024-11-12T00:00:00+05:30,5157.0,5370.0,5156.95,5278.85,368421,2.3108420628747908,5136.6268485858145,5180.228953004452,-43.60210441863728,-64.68201509768141,213.05000000000018,258.9499999999998,45.899999999999636,258.9499999999998,149.6571428571427,160192.15,Buy
586,2024-11-13T00:00:00+05:30,5295.0,5331.5,5151.85,5174.75,104383,2.174474253098334,5142.491948803381,5179.823104633751,-37.331155830370335,-59.2118432442192,179.64999999999964,52.649999999999636,127.0,179.64999999999964,153.6107142857141,159386.4,Buy
587,2024-11-14T00:00:00+05:30,5174.75,5221.05,5115.65,5170.0,68662,2.135068567070809,5146.723956679784,5179.0954672534735,-32.37151057368919,-53.843776710113204,105.40000000000055,46.30000000000018,59.100000000000364,105.40000000000055,150.27142857142846,141822.85,No Signal
588,2024-11-18T00:00:00+05:30,5185.0,5199.25,5012.05,5104.3,75125,2.168519891410998,5140.1971941136635,5173.555062271735,-33.35786815807114,-49.7465949997048,187.19999999999982,29.25,157.94999999999982,187.19999999999982,155.07857142857134,126381.15,Buy
589,2024-11-19T00:00:00+05:30,5126.9,5236.45,5088.1,5132.95,74262,2.090634504809211,5139.0822411731,5170.547279881236,-31.46503870813649,-46.09028374139114,148.34999999999945,132.14999999999964,16.199999999999818,148.34999999999945,157.98571428571418,116943.95,Buy
590,2024-11-21T00:00:00+05:30,5157.0,5194.1,5066.55,5165.7,80690,2.0780785549953293,5143.177280992622,5170.188222112256,-27.01094111963357,-42.274415217039625,127.55000000000018,61.150000000000546,66.39999999999964,127.55000000000018,155.5999999999999,113825.9,Buy
591,2024-11-22T00:00:00+05:30,5186.95,5318.0,5165.7,5307.0,96459,2.0070268150204225,5168.380776224527,5180.322427881719,-11.94165165719187,-36.207862505070075,152.30000000000018,152.30000000000018,0.0,152.30000000000018,148.8357142857142,109586.8,No Signal
592,2024-11-25T00:00:00+05:30,5399.0,5496.95,5320.2,5458.15,169321,2.2885547720056336,5212.960656805369,5200.902248038628,12.058408766740286,-26.554608250708004,176.75,189.94999999999982,13.199999999999818,189.94999999999982,158.7964285714285,113865.25,Buy
593,2024-11-26T00:00:00+05:30,5470.0,5548.0,5459.2,5489.7,137260,2.679143006749958,5255.535940373774,5222.294674109841,33.24126626393263,-14.595433347779878,88.80000000000018,89.85000000000036,1.050000000000182,89.85000000000036,157.64285714285708,115283.75,Buy
594,2024-11-27T00:00:00+05:30,5436.0,5496.0,5418.05,5431.2,72429,2.9302846398401488,5282.56118031627,5237.769142694297,44.79203762197267,-2.7179391538293687,77.94999999999982,6.300000000000182,71.64999999999964,77.94999999999982,156.74285714285705,116712.65,Buy
595,2024-11-28T00:00:00+05:30,5431.5,5440.0,5220.0,5249.65,158950,3.04724569034512,5277.497921806074,5238.649206198424,38.848715607650774,5.59539179846666,220.0,8.800000000000182,211.19999999999982,220.0,153.31071428571417,118310.2,No Signal
596,2024-11-29T00:00:00+05:30,5278.0,5325.0,5242.05,5285.2,54303,3.060570386467366,5278.682856912832,5242.097413146688,36.585443766143726,11.793402192002073,82.94999999999982,75.35000000000036,7.599999999999454,82.94999999999982,150.21428571428564,114488.45,No Signal
597,2024-12-02T00:00:00+05:30,5280.0,5285.15,5232.0,5276.9,68573,2.900747573239117,5278.408571233935,5244.67538254323,33.73318869070499,16.181359491742658,53.149999999999636,0.0500000000001819,53.19999999999982,53.19999999999982,143.51785714285708,103010.9,No Signal
598,2024-12-03T00:00:00+05:30,5297.0,5340.3,5271.0,5316.55,75604,2.713422523320616,5284.276483351791,5249.999428280768,34.277055071022914,19.800498607598712,69.30000000000018,63.400000000000546,5.899999999999636,69.30000000000018,138.7571428571428,105963.25,No Signal
599,2024-12-04T00:00:00+05:30,5345.0,5383.0,5270.7,5300.85,96331,2.498288621830915,5286.826255143824,5253.766137297008,33.060117846815956,22.45242245544216,112.30000000000018,66.44999999999982,45.850000000000364,112.30000000000018,128.28214285714284,106612.6,No Signal
600,2024-12-05T00:00:00+05:30,5330.5,5397.7,5297.55,5336.4,90296,2.207937713458231,5294.452985121697,5259.887164163896,34.5658209578005,24.87510215591383,100.14999999999964,96.84999999999945,3.300000000000182,100.14999999999964,122.60357142857141,108807.5,No Signal
601,2024-12-06T00:00:00+05:30,5352.95,5366.55,5284.05,5318.75,40434,2.219420991811666,5298.190987410667,5264.24737422583,33.94361318483698,26.688804361698462,82.5,30.150000000000546,52.349999999999454,82.5,120.96785714285708,103164.0,No Signal
602,2024-12-09T00:00:00+05:30,5318.75,5384.3,5312.05,5348.9,52897,2.177996216320465,5305.992373962872,5270.51793909799,35.474434864881914,28.445930462335156,72.25,65.55000000000018,6.699999999999818,72.25,112.75714285714282,101734.2,No Signal
603,2024-12-10T00:00:00+05:30,5318.0,5433.95,5317.95,5368.95,133079,2.078548156786219,5315.6781625839685,5277.80920286851,37.868959715458914,30.33053631295991,116.0,85.05000000000018,30.949999999999818,116.0,110.44642857142857,103461.6,No Signal
604,2024-12-10T00:00:00+05:30,5318.0,5433.95,5317.95,5368.95,133079,1.9674299666657316,5323.873829878743,5284.560373026397,39.31345685234555,32.12712042083704,116.0,65.0,51.0,116.0,109.62142857142855,107527.9,No Signal
605,2024-12-11T00:00:00+05:30,5380.0,5407.35,5340.0,5370.1,61968,1.9905812426916913,5330.985548358936,5290.896641691109,40.08890666782736,33.7194776702351,67.35000000000036,38.400000000000546,28.949999999999818,67.35000000000036,103.55357142857143,92205.25,No Signal
606,2024-12-12T00:00:00+05:30,5386.4,5439.0,5365.0,5422.8,113706,1.9572826467745565,5345.110848611408,5300.667260825101,44.443587786307035,35.86429969344949,74.0,68.89999999999964,5.100000000000364,74.0,95.27142857142859,92671.4,No Signal
607,2024-12-13T00:00:00+05:30,5404.8,5407.65,5278.55,5397.0,126645,1.8958611859173933,5353.093794978884,5307.803019282501,45.29077569638321,37.749594894036235,129.09999999999945,15.150000000000546,144.25,144.25,99.15714285714284,95570.55,No Signal
608,2024-12-16T00:00:00+05:30,5404.8,5416.75,5340.0,5360.6,49297,1.6545913334794133,5354.248595751364,5311.713906743056,42.534689008307396,38.706613716890466,76.75,19.75,57.0,76.75,99.07142857142857,94279.15,No Signal
609,2024-12-17T00:00:00+05:30,5361.85,5389.0,5174.45,5232.4,158308,1.5100722747369126,5335.502657943462,5305.838802539867,29.663855403594425,36.89806205423126,214.55000000000018,28.399999999999636,186.15000000000055,214.55000000000018,98.68214285714286,98481.45,No Signal
610,2024-12-18T00:00:00+05:30,5235.0,5255.0,5165.0,5175.05,66729,1.5061906952396102,5310.817633644468,5296.150743092469,14.666890551998222,32.451827753784656,90.0,22.600000000000364,67.39999999999964,90.0,99.18571428571431,97783.4,No Signal
611,2024-12-19T00:00:00+05:30,5019.85,5117.2,4902.0,5094.05,102450,1.87261550514014,5277.468766929934,5281.180317678212,-3.711550748278569,25.219152053372014,215.19999999999982,57.850000000000364,273.0500000000002,273.0500000000002,114.88928571428576,98082.95,No Signal
612,2024-12-20T00:00:00+05:30,5180.0,5180.0,4812.05,4828.5,263335,2.960645231190735,5208.396648940713,5247.648442294641,-39.251793353928406,12.324962971911932,367.9499999999998,85.94999999999982,282.0,367.9499999999998,136.2214285714286,102783.65,Sell
613,2024-12-23T00:00:00+05:30,4839.45,4872.45,4730.0,4745.05,97403,3.839047131032548,5137.11254910368,5210.418928050594,-73.30637894691426,-4.801305411853308,142.44999999999982,43.94999999999982,98.5,142.44999999999982,138.375,100790.8,Sell
614,2024-12-24T00:00:00+05:30,4755.0,4786.0,4692.7,4729.55,87583,4.498086660036025,5074.410618472345,5174.799007454254,-100.38838898190897,-23.91872212586444,93.30000000000018,40.94999999999982,52.350000000000364,93.30000000000018,137.88571428571433,101548.5,Sell
615,2024-12-26T00:00:00+05:30,4730.05,4751.0,4652.05,4668.05,85783,5.279698436148803,5011.89360024583,5137.262043939124,-125.36844369329356,-44.20866643935027,98.94999999999982,21.449999999999818,77.5,98.94999999999982,139.0607142857143,97890.15,Sell
616,2024-12-27T00:00:00+05:30,4680.0,4715.95,4656.05,4692.3,59987,5.751276884010646,4962.725354054164,5104.301892536226,-141.57653848206155,-63.68224084789253,59.899999999999636,47.899999999999636,12.0,59.899999999999636,138.17857142857142,98174.35,Sell
617,2024-12-30T00:00:00+05:30,4700.0,4785.85,4696.75,4754.5,189036,5.966107868072939,4930.690684199677,5078.390641237246,-147.69995703756922,-80.48578408582787,89.10000000000036,93.55000000000018,4.449999999999818,93.55000000000018,136.57500000000002,104197.5,Sell
618,2024-12-31T00:00:00+05:30,4754.5,4758.6,4671.25,4737.4,102735,6.210357008132483,4900.953655861265,5053.1320752196725,-152.17841935840715,-94.82431114034374,87.35000000000036,4.100000000000364,83.25,87.35000000000036,134.52857142857147,105554.05,Sell
619,2025-01-01T00:00:00+05:30,4737.4,4769.9,4685.0,4698.1,61831,6.483247876615581,4869.745401113379,5026.833402981179,-157.0880018677999,-107.27704928583498,84.89999999999964,32.5,52.399999999999636,84.89999999999964,135.78214285714284,103829.05,Sell
620,2025-01-02T00:00:00+05:30,4697.0,4804.95,4680.0,4795.95,101596,6.356196231780112,4858.392262480551,5009.7309286862765,-151.33866620572553,-116.0893726698131,124.94999999999982,106.84999999999945,18.100000000000364,124.94999999999982,139.42142857142855,104394.05,Sell
621,2025-01-03T00:00:00+05:30,4800.05,4879.8,4761.65,4795.5,118016,6.3287389005453765,4848.716529791235,4993.861971005812,-145.14544121457675,-121.90058637876584,118.15000000000055,83.85000000000036,34.30000000000018,118.15000000000055,137.55714285714288,108273.15,Sell
622,2025-01-06T00:00:00+05:30,4800.05,4829.0,4716.75,4763.7,79939,6.28142443481394,4835.6370636695065,4976.812936116493,-141.17587244698643,-125.75564359240997,112.25,33.5,78.75,112.25,140.09285714285716,109625.25,Sell
623,2025-01-07T00:00:00+05:30,4770.05,4896.6,4770.05,4876.75,148865,5.890858008730937,4841.962130797275,4969.40086677453,-127.43873597725542,-126.09226206937906,126.55000000000018,132.90000000000055,6.350000000000364,132.90000000000055,134.26071428571433,110414.55,Sell
624,2025-01-08T00:00:00+05:30,4872.35,4916.75,4812.0,4906.5,70442,5.546604951938757,4851.89103375154,4964.74154330975,-112.85050955821043,-123.44391156714534,104.75,40.0,64.75,104.75,135.31428571428575,107282.7,Buy
625,2025-01-09T00:00:00+05:30,4901.6,4970.0,4863.55,4879.35,113356,5.20561167813187,4856.115490097457,4958.4162438053245,-102.30075370786744,-119.21527999528976,106.44999999999982,63.5,42.94999999999982,106.44999999999982,123.41428571428573,109852.1,No Signal
626,2025-01-10T00:00:00+05:30,4835.0,5024.0,4821.55,4935.65,254564,4.575130305770095,4868.3515685440025,4956.729855375301,-88.37828683129828,-113.04788136249147,202.44999999999982,144.64999999999964,57.80000000000018,202.44999999999982,111.59285714285716,116895.0,No Signal
627,2025-01-13T00:00:00+05:30,4900.2,4969.8,4817.55,4853.1,123685,3.9911118155751777,4866.005173383387,4949.053569791945,-83.04839640855789,-107.04798437170476,152.25,34.150000000000546,118.09999999999945,152.25,112.29285714285717,116747.0,No Signal
628,2025-01-14T00:00:00+05:30,4853.1,4904.95,4686.25,4717.0,181717,3.3790070647746764,4843.081300555174,4931.8644164740235,-88.78311591884994,-103.3950106811338,218.69999999999982,51.849999999999454,166.85000000000036,218.69999999999982,121.25,123368.0,No Signal
629,2025-01-14T00:00:00+05:30,4853.1,4904.95,4686.25,4706.55,181717,2.8288921741741087,4822.0764850851465,4915.17445969817,-93.09797461302333,-101.3356034675117,218.69999999999982,187.94999999999982,30.75,218.69999999999982,129.80357142857142,124538.45,Buy
630,2025-01-15T00:00:00+05:30,4717.0,4924.45,4660.8,4851.75,220136,2.1409483298629897,4826.641641225893,4910.47635157238,-83.83471034648664,-97.8354248433067,263.64999999999964,217.89999999999964,45.75,263.64999999999964,144.35714285714286,132208.8,Buy
631,2025-01-16T00:00:00+05:30,5021.5,5336.9,5021.5,5244.4,1475906,2.453068518728253,4890.912157960371,4935.211436641092,-44.29927868072173,-87.1281956107897,315.39999999999964,485.14999999999964,169.75,485.14999999999964,172.3285714285714,200881.6,Buy
632,2025-01-17T00:00:00+05:30,5195.0,5420.2,5181.3,5373.95,524096,3.3570757608714397,4965.225672120314,4967.710589482493,-2.4849173621787486,-70.19953996106752,238.89999999999964,175.80000000000018,63.099999999999454,238.89999999999964,183.15357142857133,213919.65,Buy
633,2025-01-20T00:00:00+05:30,5374.25,5410.6,5303.35,5373.3,158858,4.002358836173612,5028.006337947958,4997.754249520826,30.25208842713164,-50.10921428342769,107.25,36.650000000000546,70.59999999999945,107.25,184.74999999999994,216992.4,Buy
634,2025-01-21T00:00:00+05:30,5373.3,5458.45,5359.45,5380.4,220459,4.474863325471639,5082.220747494426,5026.09837918595,56.122368308476325,-28.86289776504689,99.0,85.14999999999964,13.850000000000364,99.0,182.89642857142852,223636.2,Buy
635,2025-01-22T00:00:00+05:30,5380.0,5400.0,5290.45,5382.95,98432,4.774424054101608,5128.486786341437,5052.531832579583,75.95495376185409,-7.8993274596666945,109.55000000000018,19.600000000000364,89.94999999999982,109.55000000000018,182.2821428571428,224268.65,Buy
636,2025-01-23T00:00:00+05:30,5380.0,5509.0,5340.55,5453.15,174956,5.038184454047285,5178.434973058139,5082.207252388503,96.22772066963626,12.926082166193899,168.44999999999982,126.05000000000018,42.399999999999636,168.44999999999982,186.2964285714285,230017.1,Buy
637,2025-01-24T00:00:00+05:30,5460.0,5485.0,5392.0,5431.0,132143,5.296173977136479,5217.2911310491945,5108.043752211576,109.24737883761827,32.19034150047877,93.0,31.850000000000364,61.149999999999636,93.0,183.44642857142844,227172.45,Buy
638,2025-01-27T00:00:00+05:30,5360.05,5400.0,5240.05,5258.6,136721,5.428202581629233,5223.64634165701,5119.196066862571,104.45027479443979,46.64232815927098,159.94999999999982,31.0,190.94999999999982,190.94999999999982,189.60357142857129,228871.75,Buy
639,2025-01-28T00:00:00+05:30,5230.0,5315.85,5108.9,5121.05,184979,5.3646712536436345,5207.862289094393,5119.333395243121,88.52889385127219,55.01964129767122,206.95000000000073,57.25,149.70000000000073,206.95000000000073,196.7821428571428,235029.15,Buy
640,2025-01-29T00:00:00+05:30,5144.95,5358.95,5144.95,5341.0,151866,5.143392072491991,5228.3450138491025,5135.753143743631,92.59187010547157,62.53408705923129,214.0,237.89999999999964,23.899999999999636,237.89999999999964,199.31428571428563,237542.65,Buy
641,2025-01-30T00:00:00+05:30,5350.0,5445.9,5299.55,5410.65,92083,5.088961204735879,5256.391934795394,5156.115873836696,100.27606095869851,70.08248183912474,146.34999999999945,104.89999999999964,41.44999999999982,146.34999999999945,198.89285714285703,236246.0,Buy
642,2025-01-31T00:00:00+05:30,5410.65,5463.8,5325.0,5449.35,96898,4.995601967690491,5286.077790980718,5177.8369202191625,108.24087076155593,77.71415962361098,138.80000000000018,53.150000000000546,85.64999999999964,138.80000000000018,193.18571428571417,237093.95,Buy
643,2025-02-01T00:00:00+05:30,5420.5,5448.75,5359.55,5418.6,32834,4.998378546717056,5306.4658231375315,5195.6712224251505,110.794600712381,84.330247841365,89.19999999999982,0.6000000000003638,89.80000000000018,89.80000000000018,183.97857142857134,231292.4,Buy
644,2025-02-03T00:00:00+05:30,5325.0,5518.0,5273.6,5500.85,175780,4.953786622990159,5336.371081116373,5218.277057801065,118.09402331530782,91.08300293615356,244.39999999999964,99.39999999999964,145.0,244.39999999999964,182.60357142857134,236559.3,Buy
645,2025-02-04T00:00:00+05:30,5525.0,5571.0,5440.2,5530.55,90754,4.8918930039846416,5366.2447609446235,5241.408386852838,124.83637409178573,97.83367716728,130.80000000000018,70.14999999999964,60.650000000000546,130.80000000000018,157.29285714285712,235429.2,No Signal
646,2025-02-05T00:00:00+05:30,5560.0,5639.8,5523.85,5615.45,134591,4.869147251127401,5404.584028491605,5269.115173011887,135.4688554797176,105.36071282976754,115.94999999999982,109.25,6.699999999999818,115.94999999999982,148.51071428571427,229430.55,No Signal
647,2025-02-06T00:00:00+05:30,5645.0,5645.0,5482.0,5528.65,53784,4.712673373252412,5423.6711010313575,5288.339975011007,135.3311260203509,111.35479546788422,163.0,29.550000000000182,133.44999999999982,163.0,152.4928571428571,225935.5,No Signal
648,2025-02-07T00:00:00+05:30,5549.0,5621.0,5493.15,5597.8,52163,4.081812863151548,5450.460162411148,5311.2629398250065,139.19722258614183,116.92328089153574,127.85000000000036,92.35000000000036,35.5,127.85000000000036,154.55357142857142,219457.8,No Signal
649,2025-02-10T00:00:00+05:30,5597.8,5609.95,5462.95,5507.25,59172,3.1533212562803956,5459.19706050174,5325.780499837969,133.41656066377163,120.22193684598292,147.0,12.149999999999636,134.85000000000036,147.0,157.22857142857143,213330.55,No Signal
650,2025-02-11T00:00:00+05:30,5507.25,5549.0,5221.45,5279.4,255639,2.3305544619443754,5431.535974270703,5322.3449072573785,109.19106701332475,118.0157628794513,327.5500000000002,41.75,285.8000000000002,327.5500000000002,168.59285714285716,215105.7,No Signal
651,2025-02-12T00:00:00+05:30,5279.4,5322.0,5040.0,5108.2,221448,2.658293931864353,5381.791978229056,5306.48232153461,75.30965669444686,109.47454164245042,282.0,42.600000000000364,239.39999999999964,282.0,182.09285714285716,152382.8,Sell
652,2025-02-13T00:00:00+05:30,5100.0,5189.45,4992.15,5023.7,155165,3.187883768478412,5326.700904655356,5285.535482902416,41.16542175293944,95.81271766454823,197.30000000000018,81.25,116.05000000000018,197.30000000000018,182.5464285714286,133936.25,Sell
653,2025-02-14T00:00:00+05:30,5082.25,5082.25,4929.85,4958.35,232850,3.7619747068314293,5270.031534708378,5261.299521205941,8.73201350243653,78.3965768321259,152.39999999999964,58.55000000000018,93.84999999999945,152.39999999999964,178.64999999999995,137635.85,Sell
654,2025-02-17T00:00:00+05:30,4958.3,4964.95,4794.0,4816.9,83747,4.630429159854263,5200.318990907089,5228.38103815365,-28.062047246560724,57.10485201638858,170.94999999999982,6.599999999999454,164.35000000000036,170.94999999999982,173.8678571428571,130800.25,No Signal
655,2025-02-18T00:00:00+05:30,4824.0,4949.9,4804.0,4929.6,126855,4.877675208829753,5158.669915382921,5206.249109401528,-47.57919401860636,36.16804280938959,145.89999999999964,133.0,12.899999999999636,145.89999999999964,173.83571428571426,132221.4,No Signal
656,2025-02-19T00:00:00+05:30,4895.05,4951.3,4827.1,4872.05,147229,5.280563476578379,5114.5745437855485,5181.4936198162295,-66.91907603068103,15.550619041375468,124.19999999999982,21.699999999999818,102.5,124.19999999999982,172.79285714285712,130835.05,No Signal
657,2025-02-20T00:00:00+05:30,4871.3,4927.6,4836.0,4915.4,42440,5.442002812980226,5083.9323062800795,5161.782981311324,-77.85067503124446,-3.1296397731485186,91.60000000000036,55.55000000000018,36.05000000000018,91.60000000000036,172.92142857142855,126349.9,No Signal
658,2025-02-21T00:00:00+05:30,4996.95,5159.0,4990.4,5123.1,389616,5.2550559748843115,5089.958105313914,5158.917575288263,-68.9594699743493,-16.295605813388676,168.60000000000036,243.60000000000036,75.0,243.60000000000036,172.86428571428573,138994.65,No Signal
659,2025-02-24T00:00:00+05:30,5033.0,5070.3,4812.65,4885.6,412098,5.7350553270827795,5058.518396804081,5138.671828970614,-80.1534321665331,-29.067171084017563,257.65000000000055,52.80000000000018,310.4500000000007,310.4500000000007,185.69642857142864,150350.6,Sell
660,2025-02-24T00:00:00+05:30,5033.0,5070.3,4812.65,4885.6,412098,5.934581646947505,5031.91556652653,5119.9257675653835,-88.01020103885367,-40.855777074984786,257.65000000000055,184.69999999999982,72.95000000000073,257.65000000000055,195.81785714285726,163362.2,Sell
661,2025-02-25T00:00:00+05:30,4885.6,4899.95,4716.0,4727.85,137207,6.468237627689188,4985.136248599371,5090.883118116096,-105.74686951672447,-53.83399556333273,183.94999999999982,14.349999999999454,169.60000000000036,183.94999999999982,197.31428571428583,165618.4,Sell
