,Date,Open,High,Low,Close,Volume,Volatility,EMA12,EMA26,MACD,Signal Line,H-L,H-PC,L-PC,TR,ATR,Avg_Volume,Signal
0,2022-07-05T00:00:00+05:30,394.0,402.85,387.65,401.1,458089,,401.1,401.1,0.0,0.0,15.200000000000045,,,15.200000000000045,,,No Signal
1,2022-07-06T00:00:00+05:30,399.65,410.9,395.85,409.9,499425,,402.45384615384614,401.7518518518519,0.7019943019942616,0.14039886039885233,15.049999999999955,9.799999999999955,5.25,15.049999999999955,,,No Signal
2,2022-07-07T00:00:00+05:30,416.0,428.0,410.0,424.05,572216,,405.77633136094676,403.4035665294925,2.372764831454276,0.5868720546099371,18.0,18.100000000000023,0.10000000000002274,18.100000000000023,,,No Signal
3,2022-07-08T00:00:00+05:30,427.2,427.3,417.2,425.0,258437,,408.733818843878,405.00330234212265,3.7305165017553463,1.215600944039019,10.100000000000023,3.25,6.850000000000023,10.100000000000023,,,No Signal
4,2022-07-11T00:00:00+05:30,420.0,431.65,418.65,430.0,181606,,412.00553902174295,406.8549095760395,5.15062944570343,2.0026066443719013,13.0,6.649999999999977,6.350000000000023,13.0,,,No Signal
5,2022-07-12T00:00:00+05:30,429.8,437.95,423.65,432.15,259940,,415.1046868645517,408.7286199778144,6.376066886737306,2.8772986928449824,14.300000000000011,7.949999999999989,6.350000000000023,14.300000000000011,,,No Signal
6,2022-07-13T00:00:00+05:30,435.4,438.8,417.65,437.75,412614,,418.58858119308223,410.8783518313096,7.710229361772633,3.8438848266305126,21.150000000000034,6.650000000000034,14.5,21.150000000000034,,,No Signal
7,2022-07-14T00:00:00+05:30,437.0,439.85,430.25,436.25,697508,,421.3057225479927,412.7577331771385,8.547989370854168,4.784705735475244,9.600000000000023,2.1000000000000227,7.5,9.600000000000023,,,No Signal
8,2022-07-15T00:00:00+05:30,433.15,438.7,426.7,429.3,354914,,422.53561138676304,413.98308627512824,8.552525111634793,5.538269610707154,12.0,2.4499999999999886,9.550000000000011,12.0,,,No Signal
9,2022-07-18T00:00:00+05:30,430.9,447.0,427.6,442.9,555159,,425.66859425033795,416.125079884378,9.543514365959936,6.339318561757711,19.399999999999977,17.69999999999999,1.6999999999999886,19.399999999999977,,,No Signal
10,2022-07-19T00:00:00+05:30,442.7,478.0,438.35,463.35,1140556,,431.4657335964398,419.6232221151648,11.842511481274983,7.4399571456611655,39.64999999999998,35.10000000000002,4.5499999999999545,39.64999999999998,,,No Signal
11,2022-07-20T00:00:00+05:30,463.45,465.45,451.3,455.7,471361,,435.1940822739106,422.29557603256,12.898506241350617,8.531666964799056,14.149999999999977,2.099999999999966,12.050000000000011,14.149999999999977,,,No Signal
12,2022-07-21T00:00:00+05:30,457.0,462.8,454.15,459.05,264504,,438.86422346253977,425.0181259560741,13.846097506465696,9.594553073132385,8.650000000000034,7.100000000000023,1.5500000000000114,8.650000000000034,,,No Signal
13,2022-07-22T00:00:00+05:30,461.3,462.6,441.75,445.7,285801,,439.9158813913798,426.5501166259945,13.36576476538528,10.348795411582964,20.850000000000023,3.5500000000000114,17.30000000000001,20.850000000000023,16.514285714285723,,No Signal
14,2022-07-25T00:00:00+05:30,446.95,450.3,441.15,446.4,220276,,440.9134381003983,428.02047835740234,12.89295974299597,10.857628277865565,9.150000000000034,4.600000000000023,4.550000000000011,9.150000000000034,16.082142857142863,,No Signal
15,2022-07-26T00:00:00+05:30,446.4,447.7,422.65,427.95,238291,,438.91906300802935,428.0152577383355,10.903805269693862,10.866863676231226,25.05000000000001,1.3000000000000114,23.75,25.05000000000001,16.79642857142858,,No Signal
16,2022-07-27T00:00:00+05:30,427.4,433.5,420.0,424.55,291202,,436.70843792987097,427.75857197994026,8.949865949930711,10.483464130971123,13.5,5.550000000000011,7.949999999999989,13.5,16.467857142857152,,No Signal
17,2022-07-28T00:00:00+05:30,427.7,429.5,415.4,418.45,341051,,433.8994474791216,427.0690481295743,6.830399349547292,9.752851174686358,14.100000000000023,4.949999999999989,9.150000000000034,14.100000000000023,16.753571428571437,,No Signal
18,2022-07-29T00:00:00+05:30,419.5,427.7,412.0,413.65,308692,,430.784147866949,426.07504456442064,4.709103302528376,8.744101600254762,15.699999999999989,9.25,6.449999999999989,15.699999999999989,16.94642857142858,,No Signal
19,2022-08-01T00:00:00+05:30,415.0,451.9,413.05,437.25,1100903,3.7125666297318816,431.77889434895684,426.9028190411302,4.876075307826625,7.970496341769135,38.849999999999966,38.25,0.5999999999999659,38.849999999999966,18.700000000000006,445627.25,No Signal
20,2022-08-02T00:00:00+05:30,433.0,436.7,420.2,427.8,385119,3.382916607693763,431.1667567568096,426.9692768899354,4.197479866874232,7.215893046790154,16.5,0.5500000000000114,17.05000000000001,17.05000000000001,18.407142857142862,441978.75,No Signal
21,2022-08-03T00:00:00+05:30,426.0,434.8,422.35,425.0,476242,3.1740132106832313,430.2180249480697,426.8234045277179,3.394620420351771,6.451638521502478,12.449999999999989,7.0,5.449999999999989,12.449999999999989,18.610714285714288,440819.6,No Signal
22,2022-08-04T00:00:00+05:30,427.0,431.5,423.0,429.5,214169,3.098521641629137,430.1075595714436,427.02167085899805,3.0858887124455237,5.7784885596910875,8.5,6.5,2.0,8.5,18.360714285714288,422917.25,No Signal
23,2022-08-05T00:00:00+05:30,431.9,436.4,428.35,432.25,175357,3.032415513356736,430.4371657912215,427.40895449907225,3.028211292149251,5.22843310618272,8.049999999999955,6.899999999999977,1.1499999999999773,8.049999999999955,17.55,418763.25,No Signal
24,2022-08-08T00:00:00+05:30,434.0,438.0,428.05,431.25,195695,3.0334429882185123,430.5622172079567,427.69347638802986,2.8687408199268134,4.756494648931539,9.949999999999989,5.75,4.199999999999989,9.949999999999989,15.428571428571429,419467.7,No Signal
25,2022-08-10T00:00:00+05:30,424.0,438.7,424.0,435.55,365397,2.9970655424143797,431.32956840673256,428.27544110002765,3.0541273067049133,4.416021180486214,14.699999999999989,7.449999999999989,7.25,14.699999999999989,15.467857142857143,424740.55,No Signal
26,2022-08-11T00:00:00+05:30,444.0,459.9,440.4,457.2,1702417,3.0381084946179877,435.30963480569676,430.41800101854415,4.891633787152614,4.511143701819495,19.5,24.349999999999966,4.849999999999966,24.349999999999966,16.58928571428571,489230.7,No Signal
27,2022-08-12T00:00:00+05:30,457.2,474.0,457.2,464.45,1023590,3.269678304045598,439.79276791251266,432.9388898319853,6.853878080527352,4.979690577561066,16.80000000000001,16.80000000000001,0.0,16.80000000000001,16.299999999999994,505534.8,No Signal
28,2022-08-16T00:00:00+05:30,463.0,469.15,460.3,466.85,243617,3.488886712894882,443.9554190028953,435.4508239185049,8.504595084390417,5.684671478926937,8.849999999999966,4.699999999999989,4.149999999999977,8.849999999999966,16.278571428571418,499969.95,No Signal
29,2022-08-17T00:00:00+05:30,467.0,469.85,453.3,455.35,316860,3.651963094217878,445.70843146398835,436.9248369615786,8.783594502409755,6.304456083623501,16.55000000000001,3.0,13.550000000000011,16.55000000000001,15.671428571428562,488055.0,No Signal
30,2022-08-18T00:00:00+05:30,455.95,468.0,447.5,462.8,544086,3.584805186758873,448.3379035464517,438.84151570516536,9.496387841286321,6.942842435156066,20.5,12.649999999999977,7.850000000000023,20.5,16.17142857142856,458231.5,No Signal
31,2022-08-19T00:00:00+05:30,462.5,469.0,451.7,455.05,385823,3.639256207626574,449.3705337700745,440.0421441714494,9.328389598625051,7.419951867849863,17.30000000000001,6.199999999999989,11.100000000000023,17.30000000000001,16.399999999999988,453954.6,No Signal
32,2022-08-22T00:00:00+05:30,450.1,453.7,442.5,444.95,552203,3.603664719926648,448.69045165160145,440.40568904763836,8.284762603963088,7.592914015072509,11.199999999999989,1.3500000000000227,12.550000000000011,12.550000000000011,16.17499999999999,468339.55,No Signal
33,2022-08-23T00:00:00+05:30,440.0,456.9,440.0,455.7,234596,3.5924489216497664,449.7688437052012,441.53860097003553,8.230242735165689,7.720379759091145,16.899999999999977,11.949999999999989,4.949999999999989,16.899999999999977,14.607142857142849,465779.3,No Signal
34,2022-08-24T00:00:00+05:30,455.7,467.7,455.7,460.45,255737,3.6757445950010923,451.4120985197857,442.9394453426255,8.472653177160169,7.87083444270495,12.0,12.0,0.0,12.0,14.246428571428563,467552.35,No Signal
35,2022-08-25T00:00:00+05:30,462.0,474.8,461.55,470.7,458772,3.7870738493786575,454.3794679782802,444.9957827246532,9.383685253626993,8.17340460488936,13.25,14.350000000000023,1.1000000000000227,14.350000000000023,14.382142857142851,478576.4,No Signal
36,2022-08-26T00:00:00+05:30,473.5,475.35,461.6,463.85,158140,3.8374928291712602,455.83647290469867,446.39239141171595,9.444081492982718,8.427539982508032,13.75,4.650000000000034,9.099999999999966,13.75,14.757142857142851,471923.3,No Signal
37,2022-08-29T00:00:00+05:30,454.9,459.4,448.85,453.8,161876,3.6810046369371054,455.5231693808989,446.94110315899627,8.582066221902608,8.458445230386948,10.549999999999955,4.4500000000000455,15.0,15.0,15.253571428571425,462964.55,No Signal
38,2022-08-30T00:00:00+05:30,457.9,462.35,450.85,457.4,386914,3.245500666995761,455.8119125530683,447.7158362583299,8.096076294738396,8.385971443257239,11.5,8.550000000000011,2.9499999999999886,11.5,15.364285714285712,466875.65,No Signal
39,2022-09-01T00:00:00+05:30,455.1,494.0,455.1,470.55,2298474,3.2465528978863354,458.079310621827,449.4072557947499,8.67205482707709,8.44318812002121,38.89999999999998,36.60000000000002,2.2999999999999545,38.89999999999998,17.092857142857138,526754.2,Buy
40,2022-09-02T00:00:00+05:30,471.4,486.0,466.6,480.6,940421,3.2482090259570864,461.54403206462285,451.7178294395833,9.82620262503957,8.719791021024882,19.399999999999977,15.449999999999989,3.9499999999999886,19.399999999999977,16.73928571428571,554519.3,Buy
41,2022-09-05T00:00:00+05:30,483.6,491.5,481.05,490.15,524915,3.285669693118534,465.944950208527,454.56465688850307,11.380293320023952,9.251891480824696,10.449999999999989,10.899999999999977,0.44999999999998863,10.899999999999977,16.31785714285714,556952.95,Buy
42,2022-09-06T00:00:00+05:30,490.15,493.8,480.65,483.7,249904,3.2675692188377203,468.6764963302921,456.7228304523177,11.953665877974402,9.792246360254637,13.150000000000034,3.650000000000034,9.5,13.150000000000034,16.625,558739.7,Buy
43,2022-09-07T00:00:00+05:30,483.5,487.95,467.15,478.75,475860,3.1254908677368616,470.22626612563175,458.3544726410349,11.871793484596878,10.208155785123086,20.80000000000001,4.25,16.55000000000001,20.80000000000001,16.928571428571427,573764.85,Buy
44,2022-09-08T00:00:00+05:30,482.9,485.5,468.5,471.55,309880,2.8041797804002075,470.4299174909192,459.33191911206933,11.097998378849866,10.386124303868442,17.0,6.75,10.25,17.0,16.678571428571427,579474.1,Buy
45,2022-09-09T00:00:00+05:30,474.15,479.0,469.8,474.2,275854,2.4403756310491094,471.00993018462395,460.43325843710124,10.57667174752271,10.424233792599296,9.199999999999989,7.449999999999989,1.75,9.199999999999989,16.099999999999998,574996.95,Buy
46,2022-09-12T00:00:00+05:30,478.4,482.95,471.0,479.15,468836,2.450815625685454,472.26224861775876,461.8196837380567,10.442564879702047,10.427900010019847,11.949999999999989,8.75,3.1999999999999886,11.949999999999989,16.057142857142853,513317.9,Buy
47,2022-09-13T00:00:00+05:30,483.9,488.8,481.75,486.5,382609,2.5697137762968008,474.4526719073343,463.6478553130155,10.804816594318822,10.503283326879643,7.050000000000011,9.650000000000034,2.6000000000000227,9.650000000000034,15.539285714285715,481268.85,No Signal
48,2022-09-14T00:00:00+05:30,478.65,485.7,478.0,483.25,391676,2.6787713247941087,475.80610699851366,465.0998660305699,10.706240967943756,10.543874855092467,7.699999999999989,0.8000000000000114,8.5,8.5,15.289285714285715,488671.8,No Signal
49,2022-09-15T00:00:00+05:30,485.0,498.45,468.0,471.4,755443,2.6624893952705992,475.1282443833577,465.5665426208981,9.56170176245962,10.347440236565898,30.44999999999999,15.199999999999989,15.25,30.44999999999999,16.439285714285713,510600.95,Sell
50,2022-09-16T00:00:00+05:30,466.0,477.0,454.0,457.9,1010646,2.7821958658767376,472.4777452474565,464.99865057490564,7.479094672550843,9.773771123762888,23.0,5.600000000000023,17.399999999999977,23.0,17.099999999999998,533928.95,Sell
51,2022-09-19T00:00:00+05:30,462.5,462.8,448.2,459.3,368215,2.7258569128872234,470.4503998247709,464.5765283100978,5.873871514673112,8.993791201944934,14.600000000000023,4.900000000000034,9.699999999999989,14.600000000000023,17.071428571428573,533048.55,Sell
52,2022-09-20T00:00:00+05:30,464.9,468.75,458.05,460.85,181837,2.454738047641215,468.97341523634464,464.30048917601647,4.672926060328166,8.12961817362158,10.699999999999989,9.449999999999989,1.25,10.699999999999989,17.014285714285712,514530.25,Sell
53,2022-09-21T00:00:00+05:30,460.85,469.7,456.75,459.25,384067,2.4157142090618344,467.4775051999839,463.92637886668194,3.5511263333019656,7.213919805557658,12.949999999999989,8.849999999999966,4.100000000000023,12.949999999999989,15.160714285714286,522003.8,No Signal
54,2022-09-22T00:00:00+05:30,459.25,459.25,446.15,449.85,233143,2.631150397475225,464.7655813230633,462.8836841358166,1.8818971872466932,6.1475152818954655,13.100000000000023,0.0,13.100000000000023,13.100000000000023,14.710714285714289,520874.1,No Signal
55,2022-09-23T00:00:00+05:30,449.85,452.0,433.05,434.3,349471,3.2901540944734458,460.0785688118228,460.7663741998302,-0.6878053880074049,4.780451147914892,18.94999999999999,2.1499999999999773,16.80000000000001,18.94999999999999,15.28571428571429,515409.05,No Signal
56,2022-09-26T00:00:00+05:30,429.7,449.9,417.6,432.85,1129078,3.7735932276271797,455.8895582253885,458.6984946294724,-2.8089364040839087,3.262573637515132,32.299999999999955,15.599999999999966,16.69999999999999,32.299999999999955,16.65357142857143,563955.95,Sell
57,2022-09-27T00:00:00+05:30,430.8,443.6,425.0,432.15,386952,4.1380202391040966,452.23731849840567,456.7319394717337,-4.49462097332804,1.7111347153464977,18.600000000000023,10.75,7.850000000000023,18.600000000000023,16.49642857142857,575209.75,Sell
58,2022-09-28T00:00:00+05:30,428.7,437.5,425.0,430.35,349791,4.5294114965042,448.8700387294202,454.77772173308676,-5.907683003666591,0.18737117154387994,12.5,5.350000000000023,7.149999999999977,12.5,16.175,573353.6,No Signal
59,2022-09-29T00:00:00+05:30,434.0,451.85,434.0,448.8,575372,4.396677590788441,448.8592635402786,454.33492753063587,-5.475663990357248,-0.9452358608363456,17.850000000000023,21.5,3.6499999999999773,21.5,17.053571428571427,487198.5,Sell
60,2022-09-30T00:00:00+05:30,442.0,456.75,439.35,449.8,189810,4.336801200009564,449.0039922263896,453.999006972811,-4.995014746421418,-1.75519163795336,17.399999999999977,7.949999999999989,9.449999999999989,17.399999999999977,17.442857142857143,449667.95,Sell
61,2022-10-03T00:00:00+05:30,453.9,460.5,445.2,455.9,559462,4.024349718978425,450.0649164992527,454.1398212711213,-4.074904771868603,-2.2191342647364087,15.300000000000011,10.699999999999989,4.600000000000023,15.300000000000011,17.846428571428568,451395.3,Sell
62,2022-10-04T00:00:00+05:30,459.0,466.0,459.0,464.3,174580,3.7738038810467103,452.25492934552153,454.8924271028901,-2.6374977573685783,-2.3028069632628427,7.0,10.100000000000023,3.1000000000000227,10.100000000000023,17.960714285714285,447629.1,Sell
63,2022-10-06T00:00:00+05:30,470.0,475.8,468.2,470.3,533716,3.639850083936254,455.0310940615951,456.03372879897233,-1.0026347373772069,-2.0427725180857155,7.600000000000023,11.5,3.8999999999999773,11.5,16.607142857142858,450521.9,Buy
64,2022-10-07T00:00:00+05:30,471.35,471.35,465.0,467.6,220084,3.6319856798226606,456.96477189827283,456.8904896286781,0.0742822695947325,-1.6193615605496259,6.350000000000023,1.0500000000000114,5.300000000000011,6.350000000000023,15.417857142857144,446032.1,No Signal
65,2022-10-10T00:00:00+05:30,465.0,465.0,449.3,454.5,972639,3.649104434688725,456.5855762216155,456.7134163228501,-0.12784010123459666,-1.3210572686866202,15.699999999999989,2.6000000000000227,18.30000000000001,18.30000000000001,15.682142857142859,480871.35,No Signal
66,2022-10-11T00:00:00+05:30,456.7,456.7,435.15,438.65,1037446,3.7070615318592286,453.8262568029054,455.37538548412044,-1.549128681215052,-1.3666715511923067,21.55000000000001,2.1999999999999886,19.350000000000023,21.55000000000001,16.45714285714286,509301.85,Sell
67,2022-10-12T00:00:00+05:30,438.65,440.15,427.45,434.0,573352,3.4967649863437753,450.77606344861226,453.79202359640783,-3.0159601477955675,-1.6965292705129589,12.699999999999989,1.5,11.199999999999989,12.699999999999989,16.439285714285717,518839.0,Sell
68,2022-10-13T00:00:00+05:30,434.9,442.4,431.6,439.75,514067,3.0957835728450487,449.0797459949796,452.75187370037764,-3.6721277053980543,-2.091648957489978,10.799999999999955,8.399999999999977,2.3999999999999773,10.799999999999955,16.275,524958.55,No Signal
69,2022-10-14T00:00:00+05:30,443.1,447.45,435.5,437.85,91289,2.961322140935506,447.35209276498273,451.6480312040534,-4.295938439070653,-2.5325068538061135,11.949999999999989,7.699999999999989,4.25,11.949999999999989,15.774999999999997,491750.85,No Signal
70,2022-10-17T00:00:00+05:30,437.45,437.45,425.15,433.05,138555,3.059041322788987,445.1517708011392,450.2703992630124,-5.118628461873186,-3.049731175419528,12.300000000000011,0.4000000000000341,12.700000000000045,12.700000000000045,14.375000000000004,448146.3,No Signal
71,2022-10-18T00:00:00+05:30,435.3,440.0,431.85,433.55,370440,3.069668471666407,443.3668829855793,449.03185116945593,-5.664968183876624,-3.5727785771109475,8.149999999999977,6.949999999999989,1.1999999999999886,8.149999999999977,13.62857142857143,448257.55,No Signal
72,2022-10-19T00:00:00+05:30,441.0,450.85,438.3,445.85,1120532,2.8856372883215506,443.74890098779787,448.79615849023696,-5.047257502439095,-3.8676743621765772,12.550000000000011,17.30000000000001,4.75,17.30000000000001,13.971428571428573,495192.3,No Signal
73,2022-10-20T00:00:00+05:30,441.0,446.4,431.9,439.7,139634,2.846127406484935,443.12599314352127,448.1223689724416,-4.99637582892035,-4.093414655525332,14.5,0.5499999999999545,13.950000000000045,14.5,13.471428571428573,482970.65,No Signal
74,2022-10-21T00:00:00+05:30,441.0,447.8,440.95,443.3,134281,2.810035766039885,443.15276342913336,447.7651564559645,-4.612393026831114,-4.197210329786489,6.850000000000023,8.100000000000023,1.25,8.100000000000023,12.807142857142862,478027.55,No Signal
75,2022-10-24T00:00:00+05:30,446.0,450.0,440.55,445.6,30094,2.745148156506522,443.5292613631128,447.6047744962634,-4.075513133150594,-4.17287089045931,9.449999999999989,6.699999999999989,2.75,9.449999999999989,12.389285714285718,462058.7,No Signal
76,2022-10-25T00:00:00+05:30,445.0,446.35,438.5,441.35,165214,2.704435860807303,443.19399038417237,447.14145786691057,-3.9474674827382046,-4.12779020891509,7.850000000000023,0.75,7.100000000000023,7.850000000000023,12.228571428571431,413865.5,No Signal
77,2022-10-27T00:00:00+05:30,446.0,454.7,442.1,449.9,166278,2.5693238154584677,444.2256841712228,447.3457943212135,-3.120110149990694,-3.926254197130211,12.599999999999966,13.349999999999966,0.75,13.349999999999966,12.360714285714286,402831.8,No Signal
78,2022-10-28T00:00:00+05:30,449.9,453.05,442.1,443.55,128971,2.4728208428363008,444.12173276026544,447.06462437149395,-2.9428916112285037,-3.7295816799498698,10.949999999999989,3.150000000000034,7.7999999999999545,10.949999999999989,12.689285714285713,391790.8,No Signal
79,2022-10-31T00:00:00+05:30,445.0,447.7,440.2,442.0,81035,2.491034367516252,443.7953123356092,446.68946701064255,-2.8941546750333487,-3.5624962789665657,7.5,4.149999999999977,3.3500000000000227,7.5,11.917857142857141,367073.95,No Signal
80,2022-11-01T00:00:00+05:30,443.8,445.0,434.05,443.65,156818,2.4794246374975333,443.7729565916693,446.4643213061505,-2.6913647144812103,-3.388269966069495,10.949999999999989,3.0,7.949999999999989,10.949999999999989,11.160714285714281,365424.35,No Signal
81,2022-11-02T00:00:00+05:30,443.65,452.1,443.2,450.85,142355,2.4004748914395435,444.86173250064326,446.7891863945838,-1.9274538939405375,-3.0961067516437035,8.900000000000034,8.450000000000045,0.44999999999998863,8.900000000000034,10.889285714285714,344569.0,No Signal
82,2022-11-03T00:00:00+05:30,449.9,449.9,441.0,443.15,159527,2.241561489245108,444.59838903900584,446.51961703202204,-1.9212279930162026,-2.8611309999182035,8.899999999999977,0.9500000000000455,9.850000000000023,9.850000000000023,10.821428571428575,343816.35,No Signal
83,2022-11-04T00:00:00+05:30,443.15,449.0,441.85,447.6,63598,1.7840090328010216,445.06017534069724,446.5996454000204,-1.5394700593231505,-2.596798811799193,7.149999999999977,5.850000000000023,1.2999999999999545,7.149999999999977,10.478571428571431,320310.45,No Signal
84,2022-11-07T00:00:00+05:30,447.6,465.0,445.05,463.75,286990,1.5969766236794747,447.93553298059,447.8700420370559,0.06549094353408691,-2.064340860732537,19.94999999999999,17.399999999999977,2.5500000000000114,19.94999999999999,10.99642857142857,323655.75,No Signal
85,2022-11-09T00:00:00+05:30,467.4,485.0,457.1,459.2,557032,1.7057880071280302,449.6685279066531,448.7092981824592,0.9592297241939036,-1.4596267437472488,27.899999999999977,21.25,6.649999999999977,27.899999999999977,12.407142857142857,302875.4,No Signal
86,2022-11-10T00:00:00+05:30,464.0,467.1,451.9,456.15,234653,1.796498680112589,450.66567745947566,449.2604612800548,1.4052161794208473,-0.8866581591136297,15.200000000000045,7.900000000000034,7.300000000000011,15.200000000000045,12.257142857142858,262735.75,No Signal
87,2022-11-11T00:00:00+05:30,468.0,481.1,462.8,471.6,711391,2.072525681434733,453.8863424657102,450.91524192597666,2.971100539733527,-0.11510641934419834,18.30000000000001,24.950000000000045,6.650000000000034,24.950000000000045,13.003571428571433,269637.7,Buy
88,2022-11-14T00:00:00+05:30,473.0,475.95,462.05,467.45,174926,2.284216482674216,455.97305900944707,452.14003882034876,3.833020189098306,0.6745189023443026,13.899999999999977,4.349999999999966,9.550000000000011,13.899999999999977,13.417857142857144,252680.65,Buy
89,2022-11-15T00:00:00+05:30,468.8,468.8,455.8,462.35,123649,2.3491002876399123,456.95412685414755,452.89633224106365,4.0577946130838995,1.351174044492222,13.0,1.3500000000000227,11.649999999999977,13.0,13.671428571428574,254298.65,Buy
90,2022-11-16T00:00:00+05:30,460.5,478.5,460.5,475.4,257286,2.4506629116750682,459.791953491971,454.56327059357744,5.228682898393572,2.126675815272492,18.0,16.149999999999977,1.8500000000000227,18.0,14.396428571428572,260235.2,Buy
91,2022-11-17T00:00:00+05:30,475.4,475.4,465.0,472.0,129801,2.487241879462367,461.67011449320626,455.85488017923836,5.815234313967892,2.864387515011572,10.399999999999977,0.0,10.399999999999977,10.399999999999977,14.185714285714287,248203.25,Buy
92,2022-11-18T00:00:00+05:30,470.5,474.25,451.0,464.15,188329,2.552576906951888,462.0516353404053,456.4693334992948,5.582301841110507,3.407970380231359,23.25,2.25,21.0,23.25,15.064285714285717,201593.1,Buy
93,2022-11-21T00:00:00+05:30,464.0,479.9,460.15,468.6,284806,2.5088783540807396,463.05907605726605,457.3679013882359,5.691174669030147,3.8646112379911166,19.75,15.75,4.0,19.75,15.939285714285717,208851.7,Buy
94,2022-11-22T00:00:00+05:30,468.6,471.7,464.7,468.1,337887,2.4996710904592967,463.8346028176867,458.162871655774,5.671731161912703,4.226035222775434,7.0,3.099999999999966,3.900000000000034,7.0,15.65714285714286,219032.0,Buy
95,2022-11-23T00:00:00+05:30,468.1,470.0,465.0,466.45,47990,2.481907694064363,464.2369716149657,458.77673301460555,5.460238600360128,4.472875898292373,5.0,1.8999999999999773,3.1000000000000227,5.0,15.37857142857143,219926.8,Buy
96,2022-11-24T00:00:00+05:30,468.8,471.15,456.0,457.35,94341,2.385331514472013,463.17743752035557,458.67104908759774,4.506388432757831,4.479578405185465,15.149999999999977,4.699999999999989,10.449999999999989,15.149999999999977,15.757142857142854,216383.15,Buy
97,2022-11-25T00:00:00+05:30,459.15,468.0,455.4,460.0,406765,2.329210661093392,462.6886009787624,458.7694898959238,3.919111082838583,4.367484940716088,12.600000000000023,10.649999999999977,1.9500000000000455,12.600000000000023,16.146428571428572,228407.5,Sell
98,2022-11-28T00:00:00+05:30,459.95,465.4,453.0,456.0,177459,2.215679520260587,461.6595854435682,458.5643424962258,3.095242947342399,4.113036542041351,12.399999999999977,5.399999999999977,7.0,12.399999999999977,15.607142857142858,230831.9,Sell
99,2022-11-29T00:00:00+05:30,456.7,478.0,452.55,462.75,789611,1.9894260108079296,461.82734152917305,458.87439120020906,2.9529503289639933,3.8810192994258794,25.44999999999999,22.0,3.4499999999999886,25.44999999999999,15.432142857142859,266260.7,Sell
100,2022-11-30T00:00:00+05:30,462.5,478.0,462.15,474.7,376247,1.8462887344395784,463.8077505246849,460.0466585187121,3.7610920059727846,3.8570338407352605,15.850000000000023,15.25,0.6000000000000227,15.850000000000023,15.478571428571428,277232.15,Sell
101,2022-12-01T00:00:00+05:30,474.65,500.0,474.5,496.0,1372111,2.2445394305382322,468.76040429011795,462.7098689988075,6.050535291310439,4.295734130850296,25.5,25.30000000000001,0.19999999999998863,25.5,15.517857142857139,338719.95,Buy
102,2022-12-02T00:00:00+05:30,499.8,511.2,492.0,507.8,1144211,2.69075070851624,474.7664959377921,466.04987870259953,8.716617235192587,5.179910751718754,19.19999999999999,15.199999999999989,4.0,19.19999999999999,15.896428571428569,387954.15,Buy
103,2022-12-05T00:00:00+05:30,508.1,511.4,493.0,495.35,455639,2.8465047353626685,477.9331888704395,468.22025805796255,9.712930812476941,6.086514763870392,18.399999999999977,3.599999999999966,14.800000000000011,18.399999999999977,16.28214285714285,407556.2,Buy
104,2022-12-06T00:00:00+05:30,495.0,500.95,482.6,489.75,483181,2.9925904765470475,479.7511598134488,469.8150537573727,9.936106056076085,6.856433022311531,18.349999999999966,5.599999999999966,12.75,18.349999999999966,16.30714285714285,417365.75,Buy
105,2022-12-07T00:00:00+05:30,493.9,499.9,486.0,488.75,334878,3.0349432101891076,481.1355967652259,471.2176423679377,9.917954397288213,7.468737297306868,13.899999999999977,10.149999999999977,3.75,13.899999999999977,16.55714285714285,406258.05,Buy
106,2022-12-08T00:00:00+05:30,490.0,492.4,481.55,484.15,137947,2.9893078368785,481.5993511090373,472.1755947851275,9.4237563239098,7.859741102627455,10.849999999999966,3.6499999999999773,7.199999999999989,10.849999999999966,15.671428571428562,401422.75,Buy
107,2022-12-09T00:00:00+05:30,485.85,487.9,466.0,476.65,264582,3.0346627527781718,480.8379124768777,472.5070322084514,8.330880268426313,7.953968935787227,21.899999999999977,3.75,18.149999999999977,21.899999999999977,15.824999999999989,379082.3,Buy
108,2022-12-12T00:00:00+05:30,473.0,482.3,467.6,480.55,135561,2.9999496316429215,480.79361824966577,473.102807600418,7.690810649247794,7.901337278479341,14.699999999999989,5.650000000000034,9.049999999999955,14.699999999999989,16.37499999999999,377114.05,Sell
109,2022-12-13T00:00:00+05:30,482.9,484.9,471.0,473.55,128778,2.9773082505792514,479.6792154420249,473.13593296335,6.543282478674882,7.62972631851845,13.899999999999977,4.349999999999966,9.550000000000011,13.899999999999977,17.010714285714272,377370.5,Sell
110,2022-12-14T00:00:00+05:30,472.55,488.85,470.5,482.0,353350,2.938538079803729,480.0362592201749,473.7925305216204,6.2437286985544915,7.352526794525659,18.350000000000023,15.300000000000011,3.0500000000000114,18.350000000000023,17.239285714285703,382173.7,Sell
111,2022-12-15T00:00:00+05:30,484.0,501.85,482.25,489.05,935560,2.9458386718566065,481.4229885709172,474.9227134459448,6.500275124972404,7.182076460615008,19.600000000000023,19.850000000000023,0.25,19.850000000000023,17.757142857142846,422461.65,Sell
112,2022-12-16T00:00:00+05:30,481.35,496.0,460.15,463.8,553798,3.1098245430287226,478.71175956000684,474.0988087462452,4.612950813761643,6.668251331244335,35.85000000000002,6.949999999999989,28.900000000000034,35.85000000000002,19.43214285714285,440735.1,Sell
113,2022-12-19T00:00:00+05:30,468.0,475.6,463.8,468.45,276572,3.079952870515067,477.1330273200058,473.6803784687456,3.4526488512602214,6.025130835247513,11.800000000000011,11.800000000000011,0.0,11.800000000000011,18.457142857142852,440323.4,Sell
114,2022-12-20T00:00:00+05:30,469.0,472.5,465.7,468.9,137492,3.071652483074135,475.8664077323126,473.3262763599496,2.540131372363021,5.328130942670614,6.800000000000011,4.050000000000011,2.75,6.800000000000011,17.81071428571428,430303.65,Sell
115,2022-12-21T00:00:00+05:30,471.25,473.7,450.55,452.9,237831,3.36178201613848,472.33311423503375,471.8132188518052,0.5198953832285724,4.366483830782206,23.149999999999977,4.800000000000011,18.349999999999966,23.149999999999977,17.642857142857135,439795.7,Sell
116,2022-12-22T00:00:00+05:30,455.1,456.75,440.4,451.05,396383,3.4804758807903626,469.0587889681055,470.27520264056034,-1.2164136724548484,3.2499043301347954,16.350000000000023,3.8500000000000227,12.5,16.350000000000023,17.43928571428571,454897.8,Sell
117,2022-12-23T00:00:00+05:30,447.05,452.95,431.9,441.0,292820,3.9059821255535985,464.74205220378155,468.10666911162997,-3.364616907848415,1.9270000825381535,21.05000000000001,1.8999999999999773,19.150000000000034,21.05000000000001,17.628571428571426,449200.55,Sell
118,2022-12-26T00:00:00+05:30,449.0,459.8,436.3,456.9,232347,3.7587651423530466,463.535582633969,467.27654547373146,-3.74096283976246,0.7934074980780308,23.5,18.80000000000001,4.699999999999989,23.5,17.99642857142857,451944.95,Sell
119,2022-12-27T00:00:00+05:30,458.25,465.0,450.9,453.55,134280,3.889698799012869,461.9993391518199,466.2597643275291,-4.2604251757092015,-0.21735903667941564,14.100000000000023,8.100000000000023,6.0,14.100000000000023,18.01071428571429,419178.4,Sell
120,2022-12-28T00:00:00+05:30,450.15,455.3,445.4,447.65,135963,4.166885378866125,459.7917485130784,464.8812632662307,-5.089514753152287,-1.1917901799739898,9.900000000000034,1.75,8.150000000000034,9.900000000000034,17.94285714285715,407164.2,Sell
121,2022-12-29T00:00:00+05:30,446.0,454.6,443.55,452.5,114466,4.0690552559192215,458.6699410495279,463.9641326539173,-5.294191604389425,-2.012270464857077,11.050000000000011,6.9500000000000455,4.099999999999966,11.050000000000011,17.16785714285715,344281.95,No Signal
122,2022-12-30T00:00:00+05:30,456.6,466.45,453.0,463.55,275917,3.5217850379312736,459.4207193496005,463.93345616103454,-4.512736811434024,-2.5123637341724665,13.449999999999989,13.949999999999989,0.5,13.949999999999989,17.114285714285725,300867.25,No Signal
123,2023-01-02T00:00:00+05:30,465.9,474.5,458.8,469.35,216694,3.2185860404050937,460.9483009881235,464.33468163058757,-3.3863806424640757,-2.6871671158307886,15.699999999999989,10.949999999999989,4.75,15.699999999999989,17.242857142857154,288920.0,No Signal
124,2023-01-03T00:00:00+05:30,470.0,474.95,464.95,469.15,203672,3.0265559044819637,462.21010083610446,464.6913718801737,-2.481271044069217,-2.6459879014784744,10.0,5.599999999999966,4.400000000000034,10.0,16.64642857142858,274944.55,No Signal
125,2023-01-04T00:00:00+05:30,467.6,467.85,460.0,465.5,162668,2.838673179619922,462.7162391690115,464.7512702594201,-2.0350310904086086,-2.5237965392645014,7.850000000000023,1.2999999999999545,9.149999999999977,9.149999999999977,15.882142857142863,266334.05,No Signal
126,2023-01-05T00:00:00+05:30,466.95,474.8,464.0,473.0,308098,2.665433538951331,464.29835621993277,465.36228727724085,-1.063931057308082,-2.2318234428732175,10.800000000000011,9.300000000000011,1.5,10.800000000000011,14.092857142857147,274841.6,No Signal
127,2023-01-06T00:00:00+05:30,473.5,474.8,464.4,466.55,191634,2.639188633202426,464.64476295532774,465.45026599744523,-0.8055030421174934,-1.9465593627220728,10.400000000000034,1.8000000000000114,8.600000000000023,10.400000000000034,13.992857142857149,271194.2,No Signal
128,2023-01-09T00:00:00+05:30,474.0,474.0,458.15,460.6,274963,2.5476521577363584,464.02249173143116,465.0909870346715,-1.0684953032403541,-1.7709465508257292,15.850000000000023,7.449999999999989,8.400000000000034,15.850000000000023,14.639285714285721,278164.3,No Signal
129,2023-01-10T00:00:00+05:30,461.95,466.65,448.8,451.15,200076,2.6130143063078237,462.04210838813407,464.05832132839953,-2.0162129402654614,-1.8199998287136758,17.849999999999966,6.0499999999999545,11.800000000000011,17.849999999999966,14.260714285714291,281729.2,No Signal
130,2023-01-11T00:00:00+05:30,454.0,454.0,445.1,446.05,283523,2.547850607149698,459.58178402072883,462.7243716003699,-3.142587579641088,-2.0845173788991582,8.899999999999977,2.8500000000000227,6.0499999999999545,8.899999999999977,13.728571428571431,278237.85,No Signal
131,2023-01-12T00:00:00+05:30,448.3,459.9,446.85,452.15,317107,2.0565856796291055,458.4384326329244,461.94108481515735,-3.502652182232964,-2.3681443395659194,13.049999999999955,13.849999999999966,0.8000000000000114,13.849999999999966,13.214285714285714,247315.2,No Signal
132,2023-01-13T00:00:00+05:30,452.15,453.95,437.0,443.45,317954,2.212052250509153,456.13251992016677,460.5713748288494,-4.438854908682629,-2.7822864533892613,16.94999999999999,1.8000000000000114,15.149999999999977,16.94999999999999,12.74642857142857,235523.0,No Signal
133,2023-01-16T00:00:00+05:30,445.5,447.45,435.1,439.75,489976,2.328409420278076,453.61213224014114,459.02905076745316,-5.416918527312021,-3.3092128681738133,12.349999999999966,4.0,8.349999999999966,12.349999999999966,12.621428571428567,246193.2,No Signal
134,2023-01-17T00:00:00+05:30,439.95,451.0,439.75,445.2,380249,2.261063387969133,452.3179580493502,458.0046766365307,-5.686718587180508,-3.7847140119751526,11.25,11.25,0.0,11.25,12.717857142857136,258331.05,No Signal
135,2023-01-18T00:00:00+05:30,445.2,449.7,440.0,441.75,209463,2.3749583141083392,450.69211834945014,456.8006265153062,-6.108508165856051,-4.249472842751333,9.699999999999989,4.5,5.199999999999989,9.699999999999989,12.621428571428563,256912.65,No Signal
136,2023-01-19T00:00:00+05:30,441.5,449.65,437.75,446.35,157070,2.3802716241762476,450.02410014184244,456.0265060326909,-6.002405890848479,-4.600059452370762,11.899999999999977,7.899999999999977,4.0,11.899999999999977,12.47499999999999,244947.0,No Signal
137,2023-01-20T00:00:00+05:30,444.6,446.85,441.0,442.7,380432,2.3760947074754455,448.8973155046359,455.03935743767676,-6.142041933040844,-4.908455948504779,5.850000000000023,0.5,5.350000000000023,5.850000000000023,11.771428571428563,249327.6,No Signal
138,2023-01-23T00:00:00+05:30,441.6,444.9,438.65,440.05,72401,2.4925648319586586,447.53619004238425,453.92903466451554,-6.3928446221312925,-5.205333683230082,6.25,2.1999999999999886,4.050000000000011,6.25,11.503571428571421,241330.3,No Signal
139,2023-01-24T00:00:00+05:30,440.05,441.9,432.5,435.05,131236,2.6936040619501997,445.6152377281713,452.5305876523292,-6.915349924157908,-5.547336931415647,9.399999999999977,1.849999999999966,7.550000000000011,9.399999999999977,11.521428571428563,241178.1,No Signal
140,2023-01-25T00:00:00+05:30,432.3,435.8,429.0,432.4,73979,2.8964594985722276,443.5821242315295,451.0394330114159,-7.457308779886375,-5.9293313011097935,6.800000000000011,0.75,6.050000000000011,6.800000000000011,11.235714285714279,238078.9,No Signal
141,2023-01-27T00:00:00+05:30,434.7,438.05,410.0,423.2,594473,3.3221244500463576,440.4464128112942,448.97725278834804,-8.530839977053859,-6.449633036298607,28.05000000000001,5.650000000000034,22.399999999999977,28.05000000000001,12.496428571428563,262079.25,No Signal
142,2023-01-30T00:00:00+05:30,425.4,430.0,414.3,416.45,182056,3.7441454594740153,436.754656994172,446.5678266558778,-9.813169661705786,-7.122340361380044,15.699999999999989,6.800000000000011,8.899999999999977,15.699999999999989,12.485714285714275,257386.2,No Signal
143,2023-01-31T00:00:00+05:30,418.25,424.9,415.85,419.1,241126,3.8207534699326127,434.03855591814556,444.5331728295165,-10.49461691137094,-7.796795671378223,9.049999999999955,8.449999999999989,0.5999999999999659,9.049999999999955,11.857142857142845,258607.8,No Signal
144,2023-02-01T00:00:00+05:30,423.0,431.45,403.35,409.85,321983,4.115315726917155,430.31723962304625,441.964048916219,-11.646809293172737,-8.566798395737125,28.099999999999966,12.349999999999966,15.75,28.099999999999966,13.228571428571415,264523.35,Sell
145,2023-02-02T00:00:00+05:30,411.0,412.65,401.1,405.75,439588,4.397879653814179,426.53766429642377,439.2815267742768,-12.743862477853042,-9.402211212160308,11.549999999999955,2.7999999999999545,8.75,11.549999999999955,13.0642857142857,278369.35,Sell
146,2023-02-03T00:00:00+05:30,406.95,409.0,393.0,395.95,919082,4.682725600672874,421.83186978928165,436.0717840502563,-14.239914260974672,-10.369751821923181,16.0,3.25,12.75,16.0,12.996428571428558,308918.55,Sell
147,2023-02-06T00:00:00+05:30,396.0,405.95,395.0,399.5,228110,4.687276157073737,418.39619751400755,433.3627630094966,-14.966565495489021,-11.289114556636349,10.949999999999989,10.0,0.9499999999999886,10.949999999999989,12.89642857142856,310742.35,Sell
148,2023-02-07T00:00:00+05:30,399.0,405.4,396.5,402.8,176595,4.615582835831844,415.99678251185253,431.0988546384228,-15.102072126570249,-12.05170607062313,8.899999999999977,5.899999999999977,3.0,8.899999999999977,12.728571428571415,305823.95,Sell
149,2023-02-08T00:00:00+05:30,404.0,407.95,398.0,406.8,181441,4.550054388761639,414.58189289464445,429.2989394800211,-14.717046585376636,-12.584774173573832,9.949999999999989,5.149999999999977,4.800000000000011,9.949999999999989,12.746428571428558,304892.2,Sell
150,2023-02-09T00:00:00+05:30,406.2,407.7,400.45,405.35,153881,4.5805124719964425,413.1616016800838,427.5249439629825,-14.363342282898714,-12.94048779543881,7.25,0.8999999999999773,6.350000000000023,7.25,12.414285714285702,298410.1,No Signal
151,2023-02-10T00:00:00+05:30,404.65,414.9,404.1,412.35,239157,4.276405117835733,413.0367398831478,426.4008740397986,-13.364134156650834,-13.025217067681215,10.799999999999955,9.549999999999955,1.25,10.799999999999955,12.767857142857126,294512.6,Sell
152,2023-02-13T00:00:00+05:30,412.6,414.0,400.0,400.95,202576,4.395699583135154,411.17724143958657,424.51562411092465,-13.338382671338081,-13.087850188412588,14.0,1.6499999999999773,12.350000000000023,14.0,13.321428571428555,288743.7,Sell
153,2023-02-14T00:00:00+05:30,404.5,404.5,394.85,395.9,238425,4.522120700441552,408.8268966027271,422.3959482508562,-13.569051648129062,-13.184090480355884,9.649999999999977,3.5500000000000114,6.099999999999966,9.649999999999977,13.339285714285698,276166.15,Sell
154,2023-02-15T00:00:00+05:30,403.6,413.5,401.2,405.8,909051,4.188880936572669,408.36122020230755,421.16661875079274,-12.805398548485186,-13.108352093981745,12.300000000000011,17.600000000000023,5.300000000000011,17.600000000000023,14.11071428571427,302606.25,Buy
155,2023-02-16T00:00:00+05:30,412.0,435.5,411.95,419.95,2918641,3.8076833283665645,410.14410940195256,421.0764988433266,-10.932389441374028,-12.673159563460203,23.55000000000001,29.69999999999999,6.149999999999977,29.69999999999999,14.228571428571412,438065.15,Buy
156,2023-02-17T00:00:00+05:30,422.2,437.0,419.6,433.25,953516,3.4403054616698654,413.6988618016522,421.9782396697468,-8.279377868094628,-11.79440322438709,17.399999999999977,17.05000000000001,0.3499999999999659,17.399999999999977,14.349999999999982,477887.45,Buy
157,2023-02-20T00:00:00+05:30,433.25,439.4,427.55,437.35,493064,3.2982929339040825,417.33749844755187,423.1168885830989,-5.7793901355470325,-10.591400606619079,11.849999999999966,6.149999999999977,5.699999999999989,11.849999999999966,14.549999999999983,483519.05,Buy
158,2023-02-21T00:00:00+05:30,437.85,438.0,411.7,414.35,498040,3.1747522510907915,416.87788330177466,422.46748942879526,-5.589606127020602,-9.591041710699384,26.30000000000001,0.6499999999999773,25.650000000000034,26.30000000000001,14.421428571428558,504801.0,Buy
159,2023-02-22T00:00:00+05:30,416.2,421.95,405.95,414.55,898518,2.9324478194590204,416.51974740919394,421.881008730366,-5.361261321172037,-8.745085632793915,16.0,7.599999999999966,8.400000000000034,16.0,14.739285714285703,543165.1,Buy
160,2023-02-23T00:00:00+05:30,417.0,417.0,396.0,403.45,1226282,2.818290765528879,414.50901703854873,420.5157488244129,-6.00673178586419,-8.19741486340797,21.0,2.4499999999999886,18.55000000000001,21.0,15.09642857142856,600780.25,Buy
161,2023-02-24T00:00:00+05:30,402.0,407.5,394.5,399.8,2051866,2.818097085352926,412.24609134031044,418.9812489114934,-6.735157571182981,-7.904963404962972,13.0,4.050000000000011,8.949999999999989,13.0,15.242857142857133,673649.9,Buy
162,2023-02-27T00:00:00+05:30,401.35,404.05,391.0,397.85,751206,2.882721750712297,410.03130805718575,417.41597121434575,-7.384663157159991,-7.800903355402376,13.050000000000011,4.25,8.800000000000011,13.050000000000011,15.539285714285707,702107.4,Buy
163,2023-02-28T00:00:00+05:30,400.0,409.0,399.0,405.95,531556,2.7678148629090242,409.4034145099264,416.5666400132831,-7.163225503356728,-7.673367784993247,10.0,11.149999999999977,1.1499999999999773,11.149999999999977,15.624999999999991,716628.9,Buy
164,2023-03-01T00:00:00+05:30,406.4,413.75,405.15,406.9,169431,2.7611023052941888,409.01827381609155,415.8505926048918,-6.832318788800251,-7.505157985754648,8.600000000000023,7.800000000000011,0.8000000000000114,8.600000000000023,15.721428571428564,709001.3,Buy
165,2023-03-02T00:00:00+05:30,408.95,408.95,400.5,402.35,505165,2.808480599673997,407.99238553669284,414.85054870823313,-6.858163171540298,-7.375759022911779,8.449999999999989,2.0500000000000114,6.399999999999977,8.449999999999989,15.553571428571425,712280.15,Buy
166,2023-03-03T00:00:00+05:30,400.0,403.8,395.8,397.6,498791,2.8200600473605233,406.39355699258624,413.57273028540106,-7.1791732928148235,-7.336441876892388,8.0,1.4499999999999886,6.550000000000011,8.0,15.124999999999996,691265.6,Buy
167,2023-03-06T00:00:00+05:30,400.6,405.85,399.4,402.0,268392,2.767353283203866,405.71762514757296,412.71549100500096,-6.997865857427996,-7.2687266729995095,6.4500000000000455,8.25,1.7999999999999545,8.25,15.024999999999997,693279.7,Buy
168,2023-03-08T00:00:00+05:30,400.0,403.0,395.2,400.95,213651,2.7884138687459488,404.98414435563865,411.8439731527787,-6.85982879714004,-7.186947097827616,7.800000000000011,1.0,6.800000000000011,7.800000000000011,14.324999999999998,695132.5,No Signal
169,2023-03-09T00:00:00+05:30,403.0,407.35,400.0,404.4,254859,2.771636065463413,404.8942759932327,411.29256773405433,-6.398291740821605,-7.029216026426415,7.350000000000023,6.400000000000034,0.9499999999999886,7.350000000000023,12.728571428571428,698803.4,No Signal
170,2023-03-10T00:00:00+05:30,404.7,405.45,399.0,400.35,126149,2.829294535600734,404.19515660965845,410.4820071611614,-6.286850551502937,-6.88074293144172,6.449999999999989,1.0500000000000114,5.399999999999977,6.449999999999989,11.946428571428571,697416.8,No Signal
171,2023-03-13T00:00:00+05:30,401.7,404.95,392.0,395.2,243015,2.937833102181925,402.8112863620187,409.35000663070497,-6.538720268686291,-6.812338398890635,12.949999999999989,4.599999999999966,8.350000000000023,12.949999999999989,12.025000000000002,697609.7,No Signal
172,2023-03-14T00:00:00+05:30,396.2,405.45,392.0,394.35,766508,3.0126376249671476,401.5095499986312,408.23889502843053,-6.729345029799333,-6.795739725072375,13.449999999999989,10.25,3.1999999999999886,13.449999999999989,11.107142857142858,725806.3,No Signal
173,2023-03-15T00:00:00+05:30,397.0,404.9,394.5,395.3,179937,3.0127851049888146,400.5542346142264,407.2804583596579,-6.7262237454315255,-6.781836529144205,10.399999999999977,10.549999999999955,0.14999999999997726,10.549999999999955,10.71785714285714,722881.9,No Signal
174,2023-03-16T00:00:00+05:30,396.4,404.0,392.0,400.25,330942,2.996416979411489,400.5074292889608,406.75968366634993,-6.252254377389136,-6.675920098793192,12.0,8.699999999999989,3.3000000000000114,12.0,10.074999999999998,693976.45,No Signal
175,2023-03-17T00:00:00+05:30,404.6,422.5,402.5,419.35,769875,2.8515406866985304,403.40628632142835,407.69229969106476,-4.286013369636407,-6.197938752961836,20.0,22.25,2.25,22.25,10.735714285714282,586538.15,No Signal
176,2023-03-20T00:00:00+05:30,417.0,430.9,409.2,412.45,788363,2.4911287773950024,404.79762688736247,408.0447219361711,-3.2470950488086032,-5.60777001213119,21.69999999999999,11.549999999999955,10.150000000000034,21.69999999999999,11.353571428571424,578280.5,No Signal
177,2023-03-21T00:00:00+05:30,414.9,415.55,407.0,409.45,1346305,1.730069808944049,405.513376596999,408.1488166075658,-2.6354400105667537,-5.0133040118183025,8.550000000000011,3.1000000000000227,5.449999999999989,8.550000000000011,11.167857142857141,620942.55,No Signal
178,2023-03-22T00:00:00+05:30,410.4,417.9,407.5,410.55,585893,1.6645116792101815,406.28824173592227,408.3266820440424,-2.03844030812013,-4.418331271078668,10.399999999999977,8.449999999999989,1.9499999999999886,10.399999999999977,11.296428571428565,625335.2,No Signal
179,2023-03-23T00:00:00+05:30,410.55,424.0,409.25,419.75,328498,1.7509329957252424,408.3592814688573,409.1728537444837,-0.8135722756263704,-3.6973794719882087,14.75,13.449999999999989,1.3000000000000114,14.75,11.746428571428567,596834.2,No Signal
180,2023-03-24T00:00:00+05:30,421.85,421.85,411.6,413.65,74374,1.8525261606953332,409.1732381659562,409.50449420785526,-0.3312560418990529,-3.024154785970378,10.25,2.1000000000000227,8.149999999999977,10.25,11.907142857142853,539238.8,No Signal
181,2023-03-27T00:00:00+05:30,413.65,413.65,401.0,403.85,429884,1.8787998160804797,408.3542784481168,409.08564278505116,-0.7313643369343481,-2.565596696163172,12.649999999999977,0.0,12.649999999999977,12.649999999999977,12.221428571428564,458139.7,No Signal
182,2023-03-28T00:00:00+05:30,402.0,404.7,395.1,399.45,199490,1.8827084886940566,406.9843894560988,408.37189146763995,-1.3875020115411303,-2.329977759238764,9.599999999999966,0.8499999999999659,8.75,9.599999999999966,12.34999999999999,430553.9,No Signal
183,2023-03-29T00:00:00+05:30,400.0,409.5,396.95,400.6,164108,1.889380219270037,406.00217569362206,407.7961958033703,-1.79402010974826,-2.222786229340663,12.550000000000011,10.050000000000011,2.5,12.550000000000011,12.72142857142856,412181.5,Buy
184,2023-03-31T00:00:00+05:30,404.7,410.75,400.15,402.0,193873,1.8816556929750687,405.38645635614176,407.36684796608364,-1.9803916099418757,-2.1743073054609057,10.600000000000023,10.149999999999977,0.4500000000000455,10.600000000000023,13.017857142857135,413403.6,Buy
185,2023-04-03T00:00:00+05:30,415.0,418.0,407.55,412.05,170862,1.8805058224041893,406.41161691673534,407.7137481167441,-1.3021312000087732,-1.9998720843704794,10.449999999999989,16.0,5.550000000000011,16.0,13.235714285714279,396688.45,Buy
186,2023-04-05T00:00:00+05:30,411.5,420.0,409.05,414.45,267386,1.8950222152838414,407.6482912372376,408.212729737726,-0.5644385004884498,-1.7127853675940736,10.949999999999989,7.949999999999989,3.0,10.949999999999989,13.05714285714285,385118.2,Buy
187,2023-04-06T00:00:00+05:30,414.4,423.35,411.0,419.45,558322,2.0009684633539933,409.463938739201,409.0451201275241,0.4188186116768975,-1.2864645717398795,12.350000000000023,8.900000000000034,3.4499999999999886,12.350000000000023,13.185714285714283,399614.7,Buy
188,2023-04-10T00:00:00+05:30,424.95,449.0,419.9,445.75,1287714,2.702632284258506,415.04640970240087,411.7640001180779,3.282409584322977,-0.3726897405273082,29.100000000000023,29.55000000000001,0.44999999999998863,29.55000000000001,14.439285714285713,453317.85,Buy
189,2023-04-11T00:00:00+05:30,449.75,473.2,444.2,460.95,2843205,3.629055781103886,422.10850051741613,415.4074075167388,6.701093000677361,1.0420668077136255,29.0,27.44999999999999,1.5500000000000114,29.0,14.921428571428569,582735.15,Buy
190,2023-04-12T00:00:00+05:30,464.45,464.45,445.0,447.9,701639,4.100238584230888,426.0764235147367,417.8142662192026,8.26215729553411,2.4860849052777225,19.44999999999999,3.5,15.949999999999989,19.44999999999999,14.760714285714284,611509.65,Buy
191,2023-04-13T00:00:00+05:30,450.0,453.0,445.05,448.65,311230,4.3177408923643235,429.54928143554645,420.0983946474098,9.450886788136643,3.879045281849507,7.949999999999989,5.100000000000023,2.849999999999966,7.949999999999989,14.71785714285714,614920.4,Buy
192,2023-04-17T00:00:00+05:30,448.85,450.8,441.35,449.0,403221,4.43821996324113,432.5416996762316,422.2392543031572,10.302445373074363,5.1637253000944785,9.449999999999989,2.150000000000034,7.2999999999999545,9.449999999999989,14.649999999999997,596756.05,Buy
193,2023-04-18T00:00:00+05:30,447.0,453.0,433.6,439.2,650906,4.454930469198818,433.566053572196,423.4956058362567,10.070447735939297,6.145069787263442,19.399999999999977,4.0,15.399999999999977,19.399999999999977,14.982142857142852,620304.5,Buy
194,2023-04-19T00:00:00+05:30,448.55,458.0,445.0,450.7,915869,4.424063412494208,436.20204533031966,425.5107461446821,10.691299185637547,7.054315666938264,13.0,18.80000000000001,5.800000000000011,18.80000000000001,15.59285714285714,649550.85,Buy
195,2023-04-20T00:00:00+05:30,452.95,463.0,447.15,458.15,610454,4.650810759390165,439.5786537410397,427.92846865248345,11.65018508855627,7.973489551261865,15.850000000000023,12.300000000000011,3.5500000000000114,15.850000000000023,15.821428571428571,641579.8,Buy
196,2023-04-21T00:00:00+05:30,460.0,465.9,450.25,460.5,834820,4.862673616536438,442.7973223962644,430.3411746782254,12.456147718039006,8.870021184617293,15.649999999999977,7.75,7.899999999999977,15.649999999999977,16.25357142857143,643902.65,Buy
197,2023-04-24T00:00:00+05:30,462.0,473.95,456.35,465.3,631772,5.024407021126433,446.2592727968391,432.93071729465316,13.328555502185964,9.761728048131028,17.599999999999966,13.449999999999989,4.149999999999977,17.599999999999966,16.61428571428571,608176.0,Buy
198,2023-04-25T00:00:00+05:30,467.7,472.6,462.0,470.5,427470,5.191403681660521,449.98861544347926,435.71362712467885,14.27498831880041,10.664380102264905,10.600000000000023,7.300000000000011,3.3000000000000114,10.600000000000023,16.61428571428571,600254.85,Buy
199,2023-04-26T00:00:00+05:30,472.9,489.0,471.1,482.05,760601,5.475257015207298,454.92113614448243,439.1459510413693,15.775185103113131,11.686541102434552,17.899999999999977,18.5,0.6000000000000227,18.5,16.79285714285714,621860.0,Buy
200,2023-04-27T00:00:00+05:30,482.1,493.5,478.45,488.4,536919,5.75720802093321,460.0717305837928,442.794399112379,17.277331471413845,12.804699176230411,15.050000000000011,11.449999999999989,3.6000000000000227,15.050000000000011,17.085714285714285,644987.25,Buy
201,2023-04-28T00:00:00+05:30,492.7,495.45,488.55,490.7,311479,5.866381849228431,464.7837720324401,446.3429621410917,18.440809891348408,13.93192131925401,6.899999999999977,7.050000000000011,0.1500000000000341,7.050000000000011,16.707142857142856,639067.0,Buy
202,2023-05-02T00:00:00+05:30,486.5,493.0,481.25,484.25,290260,5.763836829665174,467.7785763351416,449.1508908713812,18.62768546376043,14.871074148155296,11.75,2.3000000000000114,9.449999999999989,11.75,15.435714285714283,643605.5,Buy
203,2023-05-03T00:00:00+05:30,486.0,491.0,483.0,488.25,237724,5.464138446921348,470.9280261297352,452.0471211772048,18.880904952530386,15.673040309030315,8.0,6.75,1.25,8.0,13.935714285714283,647286.3,No Signal
204,2023-05-04T00:00:00+05:30,487.15,496.0,481.25,493.05,715430,5.085625652948205,474.33140672516055,455.0843714603748,19.247035264785723,16.387839300181398,14.75,7.75,7.0,14.75,13.599999999999998,673364.15,No Signal
205,2023-05-05T00:00:00+05:30,491.0,497.5,483.15,489.65,497218,4.792652695533903,476.68811338282813,457.64478838923594,19.043324993592194,16.918936438863557,14.350000000000023,4.449999999999989,9.900000000000034,14.350000000000023,14.057142857142859,689681.95,No Signal
206,2023-05-08T00:00:00+05:30,488.95,504.45,486.0,491.75,397699,4.360450141134116,479.0053267085469,460.17110036040367,18.834226348143204,17.30199442071949,18.44999999999999,14.800000000000011,3.6499999999999773,18.44999999999999,14.700000000000001,696197.6,No Signal
207,2023-05-09T00:00:00+05:30,492.9,493.9,475.25,477.85,422895,3.875034431926369,478.8275841380012,461.48064848185527,17.346935656145945,17.31098266780478,18.649999999999977,2.1499999999999773,16.5,18.649999999999977,14.646428571428572,689426.25,No Signal
208,2023-05-10T00:00:00+05:30,480.5,489.3,477.7,487.35,267415,3.710691051522602,480.1387250398472,463.3968967424586,16.741828297388622,17.19715179372155,11.600000000000023,11.449999999999989,0.1500000000000341,11.600000000000023,14.132142857142858,638411.3,No Signal
209,2023-05-11T00:00:00+05:30,488.0,495.0,482.35,489.85,265216,3.7508619278869046,481.6327673414092,465.35638587264685,16.276381468762338,17.012997728729708,12.649999999999977,7.649999999999977,5.0,12.649999999999977,13.903571428571427,509511.85,No Signal
210,2023-05-12T00:00:00+05:30,489.5,494.3,482.7,485.4,329341,3.6284167192249415,482.212341596577,466.8410980302286,15.371243566348426,16.68464689625345,11.600000000000023,4.449999999999989,7.150000000000034,11.600000000000023,13.614285714285716,490896.95,No Signal
211,2023-05-15T00:00:00+05:30,485.4,513.0,485.4,508.85,1460335,3.555980009269967,486.3104428894113,469.95286854650794,16.357574342903376,16.619232385583437,27.600000000000023,27.600000000000023,0.0,27.600000000000023,14.328571428571435,548352.2,No Signal
212,2023-05-16T00:00:00+05:30,514.2,520.0,500.3,503.75,686557,3.511048711628079,488.9934516756557,472.45635976528513,16.537091910370577,16.602804290540867,19.69999999999999,11.149999999999977,8.550000000000011,19.69999999999999,14.978571428571431,562519.0,No Signal
213,2023-05-17T00:00:00+05:30,503.4,503.4,483.9,491.35,310021,3.041447610606966,489.35599757170866,473.8558886715603,15.500108900148348,16.382265212462364,19.5,0.35000000000002274,19.850000000000023,19.850000000000023,15.075000000000005,545474.75,No Signal
214,2023-05-18T00:00:00+05:30,492.9,493.85,475.3,479.2,348228,2.699923462720096,487.7935364068304,474.2517487699632,13.541787636867184,15.81416969734333,18.55000000000001,2.5,16.05000000000001,18.55000000000001,15.325000000000005,517092.7,Sell
215,2023-05-19T00:00:00+05:30,482.0,484.8,473.6,476.85,585423,2.422015779795532,486.1099154211642,474.44421182404005,11.66570359712415,14.984476477299495,11.199999999999989,5.600000000000023,5.599999999999966,11.199999999999989,15.621428571428575,515841.15,Sell
216,2023-05-22T00:00:00+05:30,476.95,482.85,474.15,476.8,121468,2.1411095578766046,484.6776207409851,474.6187146518889,10.058906089096183,13.999362399658834,8.700000000000045,6.0,2.7000000000000455,8.700000000000045,15.403571428571436,480173.55,Sell
217,2023-05-23T00:00:00+05:30,479.15,501.3,475.5,496.15,782314,1.8516327018256877,486.44260216544893,476.21362467767494,10.228977487773989,13.245285417281865,25.80000000000001,24.5,1.3000000000000114,25.80000000000001,16.675000000000008,487700.65,Sell
218,2023-05-24T00:00:00+05:30,494.7,498.2,486.7,494.8,224389,1.6931165042604046,487.7283556784568,477.5903932200694,10.137962458387392,12.623820825502971,11.5,2.0500000000000114,9.449999999999989,11.5,16.44285714285715,477546.6,Sell
219,2023-05-25T00:00:00+05:30,492.0,508.9,487.1,502.5,435424,1.7409325178453054,490.0009163433096,479.43554927784203,10.56536706546757,12.212130073495892,21.799999999999955,14.099999999999966,7.699999999999989,21.799999999999955,16.975,461287.75,Sell
220,2023-05-26T00:00:00+05:30,501.7,501.7,479.0,480.8,648664,1.8668906112694377,488.5853907520312,479.5366197017056,9.04877105032557,11.579458268861828,22.69999999999999,0.8000000000000114,23.5,23.5,17.33571428571429,466875.0,Sell
221,2023-05-29T00:00:00+05:30,483.0,487.95,472.1,474.9,421969,2.008542467559631,486.47994602094946,479.19316639046815,7.2867796304813055,10.720922541185724,15.849999999999966,7.149999999999977,8.699999999999989,15.849999999999966,17.13571428571429,472399.5,Sell
222,2023-05-30T00:00:00+05:30,477.95,478.0,472.0,474.8,244256,2.1045029142777114,484.6830312484957,478.8677466578409,5.815284590654812,9.739794951079542,6.0,3.1000000000000227,2.8999999999999773,6.0,16.735714285714288,470099.3,Sell
223,2023-05-31T00:00:00+05:30,477.0,485.0,471.3,483.25,973799,2.0803092756594435,484.46256490257326,479.19235801651934,5.270206886053927,8.84587733807442,13.699999999999989,10.199999999999989,3.5,13.699999999999989,16.810714285714287,506903.05,Sell
224,2023-06-01T00:00:00+05:30,483.0,491.9,481.3,487.55,395141,2.047188244539368,484.937554917562,479.8114426078883,5.126112309673715,8.10192433239428,10.599999999999966,8.649999999999977,1.9499999999999886,10.599999999999966,16.73928571428571,490888.6,Sell
225,2023-06-02T00:00:00+05:30,489.0,497.0,488.0,490.15,405188,2.037521405890243,485.7394695456294,480.57726167397067,5.1622078716587225,7.5139810402471685,9.0,9.449999999999989,0.44999999999998863,9.449999999999989,15.442857142857138,486287.1,No Signal
226,2023-06-05T00:00:00+05:30,493.85,520.0,492.2,514.9,1404144,2.268347710792246,490.22570500014797,483.11968673515804,7.1060182649899275,7.4323884851957205,27.80000000000001,29.850000000000023,2.0500000000000114,29.850000000000023,16.16785714285714,536609.35,Sell
227,2023-06-06T00:00:00+05:30,520.0,524.0,511.85,520.0,926701,2.5543694740881837,494.806365769356,485.851561791813,8.954803977542952,7.736871583665168,12.149999999999977,9.100000000000023,3.0499999999999545,12.149999999999977,15.617857142857137,561799.65,No Signal
228,2023-06-07T00:00:00+05:30,521.95,537.0,514.1,526.1,1503189,2.9248776213514716,499.6207710356089,488.83292758501204,10.787843450596881,8.34706595705151,22.899999999999977,17.0,5.899999999999977,22.899999999999977,15.92857142857142,623588.35,Buy
229,2023-06-08T00:00:00+05:30,525.05,542.25,525.0,528.05,1122756,3.2663471816492087,503.9944985685922,491.7378959120482,12.256602656543976,9.128973296950004,17.25,16.149999999999977,1.1000000000000227,17.25,16.360714285714277,666465.35,Buy
230,2023-06-09T00:00:00+05:30,528.05,538.85,524.0,536.75,566922,3.6245241662675105,509.03380648111647,495.07212584448905,13.96168063662742,10.095514764885488,14.850000000000023,10.800000000000068,4.0499999999999545,14.850000000000023,16.79999999999999,678344.4,Buy
231,2023-06-12T00:00:00+05:30,541.0,564.9,541.0,562.15,1865026,4.3022098002837925,517.2055285609447,500.0408572634158,17.164671297528912,11.509346071414173,23.899999999999977,28.149999999999977,4.25,28.149999999999977,16.96785714285713,698578.95,Buy
232,2023-06-13T00:00:00+05:30,565.0,578.5,558.45,574.15,1476807,5.108302986272975,525.9662164746455,505.53042339205166,20.435793082593875,13.294635473650114,20.049999999999955,16.350000000000023,3.699999999999932,20.049999999999955,17.578571428571415,738091.45,Buy
233,2023-06-14T00:00:00+05:30,574.15,602.3,574.05,597.9,2144718,6.009237033657767,537.0329524016231,512.3726142518997,24.66033814972343,15.56777600886478,28.25,28.149999999999977,0.10000000000002274,28.25,18.039285714285704,829826.3,Buy
234,2023-06-15T00:00:00+05:30,594.0,594.0,568.0,570.9,1036830,6.611737544411307,542.243267416758,516.7079761591664,25.535291257591666,17.561279058610157,26.0,3.8999999999999773,29.899999999999977,29.899999999999977,18.49642857142856,864256.4,Buy
235,2023-06-16T00:00:00+05:30,570.9,578.7,569.1,575.0,360191,6.798408166376762,547.2827647372568,521.02590385108,26.25686088617681,19.30039542412349,9.600000000000023,7.800000000000068,1.7999999999999545,9.600000000000023,18.04999999999999,852994.8,Buy
236,2023-06-19T00:00:00+05:30,577.5,577.9,561.7,569.5,434361,6.91760412913628,550.700800931525,524.6165776398889,26.084223291636135,20.657160997626022,16.199999999999932,2.8999999999999773,13.299999999999955,16.199999999999932,18.778571428571414,868639.45,Buy
237,2023-06-20T00:00:00+05:30,570.9,579.6,562.0,577.0,289480,7.040377569010579,554.7468315574442,528.4968311480452,26.250000409399036,21.775728879980626,17.600000000000023,10.100000000000023,7.5,17.600000000000023,19.057142857142846,843997.75,Buy
238,2023-06-21T00:00:00+05:30,581.7,582.5,569.05,577.0,261163,7.16456196777975,558.170395933222,532.0896584704122,26.080737462809793,22.63673059654646,13.450000000000045,5.5,7.9500000000000455,13.450000000000045,19.26071428571428,845836.45,Buy
239,2023-06-22T00:00:00+05:30,575.9,579.3,569.2,575.0,287405,7.281517811667366,560.7595657896494,535.2682022874187,25.491363502230683,23.207657177683306,10.099999999999909,2.2999999999999545,7.7999999999999545,10.099999999999909,19.307142857142846,838435.5,Buy
240,2023-06-23T00:00:00+05:30,577.7,580.0,569.4,575.9,250943,7.084685634685783,563.0888633604726,538.2779650809432,24.810898279529397,23.528305398052524,10.600000000000023,5.0,5.600000000000023,10.600000000000023,17.932142857142846,818549.45,Buy
241,2023-06-26T00:00:00+05:30,576.75,581.55,557.75,576.7,597502,6.69359274274739,565.1828843819384,541.1240417416141,24.058842640324315,23.634412846506883,23.799999999999955,5.649999999999977,18.149999999999977,23.799999999999955,18.764285714285702,827326.1,Buy
242,2023-06-27T00:00:00+05:30,578.35,589.05,573.2,585.0,365427,6.132911908029648,568.2316714001017,544.3741127237167,23.857558676384997,23.67904201248251,15.849999999999909,12.349999999999909,3.5,15.849999999999909,18.26071428571427,833384.65,Buy
243,2023-06-28T00:00:00+05:30,585.55,585.55,573.6,581.0,360387,5.64746026275955,570.1960296462399,547.0871414108489,23.108888235391078,23.565011257064224,11.949999999999932,0.5499999999999545,11.399999999999977,11.949999999999932,17.882142857142835,802714.05,Sell
244,2023-06-30T00:00:00+05:30,577.8,583.2,570.75,575.35,379581,5.03245996186007,570.988948162203,549.1806864915267,21.808261670676302,23.21366133978664,12.450000000000045,2.2000000000000455,10.25,12.450000000000045,17.710714285714264,801936.05,Sell
245,2023-07-03T00:00:00+05:30,574.9,578.45,569.7,575.0,296036,4.18690034679361,571.6060330603256,551.0932282328951,20.5128048274305,22.673490037315414,8.75,3.1000000000000227,5.649999999999977,8.75,16.32499999999998,796478.45,No Signal
246,2023-07-04T00:00:00+05:30,573.0,582.8,572.15,575.0,595575,3.69610009400271,572.1281818202755,552.8641002156436,19.264081604631883,21.99160835077871,10.649999999999977,7.7999999999999545,2.8500000000000227,10.649999999999977,15.65357142857141,756050.0,No Signal
247,2023-07-05T00:00:00+05:30,574.25,580.2,565.0,576.1,292498,3.1695480806656935,572.7392307710023,554.5852779774477,18.153952793554595,21.224077239333887,15.200000000000045,5.2000000000000455,10.0,15.200000000000045,14.721428571428557,724339.85,No Signal
248,2023-07-06T00:00:00+05:30,581.0,598.0,581.0,593.0,664513,2.6755517558379855,575.8562721908481,557.4308129420813,18.425459248766856,20.664353641220483,17.0,21.899999999999977,4.899999999999977,21.899999999999977,14.149999999999986,682406.05,No Signal
249,2023-07-07T00:00:00+05:30,595.1,596.8,578.0,580.0,263124,2.0533599298933107,576.4937687768715,559.1026045760012,17.39116420087032,20.009715753150452,18.799999999999955,3.7999999999999545,15.0,18.799999999999955,14.807142857142837,639424.45,No Signal
250,2023-07-10T00:00:00+05:30,581.05,591.7,573.1,587.75,310280,1.3641931836860601,578.2254966573529,561.2246338666678,17.00086279068512,19.407945160657388,18.600000000000023,11.700000000000045,6.899999999999977,18.600000000000023,14.978571428571415,626592.35,No Signal
251,2023-07-11T00:00:00+05:30,590.0,590.0,577.25,583.3,447398,1.2295234391787706,579.0061894792985,562.8598461728405,16.146343306457993,18.75562478981751,12.75,2.25,10.5,12.75,14.632142857142842,555710.95,No Signal
252,2023-07-12T00:00:00+05:30,594.0,594.0,581.9,584.0,387602,1.2255871525545299,579.7744680209449,564.4257834933709,15.34868452757405,18.07423673736882,12.100000000000023,10.700000000000045,1.3999999999999773,12.100000000000023,14.535714285714269,501250.7,No Signal
253,2023-07-13T00:00:00+05:30,598.0,614.5,521.3,560.1,15707281,1.2566157774311253,576.7476267869534,564.1053550864546,12.642271700498895,16.987843729994836,93.20000000000005,30.5,62.700000000000045,93.20000000000005,20.471428571428564,1179378.85,Sell
254,2023-07-14T00:00:00+05:30,564.9,575.9,561.15,565.85,2230248,1.3033461063699994,575.0710688197298,564.2345880430134,10.836480776716371,15.757571139339143,14.75,15.799999999999955,1.0499999999999545,15.799999999999955,20.84285714285713,1239049.75,Sell
255,2023-07-17T00:00:00+05:30,568.7,568.7,556.0,562.05,940762,1.4456096410835717,573.0678274628483,564.0727667064939,8.995060756354405,14.405069062742196,12.700000000000045,2.8500000000000227,9.850000000000023,12.700000000000045,20.049999999999994,1268078.3,Sell
256,2023-07-18T00:00:00+05:30,564.0,567.55,556.0,558.75,380838,1.600523032510894,570.8650847762563,563.678487691198,7.186597085058224,12.961374667205403,11.549999999999955,5.5,6.0499999999999545,11.549999999999955,19.74285714285714,1265402.15,Sell
257,2023-07-19T00:00:00+05:30,560.0,562.5,550.0,553.85,271082,1.8484055331709044,568.2473794260629,562.9504515659241,5.296927860138794,11.428485305792082,12.5,3.75,8.75,12.5,19.782142857142862,1264482.25,Sell
258,2023-07-20T00:00:00+05:30,553.95,556.95,545.45,551.0,273086,2.094804282750799,565.5939364374378,562.0652329314113,3.5287035060265453,9.848528945838975,11.5,3.1000000000000227,8.399999999999977,11.5,19.714285714285715,1265078.4,Sell
259,2023-07-21T00:00:00+05:30,546.0,552.8,537.1,543.5,516281,2.4592071713452524,562.1948692932166,560.6900304920475,1.5048388011690577,8.179790916904992,15.699999999999932,1.7999999999999545,13.899999999999977,15.699999999999932,20.210714285714282,1276522.2,Sell
260,2023-07-24T00:00:00+05:30,545.3,556.3,543.05,548.2,345517,2.6188099659368596,560.0418124788756,559.7648430481921,0.27696943068349356,6.599226619660692,13.25,12.799999999999955,0.4500000000000455,13.25,20.39642857142857,1281250.9,Sell
261,2023-07-25T00:00:00+05:30,551.7,561.95,550.65,554.0,372234,2.663361432948061,559.112302866741,559.3378176372149,-0.2255147704739784,5.234278341633758,11.300000000000068,13.75,2.449999999999932,13.75,20.292857142857137,1269987.5,Sell
262,2023-07-26T00:00:00+05:30,558.3,558.3,548.4,556.0,267525,2.624126379662819,558.6334870410885,559.0905718863102,-0.4570848452216296,4.096005704262681,9.899999999999977,4.2999999999999545,5.600000000000023,9.899999999999977,19.43571428571428,1265092.4,Sell
263,2023-07-27T00:00:00+05:30,559.9,560.45,543.4,548.5,231585,2.715588297342566,557.0744890347672,558.3060850799168,-1.2315960451495584,3.0304853543802333,17.050000000000068,4.4500000000000455,12.600000000000023,17.050000000000068,19.310714285714287,1258652.3,Sell
264,2023-07-28T00:00:00+05:30,550.0,597.95,550.0,588.0,4231800,2.6432320812410404,561.8322599524953,560.5056343332562,1.3266256192390529,2.6897134073519973,47.950000000000045,49.450000000000045,1.5,49.450000000000045,21.514285714285716,1451263.25,Sell
265,2023-07-31T00:00:00+05:30,594.0,599.0,583.1,587.0,1019920,2.7396149157508503,565.7042199598037,562.4681799382003,3.2360400216034577,2.7989787302022897,15.899999999999977,11.0,4.899999999999977,15.899999999999977,21.739285714285717,1487457.45,Buy
266,2023-08-01T00:00:00+05:30,591.9,592.7,574.45,581.5,450654,2.8029184082300027,568.1343399659878,563.8779443872224,4.256395578765364,3.090462099914905,18.25,5.7000000000000455,12.549999999999955,18.25,22.178571428571427,1480211.4,Buy
267,2023-08-02T00:00:00+05:30,583.0,587.9,571.65,575.6,391200,2.8294768930389007,569.2829030481436,564.7462448029837,4.536658245159856,3.379701328963895,16.25,6.399999999999977,9.850000000000023,16.25,16.682142857142853,1485146.5,No Signal
268,2023-08-03T00:00:00+05:30,577.05,584.0,567.3,572.0,497420,2.6643003365080586,569.7009179638138,565.2835600027627,4.417357961051152,3.5872326553813467,16.700000000000045,8.399999999999977,8.300000000000068,16.700000000000045,16.746428571428574,1476791.85,No Signal
269,2023-08-04T00:00:00+05:30,574.45,580.0,568.55,572.55,206547,2.6190962064278738,570.1392382770732,565.8218148173728,4.3174234597004215,3.7332708162451618,11.450000000000045,8.0,3.4500000000000455,11.450000000000045,16.657142857142862,1473963.0,No Signal
270,2023-08-07T00:00:00+05:30,576.05,587.65,573.2,583.75,308173,2.522308089030589,572.2332016190619,567.1498285346045,5.083373084457435,4.003291269887617,14.449999999999932,15.100000000000023,0.650000000000091,15.100000000000023,16.910714285714295,1473857.65,No Signal
271,2023-08-08T00:00:00+05:30,588.4,613.15,578.2,591.1,664136,2.585969660080983,575.13578598536,568.923915309819,6.211870675541036,4.445007151018301,34.94999999999993,29.399999999999977,5.5499999999999545,34.94999999999993,18.514285714285716,1484694.55,No Signal
272,2023-08-09T00:00:00+05:30,599.0,599.0,582.2,586.0,423542,2.629642300424264,576.8072035260739,570.1888104720546,6.618393054019293,4.8796843316185,16.799999999999955,7.899999999999977,8.899999999999977,16.799999999999955,18.892857142857142,1486491.55,No Signal
273,2023-08-10T00:00:00+05:30,584.05,584.05,552.3,558.5,1208308,2.7665741423495707,573.9907106759086,569.3229726593098,4.6677380165988325,4.837295068614567,31.75,1.9500000000000455,33.700000000000045,33.700000000000045,20.178571428571438,761542.9,Sell
274,2023-08-11T00:00:00+05:30,561.8,563.0,553.15,554.8,200218,2.827334249334853,571.0382936488458,568.2471969067683,2.791096742077457,4.428055403307145,9.850000000000023,4.5,5.350000000000023,9.850000000000023,19.935714285714294,660041.4,Sell
275,2023-08-14T00:00:00+05:30,555.4,557.6,545.3,550.0,1040293,2.9246420465555207,567.8016330874849,566.8955526914522,0.9060803960327348,3.7236604018522628,12.300000000000068,2.800000000000068,9.5,12.300000000000068,19.832142857142873,665017.95,Sell
276,2023-08-16T00:00:00+05:30,549.8,555.0,543.0,547.45,420560,3.0205058901949173,564.6706126124873,565.4551413809743,-0.7845287684870073,2.822022567784409,12.0,5.0,7.0,12.0,19.982142857142872,667004.05,Sell
277,2023-08-17T00:00:00+05:30,548.7,558.0,546.05,550.0,233486,3.03564509591081,562.4135952874892,564.3103160934947,-1.8967208060055327,1.8782738930264207,11.950000000000045,10.549999999999955,1.400000000000091,11.950000000000045,19.617857142857158,665124.25,Sell
278,2023-08-18T00:00:00+05:30,550.85,565.9,546.55,555.8,378128,2.971964516313451,561.3961190894139,563.6799223087914,-2.283803219377546,1.0458584705456273,19.350000000000023,15.899999999999977,3.4500000000000455,19.350000000000023,17.467857142857156,670376.35,No Signal
279,2023-08-21T00:00:00+05:30,555.45,564.65,554.4,557.95,215797,2.8353347637041213,560.8659469218118,563.2554836192513,-2.389536697439553,0.3587794369485913,10.25,8.850000000000023,1.3999999999999773,10.25,17.064285714285727,655352.15,No Signal
280,2023-08-22T00:00:00+05:30,560.7,569.0,558.55,565.0,340408,2.7017312295978955,561.5019550876868,563.3847070548624,-1.8827519671755226,-0.08952684387623147,10.450000000000045,11.049999999999955,0.599999999999909,11.049999999999955,16.55000000000001,655096.7,No Signal
281,2023-08-23T00:00:00+05:30,567.5,574.65,565.65,572.0,364103,2.622425928889253,563.1170389203504,564.0228769026503,-0.9058379822998859,-0.25278907156096236,9.0,9.649999999999977,0.6499999999999773,9.649999999999977,16.07857142857144,654690.15,No Signal
282,2023-08-24T00:00:00+05:30,574.9,574.9,570.0,571.2,153999,2.5841681711480837,564.3605713941427,564.5545156506021,-0.19394425645941737,-0.24102010854065337,4.899999999999977,2.8999999999999773,2.0,4.899999999999977,15.235714285714291,649013.85,No Signal
283,2023-08-25T00:00:00+05:30,569.7,571.35,563.2,567.55,196667,2.467060738320789,564.8512527181207,564.776403380187,0.07484933793364235,-0.17784621924579425,8.149999999999977,0.14999999999997726,8.0,8.149999999999977,15.0,647267.95,No Signal
284,2023-08-28T00:00:00+05:30,570.75,573.45,567.85,570.0,135844,2.333957863574026,565.6433676845637,565.1633364631361,0.4800312214275664,-0.04627073111112212,5.600000000000023,5.900000000000091,0.3000000000000682,5.900000000000091,14.342857142857147,442470.15,No Signal
285,2023-08-29T00:00:00+05:30,570.15,576.95,567.3,573.5,208813,2.204150938995204,566.852080348477,565.7808670954964,1.0712132529805558,0.17722606570721347,9.650000000000091,6.9500000000000455,2.7000000000000455,9.650000000000091,12.535714285714302,401914.8,No Signal
286,2023-08-30T00:00:00+05:30,579.2,625.3,572.0,604.6,1699836,2.451878644058265,572.6594526025574,568.656358421756,4.00309418080144,0.942399688726059,53.299999999999955,51.799999999999955,1.5,53.299999999999955,15.142857142857158,464373.9,No Signal
287,2023-08-31T00:00:00+05:30,604.0,679.0,594.45,635.0,1559018,3.294468928802035,582.2503060483178,573.5707022423666,8.679603805951274,2.489840512171102,84.54999999999995,74.39999999999998,10.149999999999977,84.54999999999995,18.77500000000001,522764.8,Buy
288,2023-09-01T00:00:00+05:30,639.9,691.95,630.4,668.45,1231864,4.496478747092929,595.5117974254997,580.5987983725616,14.912999052938062,4.974472220324494,61.55000000000007,56.950000000000045,4.600000000000023,61.55000000000007,22.467857142857156,559487.0,Buy
289,2023-09-04T00:00:00+05:30,653.0,670.4,643.6,657.6,490529,5.327575009431563,605.0638285908075,586.3025910857052,18.761237505102258,7.7318252772800475,26.799999999999955,1.9499999999999318,24.850000000000023,26.799999999999955,23.503571428571433,573686.1,Buy
290,2023-09-05T00:00:00+05:30,654.0,654.0,638.15,642.25,320637,5.857730422665243,610.7847780383755,590.4468435978752,20.337934440500362,10.253047109924111,15.850000000000023,3.6000000000000227,19.450000000000045,19.450000000000045,24.035714285714295,574309.3,Buy
291,2023-09-06T00:00:00+05:30,643.95,643.95,632.55,634.05,179867,6.1891878750759375,614.3640429555485,593.6767070350696,20.68733592047886,12.339904872035062,11.400000000000091,1.7000000000000455,9.700000000000045,11.400000000000091,23.996428571428584,550095.85,Buy
292,2023-09-07T00:00:00+05:30,637.0,639.45,628.0,632.4,150666,6.417747926182897,617.1388055777718,596.545099106546,20.5937064712258,13.99066519187321,11.450000000000045,5.400000000000091,6.0499999999999545,11.450000000000045,23.43214285714287,536452.05,Buy
293,2023-09-08T00:00:00+05:30,637.0,656.0,631.45,647.8,1157151,6.485003527991119,621.8559124119607,600.341758431987,21.514153979973685,15.495362949493305,24.549999999999955,23.600000000000023,0.9499999999999318,24.549999999999955,24.45357142857144,533894.2,Buy
294,2023-09-11T00:00:00+05:30,655.0,658.0,641.0,645.4,275081,6.59586084647859,625.4780797331975,603.6794059555435,21.798673777654017,16.75602511512545,17.0,10.200000000000045,6.7999999999999545,17.0,24.87857142857144,537637.35,Buy
295,2023-09-12T00:00:00+05:30,645.0,649.05,604.35,607.45,419925,6.768688121894817,622.7045290050133,603.9587092180959,18.745819786917423,17.153984049483846,44.69999999999993,3.6499999999999773,41.049999999999955,44.69999999999993,27.382142857142867,506618.95,Buy
296,2023-09-13T00:00:00+05:30,610.5,623.4,598.05,619.5,1065921,6.354108780216622,622.2115245427036,605.1099159426814,17.101608600022246,17.143508959591525,25.350000000000023,15.949999999999932,9.400000000000091,25.350000000000023,28.842857142857156,538887.0,Sell
297,2023-09-14T00:00:00+05:30,622.5,634.9,621.55,630.7,161214,5.9694507449567,623.5174438438262,607.005477724705,16.51196611912121,17.017200391497465,13.350000000000023,15.399999999999977,2.0499999999999545,15.399999999999977,29.360714285714298,535273.4,Sell
298,2023-09-15T00:00:00+05:30,633.0,633.7,616.0,619.9,137256,5.7517971372664265,622.9609140216991,607.960627522875,15.000286498824039,16.61381761296278,17.700000000000045,3.0,14.700000000000045,17.700000000000045,30.20357142857144,523229.8,Sell
299,2023-09-18T00:00:00+05:30,619.9,627.4,610.35,613.7,101582,5.440337903863398,621.5361580183608,608.3857662248843,13.150391793476501,15.921132449065524,17.049999999999955,7.5,9.549999999999955,17.049999999999955,30.732142857142858,517519.05,Sell
300,2023-09-20T00:00:00+05:30,610.25,618.85,593.6,602.55,383776,5.226917664079032,618.6152106309206,607.9534872452632,10.66172338565741,14.869250636383903,25.25,5.149999999999977,20.100000000000023,25.25,28.72857142857143,519687.45,Sell
301,2023-09-21T00:00:00+05:30,599.85,611.65,597.1,604.75,211237,4.945890124062704,616.4821013030867,607.7161918937622,8.765909409324422,13.648582390972008,14.549999999999955,9.100000000000023,5.449999999999932,14.549999999999955,23.72857142857143,512044.15,Sell
302,2023-09-22T00:00:00+05:30,604.85,610.95,591.25,594.05,200258,4.789640353315243,613.0310087949194,606.7038813831132,6.327127411806259,12.184291395138859,19.700000000000045,6.2000000000000455,13.5,19.700000000000045,20.739285714285717,514357.1,No Signal
303,2023-09-25T00:00:00+05:30,597.85,613.85,591.8,609.65,204801,4.252519615380716,612.5108535957011,606.9221123917715,5.588741203929544,10.865181356896997,22.050000000000068,19.800000000000068,2.25,22.050000000000068,20.40000000000001,514763.8,No Signal
304,2023-09-26T00:00:00+05:30,609.95,618.15,600.7,604.55,221485,3.8706311027289217,611.2861068886701,606.7464003627514,4.539706525918746,9.600086390701348,17.449999999999932,8.5,8.949999999999932,17.449999999999932,20.25714285714286,519045.85,No Signal
305,2023-09-27T00:00:00+05:30,604.55,611.25,601.15,604.95,127381,3.4482622572894313,610.3113212134901,606.6133336692143,3.697987544275861,8.419666621416251,10.100000000000023,6.7000000000000455,3.3999999999999773,10.100000000000023,20.16428571428571,514974.25,No Signal
306,2023-09-28T00:00:00+05:30,606.0,625.0,598.1,601.85,228635,3.4897729037758403,609.0095794883379,606.2604941381613,2.7490853501765287,7.285550367168307,26.899999999999977,20.049999999999955,6.850000000000023,26.899999999999977,21.267857142857135,441414.2,No Signal
307,2023-09-29T00:00:00+05:30,603.15,609.7,599.5,602.6,314996,3.54179771913383,608.0234903362859,605.9893464242234,2.034143912062518,6.23526907614715,10.200000000000045,7.850000000000023,2.3500000000000227,10.200000000000045,20.24285714285714,379213.1,No Signal
308,2023-10-03T00:00:00+05:30,602.0,620.0,592.1,618.1,377953,2.970831522144198,609.5737225922419,606.8864318742809,2.687290717960991,5.525673404509918,27.899999999999977,17.399999999999977,10.5,27.899999999999977,21.02142857142857,336517.55,No Signal
309,2023-10-04T00:00:00+05:30,620.1,630.85,606.2,626.05,502708,2.5808311228894176,612.1085345011278,608.305955439149,3.802579061978804,5.181054536003696,24.649999999999977,12.75,11.899999999999977,24.649999999999977,19.589285714285715,337126.5,No Signal
310,2023-10-05T00:00:00+05:30,638.0,677.8,631.1,671.3,3114305,2.892613562785911,621.2149138086465,612.972180962175,8.24273284647154,5.793390198097265,46.69999999999993,51.75,5.050000000000068,51.75,21.474999999999998,476809.9,No Signal
311,2023-10-06T00:00:00+05:30,671.3,683.0,665.1,667.7,1327215,3.298249763689187,628.3664655303933,617.0260934834954,11.340372046897869,6.902786567857386,17.899999999999977,11.700000000000045,6.199999999999932,17.899999999999977,21.65357142857143,534177.3,No Signal
312,2023-10-09T00:00:00+05:30,697.0,700.95,663.85,670.5,2684389,3.6602074618154457,634.8485477564866,620.9871235958291,13.86142416065752,8.294514086417413,37.10000000000002,33.25,3.8500000000000227,37.10000000000002,23.03928571428571,660863.45,No Signal
313,2023-10-10T00:00:00+05:30,670.5,796.4,666.95,727.5,9717755,4.613887861314972,649.1026173324118,628.8769662924343,20.225651039977492,10.680741477129429,129.44999999999993,125.89999999999998,3.5499999999999545,129.44999999999993,31.06785714285714,1088893.65,Buy
314,2023-10-11T00:00:00+05:30,727.0,755.35,713.3,723.8,4322262,5.499937277038793,660.5945223581946,635.9083021226244,24.686220235570204,13.481837228817584,42.05000000000007,27.850000000000023,14.200000000000045,42.05000000000007,32.267857142857146,1291252.7,Buy
315,2023-10-12T00:00:00+05:30,723.8,729.8,717.35,724.05,587276,6.137439306433508,670.356903533857,642.4373167802078,27.91958675364924,16.369387133783917,12.449999999999932,6.0,6.449999999999932,12.449999999999932,32.11785714285714,1299620.25,Buy
316,2023-10-13T00:00:00+05:30,715.95,728.05,711.1,716.05,477912,6.645189704323393,677.3866106824944,647.890108129822,29.496502552672382,18.99481021756161,16.949999999999932,4.0,12.949999999999932,16.949999999999932,31.92142857142856,1270219.8,Buy
317,2023-10-16T00:00:00+05:30,725.7,735.0,717.0,721.4,865344,7.027728771982833,684.157901346726,653.3352853053907,30.822616041335323,21.360371382316355,18.0,18.950000000000045,0.9500000000000455,18.950000000000045,31.69999999999999,1305426.3,Buy
318,2023-10-17T00:00:00+05:30,727.5,729.95,711.1,714.25,299083,7.346952966868163,688.7874549856913,657.8474863938803,30.939968591810953,23.276290824215277,18.850000000000023,8.550000000000068,10.299999999999955,18.850000000000023,31.799999999999994,1313517.65,Buy
319,2023-10-18T00:00:00+05:30,716.9,738.45,712.35,732.75,904831,7.469050124360481,695.5509234494311,663.3958207350744,32.15510271435676,25.052053202243574,26.100000000000023,24.200000000000045,1.8999999999999773,26.100000000000023,32.942857142857136,1353680.1,Buy
320,2023-10-19T00:00:00+05:30,728.9,738.9,717.05,734.25,475063,7.593705636036923,701.504627534134,668.6442784584023,32.86034907573173,26.61371237694121,21.850000000000023,6.149999999999977,15.700000000000045,21.850000000000023,32.582142857142856,1358244.45,Buy
321,2023-10-20T00:00:00+05:30,731.1,754.2,726.1,743.8,1076512,7.623830664504896,708.011607913498,674.211368942965,33.80023897053297,28.051017695659564,28.100000000000023,19.950000000000045,8.149999999999977,28.100000000000023,33.86071428571428,1401508.2,Buy
322,2023-10-23T00:00:00+05:30,745.4,757.9,711.0,746.4,1239894,7.520323930682321,713.9175143883444,679.5586749471898,34.3588394411546,29.31258204475857,46.89999999999998,14.100000000000023,32.799999999999955,46.89999999999998,35.21785714285714,1453490.0,Buy
323,2023-10-25T00:00:00+05:30,743.0,809.8,715.05,757.85,3739552,7.442737032215084,720.6763583285991,685.3580323585091,35.31832597008997,30.51373082982485,94.75,63.39999999999998,31.350000000000023,94.75,40.225,1630227.55,Buy
324,2023-10-26T00:00:00+05:30,754.95,819.6,723.15,784.35,1536873,7.286263058640118,730.4723032011224,692.6907707023233,37.78153249879904,31.96729116361969,96.45000000000005,61.75,34.700000000000045,96.45000000000005,43.417857142857144,1695996.95,Buy
325,2023-10-27T00:00:00+05:30,784.35,787.85,736.05,748.1,1872390,7.250020424279244,733.1842565547959,696.7951580577068,36.389098497089094,32.85165263031357,51.80000000000007,3.5,48.30000000000007,51.80000000000007,45.83928571428572,1783247.4,Buy
326,2023-10-30T00:00:00+05:30,743.0,763.9,733.75,751.3,670629,6.6401064402515875,735.9712940079042,700.8325537571359,35.138740250768365,33.30907015440453,30.149999999999977,15.799999999999955,14.350000000000023,30.149999999999977,45.34285714285715,1805347.1,Buy
327,2023-10-31T00:00:00+05:30,752.45,778.5,736.8,765.7,1020355,5.826378816877352,740.5449410836113,705.6375497751259,34.907391308485444,33.62873438522072,41.700000000000045,27.200000000000045,14.5,41.700000000000045,39.07500000000001,1840615.05,Buy
328,2023-11-01T00:00:00+05:30,756.0,774.0,738.0,749.85,1297233,5.135646915782015,741.9764886092096,708.9125460880795,33.063942521130116,33.5157760124026,36.0,8.299999999999955,27.700000000000045,36.0,38.64285714285715,1886579.05,Sell
329,2023-11-02T00:00:00+05:30,749.85,764.95,742.0,747.1,759721,4.167692244751816,742.7647211308697,711.7412463778513,31.023474753018377,33.017315760525754,22.950000000000045,15.100000000000023,7.850000000000023,22.950000000000045,39.39285714285716,1899429.7,Sell
330,2023-11-03T00:00:00+05:30,751.7,787.0,750.05,780.15,2067814,3.8250343296737066,748.5163024953513,716.8085614609735,31.70774103437782,32.75540081529617,36.950000000000045,39.89999999999998,2.949999999999932,39.89999999999998,41.03214285714288,1847105.15,Sell
331,2023-11-06T00:00:00+05:30,780.05,805.5,773.0,800.6,1474546,3.592708620911859,756.529179034528,723.0153346860866,33.51384434844147,32.90708952192523,32.5,25.350000000000023,7.149999999999977,32.5,42.000000000000014,1854471.7,Buy
332,2023-11-07T00:00:00+05:30,800.55,817.5,781.0,791.0,1142035,3.2146399754060457,761.8323822599853,728.0512358204505,33.78114643953472,33.08190090544713,36.5,16.899999999999977,19.600000000000023,36.5,43.2607142857143,1777354.0,Buy
333,2023-11-08T00:00:00+05:30,830.0,848.0,818.35,832.75,2500450,3.74614985606233,772.7427849892183,735.8066998337505,36.93608515546782,33.852737755451265,29.649999999999977,57.0,27.350000000000023,57.0,45.467857142857156,1416488.75,Buy
334,2023-11-09T00:00:00+05:30,836.5,878.0,830.05,868.45,3043326,4.563364772771456,787.466971913954,745.6321294756949,41.8348424382591,35.44915869201284,47.950000000000045,45.25,2.7000000000000455,47.950000000000045,47.33214285714287,1352541.95,Buy
335,2023-11-10T00:00:00+05:30,865.05,887.4,853.2,873.15,1949702,5.260719036521758,800.6489762348841,755.0778976626805,45.571078572203646,37.473542668051,34.19999999999993,18.949999999999932,15.25,34.19999999999993,47.76785714285715,1420663.25,Buy
336,2023-11-12T00:00:00+05:30,873.8,880.0,865.0,872.5,166224,5.706358400183312,811.7029798910557,763.7758311691485,47.9271487219072,39.564263878822246,15.0,6.850000000000023,8.149999999999977,15.0,45.48928571428572,1405078.85,Buy
337,2023-11-13T00:00:00+05:30,864.1,866.6,840.0,843.0,762389,5.957288591988323,816.5179060616625,769.644288119582,46.8736179420805,41.0261346914739,26.600000000000023,5.899999999999977,32.5,32.5,41.04285714285715,1399931.1,Buy
338,2023-11-15T00:00:00+05:30,855.1,880.55,852.0,872.65,915985,5.898147102213146,825.1536128214068,777.2743408514649,47.8792719699419,42.3967621471675,28.549999999999955,37.549999999999955,9.0,37.549999999999955,36.83571428571429,1430776.2,No Signal
339,2023-11-16T00:00:00+05:30,876.9,924.9,873.05,912.2,1101486,6.18380065781963,838.5453646950365,787.2688341217267,51.27653057330974,44.17271583239595,51.85000000000002,52.25,0.39999999999997726,52.25,36.86785714285714,1440608.95,No Signal
340,2023-11-17T00:00:00+05:30,910.0,910.0,872.35,878.05,789275,6.482075584716131,844.6230008958,793.9933649275248,50.62963596827524,45.46409985957181,37.64999999999998,2.2000000000000455,39.85000000000002,39.85000000000002,37.56071428571429,1456319.55,No Signal
341,2023-11-20T00:00:00+05:30,880.6,908.6,872.1,892.05,1189371,6.506216006263767,851.9194622964462,801.2568193773378,50.66264291910841,46.50380847147913,36.5,30.550000000000068,5.949999999999932,36.5,37.18928571428571,1461962.5,No Signal
342,2023-11-21T00:00:00+05:30,893.0,914.9,891.0,904.75,562402,6.544615488032718,860.0472373277622,808.9229809049424,51.124256422819826,47.42789806174727,23.899999999999977,22.850000000000023,1.0499999999999545,23.899999999999977,36.324999999999996,1428087.9,No Signal
343,2023-11-22T00:00:00+05:30,902.5,912.9,895.2,905.7,506903,6.63570382858344,867.0707392773372,816.0916489860577,50.979090291279476,48.13813650765371,17.699999999999932,8.149999999999977,9.549999999999955,17.699999999999932,35.94999999999999,1266455.45,No Signal
344,2023-11-23T00:00:00+05:30,903.0,957.4,903.0,916.75,2092379,6.786525850664543,874.7137024654392,823.5478231352387,51.16587933020048,48.74368507216307,54.39999999999998,51.69999999999993,2.7000000000000455,54.39999999999998,36.98571428571427,1294230.75,No Signal
345,2023-11-24T00:00:00+05:30,924.75,931.0,893.55,925.05,1335321,6.674649195635802,882.457748239987,831.0665029029988,51.39124533698828,49.273197125128114,37.450000000000045,14.25,23.200000000000045,37.450000000000045,37.33928571428571,1267377.3,No Signal
346,2023-11-28T00:00:00+05:30,932.0,968.0,930.6,956.7,611069,6.539781524671463,893.8796331261428,840.372687873147,53.50694525299582,50.11994675070166,37.39999999999998,42.950000000000045,5.550000000000068,42.950000000000045,37.8,1264399.3,No Signal
347,2023-11-29T00:00:00+05:30,964.95,966.3,945.0,952.6,360464,6.569084033606106,902.9135357221209,848.6858221047657,54.22771361735511,50.94150012403235,21.299999999999955,9.599999999999909,11.700000000000045,21.299999999999955,35.24999999999999,1231404.75,No Signal
348,2023-11-30T00:00:00+05:30,959.7,1050.0,953.45,1002.9,3306553,6.37183073947305,918.2960686879484,860.1090945414497,58.18697414649864,52.390594928525616,96.54999999999995,97.39999999999998,0.8500000000000227,97.39999999999998,38.782142857142844,1331870.75,No Signal
349,2023-12-01T00:00:00+05:30,1018.55,1048.7,1016.8,1037.8,1625407,6.3568297469594945,936.6812888898024,873.2713838346757,63.40990505512673,54.59445695384584,31.90000000000009,45.80000000000007,13.899999999999977,45.80000000000007,39.61071428571428,1375155.05,No Signal
350,2023-12-04T00:00:00+05:30,1050.0,1148.15,1022.2,1104.9,3365855,6.91530200728758,962.5610905990636,890.4290591061812,72.13203149288245,58.10197186165317,125.95000000000005,110.35000000000014,15.599999999999909,125.95000000000005,47.535714285714285,1440057.1,Buy
351,2023-12-05T00:00:00+05:30,1107.15,1111.95,1059.35,1080.35,1532927,7.5270136786274175,980.6824612761308,904.4972769501677,76.18518432596306,61.718614354515154,52.600000000000136,7.0499999999999545,45.55000000000018,52.600000000000136,48.97142857142858,1442976.15,Buy
352,2023-12-06T00:00:00+05:30,1070.6,1105.0,1032.0,1072.25,1746016,7.641861802566008,994.7697749259568,916.9234045834886,77.84637034246816,64.94416555210576,73.0,24.65000000000009,48.34999999999991,73.0,51.50357142857144,1473175.2,Buy
353,2023-12-07T00:00:00+05:30,1100.0,1155.0,1071.15,1126.2,1529994,7.869343510699969,1014.9898095527326,932.4253746143413,82.56443493839129,68.46821942936286,83.84999999999991,82.75,1.099999999999909,83.84999999999991,53.76071428571429,1424652.4,Buy
354,2023-12-08T00:00:00+05:30,1132.0,1192.5,1130.0,1186.45,2946858,8.505726861002504,1041.3683003907738,951.2420135317975,90.1262868589763,72.79983291528555,62.5,66.29999999999995,3.7999999999999545,66.29999999999995,55.65,1419829.0,Buy
355,2023-12-11T00:00:00+05:30,1194.0,1198.3,1150.7,1177.45,1533204,9.243756036355336,1062.303946484501,967.9981606775902,94.30578580691076,77.1010234936106,47.59999999999991,11.849999999999909,35.75,47.59999999999991,56.442857142857136,1399004.1,Buy
356,2023-12-12T00:00:00+05:30,1178.0,1185.25,1081.1,1102.2,2335479,9.880819952933447,1068.4418008715008,977.9390376644354,90.50276320706541,79.78137143630157,104.15000000000009,7.7999999999999545,96.35000000000014,104.15000000000009,62.175000000000004,1507466.85,Buy
357,2023-12-13T00:00:00+05:30,1113.2,1205.0,1062.1,1166.05,3140457,9.3924915133183,1083.45844689127,991.8731830226254,91.58526386864446,82.14214992277014,142.9000000000001,102.79999999999995,40.100000000000136,142.9000000000001,71.11785714285716,1626370.25,Buy
358,2023-12-14T00:00:00+05:30,1174.8,1231.3,1150.15,1164.6,2484295,9.43634153388303,1095.9417627541513,1004.6677620579865,91.27400069616488,83.9685200774491,81.14999999999986,65.25,15.899999999999864,81.14999999999986,73.02857142857144,1704785.75,Buy
359,2023-12-15T00:00:00+05:30,1164.9,1169.6,1105.0,1113.9,1839174,9.732761254249386,1098.704568484282,1012.7590389425801,85.94552954170183,84.36392197029964,64.59999999999991,5.0,59.59999999999991,64.59999999999991,74.96785714285714,1741670.15,Buy
360,2023-12-18T00:00:00+05:30,1132.9,1153.9,1107.3,1139.35,759381,9.161773103942798,1104.9577117943925,1022.1361471690557,82.8215646253368,84.05545050130708,46.600000000000136,40.0,6.600000000000136,46.600000000000136,75.22857142857143,1740175.45,Sell
361,2023-12-19T00:00:00+05:30,1142.0,1150.0,1127.4,1134.95,348661,8.766659117983941,1109.5719099798705,1030.4927288602366,79.07918111963386,83.06019662497243,22.59999999999991,10.650000000000091,11.949999999999818,22.59999999999991,75.32142857142857,1698139.95,Sell
362,2023-12-20T00:00:00+05:30,1138.0,1143.45,1080.0,1108.4,758958,8.403791158575554,1109.3916161368136,1036.2636378335524,73.12797830326122,81.0737529606302,63.450000000000045,8.5,54.950000000000045,63.450000000000045,72.89642857142857,1707967.75,Sell
363,2023-12-21T00:00:00+05:30,1065.4,1095.0,1041.05,1064.15,623074,7.980778420465562,1102.4313675003807,1038.3292942903263,64.10207321005441,77.67941701051505,53.950000000000045,13.400000000000091,67.35000000000014,67.35000000000014,74.4357142857143,1713776.3,Sell
364,2023-12-22T00:00:00+05:30,1074.8,1122.2,1074.8,1114.9,786067,6.8548076864206315,1104.3496186541684,1044.0011984169687,60.34842023719966,74.21321765585198,47.40000000000009,58.049999999999955,10.649999999999864,58.049999999999955,69.58571428571429,1648460.7,Sell
365,2023-12-26T00:00:00+05:30,1115.5,1129.55,1109.0,1121.3,448110,5.935786774377243,1106.95736963045,1049.7270355712674,57.230334059182724,70.81664093651813,20.549999999999955,14.649999999999864,5.900000000000091,20.549999999999955,67.29642857142856,1604100.15,Sell
366,2023-12-27T00:00:00+05:30,1120.0,1147.55,1118.0,1141.95,496198,5.122836773605859,1112.3408512257654,1056.558366269692,55.782484956073404,67.80980974042919,29.549999999999955,26.25,3.2999999999999545,29.549999999999955,64.19285714285714,1598356.6,Sell
367,2023-12-28T00:00:00+05:30,1149.0,1164.05,1132.25,1150.8,547795,4.069945458107571,1118.2576433448785,1063.5392280274925,54.71841531738596,65.19153085582055,31.799999999999955,22.09999999999991,9.700000000000045,31.799999999999955,60.47499999999999,1607723.15,No Signal
368,2023-12-29T00:00:00+05:30,1155.0,1185.85,1142.0,1178.9,858059,3.4514930076270933,1127.5872366764356,1072.0844703958264,55.502766280609194,63.25377794077828,43.84999999999991,35.049999999999955,8.799999999999955,43.84999999999991,58.87142857142856,1485298.45,No Signal
369,2024-01-01T00:00:00+05:30,1162.9,1212.9,1160.0,1188.7,826558,3.1695664329442446,1136.9892002646764,1080.7226577739134,56.26654249076296,61.856330850775215,52.90000000000009,34.0,18.90000000000009,52.90000000000009,59.25,1445356.0,No Signal
370,2024-01-02T00:00:00+05:30,1180.1,1219.65,1171.4,1201.6,547303,3.3417373283762104,1146.92932330088,1089.6765349758457,57.25278832503432,60.93562234562704,48.25,30.950000000000045,17.299999999999955,48.25,55.25714285714285,1304428.4,No Signal
371,2024-01-03T00:00:00+05:30,1194.05,1311.15,1188.0,1258.25,723269,3.6758069904625086,1164.0555812545908,1102.1634583109683,61.89212294362255,61.126922465226144,123.15000000000009,109.55000000000018,13.599999999999909,123.15000000000009,53.84642857142857,1263945.5,No Signal
372,2024-01-04T00:00:00+05:30,1244.55,1416.9,1240.0,1355.35,1903112,4.643013376228857,1193.4854918308076,1120.9180169546003,72.56747487620737,63.41503294742239,176.9000000000001,158.6500000000001,18.25,176.9000000000001,60.6857142857143,1271800.3,No Signal
373,2024-01-05T00:00:00+05:30,1343.15,1383.05,1313.05,1329.65,1476137,5.480722912018009,1214.4338777029911,1136.3796453283335,78.05423237465766,66.34287283286945,70.0,27.700000000000045,42.299999999999955,70.0,61.07142857142859,1269107.45,No Signal
374,2024-01-08T00:00:00+05:30,1336.05,1364.55,1311.55,1329.25,1191345,6.101723377895831,1232.0978965179156,1150.6663382669753,81.43155825094027,69.36060991648361,53.0,34.899999999999864,18.100000000000136,53.0,61.52857142857143,1181331.8,No Signal
375,2024-01-09T00:00:00+05:30,1326.85,1350.0,1305.3,1335.5,734779,6.627232275771868,1248.0059124382362,1164.3577206175698,83.6481918206664,72.21812629732017,44.700000000000045,20.75,23.950000000000045,44.700000000000045,63.107142857142875,1141410.55,No Signal
376,2024-01-10T00:00:00+05:30,1385.95,1385.95,1325.0,1364.1,1553858,6.947182827680992,1265.8665412938922,1179.1534450162683,86.71309627762389,75.11712029338092,60.950000000000045,50.450000000000045,10.5,60.950000000000045,62.928571428571445,1102329.5,No Signal
377,2024-01-11T00:00:00+05:30,1370.0,1410.0,1348.7,1378.2,1206845,7.440594545201868,1283.1486118640626,1193.8976342743224,89.25097758974016,77.94389175265277,61.299999999999955,45.90000000000009,15.399999999999864,61.299999999999955,62.496428571428574,1005648.9,No Signal
378,2024-01-12T00:00:00+05:30,1375.1,1412.0,1355.75,1380.55,955729,7.883507454292717,1298.133440808053,1207.7237354391875,90.40970536886539,80.4370544758953,56.25,33.799999999999955,22.450000000000045,56.25,62.36785714285715,929220.6,No Signal
379,2024-01-15T00:00:00+05:30,1395.1,1440.0,1335.2,1353.9,1173631,8.110479656018263,1306.7129114529678,1218.5516068881366,88.1613045648312,81.98190449368248,104.79999999999995,59.450000000000045,45.34999999999991,104.79999999999995,68.38571428571429,895943.45,Buy
380,2024-01-16T00:00:00+05:30,1365.0,1397.7,1281.5,1322.7,1382518,8.268195075132056,1309.1724635371265,1226.2663026742005,82.90616086292607,82.1667557675312,116.20000000000005,43.799999999999955,72.40000000000009,116.20000000000005,74.57500000000002,927100.3,Buy
381,2024-01-17T00:00:00+05:30,1302.0,1311.05,1273.0,1288.9,659790,8.295635553958123,1306.0536229929533,1230.9058358094449,75.1477871835084,80.76296205072664,38.049999999999955,11.650000000000091,49.700000000000045,49.700000000000045,75.85357142857144,942656.75,Sell
382,2024-01-18T00:00:00+05:30,1288.9,1318.25,1226.0,1302.1,863090,7.852614530212882,1305.4453733017297,1236.1794776013378,69.26589570039187,78.46354878065969,92.25,29.34999999999991,62.90000000000009,92.25,79.31071428571431,947863.35,Sell
383,2024-01-19T00:00:00+05:30,1318.8,1324.05,1235.0,1276.2,853862,7.17103843711229,1300.9460851014635,1239.1439607419795,61.80212435948397,75.13126389642456,89.04999999999995,21.950000000000045,67.09999999999991,89.04999999999995,81.89285714285715,959402.75,Sell
384,2024-01-20T00:00:00+05:30,1287.5,1317.7,1282.4,1286.7,272214,6.535179981062683,1298.7543797012383,1242.6666303166478,56.08774938459055,71.32256099405777,35.299999999999955,41.5,6.2000000000000455,41.5,81.4107142857143,933710.1,Sell
385,2024-01-23T00:00:00+05:30,1295.6,1299.9,1077.45,1136.45,1523802,7.274033905616944,1273.784475131817,1234.7987317746738,38.98574335714329,64.85519746667488,222.45000000000005,13.200000000000045,209.25,222.45000000000005,88.50357142857145,987494.7,Sell
386,2024-01-24T00:00:00+05:30,1145.0,1262.25,1065.2,1196.5,2350268,6.58154197123812,1261.8945558807684,1231.9617886802534,29.932767200514945,57.8707114134429,197.04999999999995,125.79999999999995,71.25,197.04999999999995,89.94285714285715,1080198.2,Sell
387,2024-01-25T00:00:00+05:30,1180.1,1257.0,1145.05,1204.7,1327051,6.216996824739991,1253.0953934375732,1229.9423969261607,23.15299651141254,50.927168433036826,111.95000000000005,60.5,51.450000000000045,111.95000000000005,92.93928571428572,1119161.0,Sell
388,2024-01-29T00:00:00+05:30,1205.0,1230.25,1162.8,1212.8,1005109,5.999307568254879,1246.896102139485,1228.672589746445,18.223512393039982,44.38643722503746,67.45000000000005,25.549999999999955,41.90000000000009,67.45000000000005,93.97142857142858,1126513.5,Sell
389,2024-01-30T00:00:00+05:30,1215.0,1230.95,1195.35,1216.65,977333,5.840548477162692,1242.2428556564873,1227.7820275430047,14.460828113482648,38.4013154027265,35.600000000000136,18.15000000000009,17.450000000000045,35.600000000000136,93.32142857142858,1134052.25,Sell
390,2024-01-31T00:00:00+05:30,1228.9,1302.95,1217.0,1265.4,908595,5.40780851092376,1245.805493247797,1230.5685440213006,15.236949226496336,33.76844216748047,85.95000000000005,86.29999999999995,0.34999999999990905,86.29999999999995,95.13214285714287,1152116.85,Sell
391,2024-02-01T00:00:00+05:30,1265.4,1272.95,1226.3,1241.7,418078,5.55117112421245,1245.1738789019819,1231.393096316019,13.780782585962925,29.770910251176964,46.65000000000009,7.5499999999999545,39.100000000000136,46.65000000000009,94.0857142857143,1136857.3,Sell
392,2024-02-02T00:00:00+05:30,1248.0,1269.6,1190.35,1211.8,406348,5.703508293660107,1240.0394359939846,1229.9417558481657,10.097680145818913,25.836264230105357,79.25,27.899999999999864,51.350000000000136,79.25,95.72857142857144,1062019.1,Sell
393,2024-02-05T00:00:00+05:30,1180.0,1229.7,1163.0,1200.25,785469,5.868199856615644,1233.9179843026025,1227.7423665260794,6.1756177765230404,21.904134939388896,66.70000000000005,17.90000000000009,48.799999999999955,66.70000000000005,93.00714285714288,1027485.7,Sell
394,2024-02-06T00:00:00+05:30,1200.95,1249.9,1195.8,1222.9,267190,5.7366156868307,1232.2229097945099,1227.3836727093328,4.8392370851770465,18.491155368546526,54.100000000000136,49.65000000000009,4.4500000000000455,54.100000000000136,88.5714285714286,981277.95,Sell
395,2024-02-07T00:00:00+05:30,1237.0,1254.85,1230.2,1235.0,184585,5.570289514224945,1232.6501544415082,1227.9478451012342,4.7023093402740415,15.73338616289203,24.649999999999864,31.949999999999818,7.2999999999999545,31.949999999999818,87.30357142857144,953768.25,Sell
396,2024-02-08T00:00:00+05:30,1224.0,1240.95,1201.05,1212.45,611497,5.40743169091776,1229.5424383735838,1226.7998565752168,2.7425817983669276,13.13522528998701,39.90000000000009,5.9500000000000455,33.950000000000045,39.90000000000009,83.56428571428573,906650.2,No Signal
397,2024-02-09T00:00:00+05:30,1212.45,1219.85,1157.5,1202.5,558738,4.993623554998967,1225.3820632391862,1224.9998671992748,0.38219603991137774,10.584619439971885,62.34999999999991,7.399999999999864,54.950000000000045,62.34999999999991,81.65714285714287,874244.85,No Signal
398,2024-02-12T00:00:00+05:30,1203.1,1224.3,1151.15,1175.05,357708,4.552024018805298,1217.638668894696,1221.2998770363656,-3.6612081416697038,7.7354539236435675,73.14999999999986,21.799999999999955,51.34999999999991,73.14999999999986,83.91785714285716,844343.8,No Signal
399,2024-02-13T00:00:00+05:30,1140.0,1164.95,1101.0,1143.3,643137,4.385950423255511,1206.2019506032043,1215.522108367005,-9.320157763800808,4.324331586154693,63.950000000000045,10.099999999999909,74.04999999999995,74.04999999999995,73.31785714285715,817819.1,No Signal
400,2024-02-14T00:00:00+05:30,1050.0,1149.8,1043.3,1100.75,1021950,4.771098695334812,1189.9785735873268,1207.02047071019,-17.041897122863247,0.05108584435110483,106.5,6.5,100.0,106.5,66.85000000000001,799790.7,No Signal
401,2024-02-15T00:00:00+05:30,1126.95,1140.45,1104.1,1132.5,1092414,4.664868615188084,1181.1357161123533,1201.5004358427686,-20.364719730415345,-4.032075270602185,36.350000000000136,39.700000000000045,3.349999999999909,39.700000000000045,61.689285714285724,821421.9,No Signal
402,2024-02-16T00:00:00+05:30,1142.9,1214.0,1125.25,1197.85,650945,4.012710226079972,1183.7071444027604,1201.2300331877486,-17.522888784988254,-6.730237973479399,88.75,81.5,7.25,88.75,63.21071428571429,810814.65,No Signal
403,2024-02-19T00:00:00+05:30,1215.0,1228.45,1151.5,1162.65,650188,3.929230588224787,1180.4675837254126,1198.3722529516192,-17.90466922620658,-8.965124224024835,76.95000000000005,30.600000000000136,46.34999999999991,76.95000000000005,66.16428571428571,800630.95,No Signal
404,2024-02-20T00:00:00+05:30,1169.8,1183.9,1133.8,1164.5,642882,3.5315777658823593,1178.0110323830415,1195.8631971774253,-17.852164794383725,-10.742532338096614,50.100000000000136,21.25,28.850000000000136,50.100000000000136,63.578571428571436,819164.35,No Signal
405,2024-02-21T00:00:00+05:30,1168.8,1204.1,1166.0,1190.25,837602,3.278383330756925,1179.8939504779582,1195.4474047939123,-15.553454315954014,-11.704716733668095,38.09999999999991,39.59999999999991,1.5,39.59999999999991,63.074999999999996,784854.35,No Signal
406,2024-02-22T00:00:00+05:30,1190.1,1228.85,1189.0,1212.1,645625,3.2356224760189365,1184.8487273275032,1196.6809303647335,-11.832203037230329,-11.730213994380541,39.84999999999991,38.59999999999991,1.25,39.84999999999991,60.26071428571428,699622.2,No Signal
407,2024-02-23T00:00:00+05:30,1221.5,1267.0,1210.85,1230.4,1389711,3.2476251688282423,1191.8566154309642,1199.1786392266051,-7.322023795640916,-10.848575954632617,56.15000000000009,54.90000000000009,1.25,56.15000000000009,59.50714285714285,702755.2,No Signal
408,2024-02-26T00:00:00+05:30,1223.0,1254.8,1214.0,1222.9,285015,3.2903701638951977,1196.6325207492773,1200.9357770616714,-4.303256312394069,-9.539512026184907,40.799999999999955,24.399999999999864,16.40000000000009,40.799999999999955,58.557142857142836,666750.5,No Signal
409,2024-02-27T00:00:00+05:30,1216.25,1232.6,1190.0,1209.95,983837,3.3136705834990003,1198.681363710927,1201.6034972793254,-2.9221335683985217,-8.21603633462763,42.59999999999991,9.699999999999818,32.90000000000009,42.59999999999991,59.31785714285713,667075.7,No Signal
410,2024-02-28T00:00:00+05:30,1209.95,1246.7,1162.0,1229.05,879240,3.0560104950356495,1203.3534616015536,1203.636571554931,-0.283109953377334,-6.629451058377571,84.70000000000005,36.75,47.950000000000045,84.70000000000005,62.517857142857125,665607.95,No Signal
411,2024-02-29T00:00:00+05:30,1201.1,1218.4,1132.7,1166.75,5787071,3.1166845367088754,1197.722159816699,1200.9042329212323,-3.182073104533174,-5.939975467608692,85.70000000000005,10.649999999999864,96.34999999999991,96.34999999999991,64.94642857142856,934057.6,No Signal
412,2024-03-01T00:00:00+05:30,1154.3,1185.95,1143.15,1167.45,805788,3.1170761502165387,1193.064904460284,1198.4261415937335,-5.361237133449549,-5.824227800776863,42.799999999999955,19.200000000000045,23.59999999999991,42.799999999999955,62.77857142857142,954029.6,No Signal
413,2024-03-02T00:00:00+05:30,1165.05,1225.8,1165.05,1213.35,110254,3.0264325689541836,1196.1856883894711,1199.5316125867903,-3.345924197319164,-5.328567080085324,60.75,58.34999999999991,2.400000000000091,60.75,61.82857142857142,920268.85,No Signal
414,2024-03-04T00:00:00+05:30,1213.0,1213.0,1173.15,1180.0,931156,3.0437932231917135,1193.6955824833985,1198.0848264692502,-4.389243985851635,-5.140702461238586,39.84999999999991,0.34999999999990905,40.19999999999982,40.19999999999982,57.09285714285712,953467.15,No Signal
415,2024-03-05T00:00:00+05:30,1187.0,1202.0,1168.9,1194.6,613674,2.8625352152224313,1193.8347236397988,1197.8266911752316,-3.9919675354328774,-4.9109554760774445,33.09999999999991,22.0,11.099999999999909,33.09999999999991,56.621428571428545,974921.6,No Signal
416,2024-03-06T00:00:00+05:30,1191.9,1211.45,1180.0,1195.35,579147,2.8187960187365837,1194.0678430798298,1197.643232569659,-3.575389489829149,-4.643842278827786,31.450000000000045,16.850000000000136,14.599999999999909,31.450000000000045,52.528571428571404,973304.1,No Signal
417,2024-03-07T00:00:00+05:30,1210.0,1246.75,1159.05,1181.15,512742,2.830586165833281,1192.0804826060098,1196.421511638573,-4.341029032563256,-4.58327962957488,87.70000000000005,51.40000000000009,36.299999999999955,87.70000000000005,53.29642857142854,971004.3,No Signal
418,2024-03-11T00:00:00+05:30,1181.15,1189.8,1160.35,1179.65,569650,2.830340061334642,1190.1681006666238,1195.1791774431233,-5.011076776499522,-4.668839058959809,29.450000000000045,8.649999999999864,20.800000000000182,29.450000000000045,51.82142857142854,981601.4,No Signal
419,2024-03-12T00:00:00+05:30,1182.85,1202.75,1113.05,1158.4,961616,2.813103109823122,1185.2807005640664,1192.454793928818,-7.17409336475157,-5.169889920118162,89.70000000000005,23.09999999999991,66.60000000000014,89.70000000000005,55.39999999999998,997525.35,No Signal
420,2024-03-13T00:00:00+05:30,1135.2,1159.0,1048.25,1123.0,2104976,2.657369327463421,1175.6990543234408,1187.309994378535,-11.610940055094261,-6.458099947113381,110.75,0.599999999999909,110.15000000000009,110.75,60.4642857142857,1051676.65,Sell
421,2024-03-14T00:00:00+05:30,1093.0,1119.45,1061.55,1071.7,1363698,3.5102114270616753,1159.6991998121423,1178.7462910912361,-19.04709127909382,-8.97589821350947,57.90000000000009,3.5499999999999545,61.450000000000045,61.450000000000045,60.84285714285712,1065240.85,Sell
422,2024-03-15T00:00:00+05:30,1066.85,1097.9,1025.0,1043.5,2567838,4.6533356016346135,1141.8223998410435,1168.7280473067,-26.905647465656557,-12.561848063938887,72.90000000000009,26.200000000000045,46.700000000000045,72.90000000000009,63.13571428571428,1161085.5,Sell
423,2024-03-18T00:00:00+05:30,1020.0,1038.85,995.0,1005.15,1256250,6.1329617153091,1120.7958767885752,1156.6111549136112,-35.815278125036,-17.21253407615831,43.84999999999991,4.650000000000091,48.5,48.5,63.55714285714286,1191388.6,Sell
424,2024-03-19T00:00:00+05:30,1005.0,1014.0,967.3,992.6,830869,7.349699191924857,1101.0734342057176,1144.462180475566,-43.3887462698483,-22.447776514896308,46.700000000000045,8.850000000000023,37.85000000000002,46.700000000000045,60.84285714285714,1200787.95,Sell
425,2024-03-20T00:00:00+05:30,998.0,1045.95,995.0,1036.55,531753,7.465031136072582,1091.1467520202225,1136.468685625524,-45.32193360530141,-27.02260793297733,50.950000000000045,53.35000000000002,2.3999999999999773,53.35000000000002,57.77142857142858,1185495.5,No Signal
426,2024-03-21T00:00:00+05:30,1047.05,1069.0,1007.2,1048.65,1322879,7.548884401173712,1084.6087901709575,1129.963597801411,-45.35480763045348,-30.68904787247256,61.799999999999955,32.450000000000045,29.34999999999991,61.799999999999955,59.12857142857143,1219358.2,Sell
427,2024-03-22T00:00:00+05:30,1065.5,1119.4,1065.0,1100.5,1096113,6.9846597451497505,1087.053591683118,1127.7811090753805,-40.7275173922626,-32.69674177643057,54.40000000000009,70.75,16.34999999999991,70.75,59.84285714285715,1204678.3,Sell
428,2024-03-26T00:00:00+05:30,1119.0,1157.2,1112.05,1150.2,1069965,6.452291652503048,1096.768423731869,1129.4417676623893,-32.67334393052033,-32.692062207248526,45.15000000000009,56.700000000000045,11.549999999999955,56.700000000000045,61.021428571428594,1243925.8,Buy
429,2024-03-27T00:00:00+05:30,1154.9,1197.9,1154.9,1190.75,737202,6.153790349447051,1111.22712777312,1133.983118205916,-22.755990432796125,-30.704847852358046,43.0,47.700000000000045,4.7000000000000455,47.700000000000045,62.064285714285745,1231594.05,Buy
430,2024-03-28T00:00:00+05:30,1181.0,1193.55,1136.05,1170.0,962594,6.005386417270591,1120.2691081157168,1136.651035375848,-16.381927260131306,-27.8402637339127,57.5,2.7999999999999545,54.700000000000045,57.5,63.925000000000026,1235761.75,Buy
431,2024-04-01T00:00:00+05:30,1188.0,1274.0,1188.0,1267.05,931780,6.033443849964081,1142.8507837902218,1146.3102179406,-3.459434150378229,-22.964097817205808,86.0,104.0,18.0,104.0,65.08928571428574,992997.2,Buy
432,2024-04-02T00:00:00+05:30,1279.75,1344.5,1279.25,1313.65,1813880,6.564151173660464,1169.127586284034,1158.7057573524075,10.42182893162635,-16.286912467439375,65.25,77.45000000000005,12.200000000000045,77.45000000000005,68.51785714285717,1043401.8,Buy
433,2024-04-03T00:00:00+05:30,1308.1,1338.35,1271.0,1301.55,790813,7.082774979547415,1189.5002653172594,1169.2868123633402,20.21345295391916,-8.98683938316767,67.34999999999991,24.699999999999818,42.65000000000009,67.34999999999991,66.92142857142859,1077429.75,Buy
434,2024-04-04T00:00:00+05:30,1299.95,1320.0,1262.45,1304.4,803341,7.561261044827015,1207.1771475761425,1179.2951966327225,27.88195094341995,-1.6130813178501453,57.549999999999955,18.450000000000045,39.09999999999991,57.549999999999955,63.12142857142858,1071039.0,Buy
435,2024-04-05T00:00:00+05:30,1338.0,1349.8,1283.0,1291.8,794266,7.985719985587125,1220.1960479490435,1187.6288857710394,32.56716217800408,5.2229673813207,66.79999999999995,45.399999999999864,21.40000000000009,66.79999999999995,63.50357142857143,1080068.6,Buy
436,2024-04-08T00:00:00+05:30,1309.0,1328.0,1262.05,1275.45,1184371,8.33151791802572,1228.696655956883,1194.1341534917033,34.562502465179705,11.090874398092502,65.95000000000005,36.200000000000045,29.75,65.95000000000005,63.00714285714286,1110329.8,Buy
437,2024-04-09T00:00:00+05:30,1295.0,1317.7,1250.0,1258.25,595545,8.618111654340304,1233.2433242712086,1198.8834754552809,34.35984881592776,15.744669281659556,67.70000000000005,42.25,25.450000000000045,67.70000000000005,64.37857142857143,1114469.95,Buy
438,2024-04-10T00:00:00+05:30,1265.5,1286.3,1235.25,1248.35,293819,8.8141120303533,1235.5674282294842,1202.5476624585933,33.0197657708909,19.199688579505825,51.049999999999955,28.049999999999955,23.0,51.049999999999955,64.68928571428572,1100678.4,Buy
439,2024-04-12T00:00:00+05:30,1238.0,1246.9,1180.0,1190.65,1085911,9.24920857945526,1228.6570546557175,1201.6663541283272,26.990700527390345,20.75789096908273,66.90000000000009,1.449999999999818,68.34999999999991,68.34999999999991,65.76071428571427,1106893.15,Buy
440,2024-04-15T00:00:00+05:30,1166.0,1238.95,1160.05,1217.45,752583,9.040694231013207,1226.9328924009917,1202.8355130817845,24.09737931920722,21.42578863910763,78.90000000000009,48.299999999999955,30.600000000000136,78.90000000000009,66.98214285714286,1039273.5,Buy
441,2024-04-16T00:00:00+05:30,1217.8,1243.75,1199.15,1202.25,314059,8.94382845182867,1223.1355243393007,1202.7921417423931,20.34338259690753,21.20930743066761,44.59999999999991,26.299999999999955,18.299999999999955,44.59999999999991,65.11428571428571,986791.55,Sell
442,2024-04-18T00:00:00+05:30,1206.05,1249.8,1201.05,1227.15,1086324,8.390362438399187,1223.7531359794084,1204.596427539253,19.1567084401554,20.79878763256517,48.75,47.549999999999955,1.2000000000000455,48.75,64.54642857142856,912715.85,Sell
443,2024-04-19T00:00:00+05:30,1203.0,1239.5,1195.7,1230.25,216121,7.6094316335380805,1224.752653521038,1206.496692165975,18.255961355062936,20.290222377064723,43.799999999999955,12.349999999999909,31.450000000000045,43.799999999999955,64.26785714285712,860709.4,Sell
444,2024-04-22T00:00:00+05:30,1234.5,1273.0,1231.0,1242.9,1768616,6.440973567131156,1227.5445529793399,1209.193233487014,18.351319492325956,19.90244180011697,42.0,42.75,0.75,42.75,63.2142857142857,907596.75,No Signal
445,2024-04-23T00:00:00+05:30,1251.95,1290.0,1248.45,1287.45,573231,5.429266894712878,1236.760775597903,1214.9900310064943,21.77074459140863,20.276102358375304,41.549999999999955,47.09999999999991,5.5499999999999545,47.09999999999991,59.14999999999998,909670.65,No Signal
446,2024-04-24T00:00:00+05:30,1295.0,1317.25,1280.9,1311.0,366978,4.468200367703047,1248.182194736687,1222.1018805615688,26.080314175118247,21.436944721723894,36.34999999999991,29.799999999999955,6.5499999999999545,36.34999999999991,56.21428571428568,861875.6,No Signal
447,2024-04-25T00:00:00+05:30,1309.95,1316.25,1287.0,1310.9,281549,3.8718872059615363,1257.83108785412,1228.6795190384896,29.1515688156303,22.979869540505177,29.25,5.25,24.0,29.25,53.49285714285712,821147.4,No Signal
448,2024-04-26T00:00:00+05:30,1291.0,1360.0,1291.0,1354.9,562076,3.712471621689052,1272.7647666457938,1238.0291842948977,34.73558235089604,25.33101210258335,69.0,49.09999999999991,19.90000000000009,69.0,54.31071428571426,795752.95,No Signal
449,2024-04-29T00:00:00+05:30,1362.8,1374.75,1322.3,1327.05,401616,3.743722812485508,1281.1163410079794,1244.623318791572,36.493022216407326,27.56341412534815,52.450000000000045,19.84999999999991,32.600000000000136,52.450000000000045,53.28571428571427,778973.65,No Signal
450,2024-04-30T00:00:00+05:30,1331.25,1390.0,1318.6,1380.25,815384,3.651436010136104,1296.3676731605979,1254.669739621826,41.69793353877185,30.39031800803289,71.40000000000009,62.950000000000045,8.450000000000045,71.40000000000009,53.67499999999999,771613.15,No Signal
451,2024-05-02T00:00:00+05:30,1375.95,1415.0,1354.35,1400.85,698169,4.09650253865918,1312.4418772897366,1265.4979070572463,46.9439702324903,33.701048452924375,60.65000000000009,34.75,25.90000000000009,60.65000000000009,53.171428571428564,759932.6,No Signal
452,2024-05-03T00:00:00+05:30,1411.85,1478.25,1400.5,1460.6,2627902,4.760262326501982,1335.235434629777,1279.9499139418947,55.285520687882354,38.01794289991597,77.75,77.40000000000009,0.34999999999990905,77.75,55.07857142857142,800633.7,No Signal
453,2024-05-06T00:00:00+05:30,1482.0,1566.0,1427.3,1557.5,1891822,5.8807814722402725,1369.4299831482729,1300.5091795758285,68.92080357244436,44.19851503442165,138.70000000000005,105.40000000000009,33.299999999999955,138.70000000000005,60.103571428571435,855684.15,No Signal
454,2024-05-07T00:00:00+05:30,1548.6,1559.0,1421.65,1470.65,1804645,6.724084615116236,1385.002293433154,1313.1122033109523,71.89009012220163,49.73683005197765,137.3499999999999,1.5,135.8499999999999,137.3499999999999,64.27857142857142,905749.35,Buy
455,2024-05-08T00:00:00+05:30,1470.0,1562.85,1422.0,1546.8,1535933,7.222330704067915,1409.8942482895918,1330.422410473104,79.47183781648778,55.68383160487968,140.8499999999999,92.19999999999982,48.65000000000009,140.8499999999999,71.15357142857142,942832.7,Buy
456,2024-05-09T00:00:00+05:30,1540.0,1541.8,1461.15,1488.55,1244138,7.845518235539835,1421.9951331681161,1342.1355652528741,79.859567915242,60.518978866952146,80.64999999999986,5.0,85.64999999999986,85.64999999999986,73.7892857142857,945821.05,Buy
457,2024-05-10T00:00:00+05:30,1488.55,1537.25,1426.15,1519.6,1082573,8.039062567147766,1437.0112665268675,1355.2810789378464,81.73018758902117,64.76122061136596,111.09999999999991,48.700000000000045,62.399999999999864,111.09999999999991,78.59642857142855,970172.45,Buy
458,2024-05-13T00:00:00+05:30,1480.0,1499.75,1426.95,1482.6,1185236,8.313309284531755,1444.0249178304264,1364.7121101276355,79.3128077027909,67.67153802965095,72.79999999999995,19.84999999999991,92.64999999999986,92.64999999999986,82.16071428571425,1014743.3,Buy
459,2024-05-14T00:00:00+05:30,1482.6,1539.0,1477.1,1490.3,864669,8.030915955596727,1451.14416124113,1374.0149167848476,77.12924445628232,69.56307931497723,61.90000000000009,56.40000000000009,5.5,61.90000000000009,83.21785714285713,1003681.2,Buy
460,2024-05-15T00:00:00+05:30,1492.45,1557.0,1480.05,1547.95,682167,7.722309843256382,1466.037367204033,1386.898997023007,79.13837018102595,71.47813748818697,76.95000000000005,66.70000000000005,10.25,76.95000000000005,86.11785714285713,1000160.4,Buy
461,2024-05-16T00:00:00+05:30,1555.0,1582.4,1515.0,1524.8,1195071,7.491756171141034,1475.0777722495664,1397.1138861324139,77.96388611715247,72.77528721398008,67.40000000000009,34.450000000000045,32.950000000000045,67.40000000000009,88.84285714285714,1044211.0,Buy
462,2024-05-17T00:00:00+05:30,1530.0,1590.0,1510.05,1561.4,888136,7.093974932126843,1488.3581149804022,1409.2832279003833,79.07488708001893,74.03520718718785,79.95000000000005,65.20000000000005,14.75,79.95000000000005,89.625,1034301.6,Buy
463,2024-05-18T00:00:00+05:30,1566.0,1615.0,1561.55,1603.0,124102,6.713634255093151,1505.9953280603404,1423.6326184262807,82.36270963405968,75.70070767656222,53.450000000000045,53.59999999999991,0.14999999999986358,53.59999999999991,89.70714285714284,1029700.65,Buy
464,2024-05-21T00:00:00+05:30,1600.2,1634.85,1556.35,1598.9,811232,6.379179806486328,1520.2883545125958,1436.6153874317415,83.67296708085428,77.29515955742063,78.5,31.84999999999991,46.65000000000009,78.5,90.2142857142857,981831.45,Buy
465,2024-05-22T00:00:00+05:30,1599.95,1645.0,1580.0,1603.55,1465733,6.115333110709296,1533.097838433735,1448.9809142886495,84.11692414508548,78.6595124749536,65.0,46.09999999999991,18.90000000000009,65.0,90.52499999999998,1026456.55,Buy
466,2024-05-23T00:00:00+05:30,1615.0,1676.0,1597.5,1658.5,711000,5.901517770965413,1552.390478674699,1464.5008465635644,87.88963211113446,80.50553640218978,78.5,72.45000000000005,6.0499999999999545,78.5,90.57857142857141,1043657.65,Buy
467,2024-05-24T00:00:00+05:30,1652.05,1674.0,1600.0,1618.45,795315,5.651977019943171,1562.5534819555144,1475.9044875588559,86.64899439665851,81.73422800108352,74.0,15.5,58.5,74.0,85.95714285714283,1069345.95,Buy
468,2024-05-27T00:00:00+05:30,1637.9,1649.4,1603.05,1611.5,732570,5.365265105528049,1570.0837155008198,1485.9485995915331,84.1351159092867,82.21440558272415,46.350000000000136,30.950000000000045,15.400000000000091,46.350000000000136,79.45714285714284,1077870.65,Buy
469,2024-05-28T00:00:00+05:30,1611.5,1633.05,1503.0,1552.05,601868,4.723450703464837,1567.309297731463,1490.8449996217898,76.46429810967311,81.06438408811395,130.04999999999995,21.549999999999955,108.5,130.04999999999995,78.68571428571428,1087883.25,Sell
470,2024-05-29T00:00:00+05:30,1534.6,1600.4,1496.9,1505.1,1570831,4.272211441995103,1557.738636542007,1491.9009255757314,65.83771096627561,78.01904946374628,103.5,48.350000000000136,55.149999999999864,103.5,79.96071428571429,1125655.6,Sell
471,2024-05-30T00:00:00+05:30,1512.65,1552.0,1506.35,1538.25,941306,3.5985244619318477,1554.7403847663136,1495.3341903478995,59.40619441841409,74.29647845467986,45.65000000000009,46.90000000000009,1.25,46.90000000000009,75.37500000000001,1137812.45,No Signal
472,2024-05-31T00:00:00+05:30,1579.0,1624.9,1561.85,1597.55,1529688,3.2863141232325646,1561.32647941765,1502.9057318036107,58.42074761403933,71.12133228655175,63.05000000000018,86.65000000000009,23.59999999999991,86.65000000000009,74.9464285714286,1082901.75,No Signal
473,2024-06-03T00:00:00+05:30,1675.0,1785.0,1664.1,1735.2,2148632,3.824253040602836,1588.0762518149347,1520.112714632973,67.96353718196178,70.48977326563376,120.90000000000009,187.45000000000005,66.54999999999995,187.45000000000005,83.91428571428574,1095742.25,Sell
474,2024-06-04T00:00:00+05:30,1749.8,1749.8,1388.2,1511.75,1835536,4.230151074743825,1576.333751535714,1519.4932542897898,56.840497245924325,67.75991806169188,361.5999999999999,14.599999999999909,347.0,361.5999999999999,104.2464285714286,1097286.8,Sell
475,2024-06-05T00:00:00+05:30,1506.05,1736.3,1386.05,1643.1,2045541,4.023632436964207,1586.605482068681,1528.6493095275832,57.956172541097885,65.79916895757309,350.25,224.54999999999995,125.70000000000005,350.25,124.45000000000002,1122767.2,Sell
476,2024-06-06T00:00:00+05:30,1698.55,1798.8,1685.0,1759.35,1288450,4.301405512348286,1613.1815617504224,1545.738249562577,67.44331218784532,66.12799760362753,113.79999999999995,155.70000000000005,41.90000000000009,155.70000000000005,129.8607142857143,1124982.8,Buy
477,2024-06-07T00:00:00+05:30,1784.0,1822.0,1723.4,1761.0,1175405,4.759852619062324,1635.9228599426651,1561.6835644097935,74.23929553287167,67.75025718947636,98.59999999999991,62.65000000000009,35.94999999999982,98.59999999999991,133.07500000000002,1129624.4,Buy
478,2024-06-10T00:00:00+05:30,1771.95,1870.0,1767.6,1841.35,1800712,5.211399279772669,1667.5270353361013,1582.3995966757348,85.12743866036658,71.22569348365441,102.40000000000009,109.0,6.599999999999909,109.0,135.25357142857143,1160398.2,Buy
479,2024-06-11T00:00:00+05:30,1877.9,1899.45,1843.55,1872.25,979758,5.743509176114852,1699.0228760536243,1603.8699969219767,95.15287913164752,76.01113061325304,55.90000000000009,58.100000000000136,2.2000000000000455,58.100000000000136,134.7607142857143,1166152.65,Buy
480,2024-06-12T00:00:00+05:30,1867.6,1870.0,1802.35,1847.75,1427538,6.264123788263736,1721.9039720453743,1621.9351823351637,99.96878971021056,80.80266243264455,67.65000000000009,2.25,69.90000000000009,69.90000000000009,134.1464285714286,1203421.2,Buy
481,2024-06-13T00:00:00+05:30,1869.95,1910.0,1854.2,1872.6,1025720,6.532193118141824,1745.087976346086,1640.502946606633,104.58502973945292,85.55913589400623,55.799999999999955,62.25,6.4500000000000455,62.25,133.30714285714288,1194953.65,Buy
482,2024-06-14T00:00:00+05:30,1910.95,1998.0,1901.0,1926.85,1887272,6.898598001728836,1773.0513646005343,1661.7138394505862,111.33752514994808,90.7148137451946,97.0,125.40000000000009,28.40000000000009,125.40000000000009,138.95357142857145,1244910.45,Buy
483,2024-06-18T00:00:00+05:30,1940.0,2000.0,1913.05,1935.15,1509558,7.379258811487105,1797.989616200452,1681.9683698616539,116.02124633879816,95.77610026391532,86.95000000000005,73.15000000000009,13.799999999999955,86.95000000000005,135.87500000000003,1314183.25,Buy
484,2024-06-19T00:00:00+05:30,1929.05,1929.05,1837.0,1867.4,1182059,7.7883733809922004,1808.6681367849978,1695.704046168198,112.96409061679992,99.21369833449225,92.04999999999995,6.100000000000136,98.15000000000009,98.15000000000009,135.4928571428572,1332724.6,Buy
485,2024-06-20T00:00:00+05:30,1882.0,2050.55,1867.15,2013.8,2237306,7.827041321220136,1840.2268849719212,1719.266709414998,120.9601755569231,103.56299377897842,183.4000000000001,183.1500000000001,0.25,183.4000000000001,145.2428571428572,1371303.25,Buy
486,2024-06-21T00:00:00+05:30,1985.0,2038.75,1975.0,1983.2,2424858,8.370043949739088,1862.2227488223948,1738.8173235324057,123.40542528998913,107.53148008118058,63.75,24.950000000000045,38.799999999999955,63.75,143.6071428571429,1456996.15,Buy
487,2024-06-24T00:00:00+05:30,2039.0,2074.8,1942.8,2056.8,1930738,8.574979054196026,1892.1577105420265,1762.3715958633386,129.7861146786879,111.98240700068204,132.00000000000023,91.60000000000014,40.40000000000009,132.00000000000023,139.64642857142863,1513767.3,Buy
488,2024-06-25T00:00:00+05:30,2066.0,2066.6,1962.0,1989.8,1358629,8.974182320098459,1907.1796012278685,1779.218144317906,127.96145690996241,115.17821698253812,104.59999999999991,9.799999999999727,94.80000000000018,104.59999999999991,121.28928571428575,1545070.25,Buy
489,2024-06-26T00:00:00+05:30,2005.5,2025.0,1906.85,1927.05,1490105,8.913602631834607,1910.2365856543502,1790.1686521462093,120.06793350814087,116.15616028765868,118.15000000000009,35.200000000000045,82.95000000000005,118.15000000000009,104.71071428571433,1589482.1,No Signal
490,2024-06-27T00:00:00+05:30,1905.1,1923.65,1815.05,1855.1,1394620,8.424390456097157,1901.7540340152193,1794.9783816168604,106.77565239835894,114.28005870979874,108.60000000000014,3.3999999999998636,112.0,112.0,101.58928571428577,1580671.55,No Signal
491,2024-06-28T00:00:00+05:30,1863.95,1916.05,1830.2,1892.6,1605160,7.461170527047177,1900.345721089801,1802.209612608204,98.13610848159692,111.05126866415839,85.84999999999991,60.950000000000045,24.899999999999864,85.84999999999991,100.67857142857147,1613864.25,No Signal
492,2024-07-01T00:00:00+05:30,1892.95,1893.4,1823.5,1840.4,1143475,6.995796663609438,1891.1233024606008,1805.0385301927815,86.08477226781929,106.05796938489057,69.90000000000009,0.8000000000001819,69.09999999999991,69.90000000000009,97.88571428571434,1594553.6,No Signal
493,2024-07-02T00:00:00+05:30,1852.0,1884.5,1817.65,1843.65,1570874,6.8132801419113,1883.8197174666623,1807.8986390673904,75.92107839927189,100.03059118776684,66.84999999999991,44.09999999999991,22.75,66.84999999999991,98.51071428571433,1565665.7,No Signal
494,2024-07-03T00:00:00+05:30,1856.0,1859.75,1766.0,1799.7,1250173,5.360405017213095,1870.878222471791,1807.2913324698059,63.58689000198524,92.74185095061053,93.75,16.09999999999991,77.65000000000009,93.75,100.21428571428575,1536397.55,No Signal
495,2024-07-04T00:00:00+05:30,1802.2,1825.65,1776.25,1795.35,1016524,4.568046211899843,1859.2584959376693,1806.4067893238944,52.85170661377492,84.76382208324341,49.40000000000009,25.950000000000045,23.450000000000045,49.40000000000009,99.2964285714286,1484946.7,No Signal
496,2024-07-05T00:00:00+05:30,1801.95,1831.5,1784.15,1815.2,1371075,4.319887423965847,1852.4802657934124,1807.0581382628652,45.422127530547186,76.89548317270417,47.34999999999991,36.15000000000009,11.199999999999818,47.34999999999991,93.7214285714286,1489077.95,No Signal
497,2024-07-08T00:00:00+05:30,1820.8,1842.65,1763.1,1778.5,821746,4.3307077070849225,1841.0986864405797,1804.942720613764,36.155965826815645,68.74757970352647,79.55000000000018,27.450000000000045,52.100000000000136,79.55000000000018,93.19285714285718,1471395.0,No Signal
498,2024-07-09T00:00:00+05:30,1777.05,1804.7,1765.0,1782.45,524115,4.485860842864291,1832.0758116035674,1803.2765931608926,28.799218442674828,60.75790745135615,39.700000000000045,26.200000000000045,13.5,39.700000000000045,89.01785714285718,1407565.15,No Signal
499,2024-07-10T00:00:00+05:30,1795.0,1804.7,1739.45,1786.85,810175,4.638843081346648,1825.1179944337878,1802.059808482308,23.0581859514798,53.21796315138088,65.25,22.25,43.0,65.25,80.57857142857145,1399086.0,No Signal
500,2024-07-11T00:00:00+05:30,1800.0,1803.35,1750.0,1767.7,1444574,4.888394742582727,1816.2844568285898,1799.5146374836186,16.76981934497121,45.92833439009895,53.34999999999991,16.5,36.84999999999991,53.34999999999991,79.8357142857143,1399937.8,No Signal
501,2024-07-12T00:00:00+05:30,1767.7,1810.5,1751.05,1765.15,796464,5.095105949339016,1808.417617316499,1796.9691087811284,11.448508535370593,39.03236921915328,59.450000000000045,42.799999999999955,16.65000000000009,59.450000000000045,74.65357142857144,1388475.0,No Signal
502,2024-07-15T00:00:00+05:30,1751.0,1788.95,1701.55,1754.65,1030909,5.27325151410554,1800.1456761908837,1793.8343599825264,6.3113162083573116,32.48815861699409,87.40000000000009,23.799999999999955,63.600000000000136,87.40000000000009,73.42500000000003,1345656.85,No Signal
503,2024-07-16T00:00:00+05:30,1751.0,1854.7,1751.0,1807.95,2667043,5.068711429318355,1801.3463413922861,1794.8799629467837,6.466378445502414,27.283802582695756,103.70000000000005,100.04999999999995,3.650000000000091,103.70000000000005,72.39285714285715,1403531.1,No Signal
504,2024-07-18T00:00:00+05:30,1805.0,1832.0,1730.0,1756.6,928449,5.364748179109042,1794.462288870396,1792.0444101359108,2.417878734485157,22.31061781305364,102.0,24.049999999999955,77.95000000000005,102.0,71.67857142857144,1390850.6,No Signal
505,2024-07-19T00:00:00+05:30,1761.0,1795.0,1712.45,1787.5,853776,4.862381022361779,1793.3911675057195,1791.7077871628803,1.6833803428392002,18.18517031901075,82.54999999999995,38.40000000000009,44.149999999999864,82.54999999999995,71.44285714285716,1321674.1,No Signal
506,2024-07-22T00:00:00+05:30,1746.05,1793.35,1733.75,1774.3,711527,4.569048691379927,1790.454064812532,1790.4183214471113,0.03574336542055789,14.555284928292714,59.59999999999991,5.849999999999909,53.75,59.59999999999991,70.70714285714287,1236007.55,No Signal
507,2024-07-23T00:00:00+05:30,1768.0,1834.95,1669.2,1762.25,1357712,3.5177368159121687,1786.1149779182963,1788.3317791176958,-2.2168011993994696,11.200867702754278,165.75,60.65000000000009,105.09999999999991,165.75,77.77142857142859,1207356.25,No Signal
508,2024-07-24T00:00:00+05:30,1765.0,1900.0,1755.75,1887.75,1605106,2.6362567404053516,1801.7511351616354,1795.6960917756442,6.055043385991212,10.171702839401666,144.25,137.75,6.5,144.25,81.37857142857145,1219680.1,No Signal
509,2024-07-25T00:00:00+05:30,1887.75,1887.75,1829.85,1850.05,1540843,2.3037794891096484,1809.181729752153,1799.7223071996705,9.459422552482465,10.029246782017827,57.90000000000009,0.0,57.90000000000009,57.90000000000009,81.9857142857143,1222217.0,No Signal
510,2024-07-26T00:00:00+05:30,1854.95,1917.0,1820.0,1833.45,829213,2.2661116373253924,1812.9153097902833,1802.2206548145098,10.694654975773574,10.162328420768977,97.0,66.95000000000005,30.049999999999955,97.0,85.53214285714287,1193946.65,Buy
511,2024-07-29T00:00:00+05:30,1834.6,1904.95,1816.35,1881.2,1161585,2.143864377887254,1823.4206467456245,1808.0709766801017,15.349670065522787,11.19979674971974,88.60000000000014,71.5,17.100000000000136,88.60000000000014,86.17857142857144,1171767.9,Buy
512,2024-07-30T00:00:00+05:30,1880.0,1880.95,1837.0,1848.2,557791,2.2043758474686705,1827.2328549386054,1811.04349692602,16.189358012585444,12.19770900229288,43.950000000000045,0.25,44.200000000000045,44.200000000000045,86.50000000000001,1142483.7,Buy
513,2024-07-31T00:00:00+05:30,1866.7,1876.95,1805.55,1815.9,753139,2.1905523915547294,1825.4893387942045,1811.403237894463,14.086100899741496,12.575387381782605,71.40000000000009,28.75,42.65000000000009,71.40000000000009,86.93928571428573,1101596.95,Buy
514,2024-08-01T00:00:00+05:30,1817.85,1820.0,1748.05,1755.35,949470,2.3446543089274527,1814.6986712874038,1807.2511461985769,7.447525088826978,11.54981492319148,71.95000000000005,4.099999999999909,67.85000000000014,71.95000000000005,88.26785714285718,1086561.8,Sell
515,2024-08-02T00:00:00+05:30,1745.0,1745.0,1670.9,1695.75,1919960,2.7922470077417096,1796.3988757047264,1798.9918020357193,-2.5929263309928956,8.721266672354606,74.09999999999991,10.349999999999909,84.44999999999982,84.44999999999982,90.05357142857144,1131733.6,Sell
516,2024-08-05T00:00:00+05:30,1651.0,1686.4,1592.35,1623.45,1881878,3.7364040994693974,1769.7913563655377,1785.988705588629,-16.19734922309135,3.737543493265415,94.05000000000018,9.349999999999909,103.40000000000009,103.40000000000009,91.19642857142858,1157273.75,Sell
517,2024-08-06T00:00:00+05:30,1695.0,1714.75,1628.3,1635.85,1246359,4.23778395786396,1749.1849938477626,1774.8673199894713,-25.6823261417087,-2.1464304337294084,86.45000000000005,91.29999999999995,4.849999999999909,91.29999999999995,90.3107142857143,1178504.4,Sell
518,2024-08-07T00:00:00+05:30,1681.0,1695.0,1632.5,1646.75,706982,4.5733196329529076,1733.4257640250298,1765.3771481383994,-31.951384113369613,-8.10742116965745,62.5,59.15000000000009,3.349999999999909,62.5,87.48928571428573,1187647.75,Sell
519,2024-08-08T00:00:00+05:30,1649.05,1698.5,1649.05,1669.0,955043,4.710147358536033,1723.514108021179,1758.2381001281476,-34.72399210696858,-13.430735357119676,49.450000000000045,51.75,2.2999999999999545,51.75,85.28928571428573,1194891.15,Sell
520,2024-08-09T00:00:00+05:30,1698.0,1725.0,1666.6,1718.15,662853,4.617261468141108,1722.6888606333052,1755.2686112297663,-32.579750596461054,-17.26053840498795,58.40000000000009,56.0,2.400000000000091,58.40000000000009,85.20357142857145,1155805.1,Sell
521,2024-08-12T00:00:00+05:30,1715.1,1771.0,1693.2,1766.65,826399,4.490638567827467,1729.452112843566,1756.1116770645983,-26.65956422103227,-19.140343568196815,77.79999999999995,52.84999999999991,24.950000000000045,77.79999999999995,78.92142857142859,1157301.85,No Signal
522,2024-08-13T00:00:00+05:30,1770.0,1792.95,1726.3,1778.05,1227799,4.4637911439943005,1736.9287108676328,1757.7367380227763,-20.808027155143463,-19.473880285586144,66.65000000000009,26.299999999999955,40.350000000000136,66.65000000000009,73.37857142857146,1167146.35,No Signal
523,2024-08-14T00:00:00+05:30,1788.4,1858.5,1775.6,1787.5,1754791,4.4146822369842615,1744.7089091956893,1759.9414240951633,-15.232514899473927,-18.625607208363704,82.90000000000009,80.45000000000005,2.4500000000000455,82.90000000000009,75.16428571428574,1121533.75,No Signal
524,2024-08-16T00:00:00+05:30,1805.0,1844.9,1790.5,1817.25,981320,4.39049983640064,1755.869077011737,1764.1865037918178,-8.317426780080723,-16.56397112270711,54.40000000000009,57.40000000000009,3.0,57.40000000000009,72.33571428571432,1124177.3,No Signal
525,2024-08-19T00:00:00+05:30,1847.25,1878.5,1836.15,1841.6,798704,4.4216016422636955,1769.0584497791622,1769.9208368442758,-0.8623870651135803,-13.423654311188404,42.34999999999991,61.25,18.90000000000009,61.25,70.38214285714288,1121423.7,No Signal
526,2024-08-20T00:00:00+05:30,1840.0,1841.6,1761.3,1771.15,763209,4.597088403600023,1769.3802267362141,1770.011885966922,-0.6316592307077826,-10.86525529509228,80.29999999999995,0.0,80.29999999999995,80.29999999999995,72.9607142857143,1124007.8,No Signal
527,2024-08-21T00:00:00+05:30,1772.1,1775.0,1728.05,1739.55,811800,4.695585962386944,1764.7909610844888,1767.7554499693722,-2.9644888848833943,-9.285102013050503,46.950000000000045,3.849999999999909,43.100000000000136,46.950000000000045,71.21428571428574,1096712.2,No Signal
528,2024-08-22T00:00:00+05:30,1758.6,1765.55,1715.0,1744.9,656497,4.399651449002777,1761.7308132253368,1766.0624536753446,-4.331640450007853,-8.294409700441973,50.549999999999955,26.0,24.549999999999955,50.549999999999955,69.6857142857143,1049281.75,No Signal
529,2024-08-23T00:00:00+05:30,1740.0,1754.55,1668.6,1677.65,1075265,4.5252013044793244,1748.7953034983618,1759.5133830327266,-10.718079534364733,-8.779143667226526,85.95000000000005,9.649999999999864,76.30000000000018,85.95000000000005,69.79285714285717,1026002.85,No Signal
530,2024-08-26T00:00:00+05:30,1681.4,1774.0,1655.0,1761.55,1244073,4.174763092661799,1750.7575644986139,1759.6642435488209,-8.906679050207003,-8.804650743822622,119.0,96.34999999999991,22.65000000000009,119.0,70.90714285714287,1046745.85,No Signal
531,2024-08-27T00:00:00+05:30,1760.0,1771.9,1694.25,1706.3,1752960,3.9312806228513644,1743.9179391911348,1755.7113366192787,-11.793397428143862,-9.40240008068687,77.65000000000009,10.350000000000136,67.29999999999995,77.65000000000009,69.93214285714289,1076314.6,No Signal
532,2024-08-28T00:00:00+05:30,1718.35,1762.9,1697.0,1714.5,1512626,3.628916035777099,1739.3921023924986,1752.6586450178506,-13.26654262535203,-10.175228589619904,65.90000000000009,56.600000000000136,9.299999999999955,65.90000000000009,70.17500000000004,1124056.35,No Signal
533,2024-08-29T00:00:00+05:30,1730.0,1757.45,1692.35,1725.55,2267184,3.425598515970539,1737.262548178268,1750.6505972387506,-13.388049060482672,-10.817792683792458,65.10000000000014,42.950000000000045,22.15000000000009,65.10000000000014,71.12857142857148,1199758.6,No Signal
534,2024-08-30T00:00:00+05:30,1755.0,1871.65,1738.8,1813.15,22806543,3.4098724229927746,1748.9375407662267,1755.2801826284729,-6.342641862246182,-9.922762519483204,132.85000000000014,146.10000000000014,13.25,146.10000000000014,77.3928571428572,2292612.25,Buy
535,2024-09-02T00:00:00+05:30,1789.7,1845.0,1776.0,1785.6,1913058,3.491123837505979,1754.577919109884,1757.5260950263637,-2.948175916479613,-8.527845198882487,69.0,31.84999999999991,37.15000000000009,69.0,76.76428571428576,2292267.15,Buy
536,2024-09-03T00:00:00+05:30,1785.6,1827.9,1770.1,1786.75,1515507,3.205854250436182,1759.5274700160558,1759.6908287281146,-0.16335871205887997,-6.8549479015177655,57.80000000000018,42.30000000000018,15.5,57.80000000000018,76.13214285714291,2273948.6,Buy
537,2024-09-04T00:00:00+05:30,1780.05,1881.0,1757.25,1868.65,1592631,3.08880921176874,1776.3155515520473,1767.761878451958,8.553673100089327,-3.773223701196347,123.75,94.25,29.5,123.75,79.05000000000005,2291262.2,Buy
538,2024-09-05T00:00:00+05:30,1870.0,1884.9,1765.1,1782.15,1972935,2.910729404886531,1777.2131590055785,1768.8276652332945,8.385493772284008,-1.341480206500276,119.80000000000018,16.25,103.55000000000018,119.80000000000018,83.50714285714291,2354559.85,Buy
539,2024-09-06T00:00:00+05:30,1815.0,1829.95,1770.0,1819.0,1224053,2.6565570331010666,1783.641903773951,1772.5441344752726,11.097769298678486,1.1463696945354764,59.950000000000045,47.799999999999955,12.150000000000091,59.950000000000045,83.41428571428578,2368010.35,Buy
540,2024-09-09T00:00:00+05:30,1795.0,1828.0,1740.05,1801.05,1793244,2.6183080654968496,1786.3200724241124,1774.655680069697,11.66439235441544,3.2499742265114695,87.95000000000005,9.0,78.95000000000005,87.95000000000005,83.96071428571436,2424529.9,Buy
541,2024-09-10T00:00:00+05:30,1807.8,1854.0,1771.0,1836.5,1429192,2.6734208974908324,1794.0400612819412,1779.2367408052748,14.803320476666386,5.560643476542453,83.0,52.950000000000045,30.049999999999955,83.0,86.53571428571435,2454669.55,Buy
542,2024-09-11T00:00:00+05:30,1830.0,1830.0,1770.1,1789.25,1271510,2.747674450987496,1793.3031287770273,1779.978463708588,13.324665068439344,7.113447794921832,59.90000000000009,6.5,66.40000000000009,66.40000000000009,87.66785714285722,2456855.1,Buy
543,2024-09-12T00:00:00+05:30,1794.0,1919.4,1775.0,1884.9,1751409,2.8979849053274434,1807.394955119023,1787.7504293598035,19.644525759219505,9.619663387781367,144.4000000000001,130.1500000000001,14.25,144.4000000000001,91.84285714285723,2456686.0,Buy
544,2024-09-13T00:00:00+05:30,1860.0,1918.5,1844.0,1858.6,1374268,3.0516081544492155,1815.272654331481,1792.9985457035218,22.274108627959095,12.150552435816914,74.5,33.59999999999991,40.90000000000009,74.5,88.6642857142858,2476333.4,Buy
545,2024-09-16T00:00:00+05:30,1851.2,1891.6,1805.0,1834.9,1108831,3.0730124730690855,1818.2922459727915,1796.1023571328906,22.18988883990096,14.158419716633725,86.59999999999991,33.0,53.59999999999991,86.59999999999991,89.30357142857149,2491839.75,Buy
546,2024-09-17T00:00:00+05:30,1847.7,1972.0,1801.15,1917.4,3853977,3.312670068716572,1833.5395927462082,1805.0873677156394,28.452225030568798,17.01718077942074,170.8499999999999,137.0999999999999,33.75,170.8499999999999,96.80000000000005,2646378.15,Buy
547,2024-09-18T00:00:00+05:30,1917.0,1917.0,1855.0,1874.4,797327,3.45483805914544,1839.8258092467916,1810.22163677374,29.60417247305145,19.534579118146883,62.0,0.40000000000009095,62.40000000000009,62.40000000000009,96.6071428571429,2645654.5,Buy
548,2024-09-19T00:00:00+05:30,1884.95,1950.95,1846.0,1899.5,1464864,3.5338953689327006,1849.0064539780544,1816.8348488645743,32.171605113480155,22.06198431721354,104.95000000000005,76.54999999999995,28.40000000000009,104.95000000000005,93.66785714285719,2686072.85,Buy
549,2024-09-20T00:00:00+05:30,1889.0,1951.75,1866.9,1878.9,1158294,3.278122288748755,1853.6054610583537,1821.4322674671985,32.17319359115527,24.084226172001888,84.84999999999991,52.25,32.59999999999991,84.84999999999991,94.80000000000004,2690224.3,Buy
550,2024-09-23T00:00:00+05:30,1893.9,1919.0,1865.0,1892.4,1017548,3.2945165356065806,1859.573851664761,1826.6891365437023,32.88471512105866,25.844323961813245,54.0,40.09999999999991,13.900000000000091,54.0,94.52857142857145,2678898.05,Buy
551,2024-09-24T00:00:00+05:30,1900.0,1928.8,1847.4,1869.05,1149021,3.0284753481271895,1861.0317206394132,1829.8269782812058,31.20474235820734,26.916407641092064,81.39999999999986,36.399999999999864,45.0,81.39999999999986,91.50357142857145,2648701.1,Buy
552,2024-09-25T00:00:00+05:30,1850.0,1865.95,1800.0,1840.1,1475358,2.6868752825307545,1857.8114559256574,1830.5879428529684,27.223513072689002,26.977828727411453,65.95000000000005,3.099999999999909,69.04999999999995,69.04999999999995,87.87857142857142,2646837.7,Buy
553,2024-09-26T00:00:00+05:30,1850.0,1915.0,1797.15,1825.95,1608171,2.2983351961142127,1852.9096934755562,1830.2443915305262,22.665301945030023,26.11532337093517,117.84999999999991,74.90000000000009,42.94999999999982,117.84999999999991,92.0142857142857,2613887.05,Sell
554,2024-09-27T00:00:00+05:30,1825.95,1879.8,1781.35,1868.5,1135179,2.2330729879863616,1855.3082021716245,1833.0781403060428,22.230061865581774,25.33827106986449,98.45000000000005,53.84999999999991,44.600000000000136,98.45000000000005,92.7642857142857,1530318.85,Sell
555,2024-09-30T00:00:00+05:30,1838.0,1870.0,1801.0,1845.25,900018,2.127837607040416,1853.7607864529132,1833.979759542632,19.78102691028107,24.226822237947808,69.0,1.5,67.5,69.0,91.7642857142857,1479666.85,Sell
556,2024-10-01T00:00:00+05:30,1832.5,1832.5,1792.55,1817.65,814457,2.04969151258333,1848.2052808447727,1832.7701477246594,15.435133120113278,22.468484414380903,39.950000000000045,12.75,52.700000000000045,52.700000000000045,90.78571428571426,1444614.35,Sell
557,2024-10-03T00:00:00+05:30,1781.0,1833.9,1740.0,1755.8,910056,2.420163530705394,1833.9890837917308,1827.0686553006105,6.920428491120219,19.35887322972877,93.90000000000009,16.25,77.65000000000009,93.90000000000009,87.17857142857142,1410485.6,No Signal
558,2024-10-04T00:00:00+05:30,1744.05,1775.0,1687.1,1750.8,847689,2.5928594135191863,1821.1907632083876,1821.419125278343,-0.22836206995543762,15.441426169791928,87.90000000000009,19.200000000000045,68.70000000000005,87.90000000000009,88.13571428571427,1354223.3,No Signal
559,2024-10-07T00:00:00+05:30,1735.0,1751.0,1700.55,1739.55,669474,2.9182726795027576,1808.6306457917126,1815.3547456280953,-6.72409983638272,11.008320968557,50.450000000000045,0.20000000000004547,50.25,50.450000000000045,85.55357142857143,1326494.35,No Signal
560,2024-10-08T00:00:00+05:30,1705.0,1829.0,1703.4,1816.45,753857,2.7676480271523607,1809.8336233622183,1815.4358755815697,-5.602252219351385,7.686206330975323,125.59999999999991,89.45000000000005,36.149999999999864,125.59999999999991,82.32142857142857,1274525.0,No Signal
561,2024-10-09T00:00:00+05:30,1816.45,1873.0,1797.05,1858.2,840242,2.714027456215297,1817.2746043834154,1818.6035885014535,-1.328984118038079,5.883168241172643,75.95000000000005,56.549999999999955,19.40000000000009,75.95000000000005,83.28928571428571,1245077.5,No Signal
562,2024-10-10T00:00:00+05:30,1870.0,1870.0,1840.05,1862.05,495113,2.637942084366119,1824.1631267859668,1821.8218412050496,2.3412855809172015,5.174791709121555,29.950000000000045,11.799999999999955,18.15000000000009,29.950000000000045,77.93214285714285,1206257.65,No Signal
563,2024-10-11T00:00:00+05:30,1860.05,1878.9,1833.45,1854.5,300548,2.6027159856579973,1828.8303380496643,1824.242445560231,4.587892489433216,5.057411865183887,45.450000000000045,16.850000000000136,28.59999999999991,45.450000000000045,75.11785714285715,1133714.6,No Signal
564,2024-10-14T00:00:00+05:30,1864.95,1904.0,1847.05,1855.65,693775,2.5986400835084114,1832.9564398881776,1826.568931074288,6.3875088138895535,5.323431254925021,56.950000000000045,49.5,7.4500000000000455,56.950000000000045,75.32857142857144,1099689.95,No Signal
565,2024-10-15T00:00:00+05:30,1865.0,1909.85,1851.55,1902.4,479360,2.626499939731962,1843.6400645207657,1832.1860472910073,11.454017229758392,6.549548449891695,58.299999999999955,54.19999999999982,4.100000000000136,58.299999999999955,73.67857142857144,1068216.4,No Signal
566,2024-10-16T00:00:00+05:30,1899.05,1906.75,1851.05,1864.6,460772,2.5385355608714537,1846.8646699791095,1834.5870808250068,12.27758915410277,7.695156590733911,55.700000000000045,4.349999999999909,51.350000000000136,55.700000000000045,72.72500000000002,898556.15,No Signal
567,2024-10-17T00:00:00+05:30,1836.0,1847.9,1778.55,1793.6,782319,2.676649901455508,1838.6701053669387,1831.5510007638952,7.1191046030435245,7.579946193195834,69.35000000000014,16.699999999999818,86.04999999999995,86.04999999999995,70.45357142857145,897805.75,No Signal
568,2024-10-18T00:00:00+05:30,1750.0,1773.5,1732.0,1766.8,582412,2.7424742887908558,1827.6131660797173,1826.75463033694,0.8585357427773488,6.235664103112137,41.5,20.09999999999991,61.59999999999991,61.59999999999991,67.82142857142858,853683.15,No Signal
569,2024-10-21T00:00:00+05:30,1773.0,1791.9,1725.05,1752.3,380417,2.874030437514873,1816.0265251443761,1821.2394725342037,-5.212947389827605,3.9459418045241894,66.85000000000014,25.100000000000136,41.75,66.85000000000014,67.66785714285717,814789.3,No Signal
570,2024-10-22T00:00:00+05:30,1737.0,1743.85,1690.45,1718.5,439341,3.1029677559471147,1801.0224443529337,1813.629141235374,-12.606696882440247,0.6354140671313023,53.399999999999864,8.450000000000045,61.84999999999991,61.84999999999991,68.32142857142858,785878.95,No Signal
571,2024-10-23T00:00:00+05:30,1699.9,1725.95,1663.25,1720.15,390868,3.262850304987107,1788.5805298370979,1806.704760403124,-18.1242305660262,-3.116514859500198,62.700000000000045,7.4500000000000455,55.25,62.700000000000045,66.09285714285716,747971.3,No Signal
572,2024-10-24T00:00:00+05:30,1736.5,1751.7,1680.25,1692.0,426800,3.6357921749139086,1773.7219867852366,1798.208111484374,-24.486124699137463,-7.390436827427651,71.45000000000005,31.549999999999955,39.90000000000009,71.45000000000005,64.91785714285716,695543.4,No Signal
573,2024-10-25T00:00:00+05:30,1685.05,1729.0,1645.2,1706.95,296904,3.7991299372425757,1763.4493734336618,1791.4482513744204,-27.998877940758575,-11.512125050093836,83.79999999999995,37.0,46.799999999999955,83.79999999999995,67.3,629980.05,No Signal
574,2024-10-28T00:00:00+05:30,1695.0,1695.65,1650.0,1655.25,462706,4.218652849333435,1746.8033159823292,1781.359492013352,-34.556176031022915,-16.120935246279654,45.65000000000009,11.299999999999955,56.950000000000045,56.950000000000045,62.39642857142859,596356.4,No Signal
575,2024-10-29T00:00:00+05:30,1664.0,1673.05,1596.05,1604.9,902504,4.936285013137461,1724.9720366004324,1768.2884185308817,-43.316381930449324,-21.560024583113588,77.0,17.799999999999955,59.200000000000045,77.0,62.47142857142858,596480.7,No Signal
576,2024-10-30T00:00:00+05:30,1575.0,1675.0,1530.0,1646.25,1040037,5.069445586340732,1712.8609540465197,1759.2485356767422,-46.387581630222485,-26.525535992535367,145.0,70.09999999999991,74.90000000000009,145.0,70.68928571428572,607759.7,No Signal
577,2024-10-31T00:00:00+05:30,1646.95,1657.95,1602.7,1636.45,558521,5.397993490094956,1701.1054226547476,1750.1523478488355,-49.04692519408786,-31.029813832845868,55.25,11.700000000000045,43.549999999999955,55.25,71.38928571428572,590182.95,No Signal
578,2024-11-01T00:00:00+05:30,1636.45,1671.95,1619.95,1639.75,70555,5.631041807849682,1691.6661268617095,1741.9743961563292,-50.30826929461978,-34.88550492520065,52.0,35.5,16.5,52.0,71.03571428571429,551326.25,No Signal
579,2024-11-04T00:00:00+05:30,1640.0,1654.85,1583.45,1592.05,393884,6.231647768781171,1676.3405688829848,1730.8688853299345,-54.5283164469497,-38.81406722955046,71.39999999999986,15.099999999999909,56.299999999999955,71.39999999999986,71.97142857142856,537546.75,Sell
580,2024-11-05T00:00:00+05:30,1599.4,1611.95,1555.15,1599.7,708228,6.437770989073775,1664.5497121317565,1721.1526716017913,-56.602959470034875,-42.37184567764734,56.799999999999955,19.90000000000009,36.899999999999864,56.799999999999955,72.04999999999998,535265.3,Sell
581,2024-11-06T00:00:00+05:30,1618.0,1713.0,1606.3,1674.05,1165166,5.9540053854013895,1666.011294880717,1717.6635848164735,-51.65228993575647,-44.22793452926917,106.70000000000005,113.29999999999995,6.599999999999909,113.29999999999995,73.99642857142855,551511.5,Sell
582,2024-11-07T00:00:00+05:30,1677.0,1710.05,1640.0,1647.05,385607,5.819485576676012,1663.094172591376,1712.4329489041422,-49.338776312766186,-45.25010288596857,70.04999999999995,36.0,34.049999999999955,70.04999999999995,74.6,546036.2,Sell
583,2024-11-08T00:00:00+05:30,1652.85,1658.0,1573.05,1579.85,668541,5.991170079153731,1650.2873768080874,1702.6119897260576,-52.32461291797017,-46.6650048923689,84.95000000000005,10.950000000000045,74.0,84.95000000000005,75.89285714285712,564435.85,Sell
584,2024-11-11T00:00:00+05:30,1580.0,1646.0,1557.1,1612.25,674221,5.545954015722195,1644.4354726837662,1695.918509005609,-51.48303632184275,-47.62861117826367,88.90000000000009,66.15000000000009,22.75,88.90000000000009,77.825,563458.15,Sell
585,2024-11-12T00:00:00+05:30,1600.05,1633.0,1580.0,1592.6,403123,4.812880600408096,1636.4607845785713,1688.2652861163047,-51.80450153773336,-48.46378925015761,53.0,20.75,32.25,53.0,77.13214285714285,559646.3,Sell
586,2024-11-13T00:00:00+05:30,1587.7,1590.55,1505.95,1519.6,861736,4.621492891223988,1618.4822023357142,1675.7715612188006,-57.28935888308638,-50.228903176743366,84.59999999999991,2.0499999999999545,86.64999999999986,86.64999999999986,78.21785714285713,579694.5,Sell
587,2024-11-14T00:00:00+05:30,1524.6,1553.0,1508.65,1547.2,615995,4.30559305703464,1607.5157096686812,1666.2477418692597,-58.73203220057849,-51.929528981510394,44.34999999999991,33.40000000000009,10.949999999999818,44.34999999999991,75.39999999999998,571378.3,Sell
588,2024-11-18T00:00:00+05:30,1569.95,1590.0,1527.3,1541.15,562367,4.152170214841784,1597.305600488884,1656.9812424715367,-59.67564198265268,-53.478751581738855,62.700000000000045,42.799999999999955,19.90000000000009,62.700000000000045,75.81071428571427,570376.05,Sell
589,2024-11-19T00:00:00+05:30,1531.0,1595.0,1526.05,1582.95,654595,3.6934470449383747,1595.0970465675173,1651.4974467329043,-56.400400165387055,-54.0630812984685,68.95000000000005,53.84999999999991,15.100000000000136,68.95000000000005,75.23571428571427,584084.95,Sell
590,2024-11-21T00:00:00+05:30,1603.25,1655.05,1580.0,1649.85,741709,3.309475749803619,1603.5205778648224,1651.375413641578,-47.854835776755635,-52.821432194125926,75.04999999999995,72.09999999999991,2.9500000000000455,75.04999999999995,70.23928571428569,599203.35,No Signal
591,2024-11-22T00:00:00+05:30,1640.0,1651.9,1598.05,1631.05,441917,3.039470121891139,1607.7558735779266,1649.8698274459055,-42.11395386797881,-50.679936528896505,53.850000000000136,2.050000000000182,51.799999999999955,53.850000000000136,70.1392857142857,601755.8,No Signal
592,2024-11-25T00:00:00+05:30,1665.0,1749.95,1645.0,1729.95,1525736,3.073552227008957,1626.5549699505534,1655.8016920795421,-29.246722128988722,-46.39329364891495,104.95000000000005,118.90000000000009,13.950000000000045,118.90000000000009,74.91785714285713,656702.6,Buy
593,2024-11-26T00:00:00+05:30,1744.3,1755.0,1700.05,1706.15,256692,3.1123803270037325,1638.8003591889299,1659.5311963699464,-20.730837181016568,-41.26080235533527,54.950000000000045,25.049999999999955,29.90000000000009,54.950000000000045,73.74285714285715,654692.0,Buy
594,2024-11-27T00:00:00+05:30,1654.0,1674.35,1620.0,1629.45,1327672,3.2216462455205597,1637.361842390633,1657.3029596018023,-19.941117211169285,-36.996865326502075,54.34999999999991,31.800000000000182,86.15000000000009,86.15000000000009,75.83928571428574,697940.3,Buy
595,2024-11-28T00:00:00+05:30,1644.0,1690.25,1633.05,1671.55,546347,3.2134014341714257,1642.6215589459202,1658.3582959275948,-15.73673698167454,-32.744839657536566,57.200000000000045,60.799999999999955,3.599999999999909,60.799999999999955,72.08928571428574,680132.45,No Signal
596,2024-11-29T00:00:00+05:30,1660.0,1668.9,1628.5,1650.55,999199,3.261131834668549,1643.8413191080863,1657.7799036366619,-13.938584528575575,-28.983588631744368,40.40000000000009,2.6499999999998636,43.049999999999955,43.049999999999955,70.1607142857143,678090.55,No Signal
597,2024-12-02T00:00:00+05:30,1634.7,1735.0,1615.9,1718.25,1253750,3.3731262698419577,1655.288808476073,1662.2591700339462,-6.970361557873275,-24.58094321697015,119.09999999999991,84.45000000000005,34.649999999999864,119.09999999999991,72.60000000000001,712852.0,No Signal
598,2024-12-03T00:00:00+05:30,1733.45,1753.85,1715.0,1724.15,550710,3.593992349903672,1665.8828379412926,1666.8436759573576,-0.960838016065054,-19.856922176789134,38.84999999999991,35.59999999999991,3.25,38.84999999999991,69.02499999999999,736859.75,No Signal
599,2024-12-04T00:00:00+05:30,1719.2,1779.3,1711.55,1770.55,753423,3.8804331969296832,1681.9854782580169,1674.5256258864422,7.459852371574698,-14.393567267116367,67.75,55.149999999999864,12.600000000000136,67.75,70.07857142857142,754836.7,No Signal
600,2024-12-05T00:00:00+05:30,1780.0,1780.0,1718.6,1734.0,378500,4.105574109795226,1689.987712372168,1678.931135080039,11.056577292129077,-9.303538355267278,61.40000000000009,9.450000000000045,51.950000000000045,61.40000000000009,68.275,738350.3,No Signal
601,2024-12-06T00:00:00+05:30,1747.9,1756.65,1725.1,1738.15,313886,4.253295067230114,1697.3972950841421,1683.3177176667027,14.079577417439396,-4.626915200725944,31.550000000000182,22.65000000000009,8.900000000000091,31.550000000000182,67.36071428571431,695786.3,No Signal
602,2024-12-09T00:00:00+05:30,1738.45,1764.75,1732.0,1742.1,307698,4.408947442424597,1704.2746343019664,1687.6719608025026,16.60267349946389,-0.38099746068797696,32.75,26.59999999999991,6.150000000000091,32.75,65.2214285714286,691890.85,No Signal
603,2024-12-10T00:00:00+05:30,1755.0,1762.95,1722.65,1750.5,393134,4.436559750752036,1711.386229024741,1692.325889631947,19.06033939279405,3.5072699100084286,40.299999999999955,20.850000000000136,19.449999999999818,40.299999999999955,63.17500000000002,678120.5,No Signal
604,2024-12-10T00:00:00+05:30,1755.0,1762.95,1722.65,1750.5,393134,4.520433722548281,1717.4037322517038,1696.6350829925434,20.768649259160384,6.9595457798388205,40.299999999999955,12.450000000000045,27.84999999999991,40.299999999999955,60.692857142857164,664066.15,No Signal
605,2024-12-11T00:00:00+05:30,1751.25,1758.0,1725.75,1751.9,279628,4.512313299878614,1722.7108503668262,1700.7287805486512,21.982069818174978,9.964050587506053,32.25,7.5,24.75,32.25,59.15000000000001,657891.4,No Signal
606,2024-12-12T00:00:00+05:30,1744.0,1777.35,1735.0,1741.3,664800,4.074559408676579,1725.5707195411605,1703.734056063566,21.836663477594584,12.33857316552376,42.34999999999991,25.449999999999818,16.90000000000009,42.34999999999991,53.68214285714286,648044.6,No Signal
607,2024-12-13T00:00:00+05:30,1738.0,1768.95,1710.0,1754.65,781498,3.6535584746657674,1730.0444549963665,1707.5056074662648,22.538847530101748,14.37862803843936,58.950000000000045,27.65000000000009,31.299999999999955,58.950000000000045,53.96785714285714,656319.75,No Signal
608,2024-12-16T00:00:00+05:30,1764.2,1837.4,1760.0,1830.75,2188201,3.2353942096761887,1745.5376157661563,1716.6348217280229,28.90279403813338,17.283461238378163,77.40000000000009,82.75,5.349999999999909,82.75,53.72499999999999,737611.45,No Signal
609,2024-12-17T00:00:00+05:30,1831.0,1900.0,1830.75,1854.4,2017891,3.180755341841726,1762.2856748790553,1726.8396497481694,35.4460251308858,20.91597401687969,69.25,69.25,0.0,69.25,54.32857142857142,805776.25,No Signal
610,2024-12-18T00:00:00+05:30,1860.0,1895.8,1826.1,1888.05,1237817,3.5110766698817235,1781.6340325899698,1738.7811571742309,42.852875415738936,25.30335429665154,69.70000000000005,41.399999999999864,28.300000000000182,69.70000000000005,56.232142857142854,830581.65,No Signal
611,2024-12-19T00:00:00+05:30,1853.95,1890.0,1843.95,1863.75,652028,3.5882886248009735,1794.267258345359,1748.0381084946582,46.22914985070088,29.48851340746141,46.049999999999955,1.9500000000000455,44.09999999999991,46.049999999999955,51.01428571428572,841087.2,No Signal
612,2024-12-20T00:00:00+05:30,1868.95,1878.55,1760.0,1794.5,2860828,3.7565891629882637,1794.3030647537653,1751.4797300876464,42.82333466611885,32.155477659192904,118.54999999999995,14.799999999999955,103.75,118.54999999999995,56.70714285714286,907841.8,No Signal
613,2024-12-23T00:00:00+05:30,1777.75,1779.55,1725.65,1755.05,833331,3.788720829392335,1788.2641317147245,1751.7441945255985,36.51993718912604,33.02836956517953,53.899999999999864,14.950000000000045,68.84999999999991,68.84999999999991,56.785714285714285,936673.75,No Signal
614,2024-12-24T00:00:00+05:30,1762.9,1787.0,1737.0,1751.9,612341,3.3980074712917347,1782.6696499124591,1751.7557356718505,30.91391424060862,32.60547850026535,50.0,31.950000000000045,18.049999999999955,50.0,55.97142857142857,900907.2,No Signal
615,2024-12-26T00:00:00+05:30,1745.0,1761.55,1698.45,1751.8,481456,3.17994034528635,1777.92047300285,1751.7590145109727,26.161458491877283,31.316674498587737,63.09999999999991,9.649999999999864,53.450000000000045,63.09999999999991,58.22499999999997,897662.65,No Signal
616,2024-12-27T00:00:00+05:30,1745.0,1762.5,1730.3,1752.5,235400,2.7870400058998883,1774.0096310024117,1751.8139023249748,22.19572867743682,29.492485334357557,32.200000000000045,10.700000000000045,21.5,32.200000000000045,58.18571428571426,859472.7,No Signal
617,2024-12-30T00:00:00+05:30,1751.9,1774.1,1652.0,1675.0,953245,3.1130887732887147,1758.7773800789637,1746.1239836342359,12.653396444727832,26.124667556431614,122.09999999999991,21.59999999999991,100.5,122.09999999999991,64.0285714285714,844447.45,Sell
618,2024-12-31T00:00:00+05:30,1678.0,1708.0,1665.6,1694.0,535023,3.1823045444586286,1748.8116292975847,1742.2629478094777,6.548681488106922,22.20947034276668,42.40000000000009,33.0,9.400000000000091,42.40000000000009,64.17857142857142,843663.1,Sell
619,2025-01-01T00:00:00+05:30,1688.3,1693.95,1645.5,1653.55,457902,3.6033320616537203,1734.1559940210332,1735.691618342109,-1.5356243210758294,17.46045140999818,48.450000000000045,0.049999999999954525,48.5,48.5,65.3392857142857,828887.05,Sell
620,2025-01-02T00:00:00+05:30,1666.4,1668.25,1632.05,1662.45,434737,3.810340073767762,1723.124302633182,1730.2663132797306,-7.14201064654867,12.53995899868881,36.200000000000045,14.700000000000045,21.5,36.200000000000045,64.89999999999999,831698.9,Sell
621,2025-01-03T00:00:00+05:30,1662.45,1682.0,1646.7,1656.25,320490,4.05820200954055,1712.8359483819231,1724.783623407158,-11.947675025234958,7.642432193904057,35.299999999999955,19.549999999999955,15.75,35.299999999999955,63.210714285714275,832029.1,Sell
622,2025-01-06T00:00:00+05:30,1660.05,1670.0,1578.2,1594.95,819534,4.766998115250902,1694.699648630858,1715.1663179695909,-20.4666693387328,2.0206118873766856,91.79999999999995,13.75,78.04999999999995,91.79999999999995,63.85714285714284,857620.9,Sell
623,2025-01-07T00:00:00+05:30,1590.0,1611.7,1575.0,1583.45,787790,5.322780188290544,1677.5843180722645,1705.4095536755472,-27.825235603282636,-3.9485576107551785,36.700000000000045,16.75,19.950000000000045,36.700000000000045,61.532142857142844,877353.7,Sell
624,2025-01-08T00:00:00+05:30,1577.55,1584.95,1545.1,1568.6,525611,5.884275468142377,1660.8174999073008,1695.2755126625436,-34.45801275524286,-10.050448639652716,39.850000000000136,1.5,38.350000000000136,39.850000000000136,59.39999999999999,883977.55,Sell
625,2025-01-09T00:00:00+05:30,1570.0,1571.35,1515.55,1521.25,368327,6.774880158212423,1639.345576844639,1682.3847339467998,-43.03915710216074,-16.64819033215432,55.799999999999955,2.75,53.049999999999955,55.799999999999955,60.09642857142857,888412.5,Sell
626,2025-01-10T00:00:00+05:30,1532.0,1539.0,1485.65,1492.4,557750,7.667312252844313,1616.7385650223869,1668.3117906914813,-51.57322566909443,-23.633197399542343,53.34999999999991,17.75,35.59999999999991,53.34999999999991,55.4392857142857,883060.0,No Signal
627,2025-01-13T00:00:00+05:30,1450.1,1470.0,1408.1,1426.65,1025557,9.073677654832194,1587.4941704035582,1650.410917306927,-62.9167469033689,-31.489907300307657,61.90000000000009,22.40000000000009,84.30000000000018,84.30000000000018,56.54285714285715,895262.95,No Signal
628,2025-01-14T00:00:00+05:30,1426.0,1451.15,1413.9,1426.3,943578,9.634334686106879,1562.6950672645492,1633.8101086175252,-71.11504135297605,-39.41493411084134,37.25,24.5,12.75,37.25,55.63214285714287,833031.8,No Signal
629,2025-01-14T00:00:00+05:30,1426.0,1451.15,1413.9,1426.3,943578,9.831063852303421,1541.7112107623109,1618.4389894606716,-76.72777869836068,-46.87750302834521,37.25,24.850000000000136,12.399999999999864,37.25,53.7857142857143,779316.15,No Signal
630,2025-01-15T00:00:00+05:30,1440.0,1451.6,1406.95,1439.35,423470,9.408809678029542,1525.9633321834938,1605.1731383895108,-79.20980620601699,-53.34396366387957,44.649999999999864,25.299999999999955,19.34999999999991,44.649999999999864,54.675000000000004,738598.8,No Signal
631,2025-01-16T00:00:00+05:30,1450.0,1497.0,1440.05,1449.85,322369,8.854873546997917,1514.2535887706485,1593.6677207310286,-79.41413196038002,-58.55799732317966,56.950000000000045,57.65000000000009,0.7000000000000455,57.65000000000009,50.07142857142859,722115.85,No Signal
632,2025-01-17T00:00:00+05:30,1452.0,1484.0,1439.2,1472.2,570227,8.376166115786084,1507.7838058828565,1584.6701117879895,-76.88630590513299,-62.22365903957033,44.799999999999955,34.15000000000009,10.649999999999864,44.799999999999955,50.24285714285715,607585.8,No Signal
633,2025-01-20T00:00:00+05:30,1472.9,1484.4,1454.85,1463.5,338038,8.17677121469227,1500.9709126701093,1575.6945479518422,-74.72363528173287,-64.72365428800283,29.550000000000182,12.200000000000045,17.350000000000136,29.550000000000182,48.889285714285734,582821.15,No Signal
634,2025-01-21T00:00:00+05:30,1463.5,1481.95,1382.0,1388.9,975343,8.542508678112615,1483.729233797785,1561.8579147702242,-78.12868097243927,-67.40465962489013,99.95000000000005,18.450000000000045,81.5,99.95000000000005,53.442857142857164,600971.25,No Signal
635,2025-01-22T00:00:00+05:30,1390.0,1391.95,1297.35,1319.3,2838088,9.11737675749071,1458.4324285981256,1543.8906618242816,-85.45823322615593,-71.0153743451433,94.60000000000014,3.0499999999999545,91.55000000000018,94.60000000000014,57.67857142857146,718802.85,No Signal
636,2025-01-23T00:00:00+05:30,1312.75,1366.15,1305.45,1342.6,1519127,8.62621009461724,1440.6120549676448,1528.9802424298903,-88.36818746224549,-74.48593696856375,60.700000000000045,46.850000000000136,13.849999999999909,60.700000000000045,55.4571428571429,782989.2,No Signal
637,2025-01-24T00:00:00+05:30,1344.85,1358.65,1235.0,1255.65,1730028,9.769457726837103,1412.1563542033916,1508.733557805454,-96.57720360206235,-78.90419029526348,123.65000000000009,16.050000000000182,107.59999999999991,123.65000000000009,61.66785714285719,821828.35,Sell
638,2025-01-27T00:00:00+05:30,1240.0,1256.5,1221.35,1243.85,1664609,10.042106755172462,1386.2630689413313,1489.1125535235685,-102.84948458223721,-83.69324915265823,35.15000000000009,0.849999999999909,34.30000000000018,35.15000000000009,61.3321428571429,878307.65,Sell
639,2025-01-28T00:00:00+05:30,1259.65,1305.0,1211.15,1271.1,1026594,9.79483822123285,1368.545673719588,1472.9634754847857,-104.41780176519774,-87.83815967516614,93.84999999999991,61.15000000000009,32.69999999999982,93.84999999999991,64.05000000000004,906742.25,Sell
640,2025-01-29T00:00:00+05:30,1271.1,1322.0,1261.25,1318.4,818604,8.889014117145498,1360.8309546858052,1461.5143291525794,-100.68337446677424,-90.40720263348777,60.75,50.90000000000009,9.849999999999909,60.75,64.57857142857146,925935.6,Sell
641,2025-01-30T00:00:00+05:30,1320.0,1353.3,1312.2,1342.35,541192,7.913994732123972,1357.987730887989,1452.687341807944,-94.69961091995492,-91.26568429078121,41.09999999999991,34.899999999999864,6.2000000000000455,41.09999999999991,61.49285714285717,936970.7,Sell
642,2025-01-31T00:00:00+05:30,1283.85,1387.55,1250.15,1359.5,1513344,7.227892302031705,1358.2203876744522,1445.7845757480964,-87.56418807364412,-90.5253850473538,137.39999999999986,45.200000000000045,92.19999999999982,137.39999999999986,68.64642857142859,971661.2,Buy
643,2025-02-01T00:00:00+05:30,1370.2,1490.8,1370.2,1431.7,2982704,6.233917212661227,1369.5249434168443,1444.74127384083,-75.21633042398571,-87.46357412268019,120.59999999999991,131.29999999999995,10.700000000000045,131.29999999999995,75.36428571428573,1081406.9,Buy
644,2025-02-03T00:00:00+05:30,1421.0,1457.35,1385.0,1425.15,1116995,5.621501637057294,1378.0826444296374,1443.290068371139,-65.20742394150147,-83.01234408644444,72.34999999999991,25.649999999999864,46.700000000000045,72.34999999999991,77.34285714285716,1110976.1,Buy
645,2025-02-04T00:00:00+05:30,1425.15,1431.95,1402.95,1421.4,953776,5.239279106382294,1384.746852978924,1441.6685818251285,-56.92172884620459,-77.79422103839647,29.0,6.7999999999999545,22.200000000000045,29.0,75.29642857142858,1140248.55,Buy
646,2025-02-05T00:00:00+05:30,1421.4,1430.0,1372.0,1379.35,1371415,5.083489320418849,1383.9165679052433,1437.0523905788227,-53.13582267357947,-72.86254136543307,58.0,8.599999999999909,49.40000000000009,58.0,76.23928571428573,1180931.8,Buy
647,2025-02-06T00:00:00+05:30,1386.4,1391.45,1355.55,1366.35,621465,5.0724235200041985,1381.2140189967442,1431.8151764618729,-50.60115746512861,-68.41026458537219,35.90000000000009,12.100000000000136,23.799999999999955,35.90000000000009,76.69285714285715,1160727.2,Buy
648,2025-02-07T00:00:00+05:30,1366.35,1379.9,1331.0,1347.7,1067338,5.090043366185257,1376.058016074168,1425.5844226498823,-49.52640657571419,-64.63349298344059,48.90000000000009,13.550000000000182,35.34999999999991,48.90000000000009,73.04642857142858,1166915.2,Buy
649,2025-02-10T00:00:00+05:30,1347.35,1348.95,1298.0,1324.85,525607,5.149045193936998,1368.1798597550653,1418.1226135647057,-49.94275380964041,-61.69534514868056,50.950000000000045,1.25,49.700000000000045,50.950000000000045,69.92857142857143,1146016.65,Buy
650,2025-02-11T00:00:00+05:30,1319.0,1322.4,1271.05,1311.15,780980,5.12453770970334,1359.406035177363,1410.1987162636165,-50.792681086253424,-59.514812336195135,51.350000000000136,2.449999999999818,53.799999999999955,53.799999999999955,69.43571428571428,1163892.15,Buy
651,2025-02-12T00:00:00+05:30,1310.0,1310.0,1213.65,1220.15,3308431,5.808156339569826,1337.982029765461,1396.1210335774226,-58.13900381196163,-59.23965063134844,96.34999999999991,1.150000000000091,97.5,97.5,67.56785714285714,1313195.25,Buy
652,2025-02-13T00:00:00+05:30,1192.15,1256.05,1192.15,1237.9,2113080,5.573160844867541,1322.5847944169286,1384.400957016132,-61.81616259920338,-59.75495302491943,63.899999999999864,35.899999999999864,28.0,63.899999999999864,69.62142857142854,1390337.9,Sell
653,2025-02-14T00:00:00+05:30,1236.0,1245.8,1206.35,1227.15,703491,5.432307420404807,1307.9025183527858,1372.7527379779,-64.85021962511428,-60.7740063449584,39.450000000000045,7.899999999999864,31.550000000000182,39.450000000000045,65.73571428571427,1408610.55,No Signal
654,2025-02-17T00:00:00+05:30,1202.7,1245.65,1185.5,1240.4,725092,5.452749759123106,1297.5175155292802,1362.9488314610187,-65.43131593173848,-61.70546826231442,60.15000000000009,18.5,41.65000000000009,60.15000000000009,65.69285714285714,1396098.0,No Signal
655,2025-02-18T00:00:00+05:30,1245.0,1254.7,1201.1,1217.15,1009231,5.865234755968907,1285.1532823709294,1352.1489180194617,-66.99563564853224,-62.76350173955799,53.600000000000136,14.299999999999955,39.30000000000018,53.600000000000136,66.58571428571429,1304655.15,No Signal
656,2025-02-19T00:00:00+05:30,1218.1,1248.95,1206.8,1230.05,1279701,5.970342096097331,1276.6758543138633,1343.1045537217237,-66.42869940786045,-63.49654127321848,42.15000000000009,31.799999999999955,10.350000000000136,42.15000000000009,59.78214285714288,1292683.85,No Signal
657,2025-02-20T00:00:00+05:30,1228.0,1260.0,1197.2,1250.3,1265922,5.890627693448791,1272.618030573269,1336.2301423349293,-63.612111761660344,-63.51965537090686,62.799999999999955,29.950000000000045,32.84999999999991,62.799999999999955,54.889285714285734,1269478.55,No Signal
658,2025-02-21T00:00:00+05:30,1245.0,1262.9,1204.0,1216.3,913356,6.179517449865955,1263.9537181773815,1327.3464280878975,-63.39270991051603,-63.4942662788287,58.90000000000009,12.600000000000136,46.299999999999955,58.90000000000009,53.92857142857146,1231915.9,No Signal
659,2025-02-24T00:00:00+05:30,1209.6,1212.45,1160.0,1186.1,2658937,6.708332132896416,1251.976223073169,1316.8837297110163,-64.90750663784729,-63.77691435063242,52.450000000000045,3.849999999999909,56.299999999999955,56.299999999999955,55.878571428571455,1313533.05,No Signal
660,2025-02-24T00:00:00+05:30,1209.6,1212.45,1160.0,1186.1,2658937,7.047369091318383,1241.8414195234507,1307.1960460287187,-65.35462650526802,-64.09245678155953,52.450000000000045,26.350000000000136,26.09999999999991,52.450000000000045,55.48214285714289,1405549.7,No Signal
661,2025-02-25T00:00:00+05:30,1187.85,1208.95,1173.65,1192.0,592872,7.209237683459742,1234.1735088275352,1298.663005582147,-64.48949675461176,-64.17186477616998,35.299999999999955,22.850000000000136,12.449999999999818,35.299999999999955,55.43928571428574,1408133.7,No Signal
