,Date,Open,High,Low,Close,Volume,Volatility,EMA12,EMA26,MACD,Signal Line,H-L,H-PC,L-PC,TR,ATR,Avg_Volume,Signal
0,2022-07-05T00:00:00+05:30,950.0,965.0,940.25,949.55,521843,,949.55,949.55,0.0,0.0,24.75,,,24.75,,,No Signal
1,2022-07-06T00:00:00+05:30,949.0,967.0,944.25,963.95,174617,,951.7653846153846,950.6166666666667,1.1487179487179446,0.22974358974358894,22.75,17.450000000000045,5.2999999999999545,22.75,,,No Signal
2,2022-07-07T00:00:00+05:30,967.0,982.9,964.0,977.9,337993,,955.7860946745562,952.6376543209876,3.148440353568617,0.8134829425085947,18.899999999999977,18.949999999999932,0.049999999999954525,18.949999999999932,,,No Signal
3,2022-07-08T00:00:00+05:30,980.75,987.0,966.0,974.55,265431,,958.6728493400092,954.2607910379515,4.4120583020576305,1.5331980144184019,21.0,9.100000000000023,11.899999999999977,21.0,,,No Signal
4,2022-07-11T00:00:00+05:30,974.0,1008.15,960.0,999.15,524618,,964.9001032877001,957.5859176277329,7.3141856599671655,2.6893955435281547,48.14999999999998,33.60000000000002,14.549999999999955,48.14999999999998,,,No Signal
5,2022-07-12T00:00:00+05:30,997.9,1005.0,990.1,993.6,276566,,969.3154720126693,960.253627433086,9.061844579583294,3.963885350739183,14.899999999999977,5.850000000000023,9.049999999999955,14.899999999999977,,,No Signal
6,2022-07-13T00:00:00+05:30,990.0,1012.35,980.4,983.4,188534,,971.4823224722586,961.9681735491537,9.514148923104926,5.073938065212332,31.950000000000045,18.75,13.200000000000045,31.950000000000045,,,No Signal
7,2022-07-14T00:00:00+05:30,980.0,999.6,960.2,965.15,386482,,970.508119014988,962.2038643973646,8.304254617623428,5.720001375694551,39.39999999999998,16.200000000000045,23.199999999999932,39.39999999999998,,,No Signal
8,2022-07-15T00:00:00+05:30,965.0,988.2,965.0,983.6,287638,,972.5222545511436,963.7887633308931,8.733491220250585,6.322699344605758,23.200000000000045,23.050000000000068,0.14999999999997726,23.200000000000045,,,No Signal
9,2022-07-18T00:00:00+05:30,989.0,1028.65,987.5,1011.9,827545,,978.5803692355831,967.3525586397158,11.227810595867368,7.3037215948580805,41.15000000000009,45.05000000000007,3.8999999999999773,45.05000000000007,,,No Signal
10,2022-07-19T00:00:00+05:30,1014.0,1020.0,989.0,995.15,524687,,981.1295431993395,969.4116283701072,11.717914829232313,8.186560241732927,31.0,8.100000000000023,22.899999999999977,31.0,,,No Signal
11,2022-07-20T00:00:00+05:30,1010.0,1010.0,972.95,978.9,768426,,980.7865365532873,970.1144707130622,10.67206584022506,8.683661361431355,37.049999999999955,14.850000000000023,22.199999999999932,37.049999999999955,,,No Signal
12,2022-07-21T00:00:00+05:30,1007.0,1095.0,995.0,1077.1,6074127,,995.6039924681662,978.0393247343169,17.56466773384932,10.459862635914948,100.0,116.10000000000002,16.100000000000023,116.10000000000002,,,No Signal
13,2022-07-22T00:00:00+05:30,1080.0,1092.2,1045.9,1056.15,1721722,,1004.9187628576791,983.8253006799231,21.09346217775601,12.58658254428316,46.299999999999955,15.100000000000136,31.199999999999818,46.299999999999955,37.18214285714286,,No Signal
14,2022-07-25T00:00:00+05:30,1054.9,1082.0,1046.7,1055.55,805041,,1012.7081839564977,989.1382413702992,23.569942586198522,14.783254552666234,35.299999999999955,25.84999999999991,9.450000000000045,35.299999999999955,37.935714285714276,,No Signal
15,2022-07-26T00:00:00+05:30,1059.9,1077.8,1034.15,1041.35,773666,,1017.1146171939596,993.0057790465733,24.108838147386336,16.648371271610255,43.649999999999864,22.25,21.399999999999864,43.649999999999864,39.42857142857141,,No Signal
16,2022-07-27T00:00:00+05:30,1044.0,1047.05,1022.0,1035.25,487961,,1019.9046760871965,996.1349805986789,23.76969548851764,18.072636114991735,25.049999999999955,5.7000000000000455,19.34999999999991,25.049999999999955,39.8642857142857,,No Signal
17,2022-07-28T00:00:00+05:30,1044.9,1049.95,1025.0,1034.05,593873,,1022.0808797660894,998.9435005543323,23.137379211757093,19.085584734344806,24.950000000000045,14.700000000000045,10.25,24.950000000000045,40.14642857142856,,No Signal
18,2022-07-29T00:00:00+05:30,1044.9,1053.55,1033.0,1045.9,528986,,1025.7453598020757,1002.42175977253,23.323600029545673,19.93318779338498,20.549999999999955,19.5,1.0499999999999545,20.549999999999955,38.17499999999999,,No Signal
19,2022-08-01T00:00:00+05:30,1055.0,1061.45,1038.05,1049.2,481044,3.5759883433256388,1029.3537659863716,1005.8868146041945,23.46695138217717,20.63994051114342,23.40000000000009,15.549999999999955,7.850000000000136,23.40000000000009,38.78214285714285,827540.0,No Signal
20,2022-08-02T00:00:00+05:30,1052.15,1071.95,1045.85,1058.85,799303,3.439051416216939,1033.8916481423144,1009.8100135224023,24.08163461991205,21.328279332897147,26.100000000000136,22.75,3.3500000000001364,26.100000000000136,38.364285714285714,841413.0,No Signal
21,2022-08-03T00:00:00+05:30,1063.0,1081.0,1053.3,1073.35,885841,3.4202126680554503,1039.9621638127276,1014.5166791874095,25.445484625318045,22.15172039138133,27.700000000000045,22.15000000000009,5.5499999999999545,27.700000000000045,37.52857142857143,876974.2,No Signal
22,2022-08-04T00:00:00+05:30,1080.0,1084.6,1030.8,1051.05,614802,3.4236839122558496,1041.6679847646155,1017.2228510994532,24.445133665162302,22.610403046137524,53.799999999999955,11.25,42.549999999999955,53.799999999999955,39.714285714285715,890814.65,No Signal
23,2022-08-05T00:00:00+05:30,1052.0,1108.0,1051.0,1101.35,1144879,3.4574598649530435,1050.849833262367,1023.454491758753,27.395341503613963,23.567390737632813,57.0,56.950000000000045,0.049999999999954525,57.0,40.567857142857136,934787.05,No Signal
24,2022-08-08T00:00:00+05:30,1094.5,1103.8,1082.1,1091.7,461926,3.644023795935689,1057.1344742989259,1028.5097145914378,28.62475970748801,24.578864531603855,21.700000000000045,2.4500000000000455,19.25,21.700000000000045,39.903571428571425,931652.45,No Signal
25,2022-08-10T00:00:00+05:30,1084.4,1099.0,1075.1,1083.6,371139,3.6956042554962947,1061.2060936375526,1032.5904764735535,28.615617163999104,25.386215058082907,23.90000000000009,7.2999999999999545,16.600000000000136,23.90000000000009,38.96428571428572,936381.1,No Signal
26,2022-08-11T00:00:00+05:30,1093.6,1107.45,1087.2,1094.0,407014,3.6245203343773955,1066.251310001006,1037.1393300681052,29.111979932900795,26.131368033046485,20.25,23.850000000000136,3.6000000000001364,23.850000000000136,32.375000000000014,947305.1,No Signal
27,2022-08-12T00:00:00+05:30,1095.0,1118.35,1082.0,1094.4,450116,3.335675755645321,1070.581877693159,1041.3808611741715,29.201016518987444,26.74529773023468,36.34999999999991,24.34999999999991,12.0,36.34999999999991,31.66428571428573,950486.8,No Signal
28,2022-08-16T00:00:00+05:30,1099.0,1102.0,1074.5,1083.6,398305,3.098340409561864,1072.5846657403652,1044.5082047908995,28.076460949465627,27.01153037408087,27.5,7.599999999999909,19.90000000000009,27.5,31.107142857142872,956020.15,No Signal
29,2022-08-17T00:00:00+05:30,1093.65,1095.55,1075.0,1075.85,270386,2.993737386138952,1073.087024857232,1046.8298192508328,26.25720560639934,26.860665420544564,20.549999999999955,11.950000000000045,8.599999999999909,20.549999999999955,29.45714285714288,928162.2,No Signal
30,2022-08-18T00:00:00+05:30,1078.05,1090.0,1070.35,1086.4,238241,2.6711884101218044,1075.1351748791965,1049.760943750771,25.374231128425436,26.56337856212074,19.65000000000009,14.150000000000091,5.5,19.65000000000009,29.071428571428605,913839.9,No Signal
31,2022-08-19T00:00:00+05:30,1091.1,1140.8,1085.0,1125.0,3193986,2.195745002125713,1082.8066864362431,1055.33420717664,27.472479259603233,26.74519870161724,55.799999999999955,54.399999999999864,1.400000000000091,55.799999999999955,31.275000000000027,1035117.9,No Signal
32,2022-08-22T00:00:00+05:30,1129.75,1166.1,1120.0,1133.95,2654356,2.5101338894391563,1090.674888522975,1061.1575992376295,29.51728928534544,27.299616818362882,46.09999999999991,41.09999999999991,5.0,46.09999999999991,33.10000000000002,864129.35,No Signal
33,2022-08-23T00:00:00+05:30,1130.0,1156.05,1114.65,1151.2,959285,2.865308633515344,1099.986444134825,1067.8274067015088,32.15903743331614,28.271500941353537,41.399999999999864,22.09999999999991,19.299999999999955,41.399999999999864,34.38571428571429,826007.5,No Signal
34,2022-08-24T00:00:00+05:30,1149.7,1174.95,1147.05,1168.9,1029403,3.268035510402359,1110.5885296525441,1075.31426546436,35.274264188184134,29.672053590719656,27.90000000000009,23.75,4.150000000000091,27.90000000000009,34.51428571428572,837225.6,No Signal
35,2022-08-25T00:00:00+05:30,1175.0,1183.65,1151.7,1157.35,683714,3.46900803436381,1117.782602013691,1081.390986541074,36.391615472617104,31.01596596709915,31.950000000000045,14.75,17.200000000000045,31.950000000000045,34.81785714285714,832728.0,No Signal
36,2022-08-26T00:00:00+05:30,1169.3,1177.65,1158.8,1168.05,457545,3.5628509854612003,1125.5160478577386,1087.8101727232167,37.705875134521875,32.3539478005837,18.850000000000136,20.300000000000182,1.4500000000000455,20.300000000000182,32.42500000000002,831207.2,No Signal
37,2022-08-29T00:00:00+05:30,1143.45,1180.95,1135.2,1164.65,612293,3.5689595209073985,1131.536655879625,1093.5020117807562,38.03464409886874,33.490087060240704,45.75,12.900000000000091,32.84999999999991,45.75,31.62142857142859,832128.2,No Signal
38,2022-08-30T00:00:00+05:30,1175.95,1207.0,1172.1,1202.25,808158,3.730578166847613,1142.4156318981443,1101.557418315515,40.85821358262933,34.96371236471843,34.90000000000009,42.34999999999991,7.449999999999818,42.34999999999991,33.09642857142858,846086.8,No Signal
39,2022-09-01T00:00:00+05:30,1195.0,1270.45,1183.15,1257.05,1477912,4.228481494644943,1160.051688529199,1113.0753873291806,46.9763012000185,37.366230131778444,87.29999999999995,68.20000000000005,19.09999999999991,87.29999999999995,37.625,895930.2,Buy
40,2022-09-02T00:00:00+05:30,1269.6,1269.85,1238.0,1245.5,768953,4.642680925432507,1173.1975826016298,1122.8846178973895,50.31296470424036,39.955577046270825,31.84999999999991,12.799999999999955,19.049999999999955,31.84999999999991,38.196428571428555,894412.7,Buy
41,2022-09-05T00:00:00+05:30,1249.9,1284.35,1245.55,1264.5,790900,5.015040604265798,1187.2441083552253,1133.3746462012866,53.869462153938684,42.7383540678044,38.799999999999955,38.84999999999991,0.049999999999954525,38.84999999999991,38.374999999999986,889665.65,Buy
42,2022-09-06T00:00:00+05:30,1268.0,1276.85,1242.9,1247.35,436448,5.139526725082462,1196.4911686082676,1141.8172650011913,54.67390360707623,45.12546397565877,33.94999999999982,12.349999999999909,21.59999999999991,33.94999999999982,38.83571428571425,880747.95,Buy
43,2022-09-07T00:00:00+05:30,1240.0,1260.8,1230.0,1249.95,322398,5.340206571002186,1204.7156042069957,1149.8270972233254,54.88850698367037,47.07807257726109,30.799999999999955,13.450000000000045,17.34999999999991,30.799999999999955,39.567857142857115,839623.9,Buy
44,2022-09-08T00:00:00+05:30,1255.4,1263.95,1226.3,1250.2,480459,5.435484809148974,1211.7132035597656,1157.2621270586346,54.451076501130956,48.552673362035065,37.65000000000009,14.0,23.65000000000009,37.65000000000009,40.8535714285714,840550.55,Buy
45,2022-09-09T00:00:00+05:30,1256.45,1260.0,1238.0,1249.6,365671,5.409855704711455,1217.5419414736477,1164.1019694987358,53.43997197491194,49.53013308461045,22.0,9.799999999999955,12.200000000000045,22.0,38.43928571428569,840277.15,Buy
46,2022-09-12T00:00:00+05:30,1254.2,1271.1,1241.65,1254.35,306515,5.356212216897241,1223.2047197084712,1170.7870087951258,52.417710913345445,50.107648650357454,29.449999999999818,21.5,7.949999999999818,29.449999999999818,37.249999999999964,835252.2,Buy
47,2022-09-13T00:00:00+05:30,1264.95,1278.0,1209.9,1236.05,1222903,5.254556800706071,1225.1809166763987,1175.6213044399312,49.5596122364675,49.99804136757947,68.09999999999991,23.65000000000009,44.44999999999982,68.09999999999991,39.15714285714283,873891.55,Sell
48,2022-09-14T00:00:00+05:30,1220.1,1250.0,1215.0,1230.4,399336,4.92602204969012,1225.9838525723374,1179.678985592529,46.30486697980837,49.25940649002525,35.0,13.950000000000045,21.049999999999955,35.0,39.664285714285676,873943.1,Sell
49,2022-09-15T00:00:00+05:30,1236.9,1252.0,1231.0,1239.15,318486,4.3778209275272175,1228.0094137150547,1184.0842459190083,43.92516779604648,48.1925587512295,21.0,21.59999999999991,0.599999999999909,21.59999999999991,38.924999999999955,876348.1,Sell
50,2022-09-16T00:00:00+05:30,1239.15,1245.2,1197.5,1203.5,523816,3.877533110519433,1224.2387346819694,1185.5224499250075,38.71628475696184,46.29730395237597,47.700000000000045,6.0499999999999545,41.65000000000009,47.700000000000045,40.8821428571428,890626.85,Sell
51,2022-09-19T00:00:00+05:30,1205.0,1212.4,1179.2,1193.3,427947,3.5556243884839445,1219.4789293462818,1186.0985647453774,33.380364600904386,43.71391608208165,33.200000000000045,8.900000000000091,24.299999999999955,33.200000000000045,39.98571428571423,752324.9,Sell
52,2022-09-20T00:00:00+05:30,1202.0,1227.0,1186.35,1219.6,480440,3.123396479882337,1219.4975556007,1188.580152542016,30.91740305868393,41.15461347740211,40.65000000000009,33.700000000000045,6.9500000000000455,40.65000000000009,39.86428571428568,643629.1,Sell
53,2022-09-21T00:00:00+05:30,1220.25,1240.8,1205.95,1208.85,390064,2.8823233065232245,1217.8594701236693,1190.081622724089,27.777847399580423,38.47926026183777,34.84999999999991,21.200000000000045,13.649999999999864,34.84999999999991,36.1178571428571,615168.05,No Signal
54,2022-09-22T00:00:00+05:30,1208.8,1226.0,1203.3,1208.6,582207,2.715457618785429,1216.4349362584894,1191.4533543741563,24.98158188433308,35.77972458633683,22.700000000000045,17.15000000000009,5.5499999999999545,22.700000000000045,35.46428571428568,592808.25,No Signal
55,2022-09-23T00:00:00+05:30,1222.8,1222.8,1157.2,1168.85,519597,2.7119725550810063,1209.1141768341065,1189.7790318279226,19.335145006183893,32.490808670306244,65.59999999999991,14.200000000000045,51.399999999999864,65.59999999999991,37.374999999999964,584602.4,No Signal
56,2022-09-26T00:00:00+05:30,1160.0,1160.0,1096.05,1130.8,656227,3.1762122796653505,1197.0658419365516,1185.410214655484,11.65562728106761,28.32377239245852,63.950000000000045,8.849999999999909,72.79999999999995,72.79999999999995,40.14999999999998,594536.5,Sell
57,2022-09-27T00:00:00+05:30,1152.45,1154.6,1105.7,1116.15,315494,3.6901786835467623,1184.6172508693899,1180.2798283847073,4.33742248468252,23.52650241090332,48.899999999999864,23.799999999999955,25.09999999999991,48.899999999999864,41.442857142857115,579696.55,Sell
58,2022-09-28T00:00:00+05:30,1112.2,1149.0,1103.95,1129.25,523854,4.0484635598455965,1176.099212274099,1176.4998410969513,-0.4006288228522408,18.741076164152208,45.049999999999955,32.84999999999991,12.200000000000045,45.049999999999955,41.97142857142853,565481.35,Sell
59,2022-09-29T00:00:00+05:30,1135.2,1148.45,1109.05,1121.9,389319,4.373283137932653,1167.7608719242376,1172.455408423103,-4.694536498865546,14.053953631548659,39.40000000000009,19.200000000000045,20.200000000000045,39.40000000000009,43.21428571428568,511051.7,Sell
60,2022-09-30T00:00:00+05:30,1115.1,1172.95,1113.1,1150.8,520598,4.3324154462245215,1165.1515070128164,1170.8513040954658,-5.699797082649411,10.103203488709045,59.850000000000136,51.049999999999955,8.800000000000182,59.850000000000136,45.38571428571428,498633.95,Sell
61,2022-10-03T00:00:00+05:30,1158.6,1178.55,1143.35,1160.05,367191,4.18978220543489,1164.3666597800755,1170.0512074958017,-5.684547715726239,6.945653247821989,35.200000000000045,27.75,7.4500000000000455,35.200000000000045,43.035714285714285,477448.5,Sell
62,2022-10-04T00:00:00+05:30,1179.75,1194.9,1171.1,1189.7,313392,3.9707743525130463,1168.2640967369869,1171.5066736072238,-3.242576870236917,4.908007224210208,23.800000000000182,34.850000000000136,11.049999999999955,34.850000000000136,43.02500000000001,471295.7,Sell
63,2022-10-06T00:00:00+05:30,1200.0,1208.1,1173.0,1182.15,298283,3.851718037128481,1170.4003895466813,1172.2950681548368,-1.8946786081555729,3.547470057737052,35.09999999999991,18.399999999999864,16.700000000000045,35.09999999999991,43.98928571428572,470089.95,Sell
64,2022-10-07T00:00:00+05:30,1186.95,1223.0,1180.75,1217.9,684548,3.605396333429562,1177.708021924115,1175.6732112544785,2.0348106696364994,3.2449381801169417,42.25,40.84999999999991,1.400000000000091,42.25,43.60000000000001,480294.4,Sell
65,2022-10-10T00:00:00+05:30,1209.35,1235.75,1195.95,1219.4,588447,3.4657052240180084,1184.122172397328,1178.9122326430356,5.2099397542924635,3.637938494952046,39.799999999999955,17.84999999999991,21.950000000000045,39.799999999999955,44.07142857142857,491433.2,Buy
66,2022-10-11T00:00:00+05:30,1231.0,1232.2,1173.5,1176.55,316841,3.3502653609721795,1182.9572227977392,1178.7372524472553,4.219970350483891,3.7543448660584153,58.700000000000045,12.799999999999955,45.90000000000009,58.700000000000045,45.36071428571428,491949.5,Buy
67,2022-10-12T00:00:00+05:30,1182.7,1187.75,1163.5,1183.25,189725,3.173712491154733,1183.002265444241,1179.0715300437548,3.930735400486128,3.789622972943958,24.25,11.200000000000045,13.049999999999955,24.25,44.603571428571435,440290.6,Buy
68,2022-10-13T00:00:00+05:30,1183.0,1188.2,1137.1,1165.55,382242,3.085774884327995,1180.3173015297423,1178.0699352256988,2.247366304043453,3.481171639163857,51.100000000000136,4.9500000000000455,46.15000000000009,51.100000000000136,46.63214285714287,439435.9,Sell
69,2022-10-14T00:00:00+05:30,1177.0,1192.8,1159.05,1163.7,330276,2.853426081184997,1177.7607936020895,1177.0054955793507,0.7552980227387707,2.93599691587884,33.75,27.25,6.5,33.75,44.357142857142875,440025.4,Sell
70,2022-10-17T00:00:00+05:30,1165.0,1204.0,1164.05,1195.85,441221,2.7518876082729204,1180.5437484325373,1178.401384795695,2.1423636368422194,2.777270260071516,39.950000000000045,40.299999999999955,0.34999999999990905,40.299999999999955,42.0357142857143,435895.65,No Signal
71,2022-10-18T00:00:00+05:30,1204.9,1248.0,1196.9,1238.2,1678563,2.8778375925093287,1189.4139409813777,1182.8309118478658,6.5830291335119,3.538422034759593,51.09999999999991,52.15000000000009,1.050000000000182,52.15000000000009,42.267857142857174,498426.45,Buy
72,2022-10-19T00:00:00+05:30,1239.0,1248.0,1196.65,1210.65,645352,2.9015437438623994,1192.6810269842426,1184.8915850443202,7.789441939922426,4.38862601579216,51.34999999999991,9.799999999999955,41.549999999999955,51.34999999999991,42.71785714285717,506672.05,Buy
73,2022-10-20T00:00:00+05:30,1208.0,1224.0,1185.0,1209.25,411809,2.906495075815435,1195.2300997558975,1186.6959120780743,8.534187677823184,5.217738348198365,39.0,13.349999999999909,25.65000000000009,39.0,42.68928571428574,507759.3,Buy
74,2022-10-21T00:00:00+05:30,1212.95,1226.0,1205.0,1211.5,211677,2.912919992408964,1197.7331613319134,1188.5332519241429,9.19990940777052,6.014172560112796,21.0,16.75,4.25,21.0,39.914285714285725,489232.8,No Signal
75,2022-10-24T00:00:00+05:30,1224.0,1230.0,1202.45,1226.0,113799,3.0071532415937283,1202.0819057423882,1191.3085665964286,10.773339145959653,6.966005877282168,27.549999999999955,18.5,9.049999999999955,27.549999999999955,39.36785714285715,468942.9,No Signal
76,2022-10-25T00:00:00+05:30,1228.95,1243.0,1208.05,1233.7,298589,2.985376374440258,1206.946227935867,1194.4486727744709,12.497555161396122,8.07231573410496,34.950000000000045,17.0,17.950000000000045,34.950000000000045,39.375,451061.0,No Signal
77,2022-10-27T00:00:00+05:30,1234.1,1248.0,1214.65,1225.35,308064,2.780052309946331,1209.777577484195,1196.737659976362,13.039917507833025,9.065836088850574,33.34999999999991,14.299999999999955,19.049999999999955,33.34999999999991,39.25,450689.5,No Signal
78,2022-10-28T00:00:00+05:30,1231.0,1241.8,1220.0,1238.9,305963,2.620807234862663,1214.2579501789344,1199.8607962744093,14.397153904525112,10.132099651985483,21.799999999999955,16.450000000000045,5.349999999999909,21.799999999999955,37.78928571428571,439794.95,No Signal
79,2022-10-31T00:00:00+05:30,1245.0,1267.7,1240.0,1258.95,768714,2.4146850240657005,1221.133650151406,1204.2377743281568,16.8958758232493,11.484854886238246,27.700000000000045,28.799999999999955,1.099999999999909,28.799999999999955,37.003571428571426,458764.7,No Signal
80,2022-11-01T00:00:00+05:30,1263.9,1275.0,1255.6,1269.5,296470,2.463440251701078,1228.5746270511897,1209.0720132668118,19.5026137843779,13.088406665866177,19.40000000000009,16.049999999999955,3.3500000000001364,19.40000000000009,34.19642857142857,447558.3,No Signal
81,2022-11-02T00:00:00+05:30,1274.0,1287.8,1262.0,1269.85,492017,2.511750693782142,1234.9246844279298,1213.574086358159,21.35059806977074,14.74084494664709,25.799999999999955,18.299999999999955,7.5,25.799999999999955,34.30714285714286,453799.6,No Signal
82,2022-11-03T00:00:00+05:30,1232.0,1279.7,1232.0,1269.95,308427,2.648819326430727,1240.3131945159407,1217.7500799612585,22.563114554682215,16.305298868254116,47.700000000000045,9.850000000000136,37.84999999999991,47.700000000000045,34.0642857142857,453551.35,No Signal
83,2022-11-04T00:00:00+05:30,1269.95,1298.0,1267.75,1294.05,439136,2.820066367327566,1248.5803953596421,1223.4019258900541,25.17846946958798,18.07993298852089,30.25,28.049999999999955,2.2000000000000455,30.25,33.8142857142857,460594.0,No Signal
84,2022-11-07T00:00:00+05:30,1300.0,1309.0,1292.0,1302.5,417362,3.10551471550932,1256.8757191504665,1229.261042490791,27.614676659675524,19.986881722751818,17.0,14.950000000000045,2.0499999999999545,17.0,32.14999999999999,447234.7,No Signal
85,2022-11-09T00:00:00+05:30,1312.75,1342.5,1305.75,1321.95,1023684,3.4397716121099666,1266.8871469734715,1236.1268911951768,30.760255778294777,22.14155653386041,36.75,40.0,3.25,40.0,31.282142857142844,468996.55,No Signal
86,2022-11-10T00:00:00+05:30,1320.65,1325.4,1305.0,1314.15,389142,3.563477765476406,1274.158355131399,1241.9063807362747,32.25197439512431,24.163640106113192,20.40000000000009,3.4500000000000455,16.950000000000045,20.40000000000009,29.071428571428573,472611.6,No Signal
87,2022-11-11T00:00:00+05:30,1328.0,1347.5,1306.3,1313.85,622305,3.6213144280108427,1280.2647620342607,1247.235537718773,33.02922431548768,25.93675694798809,41.200000000000045,33.34999999999991,7.850000000000136,41.200000000000045,29.22857142857143,494240.6,No Signal
88,2022-11-14T00:00:00+05:30,1314.55,1325.0,1287.0,1320.8,334098,3.5050370868714125,1286.5009524905283,1252.684757147012,33.816195343516256,27.512644627093724,38.0,11.150000000000091,26.84999999999991,38.0,30.442857142857147,491833.4,No Signal
89,2022-11-15T00:00:00+05:30,1314.15,1335.95,1310.05,1333.3,321600,3.3218106067307076,1293.700805953524,1258.6562566176037,35.04454933592024,29.01902556885903,25.90000000000009,15.150000000000091,10.75,25.90000000000009,30.325000000000014,491399.6,No Signal
90,2022-11-16T00:00:00+05:30,1328.0,1338.0,1297.45,1306.8,323005,3.2410396047848518,1295.7160665760587,1262.2224598311145,33.493606744944145,29.913941804076053,40.549999999999955,4.7000000000000455,35.84999999999991,40.549999999999955,30.725000000000005,485488.8,No Signal
91,2022-11-17T00:00:00+05:30,1304.0,1309.0,1288.0,1303.8,181492,3.2541194103059965,1296.9597486412804,1265.3022776214023,31.65747101987813,30.26264764723647,21.0,2.2000000000000455,18.799999999999955,21.0,29.842857142857156,410635.25,No Signal
92,2022-11-18T00:00:00+05:30,1312.25,1321.8,1280.0,1292.55,313393,3.10314534461752,1296.281325773391,1267.3206274272243,28.960698346166737,30.002257787022526,41.799999999999955,18.0,23.799999999999955,41.799999999999955,31.271428571428583,394037.3,No Signal
93,2022-11-21T00:00:00+05:30,1255.0,1298.4,1255.0,1289.25,189200,2.868913416871846,1295.1995833467156,1268.945025395578,26.254557951137485,29.252717819845518,43.40000000000009,5.850000000000136,37.549999999999955,43.40000000000009,32.31428571428574,382906.85,No Signal
94,2022-11-22T00:00:00+05:30,1286.5,1303.5,1284.9,1290.9,141938,2.5833892488983268,1294.5381089856824,1270.5713198107205,23.966789174961832,28.19553209086878,18.59999999999991,14.25,4.349999999999909,18.59999999999991,32.25714285714287,379419.9,No Signal
95,2022-11-23T00:00:00+05:30,1290.9,1307.0,1285.0,1293.25,175703,2.3569202352700933,1294.3399383725005,1272.2512220469634,22.088716325537007,26.97416893780243,22.0,16.09999999999991,5.900000000000091,22.0,31.985714285714298,382515.1,No Signal
96,2022-11-24T00:00:00+05:30,1293.25,1301.05,1278.5,1287.5,177105,2.1566662216949375,1293.2876401613466,1273.3807611545958,19.90687900675084,25.560710951592114,22.549999999999955,7.7999999999999545,14.75,22.549999999999955,30.18928571428572,376440.9,No Signal
97,2022-11-25T00:00:00+05:30,1289.0,1303.7,1280.8,1296.15,268497,1.7943204285630578,1293.7280032134472,1275.0673714394406,18.66063177400656,24.180695116075004,22.90000000000009,16.200000000000045,6.7000000000000455,22.90000000000009,29.66428571428573,374462.55,No Signal
98,2022-11-28T00:00:00+05:30,1292.15,1324.45,1290.35,1309.4,545982,1.4984570336504301,1296.1390796421476,1277.6105291105932,18.5285505315544,23.050266199170885,34.100000000000136,28.299999999999955,5.800000000000182,34.100000000000136,30.885714285714307,386463.5,No Signal
99,2022-11-29T00:00:00+05:30,1314.0,1319.4,1271.0,1274.2,525457,1.437819535555296,1292.7638366202787,1277.3578973246233,15.405939295655344,21.52140081846778,48.40000000000009,10.0,38.40000000000009,48.40000000000009,31.485714285714316,374300.65,Sell
100,2022-11-30T00:00:00+05:30,1280.6,1315.0,1251.0,1300.2,654220,1.3135629271516094,1293.9078617556204,1279.0499049302068,14.857956825413567,20.188712019856936,64.0,40.799999999999955,23.200000000000045,64.0,34.60000000000002,392188.15,Sell
101,2022-12-01T00:00:00+05:30,1305.5,1315.0,1290.0,1297.9,234077,1.204289511334171,1294.5220368701403,1280.44620826871,14.075828601430203,18.96613533617159,25.0,14.799999999999955,10.200000000000045,25.0,33.442857142857164,379291.15,Sell
102,2022-12-02T00:00:00+05:30,1293.0,1339.9,1290.0,1321.55,847025,1.0987338167797298,1298.680185043965,1283.490933582139,15.189251461825961,18.210758561302466,49.90000000000009,42.0,7.900000000000091,49.90000000000009,34.292857142857166,406221.05,Sell
103,2022-12-05T00:00:00+05:30,1331.9,1354.45,1318.4,1323.1,849687,1.1338204207681315,1302.4370796525857,1286.4249385019805,16.012141150605203,17.771035079163013,36.049999999999955,32.90000000000009,3.1499999999998636,36.049999999999955,35.01785714285716,426748.6,Sell
104,2022-12-06T00:00:00+05:30,1320.4,1333.85,1287.2,1292.8,386340,1.178061367930993,1300.9544520137263,1286.8971652796115,14.057286734114768,17.028285410153366,46.649999999999864,10.75,35.899999999999864,46.649999999999864,35.453571428571436,425197.5,Sell
105,2022-12-07T00:00:00+05:30,1295.0,1296.0,1262.8,1268.25,347210,1.309063376460999,1295.9229978577685,1285.5158937774181,10.407104080350337,15.70404914419276,33.200000000000045,3.2000000000000455,30.0,33.200000000000045,36.32500000000001,391373.8,Sell
106,2022-12-08T00:00:00+05:30,1275.0,1288.45,1270.55,1286.15,241863,1.2952195557259152,1294.419459725804,1285.5628646087205,8.856595117083543,14.334558338770918,17.90000000000009,20.200000000000045,2.2999999999999545,20.200000000000045,34.78214285714288,384009.85,Sell
107,2022-12-09T00:00:00+05:30,1290.0,1297.55,1256.9,1268.65,202907,1.3971287823563614,1290.4549274602957,1284.3100598228893,6.144867637406378,12.69662019849801,40.649999999999864,11.399999999999864,29.25,40.649999999999864,34.58571428571429,363039.95,Sell
108,2022-12-12T00:00:00+05:30,1260.0,1281.35,1257.15,1277.25,150634,1.3643520255803054,1288.4234001587117,1283.7870924286012,4.636307730110502,11.08455770482051,24.199999999999818,12.699999999999818,11.5,24.199999999999818,34.98571428571428,353866.75,Sell
109,2022-12-13T00:00:00+05:30,1282.0,1387.0,1280.0,1367.45,3437526,1.6308446199296291,1300.5813385958331,1289.9843448412973,10.596993754535788,10.987044914763565,107.0,109.75,2.75,109.75,41.253571428571426,509663.05,Sell
110,2022-12-14T00:00:00+05:30,1370.0,1379.95,1350.65,1359.55,954600,1.9305675617496612,1309.6534403503204,1295.1373563345346,14.516084015785736,11.692852734968,29.299999999999955,12.5,16.799999999999955,29.299999999999955,41.73571428571428,541242.8,Buy
111,2022-12-15T00:00:00+05:30,1359.5,1366.7,1304.3,1312.75,769431,2.010380080268459,1310.1298341425788,1296.4419966060507,13.68783753652815,12.09184969528003,62.40000000000009,7.150000000000091,55.25,62.40000000000009,44.55714285714286,570639.75,Buy
112,2022-12-16T00:00:00+05:30,1312.75,1318.75,1280.1,1303.0,650185,2.020737541111219,1309.0329365821822,1296.927774635232,12.105161946950147,12.094512145614056,38.65000000000009,6.0,32.65000000000009,38.65000000000009,44.88214285714285,587479.35,Buy
113,2022-12-19T00:00:00+05:30,1304.0,1323.0,1285.0,1313.9,713601,2.0039596153652726,1309.7817155695388,1298.1849765141037,11.596739055435137,11.994957527578272,38.0,20.0,18.0,38.0,44.1392857142857,613699.4,Sell
114,2022-12-20T00:00:00+05:30,1313.0,1313.8,1286.4,1302.85,458623,2.0106279337590007,1308.7152977896098,1298.5305338093553,10.184763980254502,11.632918818113518,27.399999999999864,0.10000000000013642,27.5,27.5,41.532142857142844,629533.65,Sell
115,2022-12-21T00:00:00+05:30,1304.95,1315.15,1262.0,1270.95,599177,2.130893459354389,1302.9052519758236,1296.4875313049586,6.417720670865037,10.589879188663822,53.15000000000009,12.300000000000182,40.84999999999991,53.15000000000009,43.54285714285714,650707.35,Sell
116,2022-12-22T00:00:00+05:30,1286.0,1298.0,1250.15,1265.55,608190,2.221368536686147,1297.1582901333893,1294.1958623194062,2.9624278139831404,9.064388913727687,47.84999999999991,27.049999999999955,20.799999999999955,47.84999999999991,43.39642857142855,672261.6,Sell
117,2022-12-23T00:00:00+05:30,1258.05,1262.4,1186.2,1209.85,937936,2.8667564054816124,1283.7262454974832,1287.948020666117,-4.221775168633712,6.407156097255407,76.20000000000005,3.1499999999998636,79.34999999999991,79.34999999999991,46.48928571428569,705733.55,Sell
118,2022-12-26T00:00:00+05:30,1210.0,1250.9,1207.25,1244.3,424014,2.925199403335165,1277.6606692671012,1284.7148339501082,-7.054164683007002,3.714891941202925,43.65000000000009,41.05000000000018,2.599999999999909,43.65000000000009,46.27499999999999,699635.15,Sell
119,2022-12-27T00:00:00+05:30,1250.0,1285.0,1247.5,1270.95,804190,2.8713783174567875,1276.628258610624,1283.6952166204705,-7.06695800984653,1.558521950993034,37.5,40.700000000000045,3.2000000000000455,40.700000000000045,46.810714285714276,713571.8,Sell
120,2022-12-28T00:00:00+05:30,1272.0,1274.9,1250.0,1254.4,484479,2.98413786411219,1273.2085265166818,1281.5252005745099,-8.316674057828095,-0.41651725077119184,24.90000000000009,3.9500000000000455,20.950000000000045,24.90000000000009,47.146428571428565,705084.75,Sell
121,2022-12-29T00:00:00+05:30,1254.4,1272.75,1241.15,1259.6,328518,3.0178480381630757,1271.1149070525769,1279.9011116430647,-8.786204590487841,-2.090454718714522,31.59999999999991,18.34999999999991,13.25,31.59999999999991,46.5,709806.8,Sell
122,2022-12-30T00:00:00+05:30,1265.9,1285.0,1264.1,1274.45,250586,2.9282801798747013,1271.6279982752574,1279.4973255954303,-7.869327320172943,-3.2462292390062064,20.90000000000009,25.40000000000009,4.5,25.40000000000009,46.5857142857143,679984.85,Sell
123,2023-01-02T00:00:00+05:30,1308.0,1331.95,1286.15,1317.55,1682597,2.8121132618790954,1278.6929216175254,1282.316042217991,-3.623120600465654,-3.321607511298096,45.799999999999955,57.5,11.700000000000045,57.5,42.85357142857145,721630.35,Sell
124,2023-01-03T00:00:00+05:30,1315.0,1351.0,1315.0,1336.1,1068908,2.8962761483102115,1287.5247798302137,1286.3000390907325,1.224740739481149,-2.4123378611422472,36.0,33.450000000000045,2.5499999999999545,36.0,43.33214285714288,755758.75,Buy
125,2023-01-04T00:00:00+05:30,1342.95,1347.45,1323.6,1333.55,605578,2.9747727637624193,1294.6055829332577,1289.8000361951226,4.805546738135035,-0.9687609412867907,23.850000000000136,11.350000000000136,12.5,23.850000000000136,40.57857142857146,768677.15,No Signal
126,2023-01-05T00:00:00+05:30,1339.75,1339.75,1318.0,1326.6,421447,3.0461639209769054,1299.5278009435258,1292.5259594399283,7.001841503597461,0.6253595476900596,21.75,6.2000000000000455,15.549999999999955,21.75,39.37142857142859,777656.35,No Signal
127,2023-01-06T00:00:00+05:30,1326.6,1344.0,1318.9,1326.6,495657,3.0615646032169104,1303.6927546445218,1295.049962444378,8.642792200143731,2.228846078180794,25.09999999999991,17.40000000000009,7.699999999999818,25.09999999999991,38.45000000000001,792293.85,No Signal
128,2023-01-09T00:00:00+05:30,1341.2,1353.0,1327.6,1348.1,502449,3.1102114080621632,1310.5246385453645,1298.9795948559056,11.545043689458907,4.092085600436417,25.40000000000009,26.40000000000009,1.0,26.40000000000009,38.37142857142859,809884.6,No Signal
129,2023-01-10T00:00:00+05:30,1348.05,1374.0,1342.5,1360.15,966180,3.039179373013546,1318.1593095383853,1303.5107359776903,14.648573560695013,6.203383192488136,31.5,25.90000000000009,5.599999999999909,31.5,36.82500000000001,686317.3,No Signal
130,2023-01-11T00:00:00+05:30,1367.8,1422.65,1362.0,1417.25,1762623,3.339277630362065,1333.4040311478645,1311.9358666460096,21.46816450185497,9.256339454361504,60.65000000000009,62.5,1.849999999999909,62.5,37.87142857142859,726718.45,No Signal
131,2023-01-12T00:00:00+05:30,1430.0,1430.6,1390.0,1396.7,1153415,3.7088419510910993,1343.1418725097315,1318.2146913388979,24.92718117083359,12.390507797655923,40.59999999999991,13.349999999999909,27.25,40.59999999999991,35.10357142857145,745917.65,No Signal
132,2023-01-13T00:00:00+05:30,1389.95,1399.7,1371.0,1376.7,520001,3.929737617301378,1348.3046613543881,1322.5469364249054,25.75772492948272,15.063951224021283,28.700000000000045,3.0,25.700000000000045,28.700000000000045,34.0357142857143,739408.45,No Signal
133,2023-01-16T00:00:00+05:30,1375.0,1390.0,1363.6,1367.2,250009,4.065218777258814,1351.211636530636,1325.8545707638013,25.357065766834694,17.122574132583967,26.40000000000009,13.299999999999955,13.100000000000136,26.40000000000009,33.014285714285734,716228.85,No Signal
134,2023-01-17T00:00:00+05:30,1370.05,1403.0,1364.05,1397.65,724473,4.194891254487238,1358.3560001413075,1331.1727507072235,27.18324943408402,19.134709192883978,38.950000000000045,35.799999999999955,3.150000000000091,38.950000000000045,34.01785714285716,729521.35,No Signal
135,2023-01-18T00:00:00+05:30,1402.5,1405.0,1386.05,1388.1,397384,4.2905471595277165,1362.9320001195679,1335.38958398817,27.542416131397886,20.81625058058676,18.950000000000045,7.349999999999909,11.600000000000136,18.950000000000045,33.11428571428574,719431.7,No Signal
136,2023-01-19T00:00:00+05:30,1379.0,1384.0,1360.45,1371.1,378360,4.289793419843589,1364.1886154857882,1338.0347999890462,26.153815496742027,21.883763563817816,23.549999999999955,4.099999999999909,27.649999999999864,27.649999999999864,33.27500000000001,707940.2,No Signal
137,2023-01-20T00:00:00+05:30,1368.0,1374.95,1339.0,1346.0,335914,3.8467875258714126,1361.390366949513,1338.6248148046725,22.765552144840512,22.060121280022358,35.950000000000045,3.8500000000001364,32.09999999999991,35.950000000000045,31.735714285714298,677839.1,No Signal
138,2023-01-23T00:00:00+05:30,1353.0,1387.75,1345.2,1383.7,520873,3.475034959165636,1364.8226181880495,1341.9637174117338,22.85890077631575,22.21987717928104,42.549999999999955,41.75,0.7999999999999545,42.549999999999955,32.203571428571436,682682.05,No Signal
139,2023-01-24T00:00:00+05:30,1369.45,1369.45,1316.25,1324.6,1282825,3.4191851711890378,1358.6345230821958,1340.6775161219757,17.957006960220042,21.36730313546884,53.200000000000045,14.25,67.45000000000005,67.45000000000005,35.31785714285714,706613.8,No Signal
140,2023-01-25T00:00:00+05:30,1319.65,1323.95,1275.35,1284.75,536238,3.308604635735093,1347.2676733772425,1336.5347371499774,10.7329362272651,19.240429753828092,48.600000000000136,0.6499999999998636,49.25,49.25,37.28214285714286,709201.75,No Signal
141,2023-01-27T00:00:00+05:30,1294.45,1296.65,1223.3,1255.4,433530,3.4227142819577088,1333.134185165359,1330.5247566203495,2.6094285450094503,15.914229512064365,73.35000000000014,11.900000000000091,61.450000000000045,73.35000000000014,40.72857142857145,714452.35,Sell
142,2023-01-30T00:00:00+05:30,1255.45,1272.45,1223.1,1233.7,419670,3.835358445284784,1317.8366182168422,1323.3525524262495,-5.515934209407305,11.628196767770032,49.350000000000136,17.049999999999955,32.30000000000018,49.350000000000136,42.36785714285717,722906.55,Sell
143,2023-01-31T00:00:00+05:30,1239.05,1253.25,1215.55,1233.15,667441,4.3178915315075,1304.8079077219434,1316.670881876157,-11.862974154213589,6.929962583373308,37.700000000000045,19.549999999999955,18.15000000000009,37.700000000000045,42.81071428571431,672148.75,Sell
144,2023-02-01T00:00:00+05:30,1248.0,1252.55,1178.1,1202.45,700831,5.118526607607228,1289.0605373031829,1308.2100758112565,-19.149538508073647,1.714062365083917,74.45000000000005,19.399999999999864,55.05000000000018,74.45000000000005,43.66428571428575,653744.9,Sell
145,2023-02-02T00:00:00+05:30,1202.6,1240.1,1191.0,1213.8,447078,5.530707895621574,1277.4819931026932,1301.2167368622745,-23.734743759581306,-3.3756988598491278,49.09999999999991,37.649999999999864,11.450000000000045,49.09999999999991,44.2714285714286,645819.9,Sell
146,2023-02-03T00:00:00+05:30,1226.6,1233.9,1197.0,1226.5,307741,5.776243313337873,1269.6386095484327,1295.6821637613652,-26.043554212932577,-7.909269930465818,36.90000000000009,20.100000000000136,16.799999999999955,36.90000000000009,44.85714285714289,640134.6,Sell
147,2023-02-06T00:00:00+05:30,1226.65,1265.45,1226.5,1258.05,449163,5.746154704880222,1267.8557465409815,1292.894596075338,-25.038849534356586,-11.335185851243972,38.950000000000045,38.950000000000045,0.0,38.950000000000045,45.753571428571455,637809.9,Sell
148,2023-02-07T00:00:00+05:30,1266.0,1266.65,1230.0,1233.55,416429,6.030640993006277,1262.5779393808305,1288.4987000697574,-25.920760688926975,-14.252300818780574,36.65000000000009,8.600000000000136,28.049999999999955,36.65000000000009,45.589285714285744,633508.9,Sell
149,2023-02-08T00:00:00+05:30,1235.95,1249.5,1228.6,1244.7,198248,6.030278739918862,1259.827487168395,1285.2543519164421,-25.426864748047137,-16.487213604633887,20.90000000000009,15.950000000000045,4.9500000000000455,20.90000000000009,45.72857142857146,595112.3,Sell
150,2023-02-09T00:00:00+05:30,1240.0,1250.0,1232.55,1234.5,121016,5.839813037204311,1255.9309506809495,1281.494770293002,-25.563819612052384,-18.30253480611759,17.450000000000045,5.2999999999999545,12.150000000000091,17.450000000000045,45.00000000000005,513031.95,Sell
151,2023-02-10T00:00:00+05:30,1230.0,1247.8,1226.1,1233.2,170808,5.644835132733895,1252.4338813454187,1277.9173799009277,-25.48349855550896,-19.73872755599586,21.700000000000045,13.299999999999955,8.400000000000091,21.700000000000045,43.982142857142904,463901.6,Sell
152,2023-02-13T00:00:00+05:30,1232.0,1246.0,1219.2,1221.9,159507,5.573770241225196,1247.7363611384312,1273.7679443527109,-26.031583214279635,-20.997298687652616,26.799999999999955,12.799999999999955,14.0,26.799999999999955,42.857142857142904,445876.9,Sell
153,2023-02-14T00:00:00+05:30,1222.5,1244.5,1213.35,1237.9,186711,5.3121429834989655,1246.2230748094419,1271.1110595858433,-24.88798477640148,-21.77543590540239,31.15000000000009,22.59999999999991,8.550000000000182,31.15000000000009,40.26428571428577,442712.0,Sell
154,2023-02-15T00:00:00+05:30,1237.0,1248.95,1232.55,1245.45,131612,4.775395026095574,1246.1041402233739,1269.2102403572624,-23.106100133888503,-22.041568751099614,16.40000000000009,11.049999999999955,5.350000000000136,16.40000000000009,37.9178571428572,413068.95,No Signal
155,2023-02-16T00:00:00+05:30,1246.0,1262.0,1240.15,1254.55,245136,4.179645795883911,1247.4035032659317,1268.1242966270947,-20.720793361163032,-21.7774136731123,21.84999999999991,16.549999999999955,5.2999999999999545,21.84999999999991,34.23928571428576,405456.55,No Signal
156,2023-02-17T00:00:00+05:30,1245.05,1254.0,1235.55,1240.25,141916,3.696781725981789,1246.3029643019422,1266.0595339139766,-19.756569612034355,-21.373244860896712,18.450000000000045,0.5499999999999545,19.0,19.0,32.071428571428605,393634.35,No Signal
157,2023-02-20T00:00:00+05:30,1240.25,1258.0,1230.0,1238.25,236553,3.2855439367694688,1245.064046717028,1263.9995684388673,-18.935521721839223,-20.885700233085217,28.0,17.75,10.25,28.0,31.37857142857146,388666.3,No Signal
158,2023-02-21T00:00:00+05:30,1236.1,1252.3,1228.0,1230.45,149283,2.1081896240961173,1242.8157318374854,1261.5144152211735,-18.69868338368815,-20.448296863205805,24.299999999999955,14.049999999999955,10.25,24.299999999999955,27.796428571428596,370086.8,No Signal
159,2023-02-22T00:00:00+05:30,1228.05,1228.05,1211.25,1220.55,183558,1.450457297834936,1239.3902346317184,1258.480014093679,-19.08977946196069,-20.17659338295678,16.799999999999955,2.400000000000091,19.200000000000045,19.200000000000045,25.660714285714317,315123.45,No Signal
160,2023-02-23T00:00:00+05:30,1218.95,1227.0,1201.1,1205.45,167369,1.2595379877398225,1234.1686600729925,1254.5518649015546,-20.383204828562157,-20.217915672077858,25.90000000000009,6.4500000000000455,19.450000000000045,25.90000000000009,24.875000000000032,296680.0,No Signal
161,2023-02-24T00:00:00+05:30,1211.8,1216.0,1200.6,1202.55,122675,1.3058794950954118,1229.3042508309936,1250.6998749088468,-21.3956240778532,-20.453457353232928,15.400000000000091,10.549999999999955,4.850000000000136,15.400000000000091,23.19285714285718,281137.25,No Signal
162,2023-02-27T00:00:00+05:30,1201.0,1201.0,1176.15,1184.0,207103,1.5882194201168376,1222.3343660877638,1245.7591434341175,-23.42477734635372,-21.04772135185709,24.84999999999991,1.5499999999999545,26.399999999999864,26.399999999999864,22.460714285714307,270508.9,No Signal
163,2023-02-28T00:00:00+05:30,1187.95,1214.95,1184.0,1208.55,468191,1.5930864090093966,1220.213694381954,1243.0029105871458,-22.789216205191906,-21.396020322524052,30.950000000000045,30.950000000000045,0.0,30.950000000000045,23.178571428571445,260546.4,No Signal
164,2023-03-01T00:00:00+05:30,1208.0,1216.85,1202.2,1206.15,148166,1.5771715435368094,1218.0500490924226,1240.2730653584683,-22.22301626604576,-21.561419511228394,14.649999999999864,8.299999999999955,6.349999999999909,14.649999999999864,22.97857142857143,232913.15,No Signal
165,2023-03-02T00:00:00+05:30,1209.05,1212.0,1194.0,1202.45,257579,1.6298912164586656,1215.6500415397422,1237.4713568133966,-21.821315273654363,-21.61339866371359,18.0,5.849999999999909,12.150000000000091,18.0,22.714285714285715,223438.2,No Signal
166,2023-03-03T00:00:00+05:30,1203.2,1213.2,1196.0,1198.4,279551,1.7170768135617738,1212.9961889951664,1234.5771822346264,-21.580993239459985,-21.60691757886287,17.200000000000045,10.75,6.4500000000000455,17.200000000000045,22.028571428571436,222028.7,No Signal
167,2023-03-06T00:00:00+05:30,1205.0,1224.65,1205.0,1210.4,173555,1.5921770429889646,1212.5967753036025,1232.7862798468764,-20.18950454327387,-21.323434971745073,19.65000000000009,26.25,6.599999999999909,26.25,21.678571428571427,208248.3,No Signal
168,2023-03-08T00:00:00+05:30,1209.95,1223.85,1197.0,1214.2,185425,1.5797833766948883,1212.8434252568945,1231.4095183767374,-18.56609311984289,-20.771966601364635,26.84999999999991,13.449999999999818,13.400000000000091,26.84999999999991,22.424999999999986,196698.1,No Signal
169,2023-03-09T00:00:00+05:30,1220.25,1236.85,1209.8,1215.1,395605,1.5176299946166256,1213.1905906019877,1230.2014059043865,-17.010815302398896,-20.019736341571488,27.049999999999955,22.649999999999864,4.400000000000091,27.049999999999955,22.79642857142856,206565.95,No Signal
170,2023-03-10T00:00:00+05:30,1211.0,1211.0,1194.35,1201.9,135642,1.5435399852911562,1211.4535766632202,1228.1050054670245,-16.651428803804265,-19.346074834018044,16.65000000000009,4.099999999999909,20.75,20.75,22.92142857142856,207297.25,No Signal
171,2023-03-13T00:00:00+05:30,1201.0,1205.65,1170.0,1177.1,195545,1.7310932794816005,1206.1684110227247,1224.3268569139116,-18.15844589118683,-19.108549045451802,35.65000000000009,3.75,31.90000000000009,35.65000000000009,23.467857142857138,208534.1,No Signal
172,2023-03-14T00:00:00+05:30,1177.15,1184.25,1164.55,1176.95,177237,1.8755342273631566,1201.6732708653824,1220.8174601054736,-19.144189240091237,-19.11567708437969,19.700000000000045,7.150000000000091,12.549999999999955,19.700000000000045,23.139285714285716,209420.6,No Signal
173,2023-03-15T00:00:00+05:30,1187.0,1195.4,1171.3,1177.25,132899,1.928809602473004,1197.9158445784005,1217.5902408384015,-19.674396260001004,-19.227420919503952,24.100000000000136,18.450000000000045,5.650000000000091,24.100000000000136,23.489285714285725,206730.0,No Signal
174,2023-03-16T00:00:00+05:30,1183.0,1186.55,1156.8,1177.2,189152,1.8945365715728844,1194.728791566339,1214.5983711466681,-19.869579580329173,-19.355852651668997,29.75,9.299999999999955,20.450000000000045,29.75,23.764285714285716,209607.0,No Signal
175,2023-03-17T00:00:00+05:30,1184.65,1189.95,1174.5,1185.35,132628,1.6683628460462556,1193.285900556133,1212.4318251358038,-19.14592457967092,-19.313867037269382,15.450000000000045,12.75,2.7000000000000455,15.450000000000045,23.767857142857142,203981.6,No Signal
176,2023-03-20T00:00:00+05:30,1180.35,1184.5,1169.0,1180.95,242565,1.5574581307991622,1191.3880697013433,1210.0998380887072,-18.711768387363918,-19.19344730728829,15.5,0.849999999999909,16.34999999999991,16.34999999999991,23.050000000000004,209014.05,No Signal
177,2023-03-21T00:00:00+05:30,1180.95,1221.85,1180.95,1213.85,365952,1.3574781852816031,1194.843751285752,1210.3776278599141,-15.53387657416215,-18.461533160663063,40.899999999999864,40.899999999999864,0.0,40.899999999999864,23.760714285714275,215484.0,Buy
178,2023-03-22T00:00:00+05:30,1216.0,1219.75,1201.0,1203.2,97067,1.2318898206935576,1196.129328011021,1209.8459517221427,-13.716623711121656,-17.51255127075478,18.75,5.900000000000091,12.849999999999909,18.75,24.053571428571427,212873.2,Buy
179,2023-03-23T00:00:00+05:30,1202.15,1226.4,1195.2,1221.9,276660,1.2220711631578935,1200.0940467785563,1210.7388441871692,-10.64479740861293,-16.13900049832641,31.200000000000045,23.200000000000045,8.0,31.200000000000045,24.996428571428574,217528.3,Buy
180,2023-03-24T00:00:00+05:30,1224.0,1232.95,1210.1,1223.2,423322,1.2987661576306417,1203.6488088126246,1211.6618927658974,-8.013083953272826,-14.513817189315695,22.850000000000136,11.049999999999955,11.800000000000182,22.850000000000136,25.40000000000001,230325.95,Buy
181,2023-03-27T00:00:00+05:30,1226.15,1229.9,1211.0,1218.8,217959,1.3521761074178806,1205.97976130299,1212.190641449905,-6.21088014691486,-12.853229780835528,18.90000000000009,6.7000000000000455,12.200000000000045,18.90000000000009,24.875000000000018,235090.15,Buy
182,2023-03-28T00:00:00+05:30,1215.5,1223.75,1210.85,1215.25,165792,1.3478784464047309,1207.4059518717609,1212.4172606017637,-5.011308730002838,-11.28484557066899,12.900000000000091,4.9500000000000455,7.9500000000000455,12.900000000000091,23.87857142857146,233024.6,Buy
183,2023-03-29T00:00:00+05:30,1210.0,1234.0,1210.0,1229.15,192871,1.4208707232003368,1210.7511900453362,1213.6567227794108,-2.9055327340745407,-9.608983003350101,24.0,18.75,5.25,24.0,23.660714285714317,219258.6,Buy
184,2023-03-31T00:00:00+05:30,1230.0,1252.0,1229.0,1246.45,219653,1.6084967155112297,1216.243314653746,1216.0858544253804,0.1574602283656077,-7.6556943570069595,23.0,22.84999999999991,0.15000000000009095,23.0,23.821428571428605,222832.95,Buy
185,2023-04-03T00:00:00+05:30,1246.45,1254.0,1236.2,1247.55,101135,1.7818703310901802,1221.059727783939,1218.4165318753521,2.643195908586904,-5.595916303888187,17.799999999999955,7.5499999999999545,10.25,17.799999999999955,22.546428571428596,215010.75,No Signal
186,2023-04-05T00:00:00+05:30,1244.2,1276.9,1240.1,1270.95,204170,2.0726104363318543,1228.7351542787176,1222.3078998845854,6.427254394132206,-3.191282164284109,36.80000000000018,29.350000000000136,7.4500000000000455,36.80000000000018,23.767857142857174,211241.7,Buy
187,2023-04-06T00:00:00+05:30,1269.0,1282.9,1253.95,1259.85,158543,2.268079241106919,1233.5220536204533,1225.088796189431,8.433257431022412,-0.8663742452228052,28.950000000000045,11.950000000000045,17.0,28.950000000000045,24.11428571428574,210491.1,Buy
188,2023-04-10T00:00:00+05:30,1250.65,1269.95,1250.65,1264.85,125481,2.4396252467850617,1238.3417376788452,1228.0340705457693,10.307667133075938,1.3684340304369438,19.299999999999955,10.100000000000136,9.199999999999818,19.299999999999955,23.367857142857165,207493.9,No Signal
189,2023-04-11T00:00:00+05:30,1268.35,1286.9,1265.2,1278.5,234867,2.6542634209828377,1244.5199318820999,1231.772287542379,12.747644339720864,3.6442760922937283,21.700000000000045,22.050000000000182,0.3500000000001364,22.050000000000182,23.839285714285747,199457.0,Buy
190,2023-04-12T00:00:00+05:30,1278.25,1279.0,1258.1,1262.75,131497,2.777731986497877,1247.3245577463922,1234.0669329096102,13.257624836782043,5.566945841191392,20.90000000000009,0.5,20.40000000000009,20.90000000000009,24.16428571428576,199249.75,Buy
191,2023-04-13T00:00:00+05:30,1261.0,1275.4,1259.9,1266.05,130255,2.747187573903231,1250.205395016178,1236.4360489903797,13.769346025798313,7.207425878112777,15.5,12.650000000000091,2.849999999999909,15.5,22.350000000000055,195985.25,No Signal
192,2023-04-17T00:00:00+05:30,1266.05,1266.05,1232.75,1245.0,205702,2.651684180333904,1249.404565013689,1237.070415731833,12.334149281856071,8.232770558861436,33.299999999999955,0.0,33.299999999999955,33.299999999999955,23.389285714285766,197408.5,No Signal
193,2023-04-18T00:00:00+05:30,1244.25,1244.6,1178.0,1212.7,1003082,2.5524367844059164,1243.7577088577368,1235.2651997516973,8.492509106039506,8.28471826829705,66.59999999999991,0.40000000000009095,67.0,67.0,25.94642857142862,240917.65,Buy
194,2023-04-19T00:00:00+05:30,1214.3,1221.8,1186.0,1193.25,671920,2.4857730541777294,1235.9872921103927,1232.152962733053,3.8343293773396,7.3946404901055605,35.799999999999955,9.099999999999909,26.700000000000045,35.799999999999955,26.871428571428606,265056.05,Sell
195,2023-04-20T00:00:00+05:30,1179.0,1248.35,1172.0,1232.3,2705983,2.2365086148265063,1235.4200164011015,1232.1638543824565,3.256162018645,6.566944795813448,76.34999999999991,55.09999999999991,21.25,76.34999999999991,30.975000000000023,393723.8,Sell
196,2023-04-21T00:00:00+05:30,1229.8,1245.0,1200.6,1240.9,809633,1.9779993117834713,1236.263090800932,1232.8109762800523,3.4521145208798316,5.943978740826726,44.40000000000009,12.700000000000045,31.700000000000045,44.40000000000009,33.22500000000002,422077.2,Sell
197,2023-04-24T00:00:00+05:30,1244.0,1262.35,1230.05,1254.1,546831,1.9269843139867577,1239.0072306777117,1234.3879410000484,4.619289677663346,5.67904092819405,32.299999999999955,21.449999999999818,10.850000000000136,32.299999999999955,33.817857142857164,431121.15,Sell
198,2023-04-25T00:00:00+05:30,1254.95,1258.0,1233.2,1236.25,384412,1.8319597849680205,1238.583041342679,1234.5258712963412,4.0571700463378875,5.354666751822818,24.799999999999955,3.900000000000091,20.899999999999864,24.799999999999955,33.94642857142859,445488.4,Sell
199,2023-04-26T00:00:00+05:30,1231.25,1247.0,1220.4,1244.4,284299,1.784316551392085,1239.47795805919,1235.257288237353,4.220669821837191,5.127867365825693,26.59999999999991,10.75,15.849999999999909,26.59999999999991,34.57500000000001,445870.35,Sell
200,2023-04-27T00:00:00+05:30,1242.0,1258.0,1240.0,1249.3,324668,1.7447569993355732,1240.9890414346994,1236.29748910866,4.6915523260393,5.040604357868414,18.0,13.599999999999909,4.400000000000091,18.0,33.232142857142854,440937.65,Sell
201,2023-04-28T00:00:00+05:30,1259.0,1278.0,1255.15,1269.5,387631,1.7118279444454714,1245.375342752438,1238.7569343598705,6.618408392567517,5.356165164808235,22.84999999999991,28.700000000000045,5.850000000000136,28.700000000000045,33.214285714285715,449421.25,Buy
202,2023-05-02T00:00:00+05:30,1269.0,1271.4,1250.35,1256.95,246846,1.639045242694697,1247.156059252063,1240.104568851732,7.051490400330977,5.695230211912784,21.050000000000182,1.900000000000091,19.15000000000009,21.050000000000182,33.33928571428573,453473.95,Buy
203,2023-05-03T00:00:00+05:30,1250.1,1254.05,1235.0,1238.3,258337,1.636051100111078,1245.7935885978993,1239.970897084937,5.822691512962365,5.7207224721227,19.049999999999955,2.900000000000091,21.950000000000045,21.950000000000045,33.33214285714286,456747.25,Buy
204,2023-05-04T00:00:00+05:30,1240.0,1249.25,1230.0,1234.85,197613,1.6589570422406603,1244.109959582838,1239.5915713749416,4.518388207896351,5.480255619277431,19.25,10.950000000000045,8.299999999999955,19.25,33.214285714285715,455645.25,Sell
205,2023-05-05T00:00:00+05:30,1234.85,1241.8,1225.0,1231.85,147489,1.688417335008933,1242.223811954709,1239.0181216434644,3.2056903112445525,5.0253425576708555,16.799999999999955,6.9500000000000455,9.849999999999909,16.799999999999955,33.30714285714286,457962.95,Sell
206,2023-05-08T00:00:00+05:30,1234.0,1243.95,1226.1,1228.2,445652,1.6621979199895325,1240.0663024232153,1238.216779299504,1.8495231237113785,4.39017867087896,17.850000000000136,12.100000000000136,5.75,17.850000000000136,32.203571428571436,470037.05,Sell
207,2023-05-09T00:00:00+05:30,1232.0,1304.9,1228.9,1299.7,1740003,1.8183144565195475,1249.2407174350283,1242.771091943985,6.469625491043189,4.806068034911807,76.0,76.70000000000005,0.7000000000000455,76.70000000000005,32.89642857142859,549110.05,Buy
208,2023-05-10T00:00:00+05:30,1310.0,1310.0,1273.0,1276.55,571544,1.8984970086297503,1253.442145521947,1245.2732332814676,8.168912240479358,5.478636876025317,37.0,10.299999999999955,26.700000000000045,37.0,32.982142857142875,571413.2,Buy
209,2023-05-11T00:00:00+05:30,1278.0,1296.1,1270.0,1277.4,520448,1.8915386730384713,1257.1279692878013,1247.6529937791368,9.474975508664556,6.277904602553165,26.09999999999991,19.549999999999955,6.5499999999999545,26.09999999999991,29.39285714285716,585692.25,No Signal
210,2023-05-12T00:00:00+05:30,1277.4,1286.4,1250.35,1254.05,200541,1.9099072283924157,1256.6544355512165,1248.1268460917934,8.527589459423098,6.727841573927152,36.05000000000018,9.0,27.050000000000182,36.05000000000018,28.796428571428596,589144.45,No Signal
211,2023-05-15T00:00:00+05:30,1254.05,1273.05,1248.65,1254.75,466435,1.881730174408481,1256.361445466414,1248.6174500849938,7.7439953814200635,6.931072335425735,24.399999999999864,19.0,5.399999999999864,24.399999999999864,28.232142857142872,605953.45,No Signal
212,2023-05-16T00:00:00+05:30,1260.0,1260.0,1240.1,1245.65,313277,1.8953366945569368,1254.7135307792732,1248.397638967587,6.315891811686242,6.808036230677836,19.90000000000009,5.25,14.650000000000091,19.90000000000009,27.882142857142885,611332.2,No Signal
213,2023-05-17T00:00:00+05:30,1245.45,1252.0,1227.0,1235.55,285053,1.813556057826245,1251.7652952747696,1247.445962007025,4.319333267744696,6.310295638091208,25.0,6.349999999999909,18.65000000000009,25.0,27.767857142857174,575430.75,No Signal
214,2023-05-18T00:00:00+05:30,1237.05,1244.55,1217.0,1221.2,180190,1.598328613244556,1247.0629421555743,1245.5018166731713,1.5611254824029857,5.360461606953564,27.549999999999955,9.0,18.549999999999955,27.549999999999955,28.450000000000028,550844.25,No Signal
215,2023-05-19T00:00:00+05:30,1229.0,1245.3,1210.8,1233.2,690996,1.579552864738473,1244.9301818239476,1244.5905709936771,0.3396108302704306,4.356291451616937,34.5,24.09999999999991,10.400000000000091,34.5,28.86428571428574,450094.9,No Signal
216,2023-05-22T00:00:00+05:30,1235.95,1240.25,1223.0,1226.4,502433,1.6359001880088726,1242.0793846202632,1243.2431212904419,-1.1637366701786505,3.25228582725782,17.25,7.0499999999999545,10.200000000000045,17.25,28.592857142857156,434734.9,No Signal
217,2023-05-23T00:00:00+05:30,1225.0,1244.6,1222.0,1242.25,374799,1.6148680237735877,1242.1056331402226,1243.1695567504091,-1.0639236101865208,2.389043939768952,22.59999999999991,18.199999999999818,4.400000000000091,22.59999999999991,28.639285714285716,426133.3,No Signal
218,2023-05-24T00:00:00+05:30,1242.1,1262.0,1235.2,1259.75,506662,1.5904637050230037,1244.8201511186498,1244.3977377318604,0.42241338678945795,1.9957178291730533,26.799999999999955,19.75,7.0499999999999545,26.799999999999955,29.178571428571427,432245.8,No Signal
219,2023-05-25T00:00:00+05:30,1270.0,1271.05,1245.15,1260.75,430034,1.59998595611027,1247.270897100396,1245.6090164183893,1.6618806820067675,1.9289503997397963,25.899999999999864,11.299999999999955,14.599999999999909,25.899999999999864,29.828571428571422,439532.55,No Signal
220,2023-05-26T00:00:00+05:30,1266.0,1275.75,1257.8,1270.5,268601,1.6288080856648461,1250.8446052387967,1247.4527929799901,3.391812258806567,2.2215227715531505,17.950000000000045,15.0,2.9500000000000455,17.950000000000045,29.83571428571427,436729.2,No Signal
221,2023-05-29T00:00:00+05:30,1271.05,1285.0,1268.2,1278.25,195053,1.6581328549443946,1255.0608198174434,1249.734067574065,5.326752243378451,2.842568665918211,16.799999999999955,14.5,2.2999999999999545,16.799999999999955,25.55714285714284,427100.3,No Signal
222,2023-05-30T00:00:00+05:30,1277.0,1287.0,1265.0,1274.7,242783,1.7107314864890069,1258.0822321532214,1251.583395901912,6.498836251309513,3.5738221829964716,22.0,8.75,13.25,22.0,24.485714285714266,426897.15,No Signal
223,2023-05-31T00:00:00+05:30,1268.0,1301.0,1268.0,1298.25,399837,1.8350534842923336,1264.2618887450335,1255.0401813906592,9.221707354374303,4.703399217272038,33.0,26.299999999999955,6.7000000000000455,33.0,24.978571428571417,433972.15,No Signal
224,2023-06-01T00:00:00+05:30,1298.25,1346.75,1298.25,1334.0,716301,2.181414201670368,1274.9908289381053,1260.889056843203,14.101772094902344,6.5830737927981,48.5,48.5,0.0,48.5,25.867857142857115,459906.55,No Signal
225,2023-06-02T00:00:00+05:30,1330.0,1373.0,1326.1,1367.35,779360,2.698258812270302,1289.1999321783967,1268.7750526325954,20.424879545801332,9.351434943398747,46.90000000000009,39.0,7.900000000000091,46.90000000000009,27.47499999999999,491500.1,No Signal
226,2023-06-05T00:00:00+05:30,1369.95,1391.0,1360.0,1383.0,439351,3.1752334890053033,1303.6307118432587,1277.2361598449957,26.39455199826307,12.760058354371612,31.0,23.65000000000009,7.349999999999909,31.0,28.267857142857128,491185.05,No Signal
227,2023-06-06T00:00:00+05:30,1383.0,1421.0,1371.85,1407.7,680260,3.756439279403169,1319.6413715596805,1286.9001480046256,32.74122355505483,16.756291394508256,49.15000000000009,38.0,11.150000000000091,49.15000000000009,29.992857142857133,438197.9,Buy
228,2023-06-07T00:00:00+05:30,1405.0,1452.0,1404.0,1446.25,1101503,4.466847723577326,1339.1196220889603,1298.7038407450236,40.415781343936715,21.488189384393948,48.0,44.299999999999955,3.7000000000000455,48.0,31.453571428571422,464695.85,Buy
229,2023-06-08T00:00:00+05:30,1473.45,1494.95,1402.7,1414.25,2801595,4.97440905019434,1350.6781417675818,1307.2628155046516,43.41532626293019,25.873616760101196,92.25,48.700000000000045,43.549999999999955,92.25,35.57857142857142,578753.2,Buy
230,2023-06-09T00:00:00+05:30,1425.25,1474.95,1410.8,1469.75,1464086,5.416200326823923,1368.996889187954,1319.2989032450478,49.69798594290614,30.638490596662187,64.15000000000009,60.700000000000045,3.4500000000000455,64.15000000000009,38.92857142857143,641930.45,Buy
231,2023-06-12T00:00:00+05:30,1476.0,1487.4,1447.1,1478.55,643162,5.9077097038483855,1385.8512139282686,1331.0952807824517,54.755933145816925,35.46197910649314,40.30000000000018,17.65000000000009,22.65000000000009,40.30000000000018,40.192857142857164,650766.8,Buy
232,2023-06-13T00:00:00+05:30,1478.55,1615.1,1476.05,1598.4,4728989,6.6175954537751895,1418.5510271700734,1350.895630354122,67.65539681595146,41.90066264838481,139.04999999999995,136.54999999999995,2.5,139.04999999999995,48.2107142857143,871552.4,Buy
233,2023-06-14T00:00:00+05:30,1610.0,1674.0,1600.05,1639.8,4588929,7.500524236584551,1452.5893306823698,1372.2959540315944,80.29337665077537,49.57920544886292,73.95000000000005,75.59999999999991,1.6499999999998636,75.59999999999991,51.76071428571431,1086746.2,Buy
234,2023-06-15T00:00:00+05:30,1635.0,1650.0,1610.0,1629.25,1165402,8.1649652441731,1479.7678951927744,1391.3295870662912,88.43830812648321,57.35102598438698,40.0,10.200000000000045,29.799999999999955,40.0,53.3357142857143,1136006.8,Buy
235,2023-06-16T00:00:00+05:30,1632.0,1660.35,1625.0,1629.95,707473,8.593402713015024,1502.872834393886,1409.005173209529,93.86766118435708,64.654353024381,35.34999999999991,31.09999999999991,4.25,35.34999999999991,54.6607142857143,1136830.65,Buy
236,2023-06-19T00:00:00+05:30,1635.0,1648.95,1579.55,1592.0,1144794,8.837899818411135,1516.5847060255958,1422.5603455643786,94.02436046121716,70.52835451174823,69.40000000000009,19.0,50.40000000000009,69.40000000000009,58.04642857142859,1168948.7,Buy
237,2023-06-20T00:00:00+05:30,1599.0,1623.45,1592.35,1620.0,571875,8.75418321314637,1532.4947512524272,1437.1855051522025,95.30924610022475,75.48453282944354,31.100000000000136,31.450000000000045,0.34999999999990905,31.450000000000045,57.93571428571431,1178802.5,Buy
238,2023-06-21T00:00:00+05:30,1621.0,1630.0,1587.05,1605.55,586876,8.763819645766647,1543.7340202905154,1449.6569492150022,94.07707107551323,79.20304047865748,42.950000000000045,10.0,32.950000000000045,42.950000000000045,57.53928571428575,1182813.2,Buy
239,2023-06-22T00:00:00+05:30,1613.55,1622.25,1571.0,1579.5,524511,8.618644093805978,1549.2364787073593,1459.274952976854,89.9615257305054,81.35473752902708,51.25,16.700000000000045,34.549999999999955,51.25,57.85000000000002,1187537.05,Buy
240,2023-06-23T00:00:00+05:30,1580.45,1589.45,1556.35,1560.0,559424,8.30103679445328,1550.8924050600733,1466.7360675711611,84.15633748891219,81.9150575210041,33.100000000000136,9.950000000000045,23.15000000000009,33.100000000000136,58.000000000000036,1202078.2,Buy
241,2023-06-26T00:00:00+05:30,1547.5,1579.9,1529.75,1564.55,695062,7.769884830901816,1552.9935735123697,1473.9815440473715,79.01202946499825,81.33445190980294,50.15000000000009,19.90000000000009,30.25,50.15000000000009,58.071428571428605,1227078.65,Sell
242,2023-06-27T00:00:00+05:30,1568.2,1579.0,1550.0,1564.0,337214,7.080957089356776,1554.686869895082,1480.6495778216402,74.0372920734419,79.87501994253074,29.0,14.450000000000045,14.549999999999955,29.0,56.714285714285744,1231800.2,Sell
243,2023-06-28T00:00:00+05:30,1573.0,1592.0,1560.4,1581.0,382136,6.3208022606999394,1558.735043757377,1488.0829424274446,70.65210132993252,78.0304362200111,31.59999999999991,28.0,3.599999999999909,31.59999999999991,52.38214285714288,1230915.15,Sell
244,2023-06-30T00:00:00+05:30,1588.0,1609.0,1517.0,1599.0,1353126,5.6696301490008505,1564.9296524100882,1496.2990207661524,68.63063164393589,76.15047530479606,92.0,28.0,64.0,92.0,54.37142857142859,1262756.4,Sell
245,2023-07-03T00:00:00+05:30,1605.9,1613.7,1581.25,1591.0,462222,5.159261013643501,1568.9404751162285,1503.3139081168076,65.6265669994209,74.04569364372104,32.450000000000045,14.700000000000045,17.75,32.450000000000045,53.8107142857143,1246899.5,Sell
246,2023-07-04T00:00:00+05:30,1590.2,1595.0,1539.1,1545.0,335748,4.686108785886535,1565.257325098347,1506.401766774822,58.8555583235252,71.00766657968187,55.90000000000009,4.0,51.90000000000009,55.90000000000009,47.87142857142859,1241719.35,No Signal
247,2023-07-05T00:00:00+05:30,1550.0,1554.95,1530.6,1544.95,443420,4.116352688843124,1562.133121237063,1509.2571914581683,52.875929778894715,67.38131921952444,24.350000000000136,9.950000000000045,14.400000000000091,24.350000000000136,44.210714285714324,1229877.35,No Signal
248,2023-07-06T00:00:00+05:30,1539.05,1555.7,1531.6,1535.0,448238,3.7711503386108745,1557.9587948928995,1511.1640661649708,46.794728727928714,63.2640011212053,24.100000000000136,10.75,13.350000000000136,24.100000000000136,43.075000000000045,1197214.1,No Signal
249,2023-07-07T00:00:00+05:30,1544.6,1567.0,1525.55,1551.0,1168077,2.944782426784421,1556.8882110632226,1514.1148760786766,42.773334984545954,59.16586789387343,41.450000000000045,32.0,9.450000000000045,41.450000000000045,43.51071428571434,1115538.2,No Signal
250,2023-07-10T00:00:00+05:30,1557.75,1557.75,1529.65,1535.0,476576,2.592409660782662,1553.520793976573,1515.661922295071,37.85887168150202,54.904468651399156,28.09999999999991,6.75,21.34999999999991,28.09999999999991,40.560714285714326,1066162.7,No Signal
251,2023-07-11T00:00:00+05:30,1550.0,1649.0,1547.0,1638.45,5041954,2.115935245236381,1566.5868256724848,1524.757335458399,41.82949021408581,52.28947296393649,102.0,114.0,12.0,114.0,46.4571428571429,1286102.3,No Signal
252,2023-07-12T00:00:00+05:30,1651.0,1659.9,1605.0,1606.0,974530,2.1707532242176386,1572.650390953641,1530.7753106096286,41.875080344012304,50.20659443995166,54.90000000000009,21.450000000000045,33.450000000000045,54.90000000000009,47.310714285714326,1098379.35,No Signal
253,2023-07-13T00:00:00+05:30,1612.0,1615.55,1564.2,1594.0,1227728,2.0412780520169327,1575.9349461915424,1535.4586209348413,40.4763252567011,48.26054060330155,51.34999999999991,9.549999999999955,41.799999999999955,51.34999999999991,47.31785714285718,930319.3,No Signal
254,2023-07-14T00:00:00+05:30,1599.0,1637.0,1585.0,1624.0,1307581,1.9806943847515226,1583.329569854382,1542.0172416063344,41.312328248047606,46.870898132250765,52.0,43.0,9.0,52.0,48.667857142857166,937428.25,No Signal
255,2023-07-17T00:00:00+05:30,1630.0,1630.0,1596.5,1602.0,633770,1.909340249624154,1586.2019437229387,1546.4604088947542,39.74153482818451,45.44502547143752,33.5,6.0,27.5,33.5,47.47857142857145,933743.1,No Signal
256,2023-07-18T00:00:00+05:30,1603.95,1642.0,1593.6,1603.4,938478,1.9269238388057128,1588.8477985347943,1550.6781563840316,38.169642150762684,43.989948807302554,48.40000000000009,40.0,8.400000000000091,48.40000000000009,48.86428571428574,923427.3,No Signal
257,2023-07-19T00:00:00+05:30,1612.0,1632.25,1609.0,1618.0,755717,1.901754682168429,1593.3327526063645,1555.664959614844,37.6677929915204,42.72551764414612,23.25,28.84999999999991,5.599999999999909,28.84999999999991,48.667857142857166,932619.4,No Signal
258,2023-07-20T00:00:00+05:30,1601.0,1647.15,1585.85,1605.0,2055388,1.9157968764433184,1595.127713743847,1559.3194070507816,35.80830669306533,41.342075453929965,61.30000000000018,29.15000000000009,32.15000000000009,61.30000000000018,46.47500000000004,1006045.0,No Signal
259,2023-07-21T00:00:00+05:30,1599.0,1607.95,1573.7,1591.2,917426,1.9362029269308554,1594.5234500909473,1561.6809324544274,32.842517636519915,39.64216389044796,34.25,2.9500000000000455,31.299999999999955,34.25,46.60357142857146,1025690.75,No Signal
260,2023-07-24T00:00:00+05:30,1588.0,1631.0,1569.3,1620.0,844895,1.938581586596978,1598.4429193077247,1566.0008633837292,32.44205592399544,38.20214229715746,61.700000000000045,39.799999999999955,21.90000000000009,61.700000000000045,47.017857142857174,1039964.3,No Signal
261,2023-07-25T00:00:00+05:30,1631.25,1637.75,1602.0,1613.9,375127,1.957984518358124,1600.820931721921,1569.548947577527,31.271984144393855,36.81611066660474,35.75,17.75,18.0,35.75,47.83214285714288,1023967.55,No Signal
262,2023-07-26T00:00:00+05:30,1614.0,1693.8,1614.0,1668.2,2951290,2.1422652111171767,1611.1869422262407,1576.8564329421547,34.33050928408602,36.318990390101,79.79999999999995,79.89999999999986,0.09999999999990905,79.89999999999986,51.81785714285714,1154671.35,Sell
263,2023-07-27T00:00:00+05:30,1675.25,1736.0,1651.0,1733.8,1831035,2.7337991096140293,1630.0504895760498,1588.481882353847,41.5686072222029,37.36891375652138,85.0,67.79999999999995,17.200000000000045,85.0,54.92857142857143,1227116.3,Buy
264,2023-07-28T00:00:00+05:30,1733.0,1779.8,1724.05,1774.0,1794188,3.4482689393365558,1652.1965681028114,1602.2239651424509,49.97260296036052,39.88965159728921,55.75,46.0,9.75,55.75,56.90357142857143,1249169.4,Buy
265,2023-07-31T00:00:00+05:30,1779.95,1803.5,1755.0,1798.0,858336,4.116114343955711,1674.6278653177635,1616.7258936504174,57.90197166734606,43.492115611300584,48.5,29.5,19.0,48.5,52.22500000000001,1268975.1,Buy
266,2023-08-01T00:00:00+05:30,1799.95,1821.5,1745.4,1748.95,870249,4.40888485520532,1686.0620398842614,1626.5202718985347,59.541767985726665,46.7020460861858,76.09999999999991,23.5,52.59999999999991,76.09999999999991,53.73928571428571,1295700.15,Buy
267,2023-08-02T00:00:00+05:30,1754.25,1788.0,1700.25,1714.25,1809493,4.465146686713153,1690.3986491328365,1633.018770276421,57.37987885641542,48.837612640231725,87.75,39.049999999999955,48.700000000000045,87.75,56.339285714285715,1364003.8,Buy
268,2023-08-03T00:00:00+05:30,1712.9,1737.8,1676.2,1687.0,1157563,4.337682432699528,1689.875780035477,1637.017379885575,52.858400149901854,49.641770142165754,61.59999999999991,23.549999999999955,38.049999999999955,61.59999999999991,57.02499999999999,1399470.05,Buy
269,2023-08-04T00:00:00+05:30,1700.0,1709.95,1682.7,1691.65,515111,4.15183961602954,1690.148736953096,1641.0642406347918,49.08449631830422,49.53031537739345,27.25,22.950000000000045,4.2999999999999545,27.25,56.57857142857142,1366821.75,Sell
270,2023-08-07T00:00:00+05:30,1693.3,1712.0,1683.0,1696.0,1114042,3.8318199313839694,1691.0489312680043,1645.1335561433257,45.915375124678576,48.807327326850476,29.0,20.34999999999991,8.650000000000091,29.0,55.19285714285713,1398695.05,Sell
271,2023-08-08T00:00:00+05:30,1706.0,1706.0,1678.0,1684.35,761031,3.855811911523288,1690.0183264575421,1648.0384779104868,41.979848547055326,47.44183157089145,28.0,10.0,18.0,28.0,55.13214285714285,1184648.9,Sell
272,2023-08-09T00:00:00+05:30,1684.45,1714.35,1684.45,1692.0,764105,3.7683966699613443,1690.323199310228,1651.2948869541544,39.02831235607346,45.759127727927854,29.899999999999864,30.0,0.10000000000013642,30.0,52.89642857142855,1174127.65,Sell
273,2023-08-10T00:00:00+05:30,1693.2,1703.2,1654.85,1669.35,486233,3.6744681719423506,1687.0965532625005,1652.6323027353283,34.464250527172226,43.50015228777673,48.350000000000136,11.200000000000045,37.15000000000009,48.350000000000136,53.90357142857142,1137052.9,Sell
274,2023-08-11T00:00:00+05:30,1674.15,1724.0,1673.25,1683.0,1197872,3.5848356686716314,1686.466314299039,1654.8817617919706,31.584552507068338,41.11703233163505,50.75,54.65000000000009,3.900000000000091,54.65000000000009,53.39999999999999,1131567.45,Sell
275,2023-08-14T00:00:00+05:30,1683.65,1714.95,1654.15,1700.0,941879,3.4149382692529056,1688.5484197914946,1658.223853511084,30.324566280410636,38.958539121390174,60.799999999999955,31.950000000000045,28.84999999999991,60.799999999999955,55.1892857142857,1146972.9,Sell
276,2023-08-16T00:00:00+05:30,1708.05,1723.5,1685.0,1702.0,906084,3.253030159594698,1690.617893669726,1661.4665310287814,29.151362640944626,36.99710382530107,38.5,23.5,15.0,38.5,52.232142857142854,1145353.2,No Signal
277,2023-08-17T00:00:00+05:30,1709.1,1721.8,1693.25,1699.0,703471,3.129034833833039,1691.9074484897683,1664.2467879896124,27.660660500155927,35.12981516027204,28.549999999999955,19.799999999999955,8.75,28.549999999999955,48.199999999999996,1142740.9,No Signal
278,2023-08-18T00:00:00+05:30,1700.3,1704.0,1677.3,1693.0,562317,2.917199124942332,1692.0755333374962,1666.3766555459374,25.698877791558743,33.24362768652938,26.700000000000045,5.0,21.700000000000045,26.700000000000045,46.125,1068087.35,No Signal
279,2023-08-21T00:00:00+05:30,1701.0,1719.9,1692.0,1707.0,989136,2.532625949469612,1694.3716051317276,1669.3857921721642,24.985812959563418,31.592064741136188,27.90000000000009,26.90000000000009,1.0,27.90000000000009,44.65357142857143,1071672.85,No Signal
280,2023-08-22T00:00:00+05:30,1710.5,1787.0,1708.05,1782.6,1974993,2.4080833104669503,1707.9452043422311,1677.772029789041,30.173174553190165,31.308286703546983,78.95000000000005,80.0,1.0499999999999545,80.0,44.93214285714287,1128177.75,No Signal
281,2023-08-23T00:00:00+05:30,1786.85,1831.8,1770.05,1813.0,2085618,2.3887510136887613,1724.1074805972726,1687.7889164713342,36.31856412593834,32.31034218802525,61.75,49.200000000000045,12.549999999999955,61.75,43.07500000000001,1213702.3,No Signal
282,2023-08-24T00:00:00+05:30,1828.65,1857.9,1801.8,1825.0,1432647,2.628878044497616,1739.6294066592307,1697.9527004364206,41.676706222810026,34.18361499498221,56.100000000000136,44.90000000000009,11.200000000000045,56.100000000000136,42.682142857142885,1137770.15,No Signal
283,2023-08-25T00:00:00+05:30,1823.05,1848.0,1804.45,1811.8,957849,2.8576983058090804,1750.7325748655028,1706.3858337374265,44.346741128076246,36.21624022160102,43.549999999999955,23.0,20.549999999999955,43.549999999999955,43.846428571428596,1094110.85,No Signal
284,2023-08-28T00:00:00+05:30,1820.4,1820.4,1790.05,1798.0,799480,2.955701112499364,1758.0044864246563,1713.1720682753948,44.83241814926146,37.93947580713311,30.350000000000136,8.600000000000136,21.75,30.350000000000136,43.94285714285718,1044375.45,No Signal
285,2023-08-29T00:00:00+05:30,1798.0,1805.0,1782.5,1792.5,520475,2.9447713791559886,1763.3114885131706,1719.0482113661064,44.26327714706417,39.20423607511932,22.5,7.0,15.5,22.5,43.55000000000003,1027482.4,No Signal
286,2023-08-30T00:00:00+05:30,1790.8,1821.7,1788.55,1805.5,928164,3.064720278287675,1769.8020287419135,1725.4520475612096,44.349981180703935,40.23338509623624,33.15000000000009,29.200000000000045,3.9500000000000455,33.15000000000009,43.77500000000004,1030378.15,No Signal
287,2023-08-31T00:00:00+05:30,1807.0,1814.2,1776.1,1798.0,3905051,3.1721089179880764,1774.1401781662346,1730.825969964083,43.314208202151576,40.84954971741931,38.100000000000136,8.700000000000045,29.40000000000009,38.100000000000136,43.04285714285719,1135156.05,No Signal
288,2023-09-01T00:00:00+05:30,1794.3,1881.0,1794.25,1852.4,1682163,3.309498012496158,1786.1801507560447,1739.8314536704472,46.34869708559745,41.94937919105494,86.75,83.0,3.75,86.75,45.335714285714324,1161386.05,No Signal
289,2023-09-04T00:00:00+05:30,1855.6,1887.85,1831.25,1882.9,1309335,3.5694227281223565,1801.060127562807,1750.4291237689326,50.63100379387447,43.68570411161885,56.59999999999991,35.44999999999982,21.15000000000009,56.59999999999991,45.03571428571432,1201097.25,No Signal
290,2023-09-05T00:00:00+05:30,1889.95,1892.0,1862.75,1866.0,830866,3.758028130031083,1811.050877168529,1758.9899294156785,52.06094775285055,45.36075283986519,29.25,9.099999999999909,20.15000000000009,29.25,44.375000000000036,1186938.45,No Signal
291,2023-09-06T00:00:00+05:30,1877.9,1890.0,1851.0,1876.0,707828,3.832743704529885,1821.0430499118322,1767.6573420515542,53.38570786027799,46.965743843947756,39.0,24.0,15.0,39.0,45.12142857142861,1184278.3,No Signal
292,2023-09-07T00:00:00+05:30,1879.95,1908.0,1864.05,1889.8,842678,3.906835749483427,1831.6210422330887,1776.7049463440317,54.91609588905703,48.55581425296961,43.950000000000045,32.0,11.950000000000045,43.950000000000045,46.35357142857146,1188206.95,No Signal
293,2023-09-08T00:00:00+05:30,1897.0,1904.35,1871.55,1885.25,661621,3.83008718915423,1839.8716511203058,1784.7453206889181,55.126330431387714,49.869917488653236,32.799999999999955,14.549999999999955,18.25,32.799999999999955,46.70357142857146,1196976.35,Buy
294,2023-09-11T00:00:00+05:30,1924.3,1957.35,1906.05,1932.75,1558699,3.8151202914869216,1854.160627871028,1795.7086302675168,58.451997603511245,51.586333511624844,51.299999999999955,72.09999999999991,20.799999999999955,72.09999999999991,46.139285714285734,1215017.7,Buy
295,2023-09-12T00:00:00+05:30,1948.9,1952.8,1841.9,1850.8,1056762,3.781175796061307,1853.643608198562,1799.7894724699229,53.85413572863922,52.03989395502772,110.89999999999986,20.049999999999955,90.84999999999991,110.89999999999986,49.65000000000001,1220761.85,Buy
296,2023-09-13T00:00:00+05:30,1857.0,1918.45,1837.45,1911.8,1063082,3.5642692790908765,1862.5907453987834,1808.086548583262,54.50419681552148,52.53275452712648,81.0,67.65000000000009,13.349999999999909,81.0,51.42857142857143,1228611.75,Buy
297,2023-09-14T00:00:00+05:30,1919.95,1931.8,1903.05,1924.5,894007,3.378255101636085,1872.1152461066629,1816.7097672067239,55.405478899939,53.107299401688984,28.75,20.0,8.75,28.75,50.371428571428574,1238138.55,Buy
298,2023-09-15T00:00:00+05:30,1940.0,1941.7,1917.0,1927.7,615683,3.0578600124996944,1880.666746705638,1824.9312659321517,55.73548077348619,53.632935676048426,24.700000000000045,17.200000000000045,7.5,24.700000000000045,49.96785714285714,1240806.85,Buy
299,2023-09-18T00:00:00+05:30,1933.9,1933.9,1891.6,1898.15,355992,2.629600457763027,1883.3564779816936,1830.3548758631034,53.0016021185902,53.50666896455678,42.30000000000018,6.2000000000000455,36.100000000000136,42.30000000000018,51.38214285714287,1209149.65,Sell
300,2023-09-20T00:00:00+05:30,1885.05,1912.0,1879.0,1885.7,466556,2.5008159111056654,1883.7170198306637,1834.4545146880587,49.26250514260505,52.657836200166436,33.0,13.849999999999909,19.15000000000009,33.0,51.371428571428574,1133727.8,Sell
301,2023-09-21T00:00:00+05:30,1877.4,1909.65,1870.5,1874.65,624059,2.444472109068061,1882.3220937028693,1837.4319580444987,44.89013565837058,51.104296091807264,39.15000000000009,23.950000000000045,15.200000000000045,39.15000000000009,51.44642857142857,1060649.85,Sell
302,2023-09-22T00:00:00+05:30,1881.95,1909.5,1866.2,1876.0,1007396,2.3946719531524625,1881.349463902428,1840.2888500412025,41.06061386122542,49.0955596456909,43.299999999999955,34.84999999999991,8.450000000000045,43.299999999999955,48.34285714285714,1039387.3,Sell
303,2023-09-25T00:00:00+05:30,1880.0,1886.15,1852.5,1856.65,699248,2.321689378595892,1877.5495463789775,1841.5007870751874,36.04875930379012,46.48619957731074,33.65000000000009,10.150000000000091,23.5,33.65000000000009,46.703571428571436,1026457.25,No Signal
304,2023-09-26T00:00:00+05:30,1859.0,1899.0,1858.0,1876.25,633338,2.1167711758385233,1877.3496161668272,1844.0748028473959,33.27481331943136,43.843922325734866,41.0,42.34999999999991,1.349999999999909,42.34999999999991,47.63928571428572,1018150.15,Sell
305,2023-09-27T00:00:00+05:30,1887.9,1894.0,1869.6,1875.65,668492,1.8599314484109237,1877.0881367565462,1846.4137063401813,30.674430416364885,41.210023943860875,24.40000000000009,17.75,6.650000000000091,24.40000000000009,46.59642857142858,1025551.0,No Signal
306,2023-09-28T00:00:00+05:30,1878.45,1919.0,1876.7,1890.2,921883,1.6180198830809827,1879.1053464863082,1849.657135500168,29.44821098614034,38.85766135231677,42.299999999999955,43.34999999999991,1.0499999999999545,43.34999999999991,46.55357142857143,1025236.95,No Signal
307,2023-09-29T00:00:00+05:30,1899.95,1939.0,1888.9,1932.75,462039,1.3272536543970939,1887.3583701037992,1855.8121625001554,31.54620760364378,37.39537060258217,50.09999999999991,48.799999999999955,1.2999999999999545,50.09999999999991,47.78928571428571,853086.35,No Signal
308,2023-10-03T00:00:00+05:30,1932.75,1932.95,1894.75,1901.75,731565,1.280868201363625,1889.572467010907,1859.2149652779217,30.357501732985384,35.987796828662816,38.200000000000045,0.20000000000004547,38.0,38.200000000000045,45.36785714285715,805556.45,No Signal
309,2023-10-04T00:00:00+05:30,1895.05,1897.8,1855.0,1863.95,1085861,1.3433769141216823,1885.630549009229,1859.5657085906682,26.064840418560834,34.00320554664242,42.799999999999955,3.9500000000000455,46.75,46.75,40.7857142857143,794382.75,No Signal
310,2023-10-05T00:00:00+05:30,1873.05,1889.0,1846.0,1850.3,370323,1.4079573011816755,1880.195079930886,1858.8793598061743,21.31572012471179,31.465708462256295,43.0,25.049999999999955,17.950000000000045,43.0,38.07142857142859,771355.6,No Signal
311,2023-10-06T00:00:00+05:30,1864.5,1864.5,1821.0,1837.8,991191,1.5429037404695505,1873.672759941519,1857.3179257464576,16.354834195061358,28.443533608817308,43.5,14.200000000000045,29.299999999999955,43.5,39.125000000000014,785523.75,No Signal
312,2023-10-09T00:00:00+05:30,1835.15,1835.2,1799.0,1807.25,775466,1.8530014692589345,1863.45387379667,1853.6091905059793,9.844683290690682,24.723763545191986,36.200000000000045,2.599999999999909,38.799999999999955,38.799999999999955,40.13214285714287,782163.15,No Signal
313,2023-10-10T00:00:00+05:30,1807.9,1842.45,1807.9,1829.85,721590,1.9412147750795905,1858.2840470587207,1851.8492504684993,6.434796590221367,21.065970154197863,34.549999999999955,35.200000000000045,0.650000000000091,35.200000000000045,39.625,785161.6,No Signal
314,2023-10-11T00:00:00+05:30,1839.5,1849.45,1825.0,1833.4,600920,1.89412609848857,1854.4557321266097,1850.4826393226847,3.9730928039250557,17.647394684143304,24.450000000000045,19.600000000000136,4.849999999999909,24.450000000000045,39.01428571428572,737272.65,No Signal
315,2023-10-12T00:00:00+05:30,1844.95,1844.95,1810.8,1815.8,598411,2.0289474210450344,1848.5086964148236,1847.9135549284117,0.595141486411876,14.236944044597019,34.15000000000009,11.549999999999955,22.600000000000136,34.15000000000009,38.65714285714286,714355.1,No Signal
316,2023-10-13T00:00:00+05:30,1815.0,1833.2,1802.5,1809.15,345109,2.1195252909350364,1842.4535123510045,1845.04218048927,-2.588668138265575,10.8718216080245,30.700000000000045,17.40000000000009,13.299999999999955,30.700000000000045,37.75714285714287,678456.45,No Signal
317,2023-10-16T00:00:00+05:30,1814.95,1820.0,1791.15,1796.95,410841,2.176922068371509,1835.4529719893114,1841.4797967493241,-6.026824760012687,7.492092334417063,28.84999999999991,10.849999999999909,18.0,28.84999999999991,37.41428571428571,654298.15,No Signal
318,2023-10-17T00:00:00+05:30,1804.75,1810.45,1783.15,1787.6,520373,2.197174379964501,1828.0909762986482,1837.4887006938186,-9.397724395170371,4.114128988499576,27.299999999999955,13.5,13.799999999999955,27.299999999999955,36.339285714285715,649532.65,No Signal
319,2023-10-18T00:00:00+05:30,1797.9,1810.0,1772.35,1786.1,535166,2.2820533365743465,1821.6308260988562,1833.6821302720543,-12.051304173198105,0.8810423561600402,37.65000000000009,22.40000000000009,15.25,37.65000000000009,37.285714285714285,658491.35,No Signal
320,2023-10-19T00:00:00+05:30,1787.9,1787.9,1758.35,1776.95,485800,2.4120135525987467,1814.7568528528784,1829.4797502519023,-14.72289739902385,-2.239745594876738,29.550000000000182,1.800000000000182,27.75,29.550000000000182,36.30000000000002,659453.55,No Signal
321,2023-10-20T00:00:00+05:30,1740.0,1754.95,1693.8,1710.25,1602892,3.014007413402963,1798.678875490897,1820.6479168999094,-21.969041409012334,-6.1856047577038575,61.15000000000009,22.0,83.15000000000009,83.15000000000009,38.66071428571432,708395.2,No Signal
322,2023-10-23T00:00:00+05:30,1693.0,1693.0,1602.7,1615.15,1479531,4.35756122055507,1770.443663876913,1805.4258489813976,-34.98218510448464,-11.944920827060015,90.29999999999995,17.25,107.54999999999995,107.54999999999995,43.61428571428574,732001.95,Sell
323,2023-10-25T00:00:00+05:30,1612.0,1615.0,1559.2,1584.7,1740515,5.529792244376919,1741.8677155881571,1789.0757860938868,-47.208070505729665,-18.997550762793946,55.799999999999955,0.15000000000009095,55.950000000000045,55.950000000000045,44.2714285714286,784065.3,Sell
324,2023-10-26T00:00:00+05:30,1567.0,1571.65,1543.4,1559.25,1002839,6.559988258163315,1713.7726824207484,1772.051653790636,-58.278971369887586,-26.853834884212677,28.25,13.049999999999955,41.299999999999955,41.299999999999955,44.15000000000003,802540.35,Sell
325,2023-10-27T00:00:00+05:30,1572.0,1614.25,1565.3,1607.95,2036119,6.73373325227143,1697.4922697406332,1759.8959757320704,-62.403705991437164,-33.963809105657575,48.950000000000045,55.0,6.0499999999999545,55.0,44.971428571428596,870921.7,Sell
326,2023-10-30T00:00:00+05:30,1616.85,1656.85,1601.0,1647.7,919616,6.605837666473391,1689.8319205497667,1751.58516271488,-61.753242165113306,-39.521695717548724,55.84999999999991,48.899999999999864,6.9500000000000455,55.84999999999991,46.18928571428574,870808.35,Sell
327,2023-10-31T00:00:00+05:30,1657.6,1678.6,1636.0,1663.25,1467544,6.247397981794867,1685.742394311341,1745.0418173285925,-59.299423017251456,-43.47724117748927,42.59999999999991,30.899999999999864,11.700000000000045,42.59999999999991,46.717857142857156,921083.6,Sell
328,2023-11-01T00:00:00+05:30,1664.2,1687.0,1655.05,1671.65,463534,5.943726515178471,1683.5743336480577,1739.6053864153635,-56.03105276730571,-45.98800349545256,31.950000000000045,23.75,8.200000000000045,31.950000000000045,47.25357142857144,907682.05,Sell
329,2023-11-02T00:00:00+05:30,1684.95,1717.0,1678.25,1714.85,896355,5.557129640322488,1688.3859746252797,1737.7716540882996,-49.38567946301987,-46.667538688966026,38.75,45.34999999999991,6.599999999999909,45.34999999999991,48.05357142857143,898206.75,Sell
330,2023-11-03T00:00:00+05:30,1714.95,1723.05,1694.05,1703.6,434636,5.373956929834091,1690.7265939136983,1735.2404204521292,-44.513826538430976,-46.236796258859016,29.0,8.200000000000045,20.799999999999955,29.0,47.93214285714286,901422.4,Buy
331,2023-11-06T00:00:00+05:30,1712.95,1744.6,1705.8,1737.8,737712,5.05776452350381,1697.9686563885139,1735.4300189371568,-37.46136254864291,-44.4817095168158,38.799999999999955,41.0,2.2000000000000455,41.0,48.800000000000004,888748.45,Buy
332,2023-11-07T00:00:00+05:30,1736.75,1736.75,1705.05,1709.0,627049,5.011812144245101,1699.6657861748963,1733.4722397566265,-33.80645358173024,-42.346658329798686,31.700000000000045,1.0499999999999545,32.75,32.75,49.189285714285724,881327.6,Buy
333,2023-11-08T00:00:00+05:30,1714.8,1735.65,1708.0,1716.45,264051,4.749030537594885,1702.24797291722,1732.2113331079875,-29.96336019076739,-39.86999870199243,27.65000000000009,26.65000000000009,1.0,27.65000000000009,48.47500000000001,858450.65,Buy
334,2023-11-09T00:00:00+05:30,1716.9,1725.45,1702.4,1707.15,277248,4.473884010349056,1703.0021309299555,1730.3549380629513,-27.35280713299585,-37.366560388193115,23.049999999999955,9.0,14.049999999999955,23.049999999999955,48.01071428571428,842267.05,Buy
335,2023-11-10T00:00:00+05:30,1706.7,1717.85,1691.0,1708.7,244826,4.207906850453405,1703.8787261715008,1728.7508685768069,-24.872142405306022,-34.8676767916157,26.84999999999991,10.699999999999818,16.15000000000009,26.84999999999991,43.98928571428569,824587.8,Buy
336,2023-11-12T00:00:00+05:30,1713.0,1719.0,1704.95,1710.0,29011,3.9357409400399015,1704.8204606066545,1727.3619153488953,-22.54145474224083,-32.40243238174073,14.049999999999955,10.299999999999955,3.75,14.049999999999955,37.31071428571426,808782.9,No Signal
337,2023-11-13T00:00:00+05:30,1708.05,1715.1,1678.7,1707.1,315877,3.6937144153151635,1705.1711589748613,1725.8610327304586,-20.68987375559732,-30.059920656512052,36.399999999999864,5.099999999999909,31.299999999999955,36.399999999999864,35.914285714285676,804034.7,No Signal
338,2023-11-15T00:00:00+05:30,1711.25,1734.0,1681.55,1684.3,986584,3.493344297203651,1701.9602114402674,1722.7824377133877,-20.82222627312035,-28.212381779833713,52.450000000000045,26.90000000000009,25.549999999999955,52.450000000000045,36.71071428571425,827345.25,No Signal
339,2023-11-16T00:00:00+05:30,1689.05,1714.55,1688.55,1706.65,523556,3.177743882881863,1702.681717372534,1721.587442327211,-18.905724954676998,-26.351050414802373,26.0,30.25,4.25,30.25,34.942857142857115,826764.75,No Signal
340,2023-11-17T00:00:00+05:30,1708.0,1721.8,1701.0,1705.75,737076,2.9218547221990168,1703.1537608536826,1720.4142984511213,-17.26053759743877,-24.532947851329652,20.799999999999955,15.149999999999864,5.650000000000091,20.799999999999955,32.43928571428569,839328.55,No Signal
341,2023-11-20T00:00:00+05:30,1713.65,1728.9,1692.0,1722.95,900511,2.9218999746447656,1706.1993361069622,1720.6021281954827,-14.402792088520528,-22.506916698767828,36.90000000000009,23.15000000000009,13.75,36.90000000000009,32.032142857142844,804209.5,No Signal
342,2023-11-21T00:00:00+05:30,1730.0,1734.0,1704.9,1707.3,660536,2.8319587081226416,1706.3686690135833,1719.6167853661877,-13.248116352604484,-20.65515662953516,29.09999999999991,11.049999999999955,18.049999999999955,29.09999999999991,31.828571428571404,763259.75,No Signal
343,2023-11-22T00:00:00+05:30,1709.9,1729.35,1692.0,1705.25,862890,2.4926483443917022,1706.1965660884166,1718.5525790427664,-12.356012954349808,-18.99532789449809,37.34999999999991,22.049999999999955,15.299999999999955,37.34999999999991,31.257142857142835,719378.5,No Signal
344,2023-11-23T00:00:00+05:30,1718.0,1720.75,1703.8,1717.55,632911,1.73086106711122,1707.9432482286602,1718.4783139284875,-10.535065699827328,-17.303275455563938,16.950000000000045,15.5,1.4500000000000455,16.950000000000045,30.39642857142855,700882.1,No Signal
345,2023-11-24T00:00:00+05:30,1722.95,1769.3,1715.1,1723.75,2258443,1.2438027726352041,1710.3750561934817,1718.868809193044,-8.493752999562275,-15.541370964363606,54.200000000000045,51.75,2.4500000000000455,54.200000000000045,31.339285714285698,711998.3,No Signal
346,2023-11-28T00:00:00+05:30,1728.0,1728.0,1680.3,1683.5,1494681,1.0514625069382482,1706.2404321637152,1716.2488974009666,-10.008465237251357,-14.434789818941157,47.700000000000045,4.25,43.450000000000045,47.700000000000045,32.407142857142844,740751.55,No Signal
347,2023-11-29T00:00:00+05:30,1692.0,1719.6,1683.1,1713.2,1374620,0.859550212928538,1707.311134907759,1716.023053149043,-8.711918241284138,-13.290215503409755,36.5,36.09999999999991,0.40000000000009095,36.5,33.0392857142857,736105.35,No Signal
348,2023-11-30T00:00:00+05:30,1725.0,1736.7,1685.95,1705.55,17650692,0.7065655510004543,1707.040191075796,1715.2472714342991,-8.207080358503163,-12.273588474428436,50.75,23.5,27.25,50.75,35.017857142857125,1595463.25,No Signal
349,2023-12-01T00:00:00+05:30,1733.9,1733.95,1649.05,1659.85,1666654,0.9818770555518916,1699.7801616795196,1711.1437698465734,-11.363608167053826,-12.091592412953515,84.90000000000009,28.40000000000009,56.5,84.90000000000009,39.16428571428571,1633978.2,Buy
350,2023-12-04T00:00:00+05:30,1700.0,1700.0,1656.9,1662.85,619259,1.1445778284217802,1694.0985983442088,1707.566453561642,-13.467855217433225,-12.366844973849458,43.09999999999991,40.15000000000009,2.949999999999818,43.09999999999991,41.23928571428571,1643209.35,Sell
351,2023-12-05T00:00:00+05:30,1678.8,1681.65,1652.3,1678.75,621734,1.0838205646724615,1691.7372755220229,1705.4319014459647,-13.694625923941885,-12.632401163867945,29.350000000000136,18.800000000000182,10.549999999999955,29.350000000000136,40.7357142857143,1637410.45,Sell
352,2023-12-06T00:00:00+05:30,1682.75,1684.9,1659.1,1668.95,593405,1.169254680014321,1688.231540826327,1702.7295383758933,-14.497997549566207,-13.005520441007597,25.800000000000182,6.150000000000091,19.65000000000009,25.800000000000182,38.83214285714288,1635728.25,Sell
353,2023-12-07T00:00:00+05:30,1674.65,1715.55,1665.2,1706.65,893846,1.1246599258918475,1691.065149929969,1703.019942940642,-11.95479301067303,-12.795374954940684,50.34999999999991,46.59999999999991,3.75,50.34999999999991,40.26785714285716,1667218.0,Buy
354,2023-12-08T00:00:00+05:30,1715.0,1720.0,1677.0,1694.85,843230,1.1284631363806186,1691.6474345561276,1702.414761982076,-10.767327425948451,-12.389765449142239,43.0,13.349999999999909,29.65000000000009,43.0,41.85357142857145,1695517.1,Buy
355,2023-12-11T00:00:00+05:30,1695.0,1710.4,1695.0,1707.05,327107,1.117936749909962,1694.017060009031,1702.7581129463667,-8.74105293733578,-11.660022946780948,15.400000000000091,15.550000000000182,0.15000000000009095,15.550000000000182,40.32857142857146,1699631.15,Buy
356,2023-12-12T00:00:00+05:30,1709.9,1744.95,1701.05,1738.3,1332079,1.2042677307034855,1700.8298200076415,1705.39084532071,-4.561025313068512,-10.240223420038461,43.90000000000009,37.90000000000009,6.0,43.90000000000009,41.38571428571432,1764784.55,Buy
357,2023-12-13T00:00:00+05:30,1752.0,1752.0,1715.75,1719.8,500422,1.241355726672856,1703.7483092372352,1706.4581901117685,-2.7098808745333827,-8.734154910937447,36.25,13.700000000000045,22.549999999999955,36.25,41.3071428571429,1774011.8,Buy
358,2023-12-14T00:00:00+05:30,1730.0,1757.55,1721.1,1749.65,660902,1.3487708594496401,1710.8101078161221,1709.6575834368227,1.1525243792993933,-6.756819052890079,36.450000000000045,37.75,1.2999999999999545,37.75,42.79285714285719,1757727.7,Buy
359,2023-12-15T00:00:00+05:30,1763.0,1820.0,1753.05,1813.35,1919310,1.8757522436068454,1726.5854758444111,1717.3385031822434,9.246972662167764,-3.5560607098785106,66.95000000000005,70.34999999999991,3.3999999999998636,70.34999999999991,43.946428571428605,1827515.4,Buy
360,2023-12-18T00:00:00+05:30,1840.0,1842.0,1800.0,1808.65,876824,2.2448909144309837,1739.2107872529632,1724.1023177613365,15.108469491626693,0.17684533042252987,42.0,28.65000000000009,13.349999999999909,42.0,43.53928571428575,1834502.8,Buy
361,2023-12-19T00:00:00+05:30,1812.0,1817.65,1782.25,1791.85,665516,2.4631620228974103,1747.3091276755843,1729.12066459383,18.188463081754207,3.7791688806888657,35.40000000000009,9.0,26.40000000000009,35.40000000000009,43.460714285714324,1822753.05,Buy
362,2023-12-20T00:00:00+05:30,1800.0,1802.05,1697.15,1704.6,935231,2.591469734496806,1740.7384926485713,1727.304319068361,13.4341735802102,5.710169820593133,104.89999999999986,10.200000000000045,94.69999999999982,104.89999999999986,47.32857142857146,1836487.8,Buy
363,2023-12-21T00:00:00+05:30,1705.3,1740.3,1688.05,1728.95,511339,2.5530280047781893,1738.924878394945,1727.4262213595937,11.498657035351243,6.867867263544755,52.25,35.700000000000045,16.549999999999955,52.25,44.99642857142859,1818910.25,Buy
364,2023-12-22T00:00:00+05:30,1734.25,1756.0,1718.7,1730.15,386580,2.5552940799261403,1737.574897103415,1727.6279827403646,9.946914363050382,7.483676683445881,37.299999999999955,27.049999999999955,10.25,37.299999999999955,44.58214285714288,1806593.7,Buy
365,2023-12-26T00:00:00+05:30,1728.0,1746.15,1721.3,1735.8,234496,2.555195712450588,1737.3018360105818,1728.2333173521895,9.06851865839235,7.800645078435175,24.850000000000136,16.0,8.850000000000136,24.850000000000136,44.26071428571431,1705396.35,Buy
366,2023-12-27T00:00:00+05:30,1745.0,1750.7,1717.5,1731.95,310986,2.515320323304352,1736.4784766243386,1728.5086271779533,7.969849446385297,7.8344859520252,33.200000000000045,14.900000000000091,18.299999999999955,33.200000000000045,44.789285714285725,1646211.6,Buy
367,2023-12-28T00:00:00+05:30,1744.95,1830.0,1726.45,1807.45,1412545,2.6239875442242653,1747.3971725282865,1734.3561362758826,13.041036252403956,8.875796012100952,103.54999999999995,98.04999999999995,5.5,103.54999999999995,48.58928571428573,1648107.85,Buy
368,2023-12-29T00:00:00+05:30,1797.45,1809.6,1763.15,1770.3,1065841,2.71556218109088,1750.9206844470118,1737.0186446998912,13.902039747120625,9.881044759104888,46.44999999999982,2.1499999999998636,44.299999999999955,46.44999999999982,48.83571428571429,818865.3,Buy
369,2024-01-01T00:00:00+05:30,1784.0,1784.0,1756.0,1766.85,381834,2.586170706707917,1753.3713483782408,1739.2283747221215,14.142973656119239,10.73343053850776,28.0,13.700000000000045,14.299999999999955,28.0,49.72499999999999,754624.3,Buy
370,2024-01-02T00:00:00+05:30,1770.0,1771.9,1735.0,1739.75,400171,2.4337574861324036,1751.2757563200498,1739.267013631594,12.008742688455868,10.988492968497383,36.90000000000009,5.050000000000182,31.84999999999991,36.90000000000009,49.22499999999999,743669.9,Buy
371,2024-01-03T00:00:00+05:30,1749.0,1757.5,1730.6,1750.0,238662,2.2782877283494507,1751.0794861169652,1740.0620496588833,11.017436458081875,10.994281666414281,26.90000000000009,17.75,9.150000000000091,26.90000000000009,48.55714285714286,724516.3,Buy
372,2024-01-04T00:00:00+05:30,1750.0,1773.85,1744.5,1766.4,572327,2.043018147759436,1753.4364882528166,1742.0130089434106,11.423479309406048,11.080121195012635,29.34999999999991,23.84999999999991,5.5,29.34999999999991,47.95714285714285,723462.4,Buy
373,2024-01-05T00:00:00+05:30,1768.0,1794.4,1739.0,1758.45,901783,1.9784840707488847,1754.2077977523834,1743.2305638364912,10.977233915892157,11.059543739188541,55.40000000000009,28.0,27.40000000000009,55.40000000000009,46.88928571428572,723859.25,Sell
374,2024-01-08T00:00:00+05:30,1760.0,1763.45,1714.1,1719.35,280952,1.925794841687057,1748.8450596366322,1741.4616331819363,7.383426454695837,10.324320282290001,49.350000000000136,5.0,44.350000000000136,49.350000000000136,47.414285714285725,695745.35,Sell
375,2024-01-09T00:00:00+05:30,1735.0,1747.95,1723.25,1729.15,340843,1.8437019400471388,1745.8150504617656,1740.5496603536449,5.265390108120755,9.312534247456153,24.700000000000045,28.600000000000136,3.900000000000091,28.600000000000136,46.928571428571445,696432.15,Sell
376,2024-01-10T00:00:00+05:30,1718.1,1737.05,1698.0,1718.4,501923,1.900920753382197,1741.5973503907248,1738.9089447718934,2.688405618831439,7.987708521731211,39.049999999999955,7.899999999999864,31.15000000000009,39.049999999999955,42.22500000000002,654924.35,No Signal
377,2024-01-11T00:00:00+05:30,1718.8,1742.15,1698.65,1716.3,1474994,1.914354529592028,1737.7054503306133,1737.2342081221236,0.47124220848968434,6.484415259082906,43.5,23.75,19.75,43.5,41.60000000000002,703652.95,No Signal
378,2024-01-12T00:00:00+05:30,1725.3,1775.0,1716.3,1744.3,1688219,1.8859613801993758,1738.719996433596,1737.7576001130774,0.9623963205185646,5.380011471370038,58.700000000000045,58.700000000000045,0.0,58.700000000000045,43.128571428571455,755018.8,No Signal
379,2024-01-15T00:00:00+05:30,1754.9,1770.0,1730.1,1753.0,1967685,1.6845516800624467,1740.9169200591966,1738.886666771368,2.0302532878286,4.710059834661751,39.90000000000009,25.700000000000045,14.200000000000045,39.90000000000009,44.20357142857146,757437.55,No Signal
380,2024-01-16T00:00:00+05:30,1749.95,1764.0,1716.9,1731.65,555077,1.5076857038740952,1739.4912400500896,1738.3506173808962,1.1406226691933625,3.996172401568073,47.09999999999991,11.0,36.09999999999991,47.09999999999991,45.19642857142859,741350.2,No Signal
381,2024-01-17T00:00:00+05:30,1715.0,1740.0,1688.5,1697.5,941316,1.512011951743955,1733.0310492731528,1735.324645723052,-2.293596449899269,2.738218631274605,51.5,8.349999999999909,43.15000000000009,51.5,41.47857142857145,755140.2,No Signal
382,2024-01-18T00:00:00+05:30,1697.0,1801.95,1690.8,1769.6,4604722,1.4157981090706195,1738.6570416926677,1737.8635608546779,0.7934808379898186,2.349271072617648,111.15000000000009,104.45000000000005,6.7000000000000455,111.15000000000009,46.10000000000004,938614.75,Sell
383,2024-01-19T00:00:00+05:30,1800.05,1804.9,1718.3,1737.75,3493574,1.430924914394282,1738.5174968168726,1737.8551489395165,0.6623478773560691,2.011886433565332,86.60000000000014,35.30000000000018,51.299999999999955,86.60000000000014,50.285714285714334,1087726.5,Sell
384,2024-01-20T00:00:00+05:30,1748.0,1752.2,1720.0,1740.1,630525,1.4182668132295277,1738.760958845046,1738.0214342032561,0.7395246417897852,1.7574140752102227,32.200000000000045,14.450000000000045,17.75,32.200000000000045,49.950000000000045,1099923.75,Sell
385,2024-01-23T00:00:00+05:30,1740.0,1757.8,1692.2,1704.1,868651,1.5384852361475247,1733.4285036381157,1735.5087353733852,-2.0802317352695354,0.9898849131142712,65.59999999999991,17.700000000000045,47.899999999999864,65.59999999999991,52.714285714285744,1131631.5,Sell
386,2024-01-24T00:00:00+05:30,1709.3,1731.15,1690.8,1728.65,420843,1.521317575622293,1732.6933492322516,1735.0006809012825,-2.307331669030873,0.33044159668524237,40.350000000000136,27.050000000000182,13.299999999999955,40.350000000000136,53.50000000000005,1137124.35,Sell
387,2024-01-25T00:00:00+05:30,1728.65,1731.55,1703.5,1716.6,365596,1.2798848975070176,1730.2174493503667,1733.6376675011875,-3.4202181508208014,-0.41969035281596645,28.049999999999955,2.8999999999998636,25.15000000000009,28.049999999999955,51.54642857142861,1084776.9,Sell
388,2024-01-29T00:00:00+05:30,1713.1,1726.85,1706.55,1713.5,436769,1.2384951910138695,1727.6455340656948,1732.1459884270255,-4.50045436133064,-1.235843154518901,20.299999999999955,10.25,10.049999999999955,20.299999999999955,49.471428571428596,1053323.3,Sell
389,2024-01-30T00:00:00+05:30,1716.8,1728.95,1700.1,1703.65,327585,1.2293565387542882,1723.9539134402035,1730.035174469468,-6.081261029264624,-2.204926729468046,28.850000000000136,15.450000000000045,13.400000000000091,28.850000000000136,49.48928571428574,1050610.85,Sell
390,2024-01-31T00:00:00+05:30,1710.5,1741.8,1701.8,1737.05,454051,1.2031543399202882,1725.9686959878645,1730.5547911754334,-4.586095187568844,-2.681160421088206,40.0,38.149999999999864,1.8500000000001364,40.0,49.557142857142885,1053304.85,Sell
391,2024-02-01T00:00:00+05:30,1743.65,1743.65,1692.0,1704.3,401889,1.249569578496507,1722.63505045127,1728.609991829105,-5.974941377834966,-3.339916612437558,51.65000000000009,6.600000000000136,45.049999999999955,51.65000000000009,50.13928571428575,1061466.2,Sell
392,2024-02-02T00:00:00+05:30,1710.0,1725.0,1696.55,1698.7,376792,1.205971347859314,1718.9527349972284,1726.394436878801,-7.441701881572499,-4.160273666264547,28.450000000000045,20.700000000000045,7.75,28.450000000000045,47.97857142857146,1051689.45,Sell
393,2024-02-05T00:00:00+05:30,1705.0,1712.3,1676.8,1683.15,410131,1.2558345605746275,1713.4446219207318,1723.191145258149,-9.746523337417102,-5.277523600495058,35.5,13.599999999999909,21.90000000000009,35.5,47.66428571428575,1027106.85,Sell
394,2024-02-06T00:00:00+05:30,1683.15,1708.1,1671.55,1705.05,498733,1.2599674339981795,1712.1531416252346,1721.8473567205083,-9.694215095273648,-6.160861899450776,36.549999999999955,24.949999999999818,11.600000000000136,36.549999999999955,46.91071428571432,1037995.9,No Signal
395,2024-02-07T00:00:00+05:30,1715.0,1715.0,1682.3,1694.0,167847,1.3139813310539146,1709.3603506059678,1719.7845895560263,-10.424238950058452,-7.013537309572311,32.700000000000045,9.950000000000045,22.75,32.700000000000045,45.56785714285718,1029346.1,No Signal
396,2024-02-08T00:00:00+05:30,1700.4,1772.8,1700.4,1759.85,2131671,1.3625188751849433,1717.1279889742805,1722.7523977370613,-5.624408762780831,-6.735711600214016,72.39999999999986,78.79999999999995,6.400000000000091,78.79999999999995,43.25714285714288,1110833.5,No Signal
397,2024-02-09T00:00:00+05:30,1770.95,1775.05,1718.0,1760.85,808998,1.4453719061045265,1723.8544522090065,1725.5744423491308,-1.7199901401243096,-5.732567308196074,57.049999999999955,15.200000000000045,41.84999999999991,57.049999999999955,41.14642857142859,1077533.7,No Signal
398,2024-02-12T00:00:00+05:30,1768.65,1782.45,1712.95,1724.9,368071,1.449881203529949,1724.0153057153132,1725.5244836566026,-1.5091779412894084,-4.887889434814742,69.5,21.600000000000136,47.899999999999864,69.5,43.8107142857143,1011526.3,No Signal
399,2024-02-13T00:00:00+05:30,1725.95,1750.45,1705.0,1746.1,373890,1.410046181156363,1727.4129509898803,1727.0485959783357,0.36435501154460326,-3.837440545542873,45.450000000000045,25.549999999999955,19.90000000000009,45.450000000000045,42.37142857142859,931836.55,No Signal
400,2024-02-14T00:00:00+05:30,1722.0,1759.0,1722.0,1752.7,256106,1.452191835816215,1731.3032662222065,1728.9486999799406,2.354566242265946,-2.5990391879811092,37.0,12.900000000000091,24.09999999999991,37.0,42.13214285714287,916888.0,No Signal
401,2024-02-15T00:00:00+05:30,1758.95,1766.95,1738.0,1754.5,243156,1.4551960445710523,1734.8719944957131,1730.8413888703153,4.030605625397811,-1.2731102253053252,28.950000000000045,14.25,14.700000000000045,28.950000000000045,42.19642857142859,881980.0,No Signal
402,2024-02-16T00:00:00+05:30,1754.95,1829.0,1748.05,1812.35,1911155,1.6881214313314845,1746.7916876502188,1736.8790637688105,9.912623881408308,0.9640365960374015,80.95000000000005,74.5,6.4500000000000455,80.95000000000005,46.52857142857145,747301.65,No Signal
403,2024-02-19T00:00:00+05:30,1828.0,1838.95,1808.7,1815.5,1179354,1.9941985941013762,1757.3621972424928,1742.7028368229726,14.659360419520226,3.7031013607339665,30.25,26.600000000000136,3.6499999999998636,30.25,46.62857142857144,631590.65,No Signal
404,2024-02-20T00:00:00+05:30,1819.0,1842.85,1813.55,1821.85,894471,2.2684093150769016,1767.2833976667246,1748.5655896509006,18.717808015823948,6.706042691751963,29.299999999999955,27.34999999999991,1.9500000000000455,29.299999999999955,45.86428571428572,644787.95,No Signal
405,2024-02-21T00:00:00+05:30,1830.0,1838.0,1786.5,1795.3,606897,2.3692418784150298,1771.593644179536,1752.027397824908,19.56624635462822,9.278083424327216,51.5,16.15000000000009,35.34999999999991,51.5,45.853571428571435,631700.25,No Signal
406,2024-02-22T00:00:00+05:30,1800.45,1835.0,1763.65,1822.0,455473,2.5267146725445793,1779.348468151915,1757.2105535415815,22.13791461033361,11.850049661528494,71.34999999999991,39.700000000000045,31.649999999999864,71.34999999999991,48.91785714285714,633431.75,Buy
407,2024-02-23T00:00:00+05:30,1830.0,1848.7,1818.55,1824.55,545762,2.666446290173061,1786.3025499746973,1762.1986606866494,24.103889288047867,14.30081758683237,30.15000000000009,26.700000000000045,3.4500000000000455,30.15000000000009,48.535714285714285,642440.05,Buy
408,2024-02-26T00:00:00+05:30,1828.0,1890.0,1813.4,1870.35,1275655,2.913625921703829,1799.2329269016668,1770.2098710061568,29.02305589550997,17.24526524856789,76.59999999999991,65.45000000000005,11.149999999999864,76.59999999999991,51.396428571428565,684384.35,Buy
409,2024-02-27T00:00:00+05:30,1870.35,1915.0,1869.95,1909.5,1603806,3.2628529107088626,1816.197091993718,1780.5276583390341,35.66943365468387,20.930098929791086,45.049999999999955,44.65000000000009,0.3999999999998636,45.049999999999955,52.27857142857142,748195.4,Buy
410,2024-02-28T00:00:00+05:30,1911.95,1932.0,1901.8,1912.95,1194566,3.631402725267971,1831.0821547639152,1790.3367206842909,40.745434079624374,24.893165959757745,30.200000000000045,22.5,7.7000000000000455,30.200000000000045,48.80714285714286,785221.15,Buy
411,2024-02-29T00:00:00+05:30,1911.0,1937.0,1887.95,1923.2,1710716,3.8609322906369883,1845.254130954082,1800.1784450780472,45.07568587603487,28.92966994301317,49.049999999999955,24.049999999999955,25.0,49.049999999999955,48.23571428571428,850662.5,Buy
412,2024-03-01T00:00:00+05:30,1928.15,1949.7,1901.15,1905.55,526663,3.9546334312569424,1854.530418499608,1807.9837454426363,46.54667305697171,32.45307056580488,48.549999999999955,26.5,22.049999999999955,48.549999999999955,46.73928571428571,858156.05,Buy
413,2024-03-02T00:00:00+05:30,1918.0,1930.0,1906.55,1914.45,50918,3.879365029544033,1863.7488156535144,1815.8701346691078,47.87868098440663,35.53819264952523,23.450000000000045,24.450000000000045,1.0,24.450000000000045,45.23928571428571,840195.4,No Signal
414,2024-03-04T00:00:00+05:30,1925.0,2014.0,1925.0,1984.55,2194110,3.998434961501527,1882.3336132452814,1828.364939508433,53.96867373684836,39.22428886698986,89.0,99.54999999999995,10.549999999999955,99.54999999999995,49.70714285714285,924964.25,Buy
415,2024-03-05T00:00:00+05:30,1985.0,2006.9,1966.3,1994.35,883772,4.091234685578309,1899.5669035152382,1840.660129174475,58.90677434076315,43.16078596174452,40.600000000000136,22.350000000000136,18.25,40.600000000000136,50.53928571428571,960760.5,Buy
416,2024-03-06T00:00:00+05:30,1998.05,2003.95,1940.1,1991.9,935010,4.314438239002029,1913.7719952821246,1851.8630825689584,61.90891271316627,46.91041131202888,63.850000000000136,9.600000000000136,54.25,63.850000000000136,49.31785714285714,900927.45,Buy
417,2024-03-07T00:00:00+05:30,1990.0,2038.4,1977.05,2011.5,1245000,4.481266872381937,1928.8070729310284,1863.6880394157022,65.11903351532624,50.55213575268835,61.350000000000136,46.5,14.850000000000136,61.350000000000136,51.539285714285725,922727.55,Buy
418,2024-03-11T00:00:00+05:30,1998.6,2033.9,1946.55,1954.55,820370,4.398207487979593,1932.7675232493318,1870.4185550145392,62.348968234792665,52.91150224910922,87.35000000000014,22.40000000000009,64.95000000000005,87.35000000000014,55.68571428571431,945342.5,Buy
419,2024-03-12T00:00:00+05:30,1966.0,2006.3,1944.35,1987.65,947277,4.211509394564196,1941.2109812109732,1879.102365754203,62.10861545677017,54.750924890641414,61.950000000000045,51.75,10.200000000000045,61.950000000000045,56.432142857142885,974011.85,Buy
420,2024-03-13T00:00:00+05:30,1990.05,1997.0,1861.0,1885.6,702854,4.107357588496771,1932.6554456400543,1879.5836719946324,53.0717736454219,54.41509464159751,136.0,9.349999999999909,126.65000000000009,136.0,61.05000000000003,996349.25,Sell
421,2024-03-14T00:00:00+05:30,1870.0,1936.65,1815.95,1930.05,814168,3.6453415951428187,1932.2546078492767,1883.3219185135486,48.93268933572813,53.31861358042364,120.70000000000005,51.05000000000018,69.64999999999986,120.70000000000005,67.51785714285718,1024899.85,Sell
422,2024-03-15T00:00:00+05:30,1930.0,1954.6,1896.55,1934.85,718014,3.4772480511616277,1932.653898949388,1887.1388134384708,45.51508551091706,51.757907966522325,58.049999999999955,24.549999999999955,33.5,58.049999999999955,66.19285714285718,965242.8,Sell
423,2024-03-18T00:00:00+05:30,1932.5,1972.95,1902.6,1962.65,712910,3.2835186447089466,1937.2686837264052,1892.7322346652509,44.53644906115437,50.31361618544874,70.35000000000014,38.100000000000136,32.25,70.35000000000014,68.00000000000004,941920.6,Sell
424,2024-03-19T00:00:00+05:30,1959.05,1965.95,1904.55,1910.25,587021,3.166839837041148,1933.1119631531121,1894.0298469122692,39.08211624084288,48.06731619652757,61.40000000000009,3.2999999999999545,58.100000000000136,61.40000000000009,70.22857142857148,926548.1,Sell
425,2024-03-20T00:00:00+05:30,1919.2,1939.0,1852.6,1888.3,643347,2.8314738533822332,1926.2178149757103,1893.6054138076568,32.612401168053566,44.976333190832776,86.40000000000009,28.75,57.65000000000009,86.40000000000009,72.89642857142863,928370.6,Sell
426,2024-03-21T00:00:00+05:30,1909.0,1919.3,1875.65,1908.2,440321,2.5062259439584884,1923.4458434409858,1894.6864942663487,28.75934917463701,41.732936387593625,43.649999999999864,31.0,12.649999999999864,43.649999999999864,72.54642857142862,927613.0,Sell
427,2024-03-22T00:00:00+05:30,1930.0,1932.45,1900.25,1922.65,478386,2.129827370062815,1923.3234059885265,1896.7578650614341,26.565540927092343,38.69945729549337,32.200000000000045,24.25,7.9500000000000455,32.200000000000045,73.10000000000005,924244.2,Sell
428,2024-03-26T00:00:00+05:30,1922.65,1957.2,1912.05,1947.6,469695,1.9539968584404932,1927.0582666056762,1900.5239491309576,26.53431747471859,36.266429331338415,45.15000000000009,34.549999999999955,10.600000000000136,45.15000000000009,69.21428571428578,883946.2,Sell
429,2024-03-27T00:00:00+05:30,1948.6,1996.4,1933.85,1973.15,568678,1.9318987650480166,1934.1493025124953,1905.9036566027385,28.24564590975683,34.6622726470221,62.55000000000018,48.80000000000018,13.75,62.55000000000018,70.78214285714293,832189.8,Sell
430,2024-03-28T00:00:00+05:30,1973.15,2017.7,1957.65,2010.4,792545,2.00691710403626,1945.8801790490345,1913.644126484017,32.23605256501742,34.177028630621166,60.049999999999955,44.549999999999955,15.5,60.049999999999955,70.51071428571434,812088.75,Sell
431,2024-04-01T00:00:00+05:30,2021.0,2050.7,2012.5,2036.55,649428,2.187956798763956,1959.8293822722599,1922.7482652629787,37.081117009281115,34.75784630635316,38.19999999999982,40.29999999999973,2.099999999999909,40.29999999999973,69.00714285714288,759024.35,Buy
432,2024-04-02T00:00:00+05:30,2043.85,2083.0,2037.95,2073.85,581309,2.4424830204729284,1977.3710157688354,1933.94098635461,43.43002941422537,36.492282927927604,45.049999999999955,46.450000000000045,1.400000000000091,46.450000000000045,66.0857142857143,761756.65,Buy
433,2024-04-03T00:00:00+05:30,2068.95,2084.65,2049.15,2054.1,724183,2.600950050736296,1989.1754748813223,1942.8416540320463,46.33382084927598,38.460590512197285,35.5,10.800000000000182,24.699999999999818,35.5,64.19642857142858,795419.9,Buy
434,2024-04-04T00:00:00+05:30,2057.0,2079.5,2051.4,2057.55,513272,2.769404998819859,1999.6946325918882,1951.338568548191,48.35606404369719,40.43968521849727,28.09999999999991,25.40000000000009,2.699999999999818,28.09999999999991,56.48928571428572,711378.0,No Signal
435,2024-04-05T00:00:00+05:30,2059.0,2065.15,2027.0,2061.8,768390,2.9240388077596347,2009.2493045008284,1959.5208968038805,49.7284076969479,42.297429714187395,38.15000000000009,7.599999999999909,30.550000000000182,38.15000000000009,50.592857142857156,705608.9,No Signal
436,2024-04-08T00:00:00+05:30,2063.95,2073.1,2039.15,2048.25,214289,3.0460877394902526,2015.249411500701,1966.093422966556,49.15598853414485,43.66914147817889,33.94999999999982,11.299999999999727,22.65000000000009,33.94999999999982,48.871428571428574,669572.85,No Signal
437,2024-04-09T00:00:00+05:30,2055.0,2058.6,2003.35,2012.65,488171,3.101609125935336,2014.8495020390546,1969.5420583023667,45.3074437366879,43.99680192988069,55.25,10.349999999999909,44.90000000000009,55.25,47.79285714285714,631731.4,No Signal
438,2024-04-10T00:00:00+05:30,2020.0,2020.0,1969.05,1970.55,365580,3.1569821946497676,2008.0341940330463,1969.6167206503396,38.4174733827067,42.880936220445896,50.950000000000045,7.349999999999909,43.600000000000136,50.950000000000045,47.046428571428564,608991.9,No Signal
439,2024-04-12T00:00:00+05:30,1975.0,1984.15,1937.15,1945.45,601527,3.2182518106419664,1998.4058564895008,1967.826593194759,30.57926329474185,40.42060163530509,47.0,13.600000000000136,33.399999999999864,47.0,44.23214285714284,591704.4,No Signal
440,2024-04-15T00:00:00+05:30,1939.9,1969.9,1904.45,1909.2,574096,3.195239050062387,1984.681878568039,1963.4838825877398,21.19799598029931,36.57608050430394,65.45000000000005,24.450000000000045,41.0,65.45000000000005,45.78928571428571,585266.5,No Signal
441,2024-04-16T00:00:00+05:30,1899.2,1915.0,1870.0,1886.45,231321,3.367714747939095,1969.569281865264,1957.777669062722,11.791612802541977,31.61918696395155,45.0,5.7999999999999545,39.200000000000045,45.0,46.70357142857142,556124.15,No Signal
442,2024-04-18T00:00:00+05:30,1853.0,1924.3,1837.35,1854.1,2078642,3.7013144528101853,1951.8047769629156,1950.0978417247427,1.706935238172946,25.63673661879583,86.95000000000005,37.84999999999991,49.100000000000136,86.95000000000005,49.6892857142857,624155.55,No Signal
443,2024-04-19T00:00:00+05:30,1849.9,1849.9,1741.1,1755.2,2968937,4.786663984246294,1921.5578881993902,1935.660964559947,-14.10307636055677,17.688774022925312,108.80000000000018,4.199999999999818,113.0,113.0,53.29285714285712,736956.9,No Signal
444,2024-04-22T00:00:00+05:30,1762.0,1773.25,1711.0,1722.95,1774498,5.751353171158854,1891.002828476407,1919.9045968147657,-28.90176833835858,8.370665550668534,62.25,18.049999999999955,44.200000000000045,62.25,53.44999999999998,796330.75,No Signal
445,2024-04-23T00:00:00+05:30,1735.0,1762.95,1730.05,1744.95,821183,6.2271872719612285,1868.53316255696,1906.944997050709,-38.411834493748984,-0.98583445821497,32.90000000000009,40.0,7.099999999999909,40.0,53.42857142857143,805222.55,No Signal
446,2024-04-24T00:00:00+05:30,1754.05,1756.95,1740.0,1746.1,476505,6.714404840034958,1849.6972913943507,1895.0305528247304,-45.33326143037971,-9.855319852647916,16.950000000000045,12.0,4.9500000000000455,16.950000000000045,51.32142857142857,807031.75,No Signal
447,2024-04-25T00:00:00+05:30,1746.1,1752.25,1721.05,1743.4,519313,7.167930807062958,1833.343861949066,1883.7986600228985,-50.454798073832535,-17.975215496884843,31.200000000000045,6.150000000000091,25.049999999999955,31.200000000000045,51.01428571428572,809078.1,No Signal
448,2024-04-26T00:00:00+05:30,1755.0,1764.85,1738.05,1756.65,316817,7.430992145493724,1821.5448062645942,1874.380240761943,-52.83543449734884,-24.947259296977645,26.799999999999955,21.449999999999818,5.350000000000136,26.799999999999955,50.92142857142858,801434.2,No Signal
449,2024-04-29T00:00:00+05:30,1756.65,1768.0,1715.3,1733.75,510632,7.849309202091352,1808.0379129931182,1863.963185890688,-55.92527289756981,-31.142862017096082,52.700000000000045,11.349999999999909,41.350000000000136,52.700000000000045,51.96071428571429,798531.9,No Signal
450,2024-04-30T00:00:00+05:30,1736.45,1758.0,1725.0,1729.85,469868,8.047193168899632,1796.0090033018691,1854.0288758247111,-58.01987252284198,-36.51826411824526,33.0,24.25,8.75,33.0,51.89285714285716,782398.05,No Signal
451,2024-05-02T00:00:00+05:30,1731.0,1750.15,1728.2,1743.7,302126,7.949685069477898,1787.9614643323507,1845.856366504362,-57.89490217201137,-40.793591728998486,21.950000000000045,20.300000000000182,1.6499999999998636,21.950000000000045,49.514285714285734,765032.95,No Signal
452,2024-05-03T00:00:00+05:30,1758.5,1758.5,1712.2,1721.75,343210,7.821999166904655,1777.7750852042968,1836.6633023188538,-58.88821711455694,-44.412516806110176,46.299999999999955,14.799999999999955,31.5,46.299999999999955,49.18214285714287,753128.0,No Signal
453,2024-05-06T00:00:00+05:30,1730.65,1731.95,1707.1,1724.5,264859,7.5232830952511796,1769.5789182497897,1828.3549095544943,-58.775991304704576,-47.285211705829056,24.850000000000136,10.200000000000045,14.650000000000091,24.850000000000136,47.60000000000002,730161.8,No Signal
454,2024-05-07T00:00:00+05:30,1727.8,1733.0,1712.0,1719.85,442393,7.10298414271319,1761.9283154421298,1820.317508846754,-58.389193404624166,-49.50600804558808,21.0,8.5,12.5,21.0,44.42500000000002,726617.85,No Signal
455,2024-05-08T00:00:00+05:30,1718.0,1773.5,1707.05,1756.85,697275,6.240886493631305,1761.1470361433405,1815.6162118951427,-54.46917575180214,-50.4986415868309,66.45000000000005,53.65000000000009,12.799999999999955,66.45000000000005,45.95714285714288,723062.1,No Signal
456,2024-05-09T00:00:00+05:30,1765.0,1772.0,1720.1,1726.1,345276,5.549520612959309,1755.7551844289806,1808.9853813843913,-53.23019695541075,-51.04495266054687,51.90000000000009,15.150000000000091,36.75,51.90000000000009,43.45357142857146,729611.45,No Signal
457,2024-05-10T00:00:00+05:30,1725.0,1748.9,1714.5,1742.05,207663,4.6786966261128455,1753.6466945168297,1804.0272049855475,-50.38051046871783,-50.912064222181066,34.40000000000009,22.800000000000182,11.599999999999909,34.40000000000009,37.839285714285744,715586.05,No Signal
458,2024-05-13T00:00:00+05:30,1740.0,1748.6,1712.0,1743.2,179448,3.935854898775319,1752.0395107450097,1799.5214860977292,-47.48197535271947,-50.22604644828875,36.59999999999991,6.5499999999999545,30.049999999999955,36.59999999999991,36.00714285714288,706279.45,No Signal
459,2024-05-14T00:00:00+05:30,1747.95,1777.2,1732.45,1770.2,360123,3.100271804308259,1754.8334321688544,1797.349524164564,-42.51609199570953,-48.68405555777291,44.75,34.0,10.75,44.75,36.346428571428596,694209.25,No Signal
460,2024-05-15T00:00:00+05:30,1779.95,1781.7,1752.0,1762.4,130778,2.4124533059728717,1755.9975195274922,1794.7606705227445,-38.76315099525232,-46.69987464526879,29.700000000000045,11.5,18.200000000000045,29.700000000000045,37.25714285714288,672043.35,No Signal
461,2024-05-16T00:00:00+05:30,1775.0,1813.0,1770.65,1805.45,682620,1.758637683143321,1763.6055934463395,1795.5524727062448,-31.946879259905245,-43.74927556819608,42.34999999999991,50.59999999999991,8.25,50.59999999999991,38.64285714285716,694608.3,No Signal
462,2024-05-17T00:00:00+05:30,1794.25,1810.35,1790.75,1802.05,300442,1.3295835596798877,1769.520117531518,1796.0337710243007,-26.513653492782623,-40.30215115311339,19.59999999999991,4.899999999999864,14.700000000000045,19.59999999999991,38.12857142857144,605698.3,No Signal
463,2024-05-18T00:00:00+05:30,1804.95,1810.0,1794.55,1807.0,31522,1.5155156690597593,1775.2862532958998,1796.8460842817599,-21.559830985860117,-36.55368711966274,15.450000000000045,7.9500000000000455,7.5,15.450000000000045,35.467857142857156,458827.55,No Signal
464,2024-05-21T00:00:00+05:30,1812.0,1830.35,1800.5,1820.9,421584,1.692105075898673,1782.3037527888382,1798.6278558164443,-16.324103027606043,-32.507770301251405,29.84999999999991,23.34999999999991,6.5,29.84999999999991,35.24285714285715,391181.85,No Signal
465,2024-05-22T00:00:00+05:30,1829.65,1830.0,1794.6,1817.8,265165,1.8552609783343104,1787.7647138982477,1800.0480146448558,-12.28330074660812,-28.462876390322748,35.40000000000009,9.099999999999909,26.300000000000182,35.40000000000009,36.203571428571436,363380.95,No Signal
466,2024-05-23T00:00:00+05:30,1835.0,1845.0,1821.5,1834.6,286711,2.048082301002563,1794.9701425292865,1802.6074209674591,-7.637278438172643,-24.297756799892728,23.5,27.200000000000045,3.7000000000000455,27.200000000000045,34.83928571428573,353891.25,No Signal
467,2024-05-24T00:00:00+05:30,1837.0,1845.0,1826.25,1838.55,194443,2.220815409519204,1801.6747359863193,1805.2698342291287,-3.5950982428093994,-20.157225088476064,18.75,10.400000000000091,8.349999999999909,18.75,34.40357142857143,337647.75,No Signal
468,2024-05-27T00:00:00+05:30,1840.0,1842.4,1806.95,1818.5,264144,2.323590691463875,1804.2632381422702,1806.2498465084525,-1.9866083661822813,-16.523101744017307,35.450000000000045,3.8500000000001364,31.59999999999991,35.450000000000045,35.4357142857143,335014.1,No Signal
469,2024-05-28T00:00:00+05:30,1823.95,1828.1,1781.1,1799.75,373270,2.3209112345972427,1803.5688938126902,1805.7683763967152,-2.199482584024963,-13.658377912018839,47.0,9.599999999999909,37.40000000000009,47.0,34.04642857142858,328146.0,No Signal
470,2024-05-29T00:00:00+05:30,1785.0,1808.8,1785.0,1790.45,205857,2.265384100989845,1801.5506024568917,1804.6336818488103,-3.0830793919185453,-11.54331820799878,23.799999999999955,9.049999999999955,14.75,23.799999999999955,32.03928571428571,314945.45,No Signal
471,2024-05-30T00:00:00+05:30,1785.4,1796.45,1756.05,1762.7,283686,2.266439525928096,1795.573586694293,1801.527483193343,-5.953896499049961,-10.425433866209017,40.40000000000009,6.0,34.40000000000009,40.40000000000009,32.46785714285714,314023.45,No Signal
472,2024-05-31T00:00:00+05:30,1769.0,1784.0,1761.65,1778.3,592937,2.118831330639729,1792.9161118182478,1799.806928882725,-6.890817064477233,-9.71851050586266,22.34999999999991,21.299999999999955,1.0499999999999545,22.34999999999991,31.449999999999996,326509.8,No Signal
473,2024-06-03T00:00:00+05:30,1804.95,1821.4,1769.05,1775.25,1016552,1.988659027718824,1790.1982484615944,1797.9878971136343,-7.789648652039887,-9.332738135098106,52.350000000000136,43.100000000000136,9.25,52.350000000000136,31.99285714285715,364094.45,No Signal
474,2024-06-04T00:00:00+05:30,1771.45,1771.45,1585.55,1668.25,889190,2.4901463358243694,1771.436979467503,1788.3776825126242,-16.940703045121154,-10.854331117102717,185.9000000000001,3.7999999999999545,189.70000000000005,189.70000000000005,43.42142857142858,386434.3,Sell
475,2024-06-05T00:00:00+05:30,1670.0,1755.7,1655.65,1748.3,660369,2.3935557636516838,1767.8774441648102,1785.408965289467,-17.53152112465682,-12.189769118613539,100.04999999999995,87.45000000000005,12.599999999999909,100.04999999999995,46.953571428571436,384589.0,Sell
476,2024-06-06T00:00:00+05:30,1748.3,1799.0,1748.0,1791.1,375930,2.2259638714068704,1771.4501450625316,1785.8305234161733,-14.380378353641618,-12.627890965619155,51.0,50.700000000000045,0.2999999999999545,51.0,49.19642857142859,386121.7,Sell
477,2024-06-07T00:00:00+05:30,1799.0,1817.75,1780.1,1812.75,406704,2.1567076298779257,1777.8039688990652,1787.8245587186789,-10.020589819613633,-12.106430736418051,37.65000000000009,26.65000000000009,11.0,37.65000000000009,50.78214285714288,396073.75,Buy
478,2024-06-10T00:00:00+05:30,1829.0,1877.6,1819.25,1859.0,1139930,2.1919889845941958,1790.2956659915167,1793.0968136284064,-2.8011476368897092,-10.245374116512384,58.34999999999991,64.84999999999991,6.5,64.84999999999991,53.28214285714288,444097.85,Buy
479,2024-06-11T00:00:00+05:30,1865.0,1909.0,1851.0,1878.75,573625,2.3727710196632263,1803.9040250697449,1799.4414941003763,4.462530969368572,-7.303793099336193,58.0,50.0,8.0,58.0,54.89642857142859,454772.95,Buy
480,2024-06-12T00:00:00+05:30,1895.0,1917.15,1887.95,1897.0,666238,2.571869409907236,1818.2264827513227,1806.668050092941,11.558432658381662,-3.5313479477926224,29.200000000000045,38.40000000000009,9.200000000000045,38.40000000000009,55.69642857142859,481545.95,Buy
481,2024-06-13T00:00:00+05:30,1926.0,1926.0,1865.0,1877.0,732633,2.735962377932884,1827.2685623280422,1811.8778241601306,15.39073816791165,0.25306927534823204,61.0,29.0,32.0,61.0,58.71428571428573,484046.6,Buy
482,2024-06-14T00:00:00+05:30,1882.05,1885.8,1860.55,1868.4,276056,2.8369086841930335,1833.5964758160358,1816.064652000121,17.531823815914777,3.7088201834615413,25.25,8.799999999999955,16.450000000000045,25.25,57.9857142857143,482827.3,Buy
483,2024-06-18T00:00:00+05:30,1875.8,1878.2,1855.1,1868.2,342146,2.913767316947522,1838.9200949212611,1819.9265296297417,18.993565291519417,6.765769205073117,23.100000000000136,9.799999999999955,13.300000000000182,23.100000000000136,56.27857142857145,498358.5,Buy
484,2024-06-19T00:00:00+05:30,1871.0,1872.45,1827.85,1831.25,516880,2.9783132528514047,1837.74008031799,1820.765305212724,16.97477510526619,8.807570385111733,44.600000000000136,4.25,40.350000000000136,44.600000000000136,57.76428571428575,503123.3,Buy
485,2024-06-20T00:00:00+05:30,1834.95,1880.0,1818.9,1865.2,531539,2.9836281744726056,1841.9646833459917,1824.0567640858555,17.90791926013617,10.62764016011662,61.09999999999991,48.75,12.349999999999909,61.09999999999991,59.24285714285717,516442.0,Buy
486,2024-06-21T00:00:00+05:30,1870.0,1877.95,1840.0,1845.75,364804,3.0274588256311343,1842.5470397543006,1825.6636704498662,16.88336930443438,11.878785988980173,37.950000000000045,12.75,25.200000000000045,37.950000000000045,60.35714285714289,520346.65,Buy
487,2024-06-24T00:00:00+05:30,1845.05,1856.4,1829.05,1849.35,188241,3.0352622418630792,1843.5936490228698,1827.4182133795057,16.175435643364153,12.73811591985697,27.350000000000136,10.650000000000091,16.700000000000045,27.350000000000136,58.571428571428605,520036.55,Buy
488,2024-06-25T00:00:00+05:30,1853.95,1865.95,1827.85,1837.5,215959,3.062836779539949,1842.6561645578129,1828.1650123884313,14.491152169381621,13.0887231697619,38.100000000000136,16.600000000000136,21.5,38.100000000000136,47.74285714285718,517627.3,No Signal
489,2024-06-26T00:00:00+05:30,1838.0,1864.45,1820.15,1841.6,371714,3.054777084963984,1842.4936777027647,1829.160196655955,13.333481046809766,13.137674745171475,44.299999999999955,26.950000000000045,17.34999999999991,44.299999999999955,43.76071428571432,517549.5,No Signal
490,2024-06-27T00:00:00+05:30,1841.8,1878.95,1832.1,1858.4,426729,3.0286024446940325,1844.9408042100317,1831.3261080147731,13.614696195258603,13.233079035188902,46.850000000000136,37.350000000000136,9.5,46.850000000000136,43.464285714285765,528593.1,No Signal
491,2024-06-28T00:00:00+05:30,1868.0,1883.9,1842.1,1854.45,343288,2.943829352309961,1846.4037574084884,1833.0389889025678,13.364768505920665,13.259416929335256,41.80000000000018,25.5,16.300000000000182,41.80000000000018,43.76071428571434,531573.2,No Signal
492,2024-07-01T00:00:00+05:30,1846.45,1868.1,1838.05,1855.85,220507,2.8799127440579504,1847.8570254994902,1834.7286934283036,13.128332071186605,13.233199957705526,30.049999999999955,13.649999999999864,16.40000000000009,30.049999999999955,41.275000000000055,512951.7,No Signal
493,2024-07-02T00:00:00+05:30,1857.0,1905.5,1836.55,1889.5,1280752,2.800807530538783,1854.263636961107,1838.7858272484293,15.477809712677754,13.682121908699973,68.95000000000005,49.65000000000009,19.299999999999955,68.95000000000005,42.05714285714292,526161.7,No Signal
494,2024-07-03T00:00:00+05:30,1894.65,1902.0,1870.05,1894.75,651064,1.8836076580726502,1860.4923081978598,1842.9313215263235,17.560986671536284,14.457894861267235,31.950000000000045,12.5,19.450000000000045,31.950000000000045,41.59642857142863,514255.4,No Signal
495,2024-07-04T00:00:00+05:30,1896.0,1900.0,1874.3,1876.3,391028,1.4165633501909278,1862.9242607828044,1845.4030754873365,17.52118529546783,15.070552948107355,25.700000000000045,5.25,20.450000000000045,25.700000000000045,39.07500000000006,500788.35,No Signal
496,2024-07-05T00:00:00+05:30,1878.7,1893.0,1873.2,1888.3,247619,1.1822534293882425,1866.8282206623728,1848.5806254512374,18.247595211135376,15.70596140071296,19.799999999999955,16.700000000000045,3.099999999999909,19.799999999999955,38.68571428571435,494372.8,No Signal
497,2024-07-08T00:00:00+05:30,1888.3,1892.95,1840.0,1857.2,269813,1.0280762890592932,1865.3469559450848,1849.2190976400348,16.12785830505004,15.790340781580376,52.950000000000045,4.650000000000091,48.299999999999955,52.950000000000045,40.81785714285719,487528.25,No Signal
498,2024-07-09T00:00:00+05:30,1853.0,1871.5,1824.0,1843.75,482737,1.0646508013032925,1862.0243473381488,1848.8139792963284,13.210368041820402,15.274346233628382,47.5,14.299999999999955,33.200000000000045,47.5,41.02500000000004,454668.6,No Signal
499,2024-07-10T00:00:00+05:30,1853.5,1863.2,1810.05,1854.75,248412,1.0463862549278113,1860.9052169784336,1849.2536845336374,11.651532444796203,14.549783475861947,53.15000000000009,19.450000000000045,33.700000000000045,53.15000000000009,40.45714285714291,438407.95,No Signal
500,2024-07-11T00:00:00+05:30,1858.95,1872.0,1843.05,1869.0,262273,0.9493756766510255,1862.1505682125207,1850.7163745681828,11.434193644337938,13.926665509557147,28.950000000000045,17.25,11.700000000000045,28.950000000000045,39.81428571428577,418209.7,No Signal
501,2024-07-12T00:00:00+05:30,1873.7,1875.0,1855.0,1859.5,172882,0.9334471355310199,1861.7427884875176,1851.367013489058,10.37577499845952,13.216487407337622,20.0,6.0,14.0,20.0,39.28928571428576,390222.15,No Signal
502,2024-07-15T00:00:00+05:30,1863.05,1882.95,1850.0,1871.15,183187,0.9317512122754883,1863.1900517971303,1852.832419897276,10.357631899854368,12.644716305840973,32.950000000000045,23.450000000000045,9.5,32.950000000000045,38.92142857142861,385578.7,No Signal
503,2024-07-16T00:00:00+05:30,1871.15,1882.95,1846.55,1851.05,223941,0.9433605085954191,1861.3223515206487,1852.700388793774,8.621962726874699,11.840165590047718,36.40000000000009,11.799999999999955,24.600000000000136,36.40000000000009,38.357142857142904,379668.45,No Signal
504,2024-07-18T00:00:00+05:30,1835.0,1888.0,1825.55,1870.45,856144,0.8690644984306184,1862.7266051328565,1854.01517480905,8.711430323806553,11.214418536799485,62.450000000000045,36.950000000000045,25.5,62.450000000000045,39.47142857142861,396631.65,No Signal
505,2024-07-19T00:00:00+05:30,1875.0,1883.9,1780.05,1788.4,1554675,1.2882215747124584,1851.291742804725,1849.154791489861,2.136951314863836,9.398925092412355,103.85000000000014,13.450000000000045,90.40000000000009,103.85000000000014,43.90357142857147,447788.45,Sell
506,2024-07-22T00:00:00+05:30,1785.05,1817.95,1767.25,1785.7,605985,1.5715684025246024,1841.2007054501519,1844.4544365646861,-3.2537311145342755,6.868393851023029,50.700000000000045,29.549999999999955,21.15000000000009,50.700000000000045,45.378571428571476,459847.5,Sell
507,2024-07-23T00:00:00+05:30,1795.05,1802.25,1720.05,1785.55,476069,1.7956634616303844,1832.6390584578207,1840.091144967302,-7.452086509481205,4.004297778922182,82.20000000000005,16.549999999999955,65.65000000000009,82.20000000000005,46.325000000000045,474238.9,Sell
508,2024-07-24T00:00:00+05:30,1787.0,1858.2,1774.55,1848.5,794721,1.725765124434735,1835.0792033104638,1840.714023117872,-5.634819807408348,2.076474261656076,83.65000000000009,72.65000000000009,11.0,83.65000000000009,50.01785714285719,503177.0,Sell
509,2024-07-25T00:00:00+05:30,1825.0,1846.35,1816.65,1831.35,287249,1.7561592385870672,1834.5054797242385,1840.0203917758074,-5.514912051568899,0.558196999011081,29.699999999999818,2.150000000000091,31.84999999999991,31.84999999999991,50.4571428571429,498953.75,Sell
510,2024-07-26T00:00:00+05:30,1842.0,1893.95,1835.1,1886.4,588627,1.7528295920421055,1842.4892520743556,1843.4559183109327,-0.9666662365771117,0.2532243518934425,58.850000000000136,62.600000000000136,3.75,62.600000000000136,53.51428571428577,507048.65,Sell
511,2024-07-29T00:00:00+05:30,1894.95,1895.0,1863.0,1875.6,388102,1.7832694798205817,1847.5832132936855,1845.8369613990117,1.7462518946738328,0.5518298604495205,32.0,8.599999999999909,23.40000000000009,32.0,52.01785714285719,509289.35,Buy
512,2024-07-30T00:00:00+05:30,1885.0,1931.7,1876.6,1907.5,1307192,1.8618624818803897,1856.8011804792723,1850.4045938879738,6.396586591298501,1.7207812066193167,55.100000000000136,56.100000000000136,1.0,56.100000000000136,52.63214285714292,563623.6,Buy
513,2024-07-31T00:00:00+05:30,1910.0,2004.5,1910.0,1990.75,2224136,2.314560947544675,1877.4086911747688,1860.800549896272,16.60814127849676,4.698253220994805,94.5,97.0,2.5,97.0,55.76428571428577,610792.8,Buy
514,2024-08-01T00:00:00+05:30,1992.75,2005.85,1956.65,1970.85,601244,2.6250675351951096,1891.7842771478813,1868.9523610150668,22.831916132814513,8.324985803358746,49.19999999999982,15.099999999999909,34.09999999999991,49.19999999999982,57.210714285714324,608301.8,Buy
515,2024-08-02T00:00:00+05:30,1954.0,1989.95,1929.65,1951.35,476193,2.826825213436599,1900.9482345097456,1875.0558898287654,25.89234468098016,11.83845757888303,60.299999999999955,19.100000000000136,41.19999999999982,60.299999999999955,60.089285714285744,612560.05,Buy
516,2024-08-05T00:00:00+05:30,1897.4,1939.0,1858.0,1869.95,527971,2.940285692753705,1896.1792753544,1874.6776757673754,21.501599587024657,13.771085980511357,81.0,12.349999999999909,93.34999999999991,93.34999999999991,64.40357142857145,626577.65,Buy
517,2024-08-06T00:00:00+05:30,1880.3,1911.5,1835.55,1841.7,273051,3.000334434303232,1887.7978483768,1872.2348849697921,15.562963407007828,14.129461465810651,75.95000000000005,41.549999999999955,34.40000000000009,75.95000000000005,67.22857142857144,626739.55,Buy
518,2024-08-07T00:00:00+05:30,1860.0,1885.0,1844.85,1876.75,470443,2.9304717642969713,1886.0981793957537,1872.5693379349927,13.528841460760987,14.00933746480072,40.15000000000009,43.299999999999955,3.1499999999998636,43.299999999999955,65.8607142857143,626124.85,Sell
519,2024-08-08T00:00:00+05:30,1880.0,1889.05,1851.05,1854.5,218275,2.965820498057899,1881.2369210271763,1871.2308684583265,10.006052568849782,13.208680485610532,38.0,12.299999999999955,25.700000000000045,38.0,61.15714285714286,624618.0,Sell
520,2024-08-09T00:00:00+05:30,1866.45,1905.95,1863.05,1887.5,249046,2.9219173785506083,1882.20047163838,1872.4359893132653,9.764482325114614,12.519840853511349,42.90000000000009,51.450000000000045,8.549999999999955,51.450000000000045,61.21071428571429,623956.65,Sell
521,2024-08-12T00:00:00+05:30,1870.35,1900.15,1852.5,1886.75,356132,2.926135371246299,1882.900399078629,1873.4962864011716,9.404112677457533,11.896695218300586,47.65000000000009,12.650000000000091,35.0,47.65000000000009,58.74285714285715,633119.15,Sell
522,2024-08-13T00:00:00+05:30,1885.95,1889.45,1837.9,1849.45,179437,2.997144836069112,1877.7541838357631,1871.7150800010847,6.039103834678372,10.725176941576144,51.549999999999955,2.7000000000000455,48.84999999999991,51.549999999999955,56.449999999999996,632931.65,Sell
523,2024-08-14T00:00:00+05:30,1849.45,1857.95,1814.9,1833.35,237215,3.0488970852152097,1870.9227709379534,1868.8732222232265,2.049548714726825,8.99005129620628,43.049999999999955,8.5,34.549999999999955,43.049999999999955,57.25,633595.35,Sell
524,2024-08-16T00:00:00+05:30,1842.95,1870.0,1840.15,1864.6,146375,2.9983735990142555,1869.950036947499,1868.5566872437282,1.3933497037708094,7.470710977719186,29.84999999999991,36.65000000000009,6.800000000000182,36.65000000000009,55.396428571428565,598106.9,No Signal
525,2024-08-19T00:00:00+05:30,1864.85,1883.7,1864.85,1871.25,170949,2.8091070714595037,1870.1500312632684,1868.756191892341,1.3938393709274806,6.2553366563608455,18.850000000000136,19.100000000000136,0.25,19.100000000000136,54.47500000000001,528920.6,No Signal
526,2024-08-20T00:00:00+05:30,1875.0,1887.0,1866.35,1879.45,405109,2.5718605569107824,1871.5807956843041,1869.5483258262416,2.032469858062541,5.410763296701185,20.65000000000009,15.75,4.900000000000091,20.65000000000009,51.94285714285714,518876.8,No Signal
527,2024-08-21T00:00:00+05:30,1879.05,1892.45,1865.2,1887.1,193195,2.2867297860886353,1873.9683655790266,1870.8484498391126,3.1199157399139494,4.952593785343738,27.25,13.0,14.25,27.25,46.96071428571429,504733.1,No Signal
528,2024-08-22T00:00:00+05:30,1891.9,1931.75,1887.3,1918.95,354780,2.2430872547529805,1880.8886170284072,1874.411527628808,6.477089399599208,5.257492908194832,44.450000000000045,44.65000000000009,0.20000000000004547,44.65000000000009,46.63571428571431,482736.05,No Signal
529,2024-08-23T00:00:00+05:30,1929.9,1934.35,1901.0,1906.9,186732,2.160636264940954,1884.8903682548062,1876.8180811377852,8.072287117021006,5.820451749960068,33.34999999999991,15.399999999999864,17.950000000000045,33.34999999999991,44.7107142857143,477710.2,No Signal
530,2024-08-26T00:00:00+05:30,1915.5,1953.7,1911.2,1947.7,464678,2.2135487277272707,1894.5533885232976,1882.0685936460973,12.48479487720033,7.1533203754081205,42.5,46.799999999999955,4.2999999999999545,46.799999999999955,41.38571428571431,471512.75,No Signal
531,2024-08-27T00:00:00+05:30,1955.0,1965.0,1926.55,1946.15,262769,2.282934681531911,1902.4913287504826,1886.815364487127,15.675964263355581,8.857849152997613,38.450000000000045,17.299999999999955,21.15000000000009,38.450000000000045,38.70714285714288,465246.1,No Signal
532,2024-08-28T00:00:00+05:30,1957.0,1974.8,1923.6,1928.5,508814,2.329931347122615,1906.49266278887,1889.9031152658583,16.58954752301156,10.404188827000402,51.200000000000045,28.649999999999864,22.550000000000182,51.200000000000045,39.2714285714286,425327.2,No Signal
533,2024-08-29T00:00:00+05:30,1932.0,1949.0,1908.15,1932.95,163374,2.0840333475105632,1910.563022359813,1893.0917733943133,17.471248965499626,11.817600854700247,40.84999999999991,20.5,20.34999999999991,40.84999999999991,39.47500000000002,322289.1,No Signal
534,2024-08-30T00:00:00+05:30,1943.9,1981.0,1932.95,1961.85,787434,2.0101500066719478,1918.4533266121493,1898.184975365105,20.268351247044393,13.507750933169078,48.049999999999955,48.049999999999955,0.0,48.049999999999955,39.232142857142875,331598.6,No Signal
535,2024-09-02T00:00:00+05:30,1963.05,1973.6,1943.45,1965.2,305124,2.065215553189943,1925.6451225179726,1903.1490512639862,22.49607125398643,15.30541499733255,30.149999999999864,11.75,18.399999999999864,30.149999999999864,37.982142857142854,323045.15,No Signal
536,2024-09-03T00:00:00+05:30,1965.2,2019.9,1963.0,1981.45,597370,2.239217326605699,1934.2304882844383,1908.949121540728,25.28136674371035,17.300605346608112,56.90000000000009,54.700000000000045,2.2000000000000455,56.90000000000009,38.36428571428572,326515.1,No Signal
537,2024-09-04T00:00:00+05:30,1960.0,1969.2,1944.05,1952.1,178351,2.2256852342102036,1936.9796439329862,1912.1454829080815,24.834161024904688,18.807316482267428,25.15000000000009,12.25,37.40000000000009,37.40000000000009,37.9607142857143,321780.1,No Signal
538,2024-09-05T00:00:00+05:30,1961.0,1988.55,1943.7,1977.15,216620,2.3044841888407697,1943.1596987125267,1916.9606323222977,26.199066390229063,20.285666463859755,44.84999999999991,36.450000000000045,8.399999999999864,44.84999999999991,38.54642857142858,309088.95,No Signal
539,2024-09-06T00:00:00+05:30,1972.3,1979.9,1939.0,1941.35,180122,2.2633832081625216,1942.8812835259841,1918.7672521502757,24.114031375708464,21.0513394462295,40.90000000000009,2.75,38.15000000000009,40.90000000000009,40.103571428571435,307181.3,No Signal
540,2024-09-09T00:00:00+05:30,1924.0,1934.65,1909.4,1925.85,224997,2.2569737418577875,1940.2610860604482,1919.2919001391442,20.96918592130396,21.034908741244394,25.25,6.699999999999818,31.949999999999818,31.949999999999818,40.91071428571427,305978.85,No Signal
541,2024-09-10T00:00:00+05:30,1935.95,2006.0,1930.0,1997.3,1071168,2.3149617888882217,1949.03630358961,1925.070277906615,23.966025682994996,21.621132129594514,76.0,80.15000000000009,4.150000000000091,80.15000000000009,44.6892857142857,341730.65,Buy
542,2024-09-11T00:00:00+05:30,2010.0,2030.0,1977.1,1982.65,924112,2.2486718106746846,1954.2076414989008,1929.335442506125,24.872198992775793,22.271345502230773,52.90000000000009,32.700000000000045,20.200000000000045,52.90000000000009,45.27857142857142,378964.4,Buy
543,2024-09-12T00:00:00+05:30,1990.95,2032.2,1981.0,2021.45,1491829,2.1227511440680873,1964.552619729839,1936.158743061227,28.393876668612165,23.495851735507053,51.200000000000045,49.549999999999955,1.650000000000091,51.200000000000045,46.55357142857143,441695.1,Buy
544,2024-09-13T00:00:00+05:30,2033.9,2070.0,2022.55,2060.2,1011923,2.282992867978388,1979.2676013098637,1945.3469843159507,33.92061699391297,25.58080478718824,47.450000000000045,48.549999999999955,1.099999999999909,48.549999999999955,46.67857142857143,484972.5,Buy
545,2024-09-16T00:00:00+05:30,2074.0,2079.0,2040.0,2047.5,173824,2.351358899088343,1989.7648934160386,1952.913874366621,36.85101904941757,27.834847639634106,39.0,18.800000000000182,20.199999999999818,39.0,46.71785714285714,485116.25,Buy
546,2024-09-17T00:00:00+05:30,2036.0,2047.5,2007.5,2029.95,285534,2.3130108246669576,1995.9472175058788,1958.6202540431677,37.32696346271109,29.733270804249504,40.0,0.0,40.0,40.0,45.91785714285714,479137.5,Buy
547,2024-09-18T00:00:00+05:30,2021.1,2029.9,1977.1,1995.1,226556,2.182050872960631,1995.8168763511283,1961.3224574473775,34.494418903750784,30.68550042414976,52.80000000000018,0.049999999999954525,52.850000000000136,52.850000000000136,46.77500000000001,480805.55,Buy
548,2024-09-19T00:00:00+05:30,2000.0,2028.95,1948.0,1975.25,501366,2.1149298316945955,1992.6527415278779,1962.3541272660902,30.298614261787634,30.60812319167734,80.95000000000005,33.850000000000136,47.09999999999991,80.95000000000005,49.125000000000014,488134.85,Sell
549,2024-09-20T00:00:00+05:30,1985.6,1986.9,1942.2,1968.0,372956,1.9688806563042036,1988.8600120620506,1962.7723400611947,26.087672000855946,29.704032953513064,44.700000000000045,11.650000000000091,33.049999999999955,44.700000000000045,50.16428571428575,497446.05,Sell
550,2024-09-23T00:00:00+05:30,1978.05,2025.0,1978.05,2007.75,319324,1.9272220990262199,1991.7661640525043,1966.1040185751801,25.662145477324202,28.895655458275293,46.950000000000045,57.0,10.049999999999955,57.0,50.17142857142859,490178.35,Sell
551,2024-09-24T00:00:00+05:30,2012.8,2042.0,2010.05,2022.95,435601,1.9268642501218884,1996.563677275196,1970.3148320140556,26.248845261140332,28.366293418848304,31.950000000000045,34.25,2.2999999999999545,34.25,49.94642857142859,498819.95,Sell
552,2024-09-25T00:00:00+05:30,2025.0,2134.35,2012.1,2127.7,2690694,2.276160684929157,2016.7384961559349,1981.972992605607,34.76550355032782,29.64613544514421,122.25,111.39999999999986,10.850000000000136,122.25,55.47500000000002,607913.95,Buy
553,2024-09-26T00:00:00+05:30,2140.0,2158.8,2116.0,2145.15,1742981,2.6535830571080736,2036.4941121319448,1994.060178338525,42.43393379341978,32.203695114799324,42.80000000000018,31.100000000000364,11.699999999999818,42.80000000000018,55.610714285714316,686894.3,Buy
554,2024-09-27T00:00:00+05:30,2145.0,2168.0,2120.1,2126.45,504339,2.921533315971039,2050.333479496261,2003.8668317949305,46.46664770133066,35.05628563210559,47.90000000000009,22.84999999999991,25.050000000000182,47.90000000000009,56.75000000000005,672739.55,Buy
555,2024-09-30T00:00:00+05:30,2118.0,2142.9,2094.1,2134.75,474793,3.125664571049102,2063.3206364968364,2013.5618812916023,49.75875520523414,37.996779546731304,48.80000000000018,16.450000000000273,32.34999999999991,48.80000000000018,54.51071428571434,681223.0,Buy
556,2024-10-01T00:00:00+05:30,2143.0,2175.0,2131.65,2158.75,826483,3.367862363585837,2078.0020770357846,2024.3165567514836,53.68552028430099,41.13452769424524,43.34999999999991,40.25,3.099999999999909,43.34999999999991,53.82857142857147,692678.65,Buy
557,2024-10-03T00:00:00+05:30,2120.0,2175.0,2101.15,2143.1,673756,3.475049922442091,2088.0171421072023,2033.1153303254478,54.90181178175453,43.887984511747106,73.84999999999991,16.25,57.59999999999991,73.84999999999991,55.446428571428605,717448.9,Buy
558,2024-10-04T00:00:00+05:30,2143.0,2157.7,2072.2,2082.05,469613,3.5323735712972315,2087.0991202445557,2036.7401206717109,50.35899957284482,45.182187523966654,85.5,14.599999999999909,70.90000000000009,85.5,58.085714285714324,730098.55,Buy
559,2024-10-07T00:00:00+05:30,2082.05,2096.4,1968.6,1980.0,520672,3.593800676445786,2070.622332514624,2032.5371487701027,38.085183744521146,43.762786768077554,127.80000000000018,14.349999999999909,113.45000000000027,127.80000000000018,64.42857142857147,747126.05,Sell
560,2024-10-08T00:00:00+05:30,1980.0,2024.0,1970.0,2004.15,266871,3.3002301174885282,2060.395819820066,2030.4343970093544,29.961422810711838,41.00251397660441,54.0,44.0,10.0,54.0,65.42857142857147,749219.75,Sell
561,2024-10-09T00:00:00+05:30,2005.0,2013.05,1945.0,1949.35,309945,3.538614100711828,2043.311847540056,2024.4281453790318,18.883702161024303,36.57875161348839,68.04999999999995,8.899999999999864,59.15000000000009,68.04999999999995,66.51428571428575,711158.6,Sell
562,2024-10-10T00:00:00+05:30,1953.0,1984.3,1945.0,1951.8,417120,3.629505740011238,2029.233101764663,2019.0482827583628,10.184819006300131,31.299965092050744,39.299999999999955,34.950000000000045,4.349999999999909,39.299999999999955,63.53928571428575,685809.0,Sell
563,2024-10-11T00:00:00+05:30,1955.3,1993.7,1954.95,1963.75,333881,3.7203198026900965,2019.1587784162532,2014.9521136651508,4.20666475110238,25.881305023861074,38.75,41.90000000000009,3.150000000000091,41.90000000000009,63.339285714285744,627911.6,Sell
564,2024-10-14T00:00:00+05:30,1963.75,1974.1,1935.0,1951.35,171601,3.8827956860919706,2008.7266586599064,2010.2408459862506,-1.5141873263441994,20.402206553820022,39.09999999999991,10.349999999999909,28.75,39.09999999999991,62.06071428571431,585895.5,Sell
565,2024-10-15T00:00:00+05:30,1951.0,1955.5,1910.2,1931.3,342243,4.110619246349143,1996.814865019921,2004.393375913195,-7.578510893274142,14.80606306440119,45.299999999999955,4.150000000000091,41.149999999999864,45.299999999999955,62.85000000000002,594316.45,Sell
566,2024-10-16T00:00:00+05:30,1934.95,1950.0,1908.0,1922.45,210463,4.323488654546547,1985.3741165553176,1998.3234962159213,-12.949379660603654,9.254974519400221,42.0,18.700000000000045,23.299999999999955,42.0,57.11785714285717,590562.9,Sell
567,2024-10-17T00:00:00+05:30,1929.0,1929.0,1811.0,1830.05,1131344,5.133481406745572,1961.4780986237304,1985.8587927925198,-24.380694168789432,2.5278407817622908,118.0,6.5499999999999545,111.45000000000005,118.0,62.48928571428572,635802.3,Sell
568,2024-10-18T00:00:00+05:30,1819.0,1880.7,1808.1,1873.0,669944,5.290019982150147,1947.8660834508487,1977.4988822152961,-29.632798764447443,-3.904287127479656,72.60000000000014,50.65000000000009,21.950000000000045,72.60000000000014,64.25357142857145,644231.2,Sell
569,2024-10-21T00:00:00+05:30,1873.05,1906.0,1848.2,1852.85,326575,5.669277290081502,1933.2482244584105,1968.2656316808298,-35.01740722241925,-10.126911146467576,57.799999999999955,33.0,24.799999999999955,57.799999999999955,64.89642857142857,641912.15,Sell
570,2024-10-22T00:00:00+05:30,1854.95,1867.95,1793.15,1799.2,365598,6.388778661528755,1912.6254206955782,1955.742251556324,-43.11683086074572,-16.724895089323205,74.79999999999995,15.100000000000136,59.69999999999982,74.79999999999995,67.14285714285714,644225.85,Sell
571,2024-10-23T00:00:00+05:30,1790.0,1827.9,1772.1,1779.05,262322,7.005720104949936,1892.0753559731816,1942.653936626226,-50.578580653044355,-23.495632202067437,55.80000000000018,28.700000000000045,27.100000000000136,55.80000000000018,65.85357142857144,635561.9,Sell
572,2024-10-24T00:00:00+05:30,1799.0,1841.95,1773.75,1787.0,780077,7.129387284036835,1875.909916592692,1931.1240153946537,-55.214098801961654,-29.839325522046284,68.20000000000005,62.90000000000009,5.2999999999999545,68.20000000000005,64.61785714285716,540031.05,Sell
573,2024-10-25T00:00:00+05:30,1787.25,1792.45,1738.05,1777.6,405214,7.147532202301382,1860.7853140399702,1919.7518661061608,-58.966552066190616,-35.664770830875156,54.40000000000009,5.4500000000000455,48.950000000000045,54.40000000000009,59.375000000000014,473142.7,No Signal
574,2024-10-28T00:00:00+05:30,1779.1,1813.35,1769.2,1787.35,213902,6.985843787275154,1849.4875734184363,1909.9443204686675,-60.456747050231115,-40.62316607474635,44.149999999999864,35.75,8.399999999999864,44.149999999999864,58.67142857142858,458620.85,No Signal
575,2024-10-29T00:00:00+05:30,1796.8,1798.4,1761.4,1784.05,331846,6.70055774807509,1839.4202544309846,1900.6188152487662,-61.19856081778153,-44.738245023353386,37.0,11.050000000000182,25.949999999999818,37.0,56.453571428571436,451473.5,No Signal
576,2024-10-30T00:00:00+05:30,1780.0,1825.0,1769.0,1787.15,383592,6.046252833653293,1831.3786768262178,1892.2137178229316,-60.835040996713815,-47.95760421802547,56.0,40.950000000000045,15.049999999999955,56.0,57.64642857142859,429328.95,No Signal
577,2024-10-31T00:00:00+05:30,1792.1,1792.1,1747.15,1774.65,556947,5.319668214689628,1822.6511880837227,1883.5052942804923,-60.854106196769635,-50.536904613774304,44.94999999999982,4.949999999999818,40.0,44.94999999999982,57.86428571428571,423488.5,No Signal
578,2024-11-01T00:00:00+05:30,1795.0,1797.45,1778.5,1790.8,41081,4.642018375400857,1817.7510053016115,1876.6382354449004,-58.88723014328889,-52.206969719677225,18.950000000000045,22.799999999999955,3.849999999999909,22.799999999999955,56.699999999999996,402061.9,No Signal
579,2024-11-04T00:00:00+05:30,1781.05,1787.9,1724.0,1746.35,368439,4.71616376680648,1806.7662352552097,1866.9872550415744,-60.22101978636465,-53.809779733014715,63.90000000000009,2.8999999999998636,66.79999999999995,66.79999999999995,58.23571428571428,394450.25,No Signal
580,2024-11-05T00:00:00+05:30,1745.0,1760.0,1715.05,1756.05,240637,4.371025017731383,1798.9637375236389,1858.7696805940504,-59.80594307041156,-55.009012400494086,44.950000000000045,13.650000000000091,31.299999999999955,44.950000000000045,58.44642857142857,393138.55,No Signal
581,2024-11-06T00:00:00+05:30,1759.6,1815.2,1754.8,1809.05,379098,4.008063816584679,1800.5154702123098,1855.0867412907874,-54.571271078477594,-54.92146413609079,60.40000000000009,59.15000000000009,1.25,60.40000000000009,54.33214285714286,396596.2,No Signal
582,2024-11-07T00:00:00+05:30,1812.0,1829.1,1799.1,1805.8,334850,3.712112356356235,1801.3284747950313,1851.435871565544,-50.10739677051265,-53.95865066297517,30.0,20.049999999999955,9.950000000000045,30.0,51.28928571428571,392482.7,No Signal
583,2024-11-08T00:00:00+05:30,1809.0,1812.0,1766.0,1774.65,129546,3.347138856851186,1797.2240940573342,1845.7480292273556,-48.52393517002133,-52.8717075643844,46.0,6.2000000000000455,39.799999999999955,46.0,50.44642857142857,382265.95,No Signal
584,2024-11-11T00:00:00+05:30,1766.0,1794.75,1750.7,1767.95,124439,2.882438721771926,1792.7203872792827,1839.9852122475515,-47.26482496826884,-51.75033104516129,44.049999999999955,20.09999999999991,23.950000000000045,44.049999999999955,48.25,379907.85,No Signal
585,2024-11-12T00:00:00+05:30,1776.0,1794.85,1753.0,1759.65,149047,2.4250367605633696,1787.6326353901622,1834.03445578477,-46.40182039460774,-50.68062891505058,41.84999999999991,26.899999999999864,14.950000000000045,41.84999999999991,47.25357142857141,370248.05,No Signal
586,2024-11-13T00:00:00+05:30,1759.65,1779.75,1737.0,1745.1,447599,1.8785229897338676,1781.0891530224449,1827.4467183192314,-46.35756529678656,-49.81601619139778,42.75,20.09999999999991,22.65000000000009,42.75,45.43571428571426,382104.85,No Signal
587,2024-11-14T00:00:00+05:30,1740.2,1777.35,1740.2,1749.9,121569,1.8540686606349623,1776.2908217882225,1821.7025169622514,-45.411695174028864,-48.935151987924,37.149999999999864,32.25,4.899999999999864,37.149999999999864,44.20357142857139,331616.1,No Signal
588,2024-11-18T00:00:00+05:30,1749.9,1755.8,1715.2,1727.35,227643,1.6060999346795537,1768.7614645900344,1814.7134416317142,-45.95197704167981,-48.33851699867517,40.59999999999991,5.899999999999864,34.700000000000045,40.59999999999991,43.94999999999997,309501.05,No Signal
589,2024-11-19T00:00:00+05:30,1727.25,1773.0,1721.0,1736.7,162668,1.3256283976493948,1763.8289315761829,1808.9346681775132,-45.105736601330364,-47.69196091920621,52.0,45.65000000000009,6.349999999999909,52.0,45.02142857142854,301305.7,No Signal
590,2024-11-21T00:00:00+05:30,1725.05,1733.85,1699.25,1711.55,126914,1.507453801682577,1755.786019026001,1801.720989053253,-45.93497002725212,-47.34056274081539,34.59999999999991,2.8500000000001364,37.450000000000045,37.450000000000045,43.69642857142854,289371.5,No Signal
591,2024-11-22T00:00:00+05:30,1712.0,1744.75,1701.0,1738.15,162339,1.5235405388876122,1753.0727853296933,1797.0120269011602,-43.93924157146694,-46.66029850694571,43.75,33.200000000000045,10.549999999999955,43.75,43.610714285714266,284372.35,No Signal
592,2024-11-25T00:00:00+05:30,1751.0,1791.2,1751.0,1784.1,506465,1.477897368901935,1757.846202971279,1796.0555804640371,-38.20937749275822,-44.970114304108215,40.200000000000045,53.049999999999955,12.849999999999909,53.049999999999955,45.77142857142855,270691.75,No Signal
593,2024-11-26T00:00:00+05:30,1790.0,1817.25,1762.0,1765.05,241531,1.4853918987185515,1758.954479437236,1793.7588708000344,-34.80439136279847,-42.93696971584627,55.25,33.15000000000009,22.09999999999991,55.25,44.946428571428555,262507.6,No Signal
594,2024-11-27T00:00:00+05:30,1772.8,1775.2,1744.55,1763.0,148132,1.4571108591640214,1759.5768672161228,1791.4804359259579,-31.9035687098351,-40.730289514644035,30.65000000000009,10.150000000000091,20.5,30.65000000000009,43.92499999999999,259219.1,No Signal
595,2024-11-28T00:00:00+05:30,1757.15,1765.35,1728.15,1745.1,460400,1.464279598979243,1757.3496568751807,1788.0448480795906,-30.695191204409866,-38.723269852597205,37.19999999999982,2.349999999999909,34.84999999999991,37.19999999999982,42.26785714285711,265646.8,No Signal
596,2024-11-29T00:00:00+05:30,1730.0,1759.1,1729.2,1755.1,351952,1.4177435666441407,1757.0035558174607,1785.604488962584,-28.600933145123236,-36.698802511102414,29.899999999999864,14.0,15.899999999999864,29.899999999999864,42.26071428571424,264064.8,No Signal
597,2024-12-02T00:00:00+05:30,1755.1,1798.35,1741.7,1792.15,173554,1.4344731920033846,1762.410701076313,1786.089341632022,-23.67864055570908,-34.09477012002375,56.649999999999864,43.25,13.399999999999864,56.649999999999864,43.02142857142852,244895.15,No Signal
598,2024-12-03T00:00:00+05:30,1805.0,1815.3,1790.3,1807.9,445536,1.4932791830443903,1769.4090547568803,1787.704945955576,-18.2958911986957,-30.934994335758145,25.0,23.149999999999864,1.8500000000001364,25.0,41.660714285714235,265117.9,No Signal
599,2024-12-04T00:00:00+05:30,1807.9,1822.75,1790.0,1800.85,293897,1.5581714763650287,1774.2461232558219,1788.6786536625705,-14.432530406748583,-27.634501549956234,32.75,14.849999999999909,17.90000000000009,32.75,41.01071428571424,261390.8,No Signal
600,2024-12-05T00:00:00+05:30,1814.0,1814.95,1789.0,1805.7,196144,1.6289026420266892,1779.0851812164647,1789.9394941320097,-10.854312915545052,-24.278463823074,25.950000000000045,14.100000000000136,11.849999999999909,25.950000000000045,39.81071428571425,259166.15,No Signal
601,2024-12-06T00:00:00+05:30,1807.0,1811.3,1783.7,1788.1,183784,1.5767292791516654,1780.4720764139317,1789.8032353074163,-9.331158893484599,-21.28900283715612,27.59999999999991,5.599999999999909,22.0,27.59999999999991,39.12857142857139,249400.45,No Signal
602,2024-12-09T00:00:00+05:30,1780.0,1803.5,1777.1,1785.35,211992,1.5138874163915133,1781.2225261964038,1789.4733660253855,-8.250839828981725,-18.68137023552124,26.40000000000009,15.400000000000091,11.0,26.40000000000009,38.11428571428569,243257.55,No Signal
603,2024-12-10T00:00:00+05:30,1794.7,1798.55,1769.15,1775.1,181819,1.5231075474699338,1780.2805990892648,1788.4086722457273,-8.128073156462506,-16.570710819709493,29.399999999999864,13.200000000000045,16.199999999999818,29.399999999999864,36.499999999999964,245871.2,No Signal
604,2024-12-10T00:00:00+05:30,1794.7,1798.55,1769.15,1775.1,181819,1.5279251368104196,1779.4835838447625,1787.4228446719696,-7.939260827207136,-14.844420821209022,29.399999999999864,23.450000000000045,5.949999999999818,29.399999999999864,35.924999999999955,248740.2,No Signal
605,2024-12-11T00:00:00+05:30,1779.9,1844.0,1774.2,1839.95,609522,1.7256632539414432,1788.7861094071068,1791.3137450666386,-2.527635659531825,-12.381063788873583,69.79999999999995,68.90000000000009,0.8999999999998636,69.79999999999995,37.785714285714235,271763.95,No Signal
606,2024-12-12T00:00:00+05:30,1842.5,1861.8,1827.9,1851.1,786410,1.9455170662894674,1798.3728618060134,1795.7423565431839,2.6305052628295016,-9.378749978532966,33.899999999999864,21.84999999999991,12.049999999999955,33.899999999999864,36.41785714285709,288704.5,No Signal
607,2024-12-13T00:00:00+05:30,1839.1,1846.45,1781.0,1840.95,345271,2.084213293542959,1804.9231907589344,1799.0910708733184,5.832119885616066,-6.33657600570316,65.45000000000005,4.649999999999864,70.09999999999991,70.09999999999991,37.478571428571364,299889.6,No Signal
608,2024-12-16T00:00:00+05:30,1841.05,1860.6,1841.05,1856.25,294052,2.1525184404499274,1812.8196229498676,1803.325065623443,9.494557326424683,-3.170349339277591,19.549999999999955,19.649999999999864,0.09999999999990905,19.649999999999864,36.692857142857065,303210.05,No Signal
609,2024-12-17T00:00:00+05:30,1850.3,1858.65,1798.5,1813.55,259393,2.1313694045286007,1812.931988649888,1804.0824681698546,8.849520480033334,-0.7663753754154061,60.15000000000009,2.400000000000091,57.75,60.15000000000009,38.3321428571428,308046.3,No Signal
610,2024-12-18T00:00:00+05:30,1812.1,1814.1,1786.25,1795.55,361677,1.8934346197716585,1810.257836549905,1803.4504334906062,6.807403059298849,0.748380311527445,27.84999999999991,0.5499999999999545,27.299999999999955,27.84999999999991,38.18571428571423,319784.45,No Signal
611,2024-12-19T00:00:00+05:30,1750.0,1797.1,1749.95,1768.0,224198,1.8110127470399215,1803.7566309268427,1800.824475454265,2.9321554725777332,1.1851353437375027,47.149999999999864,1.5499999999999545,45.59999999999991,47.149999999999864,37.5071428571428,322877.4,No Signal
612,2024-12-20T00:00:00+05:30,1768.0,1785.4,1704.2,1710.45,302890,2.174991182537297,1789.4017646304053,1794.1300698650602,-4.728305234654954,0.0024472280590113944,81.20000000000005,17.40000000000009,63.799999999999955,81.20000000000005,41.52142857142852,312698.65,Sell
613,2024-12-23T00:00:00+05:30,1721.95,1732.85,1700.0,1709.45,216183,2.408134329152526,1777.1014931488044,1787.857472097278,-10.75597894847374,-2.1492380072475386,32.84999999999991,22.399999999999864,10.450000000000045,32.84999999999991,41.52857142857137,311431.25,Sell
614,2024-12-24T00:00:00+05:30,1718.9,1727.7,1702.0,1721.8,167662,2.526242508023389,1768.5935711259115,1782.9643260159983,-14.3707548900868,-4.593541383815391,25.700000000000045,18.25,7.4500000000000455,25.700000000000045,41.51071428571423,312407.75,Sell
615,2024-12-26T00:00:00+05:30,1721.8,1738.0,1703.55,1733.35,326464,2.54795651371917,1763.1714832603866,1779.289190755554,-16.11770749516745,-6.898374606085803,34.450000000000045,16.200000000000045,18.25,34.450000000000045,41.99999999999995,305710.95,Sell
616,2024-12-27T00:00:00+05:30,1733.35,1743.95,1705.0,1713.6,194715,2.720260150266284,1755.545101220327,1774.423324773661,-18.87822355333401,-9.294344395535445,38.950000000000045,10.600000000000136,28.34999999999991,38.950000000000045,42.89642857142852,297849.1,Sell
617,2024-12-30T00:00:00+05:30,1713.6,1728.5,1685.05,1697.1,331539,2.9727217162934925,1746.5535471864307,1768.6956710867232,-22.142123900292518,-11.863900296486861,43.450000000000045,14.900000000000091,28.549999999999955,43.450000000000045,43.89999999999996,305748.35,Sell
618,2024-12-31T00:00:00+05:30,1697.05,1717.45,1681.05,1703.4,142307,3.0944200291287465,1739.9145399269798,1763.8589547099289,-23.944414782949025,-14.280003193779294,36.40000000000009,20.350000000000136,16.049999999999955,36.40000000000009,44.39999999999998,290586.9,Sell
619,2025-01-01T00:00:00+05:30,1710.0,1731.9,1698.95,1725.65,115875,3.093886152712042,1737.7199953228292,1761.0286617684526,-23.30866644562343,-16.08573584414812,32.950000000000045,28.5,4.4500000000000455,32.950000000000045,41.767857142857125,281685.8,Sell
620,2025-01-02T00:00:00+05:30,1730.0,1752.35,1711.4,1745.05,151336,3.0374280402870557,1738.8476883500862,1759.8450571930116,-20.997368842925425,-17.068062443903585,40.94999999999982,26.699999999999818,14.25,40.94999999999982,42.27142857142855,279445.4,Sell
621,2025-01-03T00:00:00+05:30,1743.0,1759.65,1731.0,1736.55,132681,3.06356050456305,1738.4941978346883,1758.1194974009366,-19.62529956624826,-17.579509868372522,28.65000000000009,14.600000000000136,14.049999999999955,28.65000000000009,39.310714285714276,276890.25,No Signal
622,2025-01-06T00:00:00+05:30,1733.65,1748.7,1682.05,1691.2,342429,3.276475077474652,1731.2181673985824,1753.1624975934599,-21.944330194877466,-18.452473933673513,66.65000000000009,12.150000000000091,54.5,66.65000000000009,42.66785714285715,283412.1,Sell
623,2025-01-07T00:00:00+05:30,1690.0,1705.0,1680.0,1686.45,194557,3.4186512136278,1724.3307570295697,1748.2208311050554,-23.8900740754857,-19.53999396203595,25.0,13.799999999999955,11.200000000000045,25.0,40.15714285714286,284049.0,Sell
624,2025-01-08T00:00:00+05:30,1686.95,1734.0,1659.25,1704.7,872411,3.4346681202458726,1721.310640563482,1744.9970658380141,-23.686425274532212,-20.369280224535203,74.75,47.549999999999955,27.200000000000045,74.75,43.50714285714287,318578.6,Sell
625,2025-01-09T00:00:00+05:30,1696.25,1745.4,1693.75,1706.8,476320,3.2541132187490205,1719.0782343229462,1742.1676535537167,-23.089419230770545,-20.91330802578227,51.65000000000009,40.700000000000045,10.950000000000045,51.65000000000009,43.82857142857146,311918.5,Sell
626,2025-01-10T00:00:00+05:30,1708.2,1730.85,1671.1,1718.9,370084,2.9029092078809557,1719.0508136578776,1740.4441236608488,-21.393310002971248,-21.00930842122007,59.75,24.049999999999955,35.700000000000045,59.75,42.29642857142859,291102.2,Sell
627,2025-01-13T00:00:00+05:30,1700.8,1706.9,1624.5,1632.3,287238,3.0175153653875872,1705.7045346335888,1732.4334478341193,-26.728913200530542,-22.153229377082166,82.40000000000009,12.0,94.40000000000009,94.40000000000009,46.69285714285718,288200.55,Sell
628,2025-01-14T00:00:00+05:30,1648.0,1706.65,1635.3,1676.9,382855,2.4021972966595873,1701.2730677668828,1728.319859105666,-27.046791338783123,-23.131941769422358,71.35000000000014,74.35000000000014,3.0,74.35000000000014,50.16785714285719,292640.7,Sell
629,2025-01-14T00:00:00+05:30,1648.0,1706.65,1635.3,1676.9,382855,2.0692524491713167,1697.5233650335163,1724.5109806533944,-26.98761561987817,-23.90307653951352,71.35000000000014,29.75,41.600000000000136,71.35000000000014,52.80357142857148,298813.8,Sell
630,2025-01-15T00:00:00+05:30,1675.0,1704.75,1668.2,1675.25,163380,1.7693250308943542,1694.0966934898984,1720.8620191235134,-26.76532563361502,-24.475526358333823,36.549999999999955,27.84999999999991,8.700000000000045,36.549999999999955,52.6321428571429,288898.95,Sell
631,2025-01-16T00:00:00+05:30,1681.05,1716.95,1681.05,1707.2,169629,1.5173349337034208,1696.1125867991448,1719.8500177069568,-23.73743090781204,-24.327907268229467,35.90000000000009,41.700000000000045,5.7999999999999545,41.700000000000045,52.5071428571429,286170.5,Buy
632,2025-01-17T00:00:00+05:30,1705.0,1722.4,1695.0,1698.15,72086,1.5240115379684798,1696.4260349838917,1718.242608987923,-21.81657400403128,-23.82564061538983,27.40000000000009,15.200000000000045,12.200000000000045,27.40000000000009,51.86428571428576,274630.3,Buy
633,2025-01-20T00:00:00+05:30,1695.1,1742.45,1679.05,1729.9,146076,1.5343257568412527,1701.5758757556007,1719.106119433262,-17.530243677661247,-22.566561227844115,63.40000000000009,44.299999999999955,19.100000000000136,63.40000000000009,54.03928571428576,271124.95,Buy
634,2025-01-21T00:00:00+05:30,1748.0,1748.0,1685.0,1697.05,195763,1.5466171579892654,1700.879587177816,1717.4723328085759,-16.592745630759964,-21.371798108427285,63.0,18.09999999999991,44.90000000000009,63.0,55.61428571428577,272530.0,Buy
635,2025-01-22T00:00:00+05:30,1697.0,1707.8,1588.15,1677.95,1056383,1.5360627592918428,1697.3519583812288,1714.5447526005332,-17.19279421930446,-20.535997330602722,119.64999999999986,10.75,108.89999999999986,119.64999999999986,62.11428571428576,309025.95,Buy
636,2025-01-23T00:00:00+05:30,1684.85,1694.95,1604.25,1646.3,1122214,1.7124487608873127,1689.4978109379629,1709.4895857412346,-19.99177480327171,-20.42715282513652,90.70000000000005,17.0,73.70000000000005,90.70000000000005,63.8321428571429,355400.9,Buy
637,2025-01-24T00:00:00+05:30,1648.3,1686.0,1622.15,1629.45,355209,1.9606495921967233,1680.2596861782763,1703.5607275381801,-23.30104135990382,-21.001930532089983,63.84999999999991,39.700000000000045,24.149999999999864,63.84999999999991,66.60714285714289,356584.4,Sell
638,2025-01-27T00:00:00+05:30,1615.0,1616.3,1560.0,1569.4,318852,2.6852951690102027,1663.204349843157,1693.6228958686852,-30.418546025528258,-22.88525363077764,56.299999999999955,13.150000000000091,69.45000000000005,69.45000000000005,66.22857142857147,365411.65,Sell
639,2025-01-28T00:00:00+05:30,1575.0,1587.0,1551.55,1559.25,261611,3.1915852001669736,1647.2113729442096,1683.6693480265603,-36.457975082350686,-25.59979792109225,35.450000000000045,17.59999999999991,17.850000000000136,35.450000000000045,65.0714285714286,372698.45,Sell
640,2025-01-29T00:00:00+05:30,1557.0,1577.6,1550.0,1555.1,304022,3.4900169640780145,1633.0403924912544,1674.1456926171854,-41.10530012593108,-28.70089836206002,27.59999999999991,18.34999999999991,9.25,27.59999999999991,62.77500000000003,380332.75,Sell
641,2025-01-30T00:00:00+05:30,1556.8,1601.55,1556.8,1586.95,240945,3.4499630518020257,1625.9495628772152,1667.6867524233198,-41.73718954610467,-31.30815659886895,44.75,46.450000000000045,1.7000000000000455,46.450000000000045,59.35000000000002,385745.95,Sell
642,2025-01-31T00:00:00+05:30,1592.0,1638.75,1580.1,1633.0,253718,3.3449576562229124,1627.0342455114899,1665.1173633549258,-38.08311784343596,-32.66314884778235,58.65000000000009,51.799999999999955,6.850000000000136,58.65000000000009,58.22857142857145,381310.4,Sell
643,2025-02-01T00:00:00+05:30,1633.6,1642.7,1592.6,1616.7,154011,3.3997191019249002,1625.4443615866453,1661.5308919953018,-36.08653040865647,-33.347825159957175,50.100000000000136,9.700000000000045,40.40000000000009,50.100000000000136,56.7107142857143,379283.1,Sell
644,2025-02-03T00:00:00+05:30,1600.2,1600.2,1550.6,1560.5,161248,3.683932921653383,1615.452921342546,1654.047122217872,-38.594200875325896,-34.39710030303092,49.600000000000136,16.5,66.10000000000014,66.10000000000014,58.821428571428605,343724.95,Sell
645,2025-02-04T00:00:00+05:30,1563.5,1590.1,1557.9,1586.45,93419,3.610200944118526,1610.9909334436927,1649.039927979511,-38.04899453581834,-35.1274791495884,32.19999999999982,29.59999999999991,2.599999999999909,32.19999999999982,58.14285714285716,324579.9,Sell
646,2025-02-05T00:00:00+05:30,1586.45,1627.45,1584.05,1605.35,265015,3.413001933497548,1610.1230975292785,1645.8036370180657,-35.68053948878719,-35.23809121742816,43.40000000000009,41.0,2.400000000000091,43.40000000000009,59.2857142857143,319326.45,Sell
647,2025-02-06T00:00:00+05:30,1611.3,1621.5,1578.2,1586.9,173485,3.5214382574285703,1606.550313294005,1641.4404046463571,-34.8900913523521,-35.168491244412955,43.299999999999955,16.15000000000009,27.149999999999864,43.299999999999955,57.85000000000001,313638.8,No Signal
648,2025-02-07T00:00:00+05:30,1586.9,1622.0,1584.05,1605.8,176864,3.4405895992934097,1606.4348804795427,1638.8003746725528,-32.365494193010136,-34.607891834132396,37.950000000000045,35.09999999999991,2.8500000000001364,37.950000000000045,56.0607142857143,303339.25,No Signal
649,2025-02-10T00:00:00+05:30,1597.9,1605.75,1565.0,1572.0,90171,3.534249694537381,1601.137206559613,1633.8521987708823,-32.71499221126919,-34.229311909559755,40.75,0.049999999999954525,40.799999999999955,40.799999999999955,50.428571428571445,288705.05,No Signal
650,2025-02-11T00:00:00+05:30,1570.8,1571.85,1513.25,1525.35,160158,3.831838565172127,1589.4776363196727,1625.814998861928,-36.33736254225528,-34.65092203609886,58.59999999999991,0.15000000000009095,58.75,58.75,48.14642857142859,288543.95,No Signal
651,2025-02-12T00:00:00+05:30,1530.0,1538.0,1479.4,1522.15,141347,3.8194369427521755,1579.1195384243385,1618.1361100573406,-39.01657163300206,-35.5240519554795,58.59999999999991,12.650000000000091,45.94999999999982,58.59999999999991,47.77142857142859,287129.85,No Signal
652,2025-02-13T00:00:00+05:30,1532.9,1553.5,1519.95,1523.2,115689,3.744755288827334,1570.516532512902,1611.1038056086486,-40.587273095746696,-36.53669618353294,33.549999999999955,31.34999999999991,2.2000000000000455,33.549999999999955,45.20714285714286,289310.0,No Signal
653,2025-02-14T00:00:00+05:30,1527.0,1534.05,1483.6,1503.2,235776,3.4631046143240094,1560.1601428955323,1603.1109311191192,-42.95078822358687,-37.81951459154373,50.450000000000045,10.849999999999909,39.600000000000136,50.450000000000045,46.27857142857143,293795.0,No Signal
654,2025-02-17T00:00:00+05:30,1503.4,1530.4,1480.0,1507.45,193536,3.2041735607418236,1552.0508901423734,1596.0249362214067,-43.974046079033315,-39.050420889041646,50.40000000000009,27.200000000000045,23.200000000000045,50.40000000000009,47.90714285714288,293683.65,No Signal
655,2025-02-18T00:00:00+05:30,1510.45,1510.45,1468.5,1488.3,170265,3.1144074615062087,1542.2430608897005,1588.0453113161172,-45.80225042641678,-40.40078679651668,41.950000000000045,3.0,38.950000000000045,41.950000000000045,47.5857142857143,249377.75,No Signal
656,2025-02-19T00:00:00+05:30,1488.3,1518.5,1469.85,1501.8,147128,2.991851363907217,1536.0210515220542,1581.6567697371456,-45.6357182150914,-41.44777308023163,48.65000000000009,30.200000000000045,18.450000000000045,48.65000000000009,46.87142857142859,200623.45,No Signal
657,2025-02-20T00:00:00+05:30,1499.7,1509.35,1476.0,1486.3,207052,3.0282513966694458,1528.3716589801998,1574.5933053121719,-46.221646331972124,-42.40254773057973,33.34999999999991,7.5499999999999545,25.799999999999955,33.34999999999991,45.675000000000004,193215.6,No Signal
658,2025-02-21T00:00:00+05:30,1486.35,1495.45,1439.1,1450.15,282141,3.4842941043344573,1516.3375575986306,1565.3752826964555,-49.03772509782493,-43.72958320402877,56.350000000000136,9.150000000000091,47.200000000000045,56.350000000000136,44.978571428571435,191380.05,No Signal
659,2025-02-24T00:00:00+05:30,1441.65,1445.0,1415.1,1436.05,741744,3.9245956833145765,1503.9856256603798,1555.7956321263478,-51.810006465967945,-45.34566785641661,29.90000000000009,5.150000000000091,35.05000000000018,35.05000000000018,45.182142857142885,215386.7,No Signal
660,2025-02-24T00:00:00+05:30,1441.65,1445.0,1415.1,1436.05,741744,4.252209023326661,1493.5339909433983,1546.9255853021739,-53.39159435877559,-46.95485315688841,29.90000000000009,8.950000000000045,20.950000000000045,29.90000000000009,44.21785714285717,237272.8,No Signal
661,2025-02-25T00:00:00+05:30,1428.85,1453.2,1401.2,1405.45,597426,4.727985403995073,1479.982607721337,1536.4459123168276,-56.46330459549063,-48.85654344460885,52.0,17.15000000000009,34.84999999999991,52.0,44.839285714285744,255096.85,No Signal
