,Date,Open,High,Low,Close,Volume,Volatility,EMA12,EMA26,MACD,Signal Line,H-L,H-PC,L-PC,TR,ATR,Avg_Volume,Signal
0,2022-07-05T00:00:00+05:30,1118.2,1134.4,1110.1,1120.35,635508,,1120.35,1120.35,0.0,0.0,24.300000000000182,,,24.300000000000182,,,No Signal
1,2022-07-06T00:00:00+05:30,1124.7,1175.0,1113.0,1172.0,835710,,1128.2961538461539,1124.1759259259259,4.12022792022799,0.824045584045598,62.0,54.65000000000009,7.349999999999909,62.0,,,No Signal
2,2022-07-07T00:00:00+05:30,1175.2,1186.95,1158.35,1170.55,291188,,1134.7967455621301,1127.6110425240054,7.185703038124757,2.09637707486143,28.600000000000136,14.950000000000045,13.650000000000091,28.600000000000136,,,No Signal
3,2022-07-08T00:00:00+05:30,1171.85,1210.8,1162.45,1204.25,954902,,1145.4818616294947,1133.288002337042,12.193859292452771,4.115873518379698,48.34999999999991,40.25,8.099999999999909,48.34999999999991,,,No Signal
4,2022-07-11T00:00:00+05:30,1202.8,1222.8,1197.0,1207.4,877368,,1155.0077290711108,1138.7777799417056,16.229949129405213,6.538688640584802,25.799999999999955,18.549999999999955,7.25,25.799999999999955,,,No Signal
5,2022-07-12T00:00:00+05:30,1206.0,1212.0,1184.05,1195.95,583382,,1161.3065399832476,1143.012759205283,18.293780777964685,8.889707068060778,27.950000000000045,4.599999999999909,23.350000000000136,27.950000000000045,,,No Signal
6,2022-07-13T00:00:00+05:30,1202.2,1211.95,1158.75,1205.55,325971,,1168.113226139671,1147.645147412299,20.46807872737213,11.205381399923048,53.200000000000045,16.0,37.200000000000045,53.200000000000045,,,No Signal
7,2022-07-14T00:00:00+05:30,1206.0,1216.9,1170.1,1179.3,453534,,1169.8342682720292,1149.9899513076841,19.844316964345126,12.933168512807464,46.80000000000018,11.350000000000136,35.450000000000045,46.80000000000018,,,No Signal
8,2022-07-15T00:00:00+05:30,1185.5,1214.85,1182.05,1210.7,315845,,1176.1213039224863,1154.4869919515593,21.634311970927,14.673397204431373,32.799999999999955,35.549999999999955,2.75,35.549999999999955,,,No Signal
9,2022-07-18T00:00:00+05:30,1222.0,1237.7,1202.7,1208.55,980588,,1181.1103340882576,1158.4916592144068,22.61867487385075,16.26245273831525,35.0,27.0,8.0,35.0,,,No Signal
10,2022-07-19T00:00:00+05:30,1207.8,1218.25,1195.05,1202.25,491128,,1184.3625903823718,1161.7330177911174,22.629572591254373,17.535876708903075,23.200000000000045,9.700000000000045,13.5,23.200000000000045,,,No Signal
11,2022-07-20T00:00:00+05:30,1210.0,1233.0,1203.0,1209.5,604230,,1188.2298841696993,1165.271312769553,22.958571400146184,18.6204156471517,30.0,30.75,0.75,30.75,,,No Signal
12,2022-07-21T00:00:00+05:30,1211.75,1229.2,1201.0,1220.55,476539,,1193.2022096820533,1169.3660303421789,23.836179339874434,19.663568385696248,28.200000000000045,19.700000000000045,8.5,28.200000000000045,,,No Signal
13,2022-07-22T00:00:00+05:30,1222.0,1266.85,1220.55,1243.75,942665,,1200.9787928078913,1174.875954020536,26.102838787355267,20.951422466028053,46.299999999999955,46.299999999999955,0.0,46.299999999999955,36.85714285714289,,No Signal
14,2022-07-25T00:00:00+05:30,1237.5,1245.0,1221.3,1232.55,381762,,1205.8359016066772,1179.1481055745703,26.687796032106917,22.09869717924383,23.700000000000045,1.25,22.450000000000045,23.700000000000045,36.81428571428574,,No Signal
15,2022-07-26T00:00:00+05:30,1238.7,1247.8,1223.2,1231.5,331124,,1209.7842244364192,1183.0260236801578,26.75820075626143,23.03059789464735,24.59999999999991,15.25,9.349999999999909,24.59999999999991,34.14285714285716,,No Signal
16,2022-07-27T00:00:00+05:30,1232.0,1258.55,1225.2,1254.4,532924,,1216.6481899077394,1188.312984889035,28.3352050187043,24.09151931945874,33.34999999999991,27.049999999999955,6.2999999999999545,33.34999999999991,34.482142857142854,,No Signal
17,2022-07-28T00:00:00+05:30,1256.0,1270.95,1248.05,1258.8,504060,,1223.133083768087,1193.534245267625,29.59883850046208,25.19298315565941,22.90000000000009,16.549999999999955,6.350000000000136,22.90000000000009,32.664285714285725,,No Signal
18,2022-07-29T00:00:00+05:30,1267.95,1276.85,1250.05,1268.6,656479,,1230.1279939576123,1199.0946715440973,31.033322413514952,26.361051007230518,26.799999999999955,18.049999999999955,8.75,26.799999999999955,32.7357142857143,,No Signal
19,2022-08-01T00:00:00+05:30,1268.0,1305.5,1268.0,1301.0,793542,3.06003144678779,1241.031379502595,1206.6432143926827,34.38816510991228,27.966473827766873,37.5,36.90000000000009,0.599999999999909,37.5,33.41785714285715,598422.45,No Signal
20,2022-08-02T00:00:00+05:30,1299.9,1312.5,1276.8,1308.65,502117,2.943873777089827,1251.4342441945034,1214.1992725858174,37.23497160868601,29.820173383950703,35.700000000000045,11.5,24.200000000000045,35.700000000000045,32.16785714285715,591752.9,No Signal
21,2022-08-03T00:00:00+05:30,1311.0,1326.75,1292.0,1308.75,393604,3.1192227669895902,1260.2520527799645,1221.203030172053,39.04902260791141,31.665943228742847,34.75,18.09999999999991,16.65000000000009,34.75,31.307142857142853,569647.6,No Signal
22,2022-08-04T00:00:00+05:30,1325.0,1325.0,1288.1,1316.75,393725,3.2247114217273705,1268.94404465997,1228.2805834926419,40.66346116732802,33.46544681645988,36.90000000000009,16.25,20.65000000000009,36.90000000000009,31.403571428571436,574774.45,No Signal
23,2022-08-05T00:00:00+05:30,1320.0,1323.7,1302.2,1315.9,242951,3.4192588410201523,1276.1680377892053,1234.7709106413351,41.39712714787015,35.05178288274194,21.5,6.9500000000000455,14.549999999999955,21.5,30.43928571428572,539176.9,No Signal
24,2022-08-08T00:00:00+05:30,1315.9,1333.0,1307.45,1318.65,437986,3.5686463398032573,1282.7037242831736,1240.9841765197548,41.71954776341886,36.385335858877326,25.549999999999955,17.09999999999991,8.450000000000045,25.549999999999955,30.607142857142858,517207.8,No Signal
25,2022-08-10T00:00:00+05:30,1319.45,1331.85,1301.0,1311.25,313632,3.599930865580603,1287.0954590088393,1246.1890523331062,40.906406675733024,37.28955002224847,30.84999999999991,13.199999999999818,17.65000000000009,30.84999999999991,30.614285714285707,503720.3,No Signal
26,2022-08-11T00:00:00+05:30,1329.0,1359.7,1320.45,1340.15,1702195,3.67721098333077,1295.2576960844024,1253.149122530654,42.10857355374833,38.253354728548445,39.25,48.450000000000045,9.200000000000045,48.450000000000045,32.060714285714276,572531.5,No Signal
27,2022-08-12T00:00:00+05:30,1347.0,1390.6,1332.65,1382.75,1159323,3.7754613864335678,1308.7180505329559,1262.7491875283833,45.96886300457254,39.79645638375327,57.94999999999982,50.44999999999982,7.5,57.94999999999982,32.892857142857125,607820.95,No Signal
28,2022-08-16T00:00:00+05:30,1390.6,1454.35,1389.7,1409.95,1475951,4.147403788246908,1324.2921966048089,1273.6529514151698,50.63924518963904,41.96501414493042,64.64999999999986,71.59999999999991,6.9500000000000455,71.59999999999991,36.31428571428569,665826.25,No Signal
29,2022-08-17T00:00:00+05:30,1410.3,1482.0,1410.3,1474.7,1594637,4.745545193536207,1347.4318586656075,1288.5453253844164,58.88653328119108,45.349317972182554,71.70000000000005,72.04999999999995,0.34999999999990905,72.04999999999995,39.70357142857141,696528.7,No Signal
30,2022-08-18T00:00:00+05:30,1481.0,1522.5,1448.25,1455.5,1747948,5.149640249717212,1364.0577265632064,1300.9123383189042,63.14538824430224,48.908532026606494,74.25,47.799999999999955,26.450000000000045,74.25,42.624999999999986,759369.7,No Signal
31,2022-08-19T00:00:00+05:30,1464.9,1487.4,1388.7,1398.15,1284692,5.274200051801562,1369.3026917073284,1308.1151280730594,61.187563634269054,51.36433834813901,98.70000000000005,31.90000000000009,66.79999999999995,98.70000000000005,48.0392857142857,793392.8,No Signal
32,2022-08-22T00:00:00+05:30,1398.15,1416.75,1299.15,1314.1,3128815,5.337436067004397,1360.809969906201,1308.5584519194995,52.25151798670163,51.54177427585154,117.59999999999991,18.59999999999991,99.0,117.59999999999991,54.52499999999998,926006.6,Buy
33,2022-08-23T00:00:00+05:30,1309.4,1355.0,1283.0,1346.8,2092733,5.035063754717797,1358.6545899206317,1311.3911591847218,47.26343073590988,50.68610556786321,72.0,40.90000000000009,31.09999999999991,72.0,56.98928571428569,983510.0,Sell
34,2022-08-24T00:00:00+05:30,1350.0,1353.9,1322.05,1344.9,633676,4.765316962754345,1356.5384991636115,1313.873295541409,42.6652036222024,49.08192517873105,31.850000000000136,7.100000000000136,24.75,31.850000000000136,56.7142857142857,996105.7,Sell
35,2022-08-25T00:00:00+05:30,1357.25,1373.4,1338.0,1359.4,1144010,4.387850356148873,1356.9787300615174,1317.2456440198232,39.73308604169415,47.21215735132367,35.40000000000009,28.5,6.900000000000091,35.40000000000009,56.76071428571428,1036750.0,Sell
36,2022-08-26T00:00:00+05:30,1366.0,1400.85,1363.05,1390.6,1047651,4.109661103204983,1362.1512331289762,1322.6793000183548,39.47193311062142,45.66411250318322,37.799999999999955,41.44999999999982,3.6499999999998636,41.44999999999982,57.08571428571425,1062486.35,Sell
37,2022-08-29T00:00:00+05:30,1352.0,1368.0,1330.4,1360.65,575626,3.921407185973449,1361.9202741860568,1325.4919444614395,36.42832972461724,43.81695594747003,37.59999999999991,22.59999999999991,60.19999999999982,60.19999999999982,59.84999999999996,1066064.65,Sell
38,2022-08-30T00:00:00+05:30,1362.55,1416.85,1362.55,1407.25,1311053,3.6235741959064387,1368.8940781574327,1331.548096723555,37.34598143387757,42.52276104475154,54.299999999999955,56.19999999999982,1.8999999999998636,56.19999999999982,62.03928571428566,1098793.35,Sell
39,2022-09-01T00:00:00+05:30,1394.5,1416.0,1391.55,1414.0,738043,3.5763134944381556,1375.8334507485968,1337.655645114403,38.177805634193874,41.65376996264001,24.450000000000045,8.75,15.700000000000045,24.450000000000045,61.58214285714281,1096018.4,Sell
40,2022-09-02T00:00:00+05:30,1419.0,1421.55,1388.1,1391.1,462018,3.5342924541939666,1378.182150633428,1341.6144862170397,36.5676644163882,40.636548853389655,33.450000000000045,7.5499999999999545,25.90000000000009,33.450000000000045,60.51071428571424,1094013.45,Sell
41,2022-09-05T00:00:00+05:30,1390.0,1408.95,1384.65,1398.25,633249,3.3991380251878596,1381.269512074439,1345.809709460222,35.4598026142171,39.601199605555145,24.299999999999955,17.850000000000136,6.449999999999818,24.299999999999955,58.107142857142826,1105995.7,Sell
42,2022-09-06T00:00:00+05:30,1405.0,1413.6,1386.5,1389.95,342939,3.2945709567673114,1382.6049717552946,1349.0793606113166,33.52561114397804,38.38608191323973,27.09999999999991,15.349999999999909,11.75,27.09999999999991,54.928571428571395,1103456.4,Sell
43,2022-09-07T00:00:00+05:30,1389.85,1424.05,1386.1,1413.2,887074,3.1269444465596488,1387.311899177557,1353.829037603071,33.48286157448615,37.40543784548902,37.950000000000045,34.09999999999991,3.8500000000001364,37.950000000000045,52.49285714285712,1135662.55,Sell
44,2022-09-08T00:00:00+05:30,1427.9,1427.9,1404.1,1407.05,604826,2.983863567233747,1390.3485300733175,1357.7713311139546,32.57719895936293,36.439790068263804,23.800000000000182,14.700000000000045,9.100000000000136,23.800000000000182,48.8892857142857,1144004.55,No Signal
45,2022-09-09T00:00:00+05:30,1414.5,1422.0,1371.85,1379.35,594999,2.772442955608127,1388.6564485235763,1359.3697510314394,29.28669749213691,35.00917155303843,50.15000000000009,14.950000000000045,35.200000000000045,50.15000000000009,45.421428571428564,1158072.9,No Signal
46,2022-09-12T00:00:00+05:30,1385.0,1417.8,1385.0,1400.3,733351,2.6090063057504773,1390.4477641353337,1362.4016213254067,28.046142809927005,33.61656580441615,32.799999999999955,38.450000000000045,5.650000000000091,38.450000000000045,39.767857142857146,1109630.7,No Signal
47,2022-09-13T00:00:00+05:30,1407.7,1470.0,1405.0,1460.35,934499,2.7055627997350666,1401.2019542683593,1369.657056782784,31.544897485575348,33.202232140647986,65.0,69.70000000000005,4.7000000000000455,69.70000000000005,39.603571428571435,1098389.5,No Signal
48,2022-09-14T00:00:00+05:30,1443.95,1474.35,1427.95,1430.6,786220,2.8075587135298106,1405.7247305347655,1374.171348872948,31.55338166181741,32.87246204488187,46.399999999999864,14.0,32.399999999999864,46.399999999999864,40.642857142857125,1063902.95,No Signal
49,2022-09-15T00:00:00+05:30,1444.25,1451.45,1426.05,1435.2,552868,2.576508403654105,1410.259387375571,1378.6919896971742,31.567397678396674,32.61144917158483,25.40000000000009,20.850000000000136,4.5499999999999545,25.40000000000009,39.92857142857141,1011814.5,No Signal
50,2022-09-16T00:00:00+05:30,1439.0,1463.4,1409.65,1432.7,936177,2.465541805391771,1413.7117893177908,1382.6925830529392,31.01920626485162,32.293000590238194,53.75,28.200000000000045,25.549999999999955,53.75,40.80714285714286,971225.95,No Signal
51,2022-09-19T00:00:00+05:30,1433.4,1440.0,1385.5,1421.8,625895,2.523026881497303,1414.956129422746,1385.5894287527215,29.366700670024557,31.70774060619547,54.5,7.2999999999999545,47.200000000000045,54.5,40.40000000000001,938286.1,No Signal
52,2022-09-20T00:00:00+05:30,1427.0,1459.0,1427.0,1445.55,551632,2.223481534105719,1419.6628787423235,1390.0309525488162,29.631926193507297,31.292577723657836,32.0,37.200000000000045,5.2000000000000455,37.200000000000045,39.042857142857166,809426.95,No Signal
53,2022-09-21T00:00:00+05:30,1451.0,1498.6,1446.0,1461.95,1496165,2.199135190366907,1426.168589705043,1395.358289397052,30.81030030799093,31.196122240524456,52.59999999999991,53.049999999999955,0.4500000000000455,53.049999999999955,41.0857142857143,779598.55,No Signal
54,2022-09-22T00:00:00+05:30,1461.95,1493.0,1441.0,1486.75,878041,2.240260175610338,1435.488806673498,1402.128045738011,33.36076093548695,31.629049979516957,52.0,31.049999999999955,20.950000000000045,52.0,42.4107142857143,791816.8,No Signal
55,2022-09-23T00:00:00+05:30,1490.0,1491.85,1417.7,1433.65,743027,2.1565982158064663,1435.2059133391137,1404.463005312973,30.74290802614064,31.451821588841696,74.14999999999986,5.099999999999909,69.04999999999995,74.14999999999986,45.97142857142858,771767.65,No Signal
56,2022-09-26T00:00:00+05:30,1420.0,1428.8,1353.0,1408.95,877526,2.15255559326072,1431.1665420561733,1404.79537528979,26.37116676638334,30.435690624350027,75.79999999999995,4.850000000000136,80.65000000000009,80.65000000000009,49.79642857142859,763261.4,Sell
57,2022-09-27T00:00:00+05:30,1419.4,1443.4,1390.0,1396.05,599588,1.9815976614182822,1425.7639971244544,1404.1475697127685,21.61642741168589,28.671837981817202,53.40000000000009,34.450000000000045,18.950000000000045,53.40000000000009,50.90000000000003,764459.5,Sell
58,2022-09-28T00:00:00+05:30,1387.0,1409.45,1370.3,1388.15,341330,2.05098585615045,1419.9772283360767,1402.9625645488597,17.014663787216932,26.34040314289715,39.15000000000009,13.400000000000091,25.75,39.15000000000009,51.99642857142859,715973.35,Sell
59,2022-09-29T00:00:00+05:30,1403.0,1409.15,1370.1,1397.65,513074,2.066057239270327,1416.5422701305265,1402.5690412489441,13.973228881582372,23.866968290634194,39.05000000000018,21.0,18.050000000000182,39.05000000000018,51.20357142857146,704724.9,Sell
60,2022-09-30T00:00:00+05:30,1397.7,1430.0,1372.4,1420.0,721128,1.9805442200319596,1417.074228571984,1403.8602233786519,13.214005193332014,21.73637567117376,57.59999999999991,32.34999999999991,25.25,57.59999999999991,52.57142857142859,717680.4,Sell
61,2022-10-03T00:00:00+05:30,1419.0,1425.0,1383.0,1389.8,487523,2.0531042205476497,1412.8781934070632,1402.8187253506037,10.059468056459536,19.400994148230918,42.0,5.0,37.0,42.0,50.592857142857156,710394.1,Sell
62,2022-10-04T00:00:00+05:30,1410.0,1436.9,1401.7,1431.45,669554,1.937572572509648,1415.7353944213612,1404.9395605098182,10.795833911543014,17.679962100893338,35.200000000000045,47.100000000000136,11.900000000000091,47.100000000000136,50.642857142857174,726724.85,Sell
63,2022-10-06T00:00:00+05:30,1438.9,1454.8,1428.0,1447.4,572250,1.9492071414302963,1420.6068722026903,1408.0847782498317,12.52209395285854,16.648388471286378,26.799999999999955,23.34999999999991,3.4500000000000455,26.799999999999955,50.74285714285717,710983.65,Sell
64,2022-10-07T00:00:00+05:30,1455.0,1480.0,1440.05,1450.75,633809,1.9674579781768624,1425.2442764791995,1411.2451650461405,13.999111433058943,16.118533063640893,39.950000000000045,32.59999999999991,7.350000000000136,39.950000000000045,49.75714285714288,712432.8,Sell
65,2022-10-10T00:00:00+05:30,1430.0,1451.8,1418.0,1431.85,532783,1.8413714390754274,1426.2605416362458,1412.7714491167967,13.48909251944906,15.592644954802527,33.799999999999955,1.0499999999999545,32.75,33.799999999999955,48.27857142857145,709322.0,Sell
66,2022-10-11T00:00:00+05:30,1446.25,1459.65,1406.25,1423.05,670168,1.7962439525410872,1425.7666121537463,1413.5328232562933,12.233788897452996,14.920873743332622,53.40000000000009,27.800000000000182,25.59999999999991,53.40000000000009,49.43571428571431,706162.85,Sell
67,2022-10-12T00:00:00+05:30,1420.0,1439.85,1398.0,1422.3,401994,1.7264267271098703,1425.2332872070162,1414.1822437558271,11.051043451189116,14.146907684903923,41.84999999999991,16.799999999999955,25.049999999999955,41.84999999999991,48.63571428571431,679537.6,Sell
68,2022-10-13T00:00:00+05:30,1422.95,1438.6,1396.0,1401.65,286820,1.7996043547155758,1421.6050891751677,1413.2539294035437,8.351159771623998,12.987758102247938,42.59999999999991,16.299999999999955,26.299999999999955,42.59999999999991,47.96428571428573,654567.6,Sell
69,2022-10-14T00:00:00+05:30,1432.0,1432.0,1373.85,1379.6,440913,1.97037008169504,1415.1427677636034,1410.7610457440219,4.3817220195815025,11.26655088571465,58.15000000000009,30.34999999999991,27.800000000000182,58.15000000000009,46.821428571428605,648969.85,No Signal
70,2022-10-17T00:00:00+05:30,1377.95,1387.4,1354.05,1378.25,418522,2.0962697123297453,1409.4669573384335,1408.3528201333536,1.1141372050799419,9.236068149587709,33.350000000000136,7.800000000000182,25.549999999999955,33.350000000000136,43.44285714285718,623087.1,No Signal
71,2022-10-18T00:00:00+05:30,1387.0,1436.0,1373.3,1428.9,651175,2.025890425896308,1412.4566562094437,1409.8748334568088,2.5818227526349347,7.9052190701971545,62.700000000000045,57.75,4.9500000000000455,62.700000000000045,44.10714285714289,624351.1,No Signal
72,2022-10-19T00:00:00+05:30,1430.0,1447.7,1417.1,1424.15,451427,1.993475035014944,1414.2556321772217,1410.9322532007488,3.3233789764728954,6.988851051452303,30.600000000000136,18.799999999999955,11.800000000000182,30.600000000000136,43.49642857142861,619340.85,No Signal
73,2022-10-20T00:00:00+05:30,1415.0,1431.6,1405.0,1425.5,439654,1.8717420158755258,1415.9855349191876,1412.011345556249,3.9741893629386595,6.385918713749575,26.59999999999991,7.449999999999818,19.15000000000009,26.59999999999991,42.607142857142875,566515.3,No Signal
74,2022-10-21T00:00:00+05:30,1425.5,1443.0,1406.2,1431.0,458895,1.507844409209231,1418.295452623928,1413.4179125520823,4.877540071845715,6.084242985368803,36.799999999999955,17.5,19.299999999999955,36.799999999999955,41.12142857142859,545558.0,No Signal
75,2022-10-24T00:00:00+05:30,1446.35,1446.35,1422.0,1429.25,70256,1.497586065446196,1419.9807676048622,1414.5906597704466,5.39010783441563,5.945415955178169,24.34999999999991,15.349999999999909,9.0,24.34999999999991,39.8607142857143,511919.45,No Signal
76,2022-10-25T00:00:00+05:30,1430.0,1442.0,1419.7,1433.95,244221,1.5162414150919468,1422.1298802810372,1416.0246849726357,6.105195308401562,5.977371825822848,22.299999999999955,12.75,9.549999999999955,22.299999999999955,38.089285714285715,480254.2,No Signal
77,2022-10-27T00:00:00+05:30,1433.95,1470.55,1433.0,1463.1,441473,1.607159908200017,1428.432975622416,1419.511745345033,8.921230277383074,6.566143516134893,37.549999999999955,36.59999999999991,0.9500000000000455,37.549999999999955,38.857142857142854,472348.45,No Signal
78,2022-10-28T00:00:00+05:30,1470.5,1478.0,1445.0,1458.95,325536,1.6321582133807546,1433.1279024497367,1422.4330975416972,10.694804908039487,7.391875794515813,33.0,14.900000000000091,18.09999999999991,33.0,38.36071428571428,471558.75,No Signal
79,2022-10-31T00:00:00+05:30,1460.0,1543.0,1460.0,1527.9,2085303,2.1327429587402844,1447.7082251497773,1430.2454606867566,17.462764463020676,9.406053528216786,83.0,84.04999999999995,1.0499999999999545,84.04999999999995,41.949999999999996,550170.2,No Signal
80,2022-11-01T00:00:00+05:30,1544.95,1566.0,1522.75,1557.55,999660,2.7718759574113823,1464.6069597421192,1439.6754265618117,24.931533180307497,12.511149458634929,43.25,38.09999999999991,5.150000000000091,43.25,41.22499999999999,564096.8,No Signal
81,2022-11-02T00:00:00+05:30,1565.0,1565.0,1517.15,1530.25,534998,3.033713397964604,1474.7058890125625,1446.3846542238998,28.32123478866265,15.673166524640473,47.84999999999991,7.4500000000000455,40.399999999999864,47.84999999999991,41.65357142857142,566470.55,No Signal
82,2022-11-03T00:00:00+05:30,1511.0,1551.7,1503.85,1545.5,503975,3.3350849484548175,1485.5972907029375,1453.726531688796,31.870759014141413,18.912685022540664,47.850000000000136,21.450000000000045,26.40000000000009,47.850000000000136,42.02857142857143,558191.6,No Signal
83,2022-11-04T00:00:00+05:30,1549.8,1550.2,1495.55,1506.0,591966,3.523162451958553,1488.7361690563316,1457.5986404525888,31.137528603742794,21.357653738781092,54.65000000000009,4.7000000000000455,49.950000000000045,54.65000000000009,41.77857142857143,559177.4,No Signal
84,2022-11-07T00:00:00+05:30,1517.7,1523.5,1486.5,1507.9,501242,3.6130402146665657,1491.6844507399728,1461.3246670857304,30.359783654242392,23.158079721873353,37.0,17.5,19.5,37.0,42.03928571428571,552549.05,No Signal
85,2022-11-09T00:00:00+05:30,1506.95,1508.9,1495.15,1501.75,328443,3.6712939554713455,1493.232996779977,1464.3191361904912,28.913860589485694,24.309235895395823,13.75,1.0,12.75,13.75,38.54285714285714,542332.05,No Signal
86,2022-11-10T00:00:00+05:30,1495.0,1499.3,1459.55,1470.9,584750,3.7075578405790397,1489.797151121519,1464.8066075837883,24.990543537730673,24.445497423862793,39.75,2.4500000000000455,42.200000000000045,42.200000000000045,39.37142857142856,538061.15,No Signal
87,2022-11-11T00:00:00+05:30,1472.1,1549.7,1395.0,1419.05,2812269,3.851959520161625,1478.9129740259007,1461.4172292442483,17.49574478165232,23.0555468954207,154.70000000000005,78.79999999999995,75.90000000000009,154.70000000000005,48.521428571428565,658574.9,Sell
88,2022-11-14T00:00:00+05:30,1433.55,1441.6,1401.05,1427.05,1122497,3.7483560745931497,1470.9340549449928,1458.8715085594893,12.062546385503538,20.85694679343727,40.549999999999955,22.549999999999955,18.0,40.549999999999955,48.78928571428571,700358.75,Sell
89,2022-11-15T00:00:00+05:30,1424.1,1425.0,1406.05,1416.15,709967,3.6074001858363793,1462.5057387996094,1455.7069523698974,6.798786429711981,18.045314720692215,18.950000000000045,2.0499999999999545,21.0,21.0,48.550000000000004,713811.45,Sell
90,2022-11-16T00:00:00+05:30,1416.15,1425.0,1387.1,1394.85,467834,3.5655472242587285,1452.0971635996696,1451.1990299721272,0.8981336275423928,14.615878502062252,37.90000000000009,8.849999999999909,29.050000000000182,37.90000000000009,49.664285714285725,716277.05,Sell
91,2022-11-17T00:00:00+05:30,1396.0,1410.85,1379.0,1396.7,944765,3.6840409133978134,1443.5745230458742,1447.1620647890065,-3.587541743132306,10.975194453023342,31.84999999999991,16.0,15.849999999999909,31.84999999999991,49.25714285714287,730956.55,Sell
92,2022-11-18T00:00:00+05:30,1403.7,1403.7,1371.9,1383.05,591123,3.8948733651741825,1434.2630579618935,1442.4130229527839,-8.14996499089034,7.150162564240606,31.799999999999955,7.0,24.799999999999955,31.799999999999955,49.17142857142858,737941.35,Sell
93,2022-11-21T00:00:00+05:30,1378.95,1382.8,1358.7,1378.65,457376,4.095578959901482,1425.707202890833,1437.6898360673924,-11.982633176559375,3.32360341608061,24.09999999999991,0.25,24.34999999999991,24.34999999999991,44.90714285714286,738827.45,Sell
94,2022-11-22T00:00:00+05:30,1380.0,1412.9,1380.0,1408.15,770338,4.06808586155523,1423.0060947537818,1435.5017000624005,-12.495605308618678,0.15976167114075196,32.90000000000009,34.25,1.349999999999909,34.25,44.26428571428572,754399.6,Sell
95,2022-11-23T00:00:00+05:30,1408.15,1421.95,1400.0,1410.3,1390277,4.108020685014491,1421.0513109455076,1433.6349074651855,-12.58359651967794,-2.3889099670229865,21.950000000000045,13.799999999999955,8.150000000000091,21.950000000000045,42.414285714285725,820400.65,No Signal
96,2022-11-24T00:00:00+05:30,1414.0,1434.0,1409.0,1429.45,602088,4.060150583334503,1422.343416953891,1433.3249143196163,-10.981497365725318,-4.107427446763453,25.0,23.700000000000045,1.2999999999999545,25.0,40.78214285714286,838294.0,No Signal
97,2022-11-25T00:00:00+05:30,1430.0,1448.0,1424.2,1432.4,541509,4.067583847805792,1423.8905835763692,1433.2564021477929,-9.365818571423688,-5.1591056716955,23.799999999999955,18.549999999999955,5.25,23.799999999999955,38.57857142857142,843295.8,No Signal
98,2022-11-28T00:00:00+05:30,1421.0,1444.9,1420.15,1439.15,290527,4.055434736963106,1426.2381861030817,1433.69296495166,-7.454778848578371,-5.618240307072075,24.75,12.5,12.25,24.75,37.70357142857142,841545.35,No Signal
99,2022-11-29T00:00:00+05:30,1439.0,1462.5,1434.05,1456.95,476022,3.8259059478462185,1430.9630805487616,1435.4157082885743,-4.4526277398126695,-5.385117793620194,28.450000000000045,23.34999999999991,5.100000000000136,28.450000000000045,38.753571428571426,761081.3,No Signal
100,2022-11-30T00:00:00+05:30,1456.95,1479.8,1435.35,1471.65,960009,3.403584639924642,1437.222606618183,1438.099729896828,-0.8771232786450582,-4.483518890625167,44.450000000000045,22.84999999999991,21.600000000000136,44.450000000000045,38.91428571428571,759098.75,No Signal
101,2022-12-01T00:00:00+05:30,1473.55,1479.0,1455.6,1464.1,392526,3.1618986639670354,1441.3575902153855,1440.0256758303963,1.3319143849892043,-3.3204322355022926,23.40000000000009,7.349999999999909,16.050000000000182,23.40000000000009,29.535714285714285,751975.15,No Signal
102,2022-12-02T00:00:00+05:30,1464.0,1477.4,1460.4,1468.7,286096,2.731344810936413,1445.564114797634,1442.1496998429595,3.4144149546743847,-1.9734627974669572,17.0,13.300000000000182,3.699999999999818,17.0,27.85357142857143,741081.2,No Signal
103,2022-12-05T00:00:00+05:30,1462.65,1481.0,1448.7,1475.55,461876,2.572907857295092,1450.1773279056902,1444.6237961508884,5.553531754801725,-0.4680638870132209,32.299999999999955,12.299999999999955,20.0,32.299999999999955,28.660714285714285,734576.7,No Signal
104,2022-12-06T00:00:00+05:30,1470.0,1488.0,1460.55,1475.75,501781,2.4006876884253368,1454.1115851509685,1446.9294408804521,7.182144270516346,1.0619777444926926,27.450000000000045,12.450000000000045,15.0,27.450000000000045,27.91428571428571,734603.65,No Signal
105,2022-12-07T00:00:00+05:30,1476.05,1483.1,1455.0,1463.4,233857,2.228284187193327,1455.5405720508195,1448.149482296715,7.3910897541045415,2.3278001464150626,28.09999999999991,7.349999999999909,20.75,28.09999999999991,27.64642857142857,729874.35,No Signal
106,2022-12-08T00:00:00+05:30,1466.0,1466.45,1444.8,1458.1,325774,2.192421269307953,1455.9343301968472,1448.8865576821436,7.047772514703638,3.271794620072778,21.65000000000009,3.0499999999999545,18.600000000000136,21.65000000000009,26.921428571428578,716925.55,No Signal
107,2022-12-09T00:00:00+05:30,1468.0,1468.0,1432.9,1458.0,381940,2.210503858468954,1456.2521255511783,1449.5616274834663,6.690498067712042,3.955535309600631,35.09999999999991,9.900000000000091,25.199999999999818,35.09999999999991,27.68928571428572,595409.1,No Signal
108,2022-12-12T00:00:00+05:30,1455.0,1456.5,1440.1,1449.55,266357,2.2292943837221477,1455.2210293125354,1449.5607661883946,5.6602631241407835,4.296480872508662,16.40000000000009,1.5,17.90000000000009,17.90000000000009,26.521428571428583,552602.1,No Signal
109,2022-12-13T00:00:00+05:30,1449.0,1459.9,1440.1,1443.5,392846,2.215719312017712,1453.4177940336838,1449.11182054481,4.30597348887386,4.298379395781701,19.800000000000182,10.350000000000136,9.450000000000045,19.800000000000182,26.367857142857165,536746.05,No Signal
110,2022-12-14T00:00:00+05:30,1444.2,1460.55,1441.6,1451.35,247467,2.0973236185075286,1453.0996718746555,1449.2776116155646,3.822060259090904,4.203115568443542,18.950000000000045,17.049999999999955,1.900000000000091,18.950000000000045,25.93571428571431,525727.7,No Signal
111,2022-12-15T00:00:00+05:30,1449.25,1459.95,1428.1,1436.0,383483,1.996159821738957,1450.4689531247086,1448.2940848292264,2.174868295482156,3.7974661138512653,31.850000000000136,8.600000000000136,23.25,31.850000000000136,26.510714285714325,497663.6,No Signal
112,2022-12-16T00:00:00+05:30,1427.25,1432.45,1401.0,1407.3,505066,1.8784670430204482,1443.8275757209074,1445.2574859529875,-1.4299102320801467,2.751990844664983,31.450000000000045,3.5499999999999545,35.0,35.0,27.242857142857183,493360.75,No Signal
113,2022-12-19T00:00:00+05:30,1395.0,1424.25,1388.0,1418.05,467614,1.586053780976464,1439.8617948407677,1443.2421166231366,-3.38032178236881,1.5255283192582245,36.25,16.950000000000045,19.299999999999955,36.25,27.800000000000036,493872.65,No Signal
114,2022-12-20T00:00:00+05:30,1418.05,1421.3,1395.85,1412.4,270773,1.5670576050512541,1435.6369033268036,1440.957515391793,-5.320612064989518,0.15630024240867602,25.450000000000045,3.25,22.200000000000045,25.450000000000045,26.44285714285718,468894.4,No Signal
115,2022-12-21T00:00:00+05:30,1411.0,1420.15,1355.9,1366.4,585392,2.006375322352569,1424.9850720457569,1435.4347364738826,-10.449664428125743,-1.9648926916982081,64.25,7.75,56.5,64.25,29.360714285714316,428650.15,No Signal
116,2022-12-22T00:00:00+05:30,1368.0,1380.0,1318.2,1332.45,879060,2.7772989041698826,1410.7489071156403,1427.8062374758172,-17.05733036017682,-4.9833802253939306,61.799999999999955,13.599999999999909,48.200000000000045,61.799999999999955,32.56071428571431,442498.75,Sell
117,2022-12-23T00:00:00+05:30,1315.0,1335.0,1277.95,1284.4,1182630,3.9455007269331746,1391.3106137132343,1417.1835532183493,-25.872939505115028,-9.161292081338152,57.049999999999955,2.5499999999999545,54.5,57.049999999999955,34.32857142857146,474554.8,Sell
118,2022-12-26T00:00:00+05:30,1289.95,1365.0,1281.5,1357.5,835378,3.9235259849661372,1386.1089808342751,1412.7625492762493,-26.65356844197413,-12.659747353465349,83.5,80.59999999999991,2.900000000000091,83.5,38.33214285714288,501797.35,Sell
119,2022-12-27T00:00:00+05:30,1358.7,1363.25,1327.95,1346.85,868093,4.1354184473169635,1380.069137629002,1407.8801382187494,-27.811000589747437,-15.689998000721767,35.299999999999955,5.75,29.549999999999955,35.299999999999955,38.846428571428596,521400.9,Sell
120,2022-12-28T00:00:00+05:30,1345.0,1356.5,1334.6,1346.4,565769,4.222875677990824,1374.8892703014633,1403.3260539062494,-28.436783604786115,-18.239355121534636,21.90000000000009,9.650000000000091,12.25,21.90000000000009,38.86428571428574,501688.9,Sell
121,2022-12-29T00:00:00+05:30,1341.05,1350.0,1308.3,1348.6,572355,4.2675991924609615,1370.8447671781612,1399.2722721354162,-28.427504957254996,-20.27698508867871,41.700000000000045,3.599999999999909,38.100000000000136,41.700000000000045,39.335714285714324,510680.35,Sell
122,2022-12-30T00:00:00+05:30,1355.35,1361.15,1340.1,1351.35,310890,4.235452764127693,1367.845572227675,1395.7224741994594,-27.87690197178449,-21.796968465299866,21.050000000000182,12.550000000000182,8.5,21.050000000000182,39.560714285714326,511920.05,Sell
123,2023-01-02T00:00:00+05:30,1358.0,1358.4,1332.0,1342.15,195562,4.190357695587284,1363.892407269571,1391.7541427772771,-27.861735507706044,-23.009921873781103,26.40000000000009,7.050000000000182,19.34999999999991,26.40000000000009,40.032142857142894,498604.35,Sell
124,2023-01-03T00:00:00+05:30,1342.0,1350.0,1330.05,1347.4,233893,4.016770322693279,1361.3551138434832,1388.4686507197011,-27.11353687621795,-23.830644874268472,19.950000000000045,7.849999999999909,12.100000000000136,19.950000000000045,40.10357142857146,485209.95,Sell
125,2023-01-04T00:00:00+05:30,1345.95,1353.55,1300.05,1307.4,589604,4.160006873195912,1353.054327098332,1382.4635654812048,-29.4092383828729,-24.94636357598936,53.5,6.149999999999864,47.350000000000136,53.5,41.65000000000003,502997.3,Sell
126,2023-01-05T00:00:00+05:30,1312.0,1312.0,1272.3,1279.9,617568,4.379470484076801,1341.79981523705,1374.866264334449,-33.066449097398845,-26.570380680271256,39.700000000000045,4.599999999999909,35.100000000000136,39.700000000000045,41.985714285714316,517587.0,Sell
127,2023-01-06T00:00:00+05:30,1281.0,1289.55,1236.0,1248.15,1046858,4.737123909657455,1327.392151354427,1365.4798743837491,-38.087723029322206,-28.873849150081448,53.549999999999955,9.649999999999864,43.90000000000009,53.549999999999955,43.221428571428596,550832.9,Sell
128,2023-01-09T00:00:00+05:30,1253.8,1255.0,1213.35,1219.75,852556,5.226066178661752,1310.8318203768229,1354.6850688738418,-43.85324849701897,-31.869729019468952,41.65000000000009,6.849999999999909,34.80000000000018,41.65000000000009,44.378571428571455,580142.85,Sell
129,2023-01-10T00:00:00+05:30,1225.0,1235.15,1201.95,1223.65,588497,5.4030168189355585,1297.4192326265425,1344.9787674757795,-47.559534849237025,-35.00769018542257,33.200000000000045,15.400000000000091,17.799999999999955,33.200000000000045,42.16071428571432,589925.4,Sell
130,2023-01-11T00:00:00+05:30,1230.1,1235.0,1205.0,1210.7,680945,5.528919778117347,1284.077812222459,1335.0321921072032,-50.954379884744185,-38.19702812528689,30.0,11.349999999999909,18.65000000000009,30.0,39.88928571428575,611599.3,Sell
131,2023-01-12T00:00:00+05:30,1215.0,1242.5,1204.5,1209.5,566434,5.548045164479311,1272.604302649773,1325.7335112103733,-53.12920856060032,-41.18346421234958,38.0,31.799999999999955,6.2000000000000455,38.0,38.52857142857147,620746.85,Sell
132,2023-01-13T00:00:00+05:30,1214.0,1218.35,1186.1,1205.4,819106,5.6531836380395015,1262.2651791651926,1316.8199177873828,-54.55473862219014,-43.857719094317694,32.25,8.849999999999909,23.40000000000009,32.25,34.86785714285718,636448.85,No Signal
133,2023-01-16T00:00:00+05:30,1206.95,1216.45,1192.0,1197.4,372068,5.614706926992701,1252.285920832086,1307.9739979512804,-55.688077119194304,-46.22379069929302,24.450000000000045,11.049999999999955,13.400000000000091,24.450000000000045,34.09285714285719,631671.55,No Signal
134,2023-01-17T00:00:00+05:30,1199.95,1199.95,1180.85,1193.1,528204,5.469259447375556,1243.1803945502265,1299.4648129178522,-56.284418367625676,-48.23591623295955,19.100000000000136,2.5499999999999545,16.550000000000182,19.100000000000136,33.89285714285719,644543.1,No Signal
135,2023-01-18T00:00:00+05:30,1198.0,1232.25,1190.9,1222.8,802598,5.218928539241237,1240.044949234807,1293.7859378869002,-53.740988652093165,-49.33693071678628,41.34999999999991,39.15000000000009,2.199999999999818,41.34999999999991,33.86785714285718,655403.4,No Signal
136,2023-01-19T00:00:00+05:30,1222.95,1222.95,1192.0,1198.3,334432,5.417299163762204,1233.6226493525292,1286.7129054508337,-53.09025609830451,-50.087595793089925,30.950000000000045,0.15000000000009095,30.799999999999955,30.950000000000045,34.57500000000003,628172.0,No Signal
137,2023-01-20T00:00:00+05:30,1204.6,1207.5,1177.0,1182.3,373948,5.738021537971802,1225.7268571444476,1278.9786161581794,-53.25175901373177,-50.720428437218295,30.5,9.200000000000045,21.299999999999955,30.5,34.86785714285717,587737.9,No Signal
138,2023-01-23T00:00:00+05:30,1188.25,1189.3,1161.1,1177.25,485408,5.7035188317100545,1218.268879122225,1271.4431631094253,-53.1742839872004,-51.21119954721472,28.200000000000045,7.0,21.200000000000045,28.200000000000045,35.45714285714288,570239.4,No Signal
139,2023-01-24T00:00:00+05:30,1177.0,1208.55,1176.95,1202.75,1173927,5.386782236288777,1215.8813592572671,1266.3547806568754,-50.47342139960824,-51.063643917693426,31.59999999999991,31.299999999999955,0.2999999999999545,31.59999999999991,33.89285714285716,585531.1,No Signal
140,2023-01-25T00:00:00+05:30,1205.85,1219.45,1185.1,1212.1,765489,5.04999670759735,1215.299611679226,1262.3359080156254,-47.036296336399346,-50.258174401434616,34.350000000000136,16.700000000000045,17.65000000000009,34.350000000000136,33.51071428571431,595517.1,No Signal
141,2023-01-27T00:00:00+05:30,1212.0,1212.0,1155.0,1176.3,1368360,4.908674786296255,1209.2996714208834,1255.9628777922458,-46.66320637136232,-49.53918079542016,57.0,0.09999999999990905,57.09999999999991,57.09999999999991,33.764285714285734,635317.35,No Signal
142,2023-01-30T00:00:00+05:30,1179.9,1190.0,1161.3,1180.35,932999,4.409241596779942,1204.8458758176705,1250.3619238817091,-45.516048064038614,-48.73455424914385,28.700000000000045,13.700000000000045,15.0,28.700000000000045,32.83928571428573,666422.8,No Signal
143,2023-01-31T00:00:00+05:30,1180.35,1204.4,1169.2,1196.6,965496,3.738380808012751,1203.577279538029,1246.3795591497308,-42.802279611701806,-47.54809932165544,35.200000000000045,24.050000000000182,11.149999999999864,35.200000000000045,32.982142857142875,704919.5,No Signal
144,2023-02-01T00:00:00+05:30,1204.0,1265.0,1192.15,1216.0,1724393,2.722626568871128,1205.4884673014092,1244.129221434936,-38.6407541335268,-45.766630284029716,72.84999999999991,68.40000000000009,4.449999999999818,72.84999999999991,36.04285714285715,779444.5,No Signal
145,2023-02-02T00:00:00+05:30,1215.1,1224.65,1196.7,1210.6,590000,2.0276727182729197,1206.2748569473463,1241.6455754027186,-35.3707184553723,-43.68744791829823,27.950000000000045,8.650000000000091,19.299999999999955,27.950000000000045,35.32500000000001,779464.3,No Signal
146,2023-02-03T00:00:00+05:30,1217.0,1238.4,1209.05,1235.65,304320,1.5487535257230087,1210.7941097246776,1241.2014587062208,-30.407348981543237,-41.03142813094723,29.350000000000136,27.800000000000182,1.5499999999999545,29.350000000000136,35.11785714285717,763801.9,No Signal
147,2023-02-06T00:00:00+05:30,1241.0,1248.6,1213.9,1230.1,365007,1.4134634753729163,1213.7642466901118,1240.379128431686,-26.61488174157421,-38.14811885307263,34.69999999999982,12.949999999999818,21.75,34.69999999999982,35.85000000000001,729709.35,Buy
148,2023-02-07T00:00:00+05:30,1232.1,1248.75,1206.05,1213.15,499648,1.4140049134494066,1213.6697471993255,1238.3621559552648,-24.69240875593937,-35.45697683364598,42.700000000000045,18.65000000000009,24.049999999999955,42.700000000000045,37.535714285714285,712063.95,Buy
149,2023-02-08T00:00:00+05:30,1212.1,1240.0,1210.0,1236.05,336510,1.4622676724235877,1217.112863014814,1238.1908851437638,-21.078022128949897,-32.58118589270676,30.0,26.84999999999991,3.150000000000091,30.0,36.72500000000001,699464.6,Buy
150,2023-02-09T00:00:00+05:30,1290.0,1346.75,1264.05,1341.9,4103779,2.6469770252491784,1236.3108840894579,1245.8730417997813,-9.56215771032339,-27.97738025623009,82.70000000000005,110.70000000000005,28.0,110.70000000000005,42.42142857142858,870606.3,Buy
151,2023-02-10T00:00:00+05:30,1341.9,1352.6,1320.6,1328.8,820161,3.3175735913290016,1250.5399788449258,1252.0157794442418,-1.4758005993160168,-22.67706432484728,32.0,10.699999999999818,21.300000000000182,32.0,42.52857142857143,883292.65,Buy
152,2023-02-13T00:00:00+05:30,1335.0,1335.0,1302.05,1306.45,338292,3.6880621673688814,1259.141520561091,1256.0479439298535,3.093576631237511,-17.52293613363032,32.950000000000045,6.2000000000000455,26.75,32.950000000000045,42.86785714285715,859251.95,Buy
153,2023-02-14T00:00:00+05:30,1307.35,1325.0,1296.9,1320.6,316603,3.9708266601976376,1268.5966712440002,1260.8295777128274,7.767093531172804,-12.464930200669697,28.09999999999991,18.549999999999955,9.549999999999955,28.09999999999991,42.61785714285715,856478.7,Buy
154,2023-02-15T00:00:00+05:30,1318.55,1352.0,1311.25,1347.45,821781,4.29981961200964,1280.7279525910772,1267.245905289655,13.482047301422199,-7.275534700251318,40.75,31.40000000000009,9.349999999999909,40.75,43.074999999999996,871157.55,Buy
155,2023-02-16T00:00:00+05:30,1350.0,1371.0,1338.35,1363.1,584385,4.717261960401009,1293.400575269373,1274.3462086015325,19.05436666784044,-2.0095544266329664,32.65000000000009,23.549999999999955,9.100000000000136,32.65000000000009,41.328571428571436,860246.9,Buy
156,2023-02-17T00:00:00+05:30,1360.0,1378.9,1350.15,1360.65,535675,5.025146886945444,1303.7466406125463,1280.739082038456,23.007558574090353,2.993868173511698,28.75,15.800000000000182,12.949999999999818,28.75,41.33214285714286,870309.05,Buy
157,2023-02-20T00:00:00+05:30,1360.05,1363.9,1333.3,1343.85,390430,5.153512154475755,1309.916388210616,1285.4139648504222,24.502423360193916,7.295579210848142,30.600000000000136,3.25,27.350000000000136,30.600000000000136,41.00357142857144,871133.15,Buy
158,2023-02-21T00:00:00+05:30,1343.0,1357.45,1329.65,1338.1,575418,5.117492540139746,1314.252328485906,1289.3166341207614,24.935694365144627,10.82360224170744,27.799999999999955,13.600000000000136,14.199999999999818,27.799999999999955,37.7857142857143,875633.65,No Signal
159,2023-02-22T00:00:00+05:30,1328.95,1352.45,1323.5,1343.85,556036,5.109658913460235,1318.8058164111512,1293.3561427044087,25.449673706742487,13.74881653471445,28.950000000000045,14.350000000000136,14.599999999999909,28.950000000000045,37.857142857142875,844739.1,No Signal
160,2023-02-23T00:00:00+05:30,1345.0,1345.0,1314.85,1323.2,347591,5.123271483663685,1319.4818446555896,1295.5667988003784,23.915045855211247,15.78206239881381,30.15000000000009,1.150000000000091,29.0,30.15000000000009,37.914285714285725,823844.2,No Signal
161,2023-02-24T00:00:00+05:30,1332.0,1341.95,1299.3,1305.55,409365,4.851244681734186,1317.338483939345,1296.3062951855354,21.032188753809578,16.832087669812964,42.65000000000009,18.75,23.90000000000009,42.65000000000009,38.48214285714289,775894.45,No Signal
162,2023-02-27T00:00:00+05:30,1306.25,1307.3,1272.0,1288.85,419611,4.51135286557175,1312.955640256369,1295.753977023644,17.201663232724968,16.906002782395365,35.299999999999955,1.75,33.549999999999955,35.299999999999955,37.95357142857146,750225.05,No Signal
163,2023-02-28T00:00:00+05:30,1288.85,1307.65,1273.0,1278.15,907835,4.205885037643995,1307.6009263707738,1294.4499787255963,13.150947645177439,16.15499175495178,34.65000000000009,18.800000000000182,15.849999999999909,34.65000000000009,38.28571428571432,747342.0,No Signal
164,2023-03-01T00:00:00+05:30,1286.5,1309.9,1280.25,1291.5,467538,3.8979394224984016,1305.12386077527,1294.2314617829595,10.892398992310518,15.102473202423528,29.65000000000009,31.75,2.099999999999909,31.75,32.6464285714286,684499.25,No Signal
165,2023-03-02T00:00:00+05:30,1297.8,1306.8,1276.8,1284.95,299267,3.5731954345462182,1302.020189886767,1293.5439460953328,8.476243791434172,13.777227320225657,30.0,15.299999999999955,14.700000000000045,30.0,32.503571428571455,669962.6,No Signal
166,2023-03-03T00:00:00+05:30,1290.0,1312.85,1276.4,1304.9,568914,3.295204665461705,1302.4632375964952,1294.3851352734564,8.07810232303882,12.63740232078829,36.44999999999982,27.899999999999864,8.549999999999955,36.44999999999982,32.75357142857144,683192.3,No Signal
167,2023-03-06T00:00:00+05:30,1306.6,1333.6,1306.6,1320.0,566840,2.953605869033195,1305.1612010431882,1296.2825326606078,8.878668382580372,11.885655533146707,27.0,28.699999999999818,1.699999999999818,28.699999999999818,32.79642857142858,693283.95,No Signal
168,2023-03-08T00:00:00+05:30,1319.05,1348.0,1313.05,1342.55,521524,2.3672850502977045,1310.9133239596208,1299.7097524635258,11.203571496095037,11.749238725736374,34.950000000000045,28.0,6.9500000000000455,34.950000000000045,32.38214285714287,694377.75,No Signal
169,2023-03-09T00:00:00+05:30,1346.4,1366.9,1328.2,1335.0,625271,1.895935531646541,1314.6189664273713,1302.323844873635,12.295121553736408,11.858415291336382,38.700000000000045,24.350000000000136,14.349999999999909,38.700000000000045,32.814285714285724,708815.8,No Signal
170,2023-03-10T00:00:00+05:30,1324.55,1345.45,1318.0,1341.0,391984,1.8849385281114788,1318.6775869770065,1305.1887452533656,13.488841723640917,12.184500577797289,27.450000000000045,10.450000000000045,17.0,27.450000000000045,32.72142857142858,523226.05,No Signal
171,2023-03-13T00:00:00+05:30,1341.0,1357.1,1311.05,1324.1,698495,1.9066727210988996,1319.5118043651594,1306.5895789383014,12.922225426857949,12.332045547609422,46.049999999999955,16.09999999999991,29.950000000000045,46.049999999999955,33.824999999999996,517142.75,No Signal
172,2023-03-14T00:00:00+05:30,1331.1,1351.0,1296.95,1337.8,626495,1.8780935593692858,1322.3253729243656,1308.9014619799086,13.42391094445702,12.550418626978942,54.049999999999955,26.90000000000009,27.149999999999864,54.049999999999955,35.699999999999996,531552.9,No Signal
173,2023-03-15T00:00:00+05:30,1345.0,1360.0,1313.05,1321.25,343676,1.9012219194638118,1322.1599309360017,1309.8161684999154,12.343762436086308,12.509087388800417,46.950000000000045,22.200000000000045,24.75,46.950000000000045,36.98571428571428,532906.55,Sell
174,2023-03-16T00:00:00+05:30,1320.0,1345.05,1308.0,1336.35,475242,1.8492316526501251,1324.3430184843091,1311.7816374999218,12.56138098438737,12.519546107917808,37.049999999999955,23.799999999999955,13.25,37.049999999999955,37.47857142857141,515579.6,Buy
175,2023-03-17T00:00:00+05:30,1349.0,1359.85,1336.0,1356.2,439994,1.7831866617997967,1329.2440925636463,1315.0718865740016,14.17220598964468,12.850078084263183,23.84999999999991,23.5,0.34999999999990905,23.84999999999991,36.13571428571426,508360.05,Buy
176,2023-03-20T00:00:00+05:30,1366.0,1366.0,1305.0,1344.45,605565,1.7208643708219507,1331.58346293847,1317.2480431240756,14.3354198143943,13.147146430289407,61.0,9.799999999999955,51.200000000000045,61.0,37.97142857142855,511854.55,Buy
177,2023-03-21T00:00:00+05:30,1346.35,1353.75,1318.05,1321.55,318911,1.7111701600787697,1330.0398532556285,1317.5667065963662,12.473146659262284,13.012346476083984,35.700000000000045,9.299999999999955,26.40000000000009,35.700000000000045,38.04642857142854,508278.6,Sell
178,2023-03-22T00:00:00+05:30,1323.1,1349.5,1322.1,1329.5,344285,1.6826988712621223,1329.9567989086088,1318.4506542558947,11.506144652714056,12.711106111409999,27.40000000000009,27.950000000000045,0.5499999999999545,27.950000000000045,37.77499999999998,496721.95,Sell
179,2023-03-23T00:00:00+05:30,1332.5,1352.4,1316.2,1345.15,388796,1.6683276042169917,1332.2942144611304,1320.428383570273,11.865830890857524,12.542051067299504,36.200000000000045,22.90000000000009,13.299999999999955,36.200000000000045,38.21785714285712,488359.95,Sell
180,2023-03-24T00:00:00+05:30,1345.0,1345.0,1305.0,1310.05,316370,1.723930112296698,1328.8720276209565,1319.6596144169193,9.212413204037148,11.876123494647032,40.0,0.15000000000009095,40.15000000000009,40.15000000000009,38.482142857142854,486798.9,Sell
181,2023-03-27T00:00:00+05:30,1316.65,1342.85,1310.05,1328.45,456283,1.6818167261282533,1328.8071002946556,1320.3107540897402,8.496346204915426,11.200168036700711,32.799999999999955,32.799999999999955,0.0,32.799999999999955,38.77500000000001,489144.8,Sell
182,2023-03-28T00:00:00+05:30,1336.0,1338.5,1288.0,1291.15,474352,1.7168604686658089,1323.013700249324,1318.150698231241,4.86300201808308,9.932734832977186,50.5,10.049999999999955,40.450000000000045,50.5,39.88571428571429,491881.85,Sell
183,2023-03-29T00:00:00+05:30,1288.0,1341.0,1288.0,1335.85,508818,1.4788909295115409,1324.988515595582,1319.4617576215194,5.526757974062548,9.051539461194258,53.0,49.84999999999991,3.150000000000091,53.0,40.90714285714286,471931.0,Sell
184,2023-03-31T00:00:00+05:30,1336.0,1389.0,1336.0,1376.5,675674,1.5428436668998757,1332.9133593501078,1323.686812612518,9.226546737589842,9.086540916473375,53.0,53.15000000000009,0.15000000000009095,53.15000000000009,42.74285714285715,482337.8,Buy
185,2023-04-03T00:00:00+05:30,1393.0,1393.0,1351.8,1357.4,401477,1.426537500676345,1336.6805348347066,1326.1840857523314,10.496449082375193,9.36852254965374,41.200000000000045,16.5,24.700000000000045,41.200000000000045,42.39642857142859,487448.3,Buy
186,2023-04-05T00:00:00+05:30,1360.0,1373.0,1350.0,1364.8,212989,1.4234772878438702,1341.0066063985978,1329.0445238447512,11.962082553846585,9.887234550492309,23.0,15.599999999999909,7.400000000000091,23.0,40.178571428571445,469652.05,Buy
187,2023-04-06T00:00:00+05:30,1367.0,1378.0,1347.0,1367.25,343829,1.4804300020455619,1345.0440515680443,1331.8745591155105,13.16949245253386,10.54368613090062,31.0,13.200000000000045,17.799999999999955,31.0,39.039285714285725,458501.5,Buy
188,2023-04-10T00:00:00+05:30,1367.25,1373.2,1348.9,1358.7,357266,1.526093752976186,1347.144966711422,1333.8616288106577,13.283337900764309,11.091616484873358,24.299999999999955,5.9500000000000455,18.34999999999991,24.299999999999955,38.12857142857144,450288.6,Buy
189,2023-04-11T00:00:00+05:30,1356.1,1370.9,1337.0,1354.15,235880,1.5489634039654931,1348.222664140434,1335.3644711209795,12.858193019454575,11.444931791789601,33.90000000000009,12.200000000000045,21.700000000000045,33.90000000000009,38.846428571428596,430819.05,Buy
190,2023-04-12T00:00:00+05:30,1354.15,1367.0,1345.55,1363.25,177221,1.5849662448656483,1350.5345619649827,1337.4300658527588,13.104496112223842,11.77684465587645,21.450000000000045,12.849999999999909,8.600000000000136,21.450000000000045,36.0214285714286,420080.9,No Signal
191,2023-04-13T00:00:00+05:30,1367.9,1384.0,1357.2,1361.8,378435,1.592123449640416,1352.2677062780622,1339.235246159962,13.032460118100289,12.027967748321219,26.799999999999955,20.75,6.0499999999999545,26.799999999999955,35.38571428571431,404077.9,No Signal
192,2023-04-17T00:00:00+05:30,1356.0,1368.0,1340.55,1363.9,375896,1.6223981562105738,1354.057289927591,1341.0622649629277,12.995024964663344,12.221379191589644,27.450000000000045,6.2000000000000455,21.25,27.450000000000045,35.35000000000002,391547.95,No Signal
193,2023-04-18T00:00:00+05:30,1363.3,1373.4,1353.0,1361.1,502824,1.5961755704917084,1355.1407837848847,1342.5465416323404,12.594242152544211,12.29595178378056,20.40000000000009,9.5,10.900000000000091,20.40000000000009,34.221428571428596,399505.35,No Signal
194,2023-04-19T00:00:00+05:30,1361.0,1370.95,1349.15,1359.4,212326,1.6019514252366966,1355.7960478179793,1343.7949459558708,12.001101862108499,12.236981799446149,21.799999999999955,9.850000000000136,11.949999999999818,21.799999999999955,32.9107142857143,386359.55,No Signal
195,2023-04-20T00:00:00+05:30,1363.65,1398.5,1354.55,1393.7,611647,1.7261716998239998,1361.6274250767517,1347.4916166258063,14.135808450945433,12.616747129746006,43.950000000000045,39.09999999999991,4.850000000000136,43.950000000000045,33.70714285714288,394942.2,No Signal
196,2023-04-21T00:00:00+05:30,1401.0,1405.8,1372.0,1383.35,600063,1.820376123275739,1364.9693596803284,1350.1477931720428,14.821566508285514,13.057711005453909,33.799999999999955,12.099999999999909,21.700000000000045,33.799999999999955,32.514285714285734,394667.1,No Signal
197,2023-04-24T00:00:00+05:30,1393.75,1396.05,1377.4,1384.0,327783,1.8182357743105937,1367.8971504987394,1352.6553640481877,15.241786450551672,13.494526094473462,18.649999999999864,12.700000000000045,5.949999999999818,18.649999999999864,30.060714285714294,395110.7,No Signal
198,2023-04-25T00:00:00+05:30,1388.0,1388.0,1373.45,1381.3,153489,1.818905127316188,1369.9591273450872,1354.7771889335072,15.18193841157995,13.83200855789476,14.549999999999955,4.0,10.549999999999955,14.549999999999955,27.303571428571427,385570.9,No Signal
199,2023-04-26T00:00:00+05:30,1378.85,1388.7,1365.35,1373.5,509852,1.8359404713703267,1370.5038769843045,1356.1640638273216,14.339813156982927,13.933569477712394,23.350000000000136,7.400000000000091,15.950000000000045,23.350000000000136,26.028571428571436,391623.7,No Signal
200,2023-04-27T00:00:00+05:30,1378.0,1387.0,1373.1,1382.3,422730,1.6632002602231029,1372.3186651405654,1358.1000590993717,14.218606041193652,13.990576790408646,13.900000000000091,13.5,0.40000000000009095,13.900000000000091,25.37857142857144,396941.7,No Signal
201,2023-04-28T00:00:00+05:30,1375.0,1375.0,1306.2,1367.75,1816275,1.5793207129601459,1371.6157935804783,1358.8148695364553,12.800924044023077,13.752646241131533,68.79999999999995,7.2999999999999545,76.09999999999991,76.09999999999991,28.600000000000005,464941.3,No Signal
202,2023-05-02T00:00:00+05:30,1370.0,1439.0,1369.05,1406.5,1312984,1.1165870806402975,1376.982594568097,1362.3471014226438,14.63549314545321,13.92921562199587,69.95000000000005,71.25,1.2999999999999545,71.25,31.95357142857144,506872.9,No Signal
203,2023-05-03T00:00:00+05:30,1409.45,1414.0,1378.65,1390.15,515474,1.016982447574685,1379.0083492499282,1364.406575391337,14.601773858591287,14.063727269314953,35.34999999999991,7.5,27.84999999999991,35.34999999999991,32.05714285714286,507205.7,No Signal
204,2023-05-04T00:00:00+05:30,1394.95,1407.65,1383.15,1404.95,244571,1.1303478102441396,1382.999372442247,1367.4097920290158,15.58958041323126,14.368897898098215,24.5,17.5,7.0,24.5,32.27499999999999,485650.55,No Signal
205,2023-05-05T00:00:00+05:30,1404.7,1427.45,1396.0,1416.8,317728,1.2725437968677693,1388.1994689895937,1371.0683259527923,17.131143036801404,14.921346925838854,31.450000000000045,22.5,8.950000000000045,31.450000000000045,32.607142857142854,481463.1,No Signal
206,2023-05-08T00:00:00+05:30,1417.0,1429.9,1413.05,1421.5,319478,1.4303230089142336,1393.3226276065793,1374.8040055118447,18.51862209473461,15.640801959618006,16.850000000000136,13.100000000000136,3.75,16.850000000000136,31.850000000000005,486787.55,No Signal
207,2023-05-09T00:00:00+05:30,1422.05,1448.0,1422.05,1432.95,824650,1.6256538407994605,1399.4191464363364,1379.111116214671,20.308030221665376,16.57424761202748,25.950000000000045,26.5,0.5499999999999545,26.5,32.285714285714285,510828.6,No Signal
208,2023-05-10T00:00:00+05:30,1440.0,1454.4,1428.15,1440.65,469015,1.7945213207922528,1405.7623546769,1383.6695520506214,22.092802626278626,17.67795861487771,26.25,21.450000000000045,4.7999999999999545,26.25,32.603571428571435,516416.05,Buy
209,2023-05-11T00:00:00+05:30,1445.6,1475.0,1445.6,1471.4,456556,2.093039793926674,1415.8604539573769,1390.1681037505755,25.692350206801393,19.280836933262446,29.40000000000009,34.34999999999991,4.949999999999818,34.34999999999991,31.917857142857137,527449.85,Buy
210,2023-05-12T00:00:00+05:30,1471.35,1490.0,1462.3,1486.15,326598,2.4434352539044406,1426.6742302716266,1397.2778738431255,29.39635642850112,21.303940832310182,27.700000000000045,18.59999999999991,9.100000000000136,27.700000000000045,31.482142857142858,534918.7,No Signal
211,2023-05-15T00:00:00+05:30,1486.0,1518.35,1473.0,1511.3,496686,2.8446674784422985,1439.693579460607,1405.7239572621531,33.96962219845386,23.83707710553892,45.34999999999991,32.19999999999982,13.150000000000091,45.34999999999991,33.38928571428572,540831.25,Buy
212,2023-05-16T00:00:00+05:30,1518.0,1529.0,1496.55,1500.2,481416,3.1008774476577816,1449.0022595435905,1412.7221826501418,36.28007689344872,26.32567706312088,32.450000000000045,17.700000000000045,14.75,32.450000000000045,34.66785714285715,546107.25,Buy
213,2023-05-17T00:00:00+05:30,1502.95,1513.15,1486.0,1505.55,469701,3.2616547256728654,1457.7019119214997,1419.59831726865,38.10359465284978,28.681260581066663,27.15000000000009,12.950000000000045,14.200000000000045,27.15000000000009,34.939285714285724,544451.1,Buy
214,2023-05-18T00:00:00+05:30,1508.1,1517.75,1486.05,1490.7,245900,3.304491089261953,1462.7785408566535,1424.8651085820832,37.91343227457037,30.527694919767406,31.700000000000045,12.200000000000045,19.5,31.700000000000045,36.21071428571429,546129.8,Buy
215,2023-05-19T00:00:00+05:30,1490.65,1498.6,1471.55,1493.1,468553,3.3950903493561015,1467.4433807248606,1429.9195449834103,37.523835741450284,31.926923084103983,27.049999999999955,7.899999999999864,19.15000000000009,27.049999999999955,32.70714285714286,538975.1,Buy
216,2023-05-22T00:00:00+05:30,1493.9,1507.2,1478.1,1496.25,276941,3.425127558497115,1471.8751683056512,1434.8329120216763,37.04225628397489,32.949989724078165,29.100000000000136,14.100000000000136,15.0,29.100000000000136,29.696428571428587,522819.0,No Signal
217,2023-05-23T00:00:00+05:30,1499.9,1511.95,1493.15,1503.65,368971,3.4325680539260417,1476.7636039509357,1439.9304740941448,36.83312985679095,33.726617750620726,18.799999999999955,15.700000000000045,3.099999999999909,18.799999999999955,28.514285714285734,524878.4,No Signal
218,2023-05-24T00:00:00+05:30,1504.95,1505.05,1485.95,1498.5,362122,3.3891920717964443,1480.107664881561,1444.2689574945784,35.838707386982605,34.1490356778931,19.09999999999991,1.3999999999998636,17.700000000000045,19.09999999999991,28.12857142857144,535310.05,No Signal
219,2023-05-25T00:00:00+05:30,1500.3,1519.9,1493.65,1515.25,475551,3.264690174367715,1485.5141779767055,1449.52681249498,35.98736548172542,34.51670163865957,26.25,21.40000000000009,4.849999999999909,26.25,27.757142857142867,533595.0,No Signal
220,2023-05-26T00:00:00+05:30,1514.2,1533.65,1493.05,1530.2,415204,3.189024549290368,1492.388919826443,1455.5026041620185,36.8863156644245,34.99062444381256,40.600000000000136,18.40000000000009,22.200000000000045,40.600000000000136,29.45357142857144,533218.7,No Signal
221,2023-05-29T00:00:00+05:30,1531.4,1544.5,1523.1,1537.9,347260,2.9810511369893633,1499.3906244685288,1461.606114964832,37.78450950369688,35.54940145578942,21.40000000000009,14.299999999999955,7.100000000000136,21.40000000000009,29.08928571428573,459767.95,No Signal
222,2023-05-30T00:00:00+05:30,1537.9,1561.9,1528.65,1558.35,341563,3.007714174551927,1508.4612976272167,1468.7723286711407,39.688968956075996,36.377314955846735,33.25,24.0,9.25,33.25,29.58928571428573,411196.9,No Signal
223,2023-05-31T00:00:00+05:30,1561.4,1595.0,1550.0,1560.45,1279601,2.8883079458659644,1516.459559530722,1475.5632672880934,40.89629224262853,37.281110413203095,45.0,36.65000000000009,8.349999999999909,45.0,30.350000000000023,449403.25,No Signal
224,2023-06-01T00:00:00+05:30,1564.9,1573.05,1550.0,1562.4,452507,2.7761451537607518,1523.5273196029186,1481.9956178593457,41.53170174357297,38.13122867927707,23.049999999999955,12.599999999999909,10.450000000000045,23.049999999999955,30.01785714285716,459800.05,No Signal
225,2023-06-02T00:00:00+05:30,1566.55,1603.2,1559.95,1597.3,514635,2.7948857376182445,1534.876962740931,1490.5366832030977,44.34027953783334,39.37303885098833,43.25,40.799999999999955,2.4500000000000455,43.25,29.867857142857165,469645.4,No Signal
226,2023-06-05T00:00:00+05:30,1595.0,1610.0,1587.6,1599.05,231024,2.793773540664195,1544.7497377038646,1498.5747066695349,46.17503103432978,40.73343728765662,22.40000000000009,12.700000000000045,9.700000000000045,22.40000000000009,29.150000000000027,465222.7,No Signal
227,2023-06-06T00:00:00+05:30,1604.95,1607.5,1584.0,1602.65,208474,2.7749010413357595,1553.6574703648084,1506.2839876569767,47.37348270783173,42.061446371691645,23.5,8.450000000000045,15.049999999999955,23.5,28.889285714285734,434413.9,No Signal
228,2023-06-07T00:00:00+05:30,1605.0,1612.0,1586.8,1602.85,632805,2.709663533394675,1561.2255518471457,1513.4370256083118,47.78852623883381,43.20686234512008,25.200000000000045,9.349999999999909,15.850000000000136,25.200000000000045,28.42500000000002,442603.4,No Signal
229,2023-06-08T00:00:00+05:30,1609.0,1616.7,1583.35,1588.6,286923,2.6971560507854595,1565.4370054091232,1519.0046533410296,46.43235206809368,43.8519602897148,33.350000000000136,13.850000000000136,19.5,33.350000000000136,28.875000000000032,434121.75,No Signal
230,2023-06-09T00:00:00+05:30,1594.0,1620.1,1589.9,1598.4,437123,2.7016606070401656,1570.5082353461812,1524.885790130583,45.62244521559819,44.206057274891485,30.199999999999818,31.5,1.300000000000182,31.5,29.046428571428596,439648.0,No Signal
231,2023-06-12T00:00:00+05:30,1598.4,1609.0,1584.55,1595.35,223661,2.7614402750741647,1574.3300452929225,1530.1053612320213,44.224684060901154,44.20978263209342,24.450000000000045,10.599999999999909,13.850000000000136,24.450000000000045,29.450000000000028,425996.75,No Signal
232,2023-06-13T00:00:00+05:30,1602.4,1694.75,1598.3,1685.65,1634306,3.1110103936280993,1591.4561921709344,1541.6271863259458,49.829005844988615,45.333627274672466,96.45000000000005,99.40000000000009,2.9500000000000455,99.40000000000009,35.185714285714326,483641.25,Buy
233,2023-06-14T00:00:00+05:30,1695.5,1730.0,1681.0,1711.2,1207550,3.5882353198345154,1609.878316452329,1554.1881354869868,55.69018096534228,47.40493801280643,49.0,44.34999999999991,4.650000000000091,49.0,36.810714285714326,520533.7,Buy
234,2023-06-15T00:00:00+05:30,1716.25,1716.25,1680.55,1685.05,465902,3.8047446535897707,1621.4431908442784,1563.8816069323952,57.56158391188319,49.436267192621784,35.700000000000045,5.0499999999999545,30.65000000000009,35.700000000000045,36.460714285714324,531533.8,Buy
235,2023-06-16T00:00:00+05:30,1685.85,1719.4,1680.05,1716.0,484473,3.972517886608666,1635.990392252851,1575.1496360485141,60.84075620433691,51.71716499496481,39.350000000000136,34.350000000000136,5.0,39.350000000000136,37.74285714285718,532329.8,Buy
236,2023-06-19T00:00:00+05:30,1714.45,1723.55,1699.15,1711.6,198679,4.090921374174283,1647.6226395985664,1585.2570704152909,62.36556918327551,53.846845832626954,24.399999999999864,7.5499999999999545,16.84999999999991,24.399999999999864,37.110714285714316,528416.7,Buy
237,2023-06-20T00:00:00+05:30,1710.0,1725.0,1704.0,1719.4,272527,4.14816172002873,1658.6653104295563,1595.1935837178619,63.47172671169437,55.77182200844044,21.0,13.400000000000091,7.599999999999909,21.0,35.3964285714286,523594.5,Buy
238,2023-06-21T00:00:00+05:30,1723.95,1723.95,1691.9,1706.3,368815,4.0744058989163205,1665.9937242096246,1603.4236886276499,62.57003558197471,57.131464723147296,32.049999999999955,4.5499999999999545,27.5,32.049999999999955,36.03928571428575,523929.15,Buy
239,2023-06-22T00:00:00+05:30,1700.0,1719.5,1696.25,1714.15,213194,3.9716875510603966,1673.4023820235286,1611.6256376181943,61.776744405334284,58.0605206595847,23.25,13.200000000000045,10.049999999999955,23.25,34.610714285714316,510811.3,Buy
240,2023-06-23T00:00:00+05:30,1710.0,1743.4,1694.7,1726.75,732207,3.8932834762651782,1681.6097078660628,1620.1533681649948,61.45633970106792,58.73968446788135,48.700000000000045,29.25,19.450000000000045,48.700000000000045,36.48928571428574,526661.45,Buy
241,2023-06-26T00:00:00+05:30,1726.85,1761.8,1712.05,1753.0,443606,3.8455606066708303,1692.5928297328223,1629.9938594120322,62.59897032079016,59.511541638463115,49.75,35.049999999999955,14.700000000000045,49.75,38.36428571428574,531478.75,Buy
242,2023-06-27T00:00:00+05:30,1766.0,1766.0,1737.55,1745.0,318903,3.8404403491779258,1700.655471312388,1638.5128327889186,62.142638523469486,60.03776101546439,28.450000000000045,13.0,15.450000000000045,28.450000000000045,38.596428571428596,530345.75,Buy
243,2023-06-28T00:00:00+05:30,1759.95,1773.2,1749.45,1770.8,322129,3.7966762566648966,1711.4469372643284,1648.3118822119616,63.13505505236685,60.65721982284489,23.75,28.200000000000045,4.4500000000000455,28.200000000000045,38.22857142857145,482472.15,Buy
244,2023-06-30T00:00:00+05:30,1774.95,1783.95,1759.5,1759.5,335751,3.700303962082644,1718.8397161467394,1656.5480390851496,62.29167706158978,60.98411127059387,24.450000000000045,13.150000000000091,11.299999999999955,24.450000000000045,37.72500000000002,476634.35,Buy
245,2023-07-03T00:00:00+05:30,1774.9,1775.4,1747.95,1754.85,237705,3.656790152741175,1724.3797598164717,1663.829665819583,60.55009399688879,60.897307815852855,27.450000000000045,15.900000000000091,11.549999999999955,27.450000000000045,37.93928571428574,462787.85,Sell
246,2023-07-04T00:00:00+05:30,1751.55,1791.7,1731.0,1738.0,396334,3.5433012616644963,1726.4751813831683,1669.323764647762,57.15141673540643,60.14812959976357,60.700000000000045,36.850000000000136,23.84999999999991,60.700000000000045,35.17500000000002,471053.35,Sell
247,2023-07-05T00:00:00+05:30,1745.0,1745.0,1702.0,1726.2,501739,3.3601296073775004,1726.4328457857578,1673.5368191182981,52.89602666745964,58.697709013302784,43.0,7.0,36.0,43.0,34.74642857142859,485716.6,No Signal
248,2023-07-06T00:00:00+05:30,1731.7,1759.85,1723.4,1750.0,239867,3.0959888258650063,1730.058561818718,1679.2007584428686,50.85780337584947,57.12972788581212,36.44999999999982,33.649999999999864,2.7999999999999545,36.44999999999982,34.800000000000004,466069.7,No Signal
249,2023-07-07T00:00:00+05:30,1749.3,1753.55,1696.0,1697.0,247531,2.7405785801037132,1724.972629231223,1680.519220780434,44.453408450789084,54.59446399880752,57.549999999999955,3.5499999999999545,54.0,57.549999999999955,36.09999999999999,464100.1,Sell
250,2023-07-10T00:00:00+05:30,1714.95,1717.95,1669.0,1673.55,297594,2.3426974699264576,1717.0614555033426,1680.0029822041054,37.05847329923722,51.08726585889346,48.950000000000045,20.950000000000045,28.0,48.950000000000045,37.853571428571435,457123.65,Sell
251,2023-07-11T00:00:00+05:30,1676.65,1707.4,1673.55,1690.0,455889,1.6455279240939047,1712.8981546566745,1680.7435020408384,32.154652615836085,47.300743210281986,33.850000000000136,33.850000000000136,0.0,33.850000000000136,38.77142857142859,468735.05,Sell
252,2023-07-12T00:00:00+05:30,1697.0,1700.0,1668.1,1685.0,501772,1.6530631289845121,1708.60613086334,1681.0587981859615,27.547332677378563,43.35006110370131,31.90000000000009,10.0,21.90000000000009,31.90000000000009,38.76071428571431,412108.35,Sell
253,2023-07-13T00:00:00+05:30,1690.95,1708.0,1658.8,1670.3,269180,1.8006263728385707,1702.7128799612876,1680.2618501721865,22.451029789101085,39.17025484078127,49.200000000000045,23.0,26.200000000000045,49.200000000000045,40.61428571428574,365189.85,Sell
254,2023-07-14T00:00:00+05:30,1672.2,1693.7,1657.45,1690.0,267593,1.7630440665233278,1700.7570522749356,1680.9831946038764,19.773857671059204,35.29097540683686,36.25,23.40000000000009,12.849999999999909,36.25,39.72500000000002,355274.4,Sell
255,2023-07-17T00:00:00+05:30,1696.45,1722.95,1675.95,1697.9,472523,1.778162975453174,1700.3175057710994,1682.2362912998856,18.081214471213798,31.849023219712247,47.0,32.950000000000045,14.049999999999955,47.0,39.52857142857145,354676.9,Sell
256,2023-07-18T00:00:00+05:30,1704.65,1710.9,1673.15,1689.35,172903,1.8278747532000754,1698.6301971909302,1682.7632326850792,15.866964505851001,28.65261147694,37.75,13.0,24.75,37.75,40.192857142857164,353388.1,Sell
257,2023-07-19T00:00:00+05:30,1699.75,1720.0,1688.0,1717.4,382932,1.797901786230483,1701.5178591615563,1685.328919152851,16.18894000870523,26.159877183293048,32.0,30.65000000000009,1.349999999999909,32.0,40.46428571428573,358908.35,Sell
258,2023-07-20T00:00:00+05:30,1720.1,1723.95,1702.25,1719.75,234507,1.7886817201610572,1704.3228039059322,1687.8786288452325,16.444175060699763,24.216736758774392,21.700000000000045,6.5499999999999545,15.150000000000091,21.700000000000045,40.26785714285716,352192.95,Sell
259,2023-07-21T00:00:00+05:30,1706.0,1730.05,1701.2,1716.0,330704,1.791963970443939,1706.1192956127118,1689.9616933752152,16.157602237496576,22.60490985451883,28.84999999999991,10.299999999999955,18.549999999999955,28.84999999999991,40.36785714285715,358068.45,Sell
260,2023-07-24T00:00:00+05:30,1725.0,1734.1,1702.05,1704.9,391702,1.808332643681385,1705.9317116722946,1691.0682346066808,14.863477065613779,21.056623296737822,32.049999999999955,18.09999999999991,13.950000000000045,32.049999999999955,38.32142857142857,341043.2,No Signal
261,2023-07-25T00:00:00+05:30,1709.0,1718.45,1691.95,1704.25,220544,1.7473262032198271,1705.672986799634,1692.0446616728525,13.62832512678142,19.570963662746543,26.5,13.549999999999955,12.950000000000045,26.5,37.142857142857146,329890.1,No Signal
262,2023-07-26T00:00:00+05:30,1720.0,1726.45,1704.1,1706.0,272435,1.6984856256636958,1705.7232965227672,1693.0783904378263,12.644906084940885,18.18575214718541,22.350000000000136,22.200000000000045,0.15000000000009095,22.350000000000136,36.13571428571431,327566.7,No Signal
263,2023-07-27T00:00:00+05:30,1706.6,1722.7,1697.7,1710.0,214922,1.4964021292564513,1706.3812509038798,1694.3318429979875,12.049407905892394,16.958483298926808,25.0,16.700000000000045,8.299999999999955,25.0,33.81071428571431,322206.35,No Signal
264,2023-07-28T00:00:00+05:30,1713.6,1738.95,1691.0,1738.55,344332,1.370296588844898,1711.3302892263598,1697.6072620351736,13.723027191186247,16.311392077378695,47.950000000000045,28.950000000000045,19.0,47.950000000000045,33.73928571428574,322635.4,No Signal
265,2023-07-31T00:00:00+05:30,1739.0,1764.0,1731.05,1760.0,344697,1.3844971217624453,1718.817937037689,1702.2289463288644,16.588990708824667,16.36691180366789,32.950000000000045,25.450000000000045,7.5,32.950000000000045,33.67500000000002,327985.0,No Signal
266,2023-08-01T00:00:00+05:30,1760.0,1760.95,1701.9,1709.85,260133,1.3691687520534717,1717.4382544165062,1702.7934688230225,14.644785593483675,16.022486561631048,59.049999999999955,0.9500000000000455,58.09999999999991,59.049999999999955,35.61428571428572,321174.95,No Signal
267,2023-08-02T00:00:00+05:30,1707.6,1716.6,1678.2,1689.9,752453,1.379731235198967,1713.2015998908898,1701.8383970583543,11.363202832535535,15.090629815811946,38.399999999999864,6.75,31.649999999999864,38.399999999999864,34.84285714285714,333710.65,No Signal
268,2023-08-03T00:00:00+05:30,1689.5,1697.4,1670.4,1686.0,268510,1.2608747819883037,1709.0167383692144,1700.6651824614391,8.351555907775264,13.742815034204611,27.0,7.5,19.5,27.0,34.18214285714286,335142.8,No Signal
269,2023-08-04T00:00:00+05:30,1699.0,1718.05,1691.6,1704.45,396635,1.2447931483111596,1708.314163235489,1700.9455393161475,7.368623919341644,12.467976811232019,26.450000000000045,32.049999999999955,5.599999999999909,32.049999999999955,33.11428571428571,342598.0,No Signal
270,2023-08-07T00:00:00+05:30,1710.0,1718.0,1677.0,1690.0,394602,1.2016617568012258,1705.4965996607984,1700.1347586260624,5.361841034736017,11.04674965593282,41.0,13.549999999999955,27.450000000000045,41.0,33.34642857142857,347448.4,No Signal
271,2023-08-08T00:00:00+05:30,1680.0,1719.55,1674.7,1718.0,321461,1.1792013068825131,1707.4201997129833,1701.4581098389467,5.962089874036565,10.029817699553568,44.84999999999991,29.549999999999955,15.299999999999955,44.84999999999991,34.2642857142857,340727.0,No Signal
272,2023-08-09T00:00:00+05:30,1721.85,1805.05,1703.1,1795.0,2489212,1.555340669511095,1720.894015141755,1708.3871387397655,12.50687640198953,10.52522944004076,101.95000000000005,87.04999999999995,14.900000000000091,101.95000000000005,39.99642857142856,440099.0,Buy
273,2023-08-10T00:00:00+05:30,1810.0,1915.0,1790.05,1889.9,4028961,2.5113291399900675,1746.8949358891773,1721.8325358701534,25.062400019023926,13.432663555837395,124.95000000000005,120.0,4.9500000000000455,124.95000000000005,46.86071428571428,628088.05,Buy
274,2023-08-11T00:00:00+05:30,1893.8,1909.85,1876.4,1889.0,695661,3.1609259960793152,1768.7572534446886,1734.2153109908827,34.54194245380586,17.65451933543109,33.44999999999982,19.949999999999818,13.5,33.44999999999982,46.960714285714275,649491.45,Buy
275,2023-08-14T00:00:00+05:30,1885.0,1933.45,1867.55,1930.0,1476976,3.818170141389542,1793.5638298378135,1748.7178805471135,44.84594929069999,23.09280532648487,65.90000000000009,44.450000000000045,21.450000000000045,65.90000000000009,49.77499999999999,699714.1,Buy
276,2023-08-16T00:00:00+05:30,1929.0,1967.0,1906.95,1965.0,1228229,4.454227170341867,1819.9386252473807,1764.7387782843643,55.1998469630164,29.514213653791177,60.049999999999955,37.0,23.049999999999955,60.049999999999955,52.46785714285712,752480.4,Buy
277,2023-08-17T00:00:00+05:30,1965.0,1984.55,1960.0,1973.0,967019,5.031934062348785,1843.486529055476,1780.1655354484856,63.32099360699044,36.27556964443103,24.549999999999955,19.549999999999955,5.0,24.549999999999955,52.43571428571426,781684.75,Buy
278,2023-08-18T00:00:00+05:30,1979.2,2027.7,1957.65,1965.0,1567654,5.4733399774841525,1862.1809092007875,1793.8569772671162,68.32393193367125,42.68524210227908,70.04999999999995,54.700000000000045,15.349999999999909,70.04999999999995,54.014285714285684,848342.1,Buy
279,2023-08-21T00:00:00+05:30,1973.95,2018.0,1950.05,1998.9,1064960,5.833368880375247,1883.2146154775894,1809.0453493214038,74.16926615618559,48.98204691306038,67.95000000000005,53.0,14.950000000000045,67.95000000000005,56.514285714285684,885054.9,Buy
280,2023-08-22T00:00:00+05:30,1999.95,2034.0,1999.95,2033.95,646631,6.18805953497164,1906.4046746348833,1825.7049530753739,80.6997215595095,55.3255818423502,34.049999999999955,35.09999999999991,1.0499999999999545,35.09999999999991,54.803571428571395,897801.35,Buy
281,2023-08-23T00:00:00+05:30,2035.8,2067.8,2034.85,2053.7,705091,6.524211461342383,1929.0654939218243,1842.5934750697907,86.47201885203367,61.5548692442869,32.95000000000027,33.850000000000136,0.8999999999998636,33.850000000000136,54.47857142857141,922028.7,Buy
282,2023-08-24T00:00:00+05:30,2067.8,2079.2,2037.65,2067.95,461295,6.798751241937882,1950.4323410107743,1859.2865509905469,91.14579002022742,67.473053399475,41.54999999999973,25.5,16.049999999999727,41.54999999999973,55.51785714285711,931471.7,Buy
283,2023-08-25T00:00:00+05:30,2062.05,2062.05,2001.25,2013.0,764831,7.0153615461632155,1960.0581347014245,1870.6727323986545,89.38540230276999,71.855523180134,60.80000000000018,5.899999999999636,66.69999999999982,66.69999999999982,57.9928571428571,958967.15,Buy
284,2023-08-28T00:00:00+05:30,2027.05,2027.05,1990.65,1999.65,695440,7.057402274878495,1966.1491909012054,1880.2266040728282,85.92258682837723,74.66893590978265,36.399999999999864,14.049999999999955,22.34999999999991,36.399999999999864,57.66428571428566,976522.55,Buy
285,2023-08-29T00:00:00+05:30,2010.0,2052.7,2001.15,2050.0,351875,6.994694749712734,1979.049315377943,1892.8024111785446,86.24690419939839,76.98452956770579,51.54999999999973,53.04999999999973,1.5,53.04999999999973,58.249999999999936,976881.45,Buy
286,2023-08-30T00:00:00+05:30,2068.6,2077.35,2050.6,2058.75,835835,6.8676518573658125,1991.3109591659518,1905.0948251653192,86.21613400063256,78.83085045429115,26.75,27.34999999999991,0.599999999999909,27.34999999999991,52.9214285714285,1005666.55,Buy
287,2023-08-31T00:00:00+05:30,2064.0,2073.1,2043.7,2053.3,680788,6.575550114302955,2000.8477346788823,1916.0729862641845,84.7747484146978,80.01963004637248,29.399999999999864,14.349999999999909,15.049999999999955,29.399999999999864,46.09642857142848,1002083.3,No Signal
288,2023-09-01T00:00:00+05:30,2059.7,2112.95,2040.0,2063.1,785674,6.0895666240424555,2010.4250062667465,1926.9638761705412,83.46113009620535,80.70793005633907,72.94999999999982,59.649999999999636,13.300000000000182,72.94999999999982,48.91785714285705,1027941.5,No Signal
289,2023-09-04T00:00:00+05:30,2074.0,2074.5,2020.0,2031.4,744599,5.575918546909137,2013.6519283795549,1934.6998853430937,78.95204303646119,80.3567526523635,54.5,11.400000000000091,43.09999999999991,54.5,48.103571428571335,1045339.7,No Signal
290,2023-09-05T00:00:00+05:30,2034.95,2080.0,2028.0,2063.7,536090,4.6264385679369235,2021.3516317057772,1944.2554493917535,77.09618231402374,79.70463858469554,52.0,48.59999999999991,3.400000000000091,52.0,47.52857142857134,1052414.1,No Signal
291,2023-09-06T00:00:00+05:30,2072.2,2087.15,2051.65,2067.5,331114,3.607092770037031,2028.4513806741193,1953.3846753627347,75.06670531138457,78.77705193003335,35.5,23.450000000000273,12.049999999999727,35.5,48.3107142857142,1052896.75,No Signal
292,2023-09-07T00:00:00+05:30,2073.0,2093.0,2055.7,2087.75,303430,2.8692834415049218,2037.5742451857932,1963.3376623729025,74.23658281289067,77.86895810660482,37.30000000000018,25.5,11.800000000000182,37.30000000000018,45.9714285714285,943607.65,No Signal
293,2023-09-08T00:00:00+05:30,2100.0,2131.55,2067.3,2086.55,548262,2.616012198799285,2045.1089766956711,1972.4645021971319,72.64447449853924,76.82406138499171,64.25,43.80000000000018,20.449999999999818,64.25,45.707142857142784,769572.7,No Signal
294,2023-09-11T00:00:00+05:30,2093.95,2106.35,2077.75,2085.75,623499,2.22251428118353,2051.361441819414,1980.8560205529,70.50542126651385,75.56033336129614,28.59999999999991,19.799999999999727,8.800000000000182,28.59999999999991,45.24285714285707,765964.6,No Signal
295,2023-09-12T00:00:00+05:30,2093.95,2111.95,2033.15,2057.4,722560,1.9364217232967396,2052.2904507702733,1986.525944956389,65.7645058138844,73.6011678518138,78.79999999999973,26.199999999999818,52.59999999999991,78.79999999999973,48.45357142857132,728243.8,No Signal
296,2023-09-13T00:00:00+05:30,2061.5,2073.0,2012.35,2065.4,355761,1.7534779793536137,2054.3073044979237,1992.368467552212,61.93883694571173,71.26870167059339,60.65000000000009,15.599999999999909,45.05000000000018,60.65000000000009,49.817857142857065,684620.4,No Signal
297,2023-09-14T00:00:00+05:30,2051.0,2088.95,2048.0,2058.5,287994,1.5666637382073052,2054.9523345751663,1997.2670995853814,57.68523498978493,68.5520083344317,40.94999999999982,23.549999999999727,17.40000000000009,40.94999999999982,47.97857142857135,650669.15,No Signal
298,2023-09-15T00:00:00+05:30,2073.0,2085.5,2051.05,2070.25,359579,1.2537309026966406,2057.3058215636024,2002.6732403568346,54.63258120676778,65.76812290889892,34.44999999999982,27.0,7.449999999999818,34.44999999999982,47.83928571428563,590265.4,No Signal
299,2023-09-18T00:00:00+05:30,2073.0,2073.0,2047.65,2055.35,323336,1.0983329726703759,2057.0049259384327,2006.5752225526246,50.429703385808125,62.70043900428076,25.34999999999991,2.75,22.59999999999991,25.34999999999991,45.86071428571422,553184.2,No Signal
300,2023-09-20T00:00:00+05:30,2052.0,2088.2,2022.45,2061.6,451829,1.0662849894336446,2057.711860409443,2010.651131993171,47.06072841627201,59.57249688667901,65.74999999999977,32.84999999999991,32.899999999999864,65.74999999999977,48.60357142857135,543444.1,No Signal
301,2023-09-21T00:00:00+05:30,2063.0,2112.0,2035.1,2058.2,298279,1.0671600718840628,2057.7869588079902,2014.1732703640473,43.61368844394292,56.380735198131795,76.90000000000009,50.40000000000009,26.5,76.90000000000009,51.99642857142851,523103.5,Sell
302,2023-09-22T00:00:00+05:30,2069.45,2079.55,2049.7,2065.9,394776,1.0609876776064358,2059.0351189913763,2018.0048799667104,41.03023902466589,53.310635963438614,29.850000000000364,21.350000000000364,8.5,29.850000000000364,48.91785714285712,519777.55,No Signal
303,2023-09-25T00:00:00+05:30,2080.0,2173.5,2041.1,2157.05,1841241,1.344338682804223,2074.1143314542414,2028.3045184876948,45.80981296654659,51.81047136406021,132.4000000000001,107.59999999999991,24.800000000000182,132.4000000000001,54.48214285714284,573598.05,Sell
304,2023-09-26T00:00:00+05:30,2157.0,2185.0,2141.45,2150.95,1021206,1.4306844397452265,2085.9352035382044,2037.3893689700878,48.54583456811656,51.15754400487149,43.55000000000018,27.949999999999818,15.600000000000364,43.55000000000018,53.878571428571426,589886.35,Sell
305,2023-09-27T00:00:00+05:30,2143.0,2150.2,2090.85,2113.85,582180,1.4960935101530763,2090.22978760925,2043.053119416748,47.17666819250189,50.361368842397574,59.34999999999991,0.75,60.09999999999991,60.09999999999991,55.63571428571428,601401.6,Sell
306,2023-09-28T00:00:00+05:30,2122.1,2132.0,2045.8,2064.55,3956535,1.5252091281473663,2086.2790510539808,2044.6454809414333,41.63357011254743,48.61580909642755,86.20000000000005,18.15000000000009,68.04999999999995,86.20000000000005,59.12857142857141,757436.6,Sell
307,2023-09-29T00:00:00+05:30,2056.65,2091.1,2031.15,2080.15,767501,1.4923714175342042,2085.336120122599,2047.275445316142,38.06067480645697,46.504782238433435,59.94999999999982,26.549999999999727,33.40000000000009,59.94999999999982,58.82142857142854,761772.25,Sell
308,2023-10-03T00:00:00+05:30,2074.3,2086.3,2052.0,2059.1,543387,1.5129029888443404,2081.2997939498914,2048.151338255687,33.148455694204586,43.83351692958767,34.30000000000018,6.150000000000091,28.15000000000009,34.30000000000018,59.22857142857141,749657.9,Sell
309,2023-10-04T00:00:00+05:30,2054.0,2055.95,2007.6,2022.3,551771,1.5779638058882068,2072.222902572985,2046.2364243108211,25.9864782621637,40.26410919610287,48.34999999999991,3.150000000000091,51.5,51.5,57.27857142857143,740016.5,Sell
310,2023-10-05T00:00:00+05:30,2022.95,2058.15,2022.3,2047.6,461744,1.5848765613505098,2068.4347637156025,2046.337429917427,22.09733379817544,36.63075411651739,35.850000000000136,35.850000000000136,0.0,35.850000000000136,55.50714285714287,736299.2,Sell
311,2023-10-06T00:00:00+05:30,2055.85,2091.9,2050.1,2072.1,444220,1.5639395740232698,2068.9986462208944,2048.245768442062,20.7528777788325,33.45517884898041,41.80000000000018,44.30000000000018,2.5,44.30000000000018,55.74642857142861,741954.5,Sell
312,2023-10-09T00:00:00+05:30,2035.0,2089.45,2032.4,2079.05,487722,1.553536073317562,2070.545008340757,2050.5275633722795,20.01744496847732,30.767632072879795,57.04999999999973,17.34999999999991,39.69999999999982,57.04999999999973,57.360714285714316,751169.1,Sell
313,2023-10-10T00:00:00+05:30,2089.75,2089.75,2047.1,2050.8,351329,1.5919202948477416,2067.507314749871,2050.547743863222,16.95957088664909,28.006019835633655,42.65000000000009,10.699999999999818,31.950000000000273,42.65000000000009,58.59642857142861,741322.45,Sell
314,2023-10-11T00:00:00+05:30,2058.45,2114.8,2055.0,2101.3,729470,1.5765704843314612,2072.706189403737,2054.307170243724,18.399019160012813,26.08461970050949,59.80000000000018,64.0,4.199999999999818,64.0,58.47142857142863,746621.0,Sell
315,2023-10-12T00:00:00+05:30,2105.0,2107.8,2070.0,2077.2,285544,1.5830593508531763,2073.397544880085,2056.0029354108556,17.394609469229636,24.34661765425352,37.80000000000018,6.5,31.300000000000182,37.80000000000018,55.678571428571495,724770.2,Sell
316,2023-10-13T00:00:00+05:30,2075.0,2109.7,2071.45,2084.8,321887,1.5758803116949487,2075.1517687446876,2058.136051306348,17.015717438339834,22.880437611070786,38.25,32.5,5.75,38.25,56.27857142857147,723076.5,Sell
317,2023-10-16T00:00:00+05:30,2093.0,2117.0,2080.5,2107.65,446019,1.5785309925316529,2080.15149663012,2061.803751209581,18.347745420539013,21.973899172964433,36.5,32.19999999999982,4.300000000000182,36.5,49.42857142857146,730977.75,No Signal
318,2023-10-17T00:00:00+05:30,2116.95,2117.6,2073.1,2082.0,373789,1.5951579380468741,2080.4358817639477,2063.299769638501,17.136112125446743,21.006341763460895,44.5,9.949999999999818,34.55000000000018,44.5,49.49642857142859,731688.25,No Signal
319,2023-10-18T00:00:00+05:30,2089.1,2090.4,2031.2,2048.95,432748,1.6343287925140342,2075.5918999541095,2062.2368237393525,13.355076214756991,19.476088653720115,59.200000000000045,8.400000000000091,50.799999999999955,59.200000000000045,49.432142857142885,737158.85,No Signal
320,2023-10-19T00:00:00+05:30,2045.95,2074.0,2020.0,2060.6,350097,1.6264710760040288,2073.2854538073234,2062.1155775364377,11.169876270885652,17.814846177153225,54.0,25.050000000000182,28.949999999999818,54.0,47.13214285714288,732072.25,No Signal
321,2023-10-20T00:00:00+05:30,2060.6,2060.6,2024.4,2036.15,353937,1.6986914814177485,2067.5723070677354,2060.1922014226275,7.38010564510796,15.727898070744173,36.19999999999982,0.0,36.19999999999982,36.19999999999982,45.43571428571431,734855.15,No Signal
322,2023-10-23T00:00:00+05:30,2035.0,2041.15,1980.0,1991.95,488451,1.9858328575508188,2055.9381059803914,2055.1372235394697,0.8008824409216686,12.742494944779672,61.15000000000009,5.0,56.15000000000009,61.15000000000009,47.35357142857145,739538.9,No Signal
323,2023-10-25T00:00:00+05:30,2007.9,2007.9,1973.8,1993.25,512770,1.930892275308333,2046.293781983408,2050.552984758768,-4.259202775360109,9.342155400751716,34.100000000000136,15.950000000000045,18.15000000000009,34.100000000000136,46.110714285714316,673115.35,No Signal
324,2023-10-26T00:00:00+05:30,1980.0,2040.95,1945.0,2031.1,966275,1.655397067306605,2043.9562770628838,2049.1120229247854,-5.155745861901551,6.442575148221064,95.95000000000005,47.700000000000045,48.25,95.95000000000005,50.40357142857145,670368.8,No Signal
325,2023-10-27T00:00:00+05:30,2031.15,2142.95,2031.15,2122.1,999445,1.619051700089205,2055.978388283979,2054.5185397451714,1.459848538807364,5.446029826338324,111.79999999999973,111.84999999999991,0.0500000000001819,111.84999999999991,55.228571428571435,691232.05,Sell
326,2023-10-30T00:00:00+05:30,2143.2,2143.2,2072.0,2119.75,483782,1.7369030089592241,2065.789405471059,2059.3504997640475,6.4389057070116,5.6446050024729795,71.19999999999982,21.09999999999991,50.09999999999991,71.19999999999982,56.23928571428572,517594.4,Buy
327,2023-10-31T00:00:00+05:30,2140.9,2165.0,2119.1,2154.7,749792,1.9497426977980978,2079.4679584755118,2066.4134257074516,13.054532768060199,7.126590555590424,45.90000000000009,45.25,0.650000000000091,45.90000000000009,56.47142857142858,516708.95,Buy
328,2023-11-01T00:00:00+05:30,2163.7,2209.3,2148.95,2197.65,1081257,2.3236638958103075,2097.649811017741,2076.1346534328254,21.515157584915414,10.004303961455422,60.350000000000364,54.600000000000364,5.75,60.350000000000364,56.210714285714324,543602.45,Buy
329,2023-11-02T00:00:00+05:30,2210.0,2210.0,2175.0,2189.85,474395,2.5419908749573827,2111.83445547655,2084.558012437801,27.276443038748766,13.458731776914092,35.0,12.349999999999909,22.65000000000009,35.0,56.01071428571431,539733.65,Buy
330,2023-11-03T00:00:00+05:30,2195.0,2198.95,2180.0,2196.5,230437,2.754801511826111,2124.859923864773,2092.8500115164825,32.00991234829053,17.16896789118938,18.949999999999818,9.099999999999909,9.849999999999909,18.949999999999818,54.63214285714287,528168.3,Buy
331,2023-11-06T00:00:00+05:30,2196.55,2245.5,2188.65,2233.2,537580,3.0560144746290616,2141.527627885577,2103.246306959706,38.281320925871114,21.391438498125726,56.84999999999991,49.0,7.849999999999909,56.84999999999991,56.08571428571429,532836.3,Buy
332,2023-11-07T00:00:00+05:30,2234.45,2450.0,2181.7,2424.0,3419427,4.109232835707557,2184.9849159031805,2127.0058397775056,57.979076125674965,28.708966023635575,268.3000000000002,216.80000000000018,51.5,268.3000000000002,72.07142857142858,679421.55,Buy
333,2023-11-08T00:00:00+05:30,2450.0,2503.85,2391.05,2452.85,2652822,5.039456258457693,2226.194928841153,2151.142444238431,75.05248460272196,37.97766973945286,112.79999999999973,79.84999999999991,32.94999999999982,112.79999999999973,75.89999999999999,794496.2,Buy
334,2023-11-09T00:00:00+05:30,2453.0,2487.25,2438.2,2478.05,684007,5.851939863421607,2264.941862865591,2175.3578187392877,89.58404412630307,48.2989446168229,49.05000000000018,34.40000000000009,14.650000000000091,49.05000000000018,75.54642857142858,792223.05,Buy
335,2023-11-10T00:00:00+05:30,2476.95,2504.15,2454.05,2489.35,644072,6.500471137658054,2299.4661916555,2198.6164988326736,100.84969282282646,58.80909425802361,50.09999999999991,26.09999999999991,24.0,50.09999999999991,76.53928571428573,810149.45,Buy
336,2023-11-12T00:00:00+05:30,2510.2,2515.0,2491.15,2494.25,75038,7.023847642049952,2329.432931400808,2220.51527669692,108.91765470388782,68.83080634719646,23.84999999999991,25.65000000000009,1.800000000000182,25.65000000000009,74.00357142857145,797807.0,Buy
337,2023-11-13T00:00:00+05:30,2495.0,2564.0,2485.35,2559.05,1131761,7.488185064050523,2364.758634262222,2245.5919228675184,119.16671139470373,78.89798735669791,78.65000000000009,69.75,8.900000000000091,78.65000000000009,77.1857142857143,832094.1,Buy
338,2023-11-15T00:00:00+05:30,2579.8,2579.8,2534.85,2553.15,599328,7.939142185049147,2393.7419212988034,2268.3740026551095,125.36791864369388,88.19197361409711,44.95000000000027,20.75,24.200000000000273,44.95000000000027,73.54285714285717,843371.05,Buy
339,2023-11-16T00:00:00+05:30,2556.5,2558.15,2491.4,2544.7,766675,8.180665265720432,2416.9662410989877,2288.8425950510273,128.1236460479604,96.17830810086977,66.75,5.0,61.75,66.75,70.3214285714286,860067.4,Buy
340,2023-11-17T00:00:00+05:30,2547.55,2613.7,2544.75,2576.4,717236,8.277505358007186,2441.4945116991435,2310.143143565766,131.3513681333775,103.21292010737132,68.94999999999982,69.0,0.0500000000001819,69.0,70.16428571428575,878424.35,Buy
341,2023-11-20T00:00:00+05:30,2595.0,2637.3,2585.3,2622.75,568578,8.256575942704872,2469.379971437737,2333.2992070053388,136.08076443239815,109.78648897237669,52.0,60.90000000000009,8.900000000000091,60.90000000000009,71.23571428571434,889156.4,Buy
342,2023-11-21T00:00:00+05:30,2634.9,2652.0,2605.95,2613.75,519349,8.086473854302712,2491.5907450627005,2354.073339819758,137.51740524294246,115.33267222648985,46.05000000000018,29.25,16.800000000000182,46.05000000000018,70.21428571428575,890701.3,Buy
343,2023-11-22T00:00:00+05:30,2625.0,2647.05,2607.5,2630.0,395438,7.687619380456236,2512.884476591516,2374.5123516849612,138.37212490655475,119.94056276250284,39.55000000000018,33.30000000000018,6.25,39.55000000000018,70.53928571428575,884834.7,Buy
344,2023-11-23T00:00:00+05:30,2644.8,2664.5,2631.5,2655.05,398832,7.260062936751324,2534.7560955774366,2395.292918226816,139.46317735062075,123.84508568012643,33.0,34.5,1.5,34.5,71.65000000000006,856462.55,Buy
345,2023-11-24T00:00:00+05:30,2659.95,2668.0,2640.0,2649.7,325606,7.039053111835863,2552.4397731809077,2414.137887247052,138.30188593385583,126.73644573087232,28.0,12.949999999999818,15.050000000000182,28.0,69.58928571428578,822770.6,Buy
346,2023-11-28T00:00:00+05:30,2668.5,2683.5,2645.05,2671.75,535972,6.623239800364014,2570.795192691537,2433.2202659694926,137.57492672204444,128.90414192910674,38.44999999999982,33.80000000000018,4.649999999999636,38.44999999999982,53.17142857142861,825380.1,No Signal
347,2023-11-29T00:00:00+05:30,2694.0,2720.0,2668.0,2676.4,460234,6.212221804107099,2587.0420861236084,2451.233579601382,135.80850652222625,130.28501484773065,52.0,48.25,3.75,52.0,48.828571428571486,810902.2,No Signal
348,2023-11-30T00:00:00+05:30,2676.4,2809.75,2675.0,2787.0,2343154,5.845130799078058,2617.804842104592,2476.105166297576,141.69967580701586,132.5679470395877,134.75,133.3499999999999,1.400000000000091,134.75,54.950000000000045,873997.05,No Signal
349,2023-12-01T00:00:00+05:30,2787.0,2837.4,2752.4,2807.7,1049846,5.498636667582285,2647.0194817808083,2500.66774657183,146.35173520897843,135.32470467346585,85.0,50.40000000000009,34.59999999999991,85.0,57.44285714285719,902769.6,No Signal
350,2023-12-04T00:00:00+05:30,2847.0,2867.0,2772.25,2816.85,685830,4.9720579140540355,2673.14725381453,2524.088654233176,149.05859958135397,138.07148365504347,94.75,59.30000000000018,35.44999999999982,94.75,62.378571428571476,925539.25,No Signal
351,2023-12-05T00:00:00+05:30,2820.0,2898.5,2817.5,2874.75,676125,4.443289961828803,2704.163060919987,2550.063568734422,154.09949218556494,141.27708536114775,81.0,81.65000000000009,0.650000000000091,81.65000000000009,62.59285714285719,932466.5,No Signal
352,2023-12-06T00:00:00+05:30,2890.2,2912.45,2854.6,2867.85,487235,4.5545825377936,2729.345666932297,2573.603304383724,155.7423625485726,144.17014079863273,57.84999999999991,37.69999999999982,20.15000000000009,57.84999999999991,63.514285714285734,785856.9,No Signal
353,2023-12-07T00:00:00+05:30,2881.95,2918.0,2836.55,2845.2,961559,4.58054250660008,2747.169410481174,2593.721578133078,153.4478323480962,146.02567910852542,81.44999999999982,50.15000000000009,31.299999999999727,81.44999999999982,64.56428571428572,701293.75,No Signal
354,2023-12-08T00:00:00+05:30,2857.3,2887.3,2800.2,2841.3,688323,4.534428997612166,2761.6510396379167,2612.0607204935905,149.59031914432626,146.7386071156856,87.10000000000036,42.100000000000364,45.0,87.10000000000036,65.85714285714289,701509.55,No Signal
355,2023-12-11T00:00:00+05:30,2858.95,2907.35,2841.1,2881.4,577553,4.453090274976716,2780.073956616699,2632.011778234806,148.06217838189286,147.00332136892706,66.25,66.04999999999973,0.20000000000027285,66.25,66.23928571428574,698183.6,Buy
356,2023-12-12T00:00:00+05:30,2896.9,2909.9,2849.7,2883.55,462633,4.341674181689145,2795.9933479064375,2650.644239106302,145.34910880013558,146.67247885516878,60.20000000000027,28.5,31.700000000000273,60.20000000000027,67.25000000000003,717563.35,Sell
357,2023-12-13T00:00:00+05:30,2895.0,2973.95,2887.05,2963.45,887243,4.411106116519227,2821.7559097669855,2673.815036209539,147.9408735574466,146.92615779562433,86.89999999999964,90.39999999999964,3.5,90.39999999999964,70.88214285714285,705337.45,Buy
358,2023-12-14T00:00:00+05:30,2990.2,2995.0,2944.5,2984.75,425400,4.494701696385775,2846.831923648988,2696.847255749573,149.98466789941494,147.53785981638248,50.5,31.550000000000182,18.949999999999818,50.5,72.02499999999999,696641.05,Buy
359,2023-12-15T00:00:00+05:30,3000.0,3024.55,2980.05,2989.75,682553,4.466016077112493,2868.819320010682,2718.543755323679,150.27556468700323,148.08540079050664,44.5,39.80000000000018,4.699999999999818,44.5,73.20357142857142,692434.95,Buy
360,2023-12-18T00:00:00+05:30,2998.55,3001.5,2961.2,2971.45,646708,4.398614614701188,2884.608655393654,2737.2775512256285,147.33110416802538,147.9345414660104,40.30000000000018,11.75,28.550000000000182,40.30000000000018,73.3357142857143,688908.55,Sell
361,2023-12-19T00:00:00+05:30,2988.0,3013.6,2957.0,3000.8,533290,4.358654787950232,2902.4842468715533,2756.7977326163227,145.68651425523058,147.48493602385443,56.59999999999991,42.15000000000009,14.449999999999818,56.59999999999991,73.66428571428573,687144.15,Sell
362,2023-12-20T00:00:00+05:30,3022.0,3025.0,2927.7,2948.95,713170,4.211693645486479,2909.6328242759296,2771.0312339040024,138.60159037192716,145.708266893469,97.30000000000018,24.199999999999818,73.10000000000036,97.30000000000018,70.98928571428574,696835.2,Sell
363,2023-12-21T00:00:00+05:30,2909.95,2969.9,2879.5,2955.2,631420,3.9483413590629755,2916.6431590027096,2784.673364725928,131.9697942767816,142.96057237013153,90.40000000000009,20.950000000000273,69.44999999999982,90.40000000000009,71.37500000000003,708634.3,Sell
364,2023-12-22T00:00:00+05:30,2978.8,2981.95,2928.35,2965.5,518707,3.6852904843176786,2924.159596079216,2798.067930301785,126.09166577743099,139.58679105159143,53.59999999999991,26.75,26.84999999999991,53.59999999999991,68.43571428571431,714628.05,Sell
365,2023-12-26T00:00:00+05:30,2986.1,2991.95,2961.65,2970.0,315645,3.311646003120611,2931.2119659131827,2810.8036391683195,120.40832674486319,135.75109819024578,30.299999999999727,26.449999999999818,3.849999999999909,30.299999999999727,64.76785714285714,714130.0,No Signal
366,2023-12-27T00:00:00+05:30,2975.65,3059.7,2975.55,3010.75,584065,2.934132639196295,2943.4485865419238,2825.614480711407,117.83410583051682,132.1676997183,84.14999999999964,89.69999999999982,5.550000000000182,89.69999999999982,67.04285714285713,716534.65,Sell
367,2023-12-28T00:00:00+05:30,3025.0,3045.0,3003.0,3026.0,503705,2.4747698704056695,2956.1488039970122,2840.457852510562,115.6909514864501,128.87235007193004,42.0,34.25,7.75,42.0,64.22500000000001,718708.2,No Signal
368,2023-12-29T00:00:00+05:30,3030.3,3060.35,3001.4,3054.95,430702,2.418214906960562,2971.348987997472,2856.346159732002,115.00282826546982,126.098445710638,58.94999999999982,34.34999999999991,24.59999999999991,58.94999999999982,62.21428571428568,623085.6,No Signal
369,2024-01-01T00:00:00+05:30,3061.8,3067.0,2995.5,3002.1,421730,2.3036794847980704,2976.0799129209377,2867.1427404925944,108.93717242834327,122.66619105417907,71.5,12.050000000000182,59.44999999999982,71.5,62.58928571428568,591679.8,No Signal
370,2024-01-02T00:00:00+05:30,3015.45,3017.9,2940.75,2995.2,408928,2.114250454432482,2979.021464779255,2876.628463419069,102.39300136018619,118.6115531153805,77.15000000000009,15.800000000000182,61.34999999999991,77.15000000000009,63.799999999999955,577834.7,No Signal
371,2024-01-03T00:00:00+05:30,3009.0,3107.9,2988.35,3058.35,714968,2.121436219252617,2991.225854813216,2890.0893179806194,101.13653683259645,115.1165498588237,119.55000000000018,112.70000000000027,6.849999999999909,119.55000000000018,65.88214285714285,579776.85,No Signal
372,2024-01-04T00:00:00+05:30,3074.0,3108.45,3060.85,3067.85,299498,2.1255489665526577,3003.0141848419516,2903.2567759079807,99.75740893397096,112.04472167385316,47.59999999999991,50.09999999999991,2.5,50.09999999999991,65.85357142857141,570390.0,No Signal
373,2024-01-05T00:00:00+05:30,3085.45,3096.55,3045.0,3065.55,258565,2.001860552187896,3012.6350794816512,2915.278496211093,97.35658327055808,109.10709399319416,51.55000000000018,28.700000000000273,22.84999999999991,51.55000000000018,66.35714285714286,535240.3,No Signal
374,2024-01-08T00:00:00+05:30,3080.95,3083.2,3037.8,3044.55,303947,1.7456718435512997,3017.545067253705,2924.8541631584194,92.69090409528553,105.82385601361244,45.399999999999636,17.649999999999636,27.75,45.399999999999636,66.72142857142853,516021.5,No Signal
375,2024-01-09T00:00:00+05:30,3069.0,3143.0,3058.8,3115.45,723237,1.7101706623000061,3032.6073645992888,2938.972373294833,93.63499130445598,103.38608307178116,84.19999999999982,98.44999999999982,14.25,98.44999999999982,69.71071428571425,523305.7,Sell
376,2024-01-10T00:00:00+05:30,3126.5,3189.95,3112.15,3173.6,951897,1.8309856469687622,3054.298539276321,2956.3521974952155,97.94634178110573,102.29813481364607,77.79999999999973,74.5,3.299999999999727,77.79999999999973,68.31785714285706,547768.9,Sell
377,2024-01-11T00:00:00+05:30,3190.0,3213.2,3168.5,3175.8,485141,2.0903835800910544,3072.9910716953486,2972.607590273348,100.38348142200084,101.91520413531704,44.69999999999982,39.59999999999991,5.099999999999909,44.69999999999982,65.05357142857133,527663.8,No Signal
378,2024-01-12T00:00:00+05:30,3203.0,3240.95,3162.1,3212.15,597455,2.3988894943707693,3094.4001375883718,2990.351472475322,104.04866511304954,102.34189633086355,78.84999999999991,65.14999999999964,13.700000000000273,78.84999999999991,66.85714285714276,536266.55,No Signal
379,2024-01-15T00:00:00+05:30,3238.0,3238.0,3180.5,3193.3,381958,2.606603326275867,3109.6155010363145,3005.3846967364093,104.23080429990523,102.71967792467188,57.5,25.84999999999991,31.65000000000009,57.5,68.79999999999993,521236.8,Buy
380,2024-01-16T00:00:00+05:30,3203.55,3224.9,3143.15,3166.1,370700,2.681091910614641,3118.3054239538046,3017.289534015194,101.0158899386106,102.37892032745964,81.75,31.59999999999991,50.15000000000009,81.75,68.23214285714279,507436.4,Sell
381,2024-01-17T00:00:00+05:30,3153.0,3183.95,3117.15,3147.85,420338,2.7269967703765623,3122.850743345527,3026.9606796436983,95.8900637018287,101.08114900233346,66.79999999999973,17.84999999999991,48.94999999999982,66.79999999999973,70.00357142857135,501788.8,Sell
382,2024-01-18T00:00:00+05:30,3138.0,3185.0,3090.0,3151.75,439730,2.634666153685115,3127.2967828308306,3036.2043330034244,91.0924498274062,99.08340916734801,95.0,37.15000000000009,57.84999999999991,95.0,72.57857142857135,488116.8,Sell
383,2024-01-19T00:00:00+05:30,3169.95,3218.75,3147.55,3210.05,406436,2.5800328655563987,3140.0280470107027,3049.0817898179857,90.94625719271698,97.45597877242182,71.19999999999982,67.0,4.199999999999818,71.19999999999982,72.55714285714278,476867.6,Sell
384,2024-01-20T00:00:00+05:30,3229.0,3252.6,3187.0,3192.6,196720,2.5162535499699072,3148.116039778287,3059.7127683499866,88.40327142830029,95.64543730359752,65.59999999999991,42.54999999999973,23.050000000000182,65.59999999999991,71.73214285714276,460768.25,Sell
385,2024-01-23T00:00:00+05:30,3207.0,3225.75,3150.0,3164.15,344687,2.3748866360547414,3150.5828028893197,3067.448859583321,83.13394330599886,93.1431385040778,75.75,33.15000000000009,42.59999999999991,75.75,68.60357142857131,462220.35,Sell
386,2024-01-24T00:00:00+05:30,3164.1,3241.3,3130.0,3222.75,339968,2.3319108531074417,3161.685448598655,3078.952647762334,82.73280083632108,91.06107097052646,111.30000000000018,77.15000000000009,34.15000000000009,111.30000000000018,72.97499999999991,450015.5,Sell
387,2024-01-25T00:00:00+05:30,3223.05,3252.5,3180.0,3231.8,489321,2.3331722873473466,3172.4723026604006,3090.274673854013,82.19762880638746,89.28838253769867,72.5,29.75,42.75,72.5,74.47142857142846,449296.3,Sell
388,2024-01-29T00:00:00+05:30,3248.0,3295.0,3225.6,3246.4,604096,2.3779772142691904,3183.8457945588007,3101.83951282779,82.00628173101086,87.8319623763611,69.40000000000009,63.19999999999982,6.200000000000273,69.40000000000009,76.18571428571421,457966.0,Sell
389,2024-01-30T00:00:00+05:30,3263.0,3275.0,3029.05,3054.95,1206541,2.3879360610176246,3164.0156723189853,3098.3662155812867,65.64945673769853,83.39546124862859,245.94999999999982,28.59999999999991,217.3499999999999,245.94999999999982,86.7214285714285,497206.55,Sell
390,2024-01-31T00:00:00+05:30,3054.0,3104.5,2992.3,3086.95,986931,2.1243988251398767,3152.159415039141,3097.520569982673,54.6388450564682,77.64413801019651,112.19999999999982,49.55000000000018,62.649999999999636,112.19999999999982,89.17857142857136,526106.7,Sell
391,2024-02-01T00:00:00+05:30,3089.0,3133.8,3061.55,3102.8,742113,2.0319095948598096,3144.565658879273,3097.9116388728453,46.6540200064278,71.44611440944277,72.25,46.850000000000364,25.399999999999636,72.25,91.14642857142852,527463.95,Sell
392,2024-02-02T00:00:00+05:30,3130.0,3213.15,3108.0,3126.05,892545,1.9280811223721217,3141.7170959747696,3099.9959619193014,41.721134055468156,65.50111833864786,105.15000000000009,110.34999999999991,5.199999999999818,110.34999999999991,93.39642857142852,557116.3,Sell
393,2024-02-05T00:00:00+05:30,3175.0,3180.0,3006.7,3027.15,808544,2.1061814997369304,3124.091388901728,3094.599964740094,29.49142416163386,58.29917950324506,173.30000000000018,53.94999999999982,119.35000000000036,173.30000000000018,101.6678571428571,584615.25,Sell
394,2024-02-06T00:00:00+05:30,3025.0,3121.4,3021.65,3035.0,718388,2.129703471203755,3110.3850213783853,3090.185152537124,20.199868841261377,50.679317370848324,99.75,94.25,5.5,99.75,102.9535714285714,605337.3,Sell
395,2024-02-07T00:00:00+05:30,3080.0,3634.7,2955.0,3607.5,5846891,3.3263011406655227,3186.864248858634,3128.5047708677075,58.35947799092628,52.215349494863915,679.6999999999998,599.6999999999998,80.0,679.6999999999998,146.73214285714283,861520.0,Buy
396,2024-02-08T00:00:00+05:30,3735.35,3937.4,3619.65,3841.95,7374486,4.975060881366588,3287.6466721111515,3181.352565618248,106.29410649290367,63.03110089447187,317.75,329.9000000000001,12.150000000000091,329.9000000000001,163.51071428571427,1182649.45,Buy
397,2024-02-09T00:00:00+05:30,3800.0,3858.0,3667.1,3759.55,2001715,6.035086251721699,3360.247184094051,3224.182005202081,136.06517889196994,77.63791649397149,190.9000000000001,16.050000000000182,174.8499999999999,190.9000000000001,172.06071428571428,1258478.15,Buy
398,2024-02-12T00:00:00+05:30,3767.8,3834.65,3700.1,3802.05,1087518,6.818630508484413,3428.2168480795817,3266.987041853779,161.2298062258028,94.35629444033776,134.55000000000018,75.09999999999991,59.45000000000027,134.55000000000018,176.9857142857143,1282981.3,Buy
399,2024-02-13T00:00:00+05:30,3785.0,3880.0,3767.0,3851.25,1288707,7.5095664458549,3493.298871451954,3310.2657794942397,183.03309195771408,112.09165394381303,113.0,77.94999999999982,35.05000000000018,113.0,179.64642857142857,1328318.75,Buy
400,2024-02-14T00:00:00+05:30,3802.15,3950.5,3792.1,3921.0,725269,8.120572752748828,3559.0990450747304,3355.505351383555,203.5936936911753,130.3920618932855,158.4000000000001,99.25,59.15000000000009,158.4000000000001,183.0107142857143,1346047.2,Buy
401,2024-02-15T00:00:00+05:30,3931.1,4006.85,3875.75,3952.65,964837,8.674444356075917,3619.645345832464,3399.7382883181067,219.90705751435735,148.29506101749988,131.0999999999999,85.84999999999991,45.25,131.0999999999999,187.19642857142858,1373272.15,Buy
402,2024-02-16T00:00:00+05:30,3970.0,4036.3,3930.3,4024.6,736660,9.120497160086845,3681.946061858239,3446.024341035284,235.92172082295474,165.82039297859086,106.0,83.65000000000009,22.34999999999991,106.0,189.81071428571428,1388118.65,Buy
403,2024-02-19T00:00:00+05:30,4048.0,4099.8,4013.7,4047.15,374829,9.60159443663808,3738.1312831108175,3490.552167625263,247.57911548555467,182.17213747998363,86.10000000000036,75.20000000000027,10.900000000000091,86.10000000000036,178.39285714285717,1386538.3,Buy
404,2024-02-20T00:00:00+05:30,4057.95,4074.2,4010.55,4025.9,468003,9.99251075505574,3782.403393401461,3530.207562615984,252.19583078547703,196.17687614108232,63.649999999999636,27.049999999999727,36.59999999999991,63.649999999999636,174.925,1400102.45,Buy
405,2024-02-21T00:00:00+05:30,4045.1,4047.05,3873.85,3894.75,614056,10.340289301411119,3799.687486724313,3557.210706125911,242.476780598402,205.43685703254627,173.20000000000027,21.15000000000009,152.05000000000018,173.20000000000027,182.13571428571433,1413570.9,Buy
406,2024-02-22T00:00:00+05:30,3922.0,3966.0,3829.7,3954.0,1012228,10.250352123873773,3823.427873382111,3586.60250567214,236.82536770997103,211.71455916803123,136.30000000000018,71.25,65.05000000000018,136.30000000000018,183.98928571428578,1447183.9,Buy
407,2024-02-23T00:00:00+05:30,3950.0,3950.0,3868.45,3885.8,555204,10.348584103793538,3833.023585169479,3608.7652830297593,224.2583021397195,214.2233077623689,81.55000000000018,4.0,85.55000000000018,85.55000000000018,177.72142857142862,1450478.05,Buy
408,2024-02-26T00:00:00+05:30,3875.0,3913.95,3824.0,3844.6,671311,10.291493794927883,3834.804572066482,3626.2345213238514,208.57005074263043,213.0926563584212,89.94999999999982,28.149999999999636,61.80000000000018,89.94999999999982,177.02142857142863,1453838.8,Sell
409,2024-02-27T00:00:00+05:30,3864.8,3995.0,3841.8,3937.5,861671,9.53425811113647,3850.6038686716383,3649.2912234480104,201.3126452236279,210.73665413146256,153.19999999999982,150.4000000000001,2.799999999999727,153.19999999999982,139.41428571428577,1436595.3,No Signal
410,2024-02-28T00:00:00+05:30,3939.95,3954.95,3885.0,3924.8,411252,8.941793050008656,3862.018658106771,3669.69928097038,192.3193771363908,207.05319873244824,69.94999999999982,17.449999999999818,52.5,69.94999999999982,120.8464285714286,1407811.35,No Signal
411,2024-02-29T00:00:00+05:30,3931.45,3969.95,3782.0,3881.8,1235124,8.236147882409508,3865.06194147496,3685.4104453429445,179.65149613201538,201.57285821236167,187.94999999999982,45.149999999999636,142.80000000000018,187.94999999999982,120.63571428571429,1432461.9,No Signal
412,2024-03-01T00:00:00+05:30,3924.0,3928.95,3858.35,3901.25,645099,7.247316833959555,3870.629335094197,3701.3985605027265,169.23077459147044,195.10444148818343,70.59999999999991,47.149999999999636,23.450000000000273,70.59999999999991,116.06785714285714,1420089.6,No Signal
413,2024-03-02T00:00:00+05:30,3922.7,3935.0,3900.0,3909.6,26075,5.517241744213248,3876.624822002782,3716.8208893543765,159.8039326484054,188.04433972022784,35.0,33.75,1.25,35.0,110.49642857142855,1380966.15,No Signal
414,2024-03-04T00:00:00+05:30,3909.6,3936.75,3842.5,3919.8,291319,2.5192971507924296,3883.267157079277,3731.8563790318303,151.41077804744646,180.71762738567156,94.25,27.15000000000009,67.09999999999991,94.25,105.9142857142857,1359612.7,No Signal
415,2024-03-05T00:00:00+05:30,3929.5,3935.85,3845.05,3852.3,549270,1.8997445268703665,3878.5029790670806,3740.7781287331763,137.72485033390421,172.1190719753181,90.79999999999973,16.049999999999727,74.75,90.79999999999973,103.03571428571425,1094731.65,No Signal
416,2024-03-06T00:00:00+05:30,3876.45,3893.85,3750.25,3872.0,1009678,1.861741374548583,3877.502520749068,3750.498267345534,127.00425340353422,163.09610826096133,143.5999999999999,41.54999999999973,102.05000000000018,143.5999999999999,105.72142857142853,776491.25,No Signal
417,2024-03-07T00:00:00+05:30,3890.0,3978.0,3840.3,3952.2,680535,1.608121999821885,3888.994440633827,3765.43913643105,123.55530420277682,155.18794744932444,137.69999999999982,106.0,31.699999999999818,137.69999999999982,109.40714285714277,710432.25,No Signal
418,2024-03-11T00:00:00+05:30,3982.0,4243.95,3900.1,4004.7,3757634,1.5033659527902299,3906.7952959209306,3783.1621633620834,123.63313255884714,148.87698447122898,343.8499999999999,291.75,52.09999999999991,343.8499999999999,129.42142857142852,843938.05,No Signal
419,2024-03-12T00:00:00+05:30,4025.8,4078.6,3957.55,4008.6,899570,1.4953993830266281,3922.4575580869414,3799.8612623722997,122.59629571464166,143.62084671991153,121.04999999999973,73.90000000000009,47.149999999999636,121.04999999999973,125.69642857142847,824481.2,No Signal
420,2024-03-13T00:00:00+05:30,4022.95,4037.95,3877.5,3944.05,968084,1.5179219476324093,3925.779472227412,3810.5419096039814,115.23756262343068,137.94418990061536,160.44999999999982,29.34999999999991,131.0999999999999,160.44999999999982,127.42142857142845,836621.95,No Signal
421,2024-03-14T00:00:00+05:30,3900.0,4105.0,3870.6,4081.1,723158,1.665861115970249,3949.6749380385795,3830.583249633316,119.09168840526354,134.173689601545,234.4000000000001,160.94999999999982,73.45000000000027,234.4000000000001,138.0535714285713,824538.0,No Signal
422,2024-03-15T00:00:00+05:30,4051.05,4145.0,3981.25,4063.9,1197832,1.746131486825979,3967.2480244941826,3847.8659718827,119.38205261148278,131.21536220353255,163.75,63.90000000000009,99.84999999999991,163.75,143.32499999999987,847596.6,Sell
423,2024-03-18T00:00:00+05:30,4063.9,4084.0,4005.9,4071.05,328538,1.791682784882842,3983.217559187385,3864.398122113611,118.81943707377422,128.73617717758088,78.09999999999991,20.09999999999991,58.0,78.09999999999991,137.96071428571418,845282.05,Sell
424,2024-03-19T00:00:00+05:30,4080.0,4088.0,3943.7,3955.65,489357,1.7839700489986992,3978.9763962354796,3871.157520475566,107.81887575991368,124.55271689404745,144.30000000000018,16.949999999999818,127.35000000000036,144.30000000000018,143.2714285714285,846349.75,Sell
425,2024-03-20T00:00:00+05:30,3971.45,4004.95,3843.25,3965.05,607192,1.7600210117526247,3976.8338737377135,3878.1125189588574,98.72135477885604,119.38644447100917,161.69999999999982,49.29999999999973,112.40000000000009,161.69999999999982,141.3964285714285,846006.55,Sell
426,2024-03-21T00:00:00+05:30,3965.0,4015.7,3957.7,4001.85,622994,1.7708973167143482,3980.682508547296,3887.278258295238,93.40425025205786,114.19000562721892,58.0,50.649999999999636,7.350000000000364,58.0,140.49642857142848,826544.85,Sell
427,2024-03-22T00:00:00+05:30,4010.0,4025.0,3921.95,3948.6,678055,1.7550663393998953,3975.7467380015582,3891.820609532628,83.92612846893007,108.13723019556116,103.05000000000018,23.15000000000009,79.90000000000009,103.05000000000018,145.3571428571428,832687.4,Sell
428,2024-03-26T00:00:00+05:30,3885.0,3948.6,3866.05,3881.75,844731,1.7188018013254358,3961.285701385934,3891.074638456137,70.21106292979675,100.55199674240828,82.54999999999973,0.0,82.54999999999973,82.54999999999973,144.5214285714285,841358.4,Sell
429,2024-03-27T00:00:00+05:30,3882.5,3922.5,3867.0,3875.2,524636,1.7790510631566048,3948.0417473265593,3889.898739311238,58.14300801532136,92.0701989969909,55.5,40.75,14.75,55.5,141.99999999999994,824506.65,Sell
430,2024-03-28T00:00:00+05:30,3875.2,3975.0,3875.2,3948.0,837624,1.739529506364872,3948.0353246609347,3894.2025363992943,53.83278826164042,84.4227168499208,99.80000000000018,99.80000000000018,0.0,99.80000000000018,138.87142857142854,845825.25,Sell
431,2024-04-01T00:00:00+05:30,3974.95,3983.4,3869.05,3886.8,523250,1.760227816516497,3938.6145054823296,3893.654200369717,44.96030511261279,76.53023450245921,114.34999999999991,35.40000000000009,78.94999999999982,114.34999999999991,137.2035714285714,810231.55,Sell
432,2024-04-02T00:00:00+05:30,3900.0,3909.8,3873.25,3891.9,604885,1.768123589193218,3931.427658485048,3893.5242596015896,37.90339888345852,68.80486737865907,36.55000000000018,23.0,13.550000000000182,36.55000000000018,115.2535714285714,808220.85,No Signal
433,2024-04-03T00:00:00+05:30,3885.0,3947.95,3843.0,3922.85,727717,1.7448977850523149,3930.108018718118,3895.6965366681384,34.41148204997944,61.92619031292315,104.94999999999982,56.04999999999973,48.90000000000009,104.94999999999982,114.10357142857141,843302.95,No Signal
434,2024-04-04T00:00:00+05:30,3950.0,4028.95,3915.05,4003.2,910922,1.7211274843687456,3941.3529389153305,3903.6597561742024,37.69318274112811,57.079588798564146,113.89999999999964,106.09999999999991,7.799999999999727,113.89999999999964,110.7785714285714,874283.1,No Signal
435,2024-04-05T00:00:00+05:30,4009.0,4052.9,3912.2,3932.6,679916,1.6457068076821197,3940.0063329283566,3905.8034779390764,34.20285498928024,52.50424203670737,140.70000000000027,49.70000000000027,91.0,140.70000000000027,104.08571428571427,880815.4,No Signal
436,2024-04-08T00:00:00+05:30,3932.6,3980.0,3923.6,3931.85,471027,1.569830946317264,3938.75151247784,3907.7328499435894,31.01866253425078,48.207126136216054,56.40000000000009,47.40000000000009,9.0,56.40000000000009,96.41785714285713,853882.85,No Signal
437,2024-04-09T00:00:00+05:30,3958.95,3958.95,3894.9,3902.35,483412,1.6193991593595038,3933.151279788942,3907.3341203181385,25.81715947080329,43.7291328031335,64.04999999999973,27.09999999999991,36.94999999999982,64.04999999999973,95.4142857142857,844026.7,No Signal
438,2024-04-10T00:00:00+05:30,3929.0,4113.35,3904.15,4021.15,1107300,1.588992487701918,3946.689544436797,3915.7649262204986,30.924618216298313,41.168229885766465,209.20000000000027,211.00000000000045,1.800000000000182,211.00000000000045,100.17857142857143,711510.0,No Signal
439,2024-04-12T00:00:00+05:30,4047.0,4113.95,4025.0,4053.85,776121,1.6376976347047945,3963.1757683695973,3925.9934502041656,37.18231816543175,40.371047541699525,88.94999999999982,92.79999999999973,3.849999999999909,92.79999999999973,95.25714285714285,705337.55,No Signal
440,2024-04-15T00:00:00+05:30,3950.05,4066.75,3934.25,3969.2,597371,1.668529826608327,3964.102573235813,3929.1939353742273,34.9086378615857,39.27856560567676,132.5,12.900000000000091,119.59999999999991,132.5,100.57857142857142,686801.9,No Signal
441,2024-04-16T00:00:00+05:30,3968.0,4033.6,3912.4,3987.45,296392,1.5221670243837795,3967.694485045688,3933.509199420581,34.1852856251071,38.25990960956283,121.19999999999982,64.40000000000009,56.79999999999973,121.19999999999982,101.87499999999997,665463.6,No Signal
442,2024-04-18T00:00:00+05:30,3988.0,4177.9,3976.6,4087.1,1484951,1.5402441549920878,3986.0645642694285,3944.886295759797,41.17826850963138,38.84358138957654,201.29999999999973,190.44999999999982,10.849999999999909,201.29999999999973,110.35714285714282,679819.55,No Signal
443,2024-04-19T00:00:00+05:30,4087.95,4174.75,3964.05,4158.95,1180675,1.7602449196361079,4012.6623236125934,3960.7428664442564,51.919457168336976,41.45875654532863,210.69999999999982,87.65000000000009,123.04999999999973,210.69999999999982,121.4428571428571,722426.4,Buy
444,2024-04-22T00:00:00+05:30,4215.3,4304.8,4115.0,4168.6,1179181,2.0620318592752427,4036.652735364502,3976.139691152089,60.51304421241275,45.26961407874546,189.80000000000018,145.85000000000036,43.94999999999982,189.80000000000018,127.87142857142852,756917.6,Buy
445,2024-04-23T00:00:00+05:30,4215.0,4225.0,4140.0,4158.3,626656,2.2832799588564394,4055.3676991545785,3989.6330473630455,65.734651791533,49.36262162130297,85.0,56.399999999999636,28.600000000000364,85.0,125.77499999999996,757890.8,Buy
446,2024-04-24T00:00:00+05:30,4158.3,4245.0,4158.3,4221.75,641190,2.5715238027688203,4080.96497620772,4006.826895706524,74.13808050119633,54.31771339728164,86.69999999999982,86.69999999999982,0.0,86.69999999999982,129.3571428571428,758800.6,Buy
447,2024-04-25T00:00:00+05:30,4250.0,4347.0,4195.7,4323.15,761557,3.0043582543197576,4118.224210637301,4030.2582367653,87.96597387200154,61.04736549222563,151.30000000000018,125.25,26.050000000000182,151.30000000000018,132.66785714285712,762975.7,Buy
448,2024-04-26T00:00:00+05:30,4340.0,4373.0,4293.45,4304.85,622336,3.2709918146491073,4146.935870539255,4050.5983673752776,96.33750316397754,68.10539302657601,79.55000000000018,49.850000000000364,29.699999999999818,79.55000000000018,130.21428571428572,751855.95,Buy
449,2024-04-29T00:00:00+05:30,4359.0,4515.0,4052.4,4314.1,2349939,3.4352518431527717,4172.653428917832,4070.1170068289607,102.53642208887095,74.991598839035,462.5999999999999,210.14999999999964,252.45000000000027,462.5999999999999,153.20714285714283,843121.1,Buy
450,2024-04-30T00:00:00+05:30,4450.0,4670.0,4380.05,4409.9,4924865,3.7408594734642504,4209.152901392012,4095.286117434223,113.86678395778881,82.76663586278578,289.9499999999998,355.89999999999964,65.94999999999982,355.89999999999964,174.59999999999994,1047483.15,Buy
451,2024-05-02T00:00:00+05:30,4409.9,4676.7,4395.1,4646.7,1998618,4.327382200384541,4276.467839639395,4136.131590216873,140.3362494225221,94.28055857473305,281.59999999999945,266.8000000000002,14.799999999999272,281.59999999999945,190.13928571428565,1121251.55,Buy
452,2024-05-03T00:00:00+05:30,4680.2,4680.55,4482.0,4523.65,1313008,4.699160431071042,4314.495864310257,4164.836657608215,149.65920670204196,105.35628820019484,198.55000000000018,33.850000000000364,164.69999999999982,198.55000000000018,189.24999999999991,1156657.7,Buy
453,2024-05-06T00:00:00+05:30,4555.0,4580.0,4480.25,4509.05,735051,4.870222735448215,4344.427269800987,4190.333942229829,154.09332757115862,115.1036960743876,99.75,56.350000000000364,43.399999999999636,99.75,189.74642857142848,1157024.4,Buy
454,2024-05-07T00:00:00+05:30,4532.0,4558.0,4416.9,4503.95,982212,5.032222556496188,4368.969228293143,4213.564761323915,155.40446696922754,123.16385025335559,141.10000000000036,48.94999999999982,92.15000000000055,141.10000000000036,190.36071428571424,1160588.9,Buy
455,2024-05-08T00:00:00+05:30,4498.95,4542.0,4470.4,4498.6,596788,5.023650805747751,4388.912423940352,4234.678482707329,154.23394123302296,129.37786844928908,71.60000000000036,38.05000000000018,33.55000000000018,71.60000000000036,186.81785714285712,1156432.5,Buy
456,2024-05-09T00:00:00+05:30,4512.8,4548.5,4381.3,4407.95,688477,4.930184328547678,4391.841281795682,4247.513409914193,144.32787188148905,132.36786913572908,167.19999999999982,49.899999999999636,117.30000000000018,167.19999999999982,184.38214285714284,1167305.0,Buy
457,2024-05-10T00:00:00+05:30,4433.0,4484.25,4401.0,4471.4,549717,4.587895816590695,4404.081084596347,4264.0976017724015,139.98348282394545,133.89099187337237,83.25,76.30000000000018,6.949999999999818,83.25,175.27857142857144,1170620.25,Buy
458,2024-05-13T00:00:00+05:30,4475.7,4521.65,4358.0,4465.7,637292,4.451932433201954,4413.560917735371,4279.031112752224,134.5298049831472,134.01875449532733,163.64999999999964,50.25,113.39999999999964,163.64999999999964,173.41071428571425,1147119.85,Buy
459,2024-05-14T00:00:00+05:30,4471.0,4549.0,4448.3,4540.35,559577,4.309334184126605,4433.066930391467,4298.38806736317,134.6788630282972,134.1507762019213,100.69999999999982,83.30000000000018,17.399999999999636,100.69999999999982,174.53214285714282,1136292.65,Buy
460,2024-05-15T00:00:00+05:30,4550.0,4579.5,4520.35,4535.95,255165,3.9809666363594167,4448.895094946626,4315.985247558491,132.90984738813495,133.90259043916404,59.149999999999636,39.149999999999636,20.0,59.149999999999636,172.56428571428566,1119182.35,Sell
461,2024-05-16T00:00:00+05:30,4530.1,4634.2,4530.1,4596.65,500593,3.584827780512652,4471.626618800991,4336.775229220825,134.85138958016614,134.09235026736448,104.09999999999945,98.25,5.849999999999454,104.09999999999945,169.19285714285704,1129392.4,Buy
462,2024-05-17T00:00:00+05:30,4600.0,4673.0,4555.0,4634.55,752254,3.3807040353851,4496.691754370069,4358.832619648912,137.8591347211568,134.84570715812296,118.0,76.35000000000036,41.649999999999636,118.0,171.9392857142856,1092757.55,Buy
463,2024-05-18T00:00:00+05:30,4674.9,4674.9,4609.35,4644.0,53684,3.2655823216730258,4519.354561390059,4379.956129304549,139.39843208550974,135.75625214360034,65.54999999999927,40.349999999999454,25.199999999999818,65.54999999999927,143.57857142857125,1036408.0,No Signal
464,2024-05-21T00:00:00+05:30,4690.0,4727.95,4623.65,4667.3,668195,3.103327653356759,4542.11539809928,4401.240860467175,140.87453763210578,136.77990924130143,104.30000000000018,83.94999999999982,20.350000000000364,104.30000000000018,125.60714285714273,1010858.7,No Signal
465,2024-05-22T00:00:00+05:30,4680.3,4713.85,4545.0,4646.95,742788,2.8010191923007395,4558.243798391699,4419.441537469606,138.8022609220925,137.18437957745965,168.85000000000036,46.55000000000018,122.30000000000018,168.85000000000036,117.55357142857136,1016665.3,No Signal
466,2024-05-23T00:00:00+05:30,4653.0,4712.0,4608.05,4698.55,459499,2.5785885102024264,4579.829367869899,4440.1162383977835,139.71312947211572,137.69012955639087,103.94999999999982,65.05000000000018,38.899999999999636,103.94999999999982,110.79642857142848,1007580.75,No Signal
467,2024-05-24T00:00:00+05:30,4708.0,4777.9,4654.1,4715.4,549566,2.5414105383743992,4600.686388197607,4460.507628146096,140.17876005151084,138.18785565541486,123.79999999999927,79.34999999999945,44.44999999999982,123.79999999999927,112.51428571428558,996981.2,No Signal
468,2024-05-27T00:00:00+05:30,4759.0,4760.85,4650.0,4682.0,611635,2.3654507615647593,4613.196174628744,4476.914470505644,136.2817041231001,137.8066253489519,110.85000000000036,45.45000000000073,65.39999999999964,110.85000000000036,110.35357142857129,996446.15,No Signal
469,2024-05-28T00:00:00+05:30,4697.85,4723.75,4600.0,4615.9,445558,2.071925472543824,4613.612147762784,4487.2096949126335,126.40245285015044,135.52579084919162,123.75,41.75,82.0,123.75,114.07857142857127,901227.1,No Signal
470,2024-05-29T00:00:00+05:30,4650.0,4719.5,4600.1,4672.05,744694,1.9316733732753495,4622.60258656851,4500.901569363549,121.70101720496041,132.7608361203454,119.39999999999964,103.60000000000036,15.799999999999272,119.39999999999964,110.66428571428553,692218.55,No Signal
471,2024-05-30T00:00:00+05:30,4669.1,4698.0,4602.2,4651.35,523206,1.944060275374647,4627.02526555797,4512.045897558842,114.97936799912804,129.20454249610194,95.80000000000018,25.949999999999818,69.85000000000036,95.80000000000018,111.56071428571411,618447.95,No Signal
472,2024-05-31T00:00:00+05:30,4665.0,4710.0,4498.9,4559.15,3005008,1.9635373809432204,4616.58291701059,4515.535090332261,101.04782667832933,123.57319933254742,211.10000000000036,58.649999999999636,152.45000000000073,211.10000000000036,114.94999999999989,703047.95,No Signal
473,2024-06-03T00:00:00+05:30,4745.8,4745.8,4604.5,4662.2,450140,1.9123110913649426,4623.600929778191,4526.399157715056,97.20177206313474,118.29891387866489,141.30000000000018,186.65000000000055,45.350000000000364,186.65000000000055,121.08928571428565,688802.4,No Signal
474,2024-06-04T00:00:00+05:30,4685.0,4685.0,4196.0,4538.15,1175204,1.9316978105477673,4610.454632889238,4527.269590476904,83.18504241233404,111.27613958539872,489.0,22.800000000000182,466.1999999999998,489.0,151.79285714285712,698452.0,Sell
475,2024-06-05T00:00:00+05:30,4684.0,4932.05,4524.25,4903.8,1231971,2.212701385494876,4655.584689367817,4555.16073192306,100.42395744475743,109.10570315727047,407.8000000000002,393.90000000000055,13.899999999999636,407.8000000000002,173.4857142857143,730211.15,Sell
476,2024-06-06T00:00:00+05:30,4910.05,4928.6,4821.05,4878.45,512601,2.2976941441170853,4689.871660234307,4579.108085113944,110.76357512036247,109.43727754988888,107.55000000000018,24.800000000000182,82.75,107.55000000000018,172.73928571428573,721417.35,Buy
477,2024-06-07T00:00:00+05:30,4878.45,5010.4,4841.0,4964.6,488611,2.549946201742168,4732.137558659798,4607.663041772171,124.47451688762703,112.44472541743652,169.39999999999964,131.94999999999982,37.44999999999982,169.39999999999964,180.1571428571429,718362.05,Buy
478,2024-06-10T00:00:00+05:30,5025.0,5047.35,4920.0,4969.45,417996,2.716055152151767,4768.647165019829,4634.462075714973,134.18508930485586,116.7927981949204,127.35000000000036,82.75,44.600000000000364,127.35000000000036,181.8035714285715,707397.25,Buy
479,2024-06-11T00:00:00+05:30,5009.0,5010.0,4884.7,4906.6,512441,2.824033099929959,4789.870678093702,4654.620440476827,135.25023761687498,120.48428607931132,125.30000000000018,40.55000000000018,84.75,125.30000000000018,178.6928571428572,705040.45,Buy
480,2024-06-12T00:00:00+05:30,4945.0,5089.35,4909.05,5028.05,954491,2.9792712903942835,4826.513650694671,4682.281889330396,144.23176136427537,125.23378113630413,180.30000000000018,182.75,2.449999999999818,182.75,184.32142857142864,740006.75,Buy
481,2024-06-13T00:00:00+05:30,5188.0,5188.0,4972.05,5023.85,932377,3.177911133762199,4856.873089049337,4707.583230861477,149.28985818785986,130.0449965466153,215.94999999999982,159.94999999999982,56.0,215.94999999999982,190.90357142857152,761595.95,Buy
482,2024-06-14T00:00:00+05:30,5050.05,5294.0,5040.0,5245.55,1424125,3.64360236805987,4916.669536887901,4747.4326211680345,169.23691571986637,137.8833803812655,254.0,270.14999999999964,16.149999999999636,270.14999999999964,202.2821428571429,795189.5,Buy
483,2024-06-18T00:00:00+05:30,5299.0,5452.0,5205.0,5357.6,1247457,4.235760327985429,4984.504992751301,4792.630204785217,191.8747879660841,148.68166189822924,247.0,206.44999999999982,40.55000000000018,247.0,211.08571428571435,854878.15,Buy
484,2024-06-19T00:00:00+05:30,5374.95,5402.0,5288.4,5356.8,707909,4.731284770054601,5041.781147712639,4834.420559986312,207.36058772632714,160.41744706384884,113.60000000000036,44.399999999999636,69.20000000000073,113.60000000000036,210.67142857142866,856863.85,Buy
485,2024-06-20T00:00:00+05:30,5374.9,5422.0,5305.05,5337.15,516737,5.063165583387103,5087.222509603002,4871.659777765103,215.56273183789926,171.44650401865894,116.94999999999982,65.19999999999982,51.75,116.94999999999982,212.18214285714294,845561.3,Buy
486,2024-06-21T00:00:00+05:30,5337.15,5353.85,5200.0,5266.35,638917,5.296405609630309,5114.780585048695,4900.896090523243,213.88449452545137,179.93410212001743,153.85000000000036,16.700000000000728,137.14999999999964,153.85000000000036,208.0928571428572,854532.2,Buy
487,2024-06-24T00:00:00+05:30,5266.35,5440.0,5200.0,5395.75,543826,5.451579816342147,5158.006648887357,4937.55193566967,220.45471321768764,188.03822433955148,240.0,173.64999999999964,66.35000000000036,240.0,211.90357142857147,854245.2,Buy
488,2024-06-25T00:00:00+05:30,5440.5,5459.0,5304.05,5338.8,559045,5.604105013262615,5185.821010596995,4967.274014508953,218.54699608804185,194.13997868924957,154.94999999999982,63.25,91.69999999999982,154.94999999999982,188.04285714285717,851615.7,Buy
489,2024-06-26T00:00:00+05:30,5345.0,5395.0,5260.0,5363.8,578724,5.5474186888130514,5213.202393582073,4996.646309730512,216.5560838515603,198.62319972171173,135.0,56.19999999999982,78.80000000000018,135.0,168.55714285714288,858274.0,No Signal
490,2024-06-27T00:00:00+05:30,5360.0,5387.0,5303.75,5329.0,900729,5.50265192050096,5231.017409954062,5021.2651016023265,209.75230835173534,200.84902144771647,83.25,23.199999999999818,60.05000000000018,83.25,166.82142857142858,866075.75,No Signal
491,2024-06-28T00:00:00+05:30,5360.0,5509.0,5358.55,5479.85,970080,5.326872658186335,5269.299346884206,5055.234353335488,214.06499354871812,203.4922158679168,150.44999999999982,180.0,29.550000000000182,180.0,167.57857142857145,888419.45,No Signal
492,2024-07-01T00:00:00+05:30,5500.0,5555.0,5380.0,5515.65,544030,5.0301625720695196,5307.199447363559,5089.339216051378,217.86023131218099,206.36581895676966,175.0,75.14999999999964,99.85000000000036,175.0,170.98214285714286,765370.55,No Signal
493,2024-07-02T00:00:00+05:30,5515.0,5568.55,5460.0,5535.9,428098,4.810527208214306,5342.384147769165,5122.417792640164,219.96635512900048,209.08592619121583,108.55000000000018,52.900000000000546,55.649999999999636,108.55000000000018,169.78571428571428,764268.45,No Signal
494,2024-07-03T00:00:00+05:30,5560.0,5577.75,5460.05,5494.1,355297,4.124277777592675,5365.72504811237,5149.949808000152,215.77524011221794,210.42378897541627,117.69999999999982,41.850000000000364,75.84999999999945,117.69999999999982,165.1392857142857,723273.1,No Signal
495,2024-07-04T00:00:00+05:30,5548.0,5620.0,5493.75,5597.45,440575,4.044467253623463,5401.375040710467,5183.097970370512,218.27707033995557,211.99444524832415,126.25,125.89999999999964,0.3500000000003638,126.25,158.73214285714286,683703.3,No Signal
496,2024-07-05T00:00:00+05:30,5560.0,5644.45,5535.0,5619.9,362427,3.908126102005068,5434.994265216549,5215.453676268992,219.5405889475569,213.5036739881707,109.44999999999982,47.0,62.44999999999982,109.44999999999982,147.25357142857143,676194.6,No Signal
497,2024-07-08T00:00:00+05:30,5661.2,5665.0,5572.0,5594.25,273130,3.809340774760432,5459.495147490926,5243.51266321203,215.98248427889575,213.99943604631574,93.0,45.100000000000364,47.899999999999636,93.0,136.25357142857143,665420.55,No Signal
498,2024-07-09T00:00:00+05:30,5607.2,5634.6,5550.0,5592.85,313079,3.6059825041111186,5480.011278646168,5269.389502974102,210.62177567206618,213.32390397146582,84.60000000000036,40.350000000000364,44.25,84.60000000000036,134.18214285714288,660174.7,No Signal
499,2024-07-10T00:00:00+05:30,5610.0,5626.45,5470.05,5568.0,425869,3.1291271970068695,5493.548005008296,5291.508799050094,202.03920595820182,211.06696436881305,156.39999999999964,33.599999999999454,122.80000000000018,156.39999999999964,137.0,655846.1,No Signal
500,2024-07-11T00:00:00+05:30,5545.0,5663.0,5545.0,5635.25,578262,2.7994652876995265,5515.348311930096,5316.971110231569,198.37720169852764,208.52901183475598,118.0,95.0,23.0,118.0,134.4392857142857,637034.65,No Signal
501,2024-07-12T00:00:00+05:30,5664.9,5696.0,5611.1,5651.25,476682,2.3467171725795177,5536.256263940851,5341.732509473674,194.52375446717633,205.72796036124006,84.89999999999964,60.75,24.149999999999636,84.89999999999964,123.36071428571424,614249.9,No Signal
502,2024-07-15T00:00:00+05:30,5690.0,5754.95,5645.75,5675.55,498397,2.2943034128715976,5557.686069488412,5366.459730994143,191.22633849426893,202.82763598784584,109.19999999999982,103.69999999999982,5.5,109.19999999999982,120.09285714285708,567963.5,No Signal
503,2024-07-16T00:00:00+05:30,5699.95,5725.45,5627.35,5647.3,641858,2.326309564701589,5571.472828028656,5387.262713883466,184.21011414519035,199.10413161931476,98.09999999999945,49.899999999999636,48.19999999999982,98.09999999999945,117.45714285714277,537683.55,No Signal
504,2024-07-18T00:00:00+05:30,5649.9,5660.25,5282.95,5308.5,1342486,2.534527562595256,5531.015469870402,5381.428438780987,149.58703108941518,189.20071151333485,377.3000000000002,12.949999999999818,364.35000000000036,377.3000000000002,138.4607142857142,569412.4,No Signal
505,2024-07-19T00:00:00+05:30,5308.5,5308.5,5106.05,5166.35,879290,2.8995951050217155,5474.91308989034,5365.4967025749875,109.41638731535295,173.2438466737385,202.44999999999982,0.0,202.44999999999982,202.44999999999982,140.06428571428563,587540.05,No Signal
506,2024-07-22T00:00:00+05:30,5110.0,5238.95,5083.55,5210.2,631260,2.968016317069472,5434.18799913798,5353.993243124988,80.194756012992,154.6340285415892,155.39999999999964,72.59999999999945,82.80000000000018,155.39999999999964,138.6642857142856,587157.2,No Signal
507,2024-07-23T00:00:00+05:30,5210.2,5310.25,4955.65,5263.8,763626,3.06547830393358,5407.9744608090605,5347.312262152766,60.662198656294095,135.8396625645302,354.60000000000036,100.05000000000018,254.55000000000018,354.60000000000036,156.23928571428561,598147.2,Sell
508,2024-07-24T00:00:00+05:30,5285.0,5380.0,5263.1,5286.85,711861,3.104629558297171,5389.339928376898,5342.833576067376,46.50635230952139,117.97300051352843,116.89999999999964,116.19999999999982,0.6999999999998181,116.89999999999964,156.18214285714274,605788.0,Sell
509,2024-07-25T00:00:00+05:30,5274.9,5335.45,5226.0,5309.95,302964,3.135860614222928,5377.12609324199,5340.397755617941,36.728337624049345,101.72406793563262,109.44999999999982,48.599999999999454,60.850000000000364,109.44999999999982,154.98214285714272,592000.0,Sell
510,2024-07-26T00:00:00+05:30,5360.0,5411.55,5325.0,5393.35,336310,3.043869851322982,5379.622078897069,5344.320144090686,35.30193480638263,88.43964130978263,86.55000000000018,101.60000000000036,15.050000000000182,101.60000000000036,154.4214285714285,563779.05,Sell
511,2024-07-29T00:00:00+05:30,5414.95,5549.95,5365.0,5517.4,533654,2.979874770937315,5400.818682143673,5357.140874158043,43.67780798563035,79.48727464495218,184.94999999999982,156.59999999999945,28.350000000000364,184.94999999999982,160.98928571428561,541957.75,Sell
512,2024-07-30T00:00:00+05:30,5550.0,5660.0,5520.0,5620.5,789712,2.9762812267150474,5434.615807967723,5376.6489575537435,57.966850413979955,75.18318979875774,140.0,142.60000000000036,2.600000000000364,142.60000000000036,165.13214285714275,554241.85,Sell
513,2024-07-31T00:00:00+05:30,5625.05,5919.3,5625.05,5839.0,1671711,3.1680597880875574,5496.828760588073,5410.897182920133,85.93157766794047,77.3328673725943,294.25,298.8000000000002,4.550000000000182,298.8000000000002,175.30357142857136,616422.5,Buy
514,2024-08-01T00:00:00+05:30,5894.0,5894.0,5722.95,5770.8,767562,3.372941665588236,5538.978182036062,5437.556650851975,101.42153118408714,82.15060013489287,171.05000000000018,55.0,116.05000000000018,171.05000000000018,179.0928571428571,637035.75,Buy
515,2024-08-02T00:00:00+05:30,5725.0,5805.85,5524.0,5538.25,560989,3.498374977404299,5538.866154030514,5445.015417455533,93.85073657498106,84.4906274229105,281.85000000000036,35.05000000000018,246.80000000000018,281.85000000000036,193.16071428571428,643056.45,Buy
516,2024-08-05T00:00:00+05:30,5360.0,5424.35,5226.05,5346.9,1074769,3.6515360748439627,5509.3328995642805,5437.747608755123,71.58529080915741,81.9095601001599,198.30000000000018,113.89999999999964,312.1999999999998,312.1999999999998,207.66071428571428,678673.55,Sell
517,2024-08-06T00:00:00+05:30,5355.1,5467.7,5194.55,5220.7,642644,3.8910531673846185,5464.927838092853,5421.670008106596,43.25782998625709,74.17921407737934,273.14999999999964,120.80000000000018,152.34999999999945,273.14999999999964,220.16428571428574,697149.25,Sell
518,2024-08-07T00:00:00+05:30,5289.0,5499.8,5274.6,5472.45,717292,3.6791169501681487,5466.085093770876,5425.431488987589,40.65360478328694,67.47409221856087,225.19999999999982,279.10000000000036,53.900000000000546,279.10000000000036,213.15000000000003,717359.9,Sell
519,2024-08-08T00:00:00+05:30,5515.0,5727.4,5490.0,5644.1,1183241,3.613462359509223,5493.47200242151,5441.6291564699895,51.84284595152076,64.34784296515285,237.39999999999964,254.94999999999982,17.550000000000182,254.94999999999982,216.90000000000003,755228.5,Sell
520,2024-08-09T00:00:00+05:30,5738.85,6373.85,5626.6,6275.35,6877196,4.300077389575516,5613.760925125894,5503.386255990731,110.37466913516255,73.5532081991548,747.25,729.75,17.5,747.25,259.17500000000007,1070175.2,Buy
521,2024-08-12T00:00:00+05:30,6302.95,6434.0,6277.0,6382.35,1889796,5.21003751224607,5732.005398183449,5568.494681472899,163.5107167105498,91.54470990143379,157.0,158.64999999999964,1.6499999999996362,158.64999999999964,245.17857142857142,1140830.9,Buy
522,2024-08-13T00:00:00+05:30,6375.0,6443.0,6330.0,6381.7,651594,5.971949417669895,5831.958413847534,5628.732112474907,203.22630137262695,113.88102819567243,113.0,60.649999999999636,52.350000000000364,113.0,244.90000000000003,1148490.75,Buy
523,2024-08-14T00:00:00+05:30,6400.0,6452.0,6291.1,6438.35,885572,6.62898201550249,5925.2494271017595,5688.703807847136,236.5456192546235,138.41394640746265,160.89999999999964,70.30000000000018,90.59999999999945,160.89999999999964,248.57500000000002,1160676.45,Buy
524,2024-08-16T00:00:00+05:30,6440.0,6548.0,6440.0,6502.4,1153478,7.120312840996243,6014.041822932258,5748.977599858459,265.06422307379853,163.74400174072983,108.0,109.64999999999964,1.6499999999996362,109.64999999999964,249.14999999999995,1151226.05,Buy
525,2024-08-19T00:00:00+05:30,6575.0,6750.0,6522.3,6689.9,1827850,7.446991214389814,6118.020004019602,5818.675555424499,299.34444859510313,190.8640911116045,227.69999999999982,247.60000000000036,19.900000000000546,247.60000000000036,253.625,1198654.05,Buy
526,2024-08-20T00:00:00+05:30,6710.0,6819.7,6605.05,6793.9,1143592,7.826733928528432,6222.001541862741,5890.914403170833,331.08713869190797,218.9087006276652,214.64999999999964,129.80000000000018,84.84999999999945,214.64999999999964,258.77142857142854,1224270.65,Buy
527,2024-08-21T00:00:00+05:30,6800.0,6825.0,6740.0,6783.2,651691,8.16724721504474,6308.33976619155,5957.009632565586,351.33013362596375,245.39298722732494,85.0,31.100000000000364,53.899999999999636,85.0,243.49999999999994,1218673.9,Buy
528,2024-08-22T00:00:00+05:30,6825.0,7010.05,6790.0,6989.8,771279,8.343900394559503,6413.179802162081,6033.512622745913,379.6671794161675,272.2478256650935,220.05000000000018,226.85000000000036,6.800000000000182,226.85000000000036,247.48571428571424,1221644.8,Buy
529,2024-08-23T00:00:00+05:30,7020.0,7030.0,6911.75,6948.75,625160,8.58855736557749,6495.575217214068,6101.307984023993,394.2672331900749,296.6517071700898,118.25,40.19999999999982,78.05000000000018,118.25,235.79999999999993,1237754.6,Buy
530,2024-08-26T00:00:00+05:30,7000.0,7097.95,6907.9,6925.6,754901,8.70213556762626,6561.732876104212,6162.366651874068,399.3662242301434,317.19461058210055,190.05000000000018,149.19999999999982,40.850000000000364,190.05000000000018,227.07499999999996,1258684.15,Buy
531,2024-08-27T00:00:00+05:30,6969.95,6973.0,6779.25,6869.9,578002,8.782601454215003,6609.14320285741,6214.776529513027,394.36667334438334,332.62902313455714,193.75,47.399999999999636,146.35000000000036,193.75,221.4035714285714,1260901.55,No Signal
532,2024-08-28T00:00:00+05:30,6990.0,7325.0,6950.25,7242.1,2358476,8.655153604359937,6706.521171648577,6290.874564363914,415.64660728466333,349.2325399645784,374.75,455.10000000000036,80.35000000000036,455.10000000000036,233.97499999999997,1339339.75,Buy
533,2024-08-29T00:00:00+05:30,7269.95,7291.95,7092.95,7170.65,836313,9.00070049149372,6777.925606779565,6356.043115151772,421.88249162779266,363.76253029722125,199.0,49.849999999999454,149.15000000000055,199.0,229.97857142857143,1297569.85,No Signal
534,2024-08-30T00:00:00+05:30,7210.0,7274.75,7130.05,7158.75,1169809,9.111156580247469,6836.513974967324,6415.502884399789,421.0110905675356,375.21224235128415,144.69999999999982,104.10000000000036,40.599999999999454,144.69999999999982,186.9392857142857,1317682.2,No Signal
535,2024-09-02T00:00:00+05:30,7179.25,7267.75,7111.35,7148.2,625283,8.874408760539694,6884.465671126198,6469.77674481462,414.68892631157814,383.10757914334295,156.39999999999964,109.0,47.399999999999636,156.39999999999964,186.7785714285714,1320896.9,No Signal
536,2024-09-03T00:00:00+05:30,7179.0,7180.0,6995.0,7042.8,857908,8.241890280384737,6908.824798645244,6512.222911865389,396.6018867798557,385.80644067064554,185.0,31.800000000000182,153.19999999999982,185.0,191.92142857142855,1310053.85,No Signal
537,2024-09-04T00:00:00+05:30,7043.0,7168.95,6950.05,7139.9,576206,6.88474035447091,6944.374829622899,6558.717510986471,385.6573186364276,385.776616263802,218.89999999999964,126.14999999999964,92.75,218.89999999999964,196.0642857142857,1306731.95,No Signal
538,2024-09-05T00:00:00+05:30,7169.9,7209.0,7090.25,7167.65,667571,5.688957824213803,6978.72485583476,6603.823621283769,374.9012345509909,383.6015399212398,118.75,69.10000000000036,49.649999999999636,118.75,196.71428571428572,1304245.9,No Signal
539,2024-09-06T00:00:00+05:30,7184.9,7189.95,7060.0,7103.55,384793,4.3964798255775674,6997.928724167874,6640.840390077564,357.0883340903101,378.29889875505387,129.94999999999982,22.300000000000182,107.64999999999964,129.94999999999982,188.31071428571425,1264323.5,No Signal
540,2024-09-09T00:00:00+05:30,7104.0,7155.7,7048.05,7136.65,349967,4.00820986203282,7019.270458911278,6677.567027849596,341.70343106168184,370.9798052163795,107.64999999999964,52.149999999999636,55.5,107.64999999999964,180.66785714285712,937962.05,No Signal
541,2024-09-10T00:00:00+05:30,7156.0,7200.0,7095.5,7137.95,376043,3.683651950566845,7037.528849848004,6711.669470231108,325.85937961689615,361.9557200964828,104.5,63.350000000000364,41.149999999999636,104.5,182.06071428571425,862274.4,No Signal
542,2024-09-11T00:00:00+05:30,7160.95,7219.65,7107.7,7148.85,428437,3.2382760146006557,7054.655180640619,6744.053213176951,310.6019674636673,351.6849695699197,111.94999999999982,81.69999999999982,30.25,111.94999999999982,173.85357142857134,851116.55,No Signal
543,2024-09-12T00:00:00+05:30,7198.0,7309.0,7142.85,7210.5,572357,2.760754806016364,7078.631306695908,6778.604827015696,300.0264796802121,341.35327159197817,166.14999999999964,160.14999999999964,6.0,166.14999999999964,177.2749999999999,835455.8,No Signal
544,2024-09-13T00:00:00+05:30,7248.5,7281.1,7200.05,7233.15,468707,2.2655804746445565,7102.403413358076,6812.274839829348,290.12857352872834,331.1083319793282,81.05000000000018,70.60000000000036,10.449999999999818,81.05000000000018,169.48928571428561,801217.25,No Signal
545,2024-09-16T00:00:00+05:30,7270.0,7384.95,7211.0,7318.8,502100,2.056484381685263,7135.6951959183725,6849.795222064211,285.89997385416154,322.0666603542949,173.94999999999982,151.80000000000018,22.149999999999636,173.94999999999982,168.07499999999987,734929.75,No Signal
546,2024-09-17T00:00:00+05:30,7415.0,7508.8,7325.0,7403.45,753643,2.0326936982053208,7176.888242700162,6890.806687096491,286.0815556036705,314.8696394041701,183.80000000000018,190.0,6.199999999999818,190.0,149.13928571428556,715432.3,No Signal
547,2024-09-18T00:00:00+05:30,7435.0,7453.0,7245.85,7336.0,388287,1.8629106724788296,7201.366974592444,6923.783969533788,277.58300505865645,307.4123125350674,207.14999999999964,49.55000000000018,157.59999999999945,207.14999999999964,149.7214285714284,702262.1,No Signal
548,2024-09-19T00:00:00+05:30,7456.0,7456.0,7183.55,7326.15,395523,1.8793600780928312,7220.564363116684,6953.588860679433,266.9755024372507,299.32495051550404,272.4499999999998,120.0,152.44999999999982,272.4499999999998,158.8464285714284,683474.3,No Signal
549,2024-09-20T00:00:00+05:30,7350.0,7508.0,7281.85,7465.15,798170,1.9361468978839496,7258.192922637194,6991.482278406883,266.7106442303111,292.80208925846546,226.14999999999964,181.85000000000036,44.29999999999927,226.14999999999964,163.82857142857125,692124.8,No Signal
550,2024-09-23T00:00:00+05:30,7520.95,7645.0,7464.15,7623.45,510496,2.1247721356330325,7314.386319154549,7038.294702228595,276.09161692595353,289.4599947919631,180.85000000000036,179.85000000000036,1.0,180.85000000000036,163.5321428571427,679904.55,No Signal
551,2024-09-24T00:00:00+05:30,7639.95,7682.0,7580.6,7621.35,613798,2.149753851710464,7361.61150082308,7081.483983544996,280.12751727808427,287.5934992891873,101.39999999999964,58.55000000000018,42.849999999999454,101.39999999999964,155.13928571428556,681694.35,No Signal
552,2024-09-25T00:00:00+05:30,7618.25,7742.0,7569.55,7614.9,576171,2.3934266046063257,7400.578962234914,7120.996281060181,279.5826811747329,285.99133566629644,172.44999999999982,120.64999999999964,51.80000000000018,172.44999999999982,158.97499999999985,592579.1,No Signal
553,2024-09-26T00:00:00+05:30,7724.9,7939.9,7710.55,7845.4,1712253,2.8083170047028396,7469.012968044927,7174.655815796464,294.35715224846354,287.66449898272987,229.34999999999945,325.0,95.65000000000055,325.0,172.9071428571427,636376.1,No Signal
554,2024-09-27T00:00:00+05:30,7899.95,7937.95,7736.4,7833.7,11179751,3.143398423145985,7525.118665268785,7223.473903515244,301.6447617535405,290.460551536892,201.55000000000018,92.55000000000018,109.0,201.55000000000018,179.61428571428561,1136873.2,Buy
555,2024-09-30T00:00:00+05:30,7814.75,7833.95,7483.75,7574.65,1117618,3.2603773606645112,7532.738870612048,7249.4869476993,283.25192291274834,289.0188258120633,350.1999999999998,0.25,349.9499999999998,350.1999999999998,197.1642857142856,1161489.95,Sell
556,2024-10-01T00:00:00+05:30,7600.0,7647.45,7522.25,7612.7,559721,3.1621630047377924,7545.040582825579,7276.391618240093,268.6489645854863,284.9448535667479,125.19999999999982,72.80000000000018,52.399999999999636,125.19999999999982,198.11071428571418,1146580.6,Sell
557,2024-10-03T00:00:00+05:30,7569.5,7654.5,7451.0,7487.9,741293,3.1246969685040282,7536.249723929336,7292.058905777863,244.19081815147274,276.79404648369285,203.5,41.80000000000018,161.69999999999982,203.5,200.77857142857133,1154834.95,Sell
558,2024-10-04T00:00:00+05:30,7441.0,7455.95,7272.0,7353.3,938897,3.093044293155705,7508.103612555592,7296.595283127651,211.50832942794113,263.73690307254253,183.94999999999982,31.949999999999818,215.89999999999964,215.89999999999964,210.41071428571416,1168401.25,Sell
559,2024-10-07T00:00:00+05:30,7307.2,7503.9,7284.0,7449.5,854385,2.8857029841838586,7499.087672162424,7307.921558451529,191.16611371089493,249.222745200213,219.89999999999964,150.59999999999945,69.30000000000018,219.89999999999964,213.692857142857,1191880.85,Sell
560,2024-10-08T00:00:00+05:30,7520.0,8073.4,7451.0,8041.95,2278240,3.010142406962369,7582.604953368204,7362.294035603267,220.31091776493759,243.44037971315794,622.3999999999996,623.8999999999996,1.5,623.8999999999996,244.6857142857141,1288294.5,Sell
561,2024-10-09T00:00:00+05:30,8089.0,8322.2,8035.0,8220.85,1260784,3.3977590554452495,7680.796499003865,7425.890773706728,254.905725297137,245.73344882995377,287.2000000000007,280.2500000000009,6.949999999999818,287.2000000000007,250.40357142857133,1332531.55,Buy
562,2024-10-10T00:00:00+05:30,8200.0,8270.95,8012.0,8028.85,606292,3.5419789441757916,7734.343191464809,7470.554420098822,263.7887713659866,249.34451333716035,258.9500000000007,50.100000000000364,208.85000000000036,258.9500000000007,249.4392857142857,1341424.3,Buy
563,2024-10-11T00:00:00+05:30,8069.0,8308.8,7950.0,8234.95,800644,3.7130130926953857,7811.359623547146,7527.176314906317,284.1833086408287,256.31227239789405,358.7999999999993,279.9499999999989,78.85000000000036,358.7999999999993,258.91428571428565,1352838.65,Buy
564,2024-10-14T00:00:00+05:30,8280.05,8345.0,8163.7,8191.85,417498,3.846099015899869,7869.896604539893,7576.411402691035,293.4852018488582,263.7468582880869,181.30000000000018,110.04999999999927,71.25000000000091,181.30000000000018,258.9464285714285,1350278.2,Buy
565,2024-10-15T00:00:00+05:30,8224.0,8260.0,8090.0,8124.25,460534,3.9146071716563346,7909.02789614914,7616.992039528736,292.03585662040405,269.4046579545504,170.0,68.14999999999964,101.85000000000036,170.0,263.84642857142853,1348199.9,Buy
566,2024-10-16T00:00:00+05:30,8110.0,8133.1,7766.5,7805.8,900545,3.9662935987699997,7893.146681356965,7630.97781437846,262.1688669785053,267.9574997593414,366.60000000000036,8.850000000000364,357.75,366.60000000000036,277.7142857142857,1355545.0,Sell
567,2024-10-17T00:00:00+05:30,7780.3,7880.05,7620.2,7719.65,997450,3.818929065526771,7866.454884225124,7637.5461244245,228.90875980062447,260.147751767598,259.85000000000036,74.25,185.60000000000036,259.85000000000036,273.0607142857143,1386003.15,Sell
568,2024-10-18T00:00:00+05:30,7720.0,7800.0,7630.1,7768.05,571161,3.5617210224169997,7851.315671267413,7647.213078170833,204.10259309657977,248.93872003339436,169.89999999999964,80.35000000000036,89.54999999999927,169.89999999999964,270.8,1394785.05,Sell
569,2024-10-21T00:00:00+05:30,7820.0,7850.0,7552.5,7606.55,662166,3.5483456215258196,7813.65941414935,7644.200998306327,169.45841584302252,233.04265919532,297.5,81.94999999999982,215.55000000000018,297.5,267.0357142857143,1387984.85,Sell
570,2024-10-22T00:00:00+05:30,7634.95,7666.5,7469.4,7497.35,610564,3.672896809374255,7764.996427357142,7633.323146579933,131.67328077720958,212.76878351169793,197.10000000000036,59.94999999999982,137.15000000000055,197.10000000000036,272.17142857142863,1392988.25,Sell
571,2024-10-23T00:00:00+05:30,7468.0,7585.0,7450.0,7511.3,505590,3.725133864904959,7725.966207763736,7624.284394981419,101.68181278231714,190.5513893658218,135.0,87.64999999999964,47.350000000000364,135.0,267.27857142857147,1387577.85,Sell
572,2024-10-24T00:00:00+05:30,7569.2,7640.4,7386.75,7488.0,448738,3.8066948279073385,7689.35602195393,7614.1892546124245,75.16676734150587,167.4744649609586,253.64999999999964,129.09999999999945,124.55000000000018,253.64999999999964,269.975,1381206.2,Sell
573,2024-10-25T00:00:00+05:30,7450.0,7511.2,7064.05,7361.45,590268,4.05511553585144,7638.908941653326,7595.4678283448375,43.44111330848864,142.6677946304646,447.14999999999964,23.199999999999818,423.9499999999998,447.14999999999964,286.2071428571429,1325106.95,Sell
574,2024-10-28T00:00:00+05:30,7362.25,7429.0,7222.15,7307.85,419026,4.285106439996297,7587.976796783584,7574.162804022998,13.813992760586189,116.89703425648894,206.85000000000036,67.55000000000018,139.30000000000018,206.85000000000036,256.41785714285726,787070.7,Sell
575,2024-10-29T00:00:00+05:30,7313.3,7446.1,7164.45,7410.3,359440,4.308096868432202,7560.641904970725,7562.024818539813,-1.3829135690884868,93.24104469137346,281.65000000000055,138.25,143.40000000000055,281.65000000000055,256.02142857142866,749161.8,Sell
576,2024-10-30T00:00:00+05:30,7420.0,7428.8,7215.0,7252.45,481764,4.6173219402311165,7513.227765744459,7539.0933504998275,-25.865584755368218,69.41971880202513,213.80000000000018,18.5,195.30000000000018,213.80000000000018,252.7964285714286,745263.95,No Signal
577,2024-10-31T00:00:00+05:30,7259.0,7273.85,7071.0,7128.35,742508,4.986879215091811,7454.015801783773,7508.66791712947,-54.652115345696984,44.60535197248071,202.85000000000036,21.400000000000546,181.44999999999982,202.85000000000036,241.657142857143,745324.7,No Signal
578,2024-11-01T00:00:00+05:30,7153.95,7214.9,7125.0,7149.0,76497,5.146652404005205,7407.090293817038,7482.025849193954,-74.93555537691554,20.697170502601463,89.89999999999964,86.54999999999927,3.350000000000364,89.89999999999964,235.12857142857152,702204.7,No Signal
579,2024-11-04T00:00:00+05:30,7109.0,7150.3,6950.0,7063.75,681708,5.511386169231626,7354.268710152879,7451.042452957365,-96.77374280448566,-2.797012158815965,200.30000000000018,1.300000000000182,199.0,200.30000000000018,237.29285714285723,693570.85,No Signal
580,2024-11-05T00:00:00+05:30,7006.0,7078.5,6794.05,6968.35,1026360,5.818720054043763,7294.89660089859,7415.287456442004,-120.39085554341455,-26.31578083573568,284.4499999999998,14.75,269.6999999999998,284.4499999999998,231.42500000000004,630976.85,No Signal
581,2024-11-06T00:00:00+05:30,7024.0,7236.0,6801.1,6955.45,1142746,5.763398095673993,7242.674046914191,7381.225422631485,-138.55137571729392,-48.76289981204733,434.89999999999964,267.64999999999964,167.25,434.89999999999964,243.92857142857142,625074.95,No Signal
582,2024-11-07T00:00:00+05:30,6999.0,7015.25,6306.85,6505.5,4427899,6.8143705587031045,7129.262655081239,7316.356872806931,-187.09421772569203,-76.42916339477627,708.3999999999996,59.80000000000018,648.5999999999995,708.3999999999996,282.39285714285717,816155.3,Sell
583,2024-11-08T00:00:00+05:30,6550.0,6563.15,6270.0,6298.95,2523322,7.521688936977634,7001.522246607203,7240.993400747158,-239.47115413995562,-109.03756154381215,293.14999999999964,57.649999999999636,235.5,293.14999999999964,282.08214285714286,902289.2,Sell
584,2024-11-11T00:00:00+05:30,6230.35,6620.0,6212.05,6480.7,2339199,7.24195103475801,6921.3957471291715,7184.675371062183,-263.27962393301186,-139.8859740216521,407.9499999999998,321.0500000000002,86.89999999999964,407.9499999999998,297.14285714285705,998374.25,Sell
585,2024-11-12T00:00:00+05:30,6520.0,6717.9,6500.0,6528.55,1258152,6.9203406084409735,6860.95793987853,7136.0734917242435,-275.1155518457135,-166.9318895864644,217.89999999999964,237.19999999999982,19.300000000000182,237.19999999999982,304.44285714285706,1038255.15,Sell
586,2024-11-13T00:00:00+05:30,6499.0,6619.7,6412.45,6498.25,758642,6.9658487109830105,6805.156718358756,7088.827307152077,-283.67058879332126,-190.27962942783577,207.25,91.14999999999964,116.10000000000036,207.25,301.1285714285714,1031160.0,Sell
587,2024-11-14T00:00:00+05:30,6496.0,6550.3,6367.05,6463.0,620489,7.008923369681056,6752.5172232266395,7042.469728844516,-289.95250561787634,-210.2142046658439,183.25,52.05000000000018,131.19999999999982,183.25,282.2785714285714,1012311.95,Sell
588,2024-11-18T00:00:00+05:30,6411.6,6453.0,6275.0,6301.65,828906,7.163051662428793,6683.153035037925,6987.594193374552,-304.44115833662636,-229.0595954000004,178.0,10.0,188.0,188.0,280.9321428571428,1025199.2,Sell
589,2024-11-19T00:00:00+05:30,6359.85,6579.9,6359.8,6423.85,674042,6.905680801421029,6643.260260416706,6945.835364235696,-302.5751038189901,-243.76269708379834,220.09999999999945,278.25,58.150000000000546,278.25,280.68928571428563,1025793.0,Sell
590,2024-11-21T00:00:00+05:30,6400.0,6519.0,6346.2,6460.45,1511541,6.721991116841701,6615.135604967982,6909.88089281083,-294.7452878428485,-253.95921523560838,172.80000000000018,95.14999999999964,77.65000000000055,172.80000000000018,277.7607142857142,1070841.85,Sell
591,2024-11-22T00:00:00+05:30,6459.9,6678.0,6430.0,6652.8,833104,6.164635105246282,6620.9301272806,6890.837863713732,-269.9077364331324,-257.1489194751132,248.0,217.55000000000018,30.449999999999818,248.0,280.98571428571415,1087217.55,Sell
592,2024-11-25T00:00:00+05:30,6799.0,6838.55,6690.05,6774.95,1490945,5.612843499279252,6644.625492314353,6882.253577512714,-237.62808519836108,-253.24475261976278,148.5,185.75,37.25,185.75,287.83214285714274,1139327.9,Buy
593,2024-11-26T00:00:00+05:30,6775.0,6810.3,6646.15,6669.35,476650,5.355969507209377,6648.42926272753,6866.482942141402,-218.0536794138725,-246.20653797858472,164.15000000000055,35.350000000000364,128.80000000000018,164.15000000000055,285.24999999999994,1133647.0,Buy
594,2024-11-27T00:00:00+05:30,6692.0,6909.0,6631.35,6845.1,784373,4.885748428932122,6678.686299230987,6864.899020501299,-186.2127212703117,-234.20777463693014,277.64999999999964,239.64999999999964,38.0,277.64999999999964,284.7642857142856,1151914.35,Buy
595,2024-11-28T00:00:00+05:30,6850.0,6886.45,6716.05,6743.2,813013,4.377573168978801,6688.611483964682,6855.884278241943,-167.2727942772617,-220.82077856499646,170.39999999999964,41.349999999999454,129.05000000000018,170.39999999999964,265.8714285714285,1174593.0,No Signal
596,2024-11-29T00:00:00+05:30,6750.0,6820.0,6728.1,6795.4,720647,3.9320760464204136,6705.040486431653,6851.403961335132,-146.36347490347907,-205.929317832693,91.89999999999964,76.80000000000018,15.099999999999454,91.89999999999964,221.8357142857142,1186537.15,No Signal
597,2024-12-02T00:00:00+05:30,6777.05,6898.0,6753.6,6805.3,446537,3.6455529203807546,6720.46502698063,6847.988853088085,-127.52382610745553,-190.2482194876455,144.39999999999964,102.60000000000036,41.79999999999927,144.39999999999964,211.2107142857142,1171738.6,No Signal
598,2024-12-03T00:00:00+05:30,6805.3,6864.55,6681.8,6841.35,842566,3.292648908866374,6739.062715137456,6847.497086192671,-108.4343710552157,-173.88544980115955,182.75,59.25,123.5,182.75,195.12499999999994,1210042.05,No Signal
599,2024-12-04T00:00:00+05:30,6890.0,6920.0,6731.2,6823.8,899250,3.0482608292668654,6752.099220500924,6845.741746474696,-93.64252597377163,-157.83686503568197,188.80000000000018,78.64999999999964,110.15000000000055,188.80000000000018,191.66785714285712,1220919.15,No Signal
600,2024-12-05T00:00:00+05:30,6869.95,7074.95,6722.0,6970.1,1140361,2.9863579716975703,6785.637801962321,6854.953468958051,-69.31566699573068,-140.13262542769172,352.9499999999998,251.14999999999964,101.80000000000018,352.9499999999998,202.07499999999996,1226619.2,No Signal
601,2024-12-06T00:00:00+05:30,7050.0,7140.0,6930.05,6999.95,1088961,3.026946008265847,6818.608909352733,6865.693952738937,-47.085043386204234,-121.52310901939423,209.94999999999982,169.89999999999964,40.05000000000018,209.94999999999982,203.9821428571428,1223929.95,No Signal
602,2024-12-09T00:00:00+05:30,6985.0,7025.0,6867.3,6949.7,825347,3.161667687072383,6838.776769452312,6871.916622906423,-33.13985345411129,-103.84645790633765,157.69999999999982,25.050000000000182,132.64999999999964,157.69999999999982,201.81785714285706,1043802.35,No Signal
603,2024-12-10T00:00:00+05:30,6950.0,6959.95,6810.0,6878.05,579733,3.0026982629577916,6844.818804921187,6872.370947135577,-27.552142214390187,-88.58759476794816,149.94999999999982,10.25,139.69999999999982,149.94999999999982,192.65357142857133,946622.9,No Signal
604,2024-12-10T00:00:00+05:30,6950.0,6959.95,6810.0,6878.05,579733,2.9644209278278604,6849.931296471774,6872.791617718127,-22.860321246353124,-75.44214006362915,149.94999999999982,81.89999999999964,68.05000000000018,149.94999999999982,191.02142857142846,858649.6,No Signal
605,2024-12-11T00:00:00+05:30,6893.9,7100.0,6834.8,7063.3,1037764,3.015540819254481,6882.757250860732,6886.903349739006,-4.146098878274643,-61.18293182655825,265.1999999999998,221.94999999999982,43.25,265.1999999999998,192.24999999999986,847630.2,No Signal
606,2024-12-12T00:00:00+05:30,7046.2,7106.8,6980.0,7012.5,776145,3.0385432597180153,6902.717673805235,6896.206805313895,6.510868491340261,-47.64417176297855,126.80000000000018,43.5,83.30000000000018,126.80000000000018,188.0392857142856,848505.35,No Signal
607,2024-12-13T00:00:00+05:30,7000.0,7027.9,6870.0,7000.25,526964,2.948728396988951,6917.722647065968,6903.913708623976,13.808938441991813,-35.35354972198448,157.89999999999964,15.399999999999636,142.5,157.89999999999964,187.59285714285696,843829.1,No Signal
608,2024-12-16T00:00:00+05:30,7000.0,7035.0,6942.75,7000.35,497823,2.505912832536987,6930.434547517358,6911.057137614793,19.377409902564978,-24.40735779707459,92.25,34.75,57.5,92.25,174.34999999999985,827274.95,No Signal
609,2024-12-17T00:00:00+05:30,7000.0,7030.0,6891.0,6941.65,545205,2.140358713574057,6932.160001745457,6913.3232755692525,18.836726176204138,-15.758541002418845,139.0,29.649999999999636,109.35000000000036,139.0,172.10714285714272,820833.1,No Signal
610,2024-12-18T00:00:00+05:30,6935.75,7177.0,6848.8,7113.75,1201264,1.792681169807942,6960.096924553848,6928.16969960116,31.927224952688448,-6.221387811397387,328.1999999999998,235.35000000000036,92.84999999999945,328.1999999999998,188.98571428571418,805319.25,No Signal
611,2024-12-19T00:00:00+05:30,6995.0,7184.4,6991.6,7092.0,660251,1.7290560800428505,6980.389705391717,6940.305277408481,40.08442798323631,3.039775347529352,192.79999999999927,70.64999999999964,122.14999999999964,192.79999999999927,192.442857142857,796676.6,No Signal
612,2024-12-20T00:00:00+05:30,7125.0,7188.0,6789.4,6831.55,768861,1.7561251352219995,6957.491289177607,6932.249330933779,25.241958243827867,7.480211926789055,398.60000000000036,96.0,302.60000000000036,398.60000000000036,207.86071428571418,760572.4,Buy
613,2024-12-23T00:00:00+05:30,6870.0,7070.0,6860.05,6946.0,783189,1.5189839918915402,6955.723398534898,6933.267899012758,22.45549952213969,10.475269445859182,209.94999999999982,238.44999999999982,28.5,238.44999999999982,211.4071428571427,775899.35,Buy
614,2024-12-24T00:00:00+05:30,6976.0,7079.0,6902.0,7007.15,486797,1.500535047639691,6963.635183375683,6938.740647234035,24.894536141647222,13.35912278501679,177.0,133.0,44.0,177.0,198.83928571428558,761020.55,No Signal
615,2024-12-26T00:00:00+05:30,7047.95,7075.0,6948.05,7063.7,440974,1.3965778353678502,6979.029770548655,6947.99689558707,31.03287496158464,16.89387322033036,126.94999999999982,67.85000000000036,59.099999999999454,126.94999999999982,192.91071428571416,742418.6,No Signal
616,2024-12-27T00:00:00+05:30,7101.0,7234.0,7075.0,7118.3,530288,1.3812171484447462,7000.455959695016,6960.611940358398,39.84401933661775,21.483902443587837,159.0,170.30000000000018,11.300000000000182,170.30000000000018,193.81071428571417,732900.65,No Signal
617,2024-12-30T00:00:00+05:30,7139.3,7145.05,6915.25,6954.35,960856,1.3055260624319376,6993.362735126552,6960.148092924443,33.214642202109644,23.8300503952922,229.80000000000018,26.75,203.05000000000018,229.80000000000018,199.51428571428565,758616.6,Buy
618,2024-12-31T00:00:00+05:30,6954.0,7146.0,6817.8,7123.35,915919,1.27686277453585,7013.360775876314,6972.237123078187,41.123652798126386,27.28877087585904,328.1999999999998,191.64999999999964,136.55000000000018,328.1999999999998,212.24642857142848,762284.25,Buy
619,2025-01-01T00:00:00+05:30,7121.0,7179.8,7050.0,7068.05,412650,1.185751089755031,7021.774502664573,6979.334373220544,42.44012944402948,30.31904258949313,129.80000000000018,56.44999999999982,73.35000000000036,129.80000000000018,202.57499999999996,737954.25,Buy
620,2025-01-02T00:00:00+05:30,7100.0,7336.0,7055.95,7321.0,706114,1.499656460826133,7067.809194562331,7004.6429381671705,63.16625639516042,36.88848535062659,280.0500000000002,267.9499999999998,12.100000000000364,280.0500000000002,213.52142857142852,716241.9,Buy
621,2025-01-03T00:00:00+05:30,7350.0,7493.05,7280.1,7307.7,940233,1.741699301005872,7104.715472321972,7027.091609414047,77.62386290792529,45.03556086208633,212.94999999999982,172.05000000000018,40.899999999999636,212.94999999999982,217.4535714285714,708805.5,Buy
622,2025-01-06T00:00:00+05:30,7307.7,7338.6,6935.25,6998.35,942724,1.8011463410306023,7088.351553503207,7024.962601309302,63.388952193904515,48.706239128449965,403.35000000000036,30.900000000000546,372.4499999999998,403.35000000000036,239.67499999999998,714674.35,Buy
623,2025-01-07T00:00:00+05:30,7010.2,7085.0,6838.35,6874.3,601356,1.837282861447538,7055.420545271944,7013.802408619724,41.61813665222053,47.28861863320408,246.64999999999964,86.64999999999964,160.0,246.64999999999964,247.36428571428567,715755.5,Sell
624,2025-01-08T00:00:00+05:30,6869.55,6873.5,6590.35,6699.1,1257939,2.138531878955951,7000.601999845491,6990.491119092337,10.11088075315456,39.85307105719418,283.14999999999964,0.8000000000001819,283.9499999999998,283.9499999999998,244.2035714285714,749665.8,Sell
625,2025-01-09T00:00:00+05:30,6719.0,6719.0,6572.2,6621.7,592991,2.553045306997036,6942.309384484646,6963.17325841883,-20.863873934184085,27.709682058918528,146.80000000000018,19.899999999999636,126.90000000000055,146.80000000000018,240.91785714285717,727427.15,Sell
626,2025-01-10T00:00:00+05:30,6601.0,6626.0,6480.0,6584.1,768200,2.937501270983476,6887.200248410085,6935.093757795214,-47.89350938512871,12.589043770109082,146.0,4.300000000000182,141.69999999999982,146.0,222.875,727029.9,Sell
627,2025-01-13T00:00:00+05:30,6462.65,6523.85,6155.0,6224.4,1068954,4.1312056848957335,6785.230979423918,6882.449775736309,-97.21879631239062,-9.372524246390858,368.85000000000036,60.25,429.10000000000036,429.10000000000036,236.4928571428572,754129.4,Sell
628,2025-01-14T00:00:00+05:30,6237.4,6317.0,6138.0,6161.15,1130732,5.039516185627568,6689.218521051008,6829.020162718804,-139.8016416677965,-35.45834773067199,179.0,92.60000000000036,86.39999999999964,179.0,236.63571428571433,785774.85,Sell
629,2025-01-14T00:00:00+05:30,6237.4,6317.0,6138.0,6161.15,1130732,5.7074682673081485,6607.977210120083,6779.548298813707,-171.571088693624,-62.68089592326239,179.0,155.85000000000036,23.149999999999636,179.0,240.35357142857148,815051.2,Sell
630,2025-01-15T00:00:00+05:30,6200.0,6519.0,6164.7,6390.25,1463322,5.659023088957124,6574.480716255455,6750.711387790469,-176.23067153501415,-85.39085104561275,354.3000000000002,357.85000000000036,3.550000000000182,357.85000000000036,253.75000000000006,828154.1,Sell
631,2025-01-16T00:00:00+05:30,6498.0,6498.0,6150.5,6211.55,1477566,6.13050778859875,6518.645221446924,6710.773507213397,-192.1282857664737,-106.73833798978495,347.5,107.75,239.75,347.5,262.1571428571429,869019.85,Sell
632,2025-01-17T00:00:00+05:30,6216.95,6310.0,6080.0,6216.55,770051,6.4505008128216845,6472.169033532013,6674.164358530924,-201.9953249989112,-125.78973539161021,230.0,98.44999999999982,131.55000000000018,230.0,255.1428571428572,869079.35,Sell
633,2025-01-20T00:00:00+05:30,6210.0,6225.0,6074.05,6090.0,909757,6.966786529588935,6413.373797604011,6630.89292456567,-217.5191269616589,-144.13561370561996,150.94999999999982,8.449999999999818,142.5,150.94999999999982,256.65357142857147,875407.75,Sell
634,2025-01-21T00:00:00+05:30,6090.6,6109.0,5723.3,5736.95,1553225,8.19298313683969,6309.308597972625,6564.674930153398,-255.3663321807735,-166.38175740065068,385.6999999999998,19.0,366.6999999999998,385.6999999999998,264.2,928729.15,Sell
635,2025-01-22T00:00:00+05:30,5736.0,5748.0,5568.0,5626.35,1377528,9.081409674347597,6204.238044438375,6495.169379771665,-290.93133533329,-191.29167298717857,180.0,11.050000000000182,168.94999999999982,180.0,261.8464285714286,975556.85,Sell
636,2025-01-23T00:00:00+05:30,5620.0,5792.45,5605.05,5733.6,2106761,9.190432769904113,6131.832191447856,6438.756833121913,-306.92464167405706,-214.4182667245543,187.39999999999964,166.09999999999945,21.300000000000182,187.39999999999964,246.42142857142855,1054380.5,Sell
637,2025-01-24T00:00:00+05:30,5720.0,5755.05,5466.45,5490.45,1119070,10.232108937481222,6033.158008148185,6368.51188252029,-335.35387437210466,-238.60538825406437,288.60000000000036,21.449999999999818,267.15000000000055,288.60000000000036,249.41785714285717,1062291.2,Sell
638,2025-01-27T00:00:00+05:30,5477.0,5545.45,5350.0,5412.6,1186126,10.732333768986745,5937.687545356157,6297.7035949261945,-360.01604957003747,-262.887520517259,195.44999999999982,55.0,140.44999999999982,195.44999999999982,243.0964285714286,1075801.55,Sell
639,2025-01-28T00:00:00+05:30,5484.0,5538.9,5317.2,5455.1,1136463,10.767448335053125,5863.443307609056,6235.28851382055,-371.84520621149386,-284.679057656106,221.69999999999982,126.29999999999927,95.40000000000055,221.69999999999982,248.44642857142858,1111992.2,Sell
640,2025-01-29T00:00:00+05:30,5495.0,5651.9,5415.7,5597.15,701998,9.820275500113514,5822.475106438432,6188.018994278287,-365.5438878398554,-300.85202369285594,236.19999999999982,196.79999999999927,39.400000000000546,236.19999999999982,254.8892857142857,1111786.4,Sell
641,2025-01-30T00:00:00+05:30,5600.0,5634.0,5456.8,5511.2,575077,9.075462489604288,5774.586628524827,6137.884253961377,-363.29762543655033,-313.3411440415948,177.19999999999982,36.850000000000364,140.34999999999945,177.19999999999982,236.89642857142852,1093528.6,No Signal
642,2025-01-31T00:00:00+05:30,5569.0,5817.65,5527.75,5753.2,1029356,7.938756816126198,5771.296377982546,6109.389124038312,-338.09274605576593,-318.29146444442904,289.89999999999964,306.4499999999998,16.550000000000182,306.4499999999998,245.99999999999994,1097860.2,No Signal
643,2025-02-01T00:00:00+05:30,5780.0,6270.4,5677.05,6189.5,2120509,6.681295659893892,5835.635396754462,6115.323262998437,-279.6878662439749,-310.57074480433823,593.3499999999995,517.1999999999998,76.14999999999964,593.3499999999995,275.5964285714285,1173817.85,Buy
644,2025-02-03T00:00:00+05:30,6210.0,6232.5,6035.95,6135.1,1498258,6.2070878163214775,5881.706874176853,6116.788206480034,-235.08133230318163,-295.4728623041069,196.55000000000018,43.0,153.55000000000018,196.55000000000018,264.0749999999999,1185833.8,Buy
645,2025-02-04T00:00:00+05:30,6169.95,6190.0,5653.45,5750.3,2602288,6.093012433004411,5861.490431995799,6089.640931925957,-228.15049993015873,-282.0083898293173,536.5500000000002,54.899999999999636,481.65000000000055,536.5500000000002,277.5785714285713,1286298.65,Buy
646,2025-02-05T00:00:00+05:30,5765.7,5906.2,5725.4,5749.95,1428644,5.482311978945373,5844.330365534906,6064.478640672182,-220.14827513727596,-269.6363668909091,180.80000000000018,155.89999999999964,24.900000000000546,180.80000000000018,274.06428571428563,1319320.85,Buy
647,2025-02-06T00:00:00+05:30,5845.0,5845.0,5245.0,5277.1,6021478,6.281491318686405,5757.064155452613,6006.154296918688,-249.09014146607478,-265.5271218059422,600.0,95.05000000000018,504.9499999999998,600.0,306.1392857142856,1566947.05,Buy
648,2025-02-07T00:00:00+05:30,5321.4,5517.75,5255.0,5454.4,2846965,6.091723743652592,5710.500439229134,5965.283608258044,-254.78316902891038,-263.37833125053584,262.75,240.64999999999964,22.100000000000364,262.75,297.3571428571428,1652758.7,Buy
649,2025-02-10T00:00:00+05:30,5460.0,5490.0,5170.0,5196.75,1529876,6.664516046659477,5631.461910116959,5908.355192831523,-276.8932827145636,-266.0813215433414,320.0,35.600000000000364,284.39999999999964,320.0,307.3571428571428,1672715.9,Sell
650,2025-02-11T00:00:00+05:30,5211.55,5250.0,5135.0,5228.35,1596380,6.314946471643644,5569.4446931758885,5857.984437806966,-288.53974463107716,-270.57300616088855,115.0,53.25,61.75,115.0,302.18571428571425,1679368.8,Sell
651,2025-02-12T00:00:00+05:30,5228.35,5290.0,5113.3,5237.3,1313946,6.12983261602446,5518.345509610367,5812.007812784227,-293.66230317386,-275.1908655634829,176.69999999999982,61.649999999999636,115.05000000000018,176.69999999999982,294.19285714285706,1671187.8,Sell
652,2025-02-13T00:00:00+05:30,5246.65,5378.0,5204.3,5256.8,986050,5.741227029044774,5478.10773890108,5770.881308133544,-292.77356923246407,-278.70740629727914,173.69999999999982,140.69999999999982,33.0,173.69999999999982,292.6392857142856,1681987.75,Sell
653,2025-02-14T00:00:00+05:30,5268.0,5325.0,5033.2,5117.35,888168,5.784276472593675,5422.606548300913,5722.471581605133,-299.86503330421965,-282.93893169866726,291.8000000000002,68.19999999999982,223.60000000000036,291.8000000000002,297.64642857142854,1680908.3,Sell
654,2025-02-17T00:00:00+05:30,5110.0,5159.3,4998.15,5096.45,1078162,6.05473735590881,5372.428617793081,5676.099612597345,-303.6709948042644,-287.0853443197867,161.15000000000055,41.94999999999982,119.20000000000073,161.15000000000055,292.2857142857143,1657155.15,Sell
655,2025-02-18T00:00:00+05:30,5100.0,5119.45,4928.25,4997.75,721122,6.560574985888724,5314.7857535172225,5625.85149314569,-311.0657396284678,-291.88142338152295,191.19999999999982,23.0,168.19999999999982,191.19999999999982,293.2857142857143,1624334.85,Sell
656,2025-02-19T00:00:00+05:30,4960.0,5103.3,4940.0,4991.45,764148,6.805507486706196,5265.041791437649,5578.858789949713,-313.81699851206395,-296.2685384076312,163.30000000000018,105.55000000000018,57.75,163.30000000000018,283.0607142857143,1557204.2,Sell
657,2025-02-20T00:00:00+05:30,4960.0,5137.3,4951.45,5099.5,812700,6.82576996575677,5239.573823524165,5543.35073143492,-303.77690791075474,-297.7702123082559,185.85000000000036,145.85000000000036,40.0,185.85000000000036,253.9535714285715,1541885.7,No Signal
658,2025-02-21T00:00:00+05:30,5088.0,5167.95,5023.0,5048.2,912164,7.095088254595751,5210.13169682814,5506.672899476777,-296.5412026486374,-297.52441037633224,144.94999999999982,68.44999999999982,76.5,144.94999999999982,250.2678571428572,1528187.6,No Signal
659,2025-02-24T00:00:00+05:30,4998.6,5080.0,4928.25,5066.0,823625,7.222978745933324,5187.957589623811,5474.030462478498,-286.07287285468647,-295.2341028720031,151.75,31.800000000000182,119.94999999999982,151.75,222.7821428571429,1512545.7,No Signal
660,2025-02-24T00:00:00+05:30,4998.6,5080.0,4928.25,5066.0,823625,7.287291801549692,5169.19488352784,5443.805983776387,-274.6111002485468,-291.1095023473119,151.75,14.0,137.75,151.75,220.70714285714288,1518627.05,No Signal
661,2025-02-25T00:00:00+05:30,5090.0,5129.25,4936.3,4959.9,976304,7.618281223788559,5136.995670677403,5407.961096089247,-270.9654254118441,-287.0806869602183,192.94999999999982,63.25,129.69999999999982,192.94999999999982,191.6321428571429,1538688.4,No Signal
