,Date,Open,High,Low,Close,Volume,Volatility,EMA12,EMA26,MACD,Signal Line,H-L,H-PC,L-PC,TR,ATR,Avg_Volume,Signal
0,2022-07-05T00:00:00+05:30,1557.05,1573.6,1541.55,1550.4,92297,,1550.4,1550.4,0.0,0.0,32.049999999999955,,,32.049999999999955,,,No Signal
1,2022-07-06T00:00:00+05:30,1558.6,1614.9,1547.2,1612.6,110746,,1559.9692307692308,1555.0074074074075,4.961823361823235,0.9923646723646471,67.70000000000005,64.5,3.2000000000000455,67.70000000000005,,,No Signal
2,2022-07-07T00:00:00+05:30,1620.5,1673.0,1617.05,1664.4,174231,,1576.0355029585799,1563.1105624142663,12.924940544313586,3.378879846754435,55.950000000000045,60.40000000000009,4.4500000000000455,60.40000000000009,,,No Signal
3,2022-07-08T00:00:00+05:30,1671.0,1671.0,1638.0,1658.6,86772,,1588.7377332726444,1570.1838540872836,18.553879185360756,6.4138797144757,33.0,6.599999999999909,26.40000000000009,33.0,,,No Signal
4,2022-07-11T00:00:00+05:30,1640.0,1680.0,1640.0,1669.6,90670,,1601.1780819999299,1577.548013043781,23.63006895614876,9.857117562810313,40.0,21.40000000000009,18.59999999999991,40.0,,,No Signal
5,2022-07-12T00:00:00+05:30,1659.8,1670.1,1642.65,1647.4,43078,,1608.289146307633,1582.7222342997973,25.566912007835754,12.999076451815402,27.449999999999818,0.5,26.949999999999818,27.449999999999818,,,No Signal
6,2022-07-13T00:00:00+05:30,1648.0,1663.0,1620.0,1641.9,171437,,1613.4600468756894,1587.1057724998122,26.35427437587714,15.67011603662775,43.0,15.599999999999909,27.40000000000009,43.0,,,No Signal
7,2022-07-14T00:00:00+05:30,1650.5,1673.7,1640.0,1671.05,75828,,1622.3200396640448,1593.323863425752,28.99617623829272,18.335328076960746,33.700000000000045,31.799999999999955,1.900000000000091,33.700000000000045,,,No Signal
8,2022-07-15T00:00:00+05:30,1686.0,1699.8,1666.4,1692.8,158582,,1633.163110484961,1600.6924661349556,32.47064435000539,21.162391331569676,33.399999999999864,28.75,4.649999999999864,33.399999999999864,,,No Signal
9,2022-07-18T00:00:00+05:30,1699.4,1705.0,1677.05,1688.4,74321,,1641.6610934872747,1607.1893204953292,34.4717729919455,23.824267663644843,27.950000000000045,12.200000000000045,15.75,27.950000000000045,,,No Signal
10,2022-07-19T00:00:00+05:30,1683.4,1703.0,1656.75,1689.65,89241,,1649.0440021815402,1613.2975189771566,35.746483204383594,26.208710771792596,46.25,14.599999999999909,31.65000000000009,46.25,,,No Signal
11,2022-07-20T00:00:00+05:30,1698.45,1715.0,1680.05,1695.35,190229,,1656.1680018459188,1619.3754805344042,36.79252131151452,28.32547287973698,34.950000000000045,25.34999999999991,9.600000000000136,34.950000000000045,,,No Signal
12,2022-07-21T00:00:00+05:30,1704.3,1718.15,1692.65,1710.05,63877,,1664.4575400234696,1626.0921116059299,38.36542841753976,30.333463987297538,25.5,22.800000000000182,2.699999999999818,25.5,,,No Signal
13,2022-07-22T00:00:00+05:30,1710.05,1764.95,1701.35,1738.7,332626,,1675.8794569429358,1634.4334366721573,41.44602027077849,32.55597524399373,63.600000000000136,54.90000000000009,8.700000000000045,63.600000000000136,40.63928571428572,,No Signal
14,2022-07-25T00:00:00+05:30,1725.0,1740.9,1707.7,1727.75,129464,,1683.8595404901764,1641.345774696442,42.513765793734365,34.54753335394186,33.200000000000045,2.2000000000000455,31.0,33.200000000000045,40.72142857142858,,No Signal
15,2022-07-26T00:00:00+05:30,1725.0,1738.95,1712.05,1731.9,129005,,1691.2503804147648,1648.0534950892982,43.19688532546661,36.27740374824681,26.90000000000009,11.200000000000045,15.700000000000045,26.90000000000009,37.80714285714287,,No Signal
16,2022-07-27T00:00:00+05:30,1725.0,1770.0,1725.0,1765.2,172670,,1702.6272449663395,1656.7310139715723,45.896230994767166,38.20116919755088,45.0,38.09999999999991,6.900000000000091,45.0,36.70714285714286,,No Signal
17,2022-07-28T00:00:00+05:30,1770.0,1790.0,1758.0,1781.1,129513,,1714.6999765099795,1665.9435314551595,48.756445054820006,40.31222436900471,32.0,24.799999999999955,7.2000000000000455,32.0,36.63571428571429,,No Signal
18,2022-07-29T00:00:00+05:30,1790.0,1799.0,1767.0,1773.4,81257,,1723.730749354598,1673.9032698658884,49.827479488709514,42.21527539294567,32.0,17.90000000000009,14.099999999999909,32.0,36.064285714285724,,No Signal
19,2022-08-01T00:00:00+05:30,1780.0,1790.0,1765.05,1783.1,78538,3.334263401262045,1732.8644802231213,1681.9919165424892,50.872563680632084,43.946733050482955,24.950000000000045,16.59999999999991,8.350000000000136,24.950000000000045,35.88571428571431,123719.1,No Signal
20,2022-08-02T00:00:00+05:30,1779.05,1795.8,1767.7,1783.6,54589,2.919984113530548,1740.6699448041795,1689.5184412430456,51.15150356113395,45.387687152613154,28.09999999999991,12.700000000000045,15.399999999999864,28.09999999999991,34.82142857142859,121833.7,No Signal
21,2022-08-03T00:00:00+05:30,1776.5,1793.0,1753.35,1786.05,219482,2.802490937006202,1747.6514917573827,1696.668927076894,50.98256468048862,46.50666265818825,39.65000000000009,9.400000000000091,30.25,39.65000000000009,35.24642857142859,127270.5,No Signal
22,2022-08-04T00:00:00+05:30,1787.75,1798.7,1762.0,1789.5,112892,2.8612054667988085,1754.0897237947083,1703.545302848976,50.54442094573233,47.314214315697065,36.700000000000045,12.650000000000091,24.049999999999955,36.700000000000045,35.48214285714289,124203.55,No Signal
23,2022-08-05T00:00:00+05:30,1781.55,1819.0,1767.85,1787.4,121525,2.853620392103757,1759.2143816724456,1709.7567618972,49.457619775245576,47.74289540760677,51.15000000000009,29.5,21.65000000000009,51.15000000000009,37.13928571428575,125941.2,No Signal
24,2022-08-08T00:00:00+05:30,1789.9,1809.6,1775.6,1802.45,156298,2.8676343362409296,1765.8660152613002,1716.6229276825925,49.24308757870767,48.04293384182695,34.0,22.199999999999818,11.800000000000182,34.0,36.26428571428575,129222.6,No Signal
25,2022-08-10T00:00:00+05:30,1820.0,1858.0,1778.0,1794.45,419091,2.734108185816057,1770.2635513749462,1722.3878960024006,47.87565537254568,48.0094781479707,80.0,55.549999999999955,24.450000000000045,80.0,39.48214285714289,148023.25,No Signal
26,2022-08-11T00:00:00+05:30,1803.9,1854.0,1794.2,1798.5,195759,2.4793197353704537,1774.6076203941852,1728.0258296318525,46.58179076233273,47.723940670843106,59.799999999999955,59.549999999999955,0.25,59.799999999999955,41.932142857142885,149239.35,No Signal
27,2022-08-12T00:00:00+05:30,1806.8,1818.4,1770.0,1786.15,119721,2.3083711719478726,1776.3833711027721,1732.3313237331968,44.05204736957535,46.98956201058956,48.40000000000009,19.90000000000009,28.5,48.40000000000009,40.846428571428596,151434.0,No Signal
28,2022-08-16T00:00:00+05:30,1793.85,1811.1,1775.5,1790.6,90327,2.188092622559724,1778.5705447792686,1736.6475219751821,41.923022804086486,45.97625416928895,35.59999999999991,24.949999999999818,10.650000000000091,35.59999999999991,41.01785714285716,148021.25,No Signal
29,2022-08-17T00:00:00+05:30,1810.0,1905.0,1803.25,1815.7,990393,2.048681747313238,1784.2827686593812,1742.5032610881317,41.779507571249496,45.13690484968106,101.75,114.40000000000009,12.650000000000091,114.40000000000009,47.26785714285716,193824.85,No Signal
30,2022-08-18T00:00:00+05:30,1807.5,1839.9,1767.5,1818.35,241996,1.8813949080901362,1789.5238811733225,1748.1215380445665,41.402343128756,44.38999250549605,72.40000000000009,24.200000000000045,48.200000000000045,72.40000000000009,49.22500000000002,201462.6,No Signal
31,2022-08-19T00:00:00+05:30,1818.4,1870.0,1804.7,1838.6,273111,1.7421732945998822,1797.0740533005037,1754.8236463375615,42.25040696294218,43.96207539698528,65.29999999999995,51.65000000000009,13.649999999999864,65.29999999999995,51.60357142857145,205606.7,No Signal
32,2022-08-22T00:00:00+05:30,1834.95,1835.0,1754.05,1763.95,216578,1.5768709350393868,1791.9780451004262,1755.4996725347792,36.47837256564708,42.46533483071764,80.95000000000005,3.599999999999909,84.54999999999995,84.54999999999995,55.357142857142875,213241.75,Sell
33,2022-08-23T00:00:00+05:30,1765.45,1814.0,1750.05,1797.35,148929,1.4436597654044723,1792.8044997003606,1758.5996967914623,34.20480290889827,40.81322844635377,63.950000000000045,50.049999999999955,13.900000000000091,63.950000000000045,58.14285714285716,204056.9,Sell
34,2022-08-24T00:00:00+05:30,1786.1,1804.75,1772.55,1792.65,69833,1.2318063456984523,1792.7807305156898,1761.1219414735763,31.65878904211354,38.98234056550572,32.200000000000045,7.400000000000091,24.799999999999955,32.200000000000045,58.43571428571431,201075.35,Sell
35,2022-08-25T00:00:00+05:30,1802.1,1863.0,1796.3,1838.7,241414,1.1092681884481628,1799.845233513276,1766.8684643273855,32.97676918589059,37.7812262895827,66.70000000000005,70.34999999999991,3.6499999999998636,70.34999999999991,60.62857142857144,206695.8,Sell
36,2022-08-26T00:00:00+05:30,1850.9,1860.0,1811.55,1816.5,73534,1.0874890935926418,1802.4075052804644,1770.5448743772088,31.86263090325565,36.59750721231729,48.450000000000045,21.299999999999955,27.15000000000009,48.450000000000045,61.467857142857156,201739.0,Sell
37,2022-08-29T00:00:00+05:30,1770.2,1831.15,1770.2,1798.45,86728,1.078787168010114,1801.7986583142392,1772.6119207196377,29.18673759460148,35.11535328877413,60.950000000000045,14.650000000000091,46.299999999999955,60.950000000000045,62.16785714285715,199599.75,Sell
38,2022-08-30T00:00:00+05:30,1815.0,1839.0,1809.4,1824.15,97028,1.0615770487200575,1805.2373262658948,1776.4295562218867,28.807770044008066,33.85383663982092,29.59999999999991,40.549999999999955,10.950000000000045,40.549999999999955,62.63571428571429,200388.3,Sell
39,2022-09-01T00:00:00+05:30,1812.2,1849.85,1805.0,1819.1,237625,1.063932265203245,1807.370045301911,1779.5903298350804,27.779715466830567,32.63901240522285,44.84999999999991,25.699999999999818,19.15000000000009,44.84999999999991,60.125,208342.65,Sell
40,2022-09-02T00:00:00+05:30,1815.0,1835.0,1790.0,1793.4,59866,1.0583897078426463,1805.2208075631554,1780.6132683658152,24.607539197340202,31.03271776364632,45.0,15.900000000000091,29.09999999999991,45.0,59.06785714285714,208606.5,Sell
41,2022-09-05T00:00:00+05:30,1790.0,1859.9,1768.85,1790.95,71778,1.048992313917507,1803.0252987072854,1781.3789521905696,21.646346516715766,29.155443514260213,91.05000000000018,66.5,24.550000000000182,91.05000000000018,62.11428571428572,201221.3,Sell
42,2022-09-06T00:00:00+05:30,1800.4,1810.15,1785.35,1799.35,49163,1.0307190308151828,1802.459868136934,1782.7101409171942,19.749727219739725,27.274300255356117,24.800000000000182,19.200000000000045,5.600000000000136,24.800000000000182,61.34285714285717,198034.85,Sell
43,2022-09-07T00:00:00+05:30,1798.8,1820.45,1794.0,1817.15,55518,1.0121957926452894,1804.7198884235595,1785.2612415899946,19.4586468335649,25.711169570997875,26.450000000000045,21.100000000000136,5.349999999999909,26.450000000000045,55.06071428571431,194734.5,Sell
44,2022-09-08T00:00:00+05:30,1819.5,1840.0,1796.15,1802.9,107214,1.0200417474578858,1804.4399055891658,1786.567816287032,17.872089302133872,24.143353517225076,43.84999999999991,22.84999999999991,21.0,43.84999999999991,53.02142857142859,192280.3,No Signal
45,2022-09-09T00:00:00+05:30,1801.6,1814.9,1727.5,1754.3,415429,1.226220813680544,1796.7260739600633,1784.1776076731778,12.548466286885514,21.824376071157165,87.40000000000009,12.0,75.40000000000009,87.40000000000009,54.60000000000002,192097.2,No Signal
46,2022-09-12T00:00:00+05:30,1772.55,1772.55,1737.0,1752.55,388812,1.3851656359909916,1789.9297548892844,1781.834821919609,8.094932969675256,19.078487450860784,35.549999999999955,18.25,17.299999999999955,35.549999999999955,51.10000000000002,201749.85,No Signal
47,2022-09-13T00:00:00+05:30,1761.3,1825.45,1761.3,1770.65,272239,1.4116912812415248,1786.9636387524713,1781.0063165922306,5.957322160240665,16.45425439273676,64.15000000000009,72.90000000000009,8.75,72.90000000000009,51.73928571428574,209375.75,No Signal
48,2022-09-14T00:00:00+05:30,1760.0,1772.2,1750.0,1759.55,63761,1.506843020206205,1782.7461558674756,1779.416959807621,3.3291960598546666,13.829242726160343,22.200000000000045,1.5499999999999545,20.65000000000009,22.200000000000045,51.02500000000003,208047.45,No Signal
49,2022-09-15T00:00:00+05:30,1768.8,1794.0,1735.0,1745.95,205014,1.6379669317478573,1777.085208810941,1776.9379257477972,0.14728306314373185,11.092850793557021,59.0,34.450000000000045,24.549999999999955,59.0,50.214285714285744,168778.5,No Signal
50,2022-09-16T00:00:00+05:30,1753.35,1753.85,1685.35,1713.45,174641,1.9419735929934974,1767.2951766861809,1772.2351164331455,-4.939939746964683,7.8862926854526805,68.5,7.899999999999864,60.600000000000136,68.5,51.6464285714286,165410.75,No Signal
51,2022-09-19T00:00:00+05:30,1717.15,1731.45,1679.15,1709.95,106450,2.083767596003593,1758.472841811384,1767.6214041047645,-9.148562293380564,4.4793216896860315,52.299999999999955,18.0,34.299999999999955,52.299999999999955,51.02857142857145,157077.7,No Signal
52,2022-09-20T00:00:00+05:30,1718.9,1751.25,1709.0,1737.6,127372,2.1202465243462707,1755.2616353788633,1765.3975963933003,-10.135961014437044,1.5562651488614163,42.25,41.299999999999955,0.9500000000000455,42.25,51.15000000000003,152617.4,No Signal
53,2022-09-21T00:00:00+05:30,1739.9,1743.8,1694.4,1699.5,53879,2.4082799198506737,1746.6829222436536,1760.5162929567596,-13.833370713105978,-1.5216620235320626,49.399999999999864,6.2000000000000455,43.19999999999982,49.399999999999864,51.47500000000002,147864.9,No Signal
54,2022-09-22T00:00:00+05:30,1687.0,1717.0,1682.5,1686.3,67425,2.6939349111076956,1737.3932418984762,1755.0187897747774,-17.625547876301198,-4.74243919408589,34.5,17.5,17.0,34.5,50.72500000000002,147744.5,No Signal
55,2022-09-23T00:00:00+05:30,1697.8,1697.8,1651.0,1655.7,105625,2.9859094415963163,1724.825050837172,1747.6618423840532,-22.83679154688116,-8.361309664644944,46.799999999999955,11.5,35.299999999999955,46.799999999999955,47.564285714285724,140955.05,No Signal
56,2022-09-26T00:00:00+05:30,1641.0,1656.0,1608.05,1632.55,82385,3.4038014970336166,1710.6288891699148,1739.1350392444938,-28.506150074578954,-12.390277746631746,47.950000000000045,0.2999999999999545,47.65000000000009,47.950000000000045,49.21785714285714,141397.6,No Signal
57,2022-09-27T00:00:00+05:30,1641.1,1655.0,1606.65,1623.15,104717,3.7922827857833195,1697.1705985283895,1730.5435548560129,-33.37295632762334,-16.586813462830065,48.34999999999991,22.450000000000045,25.899999999999864,48.34999999999991,50.782142857142844,142297.05,No Signal
58,2022-09-28T00:00:00+05:30,1622.0,1643.7,1608.45,1633.9,46891,3.871706339432722,1687.4366602932528,1723.3847730148268,-35.948112721574034,-20.45907331457886,35.25,20.549999999999955,14.700000000000045,35.25,50.16785714285714,139790.2,No Signal
59,2022-09-29T00:00:00+05:30,1642.5,1659.9,1617.55,1640.55,57334,3.8615206082345086,1680.2233279404447,1717.2488639026174,-37.025535962172626,-23.772365844097614,42.350000000000136,26.0,16.350000000000136,42.350000000000136,46.949999999999996,130775.65,No Signal
60,2022-09-30T00:00:00+05:30,1641.0,1647.85,1612.3,1634.5,50185,3.940275510183471,1673.1889697957608,1711.1193184283493,-37.93034863258845,-26.603962401795783,35.549999999999955,7.2999999999999545,28.25,35.549999999999955,46.949999999999996,130291.6,No Signal
61,2022-10-03T00:00:00+05:30,1635.0,1638.0,1606.6,1620.7,113397,4.041444833313934,1665.113743673336,1704.4215911373606,-39.30784746402446,-29.14473941424152,31.40000000000009,3.5,27.90000000000009,31.40000000000009,43.98571428571428,132372.55,No Signal
62,2022-10-04T00:00:00+05:30,1628.0,1656.95,1622.0,1651.25,69725,3.823631650870977,1662.9808600312845,1700.4829547568154,-37.502094725530924,-30.816210476499403,34.950000000000045,36.25,1.2999999999999545,36.25,44.98928571428571,133400.65,No Signal
63,2022-10-06T00:00:00+05:30,1657.95,1685.0,1649.75,1656.0,95749,3.4864251741215226,1661.906881564933,1697.1879210711254,-35.28103950619243,-31.709176282438012,35.25,33.75,1.5,35.25,43.29285714285714,135412.2,No Signal
64,2022-10-07T00:00:00+05:30,1662.0,1672.0,1632.55,1646.45,55559,3.193502676709347,1659.5288997857126,1693.4295565473383,-33.90065676162567,-32.147472378275545,39.450000000000045,16.0,23.450000000000045,39.450000000000045,41.21785714285714,132829.45,No Signal
65,2022-10-10T00:00:00+05:30,1635.0,1653.0,1618.85,1647.35,118897,3.077471437917617,1657.655222895603,1690.0162560623503,-32.36103316674735,-32.190184535969905,34.15000000000009,6.5499999999999545,27.600000000000136,34.15000000000009,39.92142857142858,118002.85,No Signal
66,2022-10-11T00:00:00+05:30,1653.8,1654.4,1605.0,1622.65,153461,3.040348993024792,1652.2698039885872,1685.0261630206946,-32.75635903210741,-32.303419435197405,49.40000000000009,7.050000000000182,42.34999999999991,49.40000000000009,40.43214285714287,106235.3,No Signal
67,2022-10-12T00:00:00+05:30,1620.0,1629.75,1586.0,1596.9,162958,2.925617611407704,1643.7513726057277,1678.4982990932358,-34.74692648750806,-32.79212084565954,43.75,7.099999999999909,36.65000000000009,43.75,40.02857142857145,100771.25,No Signal
68,2022-10-13T00:00:00+05:30,1582.5,1603.45,1570.5,1579.5,108205,2.8488837955905497,1633.8665460510003,1671.1650917529962,-37.29854570199586,-33.693405816926806,32.950000000000045,6.5499999999999545,26.40000000000009,32.950000000000045,39.917857142857166,102993.45,No Signal
69,2022-10-14T00:00:00+05:30,1591.5,1601.4,1563.2,1566.2,52015,2.8205966774784197,1623.4563081970002,1663.3898997712927,-39.93359157429245,-34.94144296839993,38.200000000000045,21.90000000000009,16.299999999999955,38.200000000000045,39.30357142857146,95343.5,No Signal
70,2022-10-17T00:00:00+05:30,1566.2,1579.0,1550.1,1556.1,192125,2.945319589602839,1613.0937992436156,1655.442499788234,-42.348700544618396,-36.422894483643624,28.90000000000009,12.799999999999955,16.100000000000136,28.90000000000009,37.94285714285718,96217.7,No Signal
71,2022-10-18T00:00:00+05:30,1563.85,1623.0,1560.95,1600.65,47616,2.716944679895691,1611.1793685907517,1651.3837961002166,-40.20442750946495,-37.17920108880789,62.049999999999955,66.90000000000009,4.850000000000136,66.90000000000009,39.26785714285719,93276.0,No Signal
72,2022-10-19T00:00:00+05:30,1608.65,1628.55,1602.6,1622.15,66686,2.225478499589916,1612.8671580383284,1649.2183297224228,-36.351171684094425,-37.0135952078652,25.950000000000045,27.899999999999864,1.949999999999818,27.899999999999864,38.74285714285718,90241.7,No Signal
73,2022-10-20T00:00:00+05:30,1612.15,1649.85,1608.1,1645.65,101730,1.9656430374452776,1617.910672186278,1648.9540090022433,-31.043336815965404,-35.819543529485244,41.75,27.699999999999818,14.050000000000182,41.75,38.70000000000003,92634.25,No Signal
74,2022-10-21T00:00:00+05:30,1644.0,1645.0,1580.55,1593.2,192402,1.8703293766318514,1614.1090303114659,1644.8240824094846,-30.71505209801876,-34.79864524319195,64.45000000000005,0.650000000000091,65.10000000000014,65.10000000000014,40.810714285714326,98883.1,No Signal
75,2022-10-24T00:00:00+05:30,1596.5,1617.65,1596.1,1607.7,15566,1.7909989752583462,1613.1230256481633,1642.0741503791523,-28.951124730989022,-33.629141140751365,21.550000000000182,24.450000000000045,2.8999999999998636,24.450000000000045,40.31428571428575,94380.15,No Signal
76,2022-10-25T00:00:00+05:30,1607.0,1607.05,1540.0,1561.85,80864,2.0013757305485766,1605.2348678561382,1636.1316207214375,-30.896752865299277,-33.08266348566095,67.04999999999995,0.650000000000091,67.70000000000005,67.70000000000005,42.560714285714326,94304.1,Buy
77,2022-10-27T00:00:00+05:30,1562.5,1586.95,1561.85,1582.25,55861,2.025419755538213,1601.6987343398093,1632.1403895568865,-30.44165521707714,-32.55446183194419,25.100000000000136,25.100000000000136,0.0,25.100000000000136,41.83571428571434,91861.3,No Signal
78,2022-10-28T00:00:00+05:30,1587.8,1590.55,1550.1,1565.05,95088,2.1331627193326286,1596.0604675183001,1627.170731071191,-31.110263552890956,-32.26562217613354,40.450000000000045,8.299999999999955,32.15000000000009,40.450000000000045,41.90714285714291,94271.15,Buy
79,2022-10-31T00:00:00+05:30,1568.4,1579.9,1554.55,1575.45,64791,2.120416116358564,1592.8896263616386,1623.3395658066584,-30.44993944501971,-31.902485629910775,25.350000000000136,14.850000000000136,10.5,25.350000000000136,41.27857142857148,94644.0,Buy
80,2022-11-01T00:00:00+05:30,1580.0,1585.0,1531.05,1564.55,242759,2.1722270930953465,1588.5296838444635,1618.9847831543134,-30.455099309849857,-31.613008365898594,53.950000000000045,9.549999999999955,44.40000000000009,53.950000000000045,41.60357142857148,104272.7,Buy
81,2022-11-02T00:00:00+05:30,1544.0,1579.45,1538.05,1544.55,203498,2.337709853945153,1581.763578637623,1613.4710955132532,-31.70751687563029,-31.631910067844935,41.40000000000009,14.900000000000091,26.5,41.40000000000009,41.43571428571435,108777.75,Sell
82,2022-11-03T00:00:00+05:30,1540.0,1551.0,1510.55,1518.95,416568,2.5112663734912593,1572.0999511549117,1606.469532882642,-34.36958172773029,-32.17944439982201,40.450000000000045,6.4500000000000455,34.0,40.450000000000045,41.97142857142863,126119.9,Sell
83,2022-11-04T00:00:00+05:30,1522.1,1527.9,1503.8,1520.2,94699,2.523489326793288,1564.1153432849253,1600.0791971135573,-35.963853828631954,-32.936326285584,24.100000000000136,8.950000000000045,15.150000000000091,24.100000000000136,40.96428571428578,126067.4,Sell
84,2022-11-07T00:00:00+05:30,1527.85,1544.45,1510.0,1527.0,54688,2.4706552813526113,1558.4052904718599,1594.6659232532938,-36.26063278143397,-33.601187584753994,34.450000000000045,24.25,10.200000000000045,34.450000000000045,41.360714285714344,126023.85,Sell
85,2022-11-09T00:00:00+05:30,1535.25,1545.0,1490.0,1503.3,726645,2.522522843730791,1549.9275534761891,1587.8980770863832,-37.97052361019405,-34.475054789842005,55.0,18.0,37.0,55.0,40.51071428571434,156411.25,No Signal
86,2022-11-10T00:00:00+05:30,1509.8,1520.0,1483.6,1515.35,90704,2.512370228025202,1544.6079298644677,1582.5241454503548,-37.91621558588713,-35.163286949051034,36.40000000000009,16.700000000000045,19.700000000000045,36.40000000000009,41.11785714285721,153273.4,Sell
87,2022-11-11T00:00:00+05:30,1526.85,1538.9,1511.1,1530.55,71927,2.499041417808538,1542.4451714237803,1578.6742087503285,-36.22903732654822,-35.37643702455048,27.800000000000182,23.550000000000182,4.25,27.800000000000182,40.12142857142866,148721.85,No Signal
88,2022-11-14T00:00:00+05:30,1538.25,1549.0,1520.4,1529.0,117581,2.539900152813266,1540.3766835124295,1574.9946377317856,-34.61795421935608,-35.2247404635116,28.59999999999991,18.450000000000045,10.149999999999864,28.59999999999991,37.51428571428578,149190.65,No Signal
89,2022-11-15T00:00:00+05:30,1537.0,1537.75,1520.0,1525.75,42593,2.596881970276077,1538.1264245105174,1571.3468867886904,-33.220462278173045,-34.823884826443894,17.75,8.75,9.0,17.75,37.03571428571435,148719.55,No Signal
90,2022-11-16T00:00:00+05:30,1533.4,1533.4,1513.1,1522.35,42644,2.659181162530079,1535.69928227813,1567.717487767306,-32.0182054891759,-34.2627489589903,20.300000000000182,7.650000000000091,12.650000000000091,20.300000000000182,33.65000000000008,141245.5,No Signal
91,2022-11-17T00:00:00+05:30,1524.8,1534.4,1505.25,1526.6,77688,2.6027575878079423,1534.2993926968793,1564.6717479326908,-30.372355235811483,-33.48467021435454,29.15000000000009,12.050000000000182,17.09999999999991,29.15000000000009,33.93928571428579,142749.1,No Signal
92,2022-11-18T00:00:00+05:30,1532.85,1532.85,1502.55,1522.7,54103,2.4224439738357404,1532.5148707435133,1561.5627295673062,-29.04785882379292,-32.59730793624222,30.299999999999955,6.25,24.049999999999955,30.299999999999955,33.21428571428578,142119.95,No Signal
93,2022-11-21T00:00:00+05:30,1512.5,1522.0,1490.1,1497.0,99315,2.064015404952313,1527.0510444752804,1556.780305154913,-29.729260679632716,-32.02369848492032,31.90000000000009,0.7000000000000455,32.600000000000136,32.600000000000136,33.732142857142925,141999.2,No Signal
94,2022-11-22T00:00:00+05:30,1500.0,1500.0,1476.45,1497.7,45382,1.9949098846346165,1522.5354991713912,1552.4039862545492,-29.868487083158016,-31.59265620456786,23.549999999999955,3.0,20.549999999999955,23.549999999999955,31.560714285714344,134648.2,No Signal
95,2022-11-23T00:00:00+05:30,1499.0,1511.15,1487.6,1492.3,64934,1.7709257455291876,1517.883883914254,1547.9518391245826,-30.06795521032859,-31.287716005720007,23.550000000000182,13.450000000000045,10.100000000000136,23.550000000000182,30.285714285714352,137116.6,No Signal
96,2022-11-24T00:00:00+05:30,1495.45,1501.95,1485.0,1487.2,58784,1.823681717248862,1513.1632863889843,1543.451702893132,-30.28841650414779,-31.087856105405567,16.950000000000045,9.650000000000091,7.2999999999999545,16.950000000000045,28.60714285714292,136012.6,No Signal
97,2022-11-25T00:00:00+05:30,1493.8,1521.15,1486.85,1511.45,321467,1.5897696912835515,1512.899703867602,1541.0812063825297,-28.181502514927615,-30.50658538730998,34.30000000000018,33.950000000000045,0.3500000000001364,34.30000000000018,29.335714285714353,149292.9,No Signal
98,2022-11-28T00:00:00+05:30,1517.45,1548.8,1511.45,1519.7,109897,1.4469476461744017,1513.9459032725863,1539.497413317157,-25.551510044570705,-29.515570318762126,37.34999999999991,37.34999999999991,0.0,37.34999999999991,29.5428571428572,150033.35,No Signal
99,2022-11-29T00:00:00+05:30,1527.3,1532.2,1511.05,1526.05,70476,1.182124364647484,1515.8080719998807,1538.5013086269971,-22.69323662711645,-28.15110358043299,21.15000000000009,12.5,8.650000000000091,21.15000000000009,27.125000000000064,150317.6,No Signal
100,2022-11-30T00:00:00+05:30,1538.45,1545.0,1507.5,1527.65,94839,0.9643449420916103,1517.629907076822,1537.6975079879603,-20.067600911138243,-26.53440304657404,37.5,18.950000000000045,18.549999999999955,37.5,27.203571428571486,142921.6,No Signal
101,2022-12-01T00:00:00+05:30,1529.8,1537.75,1516.8,1522.85,88848,0.8767181022570615,1518.4329982957724,1536.5976925814448,-18.16469428567234,-24.8604612943937,20.950000000000045,10.099999999999909,10.850000000000136,20.950000000000045,26.71428571428576,137189.1,No Signal
102,2022-12-02T00:00:00+05:30,1523.95,1540.0,1518.0,1536.0,108526,0.9155274998472395,1521.1356139425766,1536.5534190568933,-15.417805114316707,-22.971930058378305,22.0,17.15000000000009,4.849999999999909,22.0,26.242857142857197,121787.0,No Signal
103,2022-12-05T00:00:00+05:30,1547.0,1555.75,1522.0,1529.55,119231,0.9366286906518785,1522.430134874488,1536.034647274901,-13.604512400413114,-21.098446526785267,33.75,19.75,14.0,33.75,27.38571428571434,123013.6,No Signal
104,2022-12-06T00:00:00+05:30,1528.0,1533.9,1512.45,1525.6,80920,0.9360712856462958,1522.917806432259,1535.2617104397232,-12.343904007464062,-19.347538022921025,21.450000000000045,4.350000000000136,17.09999999999991,21.450000000000045,27.467857142857188,124325.2,No Signal
105,2022-12-07T00:00:00+05:30,1533.2,1536.4,1505.3,1512.55,161324,0.9219364026905861,1521.3227592888347,1533.5793615182622,-12.256602229427472,-17.929350864222314,31.100000000000136,10.800000000000182,20.299999999999955,31.100000000000136,27.607142857142907,96059.15,No Signal
106,2022-12-08T00:00:00+05:30,1523.4,1526.0,1498.25,1523.3,163489,0.9178523394702052,1521.6269501674756,1532.8179273317241,-11.19097716424858,-16.581676124227567,27.75,13.450000000000045,14.299999999999955,27.75,27.42500000000005,99698.4,No Signal
107,2022-12-09T00:00:00+05:30,1526.05,1557.9,1507.9,1516.8,153794,0.9020336523064881,1520.8843424494023,1531.6314141960409,-10.74707174663854,-15.414755248709762,50.0,34.600000000000136,15.399999999999864,50.0,28.667857142857184,103791.75,No Signal
108,2022-12-12T00:00:00+05:30,1516.8,1523.4,1488.9,1508.55,133130,0.8981567235528052,1518.9867513033405,1529.921679811149,-10.934928507808536,-14.518789900529518,34.5,6.600000000000136,27.899999999999864,34.5,29.450000000000045,104569.2,No Signal
109,2022-12-13T00:00:00+05:30,1516.5,1523.45,1496.55,1515.05,62735,0.8830254136368052,1518.3810972566728,1528.820073899212,-10.438976642539274,-13.70282724893147,26.90000000000009,14.900000000000091,12.0,26.90000000000009,29.689285714285752,105576.3,Buy
110,2022-12-14T00:00:00+05:30,1522.95,1527.95,1505.0,1509.5,46943,0.8856061801029778,1517.0147746018001,1527.3889573140852,-10.37418271228512,-13.037098341602201,22.950000000000045,12.900000000000091,10.049999999999955,22.950000000000045,30.117857142857183,105791.25,Buy
111,2022-12-15T00:00:00+05:30,1514.8,1519.4,1495.2,1500.15,44356,0.9005771900629735,1514.4201938938309,1525.3712567723012,-10.951062878470339,-12.61989124897583,24.200000000000045,9.900000000000091,14.299999999999955,24.200000000000045,29.3964285714286,104124.65,Buy
112,2022-12-16T00:00:00+05:30,1507.7,1507.7,1478.15,1488.3,91690,0.9748077520731239,1510.4017025255491,1522.6252377521307,-12.223535226581589,-12.540620044496983,29.549999999999955,7.5499999999999545,22.0,29.549999999999955,28.839285714285747,106004.0,Buy
113,2022-12-19T00:00:00+05:30,1480.0,1502.0,1471.75,1496.4,52007,0.971804530075604,1508.2475944446953,1520.6826275482692,-12.435033103573915,-12.519502656312369,30.25,13.700000000000045,16.549999999999955,30.25,29.48928571428574,103638.6,Buy
114,2022-12-20T00:00:00+05:30,1497.95,1511.0,1478.0,1507.45,92814,0.9409778964677431,1508.12488760705,1519.702432915064,-11.577545308014123,-12.33111118665272,33.0,14.599999999999909,18.40000000000009,33.0,29.16785714285717,106010.2,Buy
115,2022-12-21T00:00:00+05:30,1515.0,1527.8,1492.0,1495.75,102270,0.9320392975837548,1506.221058744427,1517.9281786250592,-11.707119880632263,-12.206312925448628,35.799999999999955,20.34999999999991,15.450000000000045,35.799999999999955,30.22857142857145,107877.0,Buy
116,2022-12-22T00:00:00+05:30,1495.75,1509.95,1477.0,1488.9,80233,0.9254946735156063,1503.5562804760536,1515.7779431713511,-12.221662695297482,-12.209382879418401,32.950000000000045,14.200000000000045,18.75,32.950000000000045,31.010714285714307,108949.45,Sell
117,2022-12-23T00:00:00+05:30,1484.85,1484.9,1462.4,1474.65,76655,1.1016095224253677,1499.1091604028147,1512.7314288623622,-13.622268459547513,-12.491959995444224,22.5,4.0,26.5,26.5,30.492857142857165,96708.85,Sell
118,2022-12-26T00:00:00+05:30,1475.2,1495.0,1462.0,1485.85,81858,1.148145777619356,1497.0692895716124,1510.7402119095946,-13.67092233798212,-12.727752463951804,33.0,20.34999999999991,12.650000000000091,33.0,31.31785714285716,95306.9,Sell
119,2022-12-27T00:00:00+05:30,1487.85,1494.85,1470.85,1487.65,66759,1.1604910177668029,1495.6201680990566,1509.0298258422172,-13.409657743160551,-12.864133519793555,24.0,9.0,15.0,24.0,30.810714285714294,95121.05,Sell
120,2022-12-28T00:00:00+05:30,1482.7,1499.95,1482.0,1488.8,64298,1.1470266866746,1494.5709114684325,1507.531320224275,-12.960408755842536,-12.883388567003351,17.950000000000045,12.299999999999955,5.650000000000091,17.950000000000045,30.110714285714298,93594.0,Sell
121,2022-12-29T00:00:00+05:30,1488.8,1490.0,1461.0,1484.85,107891,1.1570177600812888,1493.0753866271352,1505.8512224298843,-12.775835802749043,-12.86187801415249,29.0,1.2000000000000455,27.799999999999955,29.0,28.610714285714298,94546.15,No Signal
122,2022-12-30T00:00:00+05:30,1489.0,1505.0,1481.0,1497.1,40886,1.0324003544117044,1493.6945579152682,1505.2029837313744,-11.508425816106183,-12.591187574543229,24.0,20.15000000000009,3.849999999999909,24.0,27.860714285714298,91164.15,No Signal
123,2023-01-02T00:00:00+05:30,1497.15,1503.0,1487.2,1491.75,31344,0.9481781300679661,1493.3953951590731,1504.2064664179393,-10.81107125886615,-12.235164311407813,15.799999999999955,5.900000000000091,9.899999999999864,15.799999999999955,27.067857142857147,86769.8,No Signal
124,2023-01-03T00:00:00+05:30,1498.0,1524.0,1490.55,1512.0,133936,0.868871962293317,1496.2576420576772,1504.7837652017956,-8.5261231441184,-11.493356077949931,33.450000000000045,32.25,1.2000000000000455,33.450000000000045,27.817857142857147,89420.6,No Signal
125,2023-01-04T00:00:00+05:30,1515.6,1519.0,1492.5,1505.75,29598,0.8540974868443466,1497.7180048180346,1504.8553381498107,-7.1373333317760626,-10.622151528715158,26.5,7.0,19.5,26.5,27.982142857142858,82834.3,No Signal
126,2023-01-05T00:00:00+05:30,1510.3,1530.0,1504.0,1512.15,66598,0.790825195911052,1499.9383117691061,1505.3956834720468,-5.457371702940691,-9.589195563560265,26.0,24.25,1.75,26.0,27.72857142857143,77989.75,No Signal
127,2023-01-06T00:00:00+05:30,1503.0,1524.55,1495.2,1501.0,39352,0.7443671792498838,1500.101648420013,1505.0700772889322,-4.968428868919318,-8.665042224632076,29.34999999999991,12.399999999999864,16.950000000000045,29.34999999999991,27.66428571428571,72267.65,No Signal
128,2023-01-09T00:00:00+05:30,1502.5,1507.15,1484.0,1492.75,44018,0.7310006183344311,1498.9706255861647,1504.1574789712336,-5.186853385068844,-7.96940445671943,23.15000000000009,6.150000000000091,17.0,23.15000000000009,26.96071428571429,67812.05,No Signal
129,2023-01-10T00:00:00+05:30,1494.75,1500.0,1481.05,1486.1,27746,0.6906094189862413,1496.9905293421393,1502.8198879363274,-5.829358594188079,-7.54139528421316,18.950000000000045,7.25,11.700000000000045,18.950000000000045,25.757142857142867,66062.6,No Signal
130,2023-01-11T00:00:00+05:30,1488.1,1490.95,1474.05,1482.65,57618,0.6790547738160189,1494.7842940587334,1501.3258221632661,-6.541528104532745,-7.3414218482770774,16.90000000000009,4.850000000000136,12.049999999999955,16.90000000000009,24.610714285714298,66596.35,No Signal
131,2023-01-12T00:00:00+05:30,1484.65,1495.15,1463.0,1480.7,48762,0.7008380624924055,1492.617479588159,1499.7979834845057,-7.180503896346636,-7.309238257890989,32.15000000000009,12.5,19.65000000000009,32.15000000000009,25.014285714285734,66816.65,No Signal
132,2023-01-13T00:00:00+05:30,1486.9,1487.4,1425.0,1448.4,355180,0.9936838591465387,1485.8147904207501,1495.9907254486163,-10.175935027866217,-7.882577611886035,62.40000000000009,6.7000000000000455,55.700000000000045,62.40000000000009,27.11428571428574,79991.15,No Signal
133,2023-01-16T00:00:00+05:30,1460.0,1496.0,1456.25,1475.45,297478,0.9989835008007483,1484.2202072790963,1494.4691902302004,-10.248982951104153,-8.355858679729659,39.75,47.59999999999991,7.849999999999909,47.59999999999991,28.80000000000002,92264.7,Sell
134,2023-01-17T00:00:00+05:30,1474.95,1475.0,1433.0,1440.85,131305,1.234898467059968,1477.5478676976968,1490.4973983612967,-12.949530663599944,-9.274593076503717,42.0,0.4500000000000455,42.450000000000045,42.450000000000045,30.55000000000002,94189.25,Sell
135,2023-01-18T00:00:00+05:30,1446.0,1459.0,1431.2,1440.4,47140,1.4173327210281317,1471.8328111288204,1486.7864799641636,-14.953668835343251,-10.410408228271624,27.799999999999955,18.15000000000009,9.649999999999864,27.799999999999955,30.46428571428573,91432.75,Sell
136,2023-01-19T00:00:00+05:30,1439.95,1444.95,1428.65,1440.4,58796,1.5660032924145089,1466.9969940320789,1483.3504444112625,-16.35345037918364,-11.599016658454028,16.299999999999955,4.5499999999999545,11.75,16.299999999999955,29.91428571428573,90360.9,Sell
137,2023-01-20T00:00:00+05:30,1440.0,1444.0,1421.35,1423.9,34604,1.823235926735699,1460.3666872579129,1478.9467077882061,-18.580020530293268,-12.995217432821876,22.65000000000009,3.599999999999909,19.050000000000182,22.65000000000009,30.40357142857145,88258.35,Sell
138,2023-01-23T00:00:00+05:30,1423.05,1433.6,1408.9,1428.95,38233,1.9724094508034615,1455.5333507566954,1475.2432479520428,-19.709897195347367,-14.338153385326976,24.699999999999818,9.699999999999818,15.0,24.699999999999818,29.778571428571436,86077.1,Sell
139,2023-01-24T00:00:00+05:30,1435.0,1440.4,1423.55,1429.85,22603,2.0876374579690014,1451.5820660248962,1471.8807851407803,-20.29871911588407,-15.530266531438395,16.850000000000136,11.450000000000045,5.400000000000091,16.850000000000136,29.08928571428573,83869.3,Sell
140,2023-01-25T00:00:00+05:30,1429.9,1431.95,1400.5,1409.7,80720,2.324631166409878,1445.1386712518354,1467.274801056278,-22.13612980444259,-16.851439186039233,31.450000000000045,2.1000000000001364,29.34999999999991,31.450000000000045,29.47857142857145,84690.4,Sell
141,2023-01-27T00:00:00+05:30,1416.75,1416.75,1383.05,1392.4,104605,2.6380799507296873,1437.0250295207838,1461.7285194965536,-24.7034899757698,-18.421849343985347,33.700000000000045,7.0499999999999545,26.65000000000009,33.700000000000045,29.789285714285743,84526.1,Sell
142,2023-01-30T00:00:00+05:30,1387.1,1418.0,1383.75,1412.75,44836,2.6641261733050117,1433.2904095945094,1458.1004810153274,-24.810071420818076,-19.699493759351892,34.25,25.59999999999991,8.650000000000091,34.25,30.58214285714288,84723.6,Sell
143,2023-01-31T00:00:00+05:30,1419.85,1420.2,1374.95,1391.1,210071,2.867233893080181,1426.7995773492003,1453.1374824215995,-26.33790507239928,-21.02717602196137,45.25,7.4500000000000455,37.799999999999955,45.25,32.4607142857143,93659.95,Sell
144,2023-02-01T00:00:00+05:30,1383.0,1412.45,1319.8,1344.5,491544,3.3221709968774533,1414.1381039108617,1445.090261501481,-30.952157590619436,-23.012172335692984,92.65000000000009,21.350000000000136,71.29999999999995,92.65000000000009,37.87142857142859,111540.35,Sell
145,2023-02-02T00:00:00+05:30,1310.0,1319.0,1256.1,1260.1,494693,4.690114543281901,1390.4399340784214,1431.387279168038,-40.94734508961665,-26.599206886477717,62.90000000000009,25.5,88.40000000000009,88.40000000000009,41.889285714285734,134795.1,Sell
146,2023-02-03T00:00:00+05:30,1267.0,1272.8,1217.25,1260.8,267486,5.3809267310398115,1370.4953288355873,1418.75118441485,-48.25585557926274,-30.930536625034723,55.549999999999955,12.700000000000045,42.84999999999991,55.549999999999955,41.40000000000001,144839.5,Sell
147,2023-02-06T00:00:00+05:30,1267.25,1274.5,1243.25,1262.9,70885,5.851323369918481,1353.94220132242,1407.2066522359723,-53.26445091355231,-35.39731948273824,31.25,13.700000000000045,17.549999999999955,31.25,40.232142857142875,146416.15,Sell
148,2023-02-07T00:00:00+05:30,1265.0,1267.25,1243.15,1253.85,47071,6.299703163518955,1338.5434011189707,1395.846900218493,-57.30349909952224,-39.778555406095045,24.09999999999991,4.349999999999909,19.75,24.09999999999991,38.92142857142858,146568.8,Sell
149,2023-02-08T00:00:00+05:30,1256.75,1284.0,1240.0,1278.3,114936,6.29608703878086,1329.275185562206,1387.1397224245304,-57.864536862324485,-43.395751697340934,44.0,30.15000000000009,13.849999999999909,44.0,40.078571428571436,150928.3,Sell
150,2023-02-09T00:00:00+05:30,1278.55,1287.3,1261.5,1282.65,70180,6.277257592570685,1322.1020800910974,1379.3997429856763,-57.297662894578934,-46.17613393678854,25.799999999999955,9.0,16.799999999999955,25.799999999999955,40.75714285714287,151556.4,Sell
151,2023-02-10T00:00:00+05:30,1282.75,1303.2,1275.35,1293.0,64760,6.096154019220045,1317.6248370001592,1372.9997620237743,-55.374925023615106,-48.01589215415385,27.850000000000136,20.549999999999955,7.300000000000182,27.850000000000136,41.12857142857144,152356.3,Sell
152,2023-02-13T00:00:00+05:30,1292.5,1308.65,1278.75,1290.05,103935,6.07168789124471,1313.3825543847502,1366.8553352071986,-53.472780822448385,-49.10726988781276,29.90000000000009,15.650000000000091,14.25,29.90000000000009,41.500000000000036,139794.05,Sell
153,2023-02-14T00:00:00+05:30,1292.5,1299.8,1283.3,1289.65,63356,5.810362666814396,1309.7313921717116,1361.1364214881469,-51.405029316435275,-49.56682177353727,16.5,9.75,6.75,16.5,41.47500000000002,128087.95,Sell
154,2023-02-15T00:00:00+05:30,1291.2,1313.0,1285.05,1306.75,51705,5.54489414917903,1309.2727164529867,1357.1077976742101,-47.83508122122339,-49.2204736630745,27.950000000000045,23.34999999999991,4.600000000000136,27.950000000000045,41.22500000000002,124107.95,Buy
155,2023-02-16T00:00:00+05:30,1313.0,1327.2,1297.3,1306.0,54326,5.303796524151853,1308.7692216140656,1353.322034883528,-44.552813269462376,-48.28694158435208,29.90000000000009,20.450000000000045,9.450000000000045,29.90000000000009,40.95357142857146,124467.25,Buy
156,2023-02-17T00:00:00+05:30,1300.0,1312.5,1282.75,1292.0,78094,5.074033093319219,1306.1893413657479,1348.7796619291926,-42.59032056344472,-47.14761738017061,29.75,6.5,23.25,29.75,40.63214285714288,125432.15,Buy
157,2023-02-20T00:00:00+05:30,1290.0,1306.75,1282.85,1296.7,73865,4.788536795775475,1304.7294426940944,1344.9219091936968,-40.19246649960246,-45.756587204056984,23.90000000000009,14.75,9.150000000000091,23.90000000000009,39.10714285714289,127395.2,Buy
158,2023-02-21T00:00:00+05:30,1300.0,1309.0,1290.2,1297.95,109969,4.404200110321851,1303.6864515103875,1341.4425085126823,-37.75605700229471,-44.156481163704534,18.799999999999955,12.299999999999955,6.5,18.799999999999955,33.83214285714288,130982.0,No Signal
159,2023-02-22T00:00:00+05:30,1295.0,1297.55,1270.0,1279.05,88454,4.003533016785889,1299.896228201097,1336.8208412154465,-36.92461301434946,-42.71010753383352,27.549999999999955,0.40000000000009095,27.950000000000045,27.950000000000045,29.514285714285734,134274.55,No Signal
160,2023-02-23T00:00:00+05:30,1279.1,1279.15,1256.65,1269.55,112307,3.6383579076738735,1295.2275777086206,1331.8378159402282,-36.61023823160758,-41.490133673388335,22.5,0.10000000000013642,22.399999999999864,22.5,27.15357142857145,135853.9,No Signal
161,2023-02-24T00:00:00+05:30,1271.05,1324.8,1271.05,1321.0,297319,3.136395438366623,1299.1925657534482,1331.0350147594706,-31.842449006022434,-39.560596739915155,53.75,55.25,1.5,55.25,28.867857142857165,145489.6,No Signal
162,2023-02-27T00:00:00+05:30,1320.6,1320.6,1287.25,1310.0,85565,2.4366008114057385,1300.8552479452253,1329.4768655180285,-28.62161757280319,-37.37280090649276,33.34999999999991,0.40000000000009095,33.75,33.75,29.557142857142885,147526.05,No Signal
163,2023-02-28T00:00:00+05:30,1310.0,1332.8,1300.0,1304.25,134630,1.733198991591771,1301.3775174921136,1327.6082088129892,-26.23069132087562,-35.144378989369336,32.799999999999955,22.799999999999955,10.0,32.799999999999955,28.757142857142885,143754.0,No Signal
164,2023-03-01T00:00:00+05:30,1309.7,1314.75,1301.0,1308.0,48591,1.4666798924204627,1302.3963609548655,1326.155748900916,-23.759387946050538,-32.86738078070558,13.75,10.5,3.25,13.75,27.8964285714286,121606.35,No Signal
165,2023-03-02T00:00:00+05:30,1305.0,1320.95,1302.85,1310.7,66189,1.4207435478573587,1303.673843884886,1325.0108786119592,-21.33703472707316,-30.561311569979097,18.100000000000136,12.950000000000045,5.150000000000091,18.100000000000136,27.200000000000028,100181.15,No Signal
166,2023-03-03T00:00:00+05:30,1321.0,1327.0,1305.0,1320.85,91543,1.392582421350177,1306.3163294410574,1324.7026653814437,-18.38633594038629,-28.126316444060535,22.0,16.299999999999955,5.7000000000000455,22.0,26.635714285714307,91384.0,No Signal
167,2023-03-06T00:00:00+05:30,1327.45,1343.15,1318.55,1340.9,112938,1.4727368637138865,1311.6368941424332,1325.9024679457812,-14.265573803347934,-25.354167915918016,24.600000000000136,22.300000000000182,2.2999999999999545,24.600000000000136,27.214285714285747,93486.65,No Signal
168,2023-03-08T00:00:00+05:30,1340.75,1366.15,1331.0,1363.4,132547,1.6169360036308125,1319.6004488897513,1328.6800629127604,-9.079614023009071,-22.099257137336227,35.15000000000009,25.25,9.900000000000091,35.15000000000009,27.728571428571463,97760.45,No Signal
169,2023-03-09T00:00:00+05:30,1357.35,1375.55,1344.5,1363.65,102163,1.8376800021943127,1326.3773029067127,1331.2704286229264,-4.893125716213717,-18.658030853111725,31.049999999999955,12.149999999999864,18.90000000000009,31.049999999999955,27.81071428571431,97121.8,No Signal
170,2023-03-10T00:00:00+05:30,1360.0,1371.6,1337.3,1354.4,140954,1.9522943046866175,1330.6884870749107,1332.9837302064134,-2.2952431315027297,-15.385473308789926,34.299999999999955,7.949999999999818,26.350000000000136,34.299999999999955,28.135714285714307,100660.5,No Signal
171,2023-03-13T00:00:00+05:30,1346.3,1354.9,1299.0,1315.15,127968,1.9856946110213765,1328.2979506018476,1331.6627131540865,-3.3647625522389717,-12.981331157479737,55.90000000000009,0.5,55.40000000000009,55.90000000000009,30.421428571428596,103820.9,No Signal
172,2023-03-14T00:00:00+05:30,1316.0,1332.3,1300.0,1324.65,58230,1.9422046739388465,1327.7367274323326,1331.1432529204505,-3.40652548811795,-11.06637002360738,32.299999999999955,17.149999999999864,15.150000000000091,32.299999999999955,31.385714285714307,101535.65,No Signal
173,2023-03-15T00:00:00+05:30,1331.3,1355.55,1324.55,1339.8,98745,1.9182605129850046,1329.592615519666,1331.7844934448617,-2.1918779251957403,-9.291471603925052,31.0,30.899999999999864,0.10000000000013642,31.0,31.60357142857145,103305.1,Buy
174,2023-03-16T00:00:00+05:30,1324.85,1349.65,1306.3,1340.9,86529,1.9514905390155755,1331.3322131320251,1332.4597161526497,-1.1275030206245447,-7.65867788726495,43.350000000000136,9.850000000000136,33.5,43.350000000000136,33.09285714285717,105046.3,Buy
175,2023-03-17T00:00:00+05:30,1350.15,1368.25,1343.05,1363.0,111535,2.043151815939505,1336.2041803424827,1334.7219594006015,1.4822209418812236,-5.830498121435716,25.200000000000045,27.34999999999991,2.1499999999998636,27.34999999999991,31.100000000000023,107906.75,Buy
176,2023-03-20T00:00:00+05:30,1359.4,1359.4,1328.3,1342.45,101213,2.0398253569277696,1337.1650756744084,1335.2944068524087,1.8706688219997432,-4.290264732748624,31.100000000000136,3.599999999999909,34.700000000000045,34.700000000000045,31.16785714285717,109062.7,Buy
177,2023-03-21T00:00:00+05:30,1341.0,1344.5,1322.75,1340.2,58540,2.0057560990227965,1337.6319871091148,1335.6577841226006,1.9742029865142285,-3.0373711888960537,21.75,2.0499999999999545,19.700000000000045,21.75,30.37857142857146,108296.45,Buy
178,2023-03-22T00:00:00+05:30,1342.0,1351.9,1336.05,1347.15,44422,1.9653456182348972,1339.0962967846356,1336.5090593727782,2.587237411857359,-1.9124494687453715,15.850000000000136,11.700000000000045,4.150000000000091,15.850000000000136,30.528571428571468,105019.1,Buy
179,2023-03-23T00:00:00+05:30,1350.0,1352.55,1326.6,1340.7,52834,1.7864874439893141,1339.3430203562302,1336.819499419239,2.52352093699119,-1.0252553875980592,25.950000000000045,5.399999999999864,20.550000000000182,25.950000000000045,31.089285714285747,103238.1,Buy
180,2023-03-24T00:00:00+05:30,1334.05,1345.2,1317.6,1334.6,76000,1.4300141183696704,1338.6133249168101,1336.655092054851,1.9582328619592317,-0.42855773768660105,27.600000000000136,4.5,23.100000000000136,27.600000000000136,31.489285714285757,101422.75,Buy
181,2023-03-27T00:00:00+05:30,1340.0,1341.0,1318.1,1330.2,59918,1.417633635577343,1337.318967237301,1336.1769370878249,1.1420301494761134,-0.11444016025405818,22.90000000000009,6.400000000000091,16.5,22.90000000000009,31.367857142857183,89552.7,Buy
182,2023-03-28T00:00:00+05:30,1323.0,1333.05,1302.55,1323.05,89078,1.3732817894749574,1335.1237415084854,1335.2045713776156,-0.0808298691301843,-0.1077181020292834,30.5,2.849999999999909,27.65000000000009,30.5,31.035714285714317,89728.35,Buy
183,2023-03-29T00:00:00+05:30,1314.0,1328.35,1288.0,1294.2,113140,1.48250239256696,1328.8277812764106,1332.1671957200144,-3.3394144436038005,-0.754057370344187,40.34999999999991,5.2999999999999545,35.049999999999955,40.34999999999991,31.700000000000028,88653.85,Sell
184,2023-03-31T00:00:00+05:30,1300.65,1320.5,1289.3,1315.0,77491,1.424215707058019,1326.700430310809,1330.895551592606,-4.195121281796901,-1.4422701526347297,31.200000000000045,26.299999999999955,4.900000000000091,31.200000000000045,31.478571428571463,90098.85,Sell
185,2023-04-03T00:00:00+05:30,1317.7,1339.6,1317.65,1326.75,234902,1.352845280808274,1326.7080564168384,1330.5884736968574,-3.8804172800189463,-1.929899578111573,21.949999999999818,24.59999999999991,2.650000000000091,24.59999999999991,29.242857142857165,98534.5,No Signal
186,2023-04-05T00:00:00+05:30,1326.75,1333.4,1313.8,1325.25,141477,1.341552391058308,1326.4837400450172,1330.193031200794,-3.709291155776782,-2.285777893644615,19.600000000000136,6.650000000000091,12.950000000000045,19.600000000000136,28.33571428571432,101031.2,No Signal
187,2023-04-06T00:00:00+05:30,1319.05,1343.25,1316.8,1328.65,53243,1.3413600186151562,1326.8170108073223,1330.0787325933277,-3.2617217860054097,-2.4809666721167742,26.450000000000045,18.0,8.450000000000045,26.450000000000045,28.010714285714325,98046.45,No Signal
188,2023-04-10T00:00:00+05:30,1328.65,1343.0,1320.05,1326.85,31139,1.2558923238161113,1326.8220860677343,1329.839567216044,-3.0174811483097983,-2.588269567355379,22.950000000000045,14.349999999999909,8.600000000000136,22.950000000000045,26.553571428571463,92976.05,No Signal
189,2023-04-11T00:00:00+05:30,1327.05,1327.9,1311.0,1317.0,49402,1.1764559410139015,1325.3109959034675,1328.8884881630038,-3.577492259536257,-2.7861141057915546,16.90000000000009,1.050000000000182,15.849999999999909,16.90000000000009,25.807142857142903,90338.0,No Signal
190,2023-04-12T00:00:00+05:30,1318.3,1328.45,1307.1,1311.45,85609,1.153272832232519,1323.1785349952418,1327.5967482990775,-4.418213303835728,-3.1125339454003895,21.350000000000136,11.450000000000045,9.900000000000091,21.350000000000136,24.85357142857148,87570.75,No Signal
191,2023-04-13T00:00:00+05:30,1317.85,1366.8,1315.85,1337.1,274900,1.1093819092811925,1325.3202988421276,1328.3006928695163,-2.9803940273886838,-3.0861059617980486,50.950000000000045,55.34999999999991,4.399999999999864,55.34999999999991,27.253571428571473,94917.35,No Signal
192,2023-04-17T00:00:00+05:30,1341.95,1343.4,1322.8,1330.0,88669,1.110646929356583,1326.0402528664156,1328.4265674717744,-2.386314605358848,-2.946147690510209,20.600000000000136,6.300000000000182,14.299999999999955,20.600000000000136,27.592857142857188,96439.3,No Signal
193,2023-04-18T00:00:00+05:30,1325.0,1349.55,1319.1,1328.1,91122,1.1011077925113046,1326.357137040813,1328.40237728868,-2.0452402478670137,-2.76596620198157,30.450000000000045,19.549999999999955,10.900000000000091,30.450000000000045,27.91428571428576,96058.15,No Signal
194,2023-04-19T00:00:00+05:30,1329.85,1345.85,1320.0,1327.7,242200,1.085218359687241,1326.5637313422264,1328.3503493413705,-1.7866179991440276,-2.5700965614140614,25.84999999999991,17.75,8.099999999999909,25.84999999999991,27.789285714285743,103841.7,No Signal
195,2023-04-20T00:00:00+05:30,1328.05,1336.95,1318.85,1322.95,107312,0.914741206161397,1326.0077726741915,1327.9503234642318,-1.9425507900402863,-2.4445874071393066,18.100000000000136,9.25,8.850000000000136,18.100000000000136,27.446428571428605,103630.55,No Signal
196,2023-04-21T00:00:00+05:30,1323.0,1332.0,1316.45,1322.2,85245,0.8788067661170585,1325.4219614935466,1327.5243735779925,-2.1024120844458594,-2.376152342600617,15.549999999999955,9.049999999999955,6.5,15.549999999999955,26.37857142857146,102832.15,No Signal
197,2023-04-24T00:00:00+05:30,1322.2,1327.9,1316.55,1321.95,44467,0.8466351946219068,1324.8878135714626,1327.1114570166596,-2.2236434451970126,-2.345650563119896,11.350000000000136,5.7000000000000455,5.650000000000091,11.350000000000136,24.307142857142903,102128.5,No Signal
198,2023-04-25T00:00:00+05:30,1325.8,1330.0,1303.55,1325.2,115852,0.7524433125625902,1324.9358422527762,1326.9698676080181,-2.0340253552419654,-2.28332552154431,26.450000000000045,8.049999999999955,18.40000000000009,26.450000000000045,23.967857142857188,105700.0,No Signal
199,2023-04-26T00:00:00+05:30,1325.9,1335.15,1317.25,1320.7,56734,0.6989310451044378,1324.2841742138876,1326.5054329703871,-2.2212587564995374,-2.2709121685353555,17.90000000000009,9.950000000000045,7.9500000000000455,17.90000000000009,23.489285714285774,105895.0,No Signal
200,2023-04-27T00:00:00+05:30,1320.0,1321.55,1306.3,1315.55,127938,0.6840559113999677,1322.9404551040586,1325.6939194170252,-2.753464312966571,-2.3674225974215988,15.25,0.849999999999909,14.400000000000091,15.25,23.178571428571477,108491.9,No Signal
201,2023-04-28T00:00:00+05:30,1316.5,1328.95,1313.0,1323.05,114881,0.6664125147988751,1322.9573081649726,1325.4980735342826,-2.5407653693100656,-2.4020911517992922,15.950000000000045,13.400000000000091,2.5499999999999545,15.950000000000045,22.428571428571477,111240.05,No Signal
202,2023-05-02T00:00:00+05:30,1325.0,1336.75,1311.0,1316.85,145828,0.6752313180095221,1322.0177222934383,1324.8574754947063,-2.8397532012679676,-2.4896235616930276,25.75,13.700000000000045,12.049999999999955,25.75,22.628571428571473,114077.55,No Signal
203,2023-05-03T00:00:00+05:30,1316.0,1342.0,1313.0,1335.05,94083,0.49522777862443834,1324.0226880944479,1325.6124773099132,-1.5897892154653164,-2.3096566924474855,29.0,25.15000000000009,3.849999999999909,29.0,23.492857142857183,113124.7,No Signal
204,2023-05-04T00:00:00+05:30,1342.45,1353.55,1334.6,1341.5,82788,0.5482326985339238,1326.7115053106866,1326.7893308425123,-0.07782553182573793,-1.8632904603231362,18.950000000000045,18.5,0.4500000000000455,18.950000000000045,23.321428571428605,113389.55,No Signal
205,2023-05-05T00:00:00+05:30,1338.0,1349.85,1321.1,1325.65,61755,0.5541726430899442,1326.54819680135,1326.7049359652892,-0.15673916393916443,-1.521980201046342,28.75,8.349999999999909,20.40000000000009,28.75,21.42142857142861,104732.2,No Signal
206,2023-05-08T00:00:00+05:30,1330.95,1353.2,1330.95,1344.85,70707,0.6370923964970905,1329.3638588319116,1328.0490147826752,1.3148440492363989,-0.9546153509897938,22.25,27.549999999999955,5.2999999999999545,27.549999999999955,21.91785714285717,101193.7,No Signal
207,2023-05-09T00:00:00+05:30,1351.0,1352.4,1326.15,1333.45,76056,0.6530939303116996,1329.9924959346945,1328.4490877617363,1.5434081729581521,-0.4550106462002046,26.25,7.550000000000182,18.699999999999818,26.25,21.617857142857165,102334.35,No Signal
208,2023-05-10T00:00:00+05:30,1333.45,1339.5,1309.05,1315.0,84254,0.6896626583084307,1327.6859580985877,1327.4528590386446,0.23309905994301516,-0.31738870497156063,30.450000000000045,6.0499999999999545,24.40000000000009,30.450000000000045,21.946428571428605,104990.1,No Signal
209,2023-05-11T00:00:00+05:30,1325.4,1325.4,1309.65,1311.8,73022,0.716725115652299,1325.2419645449588,1326.293387998745,-1.0514234537861284,-0.4641956547344742,15.75,10.400000000000091,5.349999999999909,15.75,21.77857142857145,106171.1,No Signal
210,2023-05-12T00:00:00+05:30,1318.0,1337.75,1311.9,1327.55,72373,0.6632969978632959,1325.5970469226575,1326.3864703692084,-0.7894234465509271,-0.5292412130977648,25.84999999999991,25.950000000000045,0.10000000000013642,25.950000000000045,22.5214285714286,105509.3,No Signal
211,2023-05-15T00:00:00+05:30,1337.0,1366.0,1325.0,1357.8,149612,0.8150532936431835,1330.5513473960948,1328.7133984900076,1.8379489060871492,-0.05580318926078204,41.0,38.450000000000045,2.5499999999999545,41.0,24.639285714285734,99244.9,Buy
212,2023-05-16T00:00:00+05:30,1370.45,1376.6,1341.55,1366.55,213257,1.0335424047733628,1336.0896016428494,1331.51610971297,4.57349192987931,0.8700558345672365,35.049999999999955,18.799999999999955,16.25,35.049999999999955,25.25357142857144,105474.3,Buy
213,2023-05-17T00:00:00+05:30,1370.55,1375.7,1330.15,1348.15,262211,1.093482977223134,1337.9450475439496,1332.7482497342316,5.196797809717964,1.7354042295973822,45.549999999999955,9.150000000000091,36.399999999999864,45.549999999999955,27.22857142857143,114028.75,Buy
214,2023-05-18T00:00:00+05:30,1310.0,1371.7,1291.6,1362.7,938307,1.2045932593312028,1341.7535017679575,1334.9668979020664,6.786603865891038,2.7456441568561134,80.10000000000014,23.549999999999955,56.55000000000018,80.10000000000014,31.860714285714298,148834.1,Buy
215,2023-05-19T00:00:00+05:30,1368.0,1371.9,1344.45,1367.7,207546,1.3227696719991764,1345.7452707267332,1337.391572131543,8.35369859519028,3.867255044522947,27.450000000000045,9.200000000000045,18.25,27.450000000000045,32.68214285714287,153845.8,Buy
216,2023-05-22T00:00:00+05:30,1371.0,1419.0,1355.25,1371.65,265397,1.4347644354470679,1349.7306136918512,1339.9292334551324,9.801380236718842,5.054080082962126,63.75,51.299999999999955,12.450000000000045,63.75,35.39642857142859,162853.4,Buy
217,2023-05-23T00:00:00+05:30,1381.0,1397.95,1367.1,1390.65,115098,1.6351772324161322,1356.025903893105,1343.6863272732708,12.339576619834133,6.511179390336528,30.850000000000136,26.299999999999955,4.550000000000182,30.850000000000136,35.52857142857145,166384.95,Buy
218,2023-05-24T00:00:00+05:30,1393.0,1404.95,1379.35,1386.0,99334,1.7772263951963025,1360.6373032941658,1346.8206734011767,13.816629892989113,7.9722694908670455,25.600000000000136,14.299999999999955,11.300000000000182,25.600000000000136,36.003571428571455,165559.05,Buy
219,2023-05-25T00:00:00+05:30,1396.45,1443.85,1379.0,1426.15,410483,2.1198486030066515,1370.716179710448,1352.6969198159043,18.019259894543666,9.98166757160237,64.84999999999991,57.84999999999991,7.0,64.84999999999991,38.58214285714288,183246.5,Buy
220,2023-05-26T00:00:00+05:30,1436.25,1445.0,1412.65,1436.5,106561,2.4388857243656474,1380.836767447302,1358.9045553850965,21.932212062205508,12.371776469722999,32.34999999999991,18.84999999999991,13.5,32.34999999999991,38.92500000000002,182177.65,Buy
221,2023-05-29T00:00:00+05:30,1444.95,1454.4,1420.6,1424.3,51366,2.632222649146729,1387.5234186092555,1363.748662393608,23.774756215647585,14.652372418907918,33.80000000000018,17.90000000000009,15.900000000000091,33.80000000000018,39.464285714285744,179001.9,Buy
222,2023-05-30T00:00:00+05:30,1420.0,1435.0,1413.9,1433.0,31222,2.75511780346543,1394.519815746293,1368.8783911051926,25.641424641100457,16.850182863346426,21.09999999999991,10.700000000000045,10.399999999999864,21.09999999999991,38.79642857142859,173271.6,Buy
223,2023-05-31T00:00:00+05:30,1434.95,1443.65,1423.0,1426.7,28574,2.8787947105623526,1399.4706133237864,1373.1614732455487,26.30914007823776,18.741974306324693,20.65000000000009,10.650000000000091,10.0,20.65000000000009,39.1464285714286,169996.15,Buy
224,2023-06-01T00:00:00+05:30,1434.15,1440.0,1427.0,1434.45,21350,2.991314458587821,1404.8520574278193,1377.701364116249,27.15069331157042,20.42371810737384,13.0,13.299999999999955,0.2999999999999545,13.299999999999955,38.24285714285717,166924.25,Buy
225,2023-06-02T00:00:00+05:30,1442.0,1443.0,1415.0,1419.25,48421,2.9873820088911187,1407.0671255158472,1380.7790408483786,26.288084667468638,21.5965914193928,28.0,8.549999999999955,19.450000000000045,28.0,37.31428571428574,166257.55,Buy
226,2023-06-05T00:00:00+05:30,1417.0,1444.5,1417.0,1433.4,52943,3.0163716216020284,1411.1183369749476,1384.6768896744247,26.441447300522896,22.56556259561882,27.5,25.25,2.25,27.5,36.77500000000003,165369.35,Buy
227,2023-06-06T00:00:00+05:30,1439.8,1439.8,1420.0,1432.6,24343,2.991899391067371,1414.4232082095712,1388.2267496985414,26.196458511029732,23.291741778701006,19.799999999999955,6.399999999999864,13.400000000000091,19.799999999999955,34.93571428571431,162783.7,Buy
228,2023-06-07T00:00:00+05:30,1434.4,1457.75,1412.85,1441.95,108505,2.82513022104334,1418.6580992542524,1392.2062497208717,26.45184953338071,23.923763329636948,44.90000000000009,25.15000000000009,19.75,44.90000000000009,32.42142857142859,163996.25,No Signal
229,2023-06-08T00:00:00+05:30,1447.8,1455.0,1430.0,1433.4,39635,2.548642174947284,1420.9260839843676,1395.2576386304368,25.668445353930792,24.272699734495717,25.0,13.049999999999955,11.950000000000045,25.0,32.24642857142859,162326.9,No Signal
230,2023-06-09T00:00:00+05:30,1440.85,1440.85,1404.0,1421.2,45166,2.278760348349934,1420.9682249098496,1397.1792950281822,23.7889298816674,24.175945763930056,36.84999999999991,7.449999999999818,29.40000000000009,36.84999999999991,30.325000000000014,160966.55,No Signal
231,2023-06-12T00:00:00+05:30,1426.0,1450.9,1413.0,1449.25,60900,2.188374962632601,1425.3192672314112,1401.036384285354,24.28288294605727,24.1973332003555,37.90000000000009,29.700000000000045,8.200000000000045,37.90000000000009,30.82857142857144,156530.95,No Signal
232,2023-06-13T00:00:00+05:30,1453.35,1479.0,1447.05,1461.4,86496,2.1844190525610867,1430.8701491958095,1405.5077632271796,25.36238596862995,24.430343754010394,31.950000000000045,29.75,2.2000000000000455,31.950000000000045,31.282142857142862,150192.9,No Signal
233,2023-06-14T00:00:00+05:30,1465.0,1478.35,1460.2,1466.6,36986,2.0305385145237485,1436.3670493195311,1410.0331140992403,26.33393522029087,24.81106204726649,18.149999999999864,16.949999999999818,1.2000000000000455,18.149999999999864,27.946428571428573,138931.65,No Signal
234,2023-06-15T00:00:00+05:30,1469.8,1478.0,1452.4,1464.9,35199,1.9095839529407892,1440.7567340396033,1414.097327869667,26.659406169936346,25.180730871800463,25.59999999999991,11.400000000000091,14.199999999999818,25.59999999999991,27.464285714285715,93776.25,No Signal
235,2023-06-16T00:00:00+05:30,1472.7,1490.85,1461.0,1463.3,46570,1.745346533623008,1444.2249288027413,1417.7419702496916,26.482958553049684,25.44117640805031,29.84999999999991,25.949999999999818,3.900000000000091,29.84999999999991,27.18214285714284,85727.45,No Signal
236,2023-06-19T00:00:00+05:30,1467.55,1469.55,1445.05,1450.0,38917,1.4969016961797417,1445.1134012946272,1420.1314539348996,24.981947359727656,25.34933059838578,24.5,6.25,18.25,24.5,27.424999999999986,74403.45,No Signal
237,2023-06-20T00:00:00+05:30,1446.0,1463.95,1446.0,1455.2,21966,1.3392244236707622,1446.6651857108384,1422.7291240137959,23.936061697042533,25.06667681811713,17.950000000000045,13.950000000000045,4.0,17.950000000000045,27.23214285714284,69746.85,No Signal
238,2023-06-21T00:00:00+05:30,1461.0,1477.2,1450.45,1468.2,70555,1.114805178310337,1449.9782340630172,1426.097337049811,23.880897013206322,24.82952085713497,26.75,22.0,4.75,26.75,28.19285714285713,68307.9,No Signal
239,2023-06-22T00:00:00+05:30,1476.7,1485.0,1454.05,1467.0,39607,1.1463342966478627,1452.5969672840915,1429.12716393501,23.46980334908153,24.557577355524284,30.950000000000045,16.799999999999955,14.150000000000091,30.950000000000045,28.403571428571418,49764.1,No Signal
240,2023-06-23T00:00:00+05:30,1460.0,1461.25,1435.0,1455.0,38922,1.1603855727930747,1452.9666646250005,1431.0436703101946,21.92299431480592,24.03066074738061,26.25,5.75,32.0,32.0,28.72499999999999,46382.15,No Signal
241,2023-06-26T00:00:00+05:30,1457.6,1460.0,1432.65,1460.0,29365,1.127093627886443,1454.0487162211543,1433.1885836205506,20.86013260060372,23.396555118025233,27.34999999999991,5.0,22.34999999999991,27.34999999999991,29.264285714285702,45282.1,No Signal
242,2023-06-27T00:00:00+05:30,1456.0,1463.1,1449.0,1460.05,21999,1.1211658827183513,1454.9719906486691,1435.1783181671765,19.79367248149265,22.675978590718717,14.099999999999909,3.099999999999909,11.0,14.099999999999909,27.06428571428569,44820.95,No Signal
243,2023-06-28T00:00:00+05:30,1468.3,1476.5,1451.9,1464.25,36144,1.087385486598309,1456.39937670272,1437.331776080719,19.06760062200101,21.954302996975176,24.59999999999991,16.450000000000045,8.149999999999864,24.59999999999991,27.035714285714253,45199.45,No Signal
244,2023-06-30T00:00:00+05:30,1450.15,1475.4,1450.15,1475.0,64078,1.112058290681545,1459.2610110561477,1440.1220148895547,19.13899616659296,21.391241630898733,25.25,11.150000000000091,14.099999999999909,25.25,26.20714285714283,47335.85,No Signal
245,2023-07-03T00:00:00+05:30,1485.0,1496.0,1476.9,1488.0,49637,1.0995037783477433,1463.6823939705864,1443.6685323051433,20.013861665443073,21.115765637807602,19.09999999999991,21.0,1.900000000000091,21.0,24.999999999999968,47396.65,No Signal
246,2023-07-04T00:00:00+05:30,1497.0,1497.8,1460.0,1480.0,30473,1.1054470420145053,1466.1927948981886,1446.359752134392,19.833042763796584,20.8592210630054,37.799999999999955,9.799999999999955,28.0,37.799999999999955,25.417857142857105,46273.15,No Signal
247,2023-07-05T00:00:00+05:30,1482.1,1485.0,1458.65,1480.0,53097,1.0767410996864106,1468.3169802984673,1448.8516223466593,19.465357951808073,20.580448440765934,26.34999999999991,5.0,21.34999999999991,26.34999999999991,26.003571428571394,47710.85,No Signal
248,2023-07-06T00:00:00+05:30,1488.0,1488.0,1464.0,1470.1,20147,1.052457962524009,1468.59129102178,1450.4255762469068,18.165714774873322,20.097501707587412,24.0,8.0,16.0,24.0,25.889285714285684,43292.95,No Signal
249,2023-07-07T00:00:00+05:30,1467.0,1478.75,1450.85,1460.0,31619,0.958139356053052,1467.2695539415063,1451.1347928212099,16.13476112029639,19.30495359012921,27.90000000000009,8.650000000000091,19.25,27.90000000000009,25.749999999999982,42892.15,No Signal
250,2023-07-10T00:00:00+05:30,1452.25,1462.15,1440.0,1455.0,29458,0.7015271322714284,1465.3819302581976,1451.4211044640833,13.960825794114271,18.23612803092622,22.15000000000009,2.150000000000091,20.0,22.15000000000009,25.58214285714285,42106.75,No Signal
251,2023-07-11T00:00:00+05:30,1460.4,1471.0,1445.0,1453.7,29220,0.6808398844752581,1463.5847102184748,1451.5899115408179,11.994798677656945,16.987862160272368,26.0,16.0,10.0,26.0,26.157142857142844,40522.75,No Signal
252,2023-07-12T00:00:00+05:30,1458.45,1463.2,1448.65,1451.0,21993,0.7134961760200426,1461.648600954094,1451.5462143896461,10.102386564447897,15.610767041107474,14.549999999999955,9.5,5.0499999999999545,14.549999999999955,25.28571428571427,37297.6,No Signal
253,2023-07-13T00:00:00+05:30,1462.65,1462.65,1432.35,1432.65,25163,0.8741101972004058,1457.1872777303872,1450.1464948052278,7.040782925159419,13.896770217917863,30.300000000000182,11.650000000000091,18.65000000000009,30.300000000000182,25.239285714285707,36706.45,No Signal
254,2023-07-14T00:00:00+05:30,1432.0,1448.55,1430.05,1435.2,18152,0.9703566103770936,1453.80461961802,1449.0393470418776,4.765272576142479,12.070470689562788,18.5,15.899999999999864,2.6000000000001364,18.5,24.274999999999995,35854.1,No Signal
255,2023-07-17T00:00:00+05:30,1437.95,1445.95,1430.35,1440.0,37981,1.020384615023847,1451.6808319844786,1448.3697657795162,3.3110662049623443,10.3185897926427,15.600000000000136,10.75,4.850000000000136,15.600000000000136,23.435714285714294,35424.65,No Signal
256,2023-07-18T00:00:00+05:30,1438.55,1445.5,1425.15,1432.8,36981,1.1009432712680707,1448.776088602251,1447.2164497958483,1.559638806402745,8.56679959539471,20.34999999999991,5.5,14.849999999999909,20.34999999999991,23.882142857142867,35327.85,No Signal
257,2023-07-19T00:00:00+05:30,1430.2,1441.5,1428.05,1435.05,35412,1.160869510631477,1446.6643826634431,1446.3152312924522,0.3491513709909668,6.923269950513961,13.450000000000045,8.700000000000045,4.75,13.450000000000045,23.085714285714307,36000.15,No Signal
258,2023-07-20T00:00:00+05:30,1442.55,1454.15,1435.1,1450.95,39069,1.1411548237003695,1447.3237084075288,1446.6585474930112,0.665160914517628,5.671648143314695,19.050000000000182,19.100000000000136,0.049999999999954525,19.100000000000136,22.6464285714286,34425.85,No Signal
259,2023-07-21T00:00:00+05:30,1448.1,1450.0,1438.0,1449.0,18541,1.1380909250007456,1447.581599421755,1446.8319884194548,0.7496110023002984,4.687240715111815,12.0,0.9500000000000455,12.950000000000045,12.950000000000045,22.071428571428605,33372.55,No Signal
260,2023-07-24T00:00:00+05:30,1447.65,1447.65,1426.0,1442.0,36663,1.1651717620821094,1446.7228918184082,1446.474063351347,0.24882846706123019,3.799558265501698,21.65000000000009,1.349999999999909,23.0,23.0,21.01428571428575,33259.6,No Signal
261,2023-07-25T00:00:00+05:30,1425.05,1444.95,1420.1,1420.3,25371,1.3045219790562834,1442.6578315386532,1444.53524384384,-1.877412305186681,2.6641641513640226,24.850000000000136,2.9500000000000455,21.90000000000009,24.850000000000136,20.907142857142908,33059.9,No Signal
262,2023-07-26T00:00:00+05:30,1425.95,1433.2,1416.0,1420.0,23643,1.4030576883021424,1439.1720113019373,1442.7178183739259,-3.54580707198852,1.422169906693514,17.200000000000045,12.900000000000091,4.2999999999999545,17.200000000000045,20.421428571428628,33142.1,No Signal
263,2023-07-27T00:00:00+05:30,1422.05,1426.55,1396.0,1415.05,61367,1.5044968080941932,1435.4609326401007,1440.6683503462277,-5.207417706126989,0.09625238412941332,30.549999999999955,6.5499999999999545,24.0,30.549999999999955,20.61071428571433,34403.25,No Signal
264,2023-07-28T00:00:00+05:30,1423.6,1439.85,1399.3,1430.0,41367,1.4546523275472356,1434.6207891570084,1439.878102172433,-5.257313015424643,-0.9744606957813979,40.549999999999955,24.799999999999955,15.75,40.549999999999955,21.925000000000036,33267.7,No Signal
265,2023-07-31T00:00:00+05:30,1440.05,1465.0,1440.05,1453.7,92282,1.275198070019773,1437.5560523636225,1440.9019464559565,-3.3458940923339924,-1.4487473750919169,24.950000000000045,35.0,10.049999999999955,35.0,22.56785714285718,35399.95,No Signal
266,2023-08-01T00:00:00+05:30,1466.0,1466.0,1452.1,1460.0,26553,1.1676845253501462,1441.0089673846037,1442.3166170888485,-1.3076497042447954,-1.4205278409224926,13.900000000000091,12.299999999999955,1.6000000000001364,13.900000000000091,22.52142857142862,35203.95,No Signal
267,2023-08-02T00:00:00+05:30,1460.0,1462.9,1416.5,1452.0,125822,1.0323541051781415,1442.69989547928,1443.0339047118966,-0.33400923261660864,-1.2032241192613158,46.40000000000009,2.900000000000091,43.5,46.40000000000009,23.67142857142861,38840.2,Buy
268,2023-08-03T00:00:00+05:30,1449.9,1450.5,1419.7,1437.0,35777,0.9459827274652067,1441.8229884824677,1442.5869488073117,-0.7639603248439926,-1.1153713603778512,30.799999999999955,1.5,32.299999999999955,32.299999999999955,24.657142857142894,39621.7,Buy
269,2023-08-04T00:00:00+05:30,1438.7,1472.0,1426.4,1464.0,53723,0.9501092287442963,1445.234836408242,1444.173100747511,1.061735660731074,-0.6799499561560662,45.59999999999991,35.0,10.599999999999909,45.59999999999991,26.80000000000002,40726.9,Buy
270,2023-08-07T00:00:00+05:30,1463.0,1483.8,1432.0,1474.9,127321,1.0539091583832403,1449.7987077300509,1446.4491673588063,3.3495403712445295,0.12594810932405295,51.799999999999955,19.799999999999955,32.0,51.799999999999955,29.046428571428596,45620.05,Buy
271,2023-08-08T00:00:00+05:30,1474.95,1481.95,1451.55,1479.9,48244,1.183817075239867,1454.4296757715815,1448.9270068137096,5.502668957871947,1.2012922790336318,30.40000000000009,7.0499999999999545,23.350000000000136,30.40000000000009,30.257142857142885,46571.25,Buy
272,2023-08-09T00:00:00+05:30,1476.4,1507.0,1463.05,1505.0,113589,1.4765109446810696,1462.2097256528766,1453.0805618645459,9.129163788330743,2.786866580893054,43.950000000000045,27.09999999999991,16.850000000000136,43.950000000000045,32.03214285714288,51151.05,Buy
273,2023-08-10T00:00:00+05:30,1508.4,1541.95,1488.1,1523.5,167198,1.8264331367610527,1471.638998629357,1458.2968165412462,13.342182088110803,4.897929682336604,53.850000000000136,36.950000000000045,16.90000000000009,53.850000000000136,34.95357142857146,58252.8,Buy
274,2023-08-11T00:00:00+05:30,1532.65,1555.0,1511.0,1545.0,100963,2.236763480941301,1482.9253065325329,1464.719274575228,18.20603195730496,7.559550137330275,44.0,31.5,12.5,44.0,36.45357142857146,62393.35,Buy
275,2023-08-14T00:00:00+05:30,1542.2,1573.75,1510.0,1561.25,163726,2.655343343853337,1494.9752593736816,1471.8696986807665,23.105560692915105,10.668752248447241,63.75,28.75,35.0,63.75,39.232142857142875,68680.6,Buy
276,2023-08-16T00:00:00+05:30,1559.15,1573.0,1545.05,1562.0,45727,2.967406781904639,1505.2867579315769,1478.546017297006,26.740740634570784,13.883149925671951,27.950000000000045,11.75,16.200000000000045,27.950000000000045,40.000000000000014,69117.9,Buy
277,2023-08-17T00:00:00+05:30,1560.0,1589.75,1550.95,1584.05,101421,3.295753158829589,1517.4041797882574,1486.3611271268574,31.043052661399997,17.31513047281756,38.799999999999955,27.75,11.049999999999955,38.799999999999955,40.58928571428573,72418.35,Buy
278,2023-08-18T00:00:00+05:30,1589.9,1589.9,1560.2,1580.0,57036,3.5866570531199113,1527.0343059746792,1493.2973399322752,33.73696604240399,20.59949758673485,29.700000000000045,5.850000000000136,23.84999999999991,29.700000000000045,39.81428571428574,73316.7,Buy
279,2023-08-21T00:00:00+05:30,1580.0,1602.3,1575.05,1595.95,52610,3.84533413776996,1537.636720440113,1500.9012406780325,36.73547976208056,23.82669402180399,27.25,22.299999999999955,4.9500000000000455,27.25,39.26071428571431,75020.15,Buy
280,2023-08-22T00:00:00+05:30,1595.9,1632.0,1579.0,1632.0,108325,4.158381438128108,1552.154148064711,1510.6122598870672,41.54188817764384,27.369732852971964,53.0,36.049999999999955,16.950000000000045,53.0,42.053571428571445,78603.25,Buy
281,2023-08-23T00:00:00+05:30,1632.15,1637.55,1604.25,1636.5,69783,4.378344792885299,1565.1304329778325,1519.9372776732105,45.193155304621996,30.934417343301973,33.299999999999955,5.5499999999999545,27.75,33.299999999999955,41.11785714285715,80823.85,Buy
282,2023-08-24T00:00:00+05:30,1634.15,1651.0,1620.3,1637.05,77074,4.497047828220772,1576.1949817504735,1528.6122941418616,47.58268760861188,34.26407139636395,30.700000000000045,14.5,16.200000000000045,30.700000000000045,41.00357142857144,83495.4,Buy
283,2023-08-25T00:00:00+05:30,1654.55,1659.9,1615.25,1637.0,40219,4.4878094377923,1585.5495999427083,1536.6410130943163,48.908586848391906,37.19297448676954,44.65000000000009,22.850000000000136,21.799999999999955,44.65000000000009,40.93571428571431,82438.0,Buy
284,2023-08-28T00:00:00+05:30,1639.0,1639.0,1610.05,1625.0,38493,4.434892323624356,1591.6188922592146,1543.1861232354781,48.432769023736455,39.440933394162926,28.950000000000045,2.0,26.950000000000045,28.950000000000045,39.30357142857146,82294.3,Buy
285,2023-08-29T00:00:00+05:30,1628.0,1650.0,1617.25,1633.0,49353,4.3856360940901595,1597.9852165270277,1549.8390029958132,48.14621353121447,41.181989421573235,32.75,25.0,7.75,32.75,39.471428571428596,80147.85,Buy
286,2023-08-30T00:00:00+05:30,1625.0,1647.0,1620.3,1640.0,37361,4.32024791838403,1604.4490293690235,1556.5175953664937,47.93143400252984,42.53187833776456,26.700000000000045,14.0,12.700000000000045,26.700000000000045,38.23928571428574,80688.25,Buy
287,2023-08-31T00:00:00+05:30,1645.9,1652.75,1625.0,1639.4,35368,4.155244324406252,1609.826101773789,1562.6570327467534,47.169069027035675,43.459316475618785,27.75,12.75,15.0,27.75,36.375000000000014,76165.55,No Signal
288,2023-09-01T00:00:00+05:30,1633.7,1644.3,1611.0,1638.2,91363,3.790394524553746,1614.1913168855137,1568.2528080988457,45.93850878666808,43.955154937828645,33.299999999999955,4.899999999999864,28.40000000000009,33.299999999999955,35.6107142857143,78944.85,No Signal
289,2023-09-04T00:00:00+05:30,1642.7,1654.95,1621.6,1650.5,204859,3.4929890953190905,1619.7772681338963,1574.3451926841165,45.43207544977986,44.25053904021889,33.350000000000136,16.75,16.600000000000136,33.350000000000136,33.43928571428574,86501.65,No Signal
290,2023-09-05T00:00:00+05:30,1654.0,1675.0,1653.5,1663.9,44519,3.202584439865009,1626.5653807286815,1580.9788821149227,45.58649861375875,44.51773095492686,21.5,24.5,3.0,24.5,33.192857142857164,82361.55,No Signal
291,2023-09-06T00:00:00+05:30,1664.4,1679.95,1643.75,1666.4,92843,2.8472531685313136,1632.6937836934997,1587.3063723286323,45.387411364867376,44.691667036914964,36.200000000000045,16.049999999999955,20.15000000000009,36.200000000000045,33.00714285714288,84591.5,No Signal
292,2023-09-07T00:00:00+05:30,1666.4,1685.0,1654.7,1682.0,73543,2.593260266058335,1640.2793554329612,1594.3207151191039,45.95864031385736,44.94506169230345,30.299999999999955,18.59999999999991,11.700000000000045,30.299999999999955,33.05000000000002,82589.2,No Signal
293,2023-09-08T00:00:00+05:30,1682.0,1691.5,1670.0,1683.0,32132,2.3847978941050596,1646.8517622894287,1600.8895510362072,45.96221125322154,45.14849160448707,21.5,9.5,12.0,21.5,32.639285714285734,75835.9,No Signal
294,2023-09-11T00:00:00+05:30,1683.0,1703.0,1670.05,1693.0,62872,2.2614700092252993,1653.9514911679782,1607.7125472557475,46.23894391223075,45.36658206603581,32.950000000000045,20.0,12.950000000000045,32.950000000000045,31.20714285714288,73931.35,No Signal
295,2023-09-12T00:00:00+05:30,1691.0,1698.05,1636.55,1670.0,73150,2.1146990866239928,1656.4204925267509,1612.3264326442106,44.09405988254025,45.1120776293367,61.5,5.0499999999999545,56.450000000000045,61.5,33.221428571428596,69402.55,No Signal
296,2023-09-13T00:00:00+05:30,1688.7,1688.7,1601.25,1628.9,72301,1.881869764766259,1652.1865705995585,1613.554104300195,38.632466299363614,43.81615536334209,87.45000000000005,18.700000000000045,68.75,87.45000000000005,37.27500000000003,70731.25,Sell
297,2023-09-14T00:00:00+05:30,1639.95,1658.85,1627.65,1650.75,89888,1.6741020210342732,1651.965559738088,1616.3093558335138,35.65620390457411,42.184165071588495,31.199999999999818,29.949999999999818,1.25,31.199999999999818,36.314285714285724,70154.6,No Signal
298,2023-09-15T00:00:00+05:30,1654.45,1664.0,1625.0,1640.75,110815,1.4138772686957375,1650.2400890091512,1618.1197739199201,32.1203150892311,40.17139507511702,39.0,13.25,25.75,39.0,37.03214285714286,72843.55,Sell
299,2023-09-18T00:00:00+05:30,1648.8,1662.05,1602.1,1624.35,26956,1.269720097448566,1646.2569983923588,1618.5812721480743,27.675726244284533,37.672261308950524,59.950000000000045,21.299999999999955,38.65000000000009,59.950000000000045,38.97500000000001,71560.85,Sell
300,2023-09-20T00:00:00+05:30,1620.0,1648.65,1609.6,1642.95,59456,1.235832543761006,1645.748229408919,1620.3863631000688,25.361866308850267,35.21018230893048,39.05000000000018,24.300000000000182,14.75,39.05000000000018,39.857142857142875,69117.4,Sell
301,2023-09-21T00:00:00+05:30,1639.95,1697.8,1627.15,1660.3,159129,1.2179754755784429,1647.9869633460085,1623.34292879636,24.644034549648495,33.096952757074085,70.64999999999986,54.84999999999991,15.799999999999955,70.64999999999986,42.92142857142858,73584.7,Sell
302,2023-09-22T00:00:00+05:30,1659.5,1670.65,1652.65,1660.0,37175,1.2096330593800935,1649.8351228312379,1626.058267404037,23.77685542720087,31.232933291099442,18.0,10.350000000000136,7.649999999999864,18.0,41.828571428571436,71589.75,Sell
303,2023-09-25T00:00:00+05:30,1663.95,1673.6,1648.0,1667.0,140439,1.2035154183965568,1652.4758731648935,1629.0909883370714,23.384884827822134,29.663323598443984,25.59999999999991,13.599999999999909,12.0,25.59999999999991,41.27499999999999,76600.75,Sell
304,2023-09-26T00:00:00+05:30,1666.0,1670.0,1654.35,1660.6,234300,1.144263174681021,1653.725738831833,1631.424989200992,22.300749630840983,28.190808804923385,15.650000000000091,3.0,12.650000000000091,15.650000000000091,40.642857142857146,86391.1,Sell
305,2023-09-27T00:00:00+05:30,1658.45,1667.95,1652.0,1660.0,73104,1.103735978390431,1654.6910097807818,1633.5416566675854,21.149353113196412,26.78251766657799,15.950000000000045,7.350000000000136,8.599999999999909,15.950000000000045,39.19642857142857,87578.65,Sell
306,2023-09-28T00:00:00+05:30,1651.1,1668.7,1582.35,1614.55,181328,1.2559768987799,1648.5154698145077,1632.1348672848012,16.380602529706493,24.702134639203692,86.35000000000014,8.700000000000045,77.65000000000009,86.35000000000014,43.20000000000001,94777.0,Sell
307,2023-09-29T00:00:00+05:30,1625.05,1670.0,1620.15,1627.0,61329,1.287843902667967,1645.2053975353526,1631.7545067451863,13.45089079016634,22.45188586939622,49.84999999999991,55.450000000000045,5.600000000000136,55.450000000000045,45.625000000000014,96075.05,Sell
308,2023-10-03T00:00:00+05:30,1625.05,1660.95,1620.05,1649.85,91433,1.2512925417275749,1645.919951760683,1633.0949136529503,12.82503810773278,20.526516317063535,40.90000000000009,33.950000000000045,6.9500000000000455,40.90000000000009,46.192857142857164,96078.55,Sell
309,2023-10-04T00:00:00+05:30,1649.85,1655.9,1630.0,1652.8,29925,1.2479242698986879,1646.978420720578,1634.5545496786576,12.423871041920393,18.90598726203491,25.90000000000009,6.050000000000182,19.84999999999991,25.90000000000009,43.65000000000003,87331.85,Sell
310,2023-10-05T00:00:00+05:30,1640.5,1659.2,1638.05,1652.3,34191,1.2420429756684275,1647.7971252251045,1635.8690274802386,11.928097744865909,17.51040935860111,21.15000000000009,6.400000000000091,14.75,21.15000000000009,38.91428571428575,86815.45,Sell
311,2023-10-06T00:00:00+05:30,1660.95,1660.95,1645.4,1651.0,126938,1.2315815298754085,1648.2898751904731,1636.9898402594802,11.300034930992979,16.268334473079484,15.549999999999955,8.650000000000091,6.899999999999864,15.549999999999955,37.79642857142861,88520.2,No Signal
312,2023-10-09T00:00:00+05:30,1626.0,1652.0,1620.0,1645.0,202698,1.1710797968915638,1647.783740545785,1637.5831854254445,10.200555120340368,15.054778602531663,32.0,1.0,31.0,32.0,37.29642857142861,94977.95,No Signal
313,2023-10-10T00:00:00+05:30,1638.55,1666.2,1638.55,1661.0,69245,1.0817414920924726,1649.8170112310488,1639.317764282819,10.499246948229711,14.143672271671273,27.65000000000009,21.200000000000045,6.4500000000000455,27.65000000000009,34.98928571428576,96833.6,No Signal
314,2023-10-11T00:00:00+05:30,1668.9,1681.0,1655.0,1672.5,51977,0.9498407333773502,1653.3067018108875,1641.775707669277,11.530994141610563,13.621136645659131,26.0,20.0,6.0,26.0,34.057142857142885,96288.85,No Signal
315,2023-10-12T00:00:00+05:30,1679.4,1733.0,1659.75,1715.95,627114,1.245414202403654,1662.94413230152,1647.270099693775,15.674032607745175,14.031715838076341,73.25,60.5,12.75,73.25,34.24285714285718,123987.05,No Signal
316,2023-10-13T00:00:00+05:30,1716.0,1725.35,1688.0,1715.05,71218,1.4511707318357012,1670.9604196397477,1652.2908330497917,18.669586589955998,14.959289988452273,37.34999999999991,9.399999999999864,27.950000000000045,37.34999999999991,35.625000000000036,123932.9,No Signal
317,2023-10-16T00:00:00+05:30,1710.0,1710.3,1681.25,1692.7,32219,1.5444121227119771,1674.304970464402,1655.284104675733,19.02086578866897,15.771605148495613,29.049999999999955,4.75,33.799999999999955,33.799999999999955,36.210714285714324,121049.45,No Signal
318,2023-10-17T00:00:00+05:30,1701.15,1709.9,1665.0,1670.0,37084,1.552520880665884,1673.6426673160324,1656.374170996049,17.268496319983342,16.07098338279316,44.90000000000009,17.200000000000045,27.700000000000045,44.90000000000009,38.30000000000003,117362.9,No Signal
319,2023-10-18T00:00:00+05:30,1684.9,1684.9,1626.25,1649.65,128994,1.4971234437752123,1669.9514877289505,1655.876084255601,14.075403473349525,15.671867400904434,58.65000000000009,14.900000000000091,43.75,58.65000000000009,41.35000000000004,122464.8,Sell
320,2023-10-19T00:00:00+05:30,1645.0,1662.65,1640.0,1661.5,173497,1.4642753463409575,1668.6512588475734,1656.292670607038,12.358588240535482,15.009211568830645,22.65000000000009,13.0,9.650000000000091,22.65000000000009,36.80000000000003,128166.85,No Signal
321,2023-10-20T00:00:00+05:30,1654.5,1664.0,1609.0,1645.2,52741,1.4961732841420619,1665.0433728710236,1655.470991302813,9.57238156821063,13.921845568706644,55.0,2.5,52.5,55.0,36.767857142857174,122847.45,No Signal
322,2023-10-23T00:00:00+05:30,1651.9,1657.75,1638.0,1643.55,74839,1.5168057886373478,1661.7367001216353,1654.587954910012,7.148745211623236,12.567225497289963,19.75,12.549999999999955,7.2000000000000455,19.75,35.25714285714288,124730.65,No Signal
323,2023-10-25T00:00:00+05:30,1651.75,1670.0,1621.0,1651.85,97634,1.5102610310920066,1660.2156693336915,1654.3851434351964,5.830525898495125,11.219885577530995,49.0,26.450000000000045,22.549999999999955,49.0,36.90714285714288,122590.4,No Signal
324,2023-10-26T00:00:00+05:30,1647.8,1647.8,1605.05,1624.7,124981,1.6086021926488732,1654.7517202054312,1652.186243921478,2.565476283953103,9.489003718815416,42.75,4.0499999999999545,46.799999999999955,46.799999999999955,38.73928571428572,117124.45,Sell
325,2023-10-27T00:00:00+05:30,1622.0,1653.0,1618.3,1649.85,40323,1.587334457813554,1653.9976094045956,1652.0131888161834,1.9844205884121493,7.988087092734763,34.700000000000045,28.299999999999955,6.400000000000091,34.700000000000045,40.107142857142875,115485.4,Sell
326,2023-10-30T00:00:00+05:30,1654.95,1654.95,1596.25,1628.0,16237,1.5470885036476372,1649.997977188504,1650.2344340890586,-0.2364569005546855,6.343178294076874,58.700000000000045,5.100000000000136,53.59999999999991,58.700000000000045,42.014285714285734,107230.85,Sell
327,2023-10-31T00:00:00+05:30,1628.0,1654.85,1609.4,1633.0,96656,1.5206061113325282,1647.3829037748878,1648.957809341721,-1.5749055668331948,4.75956152189486,45.44999999999982,26.84999999999991,18.59999999999991,45.44999999999982,43.285714285714285,108997.2,Sell
328,2023-11-01T00:00:00+05:30,1627.3,1638.0,1590.0,1612.65,19759,1.6624809166972145,1642.0393801172129,1646.268341983075,-4.228961865862175,2.9618568443434534,48.0,5.0,43.0,48.0,44.857142857142854,105413.5,Sell
329,2023-11-02T00:00:00+05:30,1609.35,1620.6,1578.4,1606.0,38093,1.8111786342425682,1636.4948600991802,1643.2855018361806,-6.790641737000442,1.0113571280746745,42.19999999999982,7.949999999999818,34.25,42.19999999999982,42.6392857142857,105821.9,Sell
330,2023-11-03T00:00:00+05:30,1613.0,1630.0,1550.0,1618.1,158851,1.8652681606230341,1633.6648816223833,1641.4199091075745,-7.755027485191249,-0.7419197945785102,80.0,24.0,56.0,80.0,45.685714285714276,112054.9,Sell
331,2023-11-06T00:00:00+05:30,1604.0,1614.95,1552.0,1566.5,83096,2.2839572605362544,1623.3318229112474,1635.8702862107173,-12.538463299469868,-3.1012284955567817,62.950000000000045,3.1499999999998636,66.09999999999991,66.09999999999991,47.99285714285713,109862.8,Sell
332,2023-11-07T00:00:00+05:30,1566.5,1578.0,1525.0,1569.3,139634,2.5422109323531927,1615.0192347710554,1630.9391538988123,-15.919919127756884,-5.664966621996802,53.0,11.5,41.5,53.0,48.571428571428555,106709.6,Sell
333,2023-11-08T00:00:00+05:30,1572.2,1597.95,1546.9,1592.85,53260,2.5918572631909496,1611.6085832678161,1628.117735091493,-16.509151823676802,-7.8338036623328025,51.049999999999955,28.65000000000009,22.399999999999864,51.049999999999955,48.028571428571404,105910.35,Sell
334,2023-11-09T00:00:00+05:30,1596.1,1597.65,1564.9,1589.6,53381,2.648654159441265,1608.2226473804599,1625.26456952916,-17.041922148700223,-9.675427359606287,32.75,4.800000000000182,27.949999999999818,32.75,48.749999999999964,105980.55,Sell
335,2023-11-10T00:00:00+05:30,1592.85,1601.65,1573.65,1582.6,76027,2.488289379923947,1604.28070162962,1622.1042310455186,-17.823529415898747,-11.30504777086478,28.0,12.050000000000182,15.949999999999818,28.0,46.82142857142854,78426.2,Sell
336,2023-11-12T00:00:00+05:30,1597.45,1599.0,1571.05,1580.8,6144,2.238240131212669,1600.6682859942937,1619.0446583754801,-18.376372381186457,-12.719312692929115,27.950000000000045,16.40000000000009,11.549999999999955,27.950000000000045,47.40714285714283,75172.5,Sell
337,2023-11-13T00:00:00+05:30,1584.2,1598.55,1552.75,1552.75,22835,2.240767949330078,1593.2962419951716,1614.1339429402594,-20.837700945087818,-14.342990343360857,45.799999999999955,17.75,28.049999999999955,45.799999999999955,47.178571428571395,74703.3,Sell
338,2023-11-15T00:00:00+05:30,1593.0,1609.0,1573.0,1597.7,31847,2.041815836686396,1593.9737432266836,1612.9166138335736,-18.942870606889983,-15.262966396066682,36.0,56.25,20.25,56.25,47.8535714285714,74441.45,Sell
339,2023-11-16T00:00:00+05:30,1600.0,1614.5,1593.0,1611.15,24993,1.951924928220685,1596.6162442687323,1612.7857535496053,-16.169509280872944,-15.444274973027936,21.5,16.799999999999955,4.7000000000000455,21.5,46.910714285714256,69241.4,Sell
340,2023-11-17T00:00:00+05:30,1610.05,1617.35,1580.0,1588.95,20701,1.8516282547553626,1595.4368220735428,1611.0201421755605,-15.583320102017751,-15.4720839988259,37.34999999999991,6.199999999999818,31.15000000000009,37.34999999999991,45.38571428571424,61601.6,Sell
341,2023-11-20T00:00:00+05:30,1590.65,1596.85,1573.4,1585.4,24337,1.7902460513762226,1593.89269560069,1609.1223538662598,-15.229658265569697,-15.42359885217466,23.449999999999818,7.899999999999864,15.549999999999955,23.449999999999818,43.814285714285674,60181.4,No Signal
342,2023-11-21T00:00:00+05:30,1587.1,1592.9,1565.0,1566.0,30997,1.7897959254548579,1589.6015116621224,1605.928105431722,-16.32659376959964,-15.604197835659656,27.90000000000009,7.5,20.40000000000009,27.90000000000009,42.37857142857139,57989.3,No Signal
343,2023-11-22T00:00:00+05:30,1577.0,1590.0,1563.15,1575.5,43397,1.6348797413248024,1587.4320483294882,1603.674171696039,-16.242123366550686,-15.731782941837864,26.84999999999991,24.0,2.849999999999909,26.84999999999991,41.28214285714283,55277.45,No Signal
344,2023-11-23T00:00:00+05:30,1580.3,1582.8,1552.8,1557.35,22970,1.687709400853262,1582.8040408941824,1600.2427515704064,-17.43871067622399,-16.07316848871509,30.0,7.2999999999999545,22.700000000000045,30.0,37.71071428571425,50176.9,No Signal
345,2023-11-24T00:00:00+05:30,1574.7,1574.95,1547.25,1560.85,43490,1.5109334327481465,1579.4264961412314,1597.3247699725985,-17.898273831367078,-16.43818955724549,27.700000000000045,17.600000000000136,10.099999999999909,27.700000000000045,34.96785714285712,50335.25,No Signal
346,2023-11-28T00:00:00+05:30,1568.75,1568.75,1545.0,1545.0,18424,1.5285605454687354,1574.1301121195036,1593.4488610857393,-19.318748966235717,-17.014301439043535,23.75,7.900000000000091,15.849999999999909,23.75,32.87857142857141,50444.6,No Signal
347,2023-11-29T00:00:00+05:30,1555.2,1559.95,1543.0,1547.9,13798,1.4246366736443221,1570.0947102549646,1590.0748713756846,-19.980161120719913,-17.607473375378813,16.950000000000045,14.950000000000045,2.0,16.950000000000045,30.44285714285713,46301.7,No Signal
348,2023-11-30T00:00:00+05:30,1545.0,1590.0,1542.25,1571.25,27434,1.3216058947780571,1570.2724471388162,1588.6804364589673,-18.407989320151046,-17.76757656433326,47.75,42.09999999999991,5.650000000000091,47.75,31.514285714285702,46685.45,No Signal
349,2023-12-01T00:00:00+05:30,1550.15,1556.95,1405.1,1416.0,1098703,2.8961395584885707,1546.5382245020753,1575.8892930175623,-29.351068515486986,-20.08427495456401,151.85000000000014,14.299999999999955,166.1500000000001,166.1500000000001,41.38214285714285,99715.95,No Signal
350,2023-12-04T00:00:00+05:30,1425.0,1439.0,1300.05,1321.05,1201755,5.1068876589439105,1511.847728424833,1557.0123083495946,-45.16457992476171,-25.10033594860355,138.95000000000005,23.0,115.95000000000005,138.95000000000005,49.310714285714276,151861.15,Sell
351,2023-12-05T00:00:00+05:30,1311.05,1365.0,1311.05,1349.3,596310,6.031297090802874,1486.8403855902432,1541.6262114348099,-54.785825844566716,-31.037433927796187,53.950000000000045,43.950000000000045,10.0,53.950000000000045,49.892857142857146,177521.85,Sell
352,2023-12-06T00:00:00+05:30,1357.8,1364.95,1329.2,1335.5,193583,6.988284670807519,1463.5572493455904,1526.3576031803796,-62.80035383478912,-37.390017909194775,35.75,15.650000000000091,20.09999999999991,35.75,48.42857142857143,180219.3,Sell
353,2023-12-07T00:00:00+05:30,1342.5,1349.0,1316.2,1321.0,266228,7.8107750291367335,1441.6253648308843,1511.1459288707217,-69.52056403983738,-43.8161271353233,32.799999999999955,13.5,19.299999999999955,32.799999999999955,49.23571428571428,190867.7,Sell
354,2023-12-08T00:00:00+05:30,1334.8,1334.8,1293.0,1312.35,346766,8.4830000518854,1421.7368471645943,1496.4203045099275,-74.68345734533318,-49.989593177325276,41.799999999999955,13.799999999999955,28.0,41.799999999999955,49.55357142857143,205536.95,Sell
355,2023-12-11T00:00:00+05:30,1324.8,1344.3,1310.0,1337.7,363422,8.6419494019133,1408.8081014469644,1484.6632449165995,-75.8551434696351,-55.16270323578724,34.299999999999955,31.950000000000045,2.349999999999909,34.299999999999955,50.328571428571436,219906.7,Sell
356,2023-12-12T00:00:00+05:30,1340.5,1358.7,1328.1,1335.7,351785,8.880013138164184,1397.5607012243545,1473.628930478333,-76.06822925397842,-59.34380843942548,30.600000000000136,21.0,9.600000000000136,30.600000000000136,50.52142857142859,237188.75,Sell
357,2023-12-13T00:00:00+05:30,1349.0,1352.95,1320.0,1331.5,296072,9.139229108256025,1387.3975164206076,1463.100861554012,-75.70334513340435,-62.61571577822126,32.950000000000045,17.25,15.700000000000045,32.950000000000045,50.95714285714288,250850.6,Sell
358,2023-12-14T00:00:00+05:30,1346.95,1365.0,1335.0,1335.75,187715,9.068355918515959,1379.4517446635912,1453.667464401863,-74.2157197382719,-64.93571657023139,30.0,33.5,3.5,33.5,51.20714285714288,258644.0,Sell
359,2023-12-15T00:00:00+05:30,1347.85,1357.35,1341.1,1347.05,130145,8.729099852114015,1374.4668608691925,1445.7698744461695,-71.30301357697704,-66.20917597158052,16.25,21.59999999999991,5.349999999999909,21.59999999999991,50.77142857142859,263901.6,Sell
360,2023-12-18T00:00:00+05:30,1347.1,1362.7,1340.05,1345.3,181573,8.484082147746546,1369.9796515047012,1438.327661524231,-68.34801001952974,-66.63694278117036,22.65000000000009,15.650000000000091,7.0,22.65000000000009,50.692857142857164,271945.2,Sell
361,2023-12-19T00:00:00+05:30,1345.55,1373.0,1345.55,1359.45,192253,8.017840235558461,1368.3597051193626,1432.4848717816953,-64.12516666233273,-66.13458755740284,27.450000000000045,27.700000000000045,0.25,27.700000000000045,51.4607142857143,280341.0,Buy
362,2023-12-20T00:00:00+05:30,1359.45,1380.0,1345.0,1348.65,171843,7.730570638760065,1365.3274427933068,1426.2748812793475,-60.94743848604071,-65.09715774313042,35.0,20.549999999999955,14.450000000000045,35.0,50.55000000000002,287383.3,Buy
363,2023-12-21T00:00:00+05:30,1337.5,1361.95,1330.4,1360.0,89602,7.123468449404935,1364.507836209721,1421.3656308142106,-56.85779460448953,-63.44928511540225,31.549999999999955,13.299999999999955,18.25,31.549999999999955,40.9357142857143,289693.55,No Signal
364,2023-12-22T00:00:00+05:30,1360.0,1372.0,1353.5,1359.25,47209,6.581379772525317,1363.6989383313023,1416.764472976121,-53.06553464481863,-61.37253502128553,18.5,12.0,6.5,18.5,32.33214285714286,290905.5,No Signal
365,2023-12-26T00:00:00+05:30,1366.0,1367.9,1360.0,1362.9,38557,5.842222341981073,1363.5760247418712,1412.7745120149268,-49.19848727305566,-58.93772547163956,7.900000000000091,8.650000000000091,0.75,8.650000000000091,29.096428571428582,290658.85,No Signal
366,2023-12-27T00:00:00+05:30,1363.0,1370.0,1348.8,1358.0,65745,5.093252688250915,1362.7181747815832,1408.7171407545618,-45.99896597297857,-56.34997357190736,21.200000000000045,7.099999999999909,14.100000000000136,21.200000000000045,28.05714285714287,293024.9,No Signal
367,2023-12-28T00:00:00+05:30,1356.0,1364.8,1353.2,1361.35,90893,4.014680786326123,1362.5076863536474,1405.2084636616312,-42.7007773079838,-53.620134319122656,11.599999999999909,6.7999999999999545,4.7999999999999545,11.599999999999909,26.54285714285715,296879.65,No Signal
368,2023-12-29T00:00:00+05:30,1361.0,1369.25,1352.3,1366.85,52198,1.6318425157472136,1363.1757346069323,1402.367095982992,-39.191361376059604,-50.73437973051005,16.950000000000045,7.900000000000091,9.049999999999955,16.950000000000045,24.76785714285716,298117.85,No Signal
369,2024-01-01T00:00:00+05:30,1369.0,1375.3,1360.25,1363.55,44624,1.1846025793775345,1363.2333138981735,1399.4917555398074,-36.25844164163391,-47.83919211273482,15.049999999999955,8.450000000000045,6.599999999999909,15.049999999999955,23.39285714285716,245413.9,No Signal
370,2024-01-02T00:00:00+05:30,1363.55,1374.0,1350.0,1355.05,68670,1.1211691730795355,1361.9743425292238,1396.1997736479698,-34.22543111874597,-45.11643991393706,24.0,10.450000000000045,13.549999999999955,24.0,22.921428571428578,188759.65,No Signal
371,2024-01-03T00:00:00+05:30,1359.45,1367.0,1355.9,1364.0,47454,1.146822713152009,1362.2859821401125,1393.8146052296017,-31.5286230894892,-42.398876549047486,11.099999999999909,11.950000000000045,0.8500000000001364,11.950000000000045,21.421428571428578,161316.85,No Signal
372,2024-01-04T00:00:00+05:30,1364.5,1373.0,1351.95,1356.25,83477,1.1394510202828663,1361.357369503172,1391.032041879261,-29.674672376088893,-39.85403571445577,21.049999999999955,9.0,12.049999999999955,21.049999999999955,20.532142857142862,155811.55,No Signal
373,2024-01-05T00:00:00+05:30,1359.9,1370.85,1353.7,1364.05,171282,1.0476746336837328,1361.7716203488378,1389.0333721104269,-27.26175176158904,-37.33557892388242,17.149999999999864,14.599999999999909,2.5499999999999545,17.149999999999864,20.214285714285715,151064.25,No Signal
374,2024-01-08T00:00:00+05:30,1371.0,1381.0,1355.0,1359.9,104746,0.8143714708552007,1361.483678756709,1386.8753445466916,-25.391665789982653,-34.94679629710247,26.0,16.950000000000045,9.049999999999955,26.0,20.453571428571422,138963.25,No Signal
375,2024-01-09T00:00:00+05:30,1366.5,1379.1,1358.8,1366.45,84641,0.7875842970646045,1362.2477281787537,1385.3623560617516,-23.114627882997866,-32.580362614281555,20.299999999999955,19.199999999999818,1.1000000000001364,20.299999999999955,19.924999999999986,125024.2,No Signal
376,2024-01-10T00:00:00+05:30,1369.0,1369.0,1349.45,1352.25,30820,0.7238303422519844,1360.7096161512532,1382.9095889460664,-22.19997279481322,-30.50428465038789,19.549999999999955,2.5499999999999545,17.0,19.549999999999955,18.821428571428555,108975.95,No Signal
377,2024-01-11T00:00:00+05:30,1355.9,1360.55,1345.1,1355.2,43556,0.5860322271570928,1359.8619828972141,1380.8570268019132,-20.99504390469906,-28.60243650125013,15.450000000000045,8.299999999999955,7.150000000000091,15.450000000000045,17.67142857142856,96350.15,No Signal
378,2024-01-12T00:00:00+05:30,1355.2,1365.35,1351.15,1356.0,53850,0.4554858074597364,1359.267831682258,1379.015765557327,-19.747933875069066,-26.831535976013917,14.199999999999818,10.149999999999864,4.0499999999999545,14.199999999999818,17.364285714285693,89656.9,No Signal
379,2024-01-15T00:00:00+05:30,1362.0,1363.9,1350.95,1359.6,67022,0.41253077329374677,1359.3189345003723,1377.5775607012288,-18.258626200856497,-25.116954020982433,12.950000000000045,7.900000000000091,5.0499999999999545,12.950000000000045,17.671428571428546,86500.75,No Signal
380,2024-01-16T00:00:00+05:30,1360.0,1386.5,1353.0,1377.75,158047,0.44935471107328834,1362.1544830387766,1377.5903339826193,-15.435850943842752,-23.1807334055545,33.5,26.90000000000009,6.599999999999909,33.5,18.549999999999972,85324.45,No Signal
381,2024-01-17T00:00:00+05:30,1374.85,1386.95,1362.0,1378.8,234430,0.5391782547408375,1364.7153318020416,1377.6799388727957,-12.964607070754028,-21.137508138594406,24.950000000000045,9.200000000000045,15.75,24.950000000000045,19.50357142857141,87433.3,No Signal
382,2024-01-18T00:00:00+05:30,1377.0,1399.6,1350.25,1380.8,210708,0.5801135069481309,1367.1898961401891,1377.9110545118479,-10.721158371658703,-19.054238185207264,49.34999999999991,20.799999999999955,28.549999999999955,49.34999999999991,21.817857142857115,89376.55,No Signal
383,2024-01-19T00:00:00+05:30,1387.0,1387.0,1354.0,1355.8,49220,0.6006912014531196,1365.4376044263138,1376.2731986220813,-10.835594195767499,-17.410509387319312,33.0,6.2000000000000455,26.799999999999955,33.0,23.099999999999973,87357.45,Buy
384,2024-01-20T00:00:00+05:30,1357.7,1372.05,1350.05,1354.7,27273,0.6132161828848437,1363.785665283804,1374.6751839093345,-10.8895186255304,-16.10631123496153,22.0,16.25,5.75,22.0,22.95714285714283,86360.65,Buy
385,2024-01-23T00:00:00+05:30,1356.0,1359.5,1301.0,1308.45,74075,1.1199591018140542,1355.2724860093726,1369.7696147308652,-14.497128721492572,-15.784474732267741,58.5,4.7999999999999545,53.700000000000045,58.5,26.282142857142826,88136.55,Buy
386,2024-01-24T00:00:00+05:30,1323.95,1346.65,1310.05,1339.75,42273,1.1435849715261366,1352.8844112386998,1367.545939565616,-14.661528326916141,-15.559885451197422,36.600000000000136,38.200000000000045,1.599999999999909,38.200000000000045,27.507142857142835,86962.95,Buy
387,2024-01-25T00:00:00+05:30,1339.75,1346.2,1315.0,1317.0,34337,1.361054092423039,1347.363732586592,1363.8017958940889,-16.438063307496805,-15.7355210224573,31.200000000000045,6.4500000000000455,24.75,31.200000000000045,28.510714285714275,84135.15,Sell
388,2024-01-29T00:00:00+05:30,1323.8,1337.1,1313.8,1337.1,80211,1.3657787209515249,1345.7846968040394,1361.8238850871194,-16.039188283079966,-15.796254474581835,23.299999999999955,20.09999999999991,3.2000000000000455,23.299999999999955,28.31785714285713,85535.8,Sell
389,2024-01-30T00:00:00+05:30,1345.0,1348.0,1306.1,1309.1,88534,1.5903307344152104,1340.1408972957256,1357.9184121177032,-17.777514821977547,-16.19250654406098,41.90000000000009,10.900000000000091,31.0,41.90000000000009,29.860714285714284,87731.3,Sell
390,2024-01-31T00:00:00+05:30,1316.0,1352.0,1313.15,1348.65,83761,1.5441611024227206,1341.44999001946,1357.2318630719474,-15.781873052487299,-16.110379845746245,38.84999999999991,42.90000000000009,4.050000000000182,42.90000000000009,31.528571428571436,88485.85,Buy
391,2024-02-01T00:00:00+05:30,1349.0,1350.55,1334.95,1343.0,79112,1.542951940676046,1341.6884530933892,1356.177650992544,-14.48919789915476,-15.786143456427949,15.599999999999909,1.8999999999998636,13.700000000000045,15.599999999999909,31.53928571428571,90068.75,Buy
392,2024-02-02T00:00:00+05:30,1345.4,1389.0,1338.15,1346.8,159213,1.537294740553102,1342.4748449251754,1355.4830101782813,-13.008165253105972,-15.230547815763554,50.84999999999991,46.0,4.849999999999909,50.84999999999991,34.15714285714286,93855.55,Buy
393,2024-02-05T00:00:00+05:30,1345.0,1370.15,1335.05,1354.5,71646,1.51241813331248,1344.3248687828407,1355.4101946095197,-11.085325826679082,-14.40150341794666,35.100000000000136,23.350000000000136,11.75,35.100000000000136,35.73928571428572,88873.75,Buy
394,2024-02-06T00:00:00+05:30,1360.0,1373.6,1353.15,1367.1,51434,1.5162879213115856,1347.8287351239421,1356.2761061199258,-8.447370995983647,-13.210676933554058,20.449999999999818,19.09999999999991,1.349999999999909,20.449999999999818,34.80714285714286,86208.15,Buy
395,2024-02-07T00:00:00+05:30,1367.1,1376.1,1363.1,1373.5,57972,1.5342442886120666,1351.7781604894894,1357.5519501110423,-5.773789621552851,-11.723299471153817,13.0,9.0,4.0,13.0,33.95357142857142,84874.7,Buy
396,2024-02-08T00:00:00+05:30,1365.3,1372.55,1352.65,1364.8,45061,1.560969829415121,1353.7815204141834,1358.0888426954095,-4.3073222812261065,-10.240104033168276,19.899999999999864,0.9500000000000455,20.84999999999991,20.84999999999991,31.917857142857137,85586.75,Buy
397,2024-02-09T00:00:00+05:30,1364.7,1364.8,1343.05,1358.55,50513,1.5714197602155544,1354.5151326581552,1358.1230024957495,-3.6078698375943077,-8.913657194053483,21.75,0.0,21.75,21.75,31.114285714285707,85934.6,Buy
398,2024-02-12T00:00:00+05:30,1358.55,1358.55,1342.65,1350.25,50466,1.5793132260475782,1353.8589584030544,1357.5398171256938,-3.680858722639414,-7.8670974997706695,15.899999999999864,0.0,15.899999999999864,15.899999999999864,30.678571428571413,85765.4,Buy
399,2024-02-13T00:00:00+05:30,1350.2,1356.8,1327.65,1342.75,46163,1.5872167527436556,1352.1498878795076,1356.444275116383,-4.2943872368755365,-7.152555447191643,29.149999999999864,6.5499999999999545,22.59999999999991,29.149999999999864,28.58214285714283,84722.45,Buy
400,2024-02-14T00:00:00+05:30,1330.0,1345.3,1327.6,1342.8,20819,1.5168824549097433,1350.7114435903525,1355.4335880707251,-4.722144480372663,-6.6664732538278475,17.700000000000045,2.5499999999999545,15.150000000000091,17.700000000000045,27.117857142857115,77861.05,No Signal
401,2024-02-15T00:00:00+05:30,1345.0,1349.3,1325.2,1333.15,26499,1.4515796225814448,1348.0096830379905,1353.782951917338,-5.773268879347597,-6.487832378931798,24.09999999999991,6.5,17.59999999999991,24.09999999999991,26.61071428571425,67464.5,No Signal
402,2024-02-16T00:00:00+05:30,1326.7,1344.55,1326.7,1332.15,26287,1.3361170003190708,1345.5697318013765,1352.1805110345724,-6.610779233195899,-6.512421749784618,17.84999999999991,11.399999999999864,6.4500000000000455,17.84999999999991,26.221428571428532,58243.45,No Signal
403,2024-02-19T00:00:00+05:30,1338.1,1340.85,1324.35,1331.2,26162,1.3364146233025764,1343.359003831934,1350.6263991060855,-7.267395274151568,-6.663416454658009,16.5,8.699999999999818,7.800000000000182,16.5,24.407142857142812,57090.55,No Signal
404,2024-02-20T00:00:00+05:30,1280.0,1324.0,1268.0,1286.7,4640800,1.6709721306527061,1334.6422340116364,1345.8911102834124,-11.248876271775998,-7.580508418081607,56.0,7.2000000000000455,63.200000000000045,63.200000000000045,25.857142857142808,287766.9,No Signal
405,2024-02-21T00:00:00+05:30,1289.8,1294.8,1253.1,1258.8,684538,2.17135646061311,1322.9741980098463,1339.4399169290857,-16.465718919239407,-9.357550518313166,41.700000000000045,8.099999999999909,33.600000000000136,41.700000000000045,27.721428571428532,318290.05,No Signal
406,2024-02-22T00:00:00+05:30,1258.8,1270.0,1228.0,1266.65,798655,2.4868255170338864,1314.3089367775622,1334.0480712306348,-19.739134453072666,-11.433867305265068,42.0,11.200000000000045,30.799999999999955,42.0,27.089285714285683,356109.15,No Signal
407,2024-02-23T00:00:00+05:30,1270.0,1284.95,1245.75,1277.65,857048,2.6389992180605195,1308.669100350245,1329.8704363246618,-21.201335974416907,-13.387361039095437,39.200000000000045,18.299999999999955,20.90000000000009,39.200000000000045,27.382142857142817,397244.7,No Signal
408,2024-02-26T00:00:00+05:30,1272.4,1273.2,1250.0,1260.8,215895,2.9475081940619003,1301.3046233732841,1324.7541077080202,-23.4494843347361,-15.39978569822357,23.200000000000045,4.4500000000000455,27.65000000000009,27.65000000000009,27.89642857142855,404028.9,No Signal
409,2024-02-27T00:00:00+05:30,1215.0,1273.9,1186.1,1263.2,1797871,3.1417286322533355,1295.442373623548,1320.1945441740927,-24.752170550544633,-17.27026266868778,87.80000000000018,13.100000000000136,74.70000000000005,87.80000000000018,33.23928571428571,489495.75,Sell
410,2024-02-28T00:00:00+05:30,1260.0,1290.0,1247.65,1285.0,404123,3.1323511213506365,1293.8358546045406,1317.5875409019377,-23.7516862973971,-18.566547394429644,42.34999999999991,26.799999999999955,15.549999999999955,42.34999999999991,34.77499999999999,505513.85,Sell
411,2024-02-29T00:00:00+05:30,1285.0,1286.2,1252.0,1256.95,190075,3.3751953872360225,1288.1611077423036,1313.0958712054978,-24.93476346319426,-19.840190608182567,34.200000000000045,1.2000000000000455,33.0,34.200000000000045,35.66428571428571,511062.0,Sell
412,2024-03-01T00:00:00+05:30,1265.8,1281.9,1211.05,1240.6,154635,3.638957970089211,1280.8440142434877,1307.7258066717573,-26.88179242826959,-21.248510972199973,70.85000000000014,24.950000000000045,45.90000000000009,70.85000000000014,39.58928571428573,510833.1,Sell
413,2024-03-02T00:00:00+05:30,1249.45,1250.0,1241.0,1245.2,12985,3.724178095366211,1275.3603197444895,1303.0942654368123,-27.733945692322777,-22.545597916224537,9.0,9.400000000000091,0.40000000000009095,9.400000000000091,38.17857142857146,507900.05,Sell
414,2024-03-04T00:00:00+05:30,1247.0,1265.2,1220.15,1243.15,121077,3.715195789500193,1270.404885937645,1298.65394947853,-28.24906354088489,-23.686291041156608,45.049999999999955,20.0,25.049999999999955,45.049999999999955,40.13214285714288,511382.2,Sell
415,2024-03-05T00:00:00+05:30,1248.0,1269.1,1240.0,1254.55,203904,3.5008192887009586,1267.9656727164688,1295.386990257898,-27.42131754142929,-24.433296341211147,29.09999999999991,25.949999999999818,3.150000000000091,29.09999999999991,40.48928571428574,518678.8,Sell
416,2024-03-06T00:00:00+05:30,1255.5,1258.85,1223.35,1246.8,108467,3.3599887529730013,1264.7094153754736,1291.7879539424982,-27.07853856702468,-24.962344786373855,35.5,4.2999999999999545,31.200000000000045,35.5,41.750000000000036,521849.1,Sell
417,2024-03-07T00:00:00+05:30,1250.0,1265.8,1241.35,1261.1,81773,3.0861949016543355,1264.1541207023238,1289.5147721689798,-25.36065146665601,-25.042006122430287,24.450000000000045,19.0,5.4500000000000455,24.450000000000045,42.31785714285718,523412.1,Sell
418,2024-03-11T00:00:00+05:30,1266.05,1268.9,1236.55,1259.1,150495,2.8572735801239375,1263.3765636711971,1287.2618260823888,-23.88526241119166,-24.810657380182562,32.350000000000136,7.800000000000182,24.549999999999955,32.350000000000136,40.11428571428576,528413.55,Buy
419,2024-03-12T00:00:00+05:30,1260.3,1264.1,1239.2,1253.9,117190,2.6409982995446484,1261.9186307987052,1284.7905797059154,-22.871948907210253,-24.4229156855881,24.899999999999864,5.0,19.899999999999864,24.899999999999864,38.91428571428575,531964.9,Buy
420,2024-03-13T00:00:00+05:30,1254.95,1265.1,1245.05,1259.6,391468,2.312862207833799,1261.5619183681351,1282.9246108388106,-21.362692470675483,-23.81087104260558,20.049999999999955,11.199999999999818,8.850000000000136,20.049999999999955,37.346428571428596,550497.35,Buy
421,2024-03-14T00:00:00+05:30,1262.4,1265.0,1233.3,1257.95,87755,2.007957544342586,1261.0062386191912,1281.0746396655654,-20.06840104637422,-23.06237704335931,31.700000000000045,5.400000000000091,26.299999999999955,31.700000000000045,36.81071428571431,553560.15,Buy
422,2024-03-15T00:00:00+05:30,1256.0,1257.75,1222.0,1229.4,255580,1.748006022449896,1256.143740370085,1277.2468885792273,-21.10314820914232,-22.670531276515913,35.75,0.20000000000004547,35.950000000000045,35.950000000000045,37.40357142857145,565024.8,Buy
423,2024-03-18T00:00:00+05:30,1229.0,1272.0,1227.0,1262.65,133266,1.1111205381992777,1257.144703390072,1276.1656375733587,-19.020934183286727,-21.940611857870078,45.0,42.59999999999991,2.400000000000091,45.0,34.34642857142858,570380.0,No Signal
424,2024-03-19T00:00:00+05:30,1262.0,1283.45,1255.2,1270.9,131632,1.0026899658566875,1259.2609028685224,1275.7755903457025,-16.514687477180132,-20.85542698173209,28.25,20.799999999999955,7.4500000000000455,28.25,33.33928571428573,344921.6,No Signal
425,2024-03-20T00:00:00+05:30,1275.0,1275.0,1225.0,1261.3,147330,1.0121945711427207,1259.5746101195189,1274.703324394169,-15.128714274650065,-19.710084440315686,50.0,4.099999999999909,45.90000000000009,50.0,34.467857142857156,318061.2,No Signal
426,2024-03-21T00:00:00+05:30,1262.55,1266.75,1246.05,1254.75,86229,1.0049881363358624,1258.8323624088237,1273.2253003649712,-14.392937956147534,-18.646655143482057,20.700000000000045,5.4500000000000455,15.25,20.700000000000045,30.885714285714293,282439.9,No Signal
427,2024-03-22T00:00:00+05:30,1254.7,1254.75,1231.0,1237.45,116366,1.000876867863041,1255.5427681920817,1270.5752781157141,-15.03250992363246,-17.92382609951214,23.75,0.0,23.75,23.75,31.910714285714285,245405.8,No Signal
428,2024-03-26T00:00:00+05:30,1221.0,1233.5,1215.15,1222.7,142003,1.166962419755084,1250.490034624069,1267.028961218254,-16.538926594184886,-17.646846198446692,18.34999999999991,3.9500000000000455,22.299999999999955,22.299999999999955,30.285714285714285,241711.2,No Signal
429,2024-03-27T00:00:00+05:30,1221.05,1237.1,1212.0,1225.1,242116,1.255329894405969,1246.5838754511353,1263.923112239124,-17.33923678798874,-17.585324316355102,25.09999999999991,14.399999999999864,10.700000000000045,25.09999999999991,30.0,163923.45,No Signal
430,2024-03-28T00:00:00+05:30,1229.95,1239.0,1215.0,1221.45,99525,1.196895093106881,1242.7171253817298,1260.7769557769668,-18.059830395236986,-17.68022553213148,24.0,13.900000000000091,10.099999999999909,24.0,29.178571428571427,148693.55,No Signal
431,2024-04-01T00:00:00+05:30,1221.45,1270.0,1221.45,1251.25,71364,1.1584871211738046,1244.0298753230022,1260.0712553490434,-16.041380026041224,-17.35245643091343,48.549999999999955,48.549999999999955,0.0,48.549999999999955,30.899999999999995,142758.0,No Signal
432,2024-04-02T00:00:00+05:30,1252.0,1289.9,1243.75,1277.8,151388,1.2387569997123722,1249.2252791194635,1261.3844956935588,-12.159216574095353,-16.31380845954982,46.15000000000009,38.65000000000009,7.5,46.15000000000009,31.885714285714275,142595.65,No Signal
433,2024-04-03T00:00:00+05:30,1280.0,1348.0,1276.85,1343.0,311311,1.94366247623789,1263.6521592549307,1267.4300886051471,-3.777929350216482,-13.806632637683151,71.15000000000009,70.20000000000005,0.9500000000000455,71.15000000000009,35.189285714285724,157511.95,No Signal
434,2024-04-04T00:00:00+05:30,1356.0,1356.25,1325.3,1337.65,197123,2.3794382337527313,1275.03644244648,1272.6315635232843,2.4048789231956107,-10.564330325507399,30.950000000000045,13.25,17.700000000000045,30.950000000000045,35.967857142857156,161314.25,Buy
435,2024-04-05T00:00:00+05:30,1339.3,1369.0,1339.3,1354.25,155784,2.8204711991075024,1287.22314360856,1278.6773736326707,8.545769975889243,-6.74231026522807,29.700000000000045,31.34999999999991,1.6499999999998636,31.34999999999991,35.94285714285714,158908.25,Buy
436,2024-04-08T00:00:00+05:30,1361.4,1421.0,1361.4,1412.35,431505,3.556095519845904,1306.473429207243,1288.5790496598802,17.89437954736286,-1.8149723027098847,59.59999999999991,66.75,7.150000000000091,66.75,38.142857142857146,175060.15,Buy
437,2024-04-09T00:00:00+05:30,1427.2,1437.6,1383.5,1399.55,128220,4.112110406234011,1320.792901636898,1296.7991200554445,23.993781581453504,3.3467784741227935,54.09999999999991,25.25,28.84999999999991,54.09999999999991,38.79285714285714,177382.5,Buy
438,2024-04-10T00:00:00+05:30,1399.95,1436.0,1399.9,1425.1,101512,4.618277851366055,1336.8401475389137,1306.3028889402265,30.53725859868723,8.784874499035682,36.09999999999991,36.450000000000045,0.3500000000001364,36.450000000000045,39.378571428571426,174933.35,Buy
439,2024-04-12T00:00:00+05:30,1410.05,1445.0,1406.85,1422.25,106205,5.043864707055298,1349.9801248406193,1314.891563833543,35.08856100707635,14.045611800643817,38.15000000000009,19.90000000000009,18.25,38.15000000000009,38.53214285714286,174384.1,Buy
440,2024-04-15T00:00:00+05:30,1406.0,1432.0,1373.1,1420.8,139092,5.37047470431888,1360.8754902497549,1322.7366331792064,38.13885707054851,18.864260854624757,58.90000000000009,9.75,49.15000000000009,58.90000000000009,41.26071428571429,161765.3,Buy
441,2024-04-16T00:00:00+05:30,1420.0,1436.55,1392.75,1409.95,73849,5.600132898406944,1368.4254148267157,1329.1968825733393,39.22853225337644,22.937115134375095,43.799999999999955,15.75,28.049999999999955,43.799999999999955,42.69285714285714,161070.0,Buy
442,2024-04-18T00:00:00+05:30,1419.3,1437.5,1389.35,1414.5,99012,5.628505193213843,1375.5138125456826,1335.5156320123513,39.99818053333138,26.349328214166352,48.15000000000009,27.549999999999955,20.600000000000136,48.15000000000009,44.539285714285725,153241.6,Buy
443,2024-04-19T00:00:00+05:30,1414.45,1478.2,1388.1,1441.85,129315,5.735593599656295,1385.7193798463468,1343.3922518632883,42.32712798305852,29.544888167944787,90.10000000000014,63.700000000000045,26.40000000000009,90.10000000000014,49.182142857142885,153044.05,Buy
444,2024-04-22T00:00:00+05:30,1468.0,1528.0,1455.0,1525.7,605392,6.040979914457989,1407.2548598699857,1356.8965295030448,50.35833036694089,33.70757660774401,73.0,86.15000000000009,13.150000000000091,86.15000000000009,53.62142857142861,176732.05,Buy
445,2024-04-23T00:00:00+05:30,1539.9,1606.0,1527.6,1568.5,1133489,6.555784754767517,1432.0618045053725,1372.5708606509675,59.49094385440503,38.86425005707621,78.40000000000009,80.29999999999995,1.8999999999998636,80.29999999999995,55.88928571428575,226040.0,Buy
446,2024-04-24T00:00:00+05:30,1568.5,1592.3,1545.65,1553.35,173048,6.986291277138516,1450.7215268891614,1385.961908010155,64.75961887900644,44.04332382146226,46.649999999999864,23.799999999999955,22.84999999999991,46.649999999999864,55.92500000000002,230380.95,Buy
447,2024-04-25T00:00:00+05:30,1529.95,1540.9,1471.95,1517.1,199540,7.126858302139633,1460.9335996754442,1395.6758407501434,65.25775892530078,48.28621084222996,68.95000000000005,12.449999999999818,81.39999999999986,81.39999999999986,56.65714285714286,234539.65,Buy
448,2024-04-26T00:00:00+05:30,1517.1,1544.6,1490.2,1501.1,88383,6.905344485969982,1467.113045879222,1403.4850377316143,63.628008147607716,51.354570303305515,54.399999999999864,27.5,26.899999999999864,54.399999999999864,58.33214285714285,231858.65,Buy
449,2024-04-29T00:00:00+05:30,1505.25,1509.6,1467.45,1476.7,182673,6.512154661341811,1468.5879618978033,1408.9083682700132,59.679593627790155,53.01957496820245,42.149999999999864,8.5,33.649999999999864,42.149999999999864,59.10357142857141,228886.5,Buy
450,2024-04-30T00:00:00+05:30,1478.0,1550.0,1469.05,1506.75,130777,5.76433510700503,1474.4590446827567,1416.1558965463084,58.30314813644827,54.07628960185161,80.95000000000005,73.29999999999995,7.650000000000091,80.95000000000005,60.11785714285713,230449.1,Buy
451,2024-05-02T00:00:00+05:30,1504.8,1510.95,1483.0,1490.1,63409,5.177828050743954,1476.865345500794,1421.633237542878,55.232107957916014,54.307453273064496,27.950000000000045,4.2000000000000455,23.75,27.950000000000045,58.25,230051.35,Buy
452,2024-05-03T00:00:00+05:30,1490.1,1503.0,1460.05,1467.3,62060,4.57919171066804,1475.3937538852872,1425.01596068785,50.377793197437086,53.52152125793902,42.950000000000045,12.900000000000091,30.049999999999955,42.950000000000045,58.714285714285715,225584.95,Sell
453,2024-05-06T00:00:00+05:30,1477.5,1477.55,1417.2,1425.9,137880,4.396370717949132,1467.7793302106277,1425.0814450813427,42.69788512928494,51.35679403220821,60.34999999999991,10.25,50.09999999999991,60.34999999999991,60.29999999999999,216913.4,Sell
454,2024-05-07T00:00:00+05:30,1426.5,1457.7,1405.05,1453.15,135032,3.8854130982442268,1465.5286640243773,1427.1605972975397,38.3680667268377,48.75904857113411,52.65000000000009,31.799999999999955,20.850000000000136,52.65000000000009,59.85357142857141,213808.85,Sell
455,2024-05-08T00:00:00+05:30,1451.0,1465.95,1420.0,1450.0,237873,3.507976124368681,1463.1396387898578,1428.8524049051293,34.287233884728494,45.864685633852986,45.950000000000045,12.799999999999955,33.15000000000009,45.950000000000045,60.00714285714285,217913.3,Sell
456,2024-05-09T00:00:00+05:30,1450.0,1450.25,1414.75,1418.05,33153,3.5665582632043966,1456.202771283726,1428.0522267640085,28.150544519717414,42.321857411025874,35.5,0.25,35.25,35.5,59.10357142857141,197995.7,Sell
457,2024-05-10T00:00:00+05:30,1424.0,1442.7,1413.9,1429.2,35967,3.427414564441037,1452.0484987785374,1428.1372470037115,23.911251774825814,38.639736283785865,28.799999999999955,24.65000000000009,4.149999999999864,28.799999999999955,54.72499999999997,193383.05,Sell
458,2024-05-13T00:00:00+05:30,1417.95,1436.35,1414.5,1423.45,44149,3.4464306834582863,1447.6487297356855,1427.790043521955,19.85868621373038,34.88352626977477,21.84999999999991,7.149999999999864,14.700000000000045,21.84999999999991,50.13214285714282,190514.9,No Signal
459,2024-05-14T00:00:00+05:30,1432.1,1460.1,1414.5,1450.65,131015,3.3181045245210727,1448.1104636225032,1429.48337363144,18.627089991063258,31.632239014032468,45.59999999999991,36.649999999999864,8.950000000000045,45.59999999999991,47.65357142857139,191755.4,No Signal
460,2024-05-15T00:00:00+05:30,1450.95,1484.9,1450.95,1473.2,53252,3.1825383546259642,1451.9703922959643,1432.7216422513332,19.24875004463115,29.155541220152205,33.950000000000045,34.25,0.2999999999999545,34.25,46.76785714285711,187463.4,No Signal
461,2024-05-16T00:00:00+05:30,1471.2,1523.9,1471.2,1510.35,139601,3.011958492766062,1460.9518704042775,1438.4718909734565,22.479979430821004,27.82042886228597,52.700000000000045,50.700000000000045,2.0,52.700000000000045,44.71785714285712,190751.0,No Signal
462,2024-05-17T00:00:00+05:30,1518.6,1592.0,1515.0,1559.55,1290214,3.007574274865193,1476.120813419004,1447.4406397902376,28.680173628766397,27.992377815582056,77.0,81.65000000000009,4.650000000000091,81.65000000000009,46.66428571428571,250311.1,No Signal
463,2024-05-18T00:00:00+05:30,1559.55,1596.05,1551.1,1587.0,32682,3.2367125565008448,1493.1791498160803,1457.778370176146,35.4007796399344,29.474058180452527,44.950000000000045,36.5,8.450000000000045,44.950000000000045,46.86428571428572,245479.45,No Signal
464,2024-05-21T00:00:00+05:30,1625.0,1639.95,1555.0,1565.95,602020,3.4231769231853297,1504.374665228991,1465.7910834964314,38.58358173255965,31.295962890873952,84.95000000000005,52.950000000000045,32.0,84.95000000000005,47.15000000000001,245310.85,No Signal
465,2024-05-22T00:00:00+05:30,1565.7,1574.25,1514.35,1520.0,204378,3.352909675623503,1506.7785628860693,1469.806558792992,36.9720040930772,32.431171131314606,59.90000000000009,8.299999999999955,51.600000000000136,59.90000000000009,49.43214285714287,198855.3,No Signal
466,2024-05-23T00:00:00+05:30,1520.4,1559.7,1520.4,1532.9,137067,3.248467108256399,1510.7972455189818,1474.480147030548,36.31709848843366,33.20835660273842,39.299999999999955,39.700000000000045,0.40000000000009095,39.700000000000045,49.20000000000001,197056.25,No Signal
467,2024-05-24T00:00:00+05:30,1535.0,1535.0,1503.0,1528.25,116242,3.284829715955829,1513.4822846699076,1478.4630991023594,35.01918556754822,33.57052239570038,32.0,2.099999999999909,29.90000000000009,32.0,47.17500000000002,192891.35,No Signal
468,2024-05-27T00:00:00+05:30,1529.5,1549.0,1521.1,1525.85,269669,3.3311969602109777,1515.3850101053065,1481.973239909592,33.41177019571455,33.53877195570322,27.90000000000009,20.75,7.150000000000091,27.90000000000009,45.40714285714288,201955.65,No Signal
469,2024-05-28T00:00:00+05:30,1532.15,1547.85,1501.3,1528.95,334918,3.3659520420132836,1517.471931627567,1485.4529999162887,32.018931711278356,33.23480390681825,46.549999999999955,22.0,24.549999999999955,46.549999999999955,45.45000000000001,209567.9,No Signal
470,2024-05-29T00:00:00+05:30,1528.95,1545.0,1520.05,1528.0,403582,3.4027347233049414,1519.0916344540951,1488.6046295521191,30.48700490197598,32.6852441058498,24.950000000000045,16.049999999999955,8.900000000000091,24.950000000000045,44.69642857142859,223208.15,No Signal
471,2024-05-30T00:00:00+05:30,1526.0,1526.05,1462.25,1468.0,302620,3.5627601185480513,1511.231382999619,1487.0783606964067,24.15302230321231,30.978799745322302,63.799999999999955,1.9500000000000455,65.75,65.75,47.3357142857143,235168.7,No Signal
472,2024-05-31T00:00:00+05:30,1469.0,1528.0,1451.95,1498.15,126720,3.469585649086687,1509.218862538139,1487.8984821263025,21.320380411836595,29.047115878625164,76.04999999999995,60.0,16.049999999999955,76.04999999999995,51.20714285714288,238401.7,Sell
473,2024-06-03T00:00:00+05:30,1520.0,1530.85,1486.85,1515.65,811866,3.274342260673456,1510.2082683015024,1489.9541501169467,20.254118184555637,27.28851633981126,44.0,32.69999999999982,11.300000000000182,44.0,51.09285714285717,272101.0,Sell
474,2024-06-04T00:00:00+05:30,1519.0,1533.75,1380.0,1463.65,117163,3.3599654138775157,1503.0454577935789,1488.0056945527285,15.039763240850334,24.838765720019076,153.75,18.09999999999991,135.6500000000001,153.75,59.628571428571455,271207.55,Sell
475,2024-06-05T00:00:00+05:30,1478.25,1555.0,1458.7,1537.1,126399,3.1537988801053753,1508.2846181330283,1491.642309771045,16.642308361983396,23.199474248411942,96.29999999999995,91.34999999999991,4.9500000000000455,96.29999999999995,62.74285714285717,265633.85,Sell
476,2024-06-06T00:00:00+05:30,1541.55,1567.65,1531.55,1543.35,63828,2.9063685584476446,1513.6792922664085,1495.4725090472639,18.206783219144654,22.200936042558485,36.100000000000136,30.550000000000182,5.5499999999999545,36.100000000000136,59.48928571428574,267167.6,Sell
477,2024-06-07T00:00:00+05:30,1543.35,1635.0,1540.0,1620.9,415929,2.9133036395689422,1530.174785763884,1504.7634343030222,25.41135146086185,22.84301912621916,95.0,91.65000000000009,3.349999999999909,95.0,63.06428571428574,286165.7,Buy
478,2024-06-10T00:00:00+05:30,1640.0,1733.0,1630.0,1702.6,545134,3.3827476974088446,1556.7017418002097,1519.4179947250207,37.28374707518901,25.731164716013133,103.0,112.09999999999991,9.099999999999909,112.09999999999991,65.00357142857145,311214.95,Buy
479,2024-06-11T00:00:00+05:30,1716.1,1760.0,1680.05,1741.25,461960,4.069208211653417,1585.0937815232544,1535.8499951157598,49.243786407494554,30.43368905430942,79.95000000000005,57.40000000000009,22.549999999999955,79.95000000000005,66.4357142857143,327762.2,Buy
480,2024-06-12T00:00:00+05:30,1761.0,1810.0,1742.8,1788.55,1175487,4.850205671699292,1616.3947382119845,1554.568513996074,61.82622421591054,36.712196086629646,67.20000000000005,68.75,1.5499999999999545,68.75,68.51071428571429,383873.95,Buy
481,2024-06-13T00:00:00+05:30,1820.0,1837.8,1778.8,1794.8,491057,5.567591704994148,1643.8417015639868,1572.3634388852538,71.47826267873302,43.665409405050326,59.0,49.25,9.75,59.0,70.43928571428572,401446.75,Buy
482,2024-06-14T00:00:00+05:30,1794.8,1809.5,1776.95,1784.9,111358,6.162361256749013,1665.5429782464505,1588.1068878567164,77.43609038973409,50.41954560198708,32.549999999999955,14.700000000000045,17.84999999999991,32.549999999999955,70.77142857142857,342503.95,Buy
483,2024-06-18T00:00:00+05:30,1784.9,1838.0,1757.4,1825.0,199870,6.685289186360525,1690.0748277469966,1605.654525793256,84.42030195374059,57.219696872337785,80.59999999999991,53.09999999999991,27.5,80.59999999999991,73.20357142857142,350863.35,Buy
484,2024-06-19T00:00:00+05:30,1837.0,1845.0,1769.25,1831.1,156341,7.210272365907104,1711.7710080936124,1622.3541905493112,89.41681754430124,63.65912100673048,75.75,20.0,55.75,75.75,76.83214285714284,328579.4,Buy
485,2024-06-20T00:00:00+05:30,1835.0,1839.55,1811.0,1820.55,50172,7.566486011625348,1728.506237617672,1637.0353616197326,91.4708759979394,69.22147200497227,28.549999999999955,8.450000000000045,20.09999999999991,28.549999999999955,74.17499999999998,320869.1,Buy
486,2024-06-21T00:00:00+05:30,1820.55,1856.95,1800.05,1847.2,236955,7.795616169983336,1746.7668164457225,1652.6031126108635,94.163703834859,74.20991837094962,56.90000000000009,36.40000000000009,20.5,56.90000000000009,72.80714285714285,325863.5,Buy
487,2024-06-24T00:00:00+05:30,1854.8,1888.85,1815.85,1829.4,153859,8.029952800696812,1759.4796139156115,1665.699178343392,93.7804355722194,78.12402181120359,73.0,41.649999999999864,31.350000000000136,73.0,74.87857142857142,327744.35,Buy
488,2024-06-25T00:00:00+05:30,1837.95,1864.0,1818.0,1845.65,279181,8.070270061613604,1772.7365963901327,1679.0288688364742,93.70772755365851,81.24076295969458,46.0,34.59999999999991,11.400000000000091,46.0,67.18214285714285,328219.95,Buy
489,2024-06-26T00:00:00+05:30,1845.65,1849.0,1822.0,1837.05,49499,8.105442405965539,1782.6309661762662,1690.7341378115502,91.89682836471593,83.37197604069885,27.0,3.349999999999909,23.65000000000009,27.0,62.232142857142854,313949.0,No Signal
490,2024-06-27T00:00:00+05:30,2140.0,2199.0,1952.55,1984.35,2632140,7.927692504369424,1813.6646636876098,1712.4834609366205,101.18120275098931,86.93382138275695,246.45000000000005,361.95000000000005,115.5,361.95000000000005,85.50714285714285,425376.9,Buy
491,2024-06-28T00:00:00+05:30,1984.0,2037.25,1969.9,1998.35,446203,7.924862922613427,1842.0777923510545,1733.6587601265005,108.41903222455403,91.23086355111637,67.34999999999991,52.90000000000009,14.449999999999818,67.34999999999991,83.53214285714284,432556.05,Buy
492,2024-07-01T00:00:00+05:30,1998.35,2045.75,1940.05,1957.0,282753,7.90010047967166,1859.7581319893538,1750.2025556726858,109.55557631666807,94.89580610422671,105.70000000000005,47.40000000000009,58.299999999999955,105.70000000000005,83.075,440357.7,Buy
493,2024-07-02T00:00:00+05:30,1974.8,1976.45,1925.0,1941.35,152335,7.616077088644105,1872.3107270679147,1764.3616256228572,107.94910144505752,97.50646517239288,51.450000000000045,19.450000000000045,32.0,51.450000000000045,81.03928571428571,407381.15,Buy
494,2024-07-03T00:00:00+05:30,1941.75,1954.3,1921.0,1935.95,63472,6.745353316509436,1882.1013844420818,1777.0718755767195,105.02950886536223,99.01107391098675,33.299999999999955,12.950000000000045,20.34999999999991,33.299999999999955,78.50714285714285,404696.6,Buy
495,2024-07-04T00:00:00+05:30,1947.4,2011.85,1942.6,2003.1,187000,6.033541151095204,1900.7165560663768,1793.8146996080736,106.9018564583032,100.58923042045005,69.25,75.89999999999986,6.649999999999864,75.89999999999986,79.7142857142857,407726.65,Buy
496,2024-07-05T00:00:00+05:30,2003.1,2039.3,1961.4,2022.35,147808,5.312733183603088,1919.4293935946266,1810.743240377846,108.68615321678067,102.20861497971617,77.89999999999986,36.200000000000045,41.69999999999982,77.89999999999986,82.95357142857141,411925.65,Buy
497,2024-07-08T00:00:00+05:30,2022.35,2027.0,1977.85,2001.0,146944,4.839668157523927,1931.9787176569916,1824.8363336831908,107.14238397380086,103.19536877853312,49.15000000000009,4.650000000000091,44.5,49.15000000000009,80.70714285714284,398476.4,Buy
498,2024-07-09T00:00:00+05:30,2011.05,2051.0,1966.0,2033.15,195211,4.629032676474759,1947.5435303251468,1840.266975632584,107.27655469256274,104.01160596133906,85.0,50.0,35.0,85.0,81.36785714285713,380980.25,Buy
499,2024-07-10T00:00:00+05:30,2013.0,2080.0,2000.0,2024.6,359876,4.527563051891619,1959.3983718135858,1853.9212737338742,105.4770980797116,104.30470438501357,80.0,46.84999999999991,33.15000000000009,80.0,85.04285714285713,375876.05,Buy
500,2024-07-11T00:00:00+05:30,2001.0,2038.05,2000.0,2011.6,89151,4.487723035599489,1967.4293915345725,1865.6011793832167,101.82821215135573,103.809405938282,38.049999999999955,13.450000000000045,24.59999999999991,38.049999999999955,83.69642857142856,321559.25,Sell
501,2024-07-12T00:00:00+05:30,2013.6,2021.45,1971.0,1977.6,111696,4.373360577370872,1968.9941005292535,1873.8973883177932,95.09671221146027,102.06686719291766,50.450000000000045,9.850000000000136,40.59999999999991,50.450000000000045,82.08571428571427,302591.2,Sell
502,2024-07-15T00:00:00+05:30,1986.1,2025.0,1941.1,2016.8,149807,4.069272788780003,1976.3488542939838,1884.4827669609197,91.86608733306412,100.02671122094695,83.90000000000009,47.40000000000009,36.5,83.90000000000009,84.79285714285713,304513.65,Sell
503,2024-07-16T00:00:00+05:30,2008.95,2062.15,2002.6,2054.35,216063,3.9717995132006014,1988.3490305564478,1897.0655249638146,91.28350559263322,98.2780700952842,59.55000000000018,45.350000000000136,14.200000000000045,59.55000000000018,87.11785714285715,305323.3,Sell
504,2024-07-18T00:00:00+05:30,2018.05,2070.0,2003.6,2045.25,122664,3.8812666150437485,1997.1030258554558,1908.0421527442727,89.06087311118313,96.43463069846399,66.40000000000009,15.650000000000091,50.75,66.40000000000009,66.00714285714287,303639.45,No Signal
505,2024-07-19T00:00:00+05:30,2026.7,2040.5,1993.95,2008.3,113529,3.632240947716795,1998.8256372623086,1915.4686599484007,83.35697731390792,93.81910002155279,46.549999999999955,4.75,51.299999999999955,51.299999999999955,64.8607142857143,306807.3,No Signal
506,2024-07-22T00:00:00+05:30,1994.15,2054.25,1956.5,2037.85,90288,3.3640956204981274,2004.8293853757996,1924.5339443966673,80.29544097913231,91.11436821306869,97.75,45.950000000000045,51.799999999999955,97.75,64.29285714285716,299473.95,No Signal
507,2024-07-23T00:00:00+05:30,2048.0,2062.45,2010.0,2047.35,116025,2.954913877084381,2011.3710183949074,1933.6314299969142,77.7395883979932,88.43941225005359,52.44999999999982,24.59999999999991,27.84999999999991,52.44999999999982,64.36428571428571,297582.25,No Signal
508,2024-07-24T00:00:00+05:30,2020.0,2020.0,1976.75,2008.05,180858,2.502660467581058,2010.8600924879986,1939.1439166638095,71.71617582418912,85.09476496488071,43.25,27.34999999999991,70.59999999999991,70.59999999999991,67.02857142857142,292666.1,No Signal
509,2024-07-25T00:00:00+05:30,2000.0,2056.05,1987.95,2036.95,731503,1.6663923874204936,2014.873924412922,1946.3888117257495,68.48511268717243,81.77283450933906,68.10000000000014,48.00000000000023,20.09999999999991,68.10000000000014,66.47142857142858,326766.3,No Signal
510,2024-07-26T00:00:00+05:30,2056.0,2067.0,2030.35,2057.3,257678,1.7132219611858033,2021.4010129647802,1954.60445530162,66.79655766316023,78.7775791401033,36.65000000000009,30.049999999999955,6.600000000000136,36.65000000000009,63.52500000000003,208043.2,No Signal
511,2024-07-29T00:00:00+05:30,2081.8,2200.0,2080.0,2151.3,959053,2.1850803067417623,2041.38547250866,1969.1744956496482,72.21097685901191,77.46425868388502,120.0,142.69999999999982,22.699999999999818,142.69999999999982,70.20714285714287,233685.7,No Signal
512,2024-07-30T00:00:00+05:30,2175.0,2187.4,2091.7,2133.15,693271,2.3994126042560104,2055.5030921227126,1981.3208293052298,74.18226281748275,76.80785951060457,95.70000000000027,36.09999999999991,59.600000000000364,95.70000000000027,70.9714285714286,254211.6,No Signal
513,2024-07-31T00:00:00+05:30,2147.05,2150.0,2119.3,2144.55,192743,2.4868827561461333,2069.202616411526,1993.411878986324,75.790737425202,76.60443509352406,30.699999999999818,16.84999999999991,13.849999999999909,30.699999999999818,67.45000000000002,256232.0,No Signal
514,2024-08-01T00:00:00+05:30,2140.0,2150.5,2095.0,2132.8,223407,2.4259304884420096,2078.9868292712913,2003.736924987337,75.24990428395427,76.3335289316101,55.5,5.949999999999818,49.55000000000018,55.5,68.69642857142858,264228.75,No Signal
515,2024-08-02T00:00:00+05:30,2100.0,2144.0,2083.0,2131.15,1420318,2.526960582973021,2087.0119324603234,2013.1749305438307,73.83700191649268,75.83422352858662,61.0,11.199999999999818,49.80000000000018,61.0,69.45000000000002,325894.65,No Signal
516,2024-08-05T00:00:00+05:30,2088.55,2088.55,2000.25,2030.9,103011,2.6404156593516244,2078.3793274664276,2014.487898651695,63.891428814732535,73.4456645858158,88.30000000000018,42.59999999999991,130.9000000000001,130.9000000000001,72.80714285714286,323654.8,No Signal
517,2024-08-06T00:00:00+05:30,2015.0,2088.15,2015.0,2041.75,138607,2.559229489004722,2072.7440463177463,2016.5073135663843,56.23673275136207,70.00387821892507,73.15000000000009,57.25,15.900000000000091,73.15000000000009,73.77857142857144,323237.95,Sell
518,2024-08-07T00:00:00+05:30,2044.9,2081.15,2020.65,2067.35,65919,2.5161112246573984,2071.914193038093,2020.273438487393,51.64075455069997,66.33125348528004,60.5,39.40000000000009,21.09999999999991,60.5,73.35714285714286,316773.35,Sell
519,2024-08-08T00:00:00+05:30,2067.35,2107.6,2044.05,2097.7,87360,2.4845510115964182,2075.8812402630015,2026.0087393401786,49.87250092282284,63.039502972788604,63.549999999999955,40.25,23.299999999999955,63.549999999999955,74.23214285714286,303147.55,Sell
520,2024-08-09T00:00:00+05:30,2104.75,2140.0,2078.6,2089.5,259980,2.44486816643031,2077.9764340686934,2030.7117956853506,47.2646383833428,59.88453005489944,61.40000000000009,42.30000000000018,19.09999999999991,61.40000000000009,71.63571428571429,311689.0,Sell
521,2024-08-12T00:00:00+05:30,2070.1,2107.9,2058.65,2094.45,55997,2.2451873423282076,2080.510828827356,2035.4331441531024,45.07768467425353,56.92316097877026,49.25,18.40000000000009,30.84999999999991,49.25,71.40714285714287,308904.05,Sell
522,2024-08-13T00:00:00+05:30,2105.95,2105.95,2009.7,2043.3,45729,2.2396665185916196,2074.78608593084,2036.0158742158355,38.77021171500428,53.292571126017066,96.24999999999977,11.5,84.74999999999977,96.24999999999977,73.23928571428573,303700.15,Sell
523,2024-08-14T00:00:00+05:30,2050.0,2079.95,2005.0,2074.65,117813,2.1960417968000367,2074.7651496337876,2038.8776613109587,35.88748832282886,49.811554565379424,74.94999999999982,36.649999999999864,38.299999999999955,74.94999999999982,73.72857142857141,298787.65,Sell
524,2024-08-16T00:00:00+05:30,2059.75,2135.9,2057.0,2096.95,125959,2.161630392370675,2078.1782035362817,2043.1793160286654,34.998887507616246,46.84902115382679,78.90000000000009,61.25,17.65000000000009,78.90000000000009,76.74642857142855,298952.4,Sell
525,2024-08-19T00:00:00+05:30,2103.15,2107.05,2081.3,2100.45,31700,2.0310494804467205,2081.604633761469,2047.421588915431,34.183044846038,44.31582589226903,25.75,10.100000000000364,15.649999999999636,25.75,68.39285714285714,294860.95,No Signal
526,2024-08-20T00:00:00+05:30,2107.55,2199.35,2052.0,2061.6,284896,2.0237085192378412,2078.526997798166,2048.471841588362,30.055156209803954,41.46369195577602,147.3499999999999,98.90000000000009,48.44999999999982,147.3499999999999,72.08214285714283,304591.35,Sell
527,2024-08-21T00:00:00+05:30,2065.25,2086.0,2041.8,2065.5,78298,1.9907573469302424,2076.522844290756,2049.733186655891,26.789657634864852,38.52888509159379,44.200000000000045,24.40000000000009,19.799999999999955,44.200000000000045,73.04642857142856,302705.0,Sell
528,2024-08-22T00:00:00+05:30,2065.5,2086.9,2046.7,2059.55,61803,1.827900353680601,2073.9116374767937,2050.460358014714,23.451279462079583,35.51336396569095,40.200000000000045,21.40000000000009,18.799999999999955,40.200000000000045,71.95357142857142,296752.25,Sell
529,2024-08-23T00:00:00+05:30,2058.05,2070.8,2017.35,2042.95,63100,1.823874562931137,2069.14830863421,2049.904035198809,19.244273435400828,32.25954585963293,53.45000000000027,11.25,42.20000000000027,53.45000000000027,71.41428571428573,263332.1,Sell
530,2024-08-26T00:00:00+05:30,2054.0,2060.0,2001.7,2008.75,82094,2.023444726136648,2059.8562611520238,2046.8555881470456,13.000673004978125,28.40777128870197,58.299999999999955,17.049999999999955,41.25,58.299999999999955,66.22857142857143,254552.9,No Signal
531,2024-08-27T00:00:00+05:30,2008.0,2050.9,1991.7,2018.5,283359,1.972311368353114,2053.4937594363278,2044.7551742102273,8.73858522610044,24.473934076181663,59.200000000000045,42.15000000000009,17.049999999999955,59.200000000000045,65.23214285714286,220768.2,No Signal
532,2024-08-28T00:00:00+05:30,2021.1,2084.0,2000.2,2073.95,88955,1.8098151606802944,2056.6408733692006,2046.9177538983586,9.723119470841993,21.52377115511373,83.79999999999995,65.5,18.299999999999955,83.79999999999995,66.89642857142857,190552.4,No Signal
533,2024-08-29T00:00:00+05:30,2081.45,2248.0,2076.0,2194.8,1635138,1.9908429478274683,2077.896123620093,2057.871994350332,20.024129269761033,21.223842778043192,172.0,174.05000000000018,2.050000000000182,174.05000000000018,74.78928571428573,262672.15,Sell
534,2024-08-30T00:00:00+05:30,2189.9,2216.7,2160.0,2183.5,251288,2.2150174704711976,2094.1428738323866,2067.1777725466036,26.96510128578302,22.37209447959116,56.69999999999982,21.899999999999636,34.80000000000018,56.69999999999982,74.45357142857142,264066.2,Buy
535,2024-09-02T00:00:00+05:30,2195.0,2245.0,2142.0,2220.5,326755,2.559517364738671,2113.582431704327,2078.5349745801886,35.04745712413842,24.90716700850061,103.0,61.5,41.5,103.0,78.29285714285713,209388.05,Buy
536,2024-09-03T00:00:00+05:30,2220.5,2243.9,2190.35,2205.5,88120,2.791619622370398,2127.7235960575076,2087.9397912779523,39.78380477955534,27.88249456271156,53.55000000000018,23.40000000000009,30.15000000000009,53.55000000000018,75.24285714285716,208643.5,Buy
537,2024-09-04T00:00:00+05:30,2186.55,2225.0,2154.0,2217.95,168090,2.9940972529023875,2141.6045812794296,2097.570177109215,44.03440417021466,31.112876484212183,71.0,19.5,51.5,71.0,74.96071428571432,210117.65,Buy
538,2024-09-05T00:00:00+05:30,2220.0,2280.0,2184.45,2236.15,285905,3.2368678932218793,2156.1500303133635,2107.835349175199,48.31468113816436,34.55323741500262,95.55000000000018,62.05000000000018,33.5,95.55000000000018,76.15000000000005,221116.95,Buy
539,2024-09-06T00:00:00+05:30,2260.0,2260.0,2190.0,2224.4,250209,3.4492797053260027,2166.6500256497693,2116.469767754814,50.1802578949555,37.678641510993195,70.0,23.84999999999991,46.15000000000009,70.0,79.31071428571433,229259.4,Buy
540,2024-09-09T00:00:00+05:30,2205.1,2219.65,2126.25,2138.6,68416,3.58321583384019,2162.3346370882664,2118.10904421742,44.22559287084641,38.98803178296384,93.40000000000009,4.75,98.15000000000009,98.15000000000009,75.79642857142862,219681.2,Buy
541,2024-09-10T00:00:00+05:30,2140.25,2159.95,2119.2,2140.15,81536,3.5777706637261995,2158.921615997764,2119.741707608722,39.179908389041884,39.02640710417945,40.75,21.34999999999991,19.40000000000009,40.75,75.55000000000005,220958.15,Buy
542,2024-09-11T00:00:00+05:30,2140.15,2140.15,2090.55,2119.85,75131,3.5094936441520903,2152.910598151954,2119.749729267335,33.16086888461905,37.85329946026737,49.59999999999991,0.0,49.59999999999991,49.59999999999991,76.22142857142862,222428.25,Sell
543,2024-09-12T00:00:00+05:30,2140.7,2140.7,2094.55,2111.0,45112,3.4846417117941257,2146.4628138208845,2119.1016011734587,27.361212647425873,35.754882097699074,46.149999999999636,20.84999999999991,25.299999999999727,46.149999999999636,75.7,218793.2,Sell
544,2024-09-13T00:00:00+05:30,2119.8,2128.4,2094.0,2101.35,43564,3.4965983471554023,2139.522380925364,2117.7866677532024,21.735713172161468,32.95104831259155,34.40000000000009,17.40000000000009,17.0,34.40000000000009,73.99285714285715,214673.45,Sell
545,2024-09-16T00:00:00+05:30,2101.35,2111.1,2011.1,2047.2,87978,3.6830542559075363,2125.318937706077,2112.5580256974094,12.760912008667674,28.91302105180678,100.0,9.75,90.25,100.0,76.90714285714286,217487.35,Sell
546,2024-09-17T00:00:00+05:30,2030.0,2042.4,1980.2,2034.7,178067,3.774046820546785,2111.3775626743727,2106.7907645346386,4.586798139734128,24.04777646939225,62.200000000000045,4.7999999999999545,67.0,67.0,75.70714285714287,212145.9,Sell
547,2024-09-18T00:00:00+05:30,2020.55,2084.6,2020.55,2042.55,98536,3.811278929813152,2100.788706878315,2102.0321893839246,-1.243482505609336,18.989524674391934,64.04999999999995,49.899999999999864,14.150000000000091,64.04999999999995,67.85,213157.8,No Signal
548,2024-09-19T00:00:00+05:30,2045.1,2077.0,2012.55,2025.7,109766,3.929699442611232,2089.2365981278053,2096.3779531332634,-7.141355005458081,13.763348738421932,64.45000000000005,34.450000000000045,30.0,64.45000000000005,68.40357142857144,215555.95,No Signal
549,2024-09-20T00:00:00+05:30,2039.55,2075.0,1995.1,2062.3,223488,3.8180044508531137,2085.092506108143,2093.853660308577,-8.761154200434248,9.258448150650697,79.90000000000009,49.299999999999955,30.600000000000136,79.90000000000009,66.75357142857145,223575.35,No Signal
550,2024-09-23T00:00:00+05:30,2062.35,2100.0,2029.6,2039.0,42388,3.7639571761214463,2078.001351322275,2089.790426211646,-11.789074889371022,5.048943542646353,70.40000000000009,37.69999999999982,32.70000000000027,70.40000000000009,67.95714285714287,221590.05,No Signal
551,2024-09-24T00:00:00+05:30,2039.2,2097.8,2022.2,2059.0,81273,3.6121091781291157,2075.078066503463,2087.5096538996722,-12.431587396209125,1.5528373548752576,75.60000000000014,58.80000000000018,16.799999999999955,75.60000000000014,68.2857142857143,211485.75,No Signal
552,2024-09-25T00:00:00+05:30,2069.1,2139.0,2034.05,2112.05,276491,3.4804713734923656,2080.766056272161,2089.3274573145113,-8.561401042350099,-0.4700103245698135,104.95000000000005,80.0,24.950000000000045,104.95000000000005,68.95714285714287,220862.55,No Signal
553,2024-09-26T00:00:00+05:30,2131.0,2166.0,2104.75,2155.6,305619,3.343931583257724,2092.278970691829,2094.2365345504736,-1.9575638586447894,-0.7675210313848088,61.25,53.94999999999982,7.300000000000182,61.25,68.33214285714287,154386.6,No Signal
554,2024-09-27T00:00:00+05:30,2155.0,2220.0,2150.95,2201.45,136234,3.314626048830474,2109.074513662317,2102.17827273192,6.896240930396743,0.7652313609715018,69.05000000000018,64.40000000000009,4.650000000000091,69.05000000000018,66.25357142857145,148633.9,No Signal
555,2024-09-30T00:00:00+05:30,2201.8,2340.8,2189.0,2289.6,877016,3.4555752593101245,2136.8476654065757,2116.0613636406665,20.78630176590923,4.769445441959048,151.80000000000018,139.35000000000036,12.449999999999818,151.80000000000018,74.18571428571431,176146.95,Buy
556,2024-10-01T00:00:00+05:30,2284.25,2316.95,2261.0,2284.35,452447,3.717675271880562,2159.5403322671027,2128.527188556173,31.013143710929853,10.01818509575321,55.94999999999982,27.34999999999991,28.59999999999991,55.94999999999982,74.63928571428573,194363.3,Buy
557,2024-10-03T00:00:00+05:30,2274.8,2336.95,2241.1,2326.7,289784,4.028552111677457,2185.25720422601,2143.2066560705302,42.050548155479646,16.424657707698497,95.84999999999991,52.59999999999991,43.25,95.84999999999991,78.18928571428576,200448.0,Buy
558,2024-10-04T00:00:00+05:30,2341.0,2378.6,2306.95,2362.6,460724,4.41841871124842,2212.5407112681623,2159.4580148801206,53.08269638804177,23.756265443767152,71.65000000000009,51.90000000000009,19.75,71.65000000000009,80.85000000000004,209188.95,Buy
559,2024-10-07T00:00:00+05:30,2379.3,2379.3,2259.55,2311.7,273301,4.742237885584124,2227.795986457676,2170.7351989630747,57.0607874946013,30.417169853933984,119.75,16.700000000000273,103.04999999999973,119.75,82.26071428571433,210343.55,Buy
560,2024-10-08T00:00:00+05:30,2294.0,2370.0,2283.75,2361.15,181311,5.058879790331718,2248.3119885411106,2184.839999039884,63.471989501226744,37.02813378339254,86.25,58.30000000000018,27.949999999999818,86.25,83.63571428571433,215988.3,Buy
561,2024-10-09T00:00:00+05:30,2372.0,2394.0,2354.55,2371.55,96559,5.412474484295006,2267.271682611709,2198.670369481374,68.6013131303348,43.342769652780994,39.44999999999982,32.84999999999991,6.599999999999909,39.44999999999982,81.87857142857146,216739.45,Buy
562,2024-10-10T00:00:00+05:30,2358.5,2414.95,2325.0,2370.65,157511,5.70192193933948,2283.1760391329844,2211.4096013716426,71.76643776134188,49.02750327449317,89.94999999999982,43.399999999999636,46.55000000000018,89.94999999999982,83.70000000000002,220858.45,Buy
563,2024-10-11T00:00:00+05:30,2382.55,2386.75,2342.75,2367.15,73635,5.913859282612742,2296.0951100356024,2222.9459271959654,73.14918283963698,53.85183918752193,44.0,16.09999999999991,27.90000000000009,44.0,81.13571428571429,222284.6,Buy
564,2024-10-14T00:00:00+05:30,2362.0,2400.0,2350.55,2372.85,63998,6.044123610248682,2307.9035546455098,2234.049932588857,73.85362205665297,57.85219576134814,49.44999999999982,32.84999999999991,16.59999999999991,49.44999999999982,79.6392857142857,223306.3,Buy
565,2024-10-15T00:00:00+05:30,2372.3,2413.45,2351.3,2387.3,403919,6.001550218118396,2320.1183923923545,2245.401789434127,74.71660295822767,61.22507720072405,62.149999999999636,40.59999999999991,21.549999999999727,62.149999999999636,78.67857142857137,239103.35,Buy
566,2024-10-16T00:00:00+05:30,2384.8,2440.0,2295.05,2407.65,349958,5.86458153997438,2333.5847935627617,2257.420175401969,76.16461816079254,64.21298539273775,144.94999999999982,52.69999999999982,92.25,144.94999999999982,81.53571428571422,247697.9,Buy
567,2024-10-17T00:00:00+05:30,2385.8,2426.95,2341.35,2355.3,1188956,5.719138504080931,2336.925594553106,2264.670532779601,72.25506177350462,65.82140066889113,85.59999999999991,19.299999999999727,66.30000000000018,85.59999999999991,83.27499999999993,302218.9,Buy
568,2024-10-18T00:00:00+05:30,2326.75,2391.95,2291.75,2337.85,197269,5.2873111857562245,2337.067810775705,2270.0912340551863,66.97657672051855,66.05243587921662,100.19999999999982,36.649999999999636,63.55000000000018,100.19999999999982,85.4999999999999,306594.05,Buy
569,2024-10-21T00:00:00+05:30,2305.0,2380.0,2305.0,2349.55,76470,4.837675073286627,2338.9881475794427,2275.977068569617,63.01107900982561,65.44416450533842,75.0,42.15000000000009,32.84999999999991,75.0,80.0142857142856,299243.15,Sell
570,2024-10-22T00:00:00+05:30,2330.8,2449.7,2330.8,2348.65,617678,4.148803650862496,2340.4745864133747,2281.3602486755713,59.11433773780345,64.17819915183144,118.89999999999964,100.14999999999964,18.75,118.89999999999964,84.51071428571416,328007.65,Sell
571,2024-10-23T00:00:00+05:30,2350.0,2350.95,2269.0,2290.4,268447,3.42119903292032,2332.77080388824,2282.029859884788,50.740944003452114,61.49074812215557,81.94999999999982,2.299999999999727,79.65000000000009,81.94999999999982,83.51785714285701,337366.35,Sell
572,2024-10-24T00:00:00+05:30,2304.2,2318.45,2211.1,2240.05,543321,2.8868092894135096,2318.5060648285107,2278.920240634063,39.58582419444792,57.109763336614044,107.34999999999991,28.049999999999727,79.30000000000018,107.34999999999991,86.067857142857,350707.85,Sell
573,2024-10-25T00:00:00+05:30,2234.5,2249.7,2155.6,2188.75,94897,2.7590876675314835,2298.543593316432,2272.240963550058,26.30262976637414,50.94833662256607,94.09999999999991,9.649999999999636,84.45000000000027,94.09999999999991,84.23571428571414,340171.75,Sell
574,2024-10-28T00:00:00+05:30,2152.0,2206.35,2142.2,2158.35,100639,3.040301712691025,2276.9753481908274,2263.8045958796833,13.170752311144042,43.39281976028167,64.15000000000009,17.59999999999991,46.55000000000018,64.15000000000009,82.65714285714272,338392.0,Sell
575,2024-10-29T00:00:00+05:30,2148.0,2150.05,2063.85,2072.55,141364,4.1645902966103785,2245.525294623008,2249.637588777485,-4.1122941544767855,33.89179697732998,86.20000000000027,8.299999999999727,94.5,94.5,86.58928571428558,301609.4,Sell
576,2024-10-30T00:00:00+05:30,2056.1,2105.75,2025.0,2033.65,211417,5.239897361682892,2212.9290954502376,2233.6385081273006,-20.70941267706303,22.971555046451382,80.75,33.19999999999982,47.55000000000018,80.75,85.93214285714274,289557.9,Sell
577,2024-10-31T00:00:00+05:30,2047.45,2055.0,1980.0,1989.3,218041,6.383268796098328,2178.5246192271243,2215.53935937713,-37.014740150005764,10.974296007159953,75.0,21.34999999999991,53.65000000000009,75.0,88.14642857142846,285970.75,Sell
578,2024-11-01T00:00:00+05:30,1986.0,2095.0,1986.0,2045.3,14122,6.655183221798826,2158.0285239614127,2202.9290364603057,-44.90051249889302,-0.20066569405064158,109.0,105.70000000000005,3.2999999999999545,109.0,92.39999999999989,263640.65,Sell
579,2024-11-04T00:00:00+05:30,2045.3,2048.0,1983.5,1993.75,109753,7.459670443868043,2132.754904890426,2187.434293018802,-54.67938812837565,-11.096410180915644,64.5,2.7000000000000455,61.799999999999955,64.5,92.56785714285706,255463.25,Sell
580,2024-11-05T00:00:00+05:30,1996.6,2057.95,1962.95,2039.25,377882,7.534143747611753,2118.3695349072837,2176.4576787211126,-58.08814381382899,-20.494756907498314,94.99999999999977,64.19999999999982,30.799999999999955,94.99999999999977,88.99999999999991,265291.8,Sell
581,2024-11-06T00:00:00+05:30,2042.4,2074.0,2032.0,2051.7,80858,7.575350185439176,2108.1126833830863,2167.2163691862156,-59.10368580312934,-28.216542686624518,42.0,34.75,7.25,42.0,85.88571428571422,264506.75,Sell
582,2024-11-07T00:00:00+05:30,2051.7,2122.9,2027.4,2074.6,130749,7.443123127220591,2102.9568859395345,2160.355897394644,-57.39901145510976,-34.05303644032157,95.5,71.20000000000027,24.299999999999727,95.5,85.54999999999994,263168.65,Sell
583,2024-11-08T00:00:00+05:30,2074.6,2080.9,2032.0,2062.9,65190,7.397179071170545,2096.794288102683,2153.136942032078,-56.342653929395055,-38.51095993813627,48.90000000000009,6.300000000000182,42.59999999999991,48.90000000000009,83.68571428571423,262746.4,No Signal
584,2024-11-11T00:00:00+05:30,2074.25,2076.3,1911.0,1931.55,232090,8.108276391050863,2071.372089933039,2136.7230944741464,-65.35100454110716,-43.878968858730445,165.30000000000018,13.400000000000091,151.9000000000001,165.30000000000018,86.99999999999999,271151.0,Sell
585,2024-11-12T00:00:00+05:30,1932.0,1933.9,1785.0,1794.5,223704,9.39268185980066,2028.7763837894947,2111.3732356242094,-82.5968518347147,-51.6225454539273,148.9000000000001,2.3500000000001364,146.54999999999995,148.9000000000001,91.78214285714286,262140.25,Sell
586,2024-11-13T00:00:00+05:30,1780.0,1804.85,1740.35,1779.55,210054,9.785748740597217,1990.4338632064955,2086.793736689083,-96.35987348258732,-60.57001105965931,64.5,10.349999999999909,54.15000000000009,64.5,88.72142857142858,255145.05,Sell
587,2024-11-14T00:00:00+05:30,1768.5,1857.0,1755.05,1802.95,168047,9.786975547305529,1961.5901919439577,2065.768274712114,-104.17808276815617,-69.29162540135869,101.95000000000005,77.45000000000005,24.5,101.95000000000005,89.28214285714287,204099.6,Sell
588,2024-11-18T00:00:00+05:30,1790.9,1845.2,1764.8,1830.05,99757,9.497049741358284,1941.353239337195,2048.307661770476,-106.95442243328102,-76.82418480774315,80.40000000000009,42.25,38.15000000000009,80.40000000000009,90.44285714285716,199224.0,Sell
589,2024-11-19T00:00:00+05:30,1811.2,1861.25,1794.05,1836.55,189688,9.012785641502797,1925.2296640545496,2032.621909046737,-107.39224499218744,-82.93779684463202,67.20000000000005,31.200000000000045,36.0,67.20000000000005,88.49285714285716,204884.9,Sell
590,2024-11-21T00:00:00+05:30,1829.5,1836.0,1720.0,1735.85,224961,9.200251236756236,1896.0943311230806,2010.6388046729046,-114.54447354982403,-89.25913218567042,116.0,0.5499999999999545,116.54999999999995,116.54999999999995,91.05000000000003,185249.05,Sell
591,2024-11-22T00:00:00+05:30,1722.0,1771.25,1709.0,1765.3,78435,8.61081277381037,1875.9721263349143,1992.465559882319,-116.49343354740472,-94.70599245801729,62.25,35.40000000000009,26.84999999999991,62.25,90.13928571428573,175748.45,Sell
592,2024-11-25T00:00:00+05:30,1827.7,1865.95,1771.05,1789.45,252564,8.003558977556075,1862.6610299756967,1977.4273702614064,-114.7663402857097,-98.71806202355577,94.90000000000009,100.65000000000009,5.75,100.65000000000009,89.54285714285717,161210.6,Sell
593,2024-11-26T00:00:00+05:30,1789.45,1827.7,1764.15,1816.2,64857,7.39557281346177,1855.513179210205,1965.4846020938949,-109.97142288368991,-100.96873419558261,63.549999999999955,38.25,25.299999999999955,63.549999999999955,89.47500000000002,159708.6,Sell
594,2024-11-27T00:00:00+05:30,1813.65,1815.25,1785.0,1798.9,185214,7.002481471873725,1846.803459331712,1953.1450019387914,-106.34154260707942,-102.04329587788197,30.25,0.9500000000000455,31.200000000000045,31.200000000000045,84.91785714285719,163937.35,No Signal
595,2024-11-28T00:00:00+05:30,1795.0,1853.4,1782.5,1839.25,143481,6.581070533169722,1845.6413886652947,1944.7083351285105,-99.0669464632158,-101.44802599494875,70.90000000000009,54.5,16.40000000000009,70.90000000000009,86.9821428571429,164043.2,No Signal
596,2024-11-29T00:00:00+05:30,1848.9,1857.15,1813.75,1849.0,69229,6.346103669027184,1846.158098101403,1937.618828822695,-91.46073072129184,-99.45056694021737,43.40000000000009,17.90000000000009,25.5,43.40000000000009,83.26071428571434,156933.8,No Signal
597,2024-12-02T00:00:00+05:30,1830.5,1858.25,1801.2,1834.6,125616,6.302482126766712,1844.3799291627256,1929.9878044654583,-85.60787530273274,-96.68202861272044,57.049999999999955,9.25,47.799999999999955,57.049999999999955,83.84285714285718,152312.55,No Signal
598,2024-12-03T00:00:00+05:30,1844.3,1888.0,1840.05,1870.7,108230,5.836463180926174,1848.4291708299986,1925.5961152457949,-77.16694441579625,-92.77901177333561,47.950000000000045,53.40000000000009,5.4500000000000455,53.40000000000009,75.85000000000004,157017.95,No Signal
599,2024-12-04T00:00:00+05:30,1876.0,1937.35,1857.6,1909.9,175173,5.546763140019191,1857.8862214715373,1924.4334400424027,-66.54721857086543,-87.53265313284157,79.75,66.64999999999986,13.100000000000136,79.75,70.91071428571432,160288.95,No Signal
600,2024-12-05T00:00:00+05:30,1920.0,1922.9,1879.55,1892.45,40291,5.202890783046678,1863.2037258605317,1922.064296335558,-58.86057047502641,-81.79823660127855,43.350000000000136,13.0,30.350000000000136,43.350000000000136,69.40000000000005,143409.4,No Signal
601,2024-12-06T00:00:00+05:30,1892.45,1915.0,1860.6,1895.05,75403,4.66494260619903,1868.103152651219,1920.063237347739,-51.96008469651997,-75.83060622032683,54.40000000000009,22.549999999999955,31.850000000000136,54.40000000000009,66.00357142857148,143136.65,No Signal
602,2024-12-09T00:00:00+05:30,1905.0,1905.3,1861.5,1878.05,47038,3.8444340360755653,1869.6334368587238,1916.951145692351,-47.317708833627194,-70.1280267429869,43.799999999999955,10.25,33.549999999999955,43.799999999999955,63.38928571428575,138951.1,No Signal
603,2024-12-10T00:00:00+05:30,1859.25,1940.0,1859.25,1929.45,148772,2.8629535541462947,1878.8359850343047,1917.876986752177,-39.04100171787218,-63.910621737963965,80.75,61.950000000000045,18.799999999999955,80.75,64.35714285714289,143130.2,No Signal
604,2024-12-10T00:00:00+05:30,1859.25,1940.0,1859.25,1929.45,148772,2.8534400017233015,1886.6227565674885,1918.7342469927564,-32.1114904252679,-57.550795475424756,80.75,10.549999999999955,70.20000000000005,80.75,61.80000000000003,138964.3,No Signal
605,2024-12-11T00:00:00+05:30,1950.0,1951.0,1885.0,1936.95,386285,3.0017611917592792,1894.3654094032595,1920.08356203033,-25.718152627070594,-51.18426690575393,66.0,21.549999999999955,44.450000000000045,66.0,62.06785714285718,147093.35,No Signal
606,2024-12-12T00:00:00+05:30,1929.55,1952.0,1913.3,1944.0,56766,3.079025813735958,1902.0015002642965,1921.8551500280835,-19.85364976378696,-44.91814347736054,38.700000000000045,15.049999999999955,23.65000000000009,38.700000000000045,57.642857142857174,139428.95,No Signal
607,2024-12-13T00:00:00+05:30,1926.75,1936.9,1890.0,1913.0,51620,3.1340701546219756,1903.6935771467124,1921.199212988966,-17.505635842253696,-39.435641950339175,46.90000000000009,7.099999999999909,54.0,54.0,56.960714285714324,133607.6,No Signal
608,2024-12-16T00:00:00+05:30,1918.0,1920.05,1893.8,1908.9,53632,3.168945597790027,1904.4945652779875,1920.2881601749687,-15.793594896981176,-34.70723253966758,26.25,7.0499999999999545,19.200000000000045,26.25,56.60714285714289,131301.35,No Signal
609,2024-12-17T00:00:00+05:30,1918.0,1965.0,1904.15,1950.5,122941,3.235817428781896,1911.5723244659894,1922.526074236082,-10.9537497700926,-29.956535985752584,60.84999999999991,56.09999999999991,4.75,60.84999999999991,55.889285714285734,127964.0,No Signal
610,2024-12-18T00:00:00+05:30,1950.5,1958.9,1923.35,1945.5,67951,2.9235334649572913,1916.7919668558372,1924.2278465148906,-7.435879659053398,-25.452404720412748,35.55000000000018,8.400000000000091,27.15000000000009,35.55000000000018,55.32857142857146,120113.5,No Signal
611,2024-12-19T00:00:00+05:30,1879.05,1969.0,1879.05,1952.55,112253,2.6763069703083047,1922.29320272417,1926.325783810084,-4.032581085913989,-21.168439993512997,89.95000000000005,23.5,66.45000000000005,89.95000000000005,57.67857142857146,121804.4,No Signal
612,2024-12-20T00:00:00+05:30,1952.55,1981.1,1915.0,1939.95,170934,2.4630399821008466,1925.0096330742977,1927.334985009337,-2.325351935039407,-17.39982238181828,66.09999999999991,28.549999999999955,37.549999999999955,66.09999999999991,58.5857142857143,117722.9,No Signal
613,2024-12-23T00:00:00+05:30,1939.95,1944.5,1835.1,1851.35,87302,2.4438006206409892,1913.677381832098,1921.706467601238,-8.02908576914001,-15.525675059282626,109.40000000000009,4.5499999999999545,104.85000000000014,109.40000000000009,60.70357142857146,118845.15,No Signal
614,2024-12-24T00:00:00+05:30,1874.7,1918.5,1844.95,1893.1,176441,2.0480732052545143,1910.511630781006,1919.5874700011464,-9.075839220140324,-14.235707891454167,73.54999999999995,67.15000000000009,6.399999999999864,73.54999999999995,62.8607142857143,118406.5,No Signal
615,2024-12-26T00:00:00+05:30,1893.1,1900.0,1846.4,1871.5,44477,1.9546826260650563,1904.5098414300821,1916.0254351862466,-11.515593756164435,-13.691685064396221,53.59999999999991,6.900000000000091,46.69999999999982,53.59999999999991,62.80357142857143,113456.3,No Signal
616,2024-12-27T00:00:00+05:30,1867.05,1901.8,1861.15,1875.2,35353,1.8616410534779377,1900.0006350562232,1913.0013288761543,-13.00069381993103,-13.553486815503184,40.649999999999864,30.299999999999955,10.349999999999909,40.649999999999864,62.57857142857142,111762.5,No Signal
617,2024-12-30T00:00:00+05:30,1850.5,1874.65,1777.0,1786.45,223173,2.3059671699824653,1882.531306586035,1903.6271563668095,-21.095849780774415,-15.061959408557431,97.65000000000009,0.5499999999999545,98.20000000000005,98.20000000000005,63.824999999999996,116640.35,Sell
618,2024-12-31T00:00:00+05:30,1789.65,1852.35,1786.45,1840.15,49435,2.3372778863973975,1876.011105572799,1898.925144784083,-22.914039211284035,-16.632375369102753,65.89999999999986,65.89999999999986,0.0,65.89999999999986,62.7642857142857,113700.6,Sell
619,2025-01-01T00:00:00+05:30,1825.5,1847.9,1803.65,1814.85,29114,2.5986518163020205,1866.6017047154453,1892.6973562815583,-26.09565156611302,-18.525030608504807,44.25,7.75,36.5,44.25,61.210714285714275,106397.65,Sell
620,2025-01-02T00:00:00+05:30,1814.85,1852.0,1814.85,1844.45,28228,2.6363655857768316,1863.1937501438383,1889.12347803848,-25.9297278946417,-20.005970065732186,37.15000000000009,37.15000000000009,0.0,37.15000000000009,61.09999999999999,105794.5,Sell
621,2025-01-03T00:00:00+05:30,1827.7,1886.7,1827.7,1874.05,53083,2.6067590865514565,1864.8639424294017,1888.0069241097037,-23.142981680302,-20.633372388646148,59.0,42.25,16.75,59.0,61.45714285714285,104678.5,Sell
622,2025-01-06T00:00:00+05:30,1875.0,1889.85,1790.05,1798.55,140371,2.960817602848602,1854.661797440263,1881.3804852867627,-26.718687846499733,-21.850435480216866,99.79999999999995,15.799999999999955,84.0,99.79999999999995,66.71071428571427,109345.15,Sell
623,2025-01-07T00:00:00+05:30,1787.0,1824.95,1739.7,1754.6,122860,3.437677284113022,1839.2676747571456,1871.989338228484,-32.72166347133839,-24.024681078441173,85.25,26.40000000000009,58.84999999999991,85.25,68.45357142857142,108049.55,Sell
624,2025-01-08T00:00:00+05:30,1761.75,1769.95,1702.05,1710.25,68447,4.104870110329853,1819.4188017175848,1860.0086465078555,-40.58984479027072,-27.337713820807082,67.90000000000009,15.350000000000136,52.549999999999955,67.90000000000009,70.7642857142857,104033.3,Sell
625,2025-01-09T00:00:00+05:30,1714.2,1733.5,1691.0,1700.95,54010,4.575646437966782,1801.1928322225717,1848.2265245443107,-47.033692321738954,-31.276909520993456,42.5,23.25,19.25,42.5,67.37499999999999,87419.55,Sell
626,2025-01-10T00:00:00+05:30,1701.0,1720.0,1656.95,1701.6,176872,4.850967088623453,1785.8708580344837,1837.3653005039914,-51.4944424695077,-35.32041611069631,63.049999999999955,19.049999999999955,44.0,63.049999999999955,67.15714285714284,93424.85,Sell
627,2025-01-13T00:00:00+05:30,1665.5,1688.8,1580.1,1595.1,168581,6.15435372507034,1756.5214952599476,1819.419722688881,-62.898227428933296,-40.83597837434371,108.70000000000005,12.799999999999955,121.5,121.5,68.02142857142856,99272.9,Sell
628,2025-01-14T00:00:00+05:30,1595.1,1718.6,1585.0,1683.7,189249,6.031739253812629,1745.3181882968788,1809.366409897112,-64.04822160023309,-45.47842701952159,133.5999999999999,123.5,10.099999999999909,133.5999999999999,72.31071428571427,106053.75,Sell
629,2025-01-14T00:00:00+05:30,1595.1,1718.6,1585.0,1683.7,189249,5.994236563429871,1735.838467020436,1800.0577869417702,-64.21931992133432,-49.22660559988414,133.5999999999999,34.899999999999864,98.70000000000005,133.5999999999999,78.02499999999998,109369.15,Sell
630,2025-01-15T00:00:00+05:30,1687.0,1719.95,1665.1,1684.25,79745,5.865321351849411,1727.9017797865226,1791.479432353491,-63.577652566968254,-52.09681499330097,54.850000000000136,36.25,18.600000000000136,54.850000000000136,79.03928571428571,109958.85,Sell
631,2025-01-16T00:00:00+05:30,1684.25,1730.0,1666.2,1678.95,310878,5.6193831178812275,1720.3707367424422,1783.1439188458248,-62.773182103382624,-54.2320884153173,63.799999999999955,45.75,18.049999999999955,63.799999999999955,76.58214285714284,119890.1,Sell
632,2025-01-17T00:00:00+05:30,1674.6,1715.0,1654.15,1683.8,59491,5.2605292584700845,1714.7444695512972,1775.7851100424305,-61.04064049113322,-55.59379883048049,60.84999999999991,36.049999999999955,24.799999999999955,60.84999999999991,76.22142857142856,114317.95,Sell
633,2025-01-20T00:00:00+05:30,1683.8,1691.05,1645.35,1654.45,74537,5.413661221931557,1705.4683973126362,1766.7973241133616,-61.32892680072541,-56.74082442452948,45.700000000000045,7.25,38.450000000000045,45.700000000000045,76.325,113679.7,Sell
634,2025-01-21T00:00:00+05:30,1654.45,1663.15,1589.0,1604.0,69443,5.591396857230208,1689.8578746491537,1754.7382630679274,-64.88038841877369,-58.368737223378325,74.15000000000009,8.700000000000045,65.45000000000005,74.15000000000009,78.96785714285714,108329.8,Sell
635,2025-01-22T00:00:00+05:30,1605.1,1609.0,1566.6,1573.55,82448,5.831997880734049,1671.964355472361,1741.3169102480808,-69.35255477571991,-60.56550073384665,42.40000000000009,5.0,37.40000000000009,42.40000000000009,77.78214285714286,110228.35,Sell
636,2025-01-23T00:00:00+05:30,1567.0,1629.9,1557.05,1607.75,81271,5.503634143409521,1662.0852238612285,1731.4230650445193,-69.33784118329072,-62.319968823735465,72.85000000000014,56.350000000000136,16.5,72.85000000000014,75.85714285714288,112524.25,Sell
637,2025-01-24T00:00:00+05:30,1609.95,1648.7,1600.95,1621.0,60411,5.4943272997695,1655.7644201902704,1723.2435787449253,-67.47915855465499,-63.35180676991937,47.75,40.950000000000045,6.7999999999999545,47.75,73.17857142857144,104386.15,Sell
638,2025-01-27T00:00:00+05:30,1603.2,1612.85,1550.5,1607.85,74913,5.327553810044899,1648.3929709302288,1714.6959062453013,-66.30293531507255,-63.94203247895001,62.34999999999991,8.150000000000091,70.5,70.5,73.36428571428573,105660.05,Sell
639,2025-01-28T00:00:00+05:30,1599.0,1606.85,1536.65,1577.25,77571,5.355227582826087,1637.4478984794243,1704.5147280049086,-67.06682952548431,-64.56699188825688,70.19999999999982,1.0,71.19999999999982,71.19999999999982,75.41428571428571,108082.9,Sell
640,2025-01-29T00:00:00+05:30,1577.25,1611.7,1566.65,1575.95,110167,4.975105441475342,1627.9866833287438,1694.9914148193598,-67.004731490616,-65.0545398087287,45.049999999999955,34.450000000000045,10.599999999999909,45.049999999999955,74.12857142857142,112179.85,Sell
641,2025-01-30T00:00:00+05:30,1260.8,1260.8,1260.8,1260.8,328238,8.574266881094045,1571.4964243550908,1662.8290877957036,-91.3326634406128,-70.31016453510553,0.0,315.1500000000001,315.1500000000001,315.1500000000001,87.96071428571429,125937.6,Sell
642,2025-01-31T00:00:00+05:30,1075.0,1217.0,1075.0,1139.8,3056261,13.085267801359143,1505.081589838923,1624.0861924034293,-119.00460256450629,-80.04905214098568,142.0,43.799999999999955,185.79999999999995,185.79999999999995,91.68928571428572,271732.1,Sell
643,2025-02-01T00:00:00+05:30,1174.0,1212.4,1143.15,1176.35,1006043,14.688339999630399,1454.5074990944734,1590.9205485216937,-136.41304942722036,-91.32185159823263,69.25,72.60000000000014,3.3500000000001364,72.60000000000014,87.33214285714288,315891.25,Sell
644,2025-02-03T00:00:00+05:30,1170.0,1224.0,1121.15,1181.5,1151426,16.140119659280998,1412.5063453876312,1560.5931004830497,-148.08675509541854,-102.67483229766981,102.84999999999991,47.65000000000009,55.19999999999982,102.84999999999991,90.76071428571429,370040.2,Sell
645,2025-02-04T00:00:00+05:30,1190.15,1219.7,1145.0,1149.95,676685,17.983634257294725,1372.1130614818417,1530.175093039861,-158.06203155801927,-113.75227214973971,74.70000000000005,38.200000000000045,36.5,74.70000000000005,91.53928571428573,401173.95,Sell
646,2025-02-05T00:00:00+05:30,1165.0,1166.7,1110.0,1129.45,1269398,19.462895738319645,1334.7802827923276,1500.4917528146862,-165.71147002235853,-124.14411172426348,56.700000000000045,16.75,39.950000000000045,56.700000000000045,91.24285714285716,455800.25,Sell
647,2025-02-06T00:00:00+05:30,1136.3,1136.3,1100.0,1103.45,477635,21.282021863956892,1299.1910085165848,1471.081252606191,-171.89024408960609,-133.693338197332,36.299999999999955,6.849999999999909,29.450000000000045,36.299999999999955,90.57142857142858,471252.95,Sell
648,2025-02-07T00:00:00+05:30,1108.4,1118.0,1084.85,1108.3,505554,21.858871440641582,1269.823161052495,1444.2085672279545,-174.3854061754596,-141.83175179295753,33.15000000000009,14.549999999999955,18.600000000000136,33.15000000000009,87.64285714285715,487068.2,Sell
649,2025-02-10T00:00:00+05:30,1108.35,1121.95,1055.1,1063.4,330582,23.419792705995928,1238.0657516598035,1416.000525211069,-177.9347735512656,-149.05235614461915,66.85000000000014,13.650000000000091,53.200000000000045,66.85000000000014,89.38928571428573,494134.85,Sell
650,2025-02-11T00:00:00+05:30,1064.2,1068.85,1027.0,1034.5,389109,24.514304812968,1206.7479437121415,1387.7412270472862,-180.99328333514472,-155.44054158272428,41.84999999999991,5.449999999999818,36.40000000000009,41.84999999999991,87.175,509603.05,Sell
651,2025-02-12T00:00:00+05:30,1034.45,1034.45,995.7,999.85,398582,25.64735959402016,1174.9174908333505,1359.008543562302,-184.09105272895158,-161.17064381196974,38.75,0.049999999999954525,38.799999999999955,38.799999999999955,86.53571428571429,513988.25,Sell
652,2025-02-13T00:00:00+05:30,999.05,1048.65,997.0,1022.65,504651,24.713258165022147,1151.491723012835,1334.0930958910203,-182.6013728781852,-165.45678962521285,51.65000000000009,48.80000000000007,2.8500000000000227,51.65000000000009,85.18928571428572,536246.25,Sell
653,2025-02-14T00:00:00+05:30,1034.45,1034.45,987.05,1002.4,680218,24.73194819196309,1128.5545348570142,1309.52323693613,-180.9687020791157,-168.55917211599342,47.40000000000009,11.800000000000068,35.60000000000002,47.40000000000009,83.48928571428574,566530.3,No Signal
654,2025-02-17T00:00:00+05:30,1001.0,1013.6,981.85,999.6,295306,24.283355061029503,1108.7153756482428,1286.5659601260463,-177.85058447780352,-170.41745458835544,31.75,11.200000000000045,20.549999999999955,31.75,82.53928571428574,577823.45,No Signal
655,2025-02-18T00:00:00+05:30,1000.05,1009.95,966.0,982.95,303781,24.084644579286646,1089.366856317744,1264.0758890055984,-174.70903268785446,-171.27577020825524,43.950000000000045,10.350000000000023,33.60000000000002,43.950000000000045,63.167857142857166,588890.1,No Signal
656,2025-02-19T00:00:00+05:30,980.05,1017.0,966.3,1003.45,708533,22.16404954013886,1076.1488784227065,1244.7702675977762,-168.62138917506968,-170.74489400161812,50.700000000000045,34.049999999999955,16.65000000000009,50.700000000000045,53.517857142857174,620253.2,No Signal
657,2025-02-20T00:00:00+05:30,1010.0,1012.95,977.0,987.35,323373,20.405931411798836,1062.487512511521,1225.7020996275705,-163.21458711604964,-169.23883262450443,35.950000000000045,9.5,26.450000000000045,35.950000000000045,50.90000000000003,633401.3,No Signal
658,2025-02-21T00:00:00+05:30,987.35,1007.9,971.2,979.35,364957,17.805245069662483,1049.6971259712868,1207.4537959514541,-157.75666998016732,-166.942400095637,36.69999999999993,20.549999999999955,16.149999999999977,36.69999999999993,46.175000000000026,647903.5,No Signal
659,2025-02-24T00:00:00+05:30,977.4,983.55,955.0,963.05,147836,14.669917666688887,1036.366798898781,1189.3498110661612,-152.98301216738014,-164.15052250998565,28.549999999999955,4.199999999999932,24.350000000000023,28.549999999999955,42.87857142857145,651416.75,No Signal
660,2025-02-24T00:00:00+05:30,977.4,983.55,955.0,963.05,147836,9.050671756242616,1025.0872913758917,1172.5868620982974,-147.49957072240568,-160.82033215246966,28.549999999999955,20.5,8.049999999999955,28.549999999999955,40.867857142857154,653300.2,No Signal
661,2025-02-25T00:00:00+05:30,969.25,982.5,956.25,969.65,211385,7.827140141474566,1016.5584773180623,1157.554501942868,-140.99602462480573,-156.85547064693688,26.25,19.450000000000045,6.7999999999999545,26.25,40.15000000000002,647457.55,No Signal
