,Date,Open,High,Low,Close,Volume,Volatility,EMA12,EMA26,MACD,Signal Line,H-L,H-PC,L-PC,TR,ATR,Avg_Volume,Signal
0,2022-07-05T00:00:00+05:30,360.4,366.9,359.45,361.3,511387,,361.3,361.3,0.0,0.0,7.449999999999989,,,7.449999999999989,,,No Signal
1,2022-07-06T00:00:00+05:30,361.9,368.0,360.8,365.8,670766,,361.9923076923077,361.6333333333333,0.3589743589743648,0.07179487179487297,7.199999999999989,6.699999999999989,0.5,7.199999999999989,,,No Signal
2,2022-07-07T00:00:00+05:30,366.8,369.9,366.1,367.5,267928,,362.8396449704142,362.0679012345679,0.7717437358463144,0.21178464460516128,3.7999999999999545,4.099999999999966,0.30000000000001137,4.099999999999966,,,No Signal
3,2022-07-08T00:00:00+05:30,368.45,369.5,364.55,365.95,615151,,363.31816112881205,362.3554641060814,0.9626970227306515,0.36196712023025934,4.949999999999989,2.0,2.9499999999999886,4.949999999999989,,,No Signal
4,2022-07-11T00:00:00+05:30,367.15,372.75,364.65,370.7,667678,,364.45382864745636,362.9735778760013,1.4802507714550757,0.5856238504752227,8.100000000000023,6.800000000000011,1.3000000000000114,8.100000000000023,,,No Signal
5,2022-07-12T00:00:00+05:30,370.0,372.0,362.3,363.4,356220,,364.2917011632323,363.00516470000116,1.2865364632311298,0.7258063730264042,9.699999999999989,1.3000000000000114,8.399999999999977,9.699999999999989,,,No Signal
6,2022-07-13T00:00:00+05:30,364.2,369.65,363.15,368.35,311184,,364.91605483042736,363.401078425927,1.5149764045003735,0.8836403793211981,6.5,6.25,0.25,6.5,,,No Signal
7,2022-07-14T00:00:00+05:30,365.0,380.3,364.1,369.85,2620703,,365.6751233180539,363.8787763203028,1.7963469977511295,1.0661817030071845,16.19999999999999,11.949999999999989,4.25,16.19999999999999,,,No Signal
8,2022-07-15T00:00:00+05:30,367.5,376.4,367.05,370.95,2683866,,366.4866428075841,364.40257066694704,2.0840721406370335,1.2697597905331544,9.349999999999966,6.5499999999999545,2.8000000000000114,9.349999999999966,,,No Signal
9,2022-07-18T00:00:00+05:30,370.0,372.5,356.6,358.25,4131998,,365.2194669910327,363.9468246916176,1.272642299415054,1.2703362923095343,15.899999999999977,1.5500000000000114,14.349999999999966,15.899999999999977,,,No Signal
10,2022-07-19T00:00:00+05:30,358.6,361.8,356.5,357.3,1010344,,364.00108745395073,363.45446730705333,0.5466201468973964,1.1255930632271067,5.300000000000011,3.5500000000000114,1.75,5.300000000000011,,,No Signal
11,2022-07-20T00:00:00+05:30,359.8,364.3,358.15,358.8,1087072,,363.2009201533429,363.10969195097533,0.09122820236757434,0.9187200910552002,6.150000000000034,7.0,0.8499999999999659,7.0,,,No Signal
12,2022-07-21T00:00:00+05:30,359.9,360.5,353.75,354.65,1105199,,361.8853939759055,362.48304810275494,-0.5976541268494202,0.6154452474742762,6.75,1.6999999999999886,5.050000000000011,6.75,,,No Signal
13,2022-07-22T00:00:00+05:30,356.0,356.0,349.75,350.35,697284,,360.1107179796124,361.58430379884715,-1.4735858192347564,0.1976390341324697,6.25,1.3500000000000227,4.899999999999977,6.25,8.196428571428564,,No Signal
14,2022-07-25T00:00:00+05:30,350.9,352.85,345.65,347.3,729295,,358.1398382904413,360.5262072211548,-2.386368930713502,-0.3191625588367246,7.2000000000000455,2.5,4.7000000000000455,7.2000000000000455,8.178571428571425,,No Signal
15,2022-07-26T00:00:00+05:30,347.6,349.0,340.0,342.55,1051489,,355.7414016303734,359.19463631588405,-3.4532346855106653,-0.9459769841715128,9.0,1.6999999999999886,7.300000000000011,9.0,8.307142857142853,,No Signal
16,2022-07-27T00:00:00+05:30,343.0,353.1,340.4,351.45,2779425,,355.08118599493133,358.6209595517445,-3.539773556813145,-1.4647362986998393,12.700000000000045,10.550000000000011,2.150000000000034,12.700000000000045,8.921428571428574,,No Signal
17,2022-07-28T00:00:00+05:30,350.5,352.5,347.75,349.6,1195569,,354.23792661109576,357.9527403256893,-3.7148137145935607,-1.9147517818785837,4.75,1.0500000000000114,3.6999999999999886,4.75,8.90714285714286,,No Signal
18,2022-07-29T00:00:00+05:30,350.1,351.4,344.2,346.8,1064762,,353.0936302093887,357.1266114126753,-4.0329812032865675,-2.3383976661601804,7.199999999999989,1.7999999999999545,5.400000000000034,7.199999999999989,8.842857142857143,,No Signal
19,2022-08-01T00:00:00+05:30,347.3,350.95,346.9,350.15,662948,2.5790677866138854,352.6407640233289,356.60982538210675,-3.9690613587778216,-2.664530404683709,4.050000000000011,4.149999999999977,0.0999999999999659,4.149999999999977,8.446428571428571,1211013.4,No Signal
20,2022-08-02T00:00:00+05:30,350.0,351.55,346.75,350.2,834506,2.624884004060655,352.2652618658937,356.1350235019507,-3.869761636056978,-2.9055766509583627,4.800000000000011,1.400000000000034,3.3999999999999773,4.800000000000011,8.325000000000001,1227169.35,No Signal
21,2022-08-03T00:00:00+05:30,350.0,353.85,342.75,346.45,865943,2.6972621171733007,351.37060619421777,355.41761435365805,-4.047008159440281,-3.133862952654747,11.100000000000023,3.650000000000034,7.449999999999989,11.100000000000023,7.960714285714289,1236928.2,No Signal
22,2022-08-04T00:00:00+05:30,346.8,365.9,346.0,364.6,5084354,2.521917441685592,353.4058975489535,356.0977910682019,-2.691893519248424,-3.0454690659734824,19.899999999999977,19.44999999999999,0.44999999999998863,19.899999999999977,8.714285714285719,1477749.5,No Signal
23,2022-08-05T00:00:00+05:30,364.5,365.6,353.7,357.6,2571758,2.502173911415144,354.0511440798837,356.20906580389067,-2.1579217240069397,-2.867959597580174,11.900000000000034,1.0,10.900000000000034,11.900000000000034,8.428571428571436,1575579.85,No Signal
24,2022-08-08T00:00:00+05:30,358.25,364.0,357.15,360.7,765336,2.3208447683839157,355.0740449906708,356.5417275961951,-1.46768260552426,-2.5879041991689915,6.850000000000023,6.399999999999977,0.4500000000000455,6.850000000000023,8.539285714285723,1580462.75,No Signal
25,2022-08-10T00:00:00+05:30,362.0,367.2,358.0,364.55,1953364,2.3121096702058574,356.5318842228753,357.1349329594399,-0.603048736564574,-2.190933106648108,9.199999999999989,6.5,2.6999999999999886,9.199999999999989,8.69642857142858,1660319.95,No Signal
26,2022-08-11T00:00:00+05:30,369.0,382.9,367.55,381.7,3688609,2.5839709318006103,360.40390203474067,358.95456755503693,1.4493344797037366,-1.462879589377739,15.349999999999966,18.349999999999966,3.0,18.349999999999966,9.525000000000006,1829191.2,No Signal
27,2022-08-12T00:00:00+05:30,383.75,388.5,380.45,386.85,4788029,3.006574121656641,364.4725324909344,361.02089588429345,3.451636606640932,-0.4799763501740049,8.050000000000011,6.800000000000011,1.25,8.050000000000011,9.653571428571436,1937557.5,No Signal
28,2022-08-16T00:00:00+05:30,390.0,399.5,389.0,398.55,3566704,3.6561073346121455,369.71521980002143,363.8008295224939,5.914390277527502,0.7988969753662966,10.5,12.649999999999977,2.1499999999999773,12.649999999999977,10.042857142857144,1981699.4,No Signal
29,2022-08-17T00:00:00+05:30,399.0,401.75,396.4,399.85,1833176,4.302196591997179,374.35133983078737,366.4711384467536,7.8802013840337395,2.2151578570997854,5.350000000000023,3.1999999999999886,2.150000000000034,5.350000000000023,9.78214285714286,1866758.3,No Signal
30,2022-08-18T00:00:00+05:30,399.95,400.0,393.2,394.05,950106,4.741824818359168,377.38190293374316,368.51401708032745,8.867885853415714,3.5457034563629715,6.800000000000011,0.14999999999997726,6.650000000000034,6.800000000000011,9.360714285714286,1863746.4,No Signal
31,2022-08-19T00:00:00+05:30,395.0,396.3,384.9,388.3,1540261,5.020967249858965,379.0616101747058,369.97964544474763,9.081964729958145,4.652955711082006,11.400000000000034,2.25,9.150000000000034,11.400000000000034,9.835714285714289,1886405.85,No Signal
32,2022-08-22T00:00:00+05:30,385.05,388.0,382.05,383.25,785202,5.165543302575841,379.7059778401357,370.96263467106263,8.743343169073057,5.471033202680217,5.949999999999989,0.30000000000001137,6.25,6.25,9.767857142857148,1870406.0,Buy
33,2022-08-23T00:00:00+05:30,381.0,388.3,377.35,383.8,729321,5.169626560760366,380.33582740319173,371.9135506213543,8.422276781837411,6.061281918511656,10.949999999999989,5.050000000000011,5.899999999999977,10.949999999999989,10.253571428571433,1872007.85,Buy
34,2022-08-24T00:00:00+05:30,384.8,393.0,384.4,391.15,995669,5.093666541491803,381.99954626423914,373.3384727975503,8.661073466688833,6.581240228147092,8.600000000000023,9.199999999999989,0.5999999999999659,9.199999999999989,10.567857142857147,1885326.55,Buy
35,2022-08-25T00:00:00+05:30,392.25,394.05,383.0,384.95,866881,4.9703595938204685,382.45346222358694,374.1985859236577,8.254876299929265,6.9159674425035265,11.050000000000011,2.900000000000034,8.149999999999977,11.050000000000011,10.564285714285717,1876096.15,Buy
36,2022-08-26T00:00:00+05:30,385.4,388.5,381.8,382.55,673421,4.8768812442581915,382.46831418918896,374.8172091885719,7.651105000617065,7.062994954126235,6.699999999999989,3.5500000000000114,3.1499999999999773,6.699999999999989,9.621428571428575,1770795.95,Buy
37,2022-08-29T00:00:00+05:30,374.9,379.6,371.35,377.45,521915,4.72016590868702,381.69626585239064,375.01223073015916,6.684035122231478,6.987202987747284,8.25,2.9499999999999886,11.199999999999989,11.199999999999989,9.571428571428571,1737113.25,Sell
38,2022-08-30T00:00:00+05:30,379.0,382.2,375.2,378.2,638096,4.38142520598561,381.15837879817667,375.2483617871844,5.910017010992249,6.771765792396277,7.0,4.75,2.25,7.0,9.582142857142856,1715779.95,Sell
39,2022-09-01T00:00:00+05:30,381.1,384.8,371.4,372.5,1326893,4.142998937760433,379.8263205215341,375.0447794325782,4.781541088955919,6.373720851708206,13.400000000000034,6.600000000000023,6.800000000000011,13.400000000000034,9.882142857142858,1748977.2,Sell
40,2022-09-02T00:00:00+05:30,374.4,376.95,368.0,368.7,695563,3.8584726212490428,378.11457890283657,374.5747957709057,3.5397831319308466,5.806933307752734,8.949999999999989,4.449999999999989,4.5,8.949999999999989,9.210714285714289,1742030.05,No Signal
41,2022-09-05T00:00:00+05:30,369.0,374.45,365.75,371.2,833684,3.3001627370508357,377.05079753316943,374.32481089898675,2.725986634182675,5.190743973038723,8.699999999999989,5.75,2.9499999999999886,8.699999999999989,9.257142857142858,1740417.1,No Signal
42,2022-09-06T00:00:00+05:30,371.2,373.8,368.5,371.45,520169,3.2041354104302395,376.1891363742203,374.11186194350626,2.0772744307140556,4.568050064573789,5.300000000000011,2.6000000000000227,2.6999999999999886,5.300000000000011,8.732142857142861,1512207.85,No Signal
43,2022-09-07T00:00:00+05:30,370.0,377.5,370.0,376.15,594080,2.855605490644697,376.18311539357103,374.26283513287615,1.9202802606948808,4.038496103798008,7.5,6.050000000000011,1.4499999999999886,7.5,8.885714285714288,1413323.95,No Signal
44,2022-09-08T00:00:00+05:30,378.95,379.9,373.4,374.65,699348,2.6097624771781134,375.9472514868678,374.29151401192235,1.6557374749454539,3.5619443780274973,6.5,3.75,2.75,6.5,8.864285714285716,1410024.55,No Signal
45,2022-09-09T00:00:00+05:30,374.45,381.5,372.65,374.1,803322,2.437163037246731,375.6630589504266,374.277327788817,1.3857311616096126,3.1267017347439205,8.850000000000023,6.850000000000023,2.0,8.850000000000023,8.682142857142859,1352522.45,No Signal
46,2022-09-12T00:00:00+05:30,374.35,381.85,373.25,376.65,834757,2.441231032098615,375.81489603497636,374.45308128594166,1.3618147490346928,2.7737243376020753,8.600000000000023,7.75,0.8500000000000227,8.600000000000023,8.850000000000003,1209829.85,No Signal
47,2022-09-13T00:00:00+05:30,378.95,378.95,374.5,375.75,720710,2.4494444386932783,375.80491202959536,374.54914933883487,1.2557626907604913,2.4701320082337586,4.449999999999989,2.3000000000000114,2.1499999999999773,4.449999999999989,8.385714285714288,1006463.9,No Signal
48,2022-09-14T00:00:00+05:30,370.95,378.0,370.05,375.4,1003939,2.214906813923899,375.74261787119605,374.612175313736,1.1304425574600714,2.202194118079021,7.949999999999989,2.25,5.699999999999989,7.949999999999989,8.296428571428574,878325.65,No Signal
49,2022-09-15T00:00:00+05:30,376.1,377.4,368.1,370.9,581027,1.917209681170471,374.9975997371659,374.3371993645703,0.6604003725955749,1.893835368982332,9.299999999999955,2.0,7.2999999999999545,9.299999999999955,8.171428571428569,815718.2,No Signal
50,2022-09-16T00:00:00+05:30,370.8,372.65,359.45,361.3,1631876,1.9724237212547056,372.89027670067884,373.3714808931207,-0.48120419244185086,1.4188274566974954,13.199999999999989,1.75,11.449999999999989,13.199999999999989,8.635714285714284,849806.7,No Signal
51,2022-09-19T00:00:00+05:30,363.0,363.2,355.5,359.85,584590,2.1012709398631118,370.8840802851898,372.3698897158525,-1.485809430662698,0.8379000792254567,7.699999999999989,1.8999999999999773,5.800000000000011,7.699999999999989,8.385714285714284,802023.15,No Signal
52,2022-09-20T00:00:00+05:30,360.5,371.5,360.25,370.9,907081,1.994472789851703,370.8865294720837,372.2610089961597,-1.3744795240760368,0.39542415856515806,11.25,11.649999999999977,0.39999999999997726,11.649999999999977,8.71785714285714,808117.1,No Signal
53,2022-09-21T00:00:00+05:30,372.7,373.85,363.7,366.35,1147543,1.9977367143635782,370.18860186099386,371.82315647792564,-1.63455461693178,-0.010571596534229559,10.150000000000034,2.9500000000000455,7.199999999999989,10.150000000000034,8.485714285714282,829028.2,No Signal
54,2022-09-22T00:00:00+05:30,364.0,367.4,360.65,363.2,831080,1.788346251448069,369.11343234391785,371.18440414622745,-2.0709718023096,-0.4226516376893037,6.75,1.0499999999999545,5.7000000000000455,6.75,8.328571428571426,820798.75,No Signal
55,2022-09-23T00:00:00+05:30,363.5,366.95,355.15,356.75,734442,1.8870448821624628,367.21136582946895,370.1151890242847,-2.903823194815743,-0.9188859491145916,11.800000000000011,3.75,8.050000000000011,11.800000000000011,8.549999999999999,814176.8,No Signal
56,2022-09-26T00:00:00+05:30,356.0,360.5,350.25,356.35,882534,1.9510898479654541,365.5403864710891,369.0955453928562,-3.555158921767088,-1.446140543645091,10.25,3.75,6.5,10.25,8.903571428571427,824632.45,Sell
57,2022-09-27T00:00:00+05:30,358.15,361.8,354.1,360.35,719577,1.9495337001600739,364.74186547553694,368.4477272156076,-3.7058617400706453,-1.8980847829302019,7.699999999999989,5.449999999999989,2.25,7.699999999999989,8.917857142857141,834515.55,Sell
58,2022-09-28T00:00:00+05:30,360.0,373.5,357.2,369.15,1975774,1.8114779072282685,365.420040017762,368.4997474218589,-3.0797074040968937,-2.1344093071635406,16.30000000000001,13.149999999999977,3.150000000000034,16.30000000000001,9.617857142857142,901399.45,Sell
59,2022-09-29T00:00:00+05:30,370.75,386.9,370.0,382.85,6510407,1.925463861913311,368.1015723227217,369.5627290943138,-1.4611567715920728,-1.9997588000492472,16.899999999999977,17.75,0.8500000000000227,17.75,10.253571428571425,1160575.15,Buy
60,2022-09-30T00:00:00+05:30,384.8,388.2,380.75,386.9,1888130,2.16458202841908,370.9936381192261,370.8469713836239,0.14666673560219579,-1.5704736929189587,7.449999999999989,5.349999999999966,2.1000000000000227,7.449999999999989,10.171428571428565,1220203.5,Buy
61,2022-10-03T00:00:00+05:30,388.8,415.05,388.0,409.35,8017162,2.968765038499278,376.8946168701144,373.69904757742955,3.1955692926848656,-0.6172650957981939,27.05000000000001,28.150000000000034,1.1000000000000227,28.150000000000034,11.864285714285712,1579377.4,Buy
62,2022-10-04T00:00:00+05:30,414.0,421.5,405.7,419.9,4337417,3.8597702189015046,383.51082965932756,377.1213403494718,6.389489309855776,0.7840857853326001,15.800000000000011,12.149999999999977,3.650000000000034,15.800000000000011,12.424999999999999,1770239.8,Buy
63,2022-10-06T00:00:00+05:30,420.0,427.95,418.55,423.25,2923112,4.621220394579677,389.62454817327716,380.5382781013628,9.086270071914385,2.4445226426489572,9.399999999999977,8.050000000000011,1.349999999999966,9.399999999999977,12.432142857142859,1886691.4,Buy
64,2022-10-07T00:00:00+05:30,420.0,426.0,417.2,422.0,1928900,5.215828918922542,394.6053869158499,383.6095167605211,10.995870155328817,4.1547921451849295,8.800000000000011,2.75,6.050000000000011,8.800000000000011,12.117857142857146,1948169.0,Buy
65,2022-10-10T00:00:00+05:30,419.95,426.9,416.6,425.2,1378930,5.704557082061843,399.3122504672576,386.6902932967788,12.621957170478822,5.848225150243708,10.299999999999955,4.899999999999977,5.399999999999977,10.299999999999955,12.303571428571429,1976949.4,Buy
66,2022-10-11T00:00:00+05:30,425.25,426.85,414.0,415.9,1330820,6.105756667568067,401.86421193383336,388.8539752747952,13.010236659038185,7.280627452002604,12.850000000000023,1.650000000000034,11.199999999999989,12.850000000000023,12.389285714285718,2001752.55,Buy
67,2022-10-12T00:00:00+05:30,418.0,422.9,412.15,420.6,1014617,6.328308328768322,404.74664086708975,391.20553266184737,13.54110820524238,8.53272360265056,10.75,7.0,3.75,10.75,12.432142857142859,2016447.9,Buy
68,2022-10-13T00:00:00+05:30,420.6,423.7,412.9,414.75,612098,6.570864593948536,406.2856191952298,392.9495672794883,13.336051915741507,9.49338926526875,10.800000000000011,3.099999999999966,7.7000000000000455,10.800000000000011,12.721428571428573,1996855.85,Buy
69,2022-10-14T00:00:00+05:30,419.95,421.8,410.45,411.85,834730,6.666133030603881,407.1416777805791,394.34959933285955,12.792078447719518,10.153127101758905,11.350000000000023,7.050000000000011,4.300000000000011,11.350000000000023,12.689285714285717,2009541.0,Buy
70,2022-10-17T00:00:00+05:30,412.9,422.0,408.65,418.85,1269486,6.523007784033993,408.9429581220284,396.1644438267218,12.778514295306593,10.678204540468442,13.350000000000023,10.149999999999977,3.2000000000000455,13.350000000000023,12.91071428571429,1991421.5,Buy
71,2022-10-18T00:00:00+05:30,420.95,421.85,412.25,415.55,631823,6.407225478211122,409.9594261032548,397.60041095066833,12.359015152586494,11.014366662892053,9.600000000000023,3.0,6.600000000000023,9.600000000000023,13.046428571428578,1993783.15,Buy
72,2022-10-19T00:00:00+05:30,415.55,418.75,409.75,410.25,988383,6.376983363182978,410.00412977967716,398.5374175469151,11.466712232762063,11.104835776866055,9.0,3.1999999999999886,5.800000000000011,9.0,12.525000000000006,1997848.25,Buy
73,2022-10-20T00:00:00+05:30,409.75,415.9,408.65,414.3,452533,6.117345677027652,410.66503289049604,399.7050162471436,10.960016643352446,11.075871950163334,7.25,5.649999999999977,1.6000000000000227,7.25,11.775000000000006,1963097.75,Sell
74,2022-10-21T00:00:00+05:30,414.3,416.1,408.85,410.15,459121,5.827796614144265,410.58579706118894,400.4787187473552,10.107078313833767,10.882113222897422,7.25,1.8000000000000114,5.449999999999989,7.25,11.760714285714291,1944499.8,Sell
75,2022-10-24T00:00:00+05:30,415.8,417.35,412.0,413.1,171689,5.194357945131899,410.9725975133137,401.4136284697733,9.558969043540401,10.617484387026018,5.350000000000023,7.2000000000000455,1.8500000000000227,7.2000000000000455,10.264285714285721,1916362.15,No Signal
76,2022-10-25T00:00:00+05:30,414.0,420.35,410.4,417.4,870598,4.378212956292917,411.9614286651116,402.59780413867895,9.363624526432659,10.366712414907346,9.950000000000045,7.25,2.7000000000000455,9.950000000000045,9.84642857142858,1915765.35,No Signal
77,2022-10-27T00:00:00+05:30,419.5,434.9,416.6,433.6,2743738,3.52941662814358,415.2904396397098,404.8942630913694,10.396176548340406,10.37260524159396,18.299999999999955,17.5,0.7999999999999545,18.299999999999955,10.482142857142865,2016973.4,No Signal
78,2022-10-28T00:00:00+05:30,435.8,437.0,428.6,430.0,1469855,2.8148432062999214,417.5534489259083,406.75394730682353,10.799501619084765,10.457984517092122,8.399999999999977,3.3999999999999773,5.0,8.399999999999977,10.453571428571435,1991677.45,No Signal
79,2022-10-31T00:00:00+05:30,432.0,443.0,431.85,433.35,2059606,2.3560403145637436,419.98368755269166,408.7240252840959,11.259662268595775,10.618320067392853,11.149999999999977,13.0,1.8500000000000227,13.0,10.646428571428581,1769137.4,No Signal
80,2022-11-01T00:00:00+05:30,435.55,438.8,429.8,433.05,1391170,1.8327629155301104,421.9938894676622,410.52594933712584,11.467940130536363,10.788244080021554,9.0,5.449999999999989,3.5500000000000114,9.0,10.371428571428579,1744289.4,No Signal
81,2022-11-02T00:00:00+05:30,433.35,442.15,432.4,437.15,1732029,1.9353924234115094,424.3255987803295,412.49810123807947,11.827497542250057,10.996094772467256,9.75,9.099999999999966,0.6500000000000341,9.75,10.300000000000008,1430032.75,No Signal
82,2022-11-03T00:00:00+05:30,437.15,440.0,432.5,438.65,824790,2.1259985847716125,426.529352814125,414.43527892414767,12.094073889977324,11.215690595969269,7.5,2.8500000000000227,4.649999999999977,7.5,10.06428571428572,1254401.4,No Signal
83,2022-11-04T00:00:00+05:30,440.85,441.0,434.55,440.1,1099352,2.3113522025647106,428.617144688875,416.3363693742108,12.280775314664197,11.428707539708256,6.449999999999989,2.3500000000000227,4.099999999999966,6.449999999999989,9.714285714285719,1163213.4,No Signal
84,2022-11-07T00:00:00+05:30,447.2,453.95,441.25,451.05,2410835,2.6535612731943767,432.0683531982788,418.90774942056555,13.160603777713277,11.775086787309261,12.699999999999989,13.849999999999966,1.1499999999999773,13.849999999999966,9.75,1187310.15,No Signal
85,2022-11-09T00:00:00+05:30,451.05,453.45,445.05,448.4,1414273,2.929103613807562,434.58091424469745,421.0923605745977,13.488553670099748,12.117780163867359,8.399999999999977,2.3999999999999773,6.0,8.399999999999977,9.664285714285711,1189077.3,No Signal
86,2022-11-10T00:00:00+05:30,448.4,454.05,423.45,433.8,1876742,3.0111051047852633,434.4607735916671,422.0336671987016,12.42710639296547,12.179645409686982,30.600000000000023,5.650000000000034,24.94999999999999,30.600000000000023,11.207142857142856,1216373.4,Buy
87,2022-11-11T00:00:00+05:30,435.65,445.25,421.3,429.45,3680618,3.0291765378719795,433.6898853467952,422.58302518398295,11.106860162812268,11.96508836031204,23.94999999999999,11.449999999999989,12.5,23.94999999999999,12.399999999999997,1349673.45,Sell
88,2022-11-14T00:00:00+05:30,423.85,425.6,411.8,423.8,1245754,3.0023757231156227,432.1683645242113,422.6731714666509,9.495193057560414,11.471109299761714,13.800000000000011,3.849999999999966,17.649999999999977,17.649999999999977,13.142857142857139,1381356.25,Sell
89,2022-11-15T00:00:00+05:30,423.8,425.7,414.05,416.75,940629,2.9891983864365677,429.7963084435634,422.23441802467676,7.561890418886662,10.689265523586705,11.649999999999977,1.8999999999999773,9.75,11.649999999999977,13.460714285714277,1386651.2,Sell
90,2022-11-16T00:00:00+05:30,416.9,419.45,413.0,415.05,586964,3.041375535933991,427.5276456060921,421.70223891173777,5.825406694354342,9.716493757740233,6.449999999999989,2.6999999999999886,3.75,6.449999999999989,13.210714285714273,1352525.1,Sell
91,2022-11-17T00:00:00+05:30,416.8,418.5,407.05,408.4,803418,3.199179385292874,424.5849308974625,420.7168878812387,3.868043016223851,8.546803609436957,11.449999999999989,3.4499999999999886,8.0,11.449999999999989,12.72142857142856,1361104.85,Sell
92,2022-11-18T00:00:00+05:30,408.4,410.0,400.25,401.5,899165,3.4318763555820935,421.03340306708367,419.29341470485065,1.7399883622330208,7.18544055999617,9.75,1.6000000000000227,8.149999999999977,9.75,12.817857142857134,1356643.95,Sell
93,2022-11-21T00:00:00+05:30,401.0,401.4,395.05,397.1,654318,3.791251386626626,417.3513410567631,417.6494580600469,-0.29811700328383495,5.6887290473401695,6.349999999999966,0.10000000000002274,6.449999999999989,6.449999999999989,12.34999999999999,1366733.2,Sell
94,2022-11-22T00:00:00+05:30,395.2,397.9,390.0,392.25,1330001,4.202808354831676,413.4895962787995,415.76801672226566,-2.278420443466132,4.095299149178909,7.899999999999977,0.7999999999999545,7.100000000000023,7.899999999999977,12.27142857142856,1410277.2,Sell
95,2022-11-23T00:00:00+05:30,392.25,395.35,390.85,394.05,771780,4.490979763851903,410.49888915898424,414.1592747428386,-3.6603855838543495,2.5441622025722577,4.5,3.1000000000000227,1.3999999999999773,4.5,11.89642857142856,1440281.75,Sell
96,2022-11-24T00:00:00+05:30,395.05,396.6,390.6,393.0,954464,4.822792762064379,407.80675236529436,412.59192105818386,-4.785168692889499,1.0782960234799064,6.0,2.5500000000000114,3.4499999999999886,6.0,11.789285714285702,1444475.05,Sell
97,2022-11-25T00:00:00+05:30,395.0,404.0,392.4,402.1,1577119,4.7974691804386325,406.9287904629414,411.8147417205406,-4.885951257599231,-0.11455343273592113,11.600000000000023,11.0,0.6000000000000227,11.600000000000023,12.157142857142848,1386144.1,Sell
98,2022-11-28T00:00:00+05:30,404.15,404.95,398.95,399.95,601071,4.929178970011425,405.8551303917196,410.9358719634635,-5.080741571743886,-1.107791060537514,6.0,2.849999999999966,3.150000000000034,6.0,11.596428571428564,1342704.9,Sell
99,2022-11-29T00:00:00+05:30,400.85,408.5,400.0,405.35,756274,4.852389665515435,405.7774180237628,410.5221036698736,-4.744685646110838,-1.835169977652179,8.5,8.550000000000011,0.05000000000001137,8.550000000000011,11.607142857142852,1277538.3,No Signal
100,2022-11-30T00:00:00+05:30,407.4,410.95,404.25,409.9,972357,4.737595913576083,406.41166140472234,410.47602191654966,-4.064360511827317,-2.281008084487207,6.699999999999989,5.599999999999966,1.1000000000000227,6.699999999999989,9.899999999999993,1256597.65,No Signal
101,2022-12-01T00:00:00+05:30,413.0,414.35,408.35,411.15,607803,4.58562000982305,407.1406365732266,410.52594621902745,-3.3853096458008736,-2.5018683967499404,6.0,4.4500000000000455,1.5499999999999545,6.0,8.617857142857137,1200386.35,No Signal
102,2022-12-02T00:00:00+05:30,410.4,416.5,409.2,415.5,740858,4.345929624217202,408.42669248503785,410.8943946472476,-2.4677021622097755,-2.4950351498419074,7.300000000000011,5.350000000000023,1.9499999999999886,7.300000000000011,7.8785714285714255,1196189.75,No Signal
103,2022-12-05T00:00:00+05:30,418.1,418.1,410.65,413.45,596073,4.115827281790704,409.19950902580126,411.0836987474515,-1.8841897216502161,-2.3728660642035693,7.4500000000000455,2.6000000000000227,4.850000000000023,7.4500000000000455,7.57857142857143,1171025.8,No Signal
104,2022-12-06T00:00:00+05:30,413.0,414.35,408.0,410.15,391512,3.531761106062105,409.3457384064472,411.0145358772699,-1.6687974708227102,-2.2320523455273977,6.350000000000023,0.9000000000000341,5.449999999999989,6.350000000000023,7.571428571428576,1070059.65,No Signal
105,2022-12-07T00:00:00+05:30,410.3,413.15,404.6,405.25,594699,2.8490127855751064,408.7156248054553,410.58753321969436,-1.8719084142390443,-2.1600235592697272,8.549999999999955,3.0,5.5499999999999545,8.549999999999955,7.364285714285716,1029080.95,No Signal
106,2022-12-08T00:00:00+05:30,405.1,413.0,404.6,412.05,545872,2.426173263533758,409.22860560461606,410.6958640923096,-1.4672584876935275,-2.021470544954487,8.399999999999977,7.75,0.6499999999999773,8.399999999999977,7.267857142857143,962537.45,No Signal
107,2022-12-09T00:00:00+05:30,412.55,414.7,405.0,407.75,443442,2.110491509099729,409.0011278192905,410.4776519373237,-1.4765241180331827,-1.9124812595702265,9.699999999999989,2.6499999999999773,7.050000000000011,9.699999999999989,7.5,800678.65,No Signal
108,2022-12-12T00:00:00+05:30,408.95,410.3,403.2,405.85,771771,1.8749214716155027,408.51633892401503,410.1348629049293,-1.61852398091429,-1.8536898038390393,7.100000000000023,2.5500000000000114,4.550000000000011,7.100000000000023,7.442857142857146,776979.5,No Signal
109,2022-12-13T00:00:00+05:30,405.0,408.15,404.1,406.3,377060,1.7636580601763663,408.1753637049358,409.8507989860457,-1.6754352811098556,-1.8180388992932026,4.0499999999999545,2.2999999999999545,1.75,4.0499999999999545,7.410714285714286,748801.05,No Signal
110,2022-12-14T00:00:00+05:30,407.3,412.0,406.55,410.4,735277,1.6821527906677167,408.517615442638,409.8914805426349,-1.3738650999969195,-1.7292041394339461,5.449999999999989,5.699999999999989,0.25,5.699999999999989,7.389285714285713,756216.7,No Signal
111,2022-12-15T00:00:00+05:30,411.0,412.85,406.65,408.6,585464,1.6908398429963112,408.5302899899244,409.79581531725455,-1.2655253273301241,-1.6364683770131818,6.2000000000000455,2.4500000000000455,3.75,6.2000000000000455,7.003571428571429,745319.0,No Signal
112,2022-12-16T00:00:00+05:30,408.0,410.4,404.6,407.9,647685,1.6872446179110328,408.43332229916683,409.65538455301345,-1.222062253846616,-1.5535871523798688,5.7999999999999545,1.7999999999999545,4.0,5.7999999999999545,6.989285714285712,732745.0,No Signal
113,2022-12-19T00:00:00+05:30,407.9,411.4,404.6,409.25,758397,1.6231923532977546,408.5589650223719,409.625356067605,-1.0663910452331038,-1.4561479309505159,6.7999999999999545,3.5,3.2999999999999545,6.7999999999999545,6.864285714285708,737948.95,No Signal
114,2022-12-20T00:00:00+05:30,406.55,412.5,404.75,411.35,789110,1.4321156841106397,408.98835501893006,409.75310747000464,-0.7647524510745711,-1.317868834975327,7.75,3.25,4.5,7.75,6.939285714285709,710904.4,No Signal
115,2022-12-21T00:00:00+05:30,410.6,426.0,410.3,421.9,2697300,1.4146868997142898,410.97476193909466,410.65287728704135,0.3218846520533134,-0.9899181375695989,15.699999999999989,14.649999999999977,1.0500000000000114,15.699999999999989,7.632142857142851,807180.4,No Signal
116,2022-12-22T00:00:00+05:30,427.95,427.95,416.25,423.55,1769919,1.3542818811710922,412.9094139484647,411.60821971022347,1.3011942382412371,-0.5316956624074317,11.699999999999989,6.050000000000011,5.649999999999977,11.699999999999989,7.946428571428563,847953.15,No Signal
117,2022-12-23T00:00:00+05:30,423.5,430.0,418.9,420.3,2075717,1.3985064395305498,414.04642718716246,412.25205528724393,1.7943718999185307,-0.06648214994223921,11.100000000000023,6.449999999999989,4.650000000000034,11.100000000000023,8.207142857142847,872883.05,Buy
118,2022-12-26T00:00:00+05:30,421.0,423.35,416.15,420.75,762148,1.3536210412542151,415.0777460814452,412.881532673374,2.1962134080711735,0.3860569616604434,7.2000000000000455,3.0500000000000114,4.150000000000034,7.2000000000000455,8.267857142857135,880936.9,Buy
119,2022-12-27T00:00:00+05:30,423.0,423.0,417.15,419.3,547325,1.3626378698228696,415.7273236073767,413.35697469756855,2.370348909808172,0.7829153512899891,5.850000000000023,2.25,3.6000000000000227,5.850000000000023,8.074999999999998,870489.45,Buy
120,2022-12-28T00:00:00+05:30,420.55,420.85,414.35,415.25,518402,1.3748444953091863,415.65388920624184,413.49719879404495,2.1566904121968946,1.0576703634713702,6.5,1.5500000000000114,4.949999999999989,6.5,7.939285714285712,847791.7,Buy
121,2022-12-29T00:00:00+05:30,415.25,422.75,414.0,417.35,1298900,1.3855486502909737,415.9148293283585,413.78259147596754,2.132237852390972,1.2725838612552907,8.75,7.5,1.25,8.75,7.871428571428571,882346.55,Buy
122,2022-12-30T00:00:00+05:30,419.45,421.85,413.55,419.95,1222303,1.4197432063683164,416.53562481630337,414.23943655182177,2.2961882644816,1.4773047419005525,8.300000000000011,4.5,3.8000000000000114,8.300000000000011,7.9571428571428555,906418.8,Buy
123,2023-01-02T00:00:00+05:30,419.85,421.45,414.15,420.1,562491,1.4643017585669533,417.0839902291798,414.6735523627979,2.4104378663818693,1.6639313667968159,7.300000000000011,1.5,5.800000000000011,7.300000000000011,8.189285714285717,904739.7,Buy
124,2023-01-03T00:00:00+05:30,420.1,425.55,418.7,424.65,626223,1.5439980425305517,418.2479917323829,415.41254848407215,2.835443248310753,1.8982337430996035,6.850000000000023,5.449999999999989,1.400000000000034,6.850000000000023,8.271428571428576,916475.25,Buy
125,2023-01-04T00:00:00+05:30,425.95,427.35,419.8,423.85,482555,1.5361306272312942,419.10983915817013,416.0375448926594,3.0722942655107204,2.133045847581827,7.550000000000011,2.7000000000000455,4.849999999999966,7.550000000000011,8.367857142857146,910868.05,Buy
126,2023-01-05T00:00:00+05:30,425.0,433.3,423.4,432.3,2084601,1.72988008218155,421.1390946722978,417.24217119690684,3.896923475390963,2.4858213731436543,9.900000000000034,9.449999999999989,0.4500000000000455,9.900000000000034,8.660714285714294,987804.5,Buy
127,2023-01-06T00:00:00+05:30,434.2,435.7,428.0,430.7,2088416,1.8211890317699568,422.610003184252,418.2390474045434,4.370955779708595,2.8628482544566425,7.699999999999989,3.3999999999999773,4.300000000000011,7.699999999999989,8.72500000000001,1070053.2,Buy
128,2023-01-09T00:00:00+05:30,436.0,445.25,432.65,444.05,2054103,2.109238282065586,425.9084642328286,420.15096981902167,5.75749441380691,3.4417774863266963,12.600000000000023,14.550000000000011,1.9499999999999886,14.550000000000011,9.210714285714298,1134169.8,Buy
129,2023-01-10T00:00:00+05:30,443.5,458.7,442.0,457.35,3556161,2.6571882611310342,430.7456235816242,422.90645353613115,7.839170045493063,4.32125599815997,16.69999999999999,14.649999999999977,2.0500000000000114,16.69999999999999,9.282142857142869,1293124.85,Buy
130,2023-01-11T00:00:00+05:30,459.0,459.0,447.55,452.35,1541731,3.004470960773197,434.0693737998359,425.0874569778992,8.981916821936693,5.253388162915314,11.449999999999989,1.6499999999999773,9.800000000000011,11.449999999999989,9.264285714285725,1333447.55,Buy
131,2023-01-12T00:00:00+05:30,452.05,457.3,444.15,448.15,1554796,3.1449126921969084,436.2356239844765,426.7957934980548,9.43983048642167,6.090676627616586,13.150000000000034,4.949999999999989,8.200000000000045,13.150000000000034,9.410714285714297,1381914.15,Buy
132,2023-01-13T00:00:00+05:30,449.3,449.3,440.2,441.35,950057,3.1296520125943292,437.0224510637878,427.8738828685693,9.148568195218502,6.702254941136969,9.100000000000023,1.150000000000034,7.949999999999989,9.100000000000023,9.546428571428581,1397032.75,Buy
133,2023-01-16T00:00:00+05:30,442.75,444.05,437.3,439.1,408124,3.033302437164397,437.3420739770512,428.7054471005271,8.636626876524076,7.089129328214391,6.75,2.6999999999999886,4.050000000000011,6.75,9.610714285714295,1379519.1,Buy
134,2023-01-17T00:00:00+05:30,439.0,440.0,430.0,431.45,989688,2.930599990405457,436.43560105750487,428.9087473153029,7.526853742201979,7.176674211011909,10.0,0.8999999999999773,9.100000000000023,10.0,9.860714285714295,1389548.0,Buy
135,2023-01-18T00:00:00+05:30,432.7,445.6,432.0,443.45,1765081,2.890447690554778,437.5147393563503,429.985877143799,7.528862212551303,7.247111811319788,13.600000000000023,14.150000000000034,0.5500000000000114,14.150000000000034,10.246428571428583,1342937.05,Buy
136,2023-01-19T00:00:00+05:30,443.5,446.75,439.65,441.85,471685,2.917490815021606,438.1817025322964,430.8647010590731,7.317001473223286,7.261089743700488,7.100000000000023,3.3000000000000114,3.8000000000000114,7.100000000000023,10.160714285714297,1278025.35,Buy
137,2023-01-20T00:00:00+05:30,442.0,442.0,434.3,438.2,407298,2.8849124763662095,438.1845175273277,431.40805653617883,6.776460991148895,7.1641639931901695,7.699999999999989,0.14999999999997726,7.550000000000011,7.699999999999989,10.189285714285726,1194604.4,Sell
138,2023-01-23T00:00:00+05:30,440.4,447.65,436.0,444.3,1112000,2.8200626873927335,439.12536098466194,432.3630153112767,6.762345673385255,7.083800329229187,11.649999999999977,9.449999999999989,2.1999999999999886,11.649999999999977,10.532142857142864,1212097.0,Sell
139,2023-01-24T00:00:00+05:30,443.0,444.2,434.3,437.1,546716,2.753125927017952,438.81376698702167,432.71390306599693,6.099863921024735,6.887013047588297,9.899999999999977,0.10000000000002274,10.0,10.0,10.707142857142864,1212066.55,Sell
140,2023-01-25T00:00:00+05:30,438.0,438.55,425.3,426.65,750786,2.645968456715968,436.94241821978756,432.26472506110827,4.67769315867929,6.445149069806496,13.25,1.4499999999999886,11.800000000000011,13.25,10.946428571428575,1223685.75,Sell
141,2023-01-27T00:00:00+05:30,426.05,433.95,421.3,430.3,1307641,2.4461951869192387,435.9205077244356,432.11918987139654,3.801317853039052,5.916382826453008,12.649999999999977,7.300000000000011,5.349999999999966,12.649999999999977,11.300000000000002,1224122.8,Sell
142,2023-01-30T00:00:00+05:30,433.0,438.8,425.8,427.95,673077,2.3387917358555366,434.6942757668301,431.81036099203385,2.883914774796267,5.30988921612166,13.0,8.5,4.5,13.0,11.189285714285717,1196661.5,Sell
143,2023-01-31T00:00:00+05:30,427.95,434.2,425.7,431.55,403639,2.1570486418683434,434.21054103347166,431.7910749926239,2.4194660408477375,4.731804581066876,8.5,6.25,2.25,8.5,10.603571428571431,1188718.9,Sell
144,2023-02-01T00:00:00+05:30,434.1,444.5,430.85,435.45,1197903,2.029058772922301,434.4012270283222,432.0621064746518,2.339120553670398,4.25326777558758,13.649999999999977,12.949999999999989,0.6999999999999886,13.649999999999977,10.760714285714288,1217302.9,Sell
145,2023-02-02T00:00:00+05:30,434.0,440.95,430.6,432.85,425003,1.9167192250153313,434.1625767162726,432.1204689580109,2.042107758261693,3.811035772122403,10.349999999999966,5.5,4.849999999999966,10.349999999999966,10.560714285714283,1214425.3,Sell
146,2023-02-03T00:00:00+05:30,433.95,442.0,426.6,434.65,1461408,1.8918789096830722,434.2375649137691,432.30784162778787,1.9297232859812539,3.434773274894173,15.399999999999977,9.149999999999977,6.25,15.399999999999977,11.01071428571428,1183265.65,Sell
147,2023-02-06T00:00:00+05:30,452.0,476.5,446.95,470.15,7081137,2.2639343268275782,439.7625549270354,435.11096447017394,4.65159045686147,3.6781367112876326,29.55000000000001,41.85000000000002,12.300000000000011,41.85000000000002,13.517857142857139,1432901.7,Buy
148,2023-02-07T00:00:00+05:30,470.2,480.7,469.0,479.45,2592361,2.8712221452122746,445.8683157074915,438.3953374723833,7.472978235108201,4.4371050160517465,11.699999999999989,10.550000000000011,1.1499999999999773,11.699999999999989,13.639285714285709,1459814.6,Buy
149,2023-02-08T00:00:00+05:30,480.15,482.25,468.45,474.0,2189622,3.199170571091621,450.1962671371082,441.0327198818364,9.163547255271794,5.382393463895756,13.800000000000011,2.8000000000000114,11.0,13.800000000000011,13.614285714285709,1391487.65,Buy
150,2023-02-09T00:00:00+05:30,469.7,480.5,469.0,474.4,1144429,3.501480649412541,453.91991834678385,443.5043702609596,10.415548085824241,6.389024388281453,11.5,6.5,5.0,11.5,13.92857142857142,1371622.55,Buy
151,2023-02-10T00:00:00+05:30,473.5,477.45,471.75,473.5,378658,3.770953700289479,456.9322386011248,445.7262687601478,11.205969840977048,7.352413478820573,5.699999999999989,3.0500000000000114,2.6499999999999773,5.699999999999989,13.785714285714278,1312815.65,Buy
152,2023-02-13T00:00:00+05:30,476.85,476.85,466.15,471.45,554984,3.9757968914034456,459.16574035479795,447.63173033347016,11.534010021327788,8.188732787322015,10.700000000000045,3.3500000000000227,7.350000000000023,10.700000000000045,13.71785714285714,1293062.0,Buy
153,2023-02-14T00:00:00+05:30,473.8,474.9,467.75,473.0,638807,4.126664028515605,461.2940879925213,449.5108614198798,11.783226572641524,8.907631544385918,7.149999999999977,3.4499999999999886,3.6999999999999886,7.149999999999977,13.514285714285709,1304596.15,Buy
154,2023-02-15T00:00:00+05:30,470.8,474.7,465.9,469.3,703302,4.177507811978854,462.52576676290266,450.97672353692576,11.549043225976902,9.435913880704115,8.800000000000011,1.6999999999999886,7.100000000000023,8.800000000000011,13.196428571428568,1290276.85,Buy
155,2023-02-16T00:00:00+05:30,470.0,480.0,470.0,477.3,1319413,4.2763454385193285,464.7987257224561,452.9265958675239,11.872129854932211,9.923157075549735,10.0,10.699999999999989,0.6999999999999886,10.699999999999989,13.057142857142853,1267993.45,Buy
156,2023-02-17T00:00:00+05:30,477.3,479.15,469.45,470.65,591340,4.389464539249311,465.69892176515515,454.23944061807765,11.459481147077497,10.230421889855288,9.699999999999989,1.849999999999966,7.850000000000023,9.699999999999989,12.821428571428568,1273976.2,Buy
157,2023-02-20T00:00:00+05:30,473.35,473.35,461.75,464.45,738655,4.405505932692875,465.50677995513126,454.9957783500719,10.511001605059391,10.286537832896109,11.600000000000023,2.7000000000000455,8.899999999999977,11.600000000000023,13.042857142857141,1290544.05,Buy
158,2023-02-21T00:00:00+05:30,466.7,472.3,463.3,469.0,693825,4.377777039740809,466.0441984235726,456.0331281019184,10.011070321654188,10.231444330647724,9.0,7.850000000000023,1.1499999999999773,9.0,12.710714285714285,1269635.3,Sell
159,2023-02-22T00:00:00+05:30,467.7,469.45,460.1,464.25,715217,4.329218474462471,465.7681678968691,456.6417852795541,9.126382617315016,10.010431987981184,9.349999999999966,0.44999999999998863,8.899999999999977,9.349999999999966,12.639285714285714,1278060.35,Sell
160,2023-02-23T00:00:00+05:30,465.0,469.95,459.05,467.85,841905,4.027018618208658,466.0884497588892,457.47202340699454,8.616426351894688,9.731630860763884,10.899999999999977,5.699999999999989,5.199999999999989,10.899999999999977,12.317857142857141,1282616.3,No Signal
161,2023-02-24T00:00:00+05:30,468.5,471.65,461.5,466.45,892849,3.7679570393991937,466.1440728729063,458.13705871018016,8.007014162726136,9.386707521156335,10.149999999999977,3.7999999999999545,6.350000000000023,10.149999999999977,10.053571428571425,1261876.7,No Signal
162,2023-02-27T00:00:00+05:30,466.35,466.35,452.2,456.05,937558,3.463516727017973,464.5911385847669,457.9824617686853,6.608676816081584,8.831101380141385,14.150000000000034,0.0999999999999659,14.25,14.25,10.235714285714282,1275100.75,No Signal
163,2023-02-28T00:00:00+05:30,457.4,467.0,454.4,465.8,835580,3.0019557991838006,464.7771172640335,458.56153867470863,6.215578589324878,8.307996821978085,12.600000000000023,10.949999999999989,1.650000000000034,12.600000000000023,10.149999999999997,1296697.8,No Signal
164,2023-03-01T00:00:00+05:30,468.95,476.0,463.05,473.55,1468140,2.600080160619435,466.12679153110525,459.67179506917466,6.454996461930591,7.9373967499685865,12.949999999999989,10.199999999999989,2.75,12.949999999999989,10.253571428571425,1310209.65,No Signal
165,2023-03-02T00:00:00+05:30,474.0,476.5,465.2,466.75,652769,2.024884549606433,466.2226697570891,460.1961065455321,6.026563211557004,7.55523004228627,11.300000000000011,2.9499999999999886,8.350000000000023,11.300000000000011,10.653571428571427,1321597.95,No Signal
166,2023-03-03T00:00:00+05:30,469.1,474.65,468.1,472.95,708067,1.115074700817717,467.2576436406138,461.14083939401115,6.116804246602669,7.267544883149551,6.5499999999999545,7.899999999999977,1.3500000000000227,7.899999999999977,10.453571428571422,1283930.9,No Signal
167,2023-03-06T00:00:00+05:30,475.15,479.7,474.1,476.2,696260,1.1449777816092248,468.63339077282706,462.25633277223255,6.377058000594502,7.089447506638542,5.599999999999966,6.75,1.150000000000034,6.75,10.424999999999995,964687.05,No Signal
168,2023-03-08T00:00:00+05:30,475.0,479.35,470.25,471.45,732899,1.0655934563799012,469.0667152693152,462.9373451594746,6.129370109840579,6.897432027278949,9.100000000000023,3.150000000000034,5.949999999999989,9.100000000000023,10.446428571428568,871713.95,No Signal
169,2023-03-09T00:00:00+05:30,471.5,475.4,467.0,468.7,551900,1.053142218175395,469.01029753557435,463.364208480995,5.646089054579363,6.647163432739032,8.399999999999977,3.9499999999999886,4.449999999999989,8.399999999999977,10.282142857142853,789827.85,No Signal
170,2023-03-10T00:00:00+05:30,469.0,478.45,466.05,474.9,1956749,1.04497431528749,469.91640560702444,464.2187115564768,5.697694050547625,6.4572695563007505,12.399999999999977,9.75,2.6499999999999773,12.399999999999977,10.474999999999994,830443.85,No Signal
171,2023-03-13T00:00:00+05:30,477.3,477.3,461.45,466.2,764673,1.0585632482023084,469.3446508982515,464.3654736634045,4.979177234846986,6.161651092009998,15.850000000000023,2.400000000000034,13.449999999999989,15.850000000000023,10.778571428571423,849744.6,No Signal
172,2023-03-14T00:00:00+05:30,466.2,472.6,464.1,470.55,910043,1.0452834292771889,469.5300892215974,464.8235867253745,4.706502496222868,5.870621372852572,8.5,6.400000000000034,2.099999999999966,8.5,10.742857142857137,867497.55,No Signal
173,2023-03-15T00:00:00+05:30,472.5,476.0,469.2,473.4,835836,1.0425310097463398,470.1254601105824,465.45887659756903,4.666583513013393,5.629813800884737,6.800000000000011,5.449999999999989,1.3500000000000227,6.800000000000011,10.560714285714283,877349.0,No Signal
174,2023-03-16T00:00:00+05:30,473.4,488.3,470.05,479.65,1591260,1.1367202368157046,471.5907739397236,466.510070923675,5.080703016048574,5.519991643917504,18.25,14.900000000000034,3.349999999999966,18.25,11.085714285714285,921746.9,No Signal
175,2023-03-17T00:00:00+05:30,483.5,486.0,474.3,477.35,1061831,1.1429572398130674,472.4768087182277,467.31302863303245,5.163780085195242,5.448749332173052,11.699999999999989,6.350000000000023,5.349999999999966,11.699999999999989,11.196428571428571,908867.8,Sell
176,2023-03-20T00:00:00+05:30,472.05,478.0,468.85,476.2,637461,1.184183369485231,473.0496073769619,467.97132280836337,5.078284568598519,5.374656379458146,9.149999999999977,0.6499999999999773,8.5,9.149999999999977,10.832142857142856,911173.85,No Signal
177,2023-03-21T00:00:00+05:30,478.6,480.0,473.35,478.35,792610,1.204814866714488,473.8650523958908,468.7401137114476,5.1249386844432365,5.324712840455164,6.649999999999977,3.8000000000000114,2.849999999999966,6.649999999999977,10.407142857142853,913871.6,No Signal
178,2023-03-22T00:00:00+05:30,479.0,483.7,473.35,478.65,904617,1.2546194927449377,474.6011981811384,469.4741793624515,5.127018818686906,5.2851740361015125,10.349999999999966,5.349999999999966,5.0,10.349999999999966,10.221428571428564,924411.2,No Signal
179,2023-03-23T00:00:00+05:30,479.05,484.6,478.35,482.3,831735,1.2953220776757635,475.785629230194,470.42424015041803,5.361389079775961,5.3004170448364025,6.25,5.9500000000000455,0.2999999999999545,6.25,9.860714285714279,930237.1,No Signal
180,2023-03-24T00:00:00+05:30,483.5,487.0,478.8,480.7,938593,1.339311602667471,476.5416862717026,471.18540754668334,5.356278725019251,5.311589380872973,8.199999999999989,4.699999999999989,3.5,8.199999999999989,9.882142857142851,935071.5,No Signal
181,2023-03-27T00:00:00+05:30,475.25,486.6,475.05,481.9,841623,1.3614519104889127,477.3660422299022,471.97908106174384,5.3869611681583365,5.326663738330046,11.550000000000011,5.900000000000034,5.649999999999977,11.550000000000011,10.224999999999994,932510.2,No Signal
182,2023-03-28T00:00:00+05:30,481.9,489.0,478.2,484.75,707792,1.1535762485833554,478.50203573299416,472.9250750571702,5.576960675823955,5.376723125828828,10.800000000000011,7.100000000000023,3.6999999999999886,10.800000000000011,10.346428571428564,921021.9,No Signal
183,2023-03-29T00:00:00+05:30,487.1,493.15,483.5,490.35,1274332,1.250372813046381,480.32479946637966,474.2158102381206,6.108989228259077,5.523176346314878,9.649999999999977,8.399999999999977,1.25,9.649999999999977,10.43571428571428,942959.5,No Signal
184,2023-03-31T00:00:00+05:30,490.95,494.9,485.05,490.5,1114861,1.3999569574812072,481.8902149330905,475.4220465167783,6.468168416312153,5.712174760314333,9.849999999999966,4.5499999999999545,5.300000000000011,9.849999999999966,10.253571428571421,925295.55,No Signal
185,2023-04-03T00:00:00+05:30,498.0,498.0,489.2,492.4,708493,1.466322934692526,483.50710494338426,476.6796727007207,6.827432242663576,5.9352262567841825,8.800000000000011,7.5,1.3000000000000114,8.800000000000011,9.749999999999991,928081.75,No Signal
186,2023-04-05T00:00:00+05:30,488.0,494.2,486.0,493.1,690988,1.5830070076185414,484.9829349520944,477.89599324140806,7.086941710686347,6.165569347564616,8.199999999999989,1.8000000000000114,6.399999999999977,8.199999999999989,9.728571428571419,927227.8,No Signal
187,2023-04-06T00:00:00+05:30,492.0,497.05,490.5,494.15,904248,1.7055675544748399,486.3932526517722,479.0999937420445,7.293258909727683,6.39110725999723,6.550000000000011,3.9499999999999886,2.6000000000000227,6.550000000000011,9.710714285714277,937627.2,No Signal
188,2023-04-10T00:00:00+05:30,494.15,499.8,492.0,496.5,969467,1.7916495432881652,487.94813685919183,480.38888309448566,7.55925376470617,6.624736560939018,7.800000000000011,5.650000000000034,2.1499999999999773,7.800000000000011,8.964285714285706,949455.6,No Signal
189,2023-04-11T00:00:00+05:30,496.95,502.0,493.75,501.0,1219064,1.868940751673573,489.95611580393154,481.9156324948941,8.040483309037427,6.907885910558701,8.25,5.5,2.75,8.25,8.717857142857136,982813.8,No Signal
190,2023-04-12T00:00:00+05:30,503.0,505.9,498.4,504.6,1045538,2.040365908278277,492.20902106486517,483.59595601379084,8.61306505107433,7.248921738661827,7.5,4.899999999999977,2.6000000000000227,7.5,8.599999999999994,937253.25,No Signal
191,2023-04-13T00:00:00+05:30,504.5,506.75,501.75,503.65,749234,2.019692607138023,493.9691716702705,485.08144075351004,8.88773091676046,7.576683574281554,5.0,2.1499999999999773,2.8500000000000227,5.0,8.482142857142852,936481.3,No Signal
192,2023-04-17T00:00:00+05:30,506.45,509.2,500.1,502.0,1139769,1.9931992280978577,495.2046837209981,486.33466736436117,8.870016356636938,7.835350130752631,9.099999999999966,5.550000000000011,3.5499999999999545,9.099999999999966,8.392857142857139,947967.6,No Signal
193,2023-04-18T00:00:00+05:30,500.85,518.5,499.0,515.9,1727685,2.16523089366894,498.3885785331522,488.5246920040381,9.863886529114097,8.241057410424924,19.5,16.5,3.0,19.5,9.33928571428571,992560.05,No Signal
194,2023-04-19T00:00:00+05:30,518.75,519.4,513.5,517.1,1540124,2.3945110458159062,501.26725875882113,490.6413814852205,10.625877273600622,8.718021383060064,5.899999999999977,3.5,2.3999999999999773,5.899999999999977,9.174999999999995,990003.25,No Signal
195,2023-04-20T00:00:00+05:30,519.0,519.0,505.8,513.7,1264826,2.4856932982914777,503.17998818054093,492.3494273011301,10.830560879410825,9.140529282330217,13.199999999999989,1.8999999999999773,11.300000000000011,13.199999999999989,9.292857142857136,1000153.0,No Signal
196,2023-04-21T00:00:00+05:30,512.0,520.65,509.15,518.75,1112338,2.5453089302937455,505.5753746143039,494.3050252788242,11.270349335479693,9.566493292960113,11.5,6.949999999999932,4.550000000000068,11.5,9.342857142857136,1023896.85,No Signal
197,2023-04-24T00:00:00+05:30,518.9,524.3,515.4,516.95,798318,2.5739621790026717,507.3253169813341,495.9824308137261,11.342886167607958,9.921771867889682,8.899999999999977,5.5499999999999545,3.3500000000000227,8.899999999999977,9.289285714285707,1024182.25,No Signal
198,2023-04-25T00:00:00+05:30,515.25,519.9,513.3,518.65,639723,2.5564338381192244,509.0675759072827,497.66151001270936,11.406065894573317,10.218630673226409,6.600000000000023,2.949999999999932,3.650000000000091,6.600000000000023,9.057142857142853,1010937.55,No Signal
199,2023-04-26T00:00:00+05:30,518.65,521.25,515.0,516.7,385699,2.5312917937203583,510.24179499846997,499.0717685302864,11.17002646818355,10.408909832217837,6.25,2.6000000000000227,3.6499999999999773,6.25,8.874999999999996,988635.75,No Signal
200,2023-04-27T00:00:00+05:30,516.75,518.85,509.3,514.65,865434,2.409435583049848,510.91998038332076,500.22571160211703,10.694268781203732,10.465981622015017,9.550000000000011,2.1499999999999773,7.400000000000034,9.550000000000011,8.97142857142857,984977.8,No Signal
201,2023-04-28T00:00:00+05:30,515.0,520.85,514.95,519.9,428231,2.276697911293737,512.3015218628099,501.6830662982565,10.618455564553358,10.496476410522686,5.899999999999977,6.2000000000000455,0.3000000000000682,6.2000000000000455,8.946428571428571,964308.2,No Signal
202,2023-05-02T00:00:00+05:30,519.9,528.0,501.85,516.95,1269429,2.140235400349271,513.0166723454545,502.81395027616344,10.202722069291042,10.437725542276358,26.149999999999977,8.100000000000023,18.049999999999955,26.149999999999977,10.257142857142854,992390.05,Sell
203,2023-05-03T00:00:00+05:30,516.0,523.25,513.95,520.75,506509,2.065905425060796,514.2064150615385,504.1425465520032,10.063868509535268,10.36295413572814,9.299999999999955,6.2999999999999545,3.0,9.299999999999955,10.332142857142852,953998.9,Sell
204,2023-05-04T00:00:00+05:30,521.0,523.2,516.05,520.05,530332,1.958483964570728,515.105428128994,505.32087643704,9.78455169195405,10.247273646973323,7.150000000000091,2.4500000000000455,4.7000000000000455,7.150000000000091,10.307142857142859,924772.45,Sell
205,2023-05-05T00:00:00+05:30,522.6,524.6,514.8,517.0,451811,1.8221857913061117,515.3969007245335,506.18599670096296,9.210904023570492,10.039999722292757,9.800000000000068,4.550000000000068,5.25,9.800000000000068,10.650000000000006,911938.35,Sell
206,2023-05-08T00:00:00+05:30,517.2,526.25,516.0,525.4,661439,1.6992385244015993,516.9358390746053,507.60925620459534,9.32658287000993,9.897316351836192,10.25,9.25,1.0,10.25,10.732142857142865,910460.9,Sell
207,2023-05-09T00:00:00+05:30,525.3,530.85,521.5,524.95,1042675,1.5585627598970424,518.1687869092814,508.8937557449957,9.275031164285679,9.77285931432609,9.350000000000023,5.4500000000000455,3.8999999999999773,9.350000000000023,10.007142857142867,917382.25,Sell
208,2023-05-10T00:00:00+05:30,524.95,528.7,521.6,525.6,904802,1.409537236373364,519.3120504616996,510.13125531944047,9.180795142259171,9.654446479912705,7.100000000000023,3.75,3.3500000000000227,7.100000000000023,10.092857142857156,914149.0,Sell
209,2023-05-11T00:00:00+05:30,529.0,529.0,511.6,513.75,1233986,1.280368583905815,518.456350390669,510.3993104809634,8.057039909705566,9.334965165871278,17.399999999999977,3.3999999999999773,14.0,17.399999999999977,10.392857142857155,914895.1,Sell
210,2023-05-12T00:00:00+05:30,513.4,520.9,504.0,513.6,1015662,1.1712562107203706,517.7092195613352,510.6363985934846,7.072820967850589,8.882536326267141,16.899999999999977,7.149999999999977,9.75,16.899999999999977,10.77857142857144,913401.3,Sell
211,2023-05-15T00:00:00+05:30,513.6,519.35,512.5,517.75,532092,0.996332420492633,517.7154934749759,511.16333203100424,6.55216144397167,8.416461349808047,6.850000000000023,5.75,1.1000000000000227,6.850000000000023,10.63214285714287,902544.2,Sell
212,2023-05-16T00:00:00+05:30,518.0,522.0,515.0,516.1,352447,0.7129256495886965,517.4669560172873,511.52901113981875,5.937944877468567,7.920758055340151,7.0,4.25,2.75,7.0,10.660714285714297,863178.1,Sell
213,2023-05-17T00:00:00+05:30,515.5,520.0,513.55,518.8,414331,0.7017195870740602,517.6720397069354,512.0676029072396,5.604436799695804,7.457493804211282,6.4500000000000455,3.8999999999999773,2.550000000000068,6.4500000000000455,10.675000000000015,797510.4,Sell
214,2023-05-18T00:00:00+05:30,520.0,522.8,505.9,508.05,3376633,0.8476100570038949,516.1917259058685,511.7700026918885,4.421723213979931,6.850339686165012,16.899999999999977,4.0,12.899999999999977,16.899999999999977,11.200000000000014,889335.85,Sell
215,2023-05-19T00:00:00+05:30,511.0,514.75,491.45,494.7,3144835,1.356000564092498,512.8853065357348,510.5055580480449,2.3797484876898807,5.956221446469986,23.30000000000001,6.699999999999989,16.600000000000023,23.30000000000001,12.421428571428581,983336.3,Sell
216,2023-05-22T00:00:00+05:30,484.95,512.0,484.95,506.25,1230046,1.4029759583540296,511.86449014562174,510.1903315259675,1.6741586196542357,5.099808881106836,27.05000000000001,17.30000000000001,9.75,27.05000000000001,12.485714285714298,989221.7,Sell
217,2023-05-23T00:00:00+05:30,509.95,513.3,506.1,507.45,943626,1.452621061947542,511.1853378155261,509.9873440055255,1.1979938100006393,4.319445866885597,7.199999999999932,7.0499999999999545,0.14999999999997726,7.199999999999932,12.335714285714298,996487.1,Sell
218,2023-05-24T00:00:00+05:30,507.45,509.5,502.85,503.95,775925,1.5474186548066218,510.0722089208298,509.5401333384495,0.532075582380287,3.561971809984535,6.649999999999977,2.0500000000000114,4.599999999999966,6.649999999999977,12.300000000000002,1003297.2,Sell
219,2023-05-25T00:00:00+05:30,503.95,508.5,499.5,505.7,963307,1.594642322552894,509.39956139454824,509.25567901708285,0.14388237746538834,2.878353923480706,9.0,4.550000000000011,4.449999999999989,9.0,12.242857142857142,1032177.6,Sell
220,2023-05-26T00:00:00+05:30,508.0,513.75,504.3,508.25,977223,1.6107645034333706,509.22270579538696,509.1811842750767,0.0415215203102548,2.3109874428466157,9.449999999999989,8.050000000000011,1.3999999999999773,9.449999999999989,12.185714285714283,1037767.05,Sell
221,2023-05-29T00:00:00+05:30,508.95,514.0,507.05,512.05,489946,1.5797368022250564,509.6576741345582,509.39368914358954,0.2639849909686518,1.901586952471023,6.949999999999989,5.75,1.1999999999999886,6.949999999999989,12.014285714285709,1040852.8,Sell
222,2023-05-30T00:00:00+05:30,510.0,516.75,504.75,505.75,468836,1.6311599992948944,509.0564934984723,509.1237862440644,-0.06729274559205578,1.5078110128584072,12.0,4.7000000000000455,7.2999999999999545,12.0,12.364285714285709,1000823.15,Sell
223,2023-05-31T00:00:00+05:30,507.0,510.6,498.85,502.3,1103206,1.6727516334579866,508.0170329602458,508.6183205963559,-0.6012876361101007,1.0859912830647056,11.75,4.850000000000023,6.899999999999977,11.75,11.96071428571428,1030658.0,Sell
224,2023-06-01T00:00:00+05:30,502.3,514.4,500.8,513.4,888694,1.5995019829556396,508.8451817355926,508.9725190706999,-0.12733733510731327,0.8433255594303019,13.599999999999966,12.099999999999966,1.5,13.599999999999966,11.724999999999994,1048576.1,Sell
225,2023-06-02T00:00:00+05:30,513.5,520.85,513.4,518.0,1418223,1.5920084491609559,510.2536153147322,509.64122136175916,0.6123939529730364,0.7971392381388488,7.4500000000000455,7.4500000000000455,0.0,7.4500000000000455,11.767857142857139,1096896.7,Sell
226,2023-06-05T00:00:00+05:30,523.4,523.6,508.0,510.1,914296,1.4965296553262295,510.2299821893888,509.67520496459184,0.5547772247969647,0.748666835470472,15.600000000000023,5.600000000000023,10.0,15.600000000000023,12.382142857142854,1109539.55,Sell
227,2023-06-06T00:00:00+05:30,511.25,516.75,509.45,515.45,835026,1.3602848292857925,511.03306185255974,510.10296755980727,0.9300942927524716,0.7849523269268719,7.300000000000011,6.649999999999977,0.6500000000000341,7.300000000000011,12.442857142857138,1099157.1,Buy
228,2023-06-07T00:00:00+05:30,515.45,518.75,512.75,515.1,831746,1.2025883942361912,511.65874464447364,510.47311811093266,1.185626533540983,0.8650871682496941,6.0,3.2999999999999545,2.7000000000000455,6.0,11.664285714285711,1095504.3,No Signal
229,2023-06-08T00:00:00+05:30,518.9,520.5,510.3,512.95,1002681,1.203587241873028,511.85739931455464,510.6565908434562,1.200808471098469,0.9322314288194491,10.199999999999989,5.399999999999977,4.800000000000011,10.199999999999989,10.728571428571424,1083939.05,No Signal
230,2023-06-09T00:00:00+05:30,513.0,516.7,506.0,507.75,648256,1.2106349898388475,511.2254917277001,510.441287818015,0.7842039096851181,0.902625924992583,10.700000000000045,3.75,6.9500000000000455,10.700000000000045,9.560714285714283,1065568.75,No Signal
231,2023-06-12T00:00:00+05:30,511.0,512.95,504.0,510.0,756873,1.1510361218776288,511.0369545388232,510.40859983149534,0.6283547073278442,0.8477716814596352,8.950000000000045,5.2000000000000455,3.75,8.950000000000045,9.685714285714292,1076807.8,No Signal
232,2023-06-13T00:00:00+05:30,510.9,519.1,508.5,517.65,1471514,1.1532755111983186,512.054346148235,510.94499984397714,1.1093463042578833,0.9000866060192849,10.600000000000023,9.100000000000023,1.5,10.600000000000023,9.967857142857152,1132761.15,No Signal
233,2023-06-14T00:00:00+05:30,523.9,533.55,515.6,532.35,3017132,1.4284307107619891,515.1767544331219,512.53055541109,2.646199022031965,1.2493090892218208,17.949999999999932,15.899999999999977,2.0499999999999545,17.949999999999932,10.607142857142861,1262901.2,No Signal
234,2023-06-15T00:00:00+05:30,535.0,550.0,533.05,549.15,2854217,2.094472792931375,520.403407597257,515.2431068621203,5.16030073513673,2.0315074184048028,16.950000000000045,17.649999999999977,0.6999999999999318,17.649999999999977,11.192857142857147,1236780.4,No Signal
235,2023-06-16T00:00:00+05:30,552.15,559.3,548.35,551.55,1613429,2.4851472392543736,525.1951910438329,517.932506353815,7.262684690017863,3.077742872727415,10.949999999999932,10.149999999999977,0.7999999999999545,10.949999999999932,11.478571428571428,1160210.1,No Signal
236,2023-06-19T00:00:00+05:30,551.05,562.5,551.05,555.3,913731,2.9130321343784282,529.8267001140124,520.700468846125,9.12623126788742,4.287440551759416,11.450000000000045,10.950000000000045,0.5,11.450000000000045,11.439285714285717,1144394.35,No Signal
237,2023-06-20T00:00:00+05:30,556.7,557.75,553.5,556.0,634278,3.252792606143948,533.8533616349335,523.3152489315972,10.53811270333631,5.537574982074795,4.25,2.4500000000000455,1.7999999999999545,4.25,10.90357142857143,1128926.95,No Signal
238,2023-06-21T00:00:00+05:30,557.4,564.65,552.4,561.25,1122567,3.534917193257945,538.068229075713,526.1252304922197,11.942998583493363,6.8186597023585085,12.25,8.649999999999977,3.6000000000000227,12.25,10.807142857142862,1146259.05,No Signal
239,2023-06-22T00:00:00+05:30,560.8,562.65,547.9,551.55,483010,3.6944807126149906,540.1423476794495,528.0085467520553,12.13380092739419,7.881687947365646,14.75,1.3999999999999773,13.350000000000023,14.75,11.328571428571431,1122244.2,Buy
240,2023-06-23T00:00:00+05:30,552.1,560.7,547.9,556.0,1061035,3.7878738324322057,542.5819864979957,530.0819877333845,12.499998764611178,8.805350110814752,12.800000000000068,9.150000000000091,3.6499999999999773,12.800000000000068,11.128571428571433,1126434.8,No Signal
241,2023-06-26T00:00:00+05:30,559.85,563.35,557.3,561.5,678070,3.9198644661555146,545.4924501136886,532.4092479012819,13.083202212406718,9.660920531133145,6.050000000000068,7.350000000000023,1.2999999999999545,7.350000000000023,11.132142857142863,1135841.0,No Signal
242,2023-06-27T00:00:00+05:30,561.0,574.6,561.0,569.3,1244340,4.017515325535101,549.1551500961981,535.1418962048906,14.0132538913075,10.531387203168016,13.600000000000023,13.100000000000023,0.5,13.600000000000023,11.675000000000008,1174616.2,Buy
243,2023-06-28T00:00:00+05:30,572.0,589.1,565.35,582.0,2438810,4.139337138270835,554.2082039275523,538.6128668563802,15.595337071172139,11.54417717676884,23.75,19.800000000000068,3.949999999999932,23.75,12.642857142857151,1241396.4,Buy
244,2023-06-30T00:00:00+05:30,588.0,588.0,578.0,582.7,1546471,4.36194336472797,558.5915571694674,541.8785804225743,16.712976746893105,12.577937090793695,10.0,6.0,4.0,10.0,12.592857142857147,1274285.25,Buy
245,2023-07-03T00:00:00+05:30,586.95,594.3,577.5,578.45,1117674,4.520520419461469,561.6467022203185,544.5875744653465,17.059127754971996,13.474175223629356,16.799999999999955,11.599999999999909,5.2000000000000455,16.799999999999955,13.153571428571427,1259257.8,Buy
246,2023-07-04T00:00:00+05:30,581.4,582.85,571.2,574.95,702612,4.481689674023025,563.6933634171926,546.836643023469,16.85672039372355,14.150684257648194,11.649999999999977,4.399999999999977,7.25,11.649999999999977,13.228571428571424,1248673.6,Buy
247,2023-07-05T00:00:00+05:30,576.0,587.0,574.0,585.05,640064,4.439715362787091,566.9789998145476,549.6672620587676,17.311737755779973,14.782894957274552,13.0,12.049999999999955,0.9500000000000455,13.0,12.875,1238925.5,Buy
248,2023-07-06T00:00:00+05:30,585.0,592.0,580.6,589.95,771554,4.406084514270224,570.5129998430788,552.651168572933,17.861831270145785,15.3986822198488,11.399999999999977,6.9500000000000455,4.449999999999932,11.399999999999977,12.428571428571429,1235915.9,Buy
249,2023-07-07T00:00:00+05:30,586.0,589.95,580.05,582.95,446381,4.25826544643763,572.4263844826052,554.8955264564195,17.530858026185683,15.825117381116177,9.900000000000091,0.0,9.900000000000091,9.900000000000091,12.35357142857144,1208100.9,Buy
250,2023-07-10T00:00:00+05:30,585.2,588.1,580.25,582.0,716555,3.845560387776014,573.8992484083582,556.9032652374254,16.995983170932732,16.059290539079488,7.850000000000023,5.149999999999977,2.7000000000000455,7.850000000000023,12.09642857142858,1211515.85,Buy
251,2023-07-11T00:00:00+05:30,581.6,591.5,581.6,586.0,771650,3.3171550249670148,575.76090249938,559.0585789235421,16.70232357583791,16.187897146431173,9.899999999999977,9.5,0.39999999999997726,9.899999999999977,12.500000000000009,1212254.7,Buy
252,2023-07-12T00:00:00+05:30,587.0,595.15,583.9,592.5,1071735,2.8376952710286862,578.3361482687061,561.5357212255019,16.800427043204195,16.31040312578578,11.25,9.149999999999977,2.1000000000000227,11.25,12.428571428571436,1192265.75,Buy
253,2023-07-13T00:00:00+05:30,594.0,597.0,589.2,591.4,728283,2.559189276458514,580.3459716119821,563.7478900236129,16.59808158836927,16.367938818302477,7.7999999999999545,4.5,3.2999999999999545,7.7999999999999545,11.932142857142862,1077823.3,No Signal
254,2023-07-14T00:00:00+05:30,591.1,597.9,589.2,595.0,953089,2.5154448413362807,582.600437517831,566.0628611329748,16.537576384856152,16.401866331613213,8.699999999999932,6.5,2.199999999999932,8.699999999999932,11.639285714285709,982766.9,No Signal
255,2023-07-17T00:00:00+05:30,593.7,606.0,593.7,602.5,927778,2.5277968937208963,585.661908668934,568.7619084564582,16.90000021247579,16.50149310778573,12.299999999999955,11.0,1.2999999999999545,12.299999999999955,11.992857142857133,948484.35,No Signal
256,2023-07-18T00:00:00+05:30,603.05,605.8,594.7,601.2,601136,2.540771172428951,588.0523842583287,571.1647300522761,16.887654206052616,16.57872532743911,11.099999999999909,3.2999999999999545,7.7999999999999545,11.099999999999909,11.814285714285697,932854.6,No Signal
257,2023-07-19T00:00:00+05:30,602.95,608.8,595.3,607.6,598710,2.5545740141464623,591.0597097570474,573.8636389372928,17.196070819754596,16.702194425902206,13.5,7.599999999999909,5.900000000000091,13.5,11.08214285714284,931076.2,No Signal
258,2023-07-20T00:00:00+05:30,608.85,618.9,605.9,614.8,1258568,2.6680735876581245,594.712062102117,576.8959619789748,17.816100123142178,16.924975565350202,13.0,11.299999999999955,1.7000000000000455,13.0,11.296428571428553,937876.25,No Signal
259,2023-07-21T00:00:00+05:30,617.0,618.45,611.35,613.95,380669,2.5659692381104384,597.6717448556375,579.6407055360878,18.031039319549677,17.1461883161901,7.100000000000023,3.650000000000091,3.449999999999932,7.100000000000023,10.603571428571415,932759.2,No Signal
260,2023-07-24T00:00:00+05:30,613.2,616.5,611.75,614.8,474769,2.446027038270305,600.3068610316933,582.2450977185998,18.06176331309348,17.329303315570776,4.75,2.5499999999999545,2.2000000000000455,4.75,10.110714285714275,903445.9,No Signal
261,2023-07-25T00:00:00+05:30,614.95,624.0,613.0,621.0,742136,2.3991182447561368,603.4904208729713,585.1158312209258,18.37458965204553,17.538360582865728,11.0,9.200000000000045,1.7999999999999545,11.0,9.967857142857131,906649.2,No Signal
262,2023-07-26T00:00:00+05:30,623.0,625.1,618.95,623.9,669562,2.4438878858367237,606.6303561232834,587.9887326119683,18.64162351131506,17.759013168555594,6.149999999999977,4.100000000000023,2.0499999999999545,6.149999999999977,9.592857142857131,877910.3,No Signal
263,2023-07-27T00:00:00+05:30,625.0,656.6,623.75,648.2,2683670,2.898973099450818,613.0256859504706,592.4488264925633,20.57685945790729,18.322582426425935,32.85000000000002,32.700000000000045,0.14999999999997726,32.85000000000002,11.232142857142842,890153.3,No Signal
264,2023-07-28T00:00:00+05:30,645.2,646.55,637.8,642.7,567234,3.2164969188272696,617.5909650350136,596.1711356412623,21.419829393751343,18.942031819891017,8.75,1.650000000000091,10.400000000000091,10.400000000000091,11.414285714285702,841191.45,No Signal
265,2023-07-31T00:00:00+05:30,640.0,643.85,627.0,630.5,829589,3.2940164705690287,619.5769704142423,598.7140144826502,20.86295593159207,19.326216642231227,16.850000000000023,1.1499999999999773,15.700000000000045,16.850000000000023,11.910714285714278,826787.2,Buy
266,2023-08-01T00:00:00+05:30,635.0,641.9,629.3,636.0,1158131,3.238692407642589,622.1035903505127,601.4759393357872,20.62765101472553,19.58650351673009,12.600000000000023,11.399999999999977,1.2000000000000455,12.600000000000023,12.007142857142851,849563.15,Buy
267,2023-08-02T00:00:00+05:30,633.95,635.0,622.0,627.3,854611,3.2318963478975427,622.9030379888953,603.3888327183215,19.514205270573825,19.572043867498838,13.0,1.0,14.0,14.0,12.449999999999998,860290.5,Sell
268,2023-08-03T00:00:00+05:30,625.05,651.1,625.05,640.1,1433034,3.238842422352383,625.5487244521422,606.1081784428903,19.440546009251875,19.545744295849445,26.050000000000068,23.800000000000068,2.25,26.050000000000068,13.68928571428572,893364.5,Sell
269,2023-08-04T00:00:00+05:30,648.4,655.5,643.15,648.4,1321029,3.2309999825392075,629.0643053056588,609.2409059656392,19.82339934001959,19.601275304683476,12.350000000000023,15.399999999999977,3.0499999999999545,15.399999999999977,13.910714285714294,937096.9,Buy
270,2023-08-07T00:00:00+05:30,650.0,665.0,649.85,657.0,1162613,3.2351863694674554,633.3621044894036,612.7786166348511,20.58348785455246,19.797717814657272,15.149999999999977,16.600000000000023,1.4500000000000455,16.600000000000023,14.303571428571445,959399.8,Buy
271,2023-08-08T00:00:00+05:30,658.75,663.25,649.65,655.55,1213549,3.2237350910599782,636.7756268756492,615.9468672544917,20.828759621157474,20.003926175957314,13.600000000000023,6.25,7.350000000000023,13.600000000000023,14.310714285714303,981494.75,Buy
272,2023-08-09T00:00:00+05:30,657.5,664.75,654.75,660.3,1443259,3.2382967056327927,640.3947612024724,619.2322844948998,21.162476707572637,20.23563628228038,10.0,9.200000000000045,0.7999999999999545,10.0,14.09642857142859,1000070.95,Buy
273,2023-08-10T00:00:00+05:30,661.55,668.7,654.9,656.8,1304676,3.1523250089599677,642.9186440943997,622.0150782360183,20.9035658583814,20.369222197500587,13.800000000000068,8.400000000000091,5.399999999999977,13.800000000000068,14.57500000000002,1028890.6,Buy
274,2023-08-11T00:00:00+05:30,661.8,666.1,645.0,651.0,3089894,2.993881553271951,644.1619296183383,624.1621094777947,19.999820140543534,20.295341786109176,21.100000000000023,9.300000000000068,11.799999999999955,21.100000000000023,15.742857142857165,1135730.85,Sell
275,2023-08-14T00:00:00+05:30,656.9,656.9,636.6,639.45,1290976,2.844079219062191,643.4370173693632,625.2945458127729,18.142471556590294,19.8647677402054,20.299999999999955,5.899999999999977,14.399999999999977,20.299999999999955,16.407142857142876,1153890.75,Sell
276,2023-08-16T00:00:00+05:30,640.0,659.7,637.7,656.6,1808988,2.5929158981021243,645.4620916202304,627.6134683451601,17.84862327507028,19.461538847178378,22.0,20.25,1.75,22.0,17.539285714285736,1214283.35,Sell
277,2023-08-17T00:00:00+05:30,658.0,658.0,643.7,644.35,814071,2.41675905933956,645.2910006017333,628.8532114307038,16.43778917102952,18.85678891194861,14.299999999999955,1.3999999999999773,12.899999999999977,14.299999999999955,16.21428571428573,1225051.4,Sell
278,2023-08-18T00:00:00+05:30,650.9,658.85,643.85,648.75,2015185,2.2505015259185637,645.8231543553128,630.3270476210221,15.49610673429072,18.184652476417032,15.0,14.5,0.5,15.0,16.54285714285715,1262882.25,Sell
279,2023-08-21T00:00:00+05:30,649.95,656.7,645.1,653.0,1325235,2.048336405600611,646.9272844544954,632.0065255750204,14.920758879474988,17.531873757028624,11.600000000000023,7.9500000000000455,3.6499999999999773,11.600000000000023,16.16785714285715,1310110.55,Sell
280,2023-08-22T00:00:00+05:30,653.45,660.85,647.8,650.55,898696,1.8024730803188598,647.4846253076499,633.380116273167,14.10450903448293,16.846400812519487,13.050000000000068,7.850000000000023,5.2000000000000455,13.050000000000068,16.200000000000014,1331306.9,Sell
281,2023-08-23T00:00:00+05:30,652.9,656.45,641.85,646.05,727654,1.5990079375911732,647.2639137218576,634.3186261788584,12.945287542999267,16.066178158615443,14.600000000000023,5.900000000000091,8.699999999999932,14.600000000000023,16.242857142857158,1330582.8,Sell
282,2023-08-24T00:00:00+05:30,648.1,652.25,639.2,641.45,839703,1.4083750234639285,646.3694654569565,634.8468760915356,11.522589365420913,15.157460399976538,13.049999999999955,6.2000000000000455,6.849999999999909,13.049999999999955,15.31428571428572,1339089.85,Sell
283,2023-08-25T00:00:00+05:30,640.85,644.2,628.0,628.5,798065,1.5743969511224962,643.620316925117,634.3767371217922,9.243579803324792,13.974684280646189,16.200000000000045,2.75,13.450000000000045,16.200000000000045,15.371428571428583,1244809.6,Sell
284,2023-08-28T00:00:00+05:30,630.95,639.25,627.9,636.25,1127375,1.5876718099326121,642.4864220135605,634.5154973349928,7.970924678567712,12.773932360230495,11.350000000000023,10.75,0.6000000000000227,11.350000000000023,14.996428571428583,1272816.65,Sell
285,2023-08-29T00:00:00+05:30,636.0,641.0,629.85,631.75,1040561,1.584168938773414,640.834664780705,634.3106456805489,6.524019100156124,11.523949708215621,11.149999999999977,4.75,6.399999999999977,11.149999999999977,14.82142857142858,1283365.25,No Signal
286,2023-08-30T00:00:00+05:30,633.55,637.15,627.45,630.9,606196,1.6360279160893534,639.3062548144427,634.0580052597675,5.248249554675226,10.268809677507543,9.699999999999932,5.399999999999977,4.2999999999999545,9.699999999999932,14.800000000000002,1255768.5,No Signal
287,2023-08-31T00:00:00+05:30,632.1,633.85,622.2,626.0,1089237,1.6683298690343542,637.2591386891438,633.4611159812662,3.798022707877635,8.97465228358156,11.649999999999977,2.9500000000000455,8.699999999999932,11.649999999999977,14.646428571428569,1267499.8,No Signal
288,2023-09-01T00:00:00+05:30,625.85,629.1,612.6,613.95,1008229,2.041717287363842,633.6731173523525,632.015848130802,1.6572692215504503,7.511175671175339,16.5,3.1000000000000227,13.399999999999977,16.5,14.317857142857138,1246259.55,No Signal
289,2023-09-04T00:00:00+05:30,615.95,625.55,615.05,620.5,1201335,2.1779225302648015,631.6464839135291,631.1628223433353,0.48366157019381717,6.105672850979035,10.5,11.599999999999909,1.099999999999909,11.599999999999909,13.696428571428564,1240274.85,No Signal
290,2023-09-05T00:00:00+05:30,623.8,636.3,622.85,634.05,1144729,2.0790904759337545,632.01625561914,631.37668735494,0.6395682641999656,5.012451933623222,13.449999999999932,15.799999999999955,2.3500000000000227,15.799999999999955,13.253571428571417,1239380.65,No Signal
291,2023-09-06T00:00:00+05:30,638.0,643.95,634.4,636.4,943628,2.0083868942683525,632.69067783158,631.7487845879075,0.9418932436725527,4.198340195633088,9.550000000000068,9.900000000000091,0.35000000000002274,9.900000000000091,12.939285714285713,1225884.6,No Signal
292,2023-09-07T00:00:00+05:30,639.75,643.7,631.25,633.0,990927,1.8907289933017681,632.7382658574908,631.8414672110255,0.8967986464652995,3.5380318857995308,12.450000000000045,7.300000000000068,5.149999999999977,12.450000000000045,12.757142857142858,1203268.0,No Signal
293,2023-09-08T00:00:00+05:30,635.7,635.75,622.3,628.15,544572,1.8185853665819076,632.0323788024922,631.568025195394,0.46435360709824636,2.923296230059274,13.450000000000045,2.75,10.700000000000045,13.450000000000045,12.889285714285718,1165262.8,No Signal
294,2023-09-11T00:00:00+05:30,632.0,634.9,626.4,628.55,701381,1.7706883539880394,631.4966282174934,631.3444677735129,0.152160443980506,2.3690690728435206,8.5,6.75,1.75,8.5,12.564285714285713,1045837.15,No Signal
295,2023-09-12T00:00:00+05:30,629.75,643.0,623.8,627.75,879018,1.7949965300905313,630.9202238763405,631.0782109014008,-0.1579870250602653,1.8636578532627635,19.200000000000045,14.450000000000045,4.75,19.200000000000045,12.892857142857142,1025239.25,No Signal
296,2023-09-13T00:00:00+05:30,625.15,644.45,625.15,643.25,1167179,1.605740077300983,632.8171125107497,631.9798249087045,0.837287602045194,1.6583838030192497,19.300000000000068,16.700000000000045,2.6000000000000227,19.300000000000068,13.339285714285722,993148.8,No Signal
297,2023-09-14T00:00:00+05:30,648.3,648.5,637.25,639.9,780283,1.5888644998792334,633.9067875090959,632.5665045450968,1.3402829639991296,1.5947636352152257,11.25,5.25,6.0,11.25,12.985714285714291,991459.4,No Signal
298,2023-09-15T00:00:00+05:30,642.95,648.95,640.35,645.35,1436938,1.5418145970410353,635.6672817384658,633.5134301343489,2.1538516041168805,1.7065812289955566,8.600000000000023,9.050000000000068,0.4500000000000455,9.050000000000068,12.82142857142858,962547.05,No Signal
299,2023-09-18T00:00:00+05:30,645.35,653.9,640.6,643.4,1030256,1.4345045035426158,636.8569307017788,634.2457686429157,2.6111620588631013,1.8874973949690657,13.299999999999955,8.549999999999955,4.75,13.299999999999955,12.975000000000007,947798.1,No Signal
300,2023-09-20T00:00:00+05:30,645.0,646.95,623.6,624.75,1228062,1.3796668231986644,634.9943259784282,633.54237837307,1.4519476053581002,1.8003874370468727,23.350000000000023,3.550000000000068,19.799999999999955,23.350000000000023,13.950000000000014,964266.4,Sell
301,2023-09-21T00:00:00+05:30,628.5,635.3,613.85,615.65,1390821,1.4412144925367893,632.0182758279008,632.2170170121019,-0.19874118420113973,1.4005617127972703,21.449999999999932,10.549999999999955,10.899999999999977,21.449999999999932,14.65000000000001,997424.75,Sell
302,2023-09-22T00:00:00+05:30,616.0,618.8,594.3,595.6,1581468,1.9558187836329077,626.4154641620698,629.5046453815759,-3.089181219506031,0.50261312633661,24.5,3.1499999999999773,21.350000000000023,24.5,15.22142857142858,1034513.0,Sell
303,2023-09-25T00:00:00+05:30,591.1,606.0,589.15,603.35,1428844,2.1554576132758836,622.866931214059,627.5672642421998,-4.70033302814079,-0.53797610455887,16.850000000000023,10.399999999999977,6.4500000000000455,16.850000000000023,15.59642857142859,1066051.95,Sell
304,2023-09-26T00:00:00+05:30,603.45,605.95,596.5,598.05,963978,2.4151040522289966,619.0489417965115,625.3808002242591,-6.3318584277476475,-1.6967525691966256,9.450000000000045,2.6000000000000227,6.850000000000023,9.450000000000045,15.142857142857167,1057882.1,Sell
305,2023-09-27T00:00:00+05:30,599.15,607.9,596.25,605.15,1299692,2.4948417176061892,616.9106430585866,623.8822224298696,-6.971579371282928,-2.7517179296138865,11.649999999999977,9.850000000000023,1.7999999999999545,11.649999999999977,15.267857142857158,1070838.65,Sell
306,2023-09-28T00:00:00+05:30,609.95,609.95,599.1,602.75,5303814,2.618695962897009,614.7320825880348,622.3168726202496,-7.584790032214755,-3.7183323501340606,10.850000000000023,4.800000000000068,6.0499999999999545,10.850000000000023,15.153571428571443,1305719.55,Sell
307,2023-09-29T00:00:00+05:30,604.0,621.95,601.5,615.0,1132784,2.5814168485268345,614.773300651414,621.7748820557866,-7.001581404372587,-4.374982160981766,20.450000000000045,19.200000000000045,1.25,20.450000000000045,15.653571428571443,1307896.9,Sell
308,2023-10-03T00:00:00+05:30,616.4,618.0,608.1,611.05,1221938,2.614032729515768,614.2004851665811,620.9804463479505,-6.779961181369458,-4.855977965059305,9.899999999999977,3.0,6.899999999999977,9.899999999999977,15.753571428571442,1318582.35,Sell
309,2023-10-04T00:00:00+05:30,611.0,613.6,597.85,605.1,2247374,2.717401194673959,612.8004105255686,619.8041169888431,-7.003706463274511,-5.285523664702346,15.75,2.550000000000068,13.199999999999932,15.75,15.507142857142867,1370884.3,Sell
310,2023-10-05T00:00:00+05:30,605.05,613.2,600.5,605.05,1294635,2.741112062666249,611.6080396754811,618.711219434114,-7.103179758632905,-5.649054883488458,12.700000000000045,8.100000000000023,4.600000000000023,12.700000000000045,15.035714285714294,1378379.6,Sell
311,2023-10-06T00:00:00+05:30,607.3,610.65,599.6,603.75,1145725,2.7379250881239807,610.3991104946379,617.602980957513,-7.203870462875102,-5.960017999365787,11.049999999999955,5.600000000000023,5.449999999999932,11.049999999999955,15.021428571428576,1388484.45,Sell
312,2023-10-09T00:00:00+05:30,600.05,607.2,595.1,600.3,720986,2.775470606683429,608.8454011877704,616.3212786643638,-7.475877476593382,-6.2631898948113065,12.100000000000023,3.4500000000000455,8.649999999999977,12.100000000000023,15.239285714285716,1374987.4,Sell
313,2023-10-10T00:00:00+05:30,601.95,604.95,597.15,600.0,852136,2.810977170577571,607.4845702358058,615.1122950595961,-7.627724823790345,-6.536096880607115,7.800000000000068,4.650000000000091,3.1499999999999773,7.800000000000068,14.84642857142858,1390365.6,Sell
314,2023-10-11T00:00:00+05:30,603.3,607.0,598.0,599.85,1380342,2.8231532391177816,606.3100209687587,613.9817546848112,-7.671733716052472,-6.763224247696186,9.0,7.0,2.0,9.0,13.82142857142858,1424313.65,No Signal
315,2023-10-12T00:00:00+05:30,604.9,604.9,591.8,593.95,1231587,2.8960764270822006,604.4084792812574,612.4979210044548,-8.08944172319741,-7.0284677427964315,13.100000000000023,5.0499999999999545,8.050000000000068,13.100000000000023,13.225000000000014,1441942.1,No Signal
316,2023-10-13T00:00:00+05:30,588.5,594.75,587.5,591.95,1033792,2.7331429920048453,602.4917901610639,610.9758527819026,-8.4840626208387,-7.319586718404885,7.25,0.7999999999999545,6.4500000000000455,7.25,11.992857142857158,1435272.75,No Signal
317,2023-10-16T00:00:00+05:30,591.0,592.1,586.0,591.2,509125,2.5487429916209563,600.7545916747464,609.510974798058,-8.756383123311593,-7.606945999386228,6.100000000000023,0.14999999999997726,5.9500000000000455,6.100000000000023,11.225000000000014,1421714.85,No Signal
318,2023-10-17T00:00:00+05:30,593.3,597.4,588.45,590.3,1122317,2.1401889133561034,599.1461929555546,608.0879396278315,-8.94174667227685,-7.873906133964352,8.949999999999932,6.199999999999932,2.75,8.949999999999932,11.18928571428572,1405983.8,No Signal
319,2023-10-18T00:00:00+05:30,590.3,596.55,581.5,583.8,880308,1.6705337286810367,596.7852401931616,606.2888329887328,-9.503592795571194,-8.19984346628572,15.049999999999955,6.25,8.799999999999955,15.049999999999955,11.432142857142862,1398486.4,No Signal
320,2023-10-19T00:00:00+05:30,583.8,591.3,580.65,590.2,1011894,1.4321084165793663,595.7721263172906,605.09706758216,-9.32494126486938,-8.424863026002454,10.649999999999977,7.5,3.1499999999999773,10.649999999999977,11.417857142857144,1387678.0,No Signal
321,2023-10-20T00:00:00+05:30,590.0,590.2,573.5,578.9,1265465,1.5336605186530745,593.176414576169,603.1565440575555,-9.980129481386484,-8.73591631707926,16.700000000000045,0.0,16.700000000000045,16.700000000000045,11.150000000000002,1381410.2,No Signal
322,2023-10-23T00:00:00+05:30,585.0,592.45,567.95,570.35,1100411,1.9028593502152926,589.6646584875276,600.7264296829218,-11.061771195394158,-9.20108729274224,24.5,13.550000000000068,10.949999999999932,24.5,12.192857142857147,1357357.35,No Signal
323,2023-10-25T00:00:00+05:30,569.6,576.55,569.1,574.7,719859,2.056524333374691,587.3624033356003,598.7985460027054,-11.43614266710506,-9.648098367614805,7.449999999999932,6.199999999999932,1.25,7.449999999999932,11.599999999999998,1321908.1,No Signal
324,2023-10-26T00:00:00+05:30,571.9,574.4,567.75,571.3,452936,2.272008993411838,584.8912643608926,596.7616166691716,-11.870352308279053,-10.092549155747655,6.649999999999977,0.3000000000000682,6.9500000000000455,6.9500000000000455,11.189285714285713,1296356.0,No Signal
325,2023-10-27T00:00:00+05:30,574.0,579.85,572.5,575.05,544189,2.327825770105397,583.3772236899861,595.1533487677515,-11.776125077765414,-10.429264340151207,7.350000000000023,8.550000000000068,1.2000000000000455,8.550000000000068,11.010714285714291,1258580.85,No Signal
326,2023-10-30T00:00:00+05:30,578.0,582.45,574.25,580.25,788028,2.3170810500882815,582.8961123530652,594.0493970071773,-11.153284654112099,-10.574068402943386,8.200000000000045,7.400000000000091,0.7999999999999545,8.200000000000045,10.732142857142865,1032791.55,No Signal
327,2023-10-31T00:00:00+05:30,580.1,583.0,572.0,573.55,876894,2.2367657735935214,581.458248914132,592.5309231547938,-11.07267424066174,-10.673789570487058,11.0,2.75,8.25,11.0,10.960714285714289,1019997.05,No Signal
328,2023-11-01T00:00:00+05:30,575.4,577.0,570.25,575.4,369416,2.109781999703395,580.5262106196502,591.2619658840683,-10.735755264418117,-10.68618270927327,6.75,3.4500000000000455,3.2999999999999545,6.75,10.800000000000002,977370.95,No Signal
329,2023-11-02T00:00:00+05:30,578.9,580.5,571.55,577.8,858339,2.009187489549638,580.1067936012425,590.2647832259892,-10.15798962474662,-10.58054409236794,8.950000000000045,5.100000000000023,3.8500000000000227,8.950000000000045,10.503571428571433,907919.2,No Signal
330,2023-11-03T00:00:00+05:30,579.1,588.0,579.1,584.85,667824,1.8374208219818504,580.8365176625898,589.8636881722122,-9.027170509622351,-10.269869375818823,8.899999999999977,10.200000000000045,1.3000000000000682,10.200000000000045,10.714285714285722,876578.65,No Signal
331,2023-11-06T00:00:00+05:30,587.1,589.5,579.35,584.85,943223,1.682076110442459,581.4539764837299,589.4923038631595,-8.038327379429575,-9.823560976540975,10.149999999999977,4.649999999999977,5.5,10.149999999999977,11.003571428571433,866453.55,No Signal
332,2023-11-07T00:00:00+05:30,588.0,602.4,587.65,597.3,2232265,1.6077246232237454,583.8918262554638,590.0706517251476,-6.178825469683829,-9.094613875169546,14.75,17.549999999999955,2.7999999999999545,17.549999999999955,11.617857142857149,942017.5,No Signal
333,2023-11-08T00:00:00+05:30,601.5,634.0,598.05,625.2,4262389,2.0587745327094438,590.2469299084694,592.672825671433,-2.4258957629635916,-7.760870252728356,35.950000000000045,36.700000000000045,0.75,36.700000000000045,13.164285714285727,1112530.15,Buy
334,2023-11-09T00:00:00+05:30,625.2,627.55,609.15,612.45,1601334,2.265960021900027,593.6627868456279,594.1378015476231,-0.47501470199517826,-6.303699142581721,18.399999999999977,2.349999999999909,16.050000000000068,18.399999999999977,13.717857142857156,1123579.75,Buy
335,2023-11-10T00:00:00+05:30,609.5,621.15,606.05,619.9,1024488,2.5379730017425457,597.6992811770698,596.0461125440954,1.6531686329743707,-4.712325587470502,15.100000000000023,8.699999999999932,6.400000000000091,15.100000000000023,13.60357142857144,1113224.8,Buy
336,2023-11-12T00:00:00+05:30,624.5,624.8,619.85,623.35,109723,2.8320366524293923,601.6455456113667,598.0686227260143,3.5769228853524737,-3.0544758929059075,4.949999999999932,4.899999999999977,0.049999999999954525,4.949999999999932,12.207142857142864,1067021.35,Buy
337,2023-11-13T00:00:00+05:30,622.05,622.4,616.05,620.25,845300,3.0609955455921165,604.5077693634641,599.7116877092725,4.796081654191653,-1.4843643834863955,6.350000000000023,0.9500000000000455,7.300000000000068,7.300000000000068,12.196428571428587,1083830.1,Buy
338,2023-11-15T00:00:00+05:30,624.0,625.55,618.85,621.15,458592,3.2496358473258216,607.0681125383159,601.299710841919,5.768401696396836,-0.0338111675097492,6.699999999999932,5.2999999999999545,1.3999999999999773,6.699999999999932,12.178571428571436,1050643.85,Buy
339,2023-11-16T00:00:00+05:30,622.7,635.45,619.0,631.85,1293030,3.471942169686498,610.8807106093442,603.5626952239991,7.31801538534512,1.4365541430612248,16.450000000000045,14.300000000000068,2.1499999999999773,16.450000000000045,12.742857142857149,1071279.95,Buy
340,2023-11-17T00:00:00+05:30,634.8,639.9,632.85,636.55,996812,3.7441107591848497,614.8298320540605,606.0061992814806,8.823632772579913,2.9139698689649625,7.0499999999999545,8.049999999999955,1.0,8.049999999999955,12.732142857142858,1070525.85,Buy
341,2023-11-20T00:00:00+05:30,640.0,644.6,633.45,636.0,834768,3.926888055715125,618.0867809688204,608.2279622976672,9.858818671153244,4.302939629402619,11.149999999999977,8.050000000000068,3.099999999999909,11.149999999999977,12.742857142857142,1048991.0,Buy
342,2023-11-21T00:00:00+05:30,639.95,644.4,636.6,639.05,698901,3.9839284332447815,621.3118915890019,610.5110762015437,10.800815387458215,5.602514781013738,7.7999999999999545,8.399999999999977,0.6000000000000227,8.399999999999977,12.860714285714282,1028915.5,Buy
343,2023-11-22T00:00:00+05:30,642.4,649.05,639.4,642.05,798769,4.043717337951621,624.5023698060785,612.8472927792071,11.655077026871368,6.813027230185265,9.649999999999977,10.0,0.35000000000002274,10.0,12.93571428571428,1032861.0,Buy
344,2023-11-23T00:00:00+05:30,645.45,645.45,629.45,631.6,1008710,3.9835332156586682,625.5943129128357,614.2363822029696,11.357930709866082,7.722007926121428,16.0,3.400000000000091,12.599999999999909,16.0,13.34999999999999,1060649.7,Buy
345,2023-11-24T00:00:00+05:30,634.8,648.0,634.0,639.9,690395,3.855464319795826,627.7951878493225,616.1373909286756,11.657796920646888,8.50916572502652,14.0,16.399999999999977,2.3999999999999773,16.399999999999977,13.796428571428562,1067960.0,Buy
346,2023-11-28T00:00:00+05:30,639.9,641.05,628.1,629.8,606266,3.7653239545845487,628.1036204878883,617.1494360450699,10.95418444281836,8.998169468584889,12.949999999999932,1.1499999999999773,11.799999999999955,12.949999999999932,13.467857142857131,1058871.9,Buy
347,2023-11-29T00:00:00+05:30,633.25,637.85,630.05,635.05,777475,3.4578823944597956,629.1722942589824,618.4754037454351,10.696890513547373,9.337913677577387,7.800000000000068,8.050000000000068,0.25,8.050000000000068,11.421428571428562,1053900.95,No Signal
348,2023-11-30T00:00:00+05:30,635.55,640.75,633.45,637.55,1357375,3.1182270676732076,630.4611720652929,619.8883368013288,10.572835263964066,9.584897994854723,7.2999999999999545,5.7000000000000455,1.599999999999909,7.2999999999999545,10.628571428571417,1103298.9,No Signal
349,2023-12-01T00:00:00+05:30,641.7,648.95,637.5,639.7,1135068,2.7220248929276045,631.8825302090939,621.3558674086378,10.526662800456165,9.773250955975012,11.450000000000045,11.400000000000091,0.049999999999954525,11.450000000000045,10.367857142857133,1117135.35,No Signal
350,2023-12-04T00:00:00+05:30,648.0,648.35,630.0,633.4,883822,2.335512976058564,632.1159871000026,622.2480253783683,9.867961721634288,9.792193109106869,18.350000000000023,8.649999999999977,9.700000000000045,18.350000000000023,11.324999999999998,1127935.25,No Signal
351,2023-12-05T00:00:00+05:30,637.9,643.45,632.4,634.05,718008,1.7446451070574682,632.413527546156,623.1222457207114,9.291281825444685,9.692010852374432,11.050000000000068,10.050000000000068,1.0,11.050000000000068,11.59285714285714,1116674.5,No Signal
352,2023-12-06T00:00:00+05:30,637.65,644.0,634.0,635.45,1501698,1.284286219001006,632.8806771544397,624.0354127043623,8.845264450077366,9.52266157191502,10.0,9.950000000000045,0.049999999999954525,10.0,11.828571428571431,1080146.15,No Signal
353,2023-12-07T00:00:00+05:30,639.2,659.6,634.9,657.95,2533954,1.5160227284564236,636.7374960537567,626.547604355891,10.189891697865619,9.656107597105139,24.700000000000045,24.149999999999977,0.5500000000000682,24.700000000000045,12.417857142857144,993724.4,Buy
354,2023-12-08T00:00:00+05:30,661.3,664.95,630.85,638.55,2333950,1.3786684320012617,637.0163428147172,627.4366706998991,9.579672114818095,9.640820500647731,34.10000000000002,7.0,27.100000000000023,34.10000000000002,14.278571428571436,1030355.2,Sell
355,2023-12-11T00:00:00+05:30,644.45,645.3,632.0,633.6,1399797,1.2853567947085915,636.490751612453,627.8932136110177,8.597538001435282,9.432164000805242,13.299999999999955,6.75,6.5499999999999545,13.299999999999955,14.432142857142862,1049120.65,Sell
356,2023-12-12T00:00:00+05:30,636.8,640.3,633.6,635.4,1109868,1.208948366599573,636.3229436720756,628.4492718620535,7.873671810022074,9.12046556264861,6.699999999999932,6.699999999999932,0.0,6.699999999999932,14.310714285714287,1099127.9,Sell
357,2023-12-13T00:00:00+05:30,635.0,648.6,633.3,642.4,1415919,1.079729795187211,637.2578754148332,629.482659131531,7.775216283302143,8.851415706779317,15.300000000000068,13.200000000000045,2.1000000000000227,15.300000000000068,14.68928571428572,1127658.85,Sell
358,2023-12-14T00:00:00+05:30,647.0,650.0,640.95,643.8,1194291,0.945319245762548,638.2643561202434,630.5432028995658,7.721153220677593,8.625363209558973,9.049999999999955,7.600000000000023,1.4499999999999318,9.049999999999955,14.192857142857147,1164443.8,Sell
359,2023-12-15T00:00:00+05:30,647.0,650.55,642.35,645.9,953712,0.9578941209725066,639.4390705632828,631.6807434255239,7.758327137758897,8.451955995198958,8.199999999999932,6.75,1.4499999999999318,8.199999999999932,13.607142857142858,1147477.9,Sell
360,2023-12-18T00:00:00+05:30,655.0,682.35,651.1,680.6,6969702,1.6543688614488554,645.7715212458547,635.3043920606704,10.467129185184376,8.854990633196042,31.25,36.450000000000045,5.2000000000000455,36.450000000000045,15.285714285714294,1446122.4,Buy
361,2023-12-19T00:00:00+05:30,684.8,694.0,671.35,685.85,2817353,2.1965001422408608,651.9374410541848,639.0485111672874,12.888929886897358,9.661778483936306,22.649999999999977,13.399999999999977,9.25,22.649999999999977,16.32857142857143,1545251.65,Buy
362,2023-12-20T00:00:00+05:30,686.0,696.5,659.1,663.75,2162161,2.3676267284708734,653.7547578150794,640.8782510808217,12.87650673425776,10.304724134000598,37.39999999999998,10.649999999999977,26.75,37.39999999999998,18.47857142857143,1618414.65,Buy
363,2023-12-21T00:00:00+05:30,657.55,674.5,648.15,671.45,1404289,2.5061478476451358,656.4771027666056,643.1428250748348,13.334277691770808,10.91063484555464,26.350000000000023,10.75,15.600000000000023,26.350000000000023,19.542857142857144,1648690.65,Buy
364,2023-12-22T00:00:00+05:30,675.0,689.4,673.05,679.95,2027527,2.6629148940768057,660.0883177255894,645.8692824766989,14.219035248890464,11.572314926221805,16.350000000000023,17.949999999999932,1.599999999999909,17.949999999999932,19.51428571428571,1699631.5,Buy
365,2023-12-26T00:00:00+05:30,679.0,686.85,674.5,676.2,1323845,2.813691628295788,662.5670380754987,648.1160022932397,14.451035782258941,12.148059097429233,12.350000000000023,6.899999999999977,5.4500000000000455,12.350000000000023,19.60714285714285,1731304.0,Buy
366,2023-12-27T00:00:00+05:30,673.0,693.25,666.75,688.65,2108751,2.9399681156342616,666.5798014484989,651.1185206418886,15.461280806610262,12.810703439265438,26.5,17.049999999999955,9.450000000000045,26.5,20.785714285714278,1806428.25,Buy
367,2023-12-28T00:00:00+05:30,688.65,692.35,681.4,686.4,972278,3.073020167787609,669.6290627641145,653.7319635573043,15.89709920681014,13.427982592774379,10.950000000000045,3.7000000000000455,7.25,10.950000000000045,19.80357142857142,1816168.4,Buy
368,2023-12-29T00:00:00+05:30,687.95,691.8,683.35,689.2,786848,3.1807269264582563,672.6399761850199,656.3592255160225,16.28075066899737,13.998536208018978,8.449999999999932,5.399999999999977,3.0499999999999545,8.449999999999932,17.971428571428557,1787642.05,Buy
369,2024-01-01T00:00:00+05:30,688.1,707.2,685.0,699.15,2371842,3.3300293238098777,676.7184413873246,659.5289125148357,17.189528872488836,14.63673474091295,22.200000000000045,18.0,4.2000000000000455,22.200000000000045,18.60714285714285,1849480.75,Buy
370,2024-01-02T00:00:00+05:30,707.45,715.0,699.65,712.25,2433838,3.504741562102407,682.1848350200438,663.4341782544775,18.750656765566305,15.459519145843622,15.350000000000023,15.850000000000023,0.5,15.850000000000023,19.260714285714283,1926981.55,Buy
371,2024-01-03T00:00:00+05:30,712.4,716.0,708.95,710.4,921911,3.6317358658163186,686.5256296323448,666.9131280134051,19.612501618939746,16.290115640462847,7.0499999999999545,3.75,3.2999999999999545,7.0499999999999545,18.67142857142856,1937176.7,Buy
372,2024-01-04T00:00:00+05:30,712.0,715.85,707.0,709.15,1116138,3.6721650874782306,690.0063019965995,670.0417851975973,19.96451679900224,17.024995872170727,8.850000000000023,5.4500000000000455,3.3999999999999773,8.850000000000023,18.65714285714285,1917898.7,Buy
373,2024-01-05T00:00:00+05:30,713.0,715.35,706.0,714.25,1041423,3.8348138808655325,693.7361016894304,673.3164677755531,20.419633913877306,17.703923480512042,9.350000000000023,6.2000000000000455,3.1499999999999773,9.350000000000023,18.739285714285717,1843272.15,Buy
374,2024-01-08T00:00:00+05:30,717.0,720.7,708.6,710.7,1499381,3.8044184448017577,696.3459321987488,676.0856183106973,20.260313888051428,18.21520156201992,12.100000000000023,6.4500000000000455,5.649999999999977,12.100000000000023,17.0,1801543.7,No Signal
375,2024-01-09T00:00:00+05:30,714.75,719.0,711.1,713.0,689023,3.6228056698116142,698.9080964758643,678.8200169543494,20.088079521514942,18.589777153918927,7.899999999999977,8.299999999999955,0.39999999999997726,8.299999999999955,15.974999999999998,1766005.0,No Signal
376,2024-01-10T00:00:00+05:30,713.65,718.0,699.1,706.9,1083582,3.363016421190591,700.1376200949621,680.9000156984716,19.237604396490497,18.71934260243324,18.899999999999977,5.0,13.899999999999977,18.899999999999977,14.653571428571427,1764690.7,No Signal
377,2024-01-11T00:00:00+05:30,706.6,711.6,700.9,704.25,535437,3.0762051672634803,700.7702939265064,682.6296441652515,18.14064976125485,18.603604034197563,10.700000000000045,4.7000000000000455,6.0,10.700000000000045,13.535714285714286,1720666.6,No Signal
378,2024-01-12T00:00:00+05:30,708.05,708.25,696.65,703.95,642155,2.6964918749687268,701.2594794762747,684.2089297826403,17.050549693634366,18.292993166084923,11.600000000000023,4.0,7.600000000000023,11.600000000000023,13.082142857142864,1693059.8,No Signal
379,2024-01-15T00:00:00+05:30,704.35,724.45,700.3,716.85,1150461,2.2633852610947023,703.6580210953093,686.626786835778,17.03123425953129,18.040641384774197,24.15000000000009,20.5,3.650000000000091,24.15000000000009,13.925000000000011,1702897.25,No Signal
380,2024-01-16T00:00:00+05:30,716.95,717.05,698.9,706.85,1115241,2.2580438068166426,704.1490947729541,688.1248026257205,16.02429214723361,17.63737153726608,18.149999999999977,0.1999999999999318,17.950000000000045,18.149999999999977,13.328571428571438,1410174.2,No Signal
381,2024-01-17T00:00:00+05:30,705.9,711.0,698.8,709.7,918668,2.2458848914671248,705.0030801924996,689.7229653941856,15.280114798314003,17.165920189475667,12.200000000000045,4.149999999999977,8.050000000000068,12.200000000000045,13.417857142857153,1315239.95,No Signal
382,2024-01-18T00:00:00+05:30,711.4,713.65,686.0,708.9,768445,1.9450030758852739,705.6026063167304,691.1434864760978,14.459119840632638,16.624560119707063,27.649999999999977,3.949999999999932,23.700000000000045,27.649999999999977,14.789285714285727,1245554.15,No Signal
383,2024-01-19T00:00:00+05:30,714.45,727.5,710.0,720.55,1158529,1.7467035104092543,707.9022053449257,693.3217467371276,14.580458607798164,16.215739817325286,17.5,18.600000000000023,1.1000000000000227,18.600000000000023,14.532142857142869,1233266.15,No Signal
384,2024-01-20T00:00:00+05:30,725.25,725.95,701.1,703.75,443774,1.6080819825258854,707.2634045226295,694.0942099417848,13.169194580844646,15.606430770029158,24.850000000000023,5.400000000000091,19.449999999999932,24.850000000000023,15.175000000000011,1154078.5,No Signal
385,2024-01-23T00:00:00+05:30,706.6,732.5,706.6,729.15,2533646,1.4398954187572173,710.6305730576096,696.6909351312822,13.93963792632735,15.273072201288798,25.899999999999977,28.75,2.8500000000000227,28.75,16.725000000000016,1214568.55,Sell
386,2024-01-24T00:00:00+05:30,733.8,753.9,726.45,752.4,2330199,1.826950331081728,717.0566387410543,700.817532528965,16.23910621208927,15.466279003448893,27.449999999999932,24.75,2.699999999999932,27.449999999999932,18.053571428571438,1225640.95,Buy
387,2024-01-25T00:00:00+05:30,753.4,753.4,732.9,736.5,768082,1.8614363623700332,720.0479250885844,703.4606782675602,16.587246821024223,15.69047256696396,20.5,1.0,19.5,20.5,18.850000000000005,1215431.15,Buy
388,2024-01-29T00:00:00+05:30,739.9,750.45,733.55,748.5,517784,1.9629880203787964,724.4251673826484,706.796924321815,17.62824306083337,16.07802666573784,16.90000000000009,13.950000000000045,2.9500000000000455,16.90000000000009,19.192857142857154,1201977.95,Buy
389,2024-01-30T00:00:00+05:30,750.3,764.5,750.0,755.9,1126826,2.202209541513393,729.2674493237794,710.4341891868658,18.833260136913623,16.629073359973,14.5,16.0,1.5,16.0,19.742857142857158,1139727.15,Buy
390,2024-01-31T00:00:00+05:30,755.9,766.0,745.0,760.8,993266,2.500909998989496,734.1186109662749,714.1649899878387,19.95362097843622,17.293982883665645,21.0,10.100000000000023,10.899999999999977,21.0,19.89285714285716,1067698.55,Buy
391,2024-02-01T00:00:00+05:30,763.0,766.95,749.2,759.55,471177,2.72162269365993,738.0311323560787,717.5268425813321,20.504289774746667,17.93604426188185,17.75,6.150000000000091,11.599999999999909,17.75,20.396428571428583,1045161.85,Buy
392,2024-02-02T00:00:00+05:30,760.0,766.9,752.0,763.0,511333,2.9027434482486982,741.8724966089896,720.8952246123445,20.977271996645186,18.544289808834517,14.899999999999977,7.350000000000023,7.5499999999999545,14.899999999999977,20.632142857142867,1014921.6,Buy
393,2024-02-05T00:00:00+05:30,761.5,777.95,754.1,760.9,1160781,3.0548648706207655,744.7998048229913,723.8585413077263,20.94126351526495,19.023684550120606,23.850000000000023,14.950000000000045,8.899999999999977,23.850000000000023,20.61071428571429,1020889.5,Buy
394,2024-02-06T00:00:00+05:30,780.0,809.2,775.0,797.4,3627017,3.440702687137621,752.8921425425311,729.3060567664132,23.586085776117898,19.936164795320064,34.200000000000045,48.30000000000007,14.100000000000023,48.30000000000007,22.764285714285727,1127271.3,Buy
395,2024-02-07T00:00:00+05:30,804.85,804.85,786.55,789.65,823121,3.768678015780804,758.5471975359878,733.7759784874197,24.771219048568128,20.90317564596968,18.300000000000068,7.4500000000000455,10.850000000000023,18.300000000000068,23.200000000000014,1133976.2,Buy
396,2024-02-08T00:00:00+05:30,795.45,808.0,792.3,802.05,746665,4.019084028744075,765.2399363766051,738.8333134142775,26.40662296232756,22.003865109241257,15.700000000000045,18.350000000000023,2.6499999999999773,18.350000000000023,22.535714285714302,1117130.35,Buy
397,2024-02-09T00:00:00+05:30,806.0,820.95,768.8,805.05,2721642,4.215241735378106,771.364561549435,743.7382531613681,27.626308388066946,23.128353765006395,52.15000000000009,18.90000000000009,33.25,52.15000000000009,24.93214285714288,1226440.6,Buy
398,2024-02-12T00:00:00+05:30,809.75,863.35,803.05,856.65,6951210,4.716355626895113,784.4853982341374,752.102086260526,32.3833119736114,24.979345406727397,60.30000000000007,58.30000000000007,2.0,60.30000000000007,27.46428571428574,1541893.35,Buy
399,2024-02-13T00:00:00+05:30,856.0,866.85,844.85,857.8,1510782,5.305854839829101,795.7645677365778,759.9315613523389,35.83300638423884,27.150077602229686,22.0,10.200000000000045,11.799999999999955,22.0,26.982142857142883,1559909.4,Buy
400,2024-02-14T00:00:00+05:30,846.0,872.0,844.65,867.8,884541,5.698014176138616,806.8469419309504,767.9218160669805,38.925125863969924,29.505087254577735,27.350000000000023,14.200000000000045,13.149999999999977,27.350000000000023,26.97500000000003,1548374.4,Buy
401,2024-02-15T00:00:00+05:30,872.0,885.0,863.45,878.95,622903,6.036893745099601,817.9397200954196,776.1461259879449,41.793594107474746,31.96278862515714,21.549999999999955,17.200000000000045,4.349999999999909,21.549999999999955,27.05000000000003,1533586.15,Buy
402,2024-02-16T00:00:00+05:30,885.65,893.75,880.35,891.9,826132,6.306140385923851,829.3182246961243,784.7204870258748,44.597737670249444,34.4897784341756,13.399999999999977,14.799999999999955,1.3999999999999773,14.799999999999955,26.900000000000016,1536470.5,Buy
403,2024-02-19T00:00:00+05:30,897.15,910.0,892.4,907.55,1032096,6.616342876103628,841.3538824351821,793.8189694684027,47.534912966779416,37.098805340696366,17.600000000000023,18.100000000000023,0.5,18.100000000000023,27.05000000000002,1530148.85,Buy
404,2024-02-20T00:00:00+05:30,908.0,912.8,892.5,895.75,1009373,6.678797768170491,849.7225159066925,801.3694161744469,48.353099732245596,39.349664219006215,20.299999999999955,5.25,15.049999999999955,20.299999999999955,27.000000000000018,1558428.8,Buy
405,2024-02-21T00:00:00+05:30,896.95,902.65,889.0,893.8,795916,6.717573719464431,856.5036673056628,808.2161260874508,48.28754121821203,41.13723961884738,13.649999999999977,6.899999999999977,6.75,13.649999999999977,26.707142857142873,1471542.3,Buy
406,2024-02-22T00:00:00+05:30,896.0,907.5,889.0,904.3,940029,6.791810274137921,863.8569492586378,815.333450080973,48.5234991776648,42.61449153061087,18.5,13.700000000000045,4.7999999999999545,18.5,26.96428571428573,1402033.8,Buy
407,2024-02-23T00:00:00+05:30,900.05,937.0,898.1,923.25,1568847,6.713078916940917,872.9943416803858,823.3272685934935,49.66707308689229,44.02500784186716,38.89999999999998,32.700000000000045,6.199999999999932,38.89999999999998,28.03928571428573,1442072.05,Buy
408,2024-02-26T00:00:00+05:30,928.1,948.15,922.55,942.55,1420030,6.742155432323288,883.6952121910956,832.1585820310125,51.536630160083064,45.52733230551034,25.600000000000023,24.899999999999977,0.7000000000000455,25.600000000000023,26.41785714285715,1487184.35,Buy
409,2024-02-27T00:00:00+05:30,947.0,953.65,938.5,942.85,860496,6.804913565149251,892.7959487770809,840.3579463250117,52.43800245206921,46.90946633482212,15.149999999999977,11.100000000000023,4.0499999999999545,15.149999999999977,26.192857142857147,1473867.85,Buy
410,2024-02-28T00:00:00+05:30,946.45,951.95,925.05,932.6,643023,6.7627677032247036,898.9196489652223,847.1906910416775,51.72895792354484,47.873364652566664,26.90000000000009,9.100000000000023,17.800000000000068,26.90000000000009,26.803571428571438,1456355.7,Buy
411,2024-02-29T00:00:00+05:30,934.45,948.65,922.55,941.9,1151822,6.490885800629886,905.5320106628805,854.2061954089606,51.325815253919814,48.563854772837296,26.100000000000023,16.049999999999955,10.050000000000068,26.100000000000023,24.942857142857147,1490387.95,No Signal
412,2024-03-01T00:00:00+05:30,948.35,948.35,923.6,925.35,1099628,6.174950123768419,908.5809320993604,859.4761068601488,49.104825239211664,48.67204886611217,24.75,6.4500000000000455,18.299999999999955,24.75,22.40357142857143,1519802.7,No Signal
413,2024-03-02T00:00:00+05:30,925.55,931.05,919.2,921.7,97012,5.544126272319104,910.5992502379204,864.0852841297674,46.513966108153,48.24043231452034,11.849999999999909,5.699999999999932,6.149999999999977,11.849999999999909,21.67857142857142,1466614.25,No Signal
414,2024-03-04T00:00:00+05:30,921.7,952.05,921.7,946.25,1542314,5.137262986907213,916.083980970548,870.1715593794142,45.91242159113381,47.774830169843035,30.34999999999991,30.34999999999991,0.0,30.34999999999991,21.892857142857128,1362379.1,No Signal
415,2024-03-05T00:00:00+05:30,953.0,956.6,939.3,953.75,928697,4.632589155639617,921.8787531289253,876.3625549809391,45.51619814798619,47.32310376547167,17.300000000000068,10.350000000000023,6.9500000000000455,17.300000000000068,21.589285714285705,1367657.9,No Signal
416,2024-03-06T00:00:00+05:30,952.9,964.9,934.35,961.85,840117,4.1433442453532905,928.0281757244752,882.6949583156843,45.333217408790915,46.92512649413552,30.549999999999955,11.149999999999977,19.399999999999977,30.549999999999955,22.714285714285705,1372330.5,No Signal
417,2024-03-07T00:00:00+05:30,962.0,981.95,958.05,976.75,921521,3.5601163293528657,935.5238409976329,889.6619984404484,45.861842557184445,46.71246970674531,23.90000000000009,20.100000000000023,3.800000000000068,23.90000000000009,23.128571428571426,1282324.45,No Signal
418,2024-03-11T00:00:00+05:30,985.95,1015.5,980.5,994.45,1932290,3.619187952639056,944.589403921074,897.4240726300449,47.16533129102913,46.803042023602075,35.0,38.75,3.75,38.75,24.446428571428573,1031378.45,No Signal
419,2024-03-12T00:00:00+05:30,999.7,1007.45,980.0,987.7,1139238,3.574945302655441,951.2218033178318,904.1111783611526,47.1106249566792,46.8645586102175,27.450000000000045,13.0,14.450000000000045,27.450000000000045,25.43214285714286,1012801.25,Buy
420,2024-03-13T00:00:00+05:30,984.2,996.9,960.85,968.65,1221703,3.4236369347663103,953.9030643458577,908.891831815882,45.0112325299757,46.49389339416914,36.049999999999955,9.199999999999932,26.850000000000023,36.049999999999955,26.685714285714287,1029659.35,Sell
421,2024-03-14T00:00:00+05:30,970.95,999.9,962.15,995.3,1275922,3.3249784241763845,960.2718236772643,915.2924368665574,44.97938681070684,46.190992077476686,37.75,31.25,6.5,37.75,26.60357142857143,1062310.3,Sell
422,2024-03-15T00:00:00+05:30,980.95,994.65,971.25,983.9,1066140,3.2911966729785864,963.9069277269159,920.3744785801457,43.532449146770205,45.659283491335394,23.399999999999977,0.6499999999999773,24.049999999999955,24.049999999999955,26.49285714285714,1074310.7,Sell
423,2024-03-18T00:00:00+05:30,983.9,1009.9,973.1,991.25,1710784,3.2981732446418235,968.1135542304673,925.6245172038386,42.489037026628694,45.02523419839406,36.799999999999955,26.0,10.799999999999955,36.799999999999955,28.03928571428571,1108245.1,Sell
424,2024-03-19T00:00:00+05:30,993.0,997.3,967.1,969.85,924503,3.138489876465574,968.3806997334724,928.9004788924432,39.48022084102922,43.916231526921095,30.199999999999932,6.0499999999999545,24.149999999999977,30.199999999999932,28.274999999999984,1104001.6,Sell
425,2024-03-20T00:00:00+05:30,969.85,984.0,946.25,971.4,1849050,2.809538331228545,968.8452074667844,932.048591567077,36.796615899707376,42.492308401478354,37.75,14.149999999999977,23.600000000000023,37.75,29.10714285714284,1156658.3,Sell
426,2024-03-21T00:00:00+05:30,979.9,995.0,972.0,993.15,797283,2.564595923530709,972.5844063180483,936.5746218213676,36.00978449668071,41.19580362051883,23.0,23.600000000000023,0.6000000000000227,23.600000000000023,29.024999999999984,1149521.0,Sell
427,2024-03-22T00:00:00+05:30,993.0,1006.9,982.35,999.75,1181935,2.521680470247958,976.7637284229639,941.2542794642293,35.50944895873465,40.058532688161996,24.549999999999955,13.75,10.799999999999955,24.549999999999955,29.932142857142846,1130175.4,Sell
428,2024-03-26T00:00:00+05:30,1000.0,1027.8,995.0,1017.05,1781245,2.6686369371378866,982.9616163578926,946.8687772816938,36.09283907619874,39.26539396576935,32.799999999999955,28.049999999999955,4.75,32.799999999999955,30.10714285714285,1148236.15,Sell
429,2024-03-27T00:00:00+05:30,1027.75,1027.75,998.25,999.7,1452036,2.7268490523383084,985.5367523028322,950.7822011867536,34.754551116078574,38.36322539583119,29.5,10.700000000000045,18.799999999999955,29.5,30.978571428571417,1177813.15,Sell
430,2024-03-28T00:00:00+05:30,993.0,1021.0,985.0,1007.35,1873843,2.6553962522781083,988.892636563935,954.9724085062533,33.9202280576817,37.4746259282013,36.0,21.299999999999955,14.700000000000045,36.0,31.367857142857133,1239354.15,Sell
431,2024-04-01T00:00:00+05:30,1024.95,1031.7,996.5,999.8,1230088,2.6067686432639006,990.5706924771757,958.2929708391234,32.2777216380523,36.435245070171504,35.200000000000045,24.350000000000023,10.850000000000023,35.200000000000045,32.17499999999999,1243267.45,Sell
432,2024-04-02T00:00:00+05:30,1004.8,1008.8,988.5,992.95,990690,2.3214323000985493,990.9367397883794,960.8601581843735,30.076581604005924,35.16351237693839,20.299999999999955,9.0,11.299999999999955,20.299999999999955,30.85714285714284,1237820.55,Sell
433,2024-04-03T00:00:00+05:30,997.0,999.5,981.2,987.7,852769,1.846983776590017,990.4387798209365,962.8482946151606,27.59048520577585,33.648906942705885,18.299999999999955,6.5499999999999545,11.75,18.299999999999955,30.203571428571404,1275608.4,Sell
434,2024-04-04T00:00:00+05:30,987.1,991.0,973.45,983.2,879348,1.6101635203294935,989.3251213869462,964.3558283473709,24.96929303957529,31.912984162079766,17.549999999999955,3.2999999999999545,14.25,17.549999999999955,28.882142857142835,1242460.1,Sell
435,2024-04-05T00:00:00+05:30,985.95,1008.65,983.75,1006.5,1885389,1.427305516853312,991.9674104043391,967.4776188401582,24.489791564180905,30.428345642499995,24.899999999999977,25.449999999999932,0.5499999999999545,25.449999999999932,28.0035714285714,1290294.7,No Signal
436,2024-04-08T00:00:00+05:30,1011.75,1013.55,997.5,1000.65,651968,1.2994553952788088,993.3031934190562,969.9348322594058,23.368361159650476,29.01634874593009,16.049999999999955,7.0499999999999545,9.0,16.049999999999955,27.43214285714283,1280887.25,No Signal
437,2024-04-09T00:00:00+05:30,1001.95,1003.65,987.55,989.15,752593,1.2695851536523555,992.6642405853553,971.3581780179683,21.306062567387016,27.474291510221477,16.100000000000023,3.0,13.100000000000023,16.100000000000023,25.953571428571404,1272440.85,No Signal
438,2024-04-10T00:00:00+05:30,994.7,999.4,984.65,994.2,594164,1.262887738562758,992.9005112645314,973.0501648314521,19.850346433079267,25.949502494793037,14.75,10.25,4.5,14.75,24.849999999999984,1205534.55,No Signal
439,2024-04-12T00:00:00+05:30,992.45,997.3,958.8,962.15,1325629,1.4762313873208006,988.1696633776804,972.2427452143074,15.926918163372989,23.94498562850903,38.5,3.099999999999909,35.40000000000009,38.5,24.90357142857141,1214854.1,No Signal
440,2024-04-15T00:00:00+05:30,950.0,962.0,933.5,935.15,1341010,1.958824453051622,980.0127920888065,969.4951344576921,10.517657631114389,21.259520029030103,28.5,0.14999999999997726,28.649999999999977,28.649999999999977,25.264285714285695,1220819.45,No Signal
441,2024-04-16T00:00:00+05:30,932.0,971.5,926.2,947.8,1475760,2.1542582912980173,975.0569779212977,967.888087460826,7.168890460471744,18.44139411531843,45.299999999999955,36.35000000000002,8.949999999999932,45.299999999999955,26.74642857142855,1230811.35,No Signal
442,2024-04-18T00:00:00+05:30,954.8,954.8,934.0,937.0,1376748,2.4808760081085173,969.2020582410981,965.6000809822463,3.601977258851889,15.473510744025123,20.799999999999955,7.0,13.799999999999955,20.799999999999955,25.889285714285695,1246341.75,No Signal
443,2024-04-19T00:00:00+05:30,920.25,933.1,913.2,922.15,1482222,2.9268657067564865,961.9632800501599,962.3815564650429,-0.4182764148829392,12.295153312243512,19.899999999999977,3.8999999999999773,23.799999999999955,23.799999999999955,25.482142857142833,1234913.65,No Signal
444,2024-04-22T00:00:00+05:30,936.15,965.7,934.1,959.7,1739090,2.8447537031109085,961.6150831193661,962.1829226528175,-0.5678395334514335,9.722554743104524,31.600000000000023,43.55000000000007,11.950000000000045,43.55000000000007,26.02142857142855,1275643.0,No Signal
445,2024-04-23T00:00:00+05:30,960.05,968.05,944.6,959.45,1094642,2.880340774665015,961.2819934086943,961.980483937794,-0.6984905290996721,7.638345688663685,23.449999999999932,8.349999999999909,15.100000000000023,23.449999999999932,25.18214285714283,1237922.6,No Signal
446,2024-04-24T00:00:00+05:30,958.0,958.95,914.5,933.5,3433345,3.1366294383589266,957.0078405765876,959.8708184609204,-2.8629778843328495,5.538080974064378,44.450000000000045,0.5,44.950000000000045,44.950000000000045,26.94285714285712,1369725.7,No Signal
447,2024-04-25T00:00:00+05:30,935.15,954.85,925.4,951.25,1455928,3.0783988414348635,956.1220189494203,959.232239315667,-3.110220366246722,3.8084207060021584,29.450000000000045,21.350000000000023,8.100000000000023,29.450000000000045,27.7392857142857,1383425.35,No Signal
448,2024-04-26T00:00:00+05:30,951.5,958.65,944.5,947.4,697528,2.9607066052500413,954.7801698802787,958.3557771441361,-3.575607263857478,2.331615112030231,14.149999999999977,7.399999999999977,6.75,14.149999999999977,27.49642857142856,1329239.5,No Signal
449,2024-04-29T00:00:00+05:30,948.0,968.4,948.0,963.1,1094730,2.829417467338302,956.0601437448512,958.7072010593853,-2.647057314534095,1.335880626717366,20.399999999999977,21.0,0.6000000000000227,21.0,27.17857142857142,1311374.2,No Signal
450,2024-04-30T00:00:00+05:30,964.9,968.4,948.95,953.55,1728594,2.7148321916325053,955.6739677841049,958.3251861660975,-2.651218381992635,0.5384608249753658,19.449999999999932,5.2999999999999545,14.149999999999977,19.449999999999932,27.42142857142856,1304111.75,Sell
451,2024-05-02T00:00:00+05:30,959.9,992.0,951.05,988.0,2760717,2.5515802853892664,960.6472035096272,960.5233205241643,0.12388298546284204,0.4555452570728611,40.950000000000045,38.450000000000045,2.5,40.950000000000045,29.196428571428562,1380643.2,Sell
452,2024-05-03T00:00:00+05:30,994.45,999.75,978.3,997.4,1408142,2.554712730518312,966.3014798927614,963.2549264112632,3.046553481498222,0.9737469019579333,21.450000000000045,11.75,9.700000000000045,21.450000000000045,29.674999999999994,1401515.8,Buy
453,2024-05-06T00:00:00+05:30,1004.0,1027.75,972.1,1020.75,2655500,2.735282546710347,974.678175293875,967.5138207511696,7.164354542705382,2.211868430107423,55.64999999999998,30.350000000000023,25.299999999999955,55.64999999999998,30.899999999999995,1491652.35,Buy
454,2024-05-07T00:00:00+05:30,1029.0,1033.0,965.5,980.85,1845981,2.840003305685172,975.6276867871251,968.5016858807127,7.126000906412401,3.1946949253684185,67.5,12.25,55.25,67.5,33.675,1539984.0,Buy
455,2024-05-08T00:00:00+05:30,982.95,1007.25,971.7,1005.6,1456376,2.763571827885632,980.2388118967981,971.249709148808,8.989102747990046,4.3535764898927445,35.549999999999955,26.399999999999977,9.149999999999977,35.549999999999955,32.97857142857142,1518533.35,Buy
456,2024-05-09T00:00:00+05:30,1006.95,1007.9,965.0,968.2,1322296,2.755048335382901,978.3866869895984,971.0238047674148,7.3628822221835435,4.955437636350904,42.89999999999998,2.2999999999999545,40.60000000000002,42.89999999999998,34.55714285714286,1552049.75,Buy
457,2024-05-10T00:00:00+05:30,970.0,990.0,968.7,982.15,1020700,2.6876334632938517,978.9656582219678,971.8479673772359,7.1176908447318965,5.387888278027103,21.299999999999955,21.799999999999955,0.5,21.799999999999955,34.41428571428571,1565455.1,Buy
458,2024-05-13T00:00:00+05:30,991.2,997.0,970.6,992.5,1082684,2.65005212857186,981.0478646493574,973.3777475715148,7.670117077842633,5.844334037990209,26.399999999999977,14.850000000000023,11.549999999999955,26.399999999999977,33.1892857142857,1589881.1,Buy
459,2024-05-14T00:00:00+05:30,995.0,1016.65,978.5,983.65,799850,2.7042517512300144,981.4481931648409,974.1386551588099,7.309538006030948,6.137374831598358,38.14999999999998,24.149999999999977,14.0,38.14999999999998,34.23928571428571,1563592.15,Buy
460,2024-05-15T00:00:00+05:30,991.9,1005.0,983.65,999.7,776679,2.652566330347831,984.2561634471731,976.0320881100092,8.224075337163868,6.55471493271146,21.350000000000023,21.350000000000023,0.0,21.350000000000023,32.55357142857142,1535375.6,Buy
461,2024-05-16T00:00:00+05:30,997.05,1012.0,984.15,1009.0,1608100,2.713235419043862,988.0629075322233,978.474155657416,9.588751874807372,7.161522321130643,27.850000000000023,12.299999999999955,15.550000000000068,27.850000000000023,32.4392857142857,1541992.6,Buy
462,2024-05-17T00:00:00+05:30,1014.95,1057.1,1009.2,1051.4,3018435,2.967408205057167,997.807075604189,983.876070053163,13.931005551026033,8.51541896710972,47.899999999999864,48.09999999999991,0.20000000000004547,48.09999999999991,34.8642857142857,1624076.95,Buy
463,2024-05-18T00:00:00+05:30,1103.95,1103.95,1103.95,1103.95,71804,3.5642962546980197,1014.1367562804676,992.7704352344101,21.366321046057465,11.08559938289927,0.0,52.549999999999955,52.549999999999955,52.549999999999955,37.117857142857126,1553556.05,Buy
464,2024-05-21T00:00:00+05:30,1121.1,1172.5,1085.0,1088.35,4500940,4.107653337765208,1025.554178391165,999.8504029948242,25.70377539634069,14.009234585587555,87.5,68.54999999999995,18.950000000000045,87.5,41.97857142857141,1691648.55,Buy
465,2024-05-22T00:00:00+05:30,1094.0,1096.55,1048.35,1080.65,2865788,4.430615042751998,1034.030458638678,1005.835558328541,28.194900310137086,16.846367730497462,48.200000000000045,8.200000000000045,40.0,48.200000000000045,42.49642857142856,1780205.85,Buy
466,2024-05-23T00:00:00+05:30,1090.0,1105.0,1077.8,1086.05,2041787,4.498969759772627,1042.0334650019583,1011.7773688227231,30.256096179235215,19.528313420245013,27.200000000000045,24.34999999999991,2.8500000000001364,27.200000000000045,42.907142857142844,1710627.95,Buy
467,2024-05-24T00:00:00+05:30,1088.95,1096.5,1070.0,1076.0,2735393,4.576212399066475,1047.2590857708879,1016.5346007617807,30.724485009107184,21.76754773801745,26.5,10.450000000000045,16.049999999999955,26.5,40.82499999999999,1774601.2,Buy
468,2024-05-27T00:00:00+05:30,1083.85,1086.0,1055.25,1058.5,1812394,4.495079850579349,1048.9884571907512,1019.6431488535006,29.34530833725057,23.283099857864073,30.75,10.0,20.75,30.75,38.19999999999999,1830344.5,Buy
469,2024-05-28T00:00:00+05:30,1060.05,1067.75,1040.4,1052.95,1516739,4.387662072037063,1049.5979253152511,1022.1103230125005,27.487602302750588,24.124000346841378,27.34999999999991,9.25,18.09999999999991,27.34999999999991,37.6142857142857,1851444.95,Buy
470,2024-05-29T00:00:00+05:30,1044.15,1050.85,1035.9,1044.75,1081054,4.143952573723119,1048.8520906513663,1023.7873361226857,25.064754528680623,24.312151183209227,14.949999999999818,2.1000000000001364,17.049999999999955,17.049999999999955,35.767857142857125,1819067.95,Buy
471,2024-05-30T00:00:00+05:30,1042.5,1046.45,1020.5,1023.95,1517658,4.126856459736858,1045.0209997819254,1023.799385298783,21.22161448314239,23.69404384319586,25.950000000000045,1.7000000000000455,24.25,25.950000000000045,36.0642857142857,1756915.0,Sell
472,2024-05-31T00:00:00+05:30,1031.6,1036.65,995.0,1000.15,2417167,4.214221270016537,1038.1177690462446,1022.0475789803546,16.07019006588996,22.16927308773468,41.65000000000009,12.700000000000045,28.950000000000045,41.65000000000009,37.153571428571425,1807366.25,Sell
473,2024-06-03T00:00:00+05:30,1045.0,1045.0,1009.0,1032.25,1142471,4.077264868983219,1037.2150353468223,1022.8033138706987,14.411721476123603,20.617762765412465,36.0,44.85000000000002,8.850000000000023,44.85000000000002,37.63214285714286,1731714.8,Sell
474,2024-06-04T00:00:00+05:30,1049.0,1049.95,933.8,1003.6,3058666,4.080518909778521,1032.0434914473112,1021.380846176573,10.662645270738267,18.626739266477625,116.15000000000009,17.700000000000045,98.45000000000005,116.15000000000009,44.40357142857143,1792349.05,Sell
475,2024-06-05T00:00:00+05:30,1006.95,1064.2,1005.7,1048.65,2720365,3.8728021499885026,1034.5983389169558,1023.4007834968268,11.197555420128992,17.1409024972079,58.5,60.60000000000002,2.1000000000000227,60.60000000000002,46.74285714285715,1855548.5,Sell
476,2024-06-06T00:00:00+05:30,1057.0,1062.95,1033.95,1045.0,1909045,3.592954060053118,1036.1985944681933,1025.0007254600248,11.197869008168482,15.952295799400018,29.0,14.299999999999955,14.700000000000045,29.0,45.37857142857144,1884885.95,Sell
477,2024-06-07T00:00:00+05:30,1036.0,1063.7,1036.0,1055.8,1064643,3.34428284864139,1039.2141953192404,1027.2821532037267,11.932042115513696,15.148245062622754,27.700000000000045,18.700000000000045,9.0,27.700000000000045,43.60357142857145,1887083.1,Sell
478,2024-06-10T00:00:00+05:30,1062.9,1090.0,1059.0,1086.05,1813696,3.187516447919408,1046.4197037316649,1031.6353270404877,14.784376691177158,15.075471388333636,31.0,34.200000000000045,3.2000000000000455,34.200000000000045,39.79642857142859,1923633.7,Sell
479,2024-06-11T00:00:00+05:30,1087.5,1093.5,1080.15,1084.85,1554675,2.9737414678157403,1052.3320570037165,1035.5771546671183,16.754902336598207,15.41135757798655,13.349999999999909,7.4500000000000455,5.899999999999864,13.349999999999909,37.30714285714287,1961374.95,No Signal
480,2024-06-12T00:00:00+05:30,1088.2,1102.95,1073.8,1096.95,1120031,2.857512434962031,1059.1963559262217,1040.1232913584429,19.07306456777883,16.143698975945007,29.15000000000009,18.100000000000136,11.049999999999955,29.15000000000009,37.44642857142859,1978542.55,No Signal
481,2024-06-13T00:00:00+05:30,1105.0,1105.3,1085.85,1090.5,893913,2.7626912817450786,1064.0123011683415,1043.8548994059656,20.157401762375912,16.94643953323119,19.450000000000045,8.349999999999909,11.100000000000136,19.450000000000045,36.942857142857164,1942833.2,No Signal
482,2024-06-14T00:00:00+05:30,1096.9,1111.8,1093.9,1109.55,1100418,2.879693853385192,1071.0181009885966,1048.721203153672,22.29689783492472,18.016531193569897,17.899999999999864,21.299999999999955,3.400000000000091,21.299999999999955,36.26785714285716,1846932.35,No Signal
483,2024-06-18T00:00:00+05:30,1107.5,1109.5,1070.45,1078.95,1899763,2.8499180926108414,1072.2383931441973,1050.960373290437,21.27801985376027,18.668828925607972,39.049999999999955,0.049999999999954525,39.09999999999991,39.09999999999991,37.107142857142875,1938330.3,No Signal
484,2024-06-19T00:00:00+05:30,1083.1,1085.9,1069.25,1073.55,859594,2.818715325729892,1072.4401788143207,1052.633678972627,19.80649984169372,18.896363108825124,16.65000000000009,6.9500000000000455,9.700000000000045,16.65000000000009,37.07857142857146,1756263.0,No Signal
485,2024-06-20T00:00:00+05:30,1076.0,1092.45,1050.0,1088.65,1282696,2.808880752366944,1074.9339974582713,1055.3015546042843,19.63244285398696,19.043579057857492,42.450000000000045,18.90000000000009,23.549999999999955,42.450000000000045,38.25714285714288,1677108.4,No Signal
486,2024-06-21T00:00:00+05:30,1095.0,1102.9,1079.0,1085.05,932011,2.8144318049396713,1076.4903055416141,1057.5051431521151,18.98516238949901,19.031895724185798,23.90000000000009,14.25,9.650000000000091,23.90000000000009,36.98928571428574,1621619.6,No Signal
487,2024-06-24T00:00:00+05:30,1080.1,1091.3,1072.25,1080.35,861316,2.8379517756320465,1077.084104689058,1059.197354770477,17.886749918581017,18.802866563064843,19.049999999999955,6.25,12.799999999999955,19.049999999999955,35.146428571428594,1527915.75,No Signal
488,2024-06-25T00:00:00+05:30,1080.35,1086.0,1063.05,1071.75,1045293,2.8666418841325507,1076.2634731984338,1060.1271803430343,16.13629285539946,18.269551821531767,22.950000000000045,5.650000000000091,17.299999999999955,22.950000000000045,28.48928571428573,1489560.7,No Signal
489,2024-06-26T00:00:00+05:30,1071.75,1085.0,1063.15,1065.8,1354644,2.875176976927567,1074.6537080909825,1060.5473892065131,14.106318884469374,17.43690523411929,21.84999999999991,13.25,8.599999999999909,21.84999999999991,25.721428571428582,1481455.95,No Signal
490,2024-06-27T00:00:00+05:30,1068.05,1080.7,1050.05,1057.0,1784563,2.8736454716124418,1071.937753000062,1060.2846196356602,11.65313336440181,16.280150860175794,30.65000000000009,14.900000000000091,15.75,30.65000000000009,25.83928571428573,1516631.4,No Signal
491,2024-06-28T00:00:00+05:30,1063.0,1085.0,1060.5,1073.95,2188481,2.694265159919558,1072.2473294615909,1061.2968700330186,10.95045942857223,15.214212573855082,24.5,28.0,3.5,28.0,25.860714285714298,1550172.55,No Signal
492,2024-07-01T00:00:00+05:30,1093.35,1096.7,1060.05,1067.3,1910647,2.284048109292196,1071.4862018521153,1061.7415463268692,9.744655525246117,14.12030116413329,36.65000000000009,22.75,13.900000000000091,36.65000000000009,26.035714285714302,1524846.55,No Signal
493,2024-07-02T00:00:00+05:30,1075.0,1080.0,1059.0,1074.6,1161878,2.115203977201011,1071.9652477210207,1062.6940243767308,9.271223344289865,13.150485600164606,21.0,12.700000000000045,8.299999999999955,21.0,26.58214285714288,1525816.9,No Signal
494,2024-07-03T00:00:00+05:30,1080.9,1115.0,1071.05,1095.25,2674685,1.5217045113996261,1075.5475173024022,1065.1055781266025,10.441939175799689,12.608776315291623,43.950000000000045,40.40000000000009,3.5499999999999545,43.950000000000045,27.639285714285734,1506617.85,No Signal
495,2024-07-04T00:00:00+05:30,1104.95,1144.9,1093.25,1137.05,3636780,1.7798262043733328,1085.0094377174173,1070.434794561669,14.57464315574839,13.001949683382977,51.65000000000009,49.65000000000009,2.0,51.65000000000009,29.939285714285738,1552438.6,No Signal
496,2024-07-05T00:00:00+05:30,1145.0,1166.85,1137.05,1162.45,2734011,2.2024395311339022,1096.9233703762761,1077.250735705249,19.672634671027026,14.336086680911787,29.799999999999955,29.799999999999955,0.0,29.799999999999955,30.546428571428596,1593686.9,No Signal
497,2024-07-08T00:00:00+05:30,1164.9,1184.15,1154.45,1157.8,1766921,2.507958393192596,1106.2890057030029,1083.2173478752306,23.071657827772242,16.083200910283878,29.700000000000045,21.700000000000045,8.0,29.700000000000045,29.875000000000032,1628800.8,No Signal
498,2024-07-09T00:00:00+05:30,1159.0,1177.0,1156.2,1165.45,1549728,2.8583483199192954,1115.3906971333101,1089.3086554400284,26.08204169328178,18.08296906688346,20.799999999999955,19.200000000000045,1.599999999999909,20.799999999999955,30.171428571428596,1615602.4,No Signal
499,2024-07-10T00:00:00+05:30,1166.65,1190.0,1134.0,1180.15,1576765,3.2306021178744535,1125.3536668051086,1096.0376439259521,29.316022879156435,20.329579829338055,56.0,24.549999999999955,31.450000000000045,56.0,31.139285714285734,1616706.9,No Signal
500,2024-07-11T00:00:00+05:30,1203.0,1203.0,1155.2,1163.35,1817742,3.4900585457994215,1131.1992565273995,1101.0237443758815,30.175512151517978,22.29876629377404,47.799999999999955,22.84999999999991,24.950000000000045,47.799999999999955,32.84642857142858,1651592.45,Buy
501,2024-07-12T00:00:00+05:30,1171.0,1183.95,1163.4,1175.15,2206263,3.6966603620491783,1137.960909369338,1106.5145781258161,31.446331243521854,24.128279283723604,20.549999999999955,20.600000000000136,0.0500000000001819,20.600000000000136,32.95714285714288,1717209.95,Buy
502,2024-07-15T00:00:00+05:30,1174.0,1198.95,1171.7,1188.0,1258197,3.953869700845848,1145.6592310048245,1112.5505353016815,33.108695703142985,25.92436256760748,27.25,23.799999999999955,3.4500000000000455,27.25,33.264285714285734,1725098.9,Buy
503,2024-07-16T00:00:00+05:30,1192.95,1197.7,1177.6,1184.8,890254,4.132651351159859,1151.680887773313,1117.902347501557,33.77854027175613,27.49519810843721,20.100000000000136,9.700000000000045,10.400000000000091,20.100000000000136,33.13928571428575,1674623.45,Buy
504,2024-07-18T00:00:00+05:30,1186.0,1190.55,1160.1,1185.65,914361,4.224389034461957,1156.9069050389573,1122.9206921310713,33.986212907886056,28.793401068326983,30.450000000000045,5.75,24.700000000000045,30.450000000000045,33.125000000000036,1677361.8,Buy
505,2024-07-19T00:00:00+05:30,1165.0,1170.0,1137.15,1144.45,1927523,4.336202822524463,1154.990458109887,1124.5154556769178,30.475002432969177,29.129721341255422,32.84999999999991,15.650000000000091,48.5,48.5,34.589285714285744,1709603.15,Buy
506,2024-07-22T00:00:00+05:30,1135.0,1165.55,1123.2,1154.55,1766804,4.248794094925419,1154.9226953237505,1126.7402367378868,28.182458585863742,28.94026879017709,42.34999999999991,21.09999999999991,21.25,42.34999999999991,34.99642857142859,1751342.8,Sell
507,2024-07-23T00:00:00+05:30,1156.0,1159.0,1124.3,1148.85,997963,4.163932652594029,1153.988434504712,1128.3779969795248,25.61043752518708,28.27430253717909,34.700000000000045,4.4500000000000455,30.25,34.700000000000045,35.97500000000002,1758175.15,Sell
508,2024-07-24T00:00:00+05:30,1156.05,1183.35,1147.15,1179.45,1043324,3.956633531192419,1157.905598427064,1132.1611083143748,25.744490112689164,27.768340052281104,36.19999999999982,34.5,1.699999999999818,36.19999999999982,35.42142857142858,1758076.7,Sell
509,2024-07-25T00:00:00+05:30,1175.95,1210.0,1167.55,1205.8,980665,3.7940957151653807,1165.2739678998234,1137.6158410318285,27.65812686799495,27.746297415423875,42.450000000000045,30.549999999999955,11.900000000000091,42.450000000000045,34.76428571428572,1739377.75,Sell
510,2024-07-26T00:00:00+05:30,1212.0,1215.0,1196.8,1206.05,1347634,3.5395100321720134,1171.547203607543,1142.6850379924338,28.862165615109234,27.96947105536095,18.200000000000045,9.200000000000045,9.0,18.200000000000045,33.9357142857143,1717531.3,Buy
511,2024-07-29T00:00:00+05:30,1227.0,1251.7,1210.5,1235.9,2135683,3.4276070340907703,1181.447633821767,1149.5898499929942,31.85778382877288,28.747133610043335,41.200000000000045,45.65000000000009,4.4500000000000455,45.65000000000009,35.07500000000001,1714891.4,Buy
512,2024-07-30T00:00:00+05:30,1235.9,1244.95,1215.0,1219.4,1150511,3.1307340926534555,1187.286459387649,1154.7609722157354,32.52548717191371,29.50280432241741,29.950000000000045,9.049999999999955,20.90000000000009,29.950000000000045,35.72857142857145,1676884.6,Buy
513,2024-07-31T00:00:00+05:30,1225.0,1250.7,1225.0,1247.2,1316598,2.830530294998738,1196.5039271741646,1161.6083076071623,34.89561956700231,30.581367371334395,25.700000000000045,31.299999999999955,5.599999999999909,31.299999999999955,33.96428571428573,1684620.6,Buy
514,2024-08-01T00:00:00+05:30,1260.05,1265.0,1235.55,1241.4,1298036,2.6215284748662597,1203.4110153012161,1167.518803339965,35.89221196125118,31.643536289317755,29.450000000000045,17.799999999999955,11.650000000000091,29.450000000000045,32.65357142857145,1615788.15,No Signal
515,2024-08-02T00:00:00+05:30,1233.45,1259.75,1227.7,1249.9,1110657,2.697066130946278,1210.5631667933367,1173.6211142036714,36.94205258966531,32.70323954938727,32.049999999999955,18.34999999999991,13.700000000000045,32.049999999999955,33.47142857142858,1489482.0,Buy
516,2024-08-05T00:00:00+05:30,1210.05,1247.0,1210.05,1227.55,1115164,2.7756960815083,1213.176525748208,1177.6158464848809,35.560679263327074,33.27472749217523,36.950000000000045,2.900000000000091,39.850000000000136,39.850000000000136,34.37142857142859,1408539.65,Buy
517,2024-08-06T00:00:00+05:30,1237.0,1257.0,1221.55,1227.7,1224820,2.7573574256743316,1215.4109064023298,1181.325783782297,34.085122620032735,33.43680651774673,35.450000000000045,29.450000000000045,6.0,35.450000000000045,35.467857142857156,1381434.6,Buy
518,2024-08-07T00:00:00+05:30,1247.4,1278.2,1240.0,1272.85,2579230,2.909249018609691,1224.2476900327406,1188.105355353979,36.1423346787617,33.97791214994973,38.200000000000045,50.5,12.299999999999955,50.5,36.90000000000001,1432909.7,Buy
519,2024-08-08T00:00:00+05:30,1281.0,1299.7,1270.05,1279.4,2579443,3.161895024926875,1232.7326607969344,1194.8679216240546,37.86473917287981,34.755277554535745,29.65000000000009,26.850000000000136,2.7999999999999545,29.65000000000009,35.553571428571445,1483043.6,Buy
520,2024-08-09T00:00:00+05:30,1293.9,1324.3,1283.05,1300.9,4055249,3.39652115527879,1243.2199437512522,1202.7221496519023,40.4977940993499,35.90378086349858,41.25,44.899999999999864,3.6499999999998636,44.899999999999864,35.7357142857143,1594918.95,Buy
521,2024-08-12T00:00:00+05:30,1298.0,1298.0,1220.1,1250.4,2589989,3.513180169606024,1244.324567789521,1206.2538422702798,38.07072551924125,36.33716979464712,77.90000000000009,2.900000000000091,80.80000000000018,80.80000000000018,39.02857142857145,1614105.25,Buy
522,2024-08-13T00:00:00+05:30,1258.0,1258.0,1169.0,1175.45,5828811,3.7822928907071542,1233.728480437287,1203.972076176185,29.756404261102034,35.0210166879381,89.0,7.599999999999909,81.40000000000009,89.0,42.80000000000003,1842635.95,Sell
523,2024-08-14T00:00:00+05:30,1187.8,1189.4,1157.2,1170.5,3229996,3.8541020313164247,1224.0010219084736,1201.4926631260973,22.508358782376263,32.518485106825736,32.200000000000045,13.950000000000045,18.25,32.200000000000045,42.06785714285718,1959623.05,Sell
524,2024-08-16T00:00:00+05:30,1183.0,1194.9,1168.15,1187.55,2682837,3.79323557789521,1218.393172384093,1200.459873264905,17.933299119188177,29.601447909298226,26.75,24.40000000000009,2.349999999999909,26.75,42.67857142857146,2048046.85,Sell
525,2024-08-19T00:00:00+05:30,1197.95,1197.95,1178.05,1184.95,1961205,3.5854654230358554,1213.2480689403865,1199.3109937638008,13.937075176585722,26.468573362755727,19.90000000000009,10.400000000000091,9.5,19.90000000000009,40.839285714285744,2049730.95,Sell
526,2024-08-20T00:00:00+05:30,1193.8,1195.8,1171.0,1192.65,1876826,3.3768731528073594,1210.07913525725,1198.8175868183341,11.261548438915952,23.427168377987773,24.799999999999955,10.849999999999909,13.950000000000045,24.799999999999955,40.471428571428596,2055232.05,Sell
527,2024-08-21T00:00:00+05:30,1193.0,1216.45,1187.8,1205.65,2296195,3.0551524633717175,1209.3977298330578,1199.3236914984575,10.074038334600345,20.75654236931029,28.65000000000009,23.799999999999955,4.850000000000136,28.65000000000009,40.282142857142894,2120143.65,Sell
528,2024-08-22T00:00:00+05:30,1218.0,1220.0,1203.0,1210.05,1642199,2.9372096979533824,1209.4980790895104,1200.1182328689422,9.379846220568197,18.48120313956187,17.0,14.349999999999909,2.650000000000091,17.0,39.392857142857174,2150087.4,Sell
529,2024-08-23T00:00:00+05:30,1214.9,1214.9,1174.0,1178.7,2153807,3.1211796391158413,1204.7599130757396,1198.5316971008724,6.228215974867226,16.030605706622943,40.90000000000009,4.850000000000136,36.049999999999955,40.90000000000009,40.02500000000004,2208744.5,Sell
530,2024-08-26T00:00:00+05:30,1130.0,1138.65,1105.1,1108.45,7308194,4.040647239550403,1189.9430033717797,1191.858978797104,-1.9159754253244046,12.441289480233474,33.55000000000018,40.049999999999955,73.60000000000014,73.60000000000014,42.435714285714326,2506772.5,Sell
531,2024-08-27T00:00:00+05:30,1135.0,1136.45,1109.2,1114.25,3437214,4.5060683076393,1178.2979259299675,1186.1101655528742,-7.812239622906645,8.39058365960545,27.25,28.0,0.75,28.0,41.90357142857147,2571849.05,Sell
532,2024-08-28T00:00:00+05:30,1152.0,1156.0,1126.0,1138.3,5148274,4.639219406607841,1172.1443988638187,1182.5686718082168,-10.424272944398126,4.627612338804735,30.0,41.75,11.75,41.75,41.27857142857147,2771737.2,Sell
533,2024-08-29T00:00:00+05:30,1138.3,1144.6,1119.1,1132.05,2424171,4.821234260608833,1165.9760298078465,1178.826547970571,-12.850518162724484,1.1319862384988917,25.5,6.2999999999999545,19.200000000000045,25.5,40.98214285714289,2827115.85,Sell
534,2024-08-30T00:00:00+05:30,1139.9,1159.35,1113.65,1127.9,32836286,4.981888386677557,1160.1181790681778,1175.0542110838621,-14.936032015684304,-2.081617412337748,45.69999999999982,27.299999999999955,18.399999999999864,45.69999999999982,41.03928571428575,4404028.35,Sell
535,2024-09-02T00:00:00+05:30,1127.0,1139.95,1108.05,1111.55,2818251,5.199689523703547,1152.6461515192275,1170.3501954480205,-17.704043928793,-5.2061027156287984,31.90000000000009,12.049999999999955,19.850000000000136,31.90000000000009,37.54642857142859,4489408.05,No Signal
536,2024-09-03T00:00:00+05:30,1115.6,1123.6,1111.5,1114.0,1648183,5.3367412740111755,1146.7005897470387,1166.1761068963153,-19.475517149276584,-8.059985602358356,12.099999999999909,12.049999999999955,0.049999999999954525,12.099999999999909,32.053571428571445,4516059.0,No Signal
537,2024-09-04T00:00:00+05:30,1112.2,1133.35,1107.0,1127.9,2387605,5.30118114762952,1143.8081913244175,1163.3408397188105,-19.532648394392936,-10.354518160765274,26.34999999999991,19.34999999999991,7.0,26.34999999999991,31.635714285714293,4574198.25,No Signal
538,2024-09-05T00:00:00+05:30,1127.95,1133.75,1113.75,1115.15,1291074,5.122816271048613,1139.3992388129686,1159.7711478877875,-20.37190907481886,-12.35799634357599,20.0,5.849999999999909,14.150000000000091,20.0,31.153571428571436,4509790.45,No Signal
539,2024-09-06T00:00:00+05:30,1118.85,1120.0,1097.2,1100.0,1307399,4.837100682002647,1133.3378174571274,1155.3436554516552,-22.005837994527838,-14.287564673766362,22.799999999999955,4.849999999999909,17.950000000000045,22.799999999999955,31.360714285714284,4446188.25,No Signal
540,2024-09-09T00:00:00+05:30,1100.0,1110.0,1088.95,1104.15,1018082,3.9441187828057984,1128.8473840021848,1151.5515328256067,-22.704148823421974,-15.970881503697486,21.049999999999955,10.0,11.049999999999955,21.049999999999955,31.092857142857138,4294329.9,No Signal
541,2024-09-10T00:00:00+05:30,1109.0,1120.85,1108.0,1113.2,1010547,3.389307192764452,1126.4400941556949,1148.7106785422284,-22.27058438653353,-17.230822080264694,12.849999999999909,16.699999999999818,3.849999999999909,16.699999999999818,30.239285714285693,4215357.8,No Signal
542,2024-09-11T00:00:00+05:30,1119.3,1128.9,1109.1,1112.6,1161528,3.391322115245071,1124.3108489009726,1146.0358134650262,-21.724964564053607,-18.129650577022478,19.800000000000182,15.700000000000045,4.100000000000136,19.800000000000182,30.439285714285706,3981993.65,No Signal
543,2024-09-12T00:00:00+05:30,1123.0,1135.1,1115.55,1120.1,1349529,3.3428927078281814,1123.6630259931305,1144.1146420972464,-20.45161610411583,-18.59404368244115,19.549999999999955,22.5,2.9500000000000455,22.5,29.124999999999982,3887970.3,No Signal
544,2024-09-13T00:00:00+05:30,1125.6,1125.6,1111.45,1118.55,1326747,3.216479951320345,1122.8764066095719,1142.2209649048577,-19.34455829528588,-18.744146605010098,14.149999999999864,5.5,8.649999999999864,14.149999999999864,24.878571428571394,3820165.8,No Signal
545,2024-09-16T00:00:00+05:30,1133.0,1133.0,1114.25,1115.85,897160,3.079511262383259,1121.79542097733,1140.2675600970904,-18.472139119760413,-18.68974510796016,18.75,14.450000000000045,4.2999999999999545,18.75,24.217857142857106,3766963.55,No Signal
546,2024-09-17T00:00:00+05:30,1119.6,1125.0,1108.0,1110.95,686827,2.849311890712022,1120.1268946731254,1138.0958889787873,-17.96899430566191,-18.54559494750051,17.0,9.150000000000091,7.849999999999909,17.0,22.449999999999964,3707463.6,No Signal
547,2024-09-18T00:00:00+05:30,1111.9,1111.9,1066.5,1079.95,1723558,2.5817712333212395,1113.945833954183,1133.7887860914698,-19.84295213728683,-18.805066385457778,45.40000000000009,0.9500000000000455,44.450000000000045,45.40000000000009,23.87142857142854,3678831.75,No Signal
548,2024-09-19T00:00:00+05:30,1095.0,1095.0,1042.1,1054.45,2737320,2.238168243646151,1104.7926287304624,1127.9118389735831,-23.119210243120733,-19.66789515699037,52.90000000000009,15.049999999999955,37.850000000000136,52.90000000000009,24.385714285714275,3733587.8,No Signal
549,2024-09-20T00:00:00+05:30,1054.1,1067.75,1046.85,1054.6,2271977,2.1067306279292533,1097.0706858488527,1122.4813323829474,-25.410646534094667,-20.81644543241123,20.90000000000009,13.299999999999955,7.600000000000136,20.90000000000009,23.59999999999999,3739496.3,No Signal
550,2024-09-23T00:00:00+05:30,1062.8,1063.2,1047.65,1055.25,858221,2.390838803773131,1090.6367341797984,1117.5012336879142,-26.86449950811584,-22.02605624755215,15.549999999999955,8.600000000000136,6.949999999999818,15.549999999999955,23.846428571428564,3416997.65,No Signal
551,2024-09-24T00:00:00+05:30,1057.7,1063.8,1049.15,1051.55,1453214,2.6540286293080118,1084.6233904598294,1112.6159571184392,-27.992566658609803,-23.219358329763683,14.649999999999864,8.549999999999955,6.099999999999909,14.649999999999864,23.010714285714275,3317797.65,No Signal
552,2024-09-25T00:00:00+05:30,1056.75,1065.7,1038.55,1063.45,1540510,2.6264032288507257,1081.3659457737017,1108.9740343689252,-27.608088595223535,-24.097104382855655,27.15000000000009,14.150000000000091,13.0,27.15000000000009,23.52142857142857,3137409.45,No Signal
553,2024-09-26T00:00:00+05:30,1066.0,1069.95,1056.1,1068.0,1861553,2.5871928232488863,1079.3096464239015,1105.9389207119677,-26.6292742880662,-24.603538363897766,13.850000000000136,6.5,7.350000000000136,13.850000000000136,22.882142857142867,3109278.55,No Signal
554,2024-09-27T00:00:00+05:30,1056.0,1078.5,1042.65,1075.95,2797238,2.5003569279592806,1078.7927777433013,1103.7175191777478,-24.92474143444656,-24.667778978007526,35.84999999999991,10.5,25.34999999999991,35.84999999999991,23.93928571428572,1607326.15,No Signal
555,2024-09-30T00:00:00+05:30,1080.9,1088.85,1058.45,1068.55,2129069,2.5352070948247594,1077.2169657827933,1101.112517757174,-23.895551974380624,-24.513333577282147,30.399999999999864,12.899999999999864,17.5,30.399999999999864,24.91785714285715,1572867.05,No Signal
556,2024-10-01T00:00:00+05:30,1071.05,1082.6,1062.05,1080.35,1173725,2.465985033233052,1077.6989710469788,1099.5745534788648,-21.87558243188596,-23.98578334820291,20.549999999999955,14.049999999999955,6.5,20.549999999999955,24.971428571428564,1549144.15,No Signal
557,2024-10-03T00:00:00+05:30,1087.25,1087.25,1055.25,1069.05,1966311,2.3760440308920576,1076.3683601166745,1097.3134754433934,-20.945115326718906,-23.37764974390611,32.0,6.900000000000091,25.09999999999991,32.0,25.649999999999995,1528079.45,No Signal
558,2024-10-04T00:00:00+05:30,1069.05,1077.0,1050.1,1057.35,1503329,2.3897302097476296,1073.442458560263,1094.353218003142,-20.910759442878998,-22.88427168370069,26.90000000000009,7.9500000000000455,18.950000000000045,26.90000000000009,26.560714285714294,1538692.2,Buy
559,2024-10-07T00:00:00+05:30,1060.85,1065.45,1045.2,1050.65,668721,2.4738041328087306,1069.9359264740688,1091.1159425955018,-21.180016121433027,-22.543420571247157,20.25,8.100000000000136,12.149999999999864,20.25,26.66785714285715,1506758.3,Buy
560,2024-10-08T00:00:00+05:30,1042.1,1059.0,1036.6,1054.65,1179960,2.470022836281177,1067.5842454780582,1088.4147616625016,-20.830516184443468,-22.200839693886422,22.40000000000009,8.349999999999909,14.050000000000182,22.40000000000009,27.053571428571445,1514852.2,Buy
561,2024-10-09T00:00:00+05:30,1054.9,1071.55,1052.0,1065.35,1647954,2.3364531974261817,1067.2405154045107,1086.7062607986127,-19.465745394101987,-21.653820833929537,19.549999999999955,16.899999999999864,2.650000000000091,19.549999999999955,25.207142857142863,1546722.55,Buy
562,2024-10-10T00:00:00+05:30,1071.45,1071.45,1047.9,1057.0,968218,2.2429145733525484,1065.6650514961243,1084.5057970357525,-18.840745539628188,-21.091205775069266,23.549999999999955,6.100000000000136,17.449999999999818,23.549999999999955,23.110714285714284,1537057.05,No Signal
563,2024-10-11T00:00:00+05:30,1062.6,1070.5,1051.6,1064.4,570962,1.9805802001865849,1065.4704281890283,1083.0164787368078,-17.546050547779487,-20.38217472961131,18.90000000000009,13.5,5.400000000000091,18.90000000000009,22.967857142857138,1498128.7,No Signal
564,2024-10-14T00:00:00+05:30,1065.3,1070.0,1055.35,1062.35,703535,1.6834298824405094,1064.9903623137932,1081.4856284600073,-16.495266146214135,-19.60479301293188,14.650000000000091,5.599999999999909,9.050000000000182,14.650000000000091,22.903571428571436,1466968.1,No Signal
565,2024-10-15T00:00:00+05:30,1065.4,1071.75,1054.35,1058.15,645409,1.3216526224185592,1063.937998880902,1079.7570633888956,-15.819064507993744,-18.847647311944254,17.40000000000009,9.400000000000091,8.0,17.40000000000009,23.100000000000023,1454380.55,No Signal
566,2024-10-16T00:00:00+05:30,1030.0,1051.3,1008.5,1020.1,3802444,1.2773879721612156,1057.193691360763,1075.3380216563849,-18.144330295621785,-18.70698390867976,42.799999999999955,6.850000000000136,49.65000000000009,49.65000000000009,24.70714285714288,1610161.4,Buy
567,2024-10-17T00:00:00+05:30,1020.1,1026.9,1011.1,1020.85,1036269,1.465427709263128,1051.602354228338,1071.3018719040601,-19.699517675722063,-18.905490662088223,15.800000000000068,6.800000000000068,9.0,15.800000000000068,24.84642857142859,1575796.95,Sell
568,2024-10-18T00:00:00+05:30,1027.55,1035.0,1013.9,1022.45,1368450,1.6529073917101063,1047.1173766547477,1067.6832147259815,-20.565838071233884,-19.237560143917356,21.100000000000023,14.149999999999977,6.9500000000000455,21.100000000000023,23.79285714285717,1507353.45,No Signal
569,2024-10-21T00:00:00+05:30,1022.45,1029.25,1002.0,1005.7,1015164,2.01924094941372,1040.7454725540172,1063.09186548702,-22.34639293300279,-19.859326701734446,27.25,6.7999999999999545,20.450000000000045,27.25,23.56785714285718,1444512.8,No Signal
570,2024-10-22T00:00:00+05:30,1012.0,1013.05,983.95,988.2,1334114,2.530326705902353,1032.661553699553,1057.5443198953888,-24.882766195835757,-20.86401460055471,29.09999999999991,7.349999999999909,21.75,29.09999999999991,24.178571428571463,1468307.45,No Signal
571,2024-10-23T00:00:00+05:30,988.2,1016.2,985.1,1001.0,1315625,2.72828390314213,1027.7905454380832,1053.3558517549895,-25.565306316906344,-21.804272943825037,31.100000000000023,28.0,3.1000000000000227,31.100000000000023,24.11428571428575,1461428.0,No Signal
572,2024-10-24T00:00:00+05:30,1005.0,1010.15,996.95,1005.7,634232,2.8416265236119957,1024.3919999860705,1049.8257886620274,-25.433788675956976,-22.530176090251427,13.199999999999932,9.149999999999977,4.0499999999999545,13.199999999999932,23.135714285714307,1416114.1,No Signal
573,2024-10-25T00:00:00+05:30,1005.7,1011.95,986.1,990.6,531860,3.0738129923816695,1019.1932307574442,1045.4386932055809,-26.245462448136664,-23.273233361828474,25.850000000000023,6.25,19.600000000000023,25.850000000000023,23.53571428571431,1349629.45,No Signal
574,2024-10-28T00:00:00+05:30,990.6,1016.55,977.0,1006.3,753928,3.002481687193146,1017.2096567947605,1042.5395307459082,-25.32987395114776,-23.684561479692334,39.549999999999955,25.949999999999932,13.600000000000023,39.549999999999955,24.7607142857143,1247463.95,Sell
575,2024-10-29T00:00:00+05:30,1016.8,1016.8,988.45,1002.2,911619,3.019417513243504,1014.9004788263358,1039.5514173573224,-24.65093853098665,-23.877836889951197,28.34999999999991,10.5,17.84999999999991,28.34999999999991,25.389285714285727,1186591.45,Sell
576,2024-10-30T00:00:00+05:30,1003.0,1009.9,982.55,985.35,1299530,3.0524653700281954,1010.3542513145918,1035.5364975530763,-25.18224623848448,-24.138718759657856,27.350000000000023,7.699999999999932,19.65000000000009,27.350000000000023,25.660714285714302,1192881.7,Sell
577,2024-10-31T00:00:00+05:30,985.0,1004.45,985.0,1001.25,732810,2.9140725391746067,1008.953597266193,1032.996756993589,-24.043159727396073,-24.1196069532055,19.450000000000045,19.100000000000023,0.35000000000002274,19.450000000000045,25.700000000000014,1131206.65,Buy
578,2024-11-01T00:00:00+05:30,1009.25,1013.9,998.45,1004.0,108283,2.847717325755794,1008.1915053790864,1030.848849068138,-22.657343689051572,-23.827154300374715,15.449999999999932,12.649999999999977,2.7999999999999545,15.449999999999932,25.75714285714286,1061454.35,Buy
579,2024-11-04T00:00:00+05:30,1008.0,1011.65,994.65,1004.45,1190497,2.8004110583518647,1007.6158891669193,1028.8933787667943,-21.277489599875025,-23.31722136027478,17.0,7.649999999999977,9.350000000000023,17.0,25.728571428571424,1087543.15,Buy
580,2024-11-05T00:00:00+05:30,999.05,1005.35,969.65,988.45,1897494,2.8180056308235293,1004.6672908335471,1025.897572932217,-21.230282098669818,-22.899833507953787,35.700000000000045,0.8999999999999773,34.80000000000007,35.700000000000045,24.73214285714285,1123419.85,Buy
581,2024-11-06T00:00:00+05:30,988.45,1003.1,985.9,995.1,1167347,2.6016006678587282,1003.1953999360783,1023.6162712335342,-20.42087129745596,-22.404041065854223,17.200000000000045,14.649999999999977,2.550000000000068,17.200000000000045,24.83214285714285,1099389.5,Buy
582,2024-11-07T00:00:00+05:30,1000.85,1000.95,969.25,973.25,1367216,2.6063047727822535,998.5884153305277,1019.8854363273465,-21.297020996818787,-22.182637052047138,31.700000000000045,5.850000000000023,25.850000000000023,31.700000000000045,25.589285714285705,1119339.4,Buy
583,2024-11-08T00:00:00+05:30,974.0,980.9,965.0,970.35,477176,2.410405877317255,994.2440437412157,1016.216144747543,-21.972101006327307,-22.140529842903174,15.899999999999977,7.649999999999977,8.25,15.899999999999977,24.778571428571418,1114650.1,Buy
584,2024-11-11T00:00:00+05:30,970.0,975.8,962.3,967.75,874885,2.1335673785171427,990.1680370117979,1012.6260599514287,-22.458022939630837,-22.204028462248708,13.5,5.449999999999932,8.050000000000068,13.5,23.66428571428571,1123217.6,No Signal
585,2024-11-12T00:00:00+05:30,970.0,990.0,933.0,949.75,3008146,1.9886295237661888,983.9498774715213,1007.9685740291006,-24.018696557579347,-22.566962081314838,57.0,22.25,34.75,57.0,25.51428571428571,1241354.45,Sell
586,2024-11-13T00:00:00+05:30,958.35,968.95,946.85,963.75,2093578,1.98895382122629,980.8422040143641,1004.6931241010191,-23.850920086654924,-22.823753682382858,22.100000000000023,19.200000000000045,2.8999999999999773,22.100000000000023,26.150000000000002,1155911.15,Sell
587,2024-11-14T00:00:00+05:30,957.2,976.8,953.5,957.4,840848,2.03125368452136,977.2357110890773,1001.1899297231658,-23.954218634088534,-23.049846672723994,23.299999999999955,13.049999999999955,10.25,23.299999999999955,25.967857142857138,1146140.1,Sell
588,2024-11-18T00:00:00+05:30,964.05,966.0,938.65,944.7,1050199,2.1379131788251,972.2302170753732,997.0054904844128,-24.77527340903964,-23.394932019987124,27.350000000000023,8.600000000000023,18.75,27.350000000000023,25.09642857142857,1130227.55,Sell
589,2024-11-19T00:00:00+05:30,945.0,955.15,941.45,947.6,605361,2.2428548405854953,968.4409529099312,993.3458245226044,-24.90487161267322,-23.696919938524346,13.699999999999932,10.449999999999932,3.25,13.699999999999932,24.050000000000004,1109737.4,No Signal
590,2024-11-21T00:00:00+05:30,950.0,950.0,933.6,944.05,622867,2.4201649229989926,964.6884986160956,989.6942819653744,-25.005783349278886,-23.958692620675254,16.399999999999977,2.3999999999999773,14.0,16.399999999999977,23.267857142857142,1074175.05,No Signal
591,2024-11-22T00:00:00+05:30,942.2,952.0,939.6,949.05,295547,2.455188101847534,962.2825757520809,986.6835944123837,-24.40101866030284,-24.047157828600774,12.399999999999977,7.9500000000000455,4.449999999999932,12.399999999999977,22.76428571428571,1023171.15,No Signal
592,2024-11-25T00:00:00+05:30,955.15,969.05,946.2,964.35,2656504,2.332394836971727,962.6006410209916,985.0292540855405,-22.428613064548927,-23.723448875790407,22.84999999999991,20.0,2.849999999999909,22.84999999999991,23.292857142857137,1124284.75,No Signal
593,2024-11-26T00:00:00+05:30,964.95,969.9,950.85,953.0,428465,2.38538083442991,961.1236193254545,982.6567167458709,-21.533097420416425,-23.285378584715613,19.049999999999955,5.5499999999999545,13.5,19.049999999999955,23.439285714285706,1119115.0,No Signal
594,2024-11-27T00:00:00+05:30,955.0,959.95,949.4,950.95,495683,2.302610702788011,959.5584471215384,980.3080710609916,-20.74962393945316,-22.778227655663123,10.550000000000068,6.9500000000000455,3.6000000000000227,10.550000000000068,21.642857142857135,1106202.75,No Signal
595,2024-11-28T00:00:00+05:30,950.0,954.95,945.0,948.7,498416,2.2259600774593693,957.8879167951479,977.966732463881,-20.078815668733114,-22.23834525827712,9.950000000000045,4.0,5.9500000000000455,9.950000000000045,21.124999999999993,1085542.6,No Signal
596,2024-11-29T00:00:00+05:30,950.85,972.75,949.35,965.95,1151163,2.1459313851530175,959.1282372882021,977.0766041332232,-17.948366845021155,-21.380349575625928,23.399999999999977,24.049999999999955,0.6499999999999773,24.049999999999955,20.578571428571415,1078124.25,No Signal
597,2024-12-02T00:00:00+05:30,965.95,976.5,962.45,974.55,1305207,1.972705983247376,961.5008161669402,976.8894482715029,-15.388632104562703,-20.182006081413284,14.049999999999955,10.549999999999955,3.5,14.049999999999955,20.446428571428555,1106744.1,No Signal
598,2024-12-03T00:00:00+05:30,976.95,987.45,973.3,982.1,1290594,1.7801578846408084,964.6699213720264,977.2754150662064,-12.60549369418004,-18.666703603966635,14.150000000000091,12.900000000000091,1.25,14.150000000000091,20.492857142857133,1165859.65,No Signal
599,2024-12-04T00:00:00+05:30,982.95,985.95,967.3,970.35,1385360,1.5331962239563215,965.5437796224838,976.7624213575986,-11.218641735114716,-17.17709123019625,18.65000000000009,3.8500000000000227,14.800000000000068,18.65000000000009,17.753571428571426,1175602.8,No Signal
600,2024-12-05T00:00:00+05:30,978.1,980.0,961.55,978.0,697437,1.441915387697066,967.4601212190248,976.8540938496283,-9.393972630603457,-15.620467510277692,18.450000000000045,9.649999999999977,8.800000000000068,18.450000000000045,17.49285714285714,1115599.95,No Signal
601,2024-12-06T00:00:00+05:30,986.0,996.65,972.0,995.1,749783,1.417137221553342,971.7124102622518,978.2056424533595,-6.493232191107722,-13.795020446443699,24.649999999999977,18.649999999999977,6.0,24.649999999999977,17.589285714285715,1094721.75,No Signal
602,2024-12-09T00:00:00+05:30,995.1,1000.0,981.0,982.45,1191543,1.4871718406867844,973.3643471449823,978.5200393086662,-5.155692163683966,-12.067154789891752,19.0,4.899999999999977,14.100000000000023,19.0,16.99285714285714,1085938.1,No Signal
603,2024-12-10T00:00:00+05:30,983.95,986.2,971.0,974.2,664912,1.5127834111729557,973.4929091226774,978.2000363969132,-4.707127274235859,-10.595149286760574,15.200000000000045,3.75,11.450000000000045,15.200000000000045,17.100000000000005,1095324.9,No Signal
604,2024-12-10T00:00:00+05:30,983.95,986.2,971.0,974.2,664912,1.5307092151492228,973.6016923345732,977.9037374045492,-4.302045069976089,-9.336528443403678,15.200000000000045,12.0,3.2000000000000455,15.200000000000045,17.014285714285727,1084826.25,No Signal
605,2024-12-11T00:00:00+05:30,977.95,993.5,975.0,986.45,591808,1.5591783509758539,975.5783550523312,978.5367938931012,-2.958438840769986,-8.06091052287694,18.5,19.299999999999955,0.7999999999999545,19.299999999999955,17.507142857142867,964009.35,No Signal
606,2024-12-12T00:00:00+05:30,990.0,991.0,972.15,976.5,863825,1.5948738462378935,975.7201465827418,978.38592027139,-2.665773688648187,-6.98188315603119,18.850000000000023,4.5499999999999545,14.300000000000068,18.850000000000023,17.22142857142859,902521.7,No Signal
607,2024-12-13T00:00:00+05:30,981.0,981.45,955.05,978.5,650878,1.602073424158675,976.147816339243,978.3943706216573,-2.2465542824143085,-6.034817381307814,26.40000000000009,4.9500000000000455,21.450000000000045,26.40000000000009,17.7464285714286,893023.2,No Signal
608,2024-12-16T00:00:00+05:30,981.5,991.0,975.55,987.75,459731,1.559187709280945,977.9327676716672,979.0873802052383,-1.1546125335711395,-5.05877641176048,15.450000000000045,12.5,2.9500000000000455,15.450000000000045,18.096428571428596,863499.8,No Signal
609,2024-12-17T00:00:00+05:30,989.45,991.1,966.9,969.9,769906,1.4989825590630597,976.6969572606415,978.4068335233688,-1.7098762627273345,-4.388996381953851,24.200000000000045,3.3500000000000227,20.850000000000023,24.200000000000045,19.11428571428574,871727.05,No Signal
610,2024-12-18T00:00:00+05:30,969.9,984.0,968.3,979.55,806464,1.3553983022911391,977.1358869128505,978.4915125216378,-1.3556256087872498,-3.782322227320531,15.700000000000045,14.100000000000023,1.6000000000000227,15.700000000000045,18.517857142857174,880906.9,No Signal
611,2024-12-19T00:00:00+05:30,968.05,989.0,965.0,985.6,1389401,1.2609927845912345,978.4380581570274,979.0180671496646,-0.5800089926372038,-3.1418595803838656,24.0,9.450000000000045,14.549999999999955,24.0,19.228571428571463,935599.6,Buy
612,2024-12-20T00:00:00+05:30,990.1,990.95,970.3,973.5,910631,1.2557523868700193,977.6783569021001,978.6093214348746,-0.9309645327745102,-2.699680570861995,20.65000000000009,5.350000000000023,15.300000000000068,20.65000000000009,19.69285714285718,848305.95,Buy
613,2024-12-23T00:00:00+05:30,978.75,982.0,962.1,973.35,758127,1.145814145695939,977.0124558402385,978.2197420693283,-1.207286229089732,-2.4012017025075423,19.899999999999977,8.5,11.399999999999977,19.899999999999977,19.782142857142883,864789.05,Buy
614,2024-12-24T00:00:00+05:30,973.35,977.9,961.25,964.8,841381,1.0279272496292917,975.1336164802018,977.2256871012298,-2.0920706210280287,-2.33937548621164,16.649999999999977,4.5499999999999545,12.100000000000023,16.649999999999977,19.65357142857145,882073.95,Buy
615,2024-12-26T00:00:00+05:30,965.1,969.15,953.1,957.65,1348311,0.9137436200144443,972.4438293294015,975.7756362048424,-3.3318068754408614,-2.5378617640574843,16.049999999999955,4.350000000000023,11.699999999999932,16.049999999999955,19.039285714285736,924568.7,Sell
616,2024-12-27T00:00:00+05:30,958.0,985.5,958.0,972.4,1074014,0.8694104507091411,972.4370863556475,975.5255890785578,-3.0885027229103343,-2.6479899558280544,27.5,27.850000000000023,0.35000000000002274,27.850000000000023,19.671428571428596,920711.25,Sell
617,2024-12-30T00:00:00+05:30,973.2,979.6,952.5,956.95,4345745,0.9980164099473702,970.0544576855478,974.1496195171832,-4.095161831635323,-2.9374243309895083,27.100000000000023,7.2000000000000455,19.899999999999977,27.100000000000023,20.521428571428594,1072738.15,Sell
618,2024-12-31T00:00:00+05:30,960.1,976.75,960.1,971.7,960218,0.975793115180291,970.3076180416174,973.9681662196141,-3.660548177996702,-3.082049100390947,16.649999999999977,19.799999999999955,3.1499999999999773,19.799999999999955,20.850000000000016,1056219.35,Sell
619,2025-01-01T00:00:00+05:30,971.0,980.0,965.3,973.8,436960,0.9668680262303544,970.8449075736762,973.9557094626057,-3.1108018889294726,-3.0877996580986524,14.700000000000045,8.299999999999955,6.400000000000091,14.700000000000045,20.521428571428594,1008799.35,Sell
620,2025-01-02T00:00:00+05:30,978.4,992.35,966.85,990.75,1012522,1.0092087253448074,973.9072294854184,975.1997309838941,-1.2925014984757581,-2.7287400261740737,25.5,18.550000000000068,6.949999999999932,25.5,20.99642857142859,1024553.6,Buy
621,2025-01-03T00:00:00+05:30,992.0,997.4,971.7,975.8,849340,0.9184068176055108,974.1984249492002,975.2441953554576,-1.0457704062573612,-2.3921461021907313,25.699999999999932,6.649999999999977,19.049999999999955,25.699999999999932,20.94642857142858,1029531.45,Buy
622,2025-01-06T00:00:00+05:30,974.75,975.8,954.9,961.45,845309,0.9675503036119304,972.2371288031694,974.2224031069052,-1.985274303735764,-2.310771742499738,20.899999999999977,0.0,20.899999999999977,20.899999999999977,21.33571428571429,1012219.75,Buy
623,2025-01-07T00:00:00+05:30,970.0,1014.0,969.9,1000.85,3691121,1.1033069595752216,976.6391089872972,976.1948176915789,0.44429129571824433,-1.7597591348561417,44.10000000000002,52.549999999999955,8.449999999999932,52.549999999999955,23.360714285714284,1163530.2,Buy
624,2025-01-08T00:00:00+05:30,1008.95,1012.9,972.5,981.45,1389234,1.1323848007738013,977.3792460661746,976.5840904551657,0.7951556110089086,-1.2487761856831316,40.39999999999998,12.049999999999955,28.350000000000023,40.39999999999998,25.124999999999993,1199746.3,Buy
625,2025-01-09T00:00:00+05:30,1005.0,1027.95,993.25,1010.5,4533779,1.3242139091875782,982.4747466713785,979.0963800510793,3.3783666202991753,-0.3233476244866702,34.700000000000045,46.5,11.799999999999955,46.5,26.73214285714285,1396844.85,Buy
626,2025-01-10T00:00:00+05:30,1009.05,1019.1,1000.55,1004.4,2314182,1.4636087021817894,985.8478625680895,980.9707222695179,4.8771402985715895,0.7167499601249817,18.550000000000068,8.600000000000023,9.950000000000045,18.550000000000068,26.58214285714285,1469362.7,Buy
627,2025-01-13T00:00:00+05:30,990.1,997.9,966.25,975.1,1417731,1.509642803482799,984.1943452499219,980.5358539532573,3.658491296664579,1.3050982274329013,31.649999999999977,6.5,38.14999999999998,38.14999999999998,27.885714285714275,1507705.35,Buy
628,2025-01-14T00:00:00+05:30,982.0,1002.5,978.5,1000.15,1057973,1.538064035780834,986.6490613653185,981.9887536604234,4.660307704895104,1.9761401229253417,24.0,27.399999999999977,3.3999999999999773,27.399999999999977,28.653571428571418,1537617.45,Buy
629,2025-01-14T00:00:00+05:30,982.0,1002.5,978.5,1000.15,1057973,1.5918278238775792,988.7261288475772,983.3340311670587,5.392097680518532,2.65933163444398,24.0,2.3500000000000227,21.649999999999977,24.0,29.221428571428564,1552020.8,Buy
630,2025-01-15T00:00:00+05:30,1005.0,1007.3,982.0,984.9,673355,1.6193393113190624,988.1374936402576,983.4500288583877,4.687464781869949,3.064958263929174,25.299999999999955,7.149999999999977,18.149999999999977,25.299999999999955,29.039285714285704,1545365.35,Buy
631,2025-01-16T00:00:00+05:30,990.0,994.8,979.45,988.15,761949,1.6191562446237946,988.1394176956026,983.7981748688775,4.341242826725079,3.320215176488355,15.349999999999909,9.899999999999977,5.449999999999932,15.349999999999909,28.19999999999998,1513992.75,Buy
632,2025-01-17T00:00:00+05:30,992.0,1000.9,980.95,994.65,880216,1.627048955919104,989.1410457424329,984.6020137674792,4.539031974953673,3.563978536181419,19.949999999999932,12.75,7.199999999999932,19.949999999999932,28.210714285714264,1512472.0,Buy
633,2025-01-20T00:00:00+05:30,1005.0,1008.8,982.05,995.5,523731,1.6395211729624948,990.1193463974432,985.4092720069252,4.7100743905180025,3.7931977070487357,26.75,14.149999999999977,12.600000000000023,26.75,29.071428571428548,1500752.2,Buy
634,2025-01-21T00:00:00+05:30,998.0,1005.95,983.25,985.9,389512,1.5976599148128763,989.470216182452,985.4456222286344,4.0245939538175435,3.8394769564024975,22.700000000000045,10.450000000000045,12.25,22.700000000000045,28.87142857142855,1478158.75,Buy
635,2025-01-22T00:00:00+05:30,986.0,989.25,963.75,978.5,577713,1.4871990108670214,987.7824906159209,984.9311316931801,2.8513589227408147,3.641853349670161,25.5,3.3500000000000227,22.149999999999977,25.5,28.85714285714284,1439628.85,Sell
636,2025-01-23T00:00:00+05:30,980.25,995.95,975.95,989.15,523186,1.4415128155141428,987.9928766750099,985.2436404566482,2.749236218361716,3.4633299234084722,20.0,17.450000000000045,2.5499999999999545,20.0,28.792857142857127,1412087.45,Sell
637,2025-01-24T00:00:00+05:30,989.05,989.05,955.0,957.6,780860,1.4817901578562507,983.3170494942392,983.1959633857854,0.12108610845382373,2.7948811604175425,34.049999999999955,0.10000000000002274,34.14999999999998,34.14999999999998,27.478571428571417,1233843.2,Sell
638,2025-01-27T00:00:00+05:30,950.0,951.7,915.55,922.6,776626,2.156677034766524,973.9759649566639,978.7073735053568,-4.731408548692912,1.2896232185954517,36.15000000000009,5.899999999999977,42.05000000000007,42.05000000000007,27.596428571428564,1224663.6,Sell
639,2025-01-28T00:00:00+05:30,922.6,922.6,891.15,910.25,1146379,2.829144138200751,964.1719703479464,973.6364569494044,-9.46448660145802,-0.8611987454152428,31.450000000000045,0.0,31.450000000000045,31.450000000000045,26.52142857142857,1260134.55,No Signal
640,2025-01-29T00:00:00+05:30,910.25,939.5,910.25,932.15,765465,2.9787487255790768,959.2455133713393,970.5633860642633,-11.317872692924084,-2.952533534917011,29.25,29.25,0.0,29.25,27.285714285714278,1247781.7,Sell
641,2025-01-30T00:00:00+05:30,935.0,956.95,930.5,953.45,844983,2.966249357197545,958.3538959295947,969.2957278372809,-10.94183190768615,-4.550393209470839,26.450000000000045,24.800000000000068,1.6499999999999773,26.450000000000045,26.449999999999996,1247563.85,No Signal
642,2025-01-31T00:00:00+05:30,957.9,975.0,953.8,970.25,1134883,2.8967506055429677,960.1840657865802,969.3664146641489,-9.182348877568757,-5.476784343090422,21.200000000000045,21.549999999999955,0.34999999999990905,21.549999999999955,26.03214285714285,1262042.55,No Signal
643,2025-02-01T00:00:00+05:30,970.25,980.65,953.35,975.8,270706,2.8211700223149014,962.5865172040294,969.8429765408787,-7.256459336849275,-5.832719341842193,27.299999999999955,10.399999999999977,16.899999999999977,27.299999999999955,26.267857142857135,1091021.8,No Signal
644,2025-02-03T00:00:00+05:30,972.0,978.75,957.2,962.7,509847,2.870657424879228,962.6039760957173,969.3138671674802,-6.709891071762968,-6.008153687826348,21.549999999999955,2.9500000000000455,18.59999999999991,21.549999999999955,25.999999999999993,1047052.45,No Signal
645,2025-02-04T00:00:00+05:30,963.05,975.0,960.2,974.0,449665,2.701572484147369,964.35721054253,969.6609881180373,-5.303777575507297,-5.867278465362538,14.799999999999955,12.299999999999955,2.5,14.799999999999955,25.960714285714282,842846.75,No Signal
646,2025-02-05T00:00:00+05:30,977.0,986.75,945.0,977.0,3696679,2.5867341078432493,966.3022550744485,970.2046186278122,-3.9023635533637844,-5.474295482962788,41.75,12.75,29.0,41.75,27.517857142857142,911971.6,No Signal
647,2025-02-06T00:00:00+05:30,984.0,1026.55,976.0,1008.2,5775455,2.636154401913917,972.7480619860718,973.0190913220483,-0.2710293359765501,-4.43364225356554,50.549999999999955,49.549999999999955,1.0,50.549999999999955,29.217857142857138,1129857.8,Buy
648,2025-02-07T00:00:00+05:30,1008.2,1012.75,989.05,994.15,1323744,2.644271736457166,976.0406678343684,974.5843438167115,1.4563240176569252,-3.255648999321047,23.700000000000045,4.5499999999999545,19.15000000000009,23.700000000000045,29.28928571428571,1143146.35,Buy
649,2025-02-10T00:00:00+05:30,996.0,998.4,958.6,964.65,624534,2.646376786416214,974.2882573983117,973.8484664969551,0.4397909013565595,-2.516561019185526,39.799999999999955,4.25,35.549999999999955,39.799999999999955,30.31071428571428,1121474.4,Buy
650,2025-02-11T00:00:00+05:30,965.0,965.45,938.0,942.25,660233,2.76778755316236,969.3592947216483,971.5078393490325,-2.148544627384126,-2.4429577408252463,27.450000000000045,0.8000000000000682,26.649999999999977,27.450000000000045,30.842857142857138,1120818.3,Buy
651,2025-02-12T00:00:00+05:30,942.25,945.7,920.55,934.05,569136,2.865833402552182,963.9270955337024,968.7331845824375,-4.806089048735089,-2.915584002407215,25.15000000000009,3.4500000000000455,21.700000000000045,25.15000000000009,30.200000000000006,1111177.65,Sell
652,2025-02-13T00:00:00+05:30,936.0,955.0,936.0,942.85,568317,2.7965846886613144,960.6844654515944,966.8159116504052,-6.13144619881075,-3.558756441687922,19.0,20.950000000000045,1.9500000000000455,20.950000000000045,28.692857142857147,1095582.7,Sell
653,2025-02-14T00:00:00+05:30,943.0,947.7,897.1,901.85,1284861,3.1728999022244166,951.6330092282722,962.0036218985233,-10.370612670251148,-4.921127687400568,50.60000000000002,4.850000000000023,45.75,50.60000000000002,30.060714285714287,1133639.2,Sell
654,2025-02-17T00:00:00+05:30,904.3,927.5,892.0,923.9,1079060,3.126871724387539,947.3663924239225,959.1811313875215,-11.814738963598984,-6.299849942640251,35.5,25.649999999999977,9.850000000000023,35.5,30.50714285714286,1168116.6,Sell
655,2025-02-18T00:00:00+05:30,923.9,928.9,905.25,914.05,875587,3.260237696647857,942.2407935894729,955.8380846180755,-13.597291028602626,-7.759338159832727,23.649999999999977,5.0,18.649999999999977,23.649999999999977,30.307142857142853,1183010.3,Sell
656,2025-02-19T00:00:00+05:30,890.0,896.7,855.1,891.45,2989352,3.5275330052348326,934.4268253449386,951.0685968685884,-16.641771523649822,-9.535824832596147,41.60000000000002,17.34999999999991,58.94999999999993,58.94999999999993,32.97857142857142,1306318.6,Sell
657,2025-02-20T00:00:00+05:30,891.45,901.95,876.2,899.65,996072,3.6800969993682306,929.0765445226403,947.2598119153597,-18.183267392719358,-11.26531334462079,25.75,10.5,15.25,25.75,32.86785714285714,1317079.2,Sell
658,2025-02-21T00:00:00+05:30,900.05,906.4,882.0,885.35,1854330,3.9972342030808483,922.3493838268496,942.6738999216293,-20.32451609477971,-13.077153894652575,24.399999999999977,6.75,17.649999999999977,24.399999999999977,33.07142857142857,1370964.4,Sell
659,2025-02-24T00:00:00+05:30,885.35,897.9,880.9,891.25,854348,4.100774750988909,917.5648632381035,938.8647221496568,-21.299858911553315,-14.721694898032725,17.0,12.549999999999955,4.4500000000000455,17.0,33.228571428571435,1356362.85,Sell
660,2025-02-24T00:00:00+05:30,885.35,897.9,880.9,891.25,854348,4.289579106548348,913.5164227399338,935.3377056941267,-21.821282954192952,-16.14161250926477,17.0,6.649999999999977,10.350000000000023,17.0,31.46071428571429,1360807.0,Sell
661,2025-02-25T00:00:00+05:30,891.35,898.4,880.0,882.95,867288,4.543829935764726,908.8138961645593,931.4571349019692,-22.643238737409888,-17.441937754893797,18.399999999999977,7.149999999999977,11.25,18.399999999999977,29.164285714285718,1361922.25,No Signal
