,Date,Open,High,Low,Close,Volume,Volatility,EMA12,EMA26,MACD,Signal Line,H-L,H-PC,L-PC,TR,ATR,Avg_Volume,Signal
0,2022-07-05T00:00:00+05:30,3761.0,3874.75,3761.0,3817.4,468762,,3817.4,3817.4,0.0,0.0,113.75,,,113.75,,,No Signal
1,2022-07-06T00:00:00+05:30,3809.1,3889.55,3783.5,3883.5,390568,,3827.5692307692307,3822.2962962962965,5.272934472934139,1.054586894586828,106.05000000000018,72.15000000000009,33.90000000000009,106.05000000000018,,,No Signal
2,2022-07-07T00:00:00+05:30,3894.05,3930.0,3868.25,3915.25,398354,,3841.058579881657,3829.181755829904,11.87682405175292,3.2190343260200462,61.75,46.5,15.25,61.75,,,No Signal
3,2022-07-08T00:00:00+05:30,3918.0,3946.0,3910.0,3936.15,268377,,3855.688029130633,3837.1053294721332,18.582699658499678,6.291767392515973,36.0,30.75,5.25,36.0,,,No Signal
4,2022-07-11T00:00:00+05:30,3935.0,3968.15,3895.05,3933.25,199806,,3867.6206400336123,3844.227156918642,23.393483114970422,9.712110537006863,73.09999999999991,32.0,41.09999999999991,73.09999999999991,,,No Signal
5,2022-07-12T00:00:00+05:30,3900.0,4098.7,3900.0,3929.7,1125104,,3877.171310797672,3850.558478628372,26.612832169299963,13.092254863465485,198.69999999999982,165.44999999999982,33.25,198.69999999999982,,,No Signal
6,2022-07-13T00:00:00+05:30,3951.15,3958.95,3861.2,3868.3,385514,,3875.806493751876,3851.872665396641,23.933828355235164,15.260569561819421,97.75,29.25,68.5,97.75,,,No Signal
7,2022-07-14T00:00:00+05:30,3927.0,3979.3,3880.05,3898.05,656393,,3879.228571636203,3855.2932087005934,23.935362935609646,16.995528236577467,99.25,111.0,11.75,111.0,,,No Signal
8,2022-07-15T00:00:00+05:30,3898.05,3944.0,3875.0,3931.7,318645,,3887.301099076787,3860.9529710190677,26.34812805771935,18.866048200805846,69.0,45.94999999999982,23.050000000000182,69.0,,,No Signal
9,2022-07-18T00:00:00+05:30,3940.1,3970.8,3890.15,3947.1,291155,,3896.5009299880508,3867.3342324250625,29.166697562988247,20.926178073242326,80.65000000000009,39.100000000000364,41.54999999999973,80.65000000000009,,,No Signal
10,2022-07-19T00:00:00+05:30,3944.4,4032.95,3923.4,4020.2,412946,,3915.531556143735,3878.6576226157986,36.873933527936515,24.115729164181165,109.54999999999973,85.84999999999991,23.699999999999818,109.54999999999973,,,No Signal
11,2022-07-20T00:00:00+05:30,4090.0,4141.7,4030.05,4110.25,753440,,3945.48823981393,3895.8126135331468,49.675626280783035,29.227708587501542,111.64999999999964,121.5,9.850000000000364,121.5,,,No Signal
12,2022-07-21T00:00:00+05:30,4112.0,4169.85,4096.35,4150.05,542974,,3976.959279842556,3914.6450125306915,62.31426731186457,35.84502033237415,73.5,59.600000000000364,13.899999999999636,73.5,,,No Signal
13,2022-07-22T00:00:00+05:30,4150.2,4169.6,4089.95,4125.3,378496,,3999.7809290975474,3930.249085676566,69.5318434209812,42.58238495009556,79.65000000000055,19.550000000000182,60.100000000000364,79.65000000000055,95.13928571428573,,No Signal
14,2022-07-25T00:00:00+05:30,4144.0,4252.9,4138.05,4189.9,1127473,,4029.030016928694,3949.4824867375614,79.54753019113241,49.97541399830293,114.84999999999945,127.59999999999945,12.75,127.59999999999945,96.1285714285714,,No Signal
15,2022-07-26T00:00:00+05:30,4185.0,4188.95,4088.0,4110.2,363633,,4041.5177066319716,3961.387487719964,80.13021891200742,56.006374981043834,100.94999999999982,0.9499999999998181,101.89999999999964,101.89999999999964,95.8321428571428,,No Signal
16,2022-07-27T00:00:00+05:30,4112.0,4136.95,4022.0,4125.6,440119,,4054.453444073207,3973.5513775184854,80.90206655472139,60.98551329577935,114.94999999999982,26.75,88.19999999999982,114.94999999999982,99.63214285714278,,No Signal
17,2022-07-28T00:00:00+05:30,4149.0,4206.0,4135.0,4190.5,364711,,4075.3836834465596,3989.6216458504496,85.76203759611008,65.94081815584549,71.0,80.39999999999964,9.399999999999636,80.39999999999964,102.80357142857133,,No Signal
18,2022-07-29T00:00:00+05:30,4206.0,4252.8,4187.0,4212.3,333268,,4096.447732147089,4006.116338750416,90.33139339667241,70.81893320401088,65.80000000000018,62.30000000000018,3.5,65.80000000000018,102.28214285714277,,No Signal
19,2022-08-01T00:00:00+05:30,4240.0,4293.75,4190.0,4288.1,311323,3.2318675898201477,4125.932696432152,4027.0040173614966,98.92867907065511,76.44088237733973,103.75,81.44999999999982,22.300000000000182,103.75,95.49999999999993,476553.05,No Signal
20,2022-08-02T00:00:00+05:30,4311.0,4348.25,4270.95,4325.9,440868,3.33399631127004,4156.696896981051,4049.1444605199044,107.55243646114695,82.66319319410118,77.30000000000018,60.149999999999636,17.150000000000546,77.30000000000018,94.03928571428567,475158.35,No Signal
21,2022-08-03T00:00:00+05:30,4325.95,4386.75,4280.1,4310.05,367939,3.458311315194128,4180.289682060889,4068.4707967776894,111.81888528319996,88.49433161192094,106.64999999999964,60.850000000000364,45.79999999999927,106.64999999999964,93.72857142857136,474026.9,No Signal
22,2022-08-04T00:00:00+05:30,4322.95,4409.0,4310.0,4395.8,358471,3.6425255575252744,4213.445115589983,4092.7174044237863,120.72771116619697,94.94100752277615,99.0,98.94999999999982,0.0500000000001819,99.0,95.8714285714285,472032.75,No Signal
23,2022-08-05T00:00:00+05:30,4395.8,4422.0,4335.0,4374.1,207505,3.803460332003603,4238.161251653063,4113.560559651654,124.60069200140879,100.87294441850268,87.0,26.199999999999818,60.80000000000018,87.0,96.32499999999992,468989.15,No Signal
24,2022-08-08T00:00:00+05:30,4388.95,4474.55,4380.05,4427.35,445705,3.917196893693241,4267.267212937208,4136.80422189968,130.4629910375279,106.79095374230774,94.5,100.44999999999982,5.949999999999818,100.44999999999982,95.67499999999993,481284.1,No Signal
25,2022-08-10T00:00:00+05:30,4438.9,4625.95,4397.1,4517.15,866957,4.077485536247293,4305.710718639176,4164.977983240444,140.73273539873207,113.57931007359261,228.84999999999945,198.59999999999945,30.25,228.84999999999945,103.34285714285703,468376.75,No Signal
26,2022-08-11T00:00:00+05:30,4539.6,4552.5,4418.0,4429.65,446481,4.006983532077781,4324.7783003869945,4184.583317815226,140.19498257176838,118.90244457322777,134.5,35.350000000000364,99.14999999999964,134.5,107.69999999999989,471425.1,No Signal
27,2022-08-12T00:00:00+05:30,4350.05,4394.8,4276.1,4312.75,1412624,3.7923087322971045,4322.927792635149,4194.07714612521,128.850646509939,120.89208496057002,118.69999999999982,34.849999999999454,153.54999999999927,153.54999999999927,112.97857142857121,509236.65,No Signal
28,2022-08-16T00:00:00+05:30,4350.0,4381.55,4206.9,4349.4,596341,3.455683760871465,4327.000439922049,4205.582542708527,121.41789721352143,120.9972474111603,174.65000000000055,68.80000000000018,105.85000000000036,174.65000000000055,116.33928571428558,523121.45,No Signal
29,2022-08-17T00:00:00+05:30,4349.0,4370.05,4285.85,4305.75,502389,3.0945222551617824,4323.731141472503,4213.002354359747,110.72878711275553,118.94355535147935,84.19999999999982,20.650000000000546,63.54999999999927,84.19999999999982,115.07499999999989,533683.15,No Signal
30,2022-08-18T00:00:00+05:30,4315.0,4338.6,4250.0,4266.65,580504,2.820148284424055,4314.94942739981,4216.976254036803,97.97317336300694,114.74947895378487,88.60000000000036,32.850000000000364,55.75,88.60000000000036,113.19285714285706,542061.05,No Signal
31,2022-08-19T00:00:00+05:30,4291.0,4309.45,4120.0,4135.35,718470,2.8686031178462605,4287.318746261378,4210.929864848891,76.38888141248663,107.07735944552523,189.44999999999982,42.80000000000018,146.64999999999964,189.44999999999982,120.98214285714279,540312.55,No Signal
32,2022-08-22T00:00:00+05:30,4133.0,4133.0,3995.6,4024.9,723363,3.1942502601157976,4246.946631451935,4197.149874860084,49.79675659185068,95.62123887479032,137.4000000000001,2.350000000000364,139.75000000000045,139.75000000000045,126.26428571428566,549332.0,Sell
33,2022-08-23T00:00:00+05:30,4024.8,4093.45,3987.85,4070.95,497236,3.2504197163518764,4219.870226613176,4187.801735981559,32.06849063161644,82.91068922615555,105.59999999999991,68.54999999999973,37.05000000000018,105.59999999999991,126.39642857142852,555269.0,Sell
34,2022-08-24T00:00:00+05:30,4079.0,4220.0,4077.95,4210.75,955968,3.12902001362114,4218.467114826533,4189.5016073903325,28.965507436200824,72.12165286816462,142.05000000000018,149.05000000000018,7.0,149.05000000000018,131.52142857142852,546693.75,Sell
35,2022-08-25T00:00:00+05:30,4215.0,4239.85,4156.7,4168.8,414585,3.0859993272052324,4210.826020237836,4187.968154991048,22.857865246787696,62.268895343889234,83.15000000000055,29.100000000000364,54.05000000000018,83.15000000000055,129.84285714285716,549241.35,Sell
36,2022-08-26T00:00:00+05:30,4207.0,4235.75,4156.2,4215.25,342328,2.9602045853499064,4211.506632508938,4189.9890323991185,21.517600109819796,54.11863629707535,79.55000000000018,66.94999999999982,12.600000000000364,79.55000000000018,128.45357142857145,544351.8,Sell
37,2022-08-29T00:00:00+05:30,4100.0,4272.0,4086.0,4251.5,914080,2.9002042290622216,4217.659458276794,4194.545400369554,23.11405790723984,47.91772061910825,186.0,56.75,129.25,186.0,135.52500000000003,571820.25,Sell
38,2022-08-30T00:00:00+05:30,4251.5,4337.5,4233.2,4322.9,848185,2.836107302350774,4233.850310849595,4204.053148490328,29.79716235926753,44.29360896714011,104.30000000000018,86.0,18.300000000000182,104.30000000000018,135.80000000000004,597566.1,Sell
39,2022-09-01T00:00:00+05:30,4298.0,4328.95,4244.0,4277.15,390066,2.8666910517883175,4240.511801488119,4209.4677300836365,31.044071404482565,41.6437014546086,84.94999999999982,6.050000000000182,78.89999999999964,84.94999999999982,125.52142857142864,601503.25,Sell
40,2022-09-02T00:00:00+05:30,4309.8,4398.0,4284.0,4312.35,735116,2.8385858712444074,4251.563832028409,4217.08863896633,34.47519306207869,40.20999977610262,114.0,120.85000000000036,6.850000000000364,120.85000000000036,124.54642857142868,616215.65,Sell
41,2022-09-05T00:00:00+05:30,4282.0,4308.6,4233.0,4282.55,522750,2.854729993575892,4256.330934793269,4221.937628672528,34.39330612074082,39.04666104503026,75.60000000000036,3.75,79.35000000000036,79.35000000000036,119.24642857142875,623956.2,Sell
42,2022-09-06T00:00:00+05:30,4298.9,4422.0,4291.75,4415.5,1078703,2.7922242795535865,4280.818483286613,4236.275582104193,44.54290118241988,40.14590907250819,130.25,139.44999999999982,9.199999999999818,139.44999999999982,116.73214285714299,659967.8,No Signal
43,2022-09-07T00:00:00+05:30,4379.2,4410.0,4335.0,4376.5,396341,2.819252367307967,4295.538716627134,4246.662576022401,48.87614060473334,41.89195537895322,75.0,5.5,80.5,80.5,116.46785714285728,669409.6,No Signal
44,2022-09-08T00:00:00+05:30,4400.0,4444.9,4361.0,4414.8,562752,2.778042806014844,4313.8866063768055,4259.117200020742,54.76940635606388,44.467445574375354,83.89999999999964,68.39999999999964,15.5,83.89999999999964,116.13214285714295,675261.95,No Signal
45,2022-09-09T00:00:00+05:30,4436.9,4474.9,4415.0,4460.35,476210,2.6340433644026877,4336.419436164989,4274.023333352538,62.39610281245041,48.053177021990365,59.899999999999636,60.099999999999454,0.1999999999998181,60.099999999999454,106.89285714285721,655724.6,No Signal
46,2022-09-12T00:00:00+05:30,4473.0,4501.8,4447.05,4481.6,331200,2.710472371236498,4358.754907524221,4289.399382733832,69.35552479038961,52.31364657567022,54.75,41.44999999999982,13.300000000000182,54.75,100.8214285714286,649960.55,No Signal
47,2022-09-13T00:00:00+05:30,4520.0,4520.0,4466.3,4490.1,309270,2.894194313058997,4378.961844828187,4304.266095123919,74.69574970426856,56.79006720138989,53.69999999999982,38.399999999999636,15.300000000000182,53.69999999999982,97.11428571428574,594792.85,No Signal
48,2022-09-14T00:00:00+05:30,4405.35,4480.0,4405.35,4427.6,362667,3.002158356975281,4386.444637931543,4313.401939929554,73.04269800198927,60.04059336150977,74.64999999999964,10.100000000000364,84.75,84.75,92.52142857142859,583109.15,No Signal
49,2022-09-15T00:00:00+05:30,4449.75,4459.15,4328.05,4341.85,427739,3.070434947261038,4379.583924403613,4315.509203638476,64.0747207651375,60.84741884223532,131.09999999999945,31.549999999999272,99.55000000000018,131.09999999999945,95.94642857142851,579376.65,No Signal
50,2022-09-16T00:00:00+05:30,4342.0,4363.3,4257.0,4279.75,458526,3.1120257715826063,4364.22485911075,4312.86037373933,51.364485371420415,58.950832148072344,106.30000000000018,21.449999999999818,84.85000000000036,106.30000000000018,97.85714285714279,573277.75,No Signal
51,2022-09-19T00:00:00+05:30,4295.9,4331.0,4226.7,4308.2,266138,2.9609772476485987,4355.605650016789,4312.51516086975,43.09048914703908,55.778763547865694,104.30000000000018,51.25,53.05000000000018,104.30000000000018,92.02142857142852,550661.15,No Signal
52,2022-09-20T00:00:00+05:30,4316.5,4595.0,4316.5,4559.35,1173703,2.659498284177845,4386.950934629591,4330.799223027546,56.151711602045,55.85335315870156,278.5,286.8000000000002,8.300000000000182,286.8000000000002,105.05714285714281,573178.15,No Signal
53,2022-09-21T00:00:00+05:30,4556.0,4668.5,4556.0,4604.8,1177969,2.588273594955064,4420.466175455807,4351.095576877357,69.37059857844997,58.556802242651244,112.5,109.14999999999964,3.350000000000364,112.5,107.02499999999996,607214.8,No Signal
54,2022-09-22T00:00:00+05:30,4569.55,4631.2,4522.2,4608.9,511748,2.733547376179453,4449.455994616453,4370.192200812368,79.26379380408434,62.69820055493787,109.0,26.399999999999636,82.60000000000036,109.0,106.17857142857136,585003.8,No Signal
55,2022-09-23T00:00:00+05:30,4610.0,4719.0,4382.85,4418.45,1205477,2.623695587440932,4444.685841598537,4373.766852604044,70.91898899449279,64.34235824284886,336.14999999999964,110.10000000000036,226.04999999999927,336.14999999999964,124.52142857142846,624548.4,Buy
56,2022-09-26T00:00:00+05:30,4418.45,4420.45,4191.1,4282.7,843888,2.600977309965265,4419.76494289107,4367.02115981856,52.74378307251027,62.02264320878115,229.34999999999945,2.0,227.34999999999945,229.34999999999945,130.942857142857,649626.4,Sell
57,2022-09-27T00:00:00+05:30,4335.0,4354.1,4205.0,4242.95,651275,2.6394367103794067,4392.562643984752,4357.830703535703,34.731940449049034,56.564502656834726,149.10000000000036,71.40000000000055,77.69999999999982,149.10000000000036,135.842857142857,636486.15,Sell
58,2022-09-28T00:00:00+05:30,4229.0,4295.0,4183.1,4268.95,395837,2.681018472577933,4373.545314140944,4351.246947718243,22.298366422701292,49.71127541000804,111.89999999999964,52.05000000000018,59.849999999999454,111.89999999999964,137.842857142857,613868.75,Sell
59,2022-09-29T00:00:00+05:30,4297.45,4404.65,4284.95,4391.7,631901,2.5316623603169734,4376.338342734645,4354.243470109484,22.09487262516086,44.18799485303861,119.69999999999982,135.69999999999982,16.0,135.69999999999982,143.24285714285705,625960.5,Sell
60,2022-09-30T00:00:00+05:30,4352.2,4484.9,4352.2,4383.4,761059,2.495966105672543,4377.4247515447,4356.403213064337,21.021538480362324,39.55470357850336,132.69999999999982,93.19999999999982,39.5,132.69999999999982,148.81071428571417,627257.65,Sell
61,2022-10-03T00:00:00+05:30,4385.0,4490.0,4350.95,4365.2,454167,2.432235920334207,4375.544020537823,4357.054826911423,18.489193626399356,35.34160158808256,139.05000000000018,106.60000000000036,32.44999999999982,139.05000000000018,154.9071428571428,623828.5,Sell
62,2022-10-04T00:00:00+05:30,4430.0,4444.55,4365.2,4404.4,307007,2.410076907007851,4379.983401993542,4360.561876769836,19.42152522370634,32.15758631520732,79.35000000000036,79.35000000000036,0.0,79.35000000000036,154.52142857142852,585243.7,Sell
63,2022-10-06T00:00:00+05:30,4426.45,4450.0,4361.3,4390.5,272018,2.4141585521570694,4381.601340148382,4362.779515527626,18.82182462075616,29.49043397631709,88.69999999999982,45.600000000000364,43.099999999999454,88.69999999999982,151.4928571428571,579027.55,Sell
64,2022-10-07T00:00:00+05:30,4379.6,4433.0,4353.55,4394.1,501530,2.412487094889814,4383.524210894785,4365.099551414469,18.424659480316222,27.277279077116916,79.44999999999982,42.5,36.94999999999982,79.44999999999982,149.57499999999996,575966.45,Sell
65,2022-10-10T00:00:00+05:30,4375.0,4420.0,4295.0,4340.6,207854,2.444650532178609,4376.920486141741,4363.284769828212,13.635716313528974,24.54896652439933,125.0,25.899999999999636,99.10000000000036,125.0,151.05357142857136,562548.65,Sell
66,2022-10-11T00:00:00+05:30,4362.35,4362.35,4263.65,4275.55,258179,2.5186900197357045,4361.32502673532,4356.785897989085,4.539128746234383,20.546998968766342,98.70000000000073,21.75,76.95000000000073,98.70000000000073,137.6178571428571,558897.6,Sell
67,2022-10-12T00:00:00+05:30,4280.0,4350.0,4245.0,4287.05,621343,2.5010330554707116,4349.89809954527,4351.62027591582,-1.7221763705492776,16.093163900903217,105.0,74.44999999999982,30.550000000000182,105.0,137.08214285714283,574501.25,Sell
68,2022-10-13T00:00:00+05:30,4270.1,4317.95,4236.0,4266.05,277038,2.5647488412476482,4336.998391922921,4345.281736959092,-8.28334503617134,11.217862113488307,81.94999999999982,30.899999999999636,51.05000000000018,81.94999999999982,135.14999999999995,570219.8,Sell
69,2022-10-14T00:00:00+05:30,4301.0,4324.0,4264.05,4297.15,254366,2.5711363013566295,4330.867870088625,4341.716423110271,-10.848553021645785,6.804579086461489,59.94999999999982,57.94999999999982,2.0,59.94999999999982,115.42142857142855,561551.15,No Signal
70,2022-10-17T00:00:00+05:30,4290.0,4300.55,4221.05,4290.85,254729,2.564605236518619,4324.711274690375,4337.948539916917,-13.23726522654215,2.7962102238607613,79.5,3.4000000000005457,76.09999999999945,79.5,104.71785714285716,551361.3,No Signal
71,2022-10-18T00:00:00+05:30,4325.0,4377.0,4258.0,4366.0,387468,2.499232157672352,4331.063386276471,4340.026425848997,-8.963039572526213,0.44436026458336647,119.0,86.14999999999964,32.850000000000364,119.0,102.56785714285714,557427.8,No Signal
72,2022-10-19T00:00:00+05:30,4380.0,4405.9,4341.1,4388.75,249671,2.2780973168355003,4339.938249926245,4343.635579489812,-3.6973295635671093,-0.3839777010467287,64.79999999999927,39.899999999999636,24.899999999999636,64.79999999999927,99.2035714285714,511226.2,No Signal
73,2022-10-20T00:00:00+05:30,4384.0,4393.3,4295.2,4322.5,370649,1.9087714762468142,4337.255442245284,4342.069981009085,-4.814538763800556,-1.2700899135974941,98.10000000000036,4.550000000000182,93.55000000000018,98.10000000000036,96.51785714285714,470860.2,No Signal
74,2022-10-21T00:00:00+05:30,4344.15,4430.0,4322.7,4389.05,364599,1.2920879966217869,4345.223835746009,4345.549982415819,-0.3261466698095319,-1.0813012648399016,107.30000000000018,107.5,0.1999999999998181,107.5,94.71785714285716,463502.75,No Signal
75,2022-10-24T00:00:00+05:30,4410.2,4435.0,4320.0,4410.15,30911,1.2725247468081375,4355.212476400469,4350.335168903536,4.877307496933099,0.1104204875146985,115.0,45.94999999999982,69.05000000000018,115.0,93.0,404774.45,No Signal
76,2022-10-25T00:00:00+05:30,4437.8,4449.9,4372.0,4404.05,474364,1.280631702522969,4362.725941569628,4354.314045281052,8.411896288575917,1.7707156477269423,77.89999999999964,39.75,38.149999999999636,77.89999999999964,92.89642857142852,386298.25,No Signal
77,2022-10-27T00:00:00+05:30,4445.0,4499.0,4402.85,4431.85,421237,1.2269528652798132,4373.360412097378,4360.057449334307,13.302962763070354,4.077165070795625,96.14999999999964,94.94999999999982,1.199999999999818,96.14999999999964,93.42857142857136,374796.35,No Signal
78,2022-10-28T00:00:00+05:30,4454.25,4584.0,4415.0,4567.0,691758,1.5089722397101295,4403.151117928551,4375.386527161396,27.764590767154914,8.814650210067484,169.0,152.14999999999964,16.850000000000364,169.0,99.82499999999995,389592.4,No Signal
79,2022-10-31T00:00:00+05:30,4582.1,4625.0,4491.5,4517.5,433462,1.6931552001965569,4420.74325363185,4385.9134510753665,34.82980255648363,14.017680679350713,133.5,58.0,75.5,133.5,100.43214285714281,379670.45,No Signal
80,2022-11-01T00:00:00+05:30,4577.0,4647.0,4470.0,4511.35,866653,1.8262328354572845,4434.682753073104,4395.205047292006,39.47770578109794,19.109685699700158,177.0,129.5,47.5,177.0,106.02499999999989,384950.15,No Signal
81,2022-11-02T00:00:00+05:30,4512.0,4532.8,4370.0,4383.1,643103,1.8777683833094578,4426.746944908012,4394.308377122228,32.43856778578356,21.77546211691684,162.80000000000018,21.449999999999818,141.35000000000036,162.80000000000018,110.15357142857134,394396.95,No Signal
82,2022-11-03T00:00:00+05:30,4370.0,4425.0,4349.35,4395.0,457167,1.8702127343782553,4421.862799537548,4394.359608446508,27.503191091040208,22.921007911741516,75.64999999999964,41.899999999999636,33.75,75.64999999999964,109.70357142857132,401904.95,No Signal
83,2022-11-04T00:00:00+05:30,4410.0,4410.0,4340.05,4362.6,669679,1.8858051188239715,4412.745445762541,4392.007044857878,20.73840090466274,22.484486510325763,69.94999999999982,15.0,54.94999999999982,69.94999999999982,110.41785714285705,421788.0,No Signal
84,2022-11-07T00:00:00+05:30,4384.45,4420.0,4336.45,4370.15,356164,1.8815963387489167,4406.192300260612,4390.388004498035,15.804295762576658,21.148448360775944,83.55000000000018,57.399999999999636,26.150000000000546,83.55000000000018,110.70714285714277,414519.7,Sell
85,2022-11-09T00:00:00+05:30,4347.0,4435.0,4344.0,4361.2,378027,1.8768427329245485,4399.270407912825,4388.2259300907735,11.044477822051704,19.127654253031096,91.0,64.85000000000036,26.149999999999636,91.0,108.70714285714277,423028.35,Sell
86,2022-11-10T00:00:00+05:30,4374.5,4377.45,4250.0,4285.45,527712,1.8951664971689257,4381.759575926237,4380.612898232198,1.1466776940387717,15.531458941232632,127.44999999999982,16.25,111.19999999999982,127.44999999999982,113.18214285714281,436505.0,Sell
87,2022-11-11T00:00:00+05:30,4386.0,4540.0,4330.05,4421.4,1685302,1.7779080627799184,4387.858102706816,4383.634165029813,4.22393767700305,13.269954688386717,209.94999999999982,254.55000000000018,44.600000000000364,254.55000000000018,124.35714285714279,489702.95,Sell
88,2022-11-14T00:00:00+05:30,4430.0,4568.0,4425.2,4556.7,886552,1.7964626131841748,4413.83377921346,4396.453856509086,17.379922704373712,14.091948291584117,142.80000000000018,146.60000000000036,3.800000000000182,146.60000000000036,127.14999999999996,520178.65,Buy
89,2022-11-15T00:00:00+05:30,4560.0,4629.0,4527.0,4611.95,492763,1.9628749464121453,4444.313197796005,4412.41653380471,31.8966639912951,17.652891431526314,102.0,72.30000000000018,29.699999999999818,102.0,126.22142857142853,532098.5,Buy
90,2022-11-16T00:00:00+05:30,4605.0,4610.0,4461.0,4479.25,499581,1.9284515931155206,4449.6880904427735,4417.367160930286,32.320929512487055,20.586499047718462,149.0,1.949999999999818,150.94999999999982,150.94999999999982,131.4392857142857,544341.1,Buy
91,2022-11-17T00:00:00+05:30,4490.0,4515.95,4370.7,4400.3,430517,1.9418220861698274,4442.089922682347,4416.102926787303,25.986995895043947,21.66659841718356,145.25,36.69999999999982,108.55000000000018,145.25,134.94642857142858,546493.55,Buy
92,2022-11-18T00:00:00+05:30,4430.0,4449.0,4320.0,4399.15,385705,1.937259172771081,4435.483780731216,4414.847154432688,20.636626298528427,21.460603993452533,129.0,48.69999999999982,80.30000000000018,129.0,132.08928571428572,553295.25,Sell
93,2022-11-21T00:00:00+05:30,4403.95,4440.0,4341.0,4418.85,336664,1.8450490890752231,4432.924737541798,4415.143661511748,17.781076030049917,20.724698400772013,99.0,40.850000000000364,58.149999999999636,99.0,129.625,551596.0,Sell
94,2022-11-22T00:00:00+05:30,4420.95,4480.0,4380.0,4469.8,310657,1.8165430856295413,4438.59785484306,4419.192279177545,19.405575665515244,20.46087385372066,100.0,61.149999999999636,38.850000000000364,100.0,124.125,548898.9,Sell
95,2022-11-23T00:00:00+05:30,4482.3,4616.15,4448.0,4605.2,799177,1.9332651870881696,4464.228954097974,4432.970628868097,31.25832522987639,22.620364128951806,168.14999999999964,146.34999999999945,21.800000000000182,168.14999999999964,124.50714285714282,587312.2,Buy
96,2022-11-24T00:00:00+05:30,4630.0,4833.0,4614.0,4815.05,1822572,2.4998527418679264,4518.201422698286,4461.272804507497,56.92861819078826,29.482014941319097,219.0,227.80000000000018,8.800000000000182,227.80000000000018,135.375,654722.6,Buy
97,2022-11-25T00:00:00+05:30,4815.0,4885.0,4751.05,4789.45,1069666,2.9168579833565254,4559.931973052396,4485.582226395831,74.349746656565,38.45556128436828,133.94999999999982,69.94999999999982,64.0,133.94999999999982,139.94642857142858,687144.05,Buy
98,2022-11-28T00:00:00+05:30,4761.0,4768.85,4683.25,4721.85,598162,3.143748876526346,4584.842438736642,4503.0835429591025,81.75889577753969,47.11622818300256,85.60000000000036,20.599999999999454,106.19999999999982,106.19999999999982,141.5642857142857,682464.25,Buy
99,2022-11-29T00:00:00+05:30,4725.0,4842.0,4707.65,4719.2,910554,3.321731487099535,4605.512832777159,4519.092169406576,86.42066337058259,54.97711522051857,134.35000000000036,120.14999999999964,14.200000000000728,134.35000000000036,144.66071428571428,706318.85,Buy
100,2022-11-30T00:00:00+05:30,4719.2,4760.1,4642.6,4726.4,1113421,3.4801468950799586,4624.11085850375,4534.448305006089,89.66255349766107,61.91420287594707,117.5,40.900000000000546,76.59999999999945,117.5,143.95000000000002,718657.25,Buy
101,2022-12-01T00:00:00+05:30,4765.0,4794.0,4701.05,4775.7,611399,3.585934812544287,4647.432264887789,4552.318800931564,95.11346395622513,68.55405509200268,92.94999999999982,67.60000000000036,25.349999999999454,92.94999999999982,132.40714285714284,717072.05,Buy
102,2022-12-02T00:00:00+05:30,4771.0,4882.95,4743.05,4871.45,996299,3.768124106217954,4681.896531828129,4575.958149010707,105.93838281742228,76.03092063708661,139.89999999999964,107.25,32.649999999999636,139.89999999999964,131.92857142857136,744028.65,Buy
103,2022-12-05T00:00:00+05:30,4885.0,4901.95,4766.95,4778.35,684801,3.8465927068572667,4696.735526931494,4590.950137972876,105.78538895861766,81.98181430139283,135.0,30.5,104.5,135.0,134.28571428571422,744784.75,Buy
104,2022-12-06T00:00:00+05:30,4770.35,4800.0,4715.0,4788.05,354855,3.8132478055697074,4710.783907403572,4605.550127752664,105.23377965090822,86.63220737129592,85.0,21.649999999999636,63.350000000000364,85.0,129.57499999999996,744719.3,No Signal
105,2022-12-07T00:00:00+05:30,4804.7,4815.0,4710.9,4727.4,354913,3.71513587632153,4713.340229341484,4614.57604421543,98.76418512605414,89.05860292224757,104.10000000000036,26.949999999999818,77.15000000000055,104.10000000000036,126.63571428571426,743563.6,No Signal
106,2022-12-08T00:00:00+05:30,4738.0,4777.85,4681.4,4704.5,336378,3.357864759808554,4711.980194058178,4621.23707797725,90.7431160809283,89.39550555398372,96.45000000000073,50.45000000000073,46.0,96.45000000000073,124.31071428571431,733996.9,No Signal
107,2022-12-09T00:00:00+05:30,4728.0,4735.95,4675.25,4685.1,271784,3.1939120935721133,4707.844779587689,4625.96766479375,81.87711479393874,87.89182740197474,60.69999999999982,31.449999999999818,29.25,60.69999999999982,121.57500000000002,663321.0,No Signal
108,2022-12-12T00:00:00+05:30,4677.0,4756.0,4630.0,4742.3,445258,3.1452887918093677,4713.145582728044,4634.584874809028,78.56070791901584,86.02560350538296,126.0,70.89999999999964,55.100000000000364,126.0,123.43214285714286,641256.3,No Signal
109,2022-12-13T00:00:00+05:30,4746.0,4761.35,4661.3,4678.85,363806,3.1789804985662404,4707.869339231422,4637.863772971323,70.00556626009893,82.82159605632616,100.05000000000018,19.050000000000182,81.0,100.05000000000018,118.56785714285719,634808.45,No Signal
110,2022-12-14T00:00:00+05:30,4712.0,4712.0,4656.6,4666.15,356293,3.0473746568667193,4701.4509793496645,4639.959049047521,61.49193030214337,78.55566290548961,55.399999999999636,33.149999999999636,22.25,55.399999999999636,106.25357142857145,627644.05,No Signal
111,2022-12-15T00:00:00+05:30,4679.95,4686.6,4627.65,4642.9,316605,2.7387308892008626,4692.443136372793,4640.176897266223,52.26623910656963,73.29777814570562,58.95000000000073,20.450000000000728,38.5,58.95000000000073,100.89642857142864,621948.45,No Signal
112,2022-12-16T00:00:00+05:30,4638.0,4638.0,4551.7,4565.15,342826,2.4519294982437723,4672.859576930825,4634.6193493205765,38.24022761024844,66.28626803861418,86.30000000000018,4.899999999999636,91.19999999999982,91.19999999999982,99.82500000000007,619804.5,No Signal
113,2022-12-19T00:00:00+05:30,4600.0,4620.0,4521.05,4610.45,308453,2.0351127901885446,4663.258103556852,4632.829027148682,30.42907640816975,59.1148297125253,98.94999999999982,54.850000000000364,44.099999999999454,98.94999999999982,97.2964285714286,618393.95,No Signal
114,2022-12-20T00:00:00+05:30,4610.35,4616.45,4540.25,4596.65,282355,1.7510826193646356,4653.010703009644,4630.149099211742,22.861603797901807,51.86418452960061,76.19999999999982,6.0,70.19999999999982,76.19999999999982,94.3464285714286,616978.85,No Signal
115,2022-12-21T00:00:00+05:30,4610.8,4788.45,4602.2,4766.2,877345,1.6238577484993517,4670.42444100816,4640.226943714576,30.197497293584092,47.53084708239731,186.25,191.80000000000018,5.550000000000182,191.80000000000018,101.40714285714292,620887.25,No Signal
116,2022-12-22T00:00:00+05:30,4795.0,4848.8,4725.0,4781.7,902304,1.5798792672261042,4687.543757776136,4650.706429365348,36.83732841078745,45.39214334807534,123.80000000000018,82.60000000000036,41.19999999999982,123.80000000000018,100.25714285714295,574873.85,No Signal
117,2022-12-23T00:00:00+05:30,4765.7,4805.0,4686.35,4700.15,473487,1.566884334778543,4689.4831796567305,4654.368916079026,35.11426357770415,43.3365673940011,118.64999999999964,23.300000000000182,95.34999999999945,118.64999999999964,99.08928571428578,545064.9,No Signal
118,2022-12-26T00:00:00+05:30,4723.7,4740.0,4652.5,4684.05,247341,1.5771818074810544,4688.647305863387,4656.567514887987,32.0797909754001,41.0852121102809,87.5,39.850000000000364,47.649999999999636,87.5,99.26785714285721,527523.85,No Signal
119,2022-12-27T00:00:00+05:30,4685.0,4712.7,4625.65,4643.8,226475,1.6219538245014917,4681.747720345943,4655.621773044432,26.125947301510678,38.09335914852686,87.05000000000018,28.649999999999636,58.400000000000546,87.05000000000018,98.05000000000005,493319.9,No Signal
120,2022-12-28T00:00:00+05:30,4652.0,4679.6,4582.0,4588.65,313366,1.7348562636399338,4667.424994138874,4650.660900967067,16.764093171806962,33.82750595318288,97.60000000000036,35.80000000000018,61.80000000000018,97.60000000000036,98.13214285714288,453317.15,No Signal
121,2022-12-29T00:00:00+05:30,4588.65,4610.0,4478.5,4524.45,530411,1.9125964484193008,4645.428841194432,4641.311945339877,4.1168958545549685,27.885383933457298,131.5,21.350000000000364,110.14999999999964,131.5,103.18928571428576,449267.75,No Signal
122,2022-12-30T00:00:00+05:30,4550.0,4582.45,4468.1,4477.6,348965,1.9482933324035792,4619.609019472212,4629.18513457396,-9.576115101747746,20.39308412641629,114.34999999999945,58.0,56.349999999999454,114.34999999999945,102.35714285714286,416901.05,No Signal
123,2023-01-02T00:00:00+05:30,4488.0,4516.7,4446.0,4454.35,246577,2.1395494327660565,4594.184554938026,4616.234383864778,-22.049828926751616,11.90450151578271,70.69999999999982,39.099999999999454,31.600000000000364,70.69999999999982,100.26071428571426,394989.85,No Signal
124,2023-01-03T00:00:00+05:30,4467.0,4508.95,4425.1,4490.9,430096,2.1385846072253303,4578.294623409099,4606.950355430349,-28.655732021250515,3.7924548083760654,83.84999999999945,54.599999999999454,29.25,83.84999999999945,102.2928571428571,398751.9,No Signal
125,2023-01-04T00:00:00+05:30,4495.0,4514.1,4425.0,4433.3,414977,2.3372654327515,4555.987758269237,4594.0873661392125,-38.09960786997544,-4.585957727294237,89.10000000000036,23.200000000000728,65.89999999999964,89.10000000000036,104.44642857142851,401755.1,No Signal
126,2023-01-05T00:00:00+05:30,4455.5,4455.5,4356.0,4429.05,468816,2.487109740345126,4536.458872381662,4581.862376054826,-45.40350367316387,-12.749466916468164,99.5,22.199999999999818,77.30000000000018,99.5,105.03928571428567,408377.0,Sell
127,2023-01-06T00:00:00+05:30,4442.05,4474.3,4369.0,4387.45,299640,2.7113286312687497,4513.534430476791,4567.461459310024,-53.927028833232725,-20.984979299821077,105.30000000000018,45.25,60.05000000000018,105.30000000000018,105.49285714285712,409769.8,Sell
128,2023-01-09T00:00:00+05:30,4424.35,4452.15,4381.05,4407.7,407803,2.7317214525789204,4497.252210403439,4555.627277138911,-58.3750667354725,-28.462996786951365,71.09999999999945,64.69999999999982,6.399999999999636,71.09999999999945,105.12857142857138,407897.05,Sell
129,2023-01-10T00:00:00+05:30,4410.0,4489.0,4406.0,4466.65,557940,2.692385618705041,4492.544178033679,4549.036367721214,-56.492189687535756,-34.068835367068246,83.0,81.30000000000018,1.699999999999818,83.0,97.35714285714279,417603.75,No Signal
130,2023-01-11T00:00:00+05:30,4474.0,4482.45,4336.05,4360.6,462687,2.8921386010197376,4472.2450737208055,4535.078118260384,-62.83304453957862,-39.821677201570324,146.39999999999964,15.800000000000182,130.59999999999945,146.39999999999964,98.97142857142846,422923.45,No Signal
131,2023-01-12T00:00:00+05:30,4370.95,4382.4,4325.25,4359.75,207917,3.0048635424097916,4454.93813930222,4522.090850241097,-67.15271093887623,-45.2878839490315,57.149999999999636,21.799999999999272,35.350000000000364,57.149999999999636,94.57857142857132,417489.05,No Signal
132,2023-01-13T00:00:00+05:30,4365.0,4370.0,4268.05,4335.55,366497,3.187987365971453,4436.570733255725,4508.2730094824965,-71.70227622677157,-50.57076240457952,101.94999999999982,10.25,91.69999999999982,101.94999999999982,95.61071428571417,418672.6,No Signal
133,2023-01-16T00:00:00+05:30,4364.25,4364.25,4285.0,4294.65,210854,3.394164668757994,4414.736774293306,4492.449082854164,-77.71230856085822,-55.999071635835264,79.25,28.699999999999818,50.55000000000018,79.25,95.0535714285713,413792.65,No Signal
134,2023-01-17T00:00:00+05:30,4316.2,4336.45,4275.0,4322.85,294500,3.467999361381239,4400.600347478951,4479.8861878279295,-79.28584034897813,-60.656425378463844,61.44999999999982,41.80000000000018,19.649999999999636,61.44999999999982,92.4714285714284,414399.9,No Signal
135,2023-01-18T00:00:00+05:30,4337.0,4352.0,4305.0,4339.8,331806,3.2106346017139664,4391.246447866805,4469.509433174008,-78.26298530720305,-64.1777373642117,47.0,29.149999999999636,17.850000000000364,47.0,86.43571428571411,387122.95,No Signal
136,2023-01-19T00:00:00+05:30,4339.8,4339.8,4285.65,4318.15,162244,2.850548514296263,4380.000840502681,4458.297623309267,-78.29678280658572,-67.00154645268651,54.150000000000546,0.0,54.150000000000546,54.150000000000546,82.1357142857142,350119.95,No Signal
137,2023-01-20T00:00:00+05:30,4302.0,4322.45,4264.2,4285.25,242706,2.6479762066300716,4365.423788117653,4445.479280841913,-80.05549272426015,-69.61233570700124,58.25,4.300000000000182,53.94999999999982,58.25,81.2464285714285,338580.9,No Signal
138,2023-01-23T00:00:00+05:30,4294.4,4353.5,4286.9,4335.45,161350,2.264447695686554,4360.8124360995525,4437.328963742512,-76.51652764295977,-70.99317409419295,66.60000000000036,68.25,1.6499999999996362,68.25,80.13214285714282,334281.35,No Signal
139,2023-01-24T00:00:00+05:30,4349.95,4349.95,4290.8,4305.0,178860,1.9626795776875137,4352.225907468852,4427.526818280104,-75.30091081125192,-71.85472143760475,59.149999999999636,14.5,44.649999999999636,59.149999999999636,77.99285714285705,331900.6,No Signal
140,2023-01-25T00:00:00+05:30,4314.95,4318.0,4194.0,4224.35,423714,1.8910828953360275,4332.552690935182,4412.4766835926885,-79.92399265750646,-73.4685756815851,124.0,13.0,111.0,124.0,79.74285714285705,337418.0,No Signal
141,2023-01-27T00:00:00+05:30,4228.0,4285.35,4192.1,4244.15,421866,1.8218314594297262,4318.952276945154,4400.0080403636,-81.05576341844608,-74.98601322895729,93.25,61.0,32.25,93.25,78.88214285714275,331990.75,No Signal
142,2023-01-30T00:00:00+05:30,4236.5,4260.0,4123.0,4237.7,623069,1.8245273115139773,4306.451926645899,4387.985222558889,-81.53329591299007,-76.29546976576385,137.0,15.850000000000364,121.14999999999964,137.0,83.58928571428565,345695.95,No Signal
143,2023-01-31T00:00:00+05:30,4239.5,4303.75,4127.05,4255.9,671038,1.7896903734563732,4298.674707161915,4378.2011319989715,-79.52642483705677,-76.94166078002245,176.69999999999982,66.05000000000018,110.64999999999964,176.69999999999982,90.28214285714277,366919.0,No Signal
144,2023-02-01T00:00:00+05:30,4275.0,4352.0,4211.5,4262.65,321331,1.6290304171466374,4293.1324445216205,4369.641788887937,-76.50934436631633,-76.85519749728122,140.5,96.10000000000036,44.399999999999636,140.5,89.86071428571424,361480.75,No Signal
145,2023-02-02T00:00:00+05:30,4262.0,4262.0,4170.0,4231.5,479256,1.6149802160062978,4283.650529979833,4359.409063785127,-75.75853380529406,-76.6358647588838,92.0,0.6499999999996362,92.64999999999964,92.64999999999964,92.39642857142852,364694.7,Buy
146,2023-02-03T00:00:00+05:30,4245.0,4259.8,4158.0,4251.6,413966,1.5263788102885507,4278.719679213705,4351.423207208451,-72.70352799474585,-75.84939740605621,101.80000000000018,28.300000000000182,73.5,101.80000000000018,92.38571428571426,361952.2,Buy
147,2023-02-06T00:00:00+05:30,4236.8,4332.0,4189.65,4320.7,257658,1.4452557784599154,4285.178190103904,4349.147414081898,-63.96922397799426,-73.47336272044383,142.35000000000036,80.39999999999964,61.95000000000073,142.35000000000036,96.89285714285714,359853.1,Buy
148,2023-02-07T00:00:00+05:30,4318.85,4360.0,4271.35,4301.4,319090,1.3453413564645713,4287.673853164842,4345.61056859435,-57.936715429508695,-70.3660332622568,88.64999999999964,39.30000000000018,49.349999999999454,88.64999999999964,98.83571428571427,355417.45,Buy
149,2023-02-08T00:00:00+05:30,4320.0,4404.3,4302.55,4391.25,250175,1.0996195694235809,4303.608644985635,4348.991267216991,-45.382622231356436,-65.36935105607674,101.75,102.90000000000055,1.1500000000005457,102.90000000000055,102.82857142857145,340029.2,Buy
150,2023-02-09T00:00:00+05:30,4347.35,4404.45,4325.0,4389.3,284239,1.152538706131262,4316.79193037246,4351.977099274992,-35.185168902531586,-59.33251462536771,79.44999999999982,13.199999999999818,66.25,79.44999999999982,104.63571428571426,331106.8,Buy
151,2023-02-10T00:00:00+05:30,4385.4,4425.3,4350.25,4416.25,359807,1.2550556723870796,4332.09317185362,4356.738054884252,-24.644883030631718,-52.394988306420515,75.05000000000018,36.0,39.05000000000018,75.05000000000018,105.83571428571427,338701.3,Buy
152,2023-02-13T00:00:00+05:30,4435.95,4439.6,4328.0,4335.9,272935,1.2785629522074868,4332.678837722294,4355.194495263197,-22.515657540902794,-46.41912215331698,111.60000000000036,23.350000000000364,88.25,111.60000000000036,108.93214285714286,334023.2,Buy
153,2023-02-14T00:00:00+05:30,4380.45,4380.45,4251.05,4268.85,339582,1.3105227617689403,4322.859016534248,4348.798606725182,-25.939590190933814,-42.32321576084035,129.39999999999964,44.55000000000018,84.84999999999945,129.39999999999964,113.95000000000002,340459.6,Buy
154,2023-02-15T00:00:00+05:30,4170.0,4514.0,4170.0,4487.9,2724361,1.552700905487613,4348.249937067441,4359.102413634428,-10.852476566986297,-36.02906792206954,344.0,245.14999999999964,98.85000000000036,344.0,129.66428571428574,461952.65,Buy
155,2023-02-16T00:00:00+05:30,4509.95,4668.0,4500.15,4643.15,1419679,2.1967386520102177,4393.619177518604,4380.142975587433,13.47620193117109,-26.128013951421412,167.85000000000036,180.10000000000036,12.25,180.10000000000036,135.8678571428572,516346.3,Buy
156,2023-02-17T00:00:00+05:30,4640.15,4668.95,4576.0,4614.7,408098,2.6163044103126527,4427.631611746511,4397.517569988364,30.114041758147323,-14.879602809507666,92.94999999999982,25.800000000000182,67.14999999999964,92.94999999999982,132.7214285714286,528639.0,Buy
157,2023-02-20T00:00:00+05:30,4593.0,4649.95,4575.35,4610.6,232327,2.909046404466475,4455.780594554741,4413.3014536929295,42.479140861811175,-3.4078540752438977,74.59999999999945,35.25,39.349999999999454,74.59999999999945,125.42857142857143,528120.05,Buy
158,2023-02-21T00:00:00+05:30,4611.0,4640.0,4491.0,4502.05,490637,3.062492322524806,4462.898964623242,4419.875420086046,43.02354453719636,5.878425647244154,149.0,29.399999999999636,119.60000000000036,149.0,126.03571428571429,544584.4,Buy
159,2023-02-22T00:00:00+05:30,4505.0,4535.95,4440.0,4449.1,333978,3.109680916995476,4460.776046988897,4422.040203783376,38.73584320552163,12.44990915889965,95.94999999999982,33.899999999999636,62.05000000000018,95.94999999999982,126.27142857142859,552340.3,Buy
160,2023-02-23T00:00:00+05:30,4471.35,4518.3,4401.0,4448.05,443522,3.030287456509713,4458.81819360599,4423.966855354977,34.85133825101275,16.930194977322273,117.30000000000018,69.19999999999982,48.100000000000364,117.30000000000018,127.37857142857145,553330.7,Buy
161,2023-02-24T00:00:00+05:30,4455.05,4486.0,4396.9,4486.0,358946,2.9534694558763044,4463.000009974299,4428.561903106461,34.43810686783854,20.431777355425528,89.10000000000036,37.94999999999982,51.150000000000546,89.10000000000036,123.57500000000002,550184.7,Buy
162,2023-02-27T00:00:00+05:30,4485.0,4494.75,4415.05,4439.75,215703,2.8708025761347944,4459.423085362869,4429.390651024501,30.032434338368148,22.35190875201405,79.69999999999982,8.75,70.94999999999982,79.69999999999982,122.93571428571431,529816.4,Buy
163,2023-02-28T00:00:00+05:30,4449.0,4473.4,4361.3,4401.65,312308,2.783833582251728,4450.534918383965,4427.3357879856485,23.19913039831681,22.521353081274604,112.09999999999945,33.649999999999636,78.44999999999982,112.09999999999945,123.59285714285708,511879.9,Buy
164,2023-03-01T00:00:00+05:30,4401.65,4446.0,4337.25,4413.8,287008,2.6587031759952593,4444.88339247874,4426.333137023748,18.550255454991202,21.727133556017925,108.75,44.350000000000364,64.39999999999964,108.75,125.68571428571424,510163.75,Sell
165,2023-03-02T00:00:00+05:30,4429.0,4450.2,4381.35,4402.2,313250,2.4715205260676223,4438.316716712779,4424.545497244211,13.771219468568233,20.13595073852799,68.84999999999945,36.399999999999636,32.44999999999982,68.84999999999945,125.24285714285705,501863.45,Sell
166,2023-03-03T00:00:00+05:30,4416.75,4445.0,4393.9,4408.3,168815,2.2847315496359633,4433.698760295429,4423.342127077974,10.356633217455055,18.1800872343134,51.100000000000364,42.80000000000018,8.300000000000182,51.100000000000364,120.92142857142848,489605.9,Sell
167,2023-03-06T00:00:00+05:30,4416.0,4488.9,4412.05,4427.0,242624,2.1915447361322604,4432.66818178844,4423.613080627753,9.055101160686718,16.355090019588065,76.84999999999945,80.59999999999945,3.75,80.59999999999945,117.43571428571418,488854.2,No Signal
168,2023-03-08T00:00:00+05:30,4414.9,4441.2,4360.0,4376.05,246727,2.1176633988467484,4423.957692282526,4420.089889470142,3.8678028123840704,13.857632578147268,81.19999999999982,14.199999999999818,67.0,81.19999999999982,98.6642857142856,485236.05,No Signal
169,2023-03-09T00:00:00+05:30,4399.0,4538.25,4385.15,4418.15,684685,2.08306188356285,4423.064201162138,4419.946193953835,3.118007208302515,11.709707504178319,153.10000000000036,162.19999999999982,9.099999999999454,162.19999999999982,97.38571428571413,506961.55,No Signal
170,2023-03-10T00:00:00+05:30,4399.7,4399.7,4291.65,4317.25,328119,2.2176859611375095,4406.78509329104,4412.339068475773,-5.553975184733645,8.256970966395926,108.05000000000018,18.449999999999818,126.5,126.5,99.78214285714272,509155.55,No Signal
171,2023-03-13T00:00:00+05:30,4327.0,4435.95,4322.0,4345.0,496439,2.2577777195661515,4397.279694323187,4407.3509893294195,-10.071295006232504,4.591317771870241,113.94999999999982,118.69999999999982,4.75,118.69999999999982,102.93214285714274,515987.15,No Signal
172,2023-03-14T00:00:00+05:30,4345.0,4354.75,4275.0,4299.6,279235,2.3358332534150263,4382.252049042697,4399.369434564277,-17.117385521580218,0.24957711318014886,79.75,9.75,70.0,79.75,97.98571428571417,516302.15,No Signal
173,2023-03-15T00:00:00+05:30,4334.75,4367.95,4309.3,4328.8,279479,2.215661488517562,4374.028656882282,4394.142069040998,-20.11341215871562,-3.8230207411990045,58.649999999999636,68.34999999999945,9.699999999999818,68.34999999999945,96.01428571428558,513297.0,No Signal
174,2023-03-16T00:00:00+05:30,4330.95,4370.0,4266.0,4319.05,300181,2.2909024265764413,4365.570401977316,4388.5796935564795,-23.0092915791638,-7.660274908791964,104.0,41.19999999999982,62.80000000000018,104.0,95.06428571428556,392088.0,No Signal
175,2023-03-17T00:00:00+05:30,4340.0,4376.2,4296.7,4346.5,368653,2.0073915600480947,4362.636493980805,4385.462679218963,-22.82618523815745,-10.693456974665061,79.5,57.149999999999636,22.350000000000364,79.5,94.37857142857125,339536.7,No Signal
176,2023-03-20T00:00:00+05:30,4322.0,4353.9,4195.0,4313.0,563835,1.781983260261406,4355.000110291451,4380.095073350892,-25.094963059440488,-13.573758191620147,158.89999999999964,7.399999999999636,151.5,158.89999999999964,100.03571428571409,347323.55,No Signal
177,2023-03-21T00:00:00+05:30,4320.0,4353.9,4266.0,4274.0,239294,1.5166822672224687,4342.538554861997,4372.236179028603,-29.697624166606147,-16.79853138661735,87.89999999999964,40.899999999999636,47.0,87.89999999999964,98.30714285714268,347671.9,No Signal
178,2023-03-22T00:00:00+05:30,4275.05,4295.0,4211.1,4285.1,302705,1.4573385212338383,4333.701854113998,4365.781647248707,-32.07979313470878,-19.854783736235635,83.89999999999964,21.0,62.899999999999636,83.89999999999964,96.53214285714265,338275.3,No Signal
179,2023-03-23T00:00:00+05:30,4276.0,4299.35,4243.55,4273.05,233054,1.4938718319255906,4324.370799634921,4358.912636341395,-34.54183670647399,-22.79219433028331,55.80000000000018,14.25,41.55000000000018,55.80000000000018,95.59999999999984,333229.1,No Signal
180,2023-03-24T00:00:00+05:30,4277.5,4354.65,4261.0,4283.35,354928,1.47849481830688,4318.059907383395,4353.315404019811,-35.255496636415955,-25.28485479150984,93.64999999999964,81.59999999999945,12.050000000000182,93.64999999999964,98.6392857142855,328799.4,No Signal
181,2023-03-27T00:00:00+05:30,4304.7,4407.9,4277.0,4318.1,495895,1.3009427498203119,4318.066075478257,4350.706855573899,-32.640780095642185,-26.75603985233631,130.89999999999964,124.54999999999927,6.350000000000364,130.89999999999964,102.23214285714266,335646.85,No Signal
182,2023-03-28T00:00:00+05:30,4334.8,4343.5,4245.05,4333.6,343627,1.2013769287373848,4320.455910020063,4349.439681086943,-28.983771066879854,-27.20158609524502,98.44999999999982,25.399999999999636,73.05000000000018,98.44999999999982,103.46428571428552,342043.05,No Signal
183,2023-03-29T00:00:00+05:30,4333.6,4380.0,4311.1,4363.0,250752,1.1577239653209728,4327.001154632361,4350.444149154577,-23.442994522215486,-26.449867780639114,68.89999999999964,46.399999999999636,22.5,68.89999999999964,96.7999999999998,338965.25,No Signal
184,2023-03-31T00:00:00+05:30,4384.85,4400.95,4299.95,4306.2,465556,1.118498138113954,4323.800976996613,4347.166804772756,-23.365827776143306,-25.833059779739955,101.0,37.94999999999982,63.05000000000018,101.0,94.97857142857121,347892.65,No Signal
185,2023-04-03T00:00:00+05:30,4343.5,4343.95,4220.15,4234.35,493568,1.1982045988049133,4310.039288227903,4338.810004419219,-28.77071619131584,-26.420591062055134,123.80000000000018,37.75,86.05000000000018,123.80000000000018,95.34285714285696,356908.55,No Signal
186,2023-04-05T00:00:00+05:30,4250.0,4250.0,4168.0,4200.95,622519,1.2997846006798848,4293.256320808226,4328.598152240017,-35.341831431791434,-28.204839136002395,82.0,15.649999999999636,66.35000000000036,82.0,95.50357142857125,379593.75,No Signal
187,2023-04-06T00:00:00+05:30,4217.0,4225.0,4183.15,4201.95,286725,1.2891285447006846,4279.209194530037,4319.216807629646,-40.007613099608534,-30.565393928723623,41.850000000000364,24.050000000000182,17.800000000000182,41.850000000000364,93.61071428571417,381798.8,No Signal
188,2023-04-10T00:00:00+05:30,4215.0,4243.65,4187.3,4237.0,323541,1.2683842908480338,4272.715472294647,4313.1266737311535,-40.41120143650642,-32.534555430280186,56.349999999999454,41.69999999999982,14.649999999999636,56.349999999999454,90.2071428571427,385639.5,No Signal
189,2023-04-11T00:00:00+05:30,4263.0,4286.8,4221.15,4271.3,284178,1.0826642856369828,4272.49770732624,4310.02840160292,-37.53069427668015,-33.53378319956018,65.65000000000055,49.80000000000018,15.850000000000364,65.65000000000055,89.21785714285703,365614.15,No Signal
190,2023-04-12T00:00:00+05:30,4287.7,4328.95,4266.5,4320.2,304498,1.0724356804131432,4279.836521583741,4310.781853336037,-30.945331752295715,-33.01609291010729,62.44999999999982,57.649999999999636,4.800000000000182,62.44999999999982,82.32857142857132,364433.1,No Signal
191,2023-04-13T00:00:00+05:30,4329.0,4481.1,4320.3,4398.3,1257053,1.1553055043971687,4298.061672109319,4317.264679014849,-19.203006905529946,-30.25347570919182,160.80000000000018,160.90000000000055,0.1000000000003638,160.90000000000055,87.5428571428571,402463.8,No Signal
192,2023-04-17T00:00:00+05:30,4410.0,4448.4,4340.0,4384.5,334929,1.2451049768007836,4311.359876400194,4322.245073161897,-10.88519676170381,-26.37981991969422,108.39999999999964,50.099999999999454,58.30000000000018,108.39999999999964,89.2928571428571,405248.5,No Signal
193,2023-04-18T00:00:00+05:30,4380.0,4384.1,4293.9,4338.65,409033,1.2656533254960527,4315.5583569540095,4323.460252927683,-7.901895973673163,-22.68423513049001,90.20000000000073,0.3999999999996362,90.60000000000036,90.60000000000036,91.7785714285714,411726.2,No Signal
194,2023-04-19T00:00:00+05:30,4355.0,4355.0,4221.55,4320.3,517278,1.2715707028710577,4316.287840499546,4323.2261601182245,-6.938319618678179,-19.535052028127645,133.44999999999982,16.350000000000364,117.09999999999945,133.44999999999982,94.62142857142855,422581.05,Buy
195,2023-04-20T00:00:00+05:30,4320.3,4358.85,4233.15,4348.4,484513,1.2653293105003915,4321.228172730385,4325.090888998356,-3.862716267970427,-16.4005848760962,125.70000000000073,38.55000000000018,87.15000000000055,125.70000000000073,94.25000000000007,428374.05,No Signal
196,2023-04-21T00:00:00+05:30,4340.0,4428.0,4318.45,4361.3,485292,1.2988322776282208,4327.393069233403,4327.773045368848,-0.3799761354448492,-13.19646312796593,109.55000000000018,79.60000000000036,29.949999999999818,109.55000000000018,95.04285714285723,424446.9,Buy
197,2023-04-24T00:00:00+05:30,4362.3,4462.2,4362.3,4399.05,571150,1.3664143354721192,4338.417212428264,4333.05281978597,5.364392642293751,-9.484291973913995,99.89999999999964,100.89999999999964,1.0,100.89999999999964,97.32857142857152,441039.7,Buy
198,2023-04-25T00:00:00+05:30,4409.95,4446.25,4383.1,4416.5,252655,1.458066058894161,4350.429948977762,4339.234092394417,11.19585658334563,-5.348262262462071,63.149999999999636,47.19999999999982,15.949999999999818,63.149999999999636,94.62500000000007,438537.2,Buy
199,2023-04-26T00:00:00+05:30,4419.95,4488.7,4401.0,4410.4,438486,1.5169787118501366,4359.656110673491,4344.505641105941,15.150469567549408,-1.248515896459775,87.69999999999982,72.19999999999982,15.5,87.69999999999982,92.0464285714286,448808.8,No Signal
200,2023-04-27T00:00:00+05:30,4419.85,4438.5,4365.05,4417.5,400508,1.5724432202486462,4368.555170569877,4349.912630653649,18.64253991622809,2.729695266077798,73.44999999999982,28.100000000000364,45.349999999999454,73.44999999999982,91.43571428571431,451087.8,No Signal
201,2023-04-28T00:00:00+05:30,4442.95,4529.0,4430.95,4513.7,713399,1.7878244302345137,4390.8851443283575,4362.045028383009,28.84011594534877,7.951779401931994,98.05000000000018,111.5,13.449999999999818,111.5,96.41071428571429,461963.0,Buy
202,2023-05-02T00:00:00+05:30,4529.75,4573.3,4476.9,4490.8,384900,1.9489819762595137,4406.256660585534,4371.582433687971,34.67422689756222,13.29626890105804,96.40000000000055,59.600000000000364,36.80000000000018,96.40000000000055,99.27142857142864,464026.65,Buy
203,2023-05-03T00:00:00+05:30,4509.75,4524.45,4482.0,4515.45,287955,2.110747315506722,4423.055635880067,4382.239290451826,40.81634542824122,18.800284206494677,42.44999999999982,33.649999999999636,8.800000000000182,42.44999999999982,97.61428571428574,465886.8,Buy
204,2023-05-04T00:00:00+05:30,4510.0,4569.9,4500.0,4553.2,391146,2.2911458071027666,4443.077845744672,4394.903046714653,48.17479903001913,24.67518717119957,69.89999999999964,54.44999999999982,15.449999999999818,69.89999999999964,98.14642857142859,462166.3,Buy
205,2023-05-05T00:00:00+05:30,4550.0,4630.0,4521.5,4602.5,332169,2.432194356901741,4467.604331014722,4410.280598809864,57.32373220485806,31.20489617793127,108.5,76.80000000000018,31.699999999999818,108.5,94.4035714285714,454096.35,Buy
206,2023-05-08T00:00:00+05:30,4611.0,4660.0,4585.0,4625.1,274255,2.493886884061271,4491.834433935534,4426.19314704617,65.64128688936398,38.092174320217815,75.0,57.5,17.5,75.0,92.01785714285714,436683.15,No Signal
207,2023-05-09T00:00:00+05:30,4645.9,4647.9,4582.3,4593.05,207566,2.4380198633352914,4507.406059483914,4438.5529139316395,68.85314555227433,44.24436856662912,65.59999999999945,22.799999999999272,42.80000000000018,65.59999999999945,90.23214285714279,432725.2,No Signal
208,2023-05-10T00:00:00+05:30,4593.05,4634.0,4577.0,4601.3,293523,2.374058435183797,4521.851281101774,4450.608253640407,71.24302746136618,49.64410034557653,57.0,40.94999999999982,16.050000000000182,57.0,84.77142857142852,431224.3,No Signal
209,2023-05-11T00:00:00+05:30,4610.95,4645.0,4584.65,4595.3,409446,2.3121494373769735,4533.151084009193,4461.326160778155,71.82492323103816,54.08026492266886,60.350000000000364,43.69999999999982,16.650000000000546,60.350000000000364,80.10357142857136,437487.7,No Signal
210,2023-05-12T00:00:00+05:30,4595.0,4640.0,4535.0,4605.25,427837,2.2927712400014,4544.243224930856,4471.987185905699,72.2560390251565,57.71541974316639,105.0,44.69999999999982,60.30000000000018,105.0,79.77857142857134,443654.65,No Signal
211,2023-05-15T00:00:00+05:30,4609.95,4689.0,4591.1,4625.85,401847,2.3593853159986673,4556.798113403032,4483.384431394166,73.41368200886609,60.85507219630634,97.89999999999964,83.75,14.149999999999636,97.89999999999964,79.56428571428562,400894.35,No Signal
212,2023-05-16T00:00:00+05:30,4625.0,4642.25,4541.0,4555.1,310725,2.3589546599107623,4556.536865187181,4488.696695735339,67.84016945184248,62.25209164741357,101.25,16.399999999999636,84.85000000000036,101.25,82.28571428571422,399684.15,No Signal
213,2023-05-17T00:00:00+05:30,4580.05,4599.6,4458.0,4482.15,266803,2.2557597127617313,4545.092732081461,4488.211755310499,56.88097677096175,61.17786867212321,141.60000000000036,44.5,97.10000000000036,141.60000000000036,86.13571428571426,392572.65,No Signal
214,2023-05-18T00:00:00+05:30,4510.0,4529.9,4433.0,4442.0,167057,2.0926102555908503,4529.232311761236,4484.788662324536,44.44364943670007,57.83102482503858,96.89999999999964,47.75,49.149999999999636,96.89999999999964,87.81071428571424,375061.6,No Signal
215,2023-05-19T00:00:00+05:30,4455.0,4465.0,4410.25,4447.15,177405,1.9437524144929403,4516.604263797969,4482.000613263459,34.60365053451005,53.18554996693288,54.75,23.0,31.75,54.75,83.75714285714282,359706.2,No Signal
216,2023-05-22T00:00:00+05:30,4459.8,4625.0,4451.95,4605.3,361967,1.7589894237594093,4530.249761675204,4491.133901169869,39.11586050533515,50.37161207461334,173.05000000000018,177.85000000000036,4.800000000000182,177.85000000000036,89.57499999999995,353539.95,No Signal
217,2023-05-23T00:00:00+05:30,4605.0,4617.05,4533.0,4550.4,433331,1.6596705190201355,4533.349798340558,4495.523982564694,37.8258157758637,47.86245281486342,84.05000000000018,11.75,72.30000000000018,84.05000000000018,92.54642857142855,346649.0,Sell
218,2023-05-24T00:00:00+05:30,4540.95,4607.0,4523.35,4536.45,225979,1.5524016769531916,4533.826752442011,4498.555539411754,35.27121303025706,45.344204857942145,83.64999999999964,56.600000000000364,27.049999999999272,83.64999999999964,93.5285714285714,345315.2,Sell
219,2023-05-25T00:00:00+05:30,4569.0,4597.95,4530.95,4568.15,202680,1.3979830516727645,4539.1072520663165,4503.710684640512,35.39656742580428,43.354677371514576,67.0,61.5,5.5,67.0,90.56428571428569,333524.9,Sell
220,2023-05-26T00:00:00+05:30,4590.0,4620.0,4551.25,4609.9,289579,1.2500953449635388,4549.998444056114,4511.576559852326,38.42188420378807,42.368118737969276,68.75,51.850000000000364,16.899999999999636,68.75,90.11785714285712,327978.45,Sell
221,2023-05-29T00:00:00+05:30,4635.0,4665.0,4580.65,4640.45,332364,1.285987434971286,4563.914068047481,4521.122740604005,42.79132744347589,42.452760479070605,84.35000000000036,55.100000000000364,29.25,84.35000000000036,91.4571428571429,308926.7,Buy
222,2023-05-30T00:00:00+05:30,4672.0,4795.0,4535.45,4599.15,1298380,1.2553431257842667,4569.334980655561,4526.902537596301,42.43244305925964,42.44869699510841,259.5500000000002,154.55000000000018,105.0,259.5500000000002,105.92500000000005,354600.7,Sell
223,2023-05-31T00:00:00+05:30,4600.0,4731.0,4525.0,4621.95,1655511,1.245737753222719,4577.429599016244,4533.943090366945,43.48650864929823,42.65625932594638,206.0,131.85000000000036,74.14999999999964,206.0,116.32857142857145,422978.5,Buy
224,2023-06-01T00:00:00+05:30,4689.0,4847.0,4686.0,4814.25,1692479,1.6327691231724082,4613.863506859899,4554.706565154579,59.156941705319696,45.956395801821046,161.0,225.05000000000018,64.05000000000018,225.05000000000018,124.90357142857147,488045.15,Buy
225,2023-06-02T00:00:00+05:30,4839.65,5002.2,4806.0,4967.3,1326161,2.3360492188129083,4668.2383519583755,4585.269041809795,82.96931014858,53.35897867117284,196.19999999999982,187.94999999999982,8.25,196.19999999999982,131.92500000000004,537744.75,Buy
226,2023-06-05T00:00:00+05:30,4967.95,5009.2,4934.05,4950.2,698352,2.8181960220853544,4711.617067041702,4612.300964638699,99.31610240300324,62.550403417538924,75.14999999999964,41.899999999999636,33.25,75.14999999999964,130.0607142857143,558949.6,Buy
227,2023-06-06T00:00:00+05:30,4969.0,4969.45,4893.5,4940.1,382992,3.1671742676467924,4746.768287496825,4636.582374665462,110.18591283136266,72.07750530030367,75.94999999999982,19.25,56.69999999999982,75.94999999999982,125.37142857142855,567720.9,Buy
228,2023-06-07T00:00:00+05:30,4964.45,5040.0,4950.05,5026.45,552840,3.552235187205811,4789.7962432665445,4665.461458023577,124.33478524296788,82.52896128883651,89.94999999999982,99.89999999999964,9.949999999999818,99.89999999999964,125.58571428571427,580686.75,Buy
229,2023-06-08T00:00:00+05:30,5020.0,5028.55,4920.0,4926.65,411502,3.8051390769573747,4810.850667379384,4684.808757429238,126.04190995014596,91.23155102109841,108.55000000000018,2.100000000000364,106.44999999999982,108.55000000000018,129.42857142857142,580789.55,Buy
230,2023-06-09T00:00:00+05:30,4926.65,4965.85,4907.05,4926.7,249400,3.9528593936636165,4828.673641628709,4702.726627249294,125.94701437941512,98.17464369276176,58.80000000000018,39.20000000000073,19.599999999999454,58.80000000000018,120.92499999999998,571867.7,Buy
231,2023-06-12T00:00:00+05:30,4949.0,4995.0,4915.05,4924.75,343835,4.07725283604359,4843.454619839677,4719.172803008606,124.28181683107141,103.3960783204237,79.94999999999982,68.30000000000018,11.649999999999636,79.94999999999982,120.63214285714282,568967.1,Buy
232,2023-06-13T00:00:00+05:30,4925.0,4990.0,4916.75,4951.05,308751,4.131292720016062,4860.007755248957,4736.3488916746355,123.65886357432191,107.44863537120335,73.25,65.25,8.0,73.25,119.8892857142857,568868.4,Buy
233,2023-06-14T00:00:00+05:30,4965.0,5022.55,4951.05,5009.0,360156,4.09937670236276,4882.92963905681,4756.545270069107,126.38436898770306,111.23578209450329,71.5,71.5,0.0,71.5,120.21071428571427,573536.05,Buy
234,2023-06-15T00:00:00+05:30,5039.95,5259.8,5018.0,5218.75,1712253,4.150311370607678,4934.594309971147,4790.782657471395,143.8116524997513,117.7509561755529,241.80000000000018,250.80000000000018,9.0,250.80000000000018,133.21428571428572,650795.85,Buy
235,2023-06-16T00:00:00+05:30,5218.75,5292.5,5163.15,5206.05,794352,4.216459711361601,4976.356723821739,4821.543201362403,154.81352245933613,125.16346943230955,129.35000000000036,73.75,55.600000000000364,129.35000000000036,136.42857142857142,681643.2,Buy
236,2023-06-19T00:00:00+05:30,5220.0,5261.75,5135.3,5150.0,325346,4.348667716076094,5003.07107400301,4845.873334594818,157.19773940819232,131.5703234274861,126.44999999999982,55.69999999999982,70.75,126.44999999999982,126.92142857142855,679812.15,Buy
237,2023-06-20T00:00:00+05:30,5174.95,5197.35,5102.0,5161.0,332800,4.293418051704605,5027.367831848701,4869.216050550757,158.15178129794367,136.88661500157764,95.35000000000036,47.350000000000364,48.0,95.35000000000036,119.01785714285714,674785.6,Buy
238,2023-06-21T00:00:00+05:30,5169.85,5169.85,5086.6,5120.0,409195,4.12323166118977,5041.618934641208,4887.792639398849,153.82629524235927,140.27455104973396,83.25,8.850000000000364,74.39999999999964,83.25,108.8892857142857,683946.4,No Signal
239,2023-06-22T00:00:00+05:30,5129.9,5154.5,5055.0,5076.6,329193,3.8823126794873852,5047.000637004099,4901.778369813749,145.22226719035007,141.2640942778572,99.5,34.5,65.0,99.5,101.98214285714286,690272.05,No Signal
240,2023-06-23T00:00:00+05:30,5084.4,5084.4,5001.0,5047.9,334949,3.605471441580763,5047.13900054193,4912.60219427199,134.53680626993992,139.91863667627376,83.39999999999964,7.799999999999272,75.60000000000036,83.39999999999964,102.57142857142857,692540.55,No Signal
241,2023-06-26T00:00:00+05:30,5049.95,5054.4,5000.1,5040.0,429196,3.290420163281507,5046.040692766248,4922.039068770361,124.0016239958868,136.73523414019638,54.29999999999927,6.5,47.79999999999927,54.29999999999927,101.02499999999996,697382.15,No Signal
242,2023-06-27T00:00:00+05:30,5040.0,5150.0,5036.95,5148.0,555061,2.77007815738561,5061.726740032979,4938.776915528112,122.94982450486714,133.97815221313053,113.05000000000018,110.0,3.050000000000182,113.05000000000018,101.96428571428571,660216.2,No Signal
243,2023-06-28T00:00:00+05:30,5145.0,5175.95,5116.6,5132.1,362099,2.1731433372942055,5072.553395412521,4953.097144007511,119.45625140501033,131.0737720515065,59.349999999999454,27.949999999999818,31.399999999999636,59.349999999999454,98.44999999999995,595545.6,No Signal
244,2023-06-30T00:00:00+05:30,5128.0,5148.8,5064.05,5100.0,409613,1.9436283886221324,5076.775949964441,4963.978837043992,112.79711292044885,127.41844022529497,84.75,16.699999999999818,68.05000000000018,84.75,100.30357142857136,531402.3,No Signal
245,2023-07-03T00:00:00+05:30,5127.5,5142.5,5060.0,5075.0,150209,1.9160342426322352,5076.502726892988,4972.202626892585,104.30010000040329,122.79477218031664,82.5,42.5,40.0,82.5,100.48571428571424,472604.7,No Signal
246,2023-07-04T00:00:00+05:30,5119.9,5124.15,5052.05,5114.0,231254,1.8513364350145767,5082.27153814022,4982.706136011652,99.56540212856817,118.14889816996696,72.09999999999945,49.149999999999636,22.949999999999818,72.09999999999945,100.40357142857134,449249.8,No Signal
247,2023-07-05T00:00:00+05:30,5125.0,5148.5,5050.65,5075.1,278834,1.7738398691498722,5081.168224580187,4989.550125936715,91.61809864347197,112.84273826466796,97.85000000000036,34.5,63.350000000000364,97.85000000000036,102.28571428571422,444041.9,No Signal
248,2023-07-06T00:00:00+05:30,5090.0,5309.95,5073.7,5275.0,1250960,1.8972249386252467,5110.988497721696,5010.694561052514,100.29393666918259,110.33297794557089,236.25,234.84999999999945,1.4000000000005457,236.25,101.2464285714285,478947.9,No Signal
249,2023-07-07T00:00:00+05:30,5274.95,5274.95,5130.75,5151.5,557914,1.8232816894204018,5117.221036533743,5021.124593567142,96.09644296660099,107.48567094977692,144.19999999999982,0.0500000000001819,144.25,144.25,102.31071428571418,486268.5,No Signal
250,2023-07-10T00:00:00+05:30,5179.85,5203.5,5110.8,5160.0,270484,1.667955319560974,5123.802415528552,5031.411660710317,92.39075481823511,104.46668772346855,92.69999999999982,52.0,40.69999999999982,92.69999999999982,99.89999999999989,487322.7,No Signal
251,2023-07-11T00:00:00+05:30,5200.0,5270.8,5189.6,5251.8,501091,1.5337902970304587,5143.494351601083,5047.736722879923,95.75762872115956,102.72487592300676,81.19999999999982,110.80000000000018,29.600000000000364,110.80000000000018,101.0035714285713,495185.5,No Signal
252,2023-07-12T00:00:00+05:30,5261.65,5288.45,5206.1,5247.95,262841,1.4154327439335703,5159.564451354762,5062.567335999929,96.99711535483311,101.57932380937204,82.34999999999945,36.649999999999636,45.69999999999982,82.34999999999945,100.93928571428556,492890.0,No Signal
253,2023-07-13T00:00:00+05:30,5289.9,5289.9,5168.0,5189.95,338007,1.3206627690180668,5164.2391511463375,5072.003088888823,92.23606225751428,99.7106714990005,121.89999999999964,41.94999999999982,79.94999999999982,121.89999999999964,102.53928571428553,491782.55,No Signal
254,2023-07-14T00:00:00+05:30,5180.0,5190.75,5097.3,5184.75,506247,1.29370504222229,5167.394666354593,5080.354711934096,87.03995442049745,97.1765280832999,93.44999999999982,0.8000000000001819,92.64999999999964,93.44999999999982,103.25714285714268,431482.25,No Signal
255,2023-07-17T00:00:00+05:30,5152.2,5318.95,5152.2,5225.0,468038,1.303428128916568,5176.257025376964,5091.069177716755,85.18784766020872,94.77879199868167,166.75,134.19999999999982,32.55000000000018,166.75,111.2892857142856,415166.55,Sell
256,2023-07-18T00:00:00+05:30,5206.5,5322.0,5107.15,5166.0,509518,1.3210204564681955,5174.679021472815,5096.619608996995,78.05941247581995,91.43491609410933,214.85000000000036,97.0,117.85000000000036,214.85000000000036,118.56071428571418,424375.15,Sell
257,2023-07-19T00:00:00+05:30,5162.6,5223.75,5162.6,5180.3,263937,1.3239902919834816,5175.5437874000745,5102.818156478699,72.72563092137534,87.69305905956253,61.149999999999636,57.75,3.399999999999636,61.149999999999636,118.68928571428562,420932.0,Sell
258,2023-07-20T00:00:00+05:30,5170.0,5210.0,5133.0,5197.0,274915,1.3293958528307293,5178.844743184678,5109.794589332128,69.05015385254956,83.96447801815994,77.0,29.699999999999818,47.30000000000018,77.0,118.1357142857142,414218.0,Sell
259,2023-07-21T00:00:00+05:30,5130.05,5253.0,5130.05,5196.45,310325,1.2968612246587252,5181.553244233189,5116.21350864086,65.3397355923289,80.23952953299373,122.94999999999982,56.0,66.94999999999982,122.94999999999982,121.02499999999989,413274.6,Sell
260,2023-07-24T00:00:00+05:30,5144.0,5225.7,5144.0,5165.0,248463,1.204651818277326,5179.006591274237,5119.827322815611,59.1792684586253,76.02747731812005,81.69999999999982,29.25,52.44999999999982,81.69999999999982,121.7107142857142,408950.3,Sell
261,2023-07-25T00:00:00+05:30,5153.8,5220.0,5153.8,5210.0,546419,1.0690095557373178,5183.774808001277,5126.506780384825,57.268027616451946,72.27558737778644,66.19999999999982,55.0,11.199999999999818,66.19999999999982,119.44999999999989,414811.45,Sell
262,2023-07-26T00:00:00+05:30,5196.0,5216.15,5143.45,5147.0,296203,1.082548146554158,5178.1171452318495,5128.024796652616,50.09234857923366,67.83893961807588,72.69999999999982,6.149999999999636,66.55000000000018,72.69999999999982,107.76785714285701,401868.55,Sell
263,2023-07-27T00:00:00+05:30,5146.75,5234.2,5146.75,5225.0,359082,1.0731387458062431,5185.329892119257,5135.2081450487185,50.12174707053873,64.29550110856846,87.44999999999982,87.19999999999982,0.25,87.44999999999982,103.71071428571415,401717.7,No Signal
264,2023-07-28T00:00:00+05:30,5177.0,5364.0,5177.0,5345.65,452041,1.2086226050360573,5209.99452410091,5150.796430600665,59.198093500244795,63.27601958690373,187.0,139.0,48.0,187.0,110.44642857142844,403839.1,Sell
265,2023-07-31T00:00:00+05:30,5339.95,5339.95,5160.0,5185.0,685307,1.1341110397640828,5206.14921270077,5153.3300283339495,52.81918436682008,61.184652542887,179.94999999999982,5.699999999999818,185.64999999999964,185.64999999999964,115.79285714285697,430594.0,Sell
266,2023-08-01T00:00:00+05:30,5210.0,5210.0,5021.55,5037.0,1041705,1.3180695721957543,5180.126256900651,5144.712989198101,35.41326770255,56.0303755748196,188.44999999999982,25.0,163.44999999999982,188.44999999999982,123.37142857142842,471116.55,Sell
267,2023-08-02T00:00:00+05:30,5033.0,5041.65,4976.0,4996.0,1013589,1.5090205957919645,5151.799140454397,5133.697212220464,18.101928233932995,48.44468610664228,65.64999999999964,4.649999999999636,61.0,65.64999999999964,119.35357142857129,507854.3,Sell
268,2023-08-03T00:00:00+05:30,4960.0,5029.45,4956.3,4995.0,409733,1.675556054681873,5127.676195769105,5123.423344648578,4.252851120527339,39.606319109419296,73.14999999999964,33.44999999999982,39.69999999999982,73.14999999999964,117.90357142857127,465792.95,Sell
269,2023-08-04T00:00:00+05:30,5025.0,5033.0,4965.0,4979.0,357617,1.8925796450675376,5104.802934881551,5112.725319119054,-7.922384237503138,30.10057844003481,68.0,38.0,30.0,68.0,110.84999999999984,455778.1,No Signal
270,2023-08-07T00:00:00+05:30,4980.3,5024.9,4956.4,5017.0,606266,1.9897459594404416,5091.2947910536195,5105.634554739865,-14.339763686245533,21.21251001477874,68.5,45.899999999999636,22.600000000000364,68.5,100.39642857142839,472567.2,No Signal
271,2023-08-08T00:00:00+05:30,5017.0,5055.0,4980.15,5022.0,517193,2.022201457942784,5080.634053968447,5099.439402536912,-18.80534856846498,13.208938298129997,74.85000000000036,38.0,36.850000000000364,74.85000000000036,101.37499999999987,473372.3,No Signal
272,2023-08-09T00:00:00+05:30,5023.35,5026.0,4958.0,4979.9,267765,2.107684472903467,5065.136507204071,5090.584631978622,-25.448124774551616,5.477525683593674,68.0,4.0,64.0,68.0,100.73214285714273,473618.5,No Signal
273,2023-08-10T00:00:00+05:30,4981.4,4981.4,4903.95,4927.0,369692,2.3028966352410527,5043.884736864983,5078.467251832058,-34.58251496707453,-2.534482446539967,77.44999999999982,1.5,75.94999999999982,77.44999999999982,97.48214285714273,475202.75,No Signal
274,2023-08-11T00:00:00+05:30,4930.0,5011.95,4815.15,4895.0,1063888,2.507569924019738,5020.979392731909,5064.877085029683,-43.89769229777448,-10.807124416786872,196.80000000000018,84.94999999999982,111.85000000000036,196.80000000000018,105.70357142857132,503084.8,No Signal
275,2023-08-14T00:00:00+05:30,4863.0,4926.55,4730.0,4822.0,828063,2.7881862786995524,4990.367178465462,5046.886189842299,-56.519011376837625,-19.949501808797024,196.55000000000018,31.550000000000182,165.0,196.55000000000018,115.01428571428563,521086.05,Sell
276,2023-08-16T00:00:00+05:30,4800.0,4953.7,4754.2,4946.0,665487,2.7578110629297656,4983.541458701545,5039.41313874287,-55.87168004132491,-27.1339374553026,199.5,131.69999999999982,67.80000000000018,199.5,124.07142857142851,528884.5,Sell
277,2023-08-17T00:00:00+05:30,4940.5,4960.0,4872.55,4886.0,373500,2.8670259144115624,4968.5350804397685,5028.049202539694,-59.51412209992577,-33.609974384227236,87.44999999999982,14.0,73.44999999999982,87.44999999999982,124.07142857142851,534362.65,Sell
278,2023-08-18T00:00:00+05:30,4874.95,4895.0,4825.15,4840.0,336010,2.9795521547343116,4948.760452679804,5014.119631981199,-65.35917930139476,-39.959815367660745,69.85000000000036,9.0,60.850000000000364,69.85000000000036,115.7035714285714,537417.4,Sell
279,2023-08-21T00:00:00+05:30,4881.0,4945.4,4840.0,4927.0,242281,2.871199077752086,4945.412690729065,5007.666325908517,-62.25363517945243,-44.418579330019085,105.39999999999964,105.39999999999964,0.0,105.39999999999964,109.97142857142853,534015.2,No Signal
280,2023-08-22T00:00:00+05:30,4947.9,4959.0,4906.15,4924.5,174370,2.8297550786729886,4942.195353693824,5001.505857322701,-59.310503628877086,-47.39696418979069,52.850000000000364,32.0,20.850000000000364,52.850000000000364,100.28571428571429,530310.55,No Signal
281,2023-08-23T00:00:00+05:30,4958.0,4987.0,4917.05,4941.0,596016,2.679165342837231,4942.011453125543,4997.023941965464,-55.01248883992048,-48.920069119816645,69.94999999999982,62.5,7.449999999999818,69.94999999999982,100.59285714285716,532790.4,No Signal
282,2023-08-24T00:00:00+05:30,4955.0,4983.5,4900.1,4907.0,533212,2.636464298459685,4936.625075721613,4990.355501819874,-53.73042609826098,-49.88214051550551,83.39999999999964,42.5,40.899999999999636,83.39999999999964,101.32500000000002,544640.85,No Signal
283,2023-08-25T00:00:00+05:30,4900.0,4913.05,4846.0,4859.0,248469,2.467530757956376,4924.682756379826,4980.625464648031,-55.942708268205024,-51.094254066045416,67.05000000000018,6.050000000000182,61.0,67.05000000000018,101.25714285714288,539110.2,No Signal
284,2023-08-28T00:00:00+05:30,4874.9,4911.85,4842.15,4906.0,203083,1.6718123249792924,4921.808486167545,4975.097652451881,-53.289166284335806,-51.5332365097035,69.70000000000073,52.850000000000364,16.850000000000364,69.70000000000073,101.34285714285723,526662.3,No Signal
285,2023-08-29T00:00:00+05:30,4906.0,4937.85,4861.6,4874.9,590850,1.2728634825814886,4914.5917959879225,4967.675604122112,-53.083808134189894,-51.843350834600784,76.25,31.850000000000364,44.399999999999636,76.25,101.44285714285719,521939.45,No Signal
286,2023-08-30T00:00:00+05:30,4881.95,4889.95,4845.0,4883.0,395712,1.1884075429289194,4909.731519682088,4961.403337150104,-51.67181746801543,-51.809044161283715,44.94999999999982,15.050000000000182,29.899999999999636,44.94999999999982,99.7964285714286,489639.8,No Signal
287,2023-08-31T00:00:00+05:30,4887.45,4911.8,4806.4,4823.0,487815,1.243318952195074,4896.388208961767,4951.1512381019475,-54.76302914018015,-52.39984115706301,105.40000000000055,28.800000000000182,76.60000000000036,105.40000000000055,101.79285714285723,463351.1,No Signal
288,2023-09-01T00:00:00+05:30,4840.0,4849.95,4801.2,4842.0,206097,1.225588088426487,4888.020792198418,4943.065961205507,-55.04516900708859,-52.928906727068124,48.75,26.949999999999818,21.800000000000182,48.75,91.21785714285723,453169.3,No Signal
289,2023-09-04T00:00:00+05:30,4860.0,4870.0,4817.6,4824.85,354446,1.2420305461942451,4878.302208783277,4934.309223338432,-56.007014555155365,-53.54452829268558,52.399999999999636,28.0,24.399999999999636,52.399999999999636,80.9214285714286,453010.75,No Signal
290,2023-09-05T00:00:00+05:30,4860.0,4992.0,4832.05,4984.5,800554,1.1440294117435246,4894.640330508927,4938.027058646697,-43.38672813776975,-51.51296826170241,159.94999999999982,167.14999999999964,7.199999999999818,167.14999999999964,78.6107142857143,462725.15,No Signal
291,2023-09-06T00:00:00+05:30,4980.0,5043.65,4954.0,5033.1,535407,1.1584537109857023,4915.9418181229385,4945.0694987469415,-29.127680624003006,-47.035910734162535,89.64999999999964,59.149999999999636,30.5,89.64999999999964,78.76785714285714,463635.85,No Signal
292,2023-09-07T00:00:00+05:30,5029.95,5044.9,4987.0,5029.05,334709,1.246092973712135,4933.343076873256,4951.290276617538,-17.947199744282443,-41.21816853618652,57.899999999999636,11.799999999999272,46.100000000000364,57.899999999999636,77.91428571428567,466983.05,No Signal
293,2023-09-08T00:00:00+05:30,5040.0,5049.8,4977.95,4985.15,292671,1.305957617879051,4941.313372738909,4953.798404275499,-12.485031536590213,-35.471541136267255,71.85000000000036,20.75,51.100000000000364,71.85000000000036,75.51785714285714,463132.0,No Signal
294,2023-09-11T00:00:00+05:30,5004.0,5106.8,5003.75,5095.95,543287,1.5214279171000236,4965.1036230867685,4964.328152106943,0.7754709798255135,-28.222138713048704,103.05000000000018,121.65000000000055,18.600000000000364,121.65000000000055,80.43214285714286,437101.95,No Signal
295,2023-09-12T00:00:00+05:30,5111.0,5125.0,4966.0,4979.2,483061,1.513564700599647,4967.272296458035,4965.429770469392,1.8425259886435015,-22.209205772710263,159.0,29.050000000000182,129.94999999999982,159.0,86.79285714285717,419851.85,No Signal
296,2023-09-13T00:00:00+05:30,4975.0,5021.2,4945.0,5011.0,232238,1.5506270809633484,4973.999635464492,4968.805343027215,5.194292437276999,-16.728506130712812,76.19999999999982,42.0,34.19999999999982,76.19999999999982,86.27857142857147,398189.4,No Signal
297,2023-09-14T00:00:00+05:30,5001.0,5100.0,4995.5,5084.55,414391,1.661270513417084,4991.00738385457,4977.379021321495,13.628362533075233,-10.657132397955204,104.5,89.0,15.5,104.5,88.95357142857145,400233.95,No Signal
298,2023-09-15T00:00:00+05:30,5084.55,5150.4,5061.7,5091.8,658355,1.724970518733919,5006.513940184636,4985.854649371755,20.65929081288141,-4.393847755787882,88.69999999999982,65.84999999999945,22.850000000000364,88.69999999999982,90.31071428571424,416351.2,No Signal
299,2023-09-18T00:00:00+05:30,5100.0,5162.0,5067.35,5075.15,371912,1.8110512304176676,5017.073334002384,4992.469119788662,24.604214213722116,1.405764638114118,94.64999999999964,70.19999999999982,24.449999999999818,94.64999999999964,91.62499999999993,422832.75,Buy
300,2023-09-20T00:00:00+05:30,5051.45,5059.8,4929.0,5006.3,509910,1.8412087443394773,5015.4158980020175,4993.493629433947,21.92226856807065,5.509065424105424,130.80000000000018,15.349999999999454,146.14999999999964,146.14999999999964,98.85357142857136,439609.75,Buy
301,2023-09-21T00:00:00+05:30,4990.0,5046.95,4975.45,5020.05,422586,1.8511413232935747,5016.128836770938,4995.460767994396,20.668068776541986,8.540866094592737,71.5,40.649999999999636,30.850000000000364,71.5,96.43214285714274,430938.25,Buy
302,2023-09-22T00:00:00+05:30,5013.0,5016.8,4955.0,4999.2,348459,1.843145409096579,5013.52440034464,4995.7377481429585,17.786652201681136,10.390023316010417,61.80000000000018,3.25,65.05000000000018,65.05000000000018,97.59642857142846,421700.6,Buy
303,2023-09-25T00:00:00+05:30,5014.9,5113.45,4972.85,5097.05,386746,1.8122546599236689,5026.3744925993105,5003.242359391628,23.132133207682273,12.938445294344788,140.59999999999945,114.25,26.349999999999454,140.59999999999945,103.89642857142846,428614.45,Buy
304,2023-09-26T00:00:00+05:30,5097.0,5097.0,5030.25,5053.7,267102,1.8175591199381738,5030.578416814801,5006.979962399656,23.59845441514517,15.070447118504864,66.75,0.0500000000001819,66.80000000000018,66.80000000000018,96.72857142857136,431815.4,Buy
305,2023-09-27T00:00:00+05:30,5054.0,5118.85,5020.0,5105.35,460768,1.7853811805488835,5042.081737304832,5014.266631851533,27.81510545329911,17.619378785463716,98.85000000000036,65.15000000000055,33.69999999999982,98.85000000000036,97.38571428571426,425311.3,Buy
306,2023-09-28T00:00:00+05:30,5105.35,5145.5,4995.0,5020.1,407714,1.7299805729360085,5038.699931565628,5014.6987331958635,24.001198369764097,18.895742702323794,150.5,40.149999999999636,110.35000000000036,150.5,104.0,425911.4,Buy
307,2023-09-29T00:00:00+05:30,5054.0,5186.95,5026.6,5137.75,410567,1.5527962735913035,5053.9384036324545,5023.813641848022,30.12476178443285,21.141546518745606,160.34999999999945,166.84999999999945,6.5,166.84999999999945,110.78571428571422,422049.0,Buy
308,2023-10-03T00:00:00+05:30,5138.95,5154.95,5066.0,5118.95,268482,1.367476819480096,5063.940187689,5030.8607794889085,33.079408200091166,23.52911885501472,88.94999999999982,17.199999999999818,71.75,88.94999999999982,108.44999999999989,425168.25,Buy
309,2023-10-04T00:00:00+05:30,5085.0,5096.85,4982.3,5047.4,442482,0.9689071090605328,5061.395543429154,5032.085906934174,29.309636494979713,24.68522238300772,114.55000000000018,22.099999999999454,136.64999999999964,136.64999999999964,106.85357142857129,429570.05,Buy
310,2023-10-05T00:00:00+05:30,5054.95,5079.85,5026.65,5047.05,363289,0.9217355059877252,5059.188536747745,5033.194358272383,25.994178475361878,24.947013601478552,53.20000000000073,32.45000000000073,20.75,53.20000000000073,105.2107142857142,407706.8,Buy
311,2023-10-06T00:00:00+05:30,5050.0,5084.0,5028.8,5059.0,407753,0.9157914487960956,5059.159531094246,5035.105887289244,24.05364380500214,24.76833964218327,55.19999999999982,36.94999999999982,18.25,55.19999999999982,101.68928571428562,401324.1,Sell
312,2023-10-09T00:00:00+05:30,5000.0,5066.0,4987.05,5047.3,176296,0.911538218737632,5057.334987848977,5036.009154897448,21.325832951529264,24.079838304052473,78.94999999999982,7.0,71.94999999999982,78.94999999999982,100.99285714285705,393403.45,Sell
313,2023-10-10T00:00:00+05:30,5068.95,5084.55,5033.0,5063.95,202645,0.8505831161319113,5058.352682026058,5038.078847127266,20.273834898791392,23.318637623000257,51.55000000000018,37.25,14.300000000000182,51.55000000000018,97.91428571428567,388902.15,Sell
314,2023-10-11T00:00:00+05:30,5072.95,5140.0,5065.0,5083.0,336099,0.8374502096718776,5062.144577098972,5041.406339932654,20.73823716631796,22.802557531663798,75.0,76.05000000000018,1.050000000000182,76.05000000000018,92.90714285714284,378542.75,No Signal
315,2023-10-12T00:00:00+05:30,5092.8,5113.95,4871.7,4993.85,1029595,0.8261586189444231,5051.637719083746,5037.883648085791,13.754070997954841,20.99286022492201,242.25,30.949999999999818,211.30000000000018,242.25,105.10357142857141,405869.45,Sell
316,2023-10-13T00:00:00+05:30,4988.95,5029.1,4933.75,5017.0,410013,0.8155636826078194,5046.308839224708,5036.336711190547,9.97212803416096,18.7887137867698,95.35000000000036,35.25,60.100000000000364,95.35000000000036,107.26785714285714,414758.2,Sell
317,2023-10-16T00:00:00+05:30,5030.0,5049.45,4986.4,5021.7,259806,0.8207813293385016,5042.522863959369,5035.252510361618,7.270353597750727,16.485041748965987,63.05000000000018,32.44999999999982,30.600000000000364,63.05000000000018,101.72857142857148,407028.95,Sell
318,2023-10-17T00:00:00+05:30,5050.0,5068.0,5012.2,5028.8,217907,0.8090075948890906,5040.411654119466,5034.774546631128,5.637107488338188,14.315454896840428,55.80000000000018,46.30000000000018,9.5,55.80000000000018,100.94285714285719,385006.55,No Signal
319,2023-10-18T00:00:00+05:30,5021.0,5039.95,4938.45,4977.25,341459,0.8751088357552478,5030.694476562625,5030.513469102896,0.1810074597287894,11.4885654094181,101.5,11.149999999999636,90.35000000000036,101.5,101.13214285714288,383483.9,No Signal
320,2023-10-19T00:00:00+05:30,4977.25,5019.95,4935.15,4997.05,231958,0.881722654425573,5025.518403245298,5028.034693613793,-2.5162903684949924,8.687594253835483,84.80000000000018,42.69999999999982,42.100000000000364,84.80000000000018,96.43928571428576,369586.3,No Signal
321,2023-10-20T00:00:00+05:30,4990.1,4999.95,4940.5,4977.55,252447,0.9317970616462543,5018.138648899868,5024.295086679438,-6.156437779570297,5.718787847154327,59.44999999999982,2.899999999999636,56.55000000000018,59.44999999999982,88.76785714285721,361079.35,No Signal
322,2023-10-23T00:00:00+05:30,4977.0,5010.55,4944.15,4970.0,363474,0.9719574091590032,5010.732702915273,5020.273228406887,-9.540525491614062,2.6669251794006494,66.40000000000055,33.0,33.400000000000546,66.40000000000055,87.15714285714297,361830.1,No Signal
323,2023-10-25T00:00:00+05:30,4960.0,4971.35,4831.5,4859.9,894230,1.268588833347572,4987.527671697539,5008.393730006377,-20.866058308838547,-2.03967151824719,139.85000000000036,1.3500000000003638,138.5,139.85000000000036,87.38571428571446,387204.3,No Signal
324,2023-10-26T00:00:00+05:30,4859.9,4859.9,4726.0,4760.3,836962,1.8088501699491784,4952.569568359456,4990.016416672572,-37.44684831311588,-9.121106877220928,133.89999999999964,0.0,133.89999999999964,133.89999999999964,93.15000000000009,415697.3,No Signal
325,2023-10-27T00:00:00+05:30,4779.95,4860.55,4776.8,4835.1,333727,1.9116332329520493,4934.497327073385,4978.541126548677,-44.04379947529196,-16.105645396835136,83.75,100.25,16.5,100.25,96.36785714285725,409345.25,No Signal
326,2023-10-30T00:00:00+05:30,4840.0,4868.4,4783.05,4842.0,234759,2.045694433642733,4920.266969062095,4968.426969026553,-48.15999996445771,-22.516516310359652,85.34999999999945,33.29999999999927,52.05000000000018,85.34999999999945,96.82500000000007,400697.5,No Signal
327,2023-10-31T00:00:00+05:30,4832.0,4899.65,4805.2,4842.0,553320,2.035857218666827,4908.225896898696,4959.062008357919,-50.83611145922259,-28.18043534013224,94.44999999999982,57.649999999999636,36.80000000000018,94.44999999999982,99.88928571428576,407835.15,Sell
328,2023-11-01T00:00:00+05:30,4835.0,4856.0,4790.0,4796.55,281746,2.103555160196547,4891.0449896835125,4947.024081812888,-55.9790921293752,-33.74016669798083,66.0,14.0,52.0,66.0,99.1714285714286,408498.35,Sell
329,2023-11-02T00:00:00+05:30,4837.8,4895.0,4810.2,4890.0,214035,2.047684998059642,4890.884222039896,4942.800075752674,-51.9158537127787,-37.37530410094041,84.80000000000018,98.44999999999982,13.649999999999636,98.44999999999982,88.90000000000002,397076.0,No Signal
330,2023-11-03T00:00:00+05:30,4950.75,5165.5,4937.05,5153.2,1262458,2.0912056459468795,4931.2404955722195,4958.385255326551,-27.144759754331062,-35.32919523161854,228.44999999999982,275.5,47.05000000000018,275.5,101.76785714285714,442034.45,Buy
331,2023-11-06T00:00:00+05:30,5141.05,5228.0,5127.5,5164.95,399720,2.2303158929524245,4967.195803945724,4973.686347524584,-6.490543578859615,-29.561464901066756,100.5,74.80000000000018,25.699999999999818,100.5,104.44285714285714,441632.8,Buy
332,2023-11-07T00:00:00+05:30,5150.0,5181.95,5121.05,5136.85,222204,2.3390171197361482,4993.296449492535,4985.772544004244,7.523905488291348,-22.14439082319514,60.899999999999636,17.0,43.899999999999636,60.899999999999636,104.80714285714281,443928.2,Buy
333,2023-11-08T00:00:00+05:30,5135.0,5153.65,5087.45,5110.95,400498,2.39703344808647,5011.3969957244535,4995.044948152078,16.35204757237534,-14.445103144081044,66.19999999999982,16.799999999999272,49.400000000000546,66.19999999999982,102.28571428571422,453820.85,Buy
334,2023-11-09T00:00:00+05:30,5147.5,5313.0,5122.05,5297.6,1032216,2.656071160645065,5055.42822715146,5017.456433474146,37.971793677314054,-3.9617237798020244,190.94999999999982,202.05000000000018,11.100000000000364,202.05000000000018,110.66071428571422,488626.7,Buy
335,2023-11-10T00:00:00+05:30,5300.0,5338.0,5218.65,5278.5,696409,2.944450515807837,5089.746961435851,5036.792993957542,52.953967478308186,7.421414471820018,119.35000000000036,40.399999999999636,78.95000000000073,119.35000000000036,114.93928571428569,471967.4,Buy
336,2023-11-12T00:00:00+05:30,5300.0,5300.0,5265.0,5275.55,18707,3.1729443151515704,5118.332044291874,5054.4786981088355,63.85334618303841,18.7078008140637,35.0,21.5,13.5,35.0,112.69642857142851,452402.1,Buy
337,2023-11-13T00:00:00+05:30,5250.0,5279.0,5200.2,5220.65,150128,3.3302220206179003,5134.073268246971,5066.787683434107,67.28558481286382,28.423357613823725,78.80000000000018,3.449999999999818,75.35000000000036,78.80000000000018,108.3357142857142,446918.2,Buy
338,2023-11-15T00:00:00+05:30,5283.85,5295.0,5207.0,5224.95,356675,3.4406066372008532,5148.054303901283,5078.503410587136,69.55089331414638,36.648864753888255,88.0,74.35000000000036,13.649999999999636,88.0,105.05714285714281,453856.6,Buy
339,2023-11-16T00:00:00+05:30,5224.0,5368.0,5201.75,5338.75,449045,3.5943636702242987,5177.392103301086,5097.78093572883,79.61116757225591,45.24132531756179,166.25,143.05000000000018,23.199999999999818,166.25,109.77142857142852,459235.9,Buy
340,2023-11-17T00:00:00+05:30,5332.2,5493.35,5306.15,5478.95,735541,3.906828603636112,5223.7856258701495,5126.015681230398,97.76994463975188,55.74704918199981,187.20000000000073,154.60000000000036,32.600000000000364,187.20000000000073,117.0464285714286,484415.05,Buy
341,2023-11-20T00:00:00+05:30,5475.0,5595.0,5455.05,5473.95,526567,4.212301073502995,5262.272452659357,5151.78859373185,110.48385892750775,66.6944111311014,139.94999999999982,116.05000000000018,23.899999999999636,139.94999999999982,120.2964285714286,498121.05,Buy
342,2023-11-21T00:00:00+05:30,5500.0,5520.3,5422.4,5457.6,382979,4.432084920921347,5292.322844557918,5174.441290492454,117.88155406546412,76.93183971797396,97.90000000000055,46.350000000000364,51.55000000000018,97.90000000000055,122.57500000000007,499096.3,Buy
343,2023-11-22T00:00:00+05:30,5467.0,5539.95,5439.15,5532.0,302473,4.521244195919678,5329.196253087469,5200.927120826346,128.26913226112265,87.1992982266037,100.80000000000018,82.34999999999945,18.450000000000728,100.80000000000018,122.74285714285725,469508.45,Buy
344,2023-11-23T00:00:00+05:30,5530.0,5550.0,5473.3,5487.05,234584,4.41668991162042,5353.481444920166,5222.121408172543,131.36003674762287,96.03144593080754,76.69999999999982,18.0,58.69999999999982,76.69999999999982,108.54285714285723,439389.55,Buy
345,2023-11-24T00:00:00+05:30,5493.0,5493.0,5395.0,5401.3,270183,4.282232804761596,5360.8381457016785,5235.393896456058,125.44424924562009,101.91400659377005,98.0,5.949999999999818,92.05000000000018,98.0,108.3642857142858,436212.35,Buy
346,2023-11-28T00:00:00+05:30,5401.3,5424.85,5341.0,5366.8,362746,4.012733226943828,5361.755354055266,5245.127681903758,116.6276721515087,104.85673970531779,83.85000000000036,23.550000000000182,60.30000000000018,83.85000000000036,110.00357142857158,442611.7,Buy
347,2023-11-29T00:00:00+05:30,5372.1,5435.0,5364.5,5421.95,277119,3.6192155548933203,5371.016068815995,5258.225631392368,112.79043742362683,106.4434792489796,70.5,68.19999999999982,2.300000000000182,70.5,110.31071428571444,428801.65,Buy
348,2023-11-30T00:00:00+05:30,5382.0,5550.0,5382.0,5528.95,775261,3.0485639571879517,5395.313596690457,5278.279288326266,117.03430836419102,108.56164507202189,168.0,128.05000000000018,39.94999999999982,168.0,107.87857142857158,453477.4,No Signal
349,2023-12-01T00:00:00+05:30,5550.0,5687.65,5530.35,5591.15,546990,2.6433645976514075,5425.4422741226945,5301.454896598395,123.98737752429952,111.64679156247742,157.29999999999927,158.69999999999982,1.4000000000005457,158.69999999999982,110.68928571428582,470125.15,Buy
350,2023-12-04T00:00:00+05:30,5626.0,5658.25,5569.6,5622.55,936113,2.713610805588501,5455.76653964228,5325.239719072588,130.52682056969206,115.42279736392035,88.64999999999964,67.10000000000036,21.549999999999272,88.64999999999964,114.52142857142864,453807.9,Buy
351,2023-12-05T00:00:00+05:30,5610.0,5689.0,5525.0,5580.2,787929,2.7126700248991056,5474.910148928083,5344.125665807952,130.78448312013097,118.49513451516248,164.0,66.44999999999982,97.55000000000018,164.0,120.60714285714292,473218.35,Buy
352,2023-12-06T00:00:00+05:30,5534.15,5639.0,5508.75,5543.1,574427,2.56935107017617,5485.400895246839,5358.864505377734,126.53638986910573,120.10338558595113,130.25,58.80000000000018,71.44999999999982,130.25,123.62500000000007,490829.5,Buy
353,2023-12-07T00:00:00+05:30,5490.25,5519.8,5441.5,5461.4,510609,2.2672999963149194,5481.708449824248,5366.459727201605,115.24872262264307,119.13245299328953,78.30000000000018,23.300000000000182,101.60000000000036,101.60000000000036,119.00714285714295,496335.05,Sell
354,2023-12-08T00:00:00+05:30,5495.0,5572.55,5439.05,5555.35,456382,2.2109053611942318,5493.037919082057,5380.451599260746,112.58631982131101,117.82322635889383,133.5,111.15000000000055,22.349999999999454,133.5,115.1714285714286,467543.35,Sell
355,2023-12-11T00:00:00+05:30,5550.0,5555.35,5490.0,5547.35,238128,2.1383859965762047,5501.393623838663,5392.814443759949,108.57918007871376,115.97441710285783,65.35000000000036,0.0,65.35000000000036,65.35000000000036,109.84285714285723,444629.3,No Signal
356,2023-12-12T00:00:00+05:30,5550.0,5550.0,5403.2,5428.95,615205,2.046403719210007,5490.248450940408,5395.491151629582,94.75729931082515,111.7309935444513,146.80000000000018,2.649999999999636,144.15000000000055,146.80000000000018,113.33571428571433,474454.2,No Signal
357,2023-12-13T00:00:00+05:30,5402.95,5452.0,5369.4,5426.75,476781,1.7680314301955349,5480.479458488037,5397.806621879243,82.67283660879457,105.91936215731995,82.60000000000036,23.050000000000182,59.55000000000018,82.60000000000036,112.03571428571435,490786.85,No Signal
358,2023-12-14T00:00:00+05:30,5494.8,5532.95,5452.1,5515.9,490550,1.3839802585128926,5485.928772566801,5406.554279517817,79.37449304898382,100.61038833565273,80.84999999999945,106.19999999999982,25.350000000000364,106.19999999999982,114.14285714285721,497480.6,No Signal
359,2023-12-15T00:00:00+05:30,5530.0,5588.0,5500.0,5551.2,349758,1.241104669104491,5495.970499864216,5417.268777331312,78.70172253290457,96.2286551751031,88.0,72.10000000000036,15.899999999999636,88.0,113.42857142857149,492516.25,No Signal
360,2023-12-18T00:00:00+05:30,5550.5,5607.75,5494.0,5498.65,428321,1.2501394562533596,5496.382730654337,5423.297016047511,73.08571460682651,91.60006706144779,113.75,56.55000000000018,57.19999999999982,113.75,115.56428571428576,477155.25,Sell
361,2023-12-19T00:00:00+05:30,5508.8,5675.35,5503.7,5555.5,682732,1.2519597372925062,5505.477695169055,5433.089829673621,72.38786549543329,87.75762674824489,171.65000000000055,176.70000000000073,5.050000000000182,176.70000000000073,123.15000000000009,484963.5,Sell
362,2023-12-20T00:00:00+05:30,5555.5,5605.8,5375.1,5402.2,437044,1.3424956014297047,5489.5888189892,5430.801694142242,58.78712484695825,81.96352636798757,230.69999999999982,50.30000000000018,180.39999999999964,230.69999999999982,127.6285714285715,487666.75,Sell
363,2023-12-21T00:00:00+05:30,5344.0,5553.0,5284.85,5475.85,487514,1.3211505009614066,5487.475154529323,5434.138605687261,53.33654884206226,76.2381308628025,268.14999999999964,150.80000000000018,117.34999999999945,268.14999999999964,135.44642857142864,496918.8,Sell
364,2023-12-22T00:00:00+05:30,5510.0,5549.0,5462.7,5540.0,220537,1.3156158249678245,5495.555899986351,5441.980190451167,53.575709535183705,71.70564659727874,86.30000000000018,73.14999999999964,13.150000000000546,86.30000000000018,135.27857142857152,496216.45,Sell
365,2023-12-26T00:00:00+05:30,5541.4,5645.0,5526.15,5633.15,243281,1.32520454164396,5516.724223065374,5456.140917084414,60.583305980960176,69.48117847401504,118.85000000000036,105.0,13.850000000000364,118.85000000000036,132.05357142857156,494871.35,Sell
366,2023-12-27T00:00:00+05:30,5635.0,5715.0,5615.6,5687.45,307177,1.3391579865959367,5542.989727209162,5473.274923226309,69.71480398285348,69.52790357578273,99.39999999999964,81.85000000000036,17.549999999999272,99.39999999999964,129.8500000000001,492092.9,Buy
367,2023-12-28T00:00:00+05:30,5675.0,5770.0,5674.75,5760.5,568149,1.527144215081407,5576.45284610006,5494.5508548391745,81.90199126088555,72.0027211128033,95.25,82.55000000000018,12.699999999999818,95.25,129.39642857142866,506644.4,Buy
368,2023-12-29T00:00:00+05:30,5740.0,5758.95,5677.3,5704.1,325682,1.6604987759072591,5596.090869776974,5510.073013739976,86.01785603699773,74.8057480976422,81.64999999999964,1.550000000000182,83.19999999999982,83.19999999999982,125.80357142857149,484165.45,Buy
369,2024-01-01T00:00:00+05:30,5741.0,5765.0,5707.85,5750.05,127030,1.8118521414653155,5619.776889811285,5527.849086796274,91.9278030150117,78.2301590811161,57.149999999999636,60.899999999999636,3.75,60.899999999999636,125.4857142857143,463167.45,Buy
370,2024-01-02T00:00:00+05:30,5738.1,5782.65,5680.0,5746.35,166449,1.938564662398674,5639.249675994165,5544.03433962618,95.2153363679854,81.62719453848996,102.64999999999964,32.599999999999454,70.05000000000018,102.64999999999964,122.33214285714283,424684.25,Buy
371,2024-01-03T00:00:00+05:30,5730.0,5786.0,5673.05,5768.3,198997,2.0814843782993204,5659.103571995062,5560.646610764981,98.4569612300811,84.9931478768082,112.94999999999982,39.649999999999636,73.30000000000018,112.94999999999982,124.49999999999993,395237.65,Buy
372,2024-01-04T00:00:00+05:30,5768.3,5839.95,5731.5,5762.2,220702,2.196583535125934,5674.964560918899,5575.576491449056,99.38806946984278,87.87213219541512,108.44999999999982,71.64999999999964,36.80000000000018,108.44999999999982,124.66071428571422,377551.4,Buy
373,2024-01-05T00:00:00+05:30,5762.2,5808.8,5715.0,5754.25,144894,2.224750682746255,5687.16232077753,5588.811566156533,98.35075462099667,89.96785668053143,93.80000000000018,46.600000000000364,47.19999999999982,93.80000000000018,125.07499999999995,359265.65,Buy
374,2024-01-08T00:00:00+05:30,5750.0,5774.85,5640.0,5682.0,157009,2.264288946989693,5686.368117580987,5595.714413107901,90.65370447308578,90.1050262390423,134.85000000000036,20.600000000000364,114.25,134.85000000000036,126.58214285714283,344297.0,Buy
375,2024-01-09T00:00:00+05:30,5702.2,5849.0,5674.7,5797.65,329437,2.317110764785463,5703.488407183912,5610.672604729538,92.81580245437453,90.64718148210875,174.30000000000018,167.0,7.300000000000182,174.30000000000018,126.41071428571422,348862.45,Buy
376,2024-01-10T00:00:00+05:30,5800.0,5819.3,5721.3,5800.9,239740,2.2741802745210635,5718.474806078695,5624.763522897721,93.71128318097453,91.26000182188191,98.0,21.650000000000546,76.34999999999945,98.0,116.93214285714281,330089.2,No Signal
377,2024-01-11T00:00:00+05:30,5804.0,5892.0,5802.25,5869.9,213210,2.237179733886486,5741.770989758896,5642.9217804608525,98.8492092980432,92.77784331711418,89.75,91.10000000000036,1.3500000000003638,91.10000000000036,104.28571428571429,316910.65,No Signal
378,2024-01-12T00:00:00+05:30,5870.0,5922.0,5742.85,5795.7,250919,2.238569067833722,5750.067760565219,5654.2386856119,95.82907495331892,93.38808964435513,179.14999999999964,52.100000000000364,127.04999999999927,179.14999999999964,110.9178571428571,304929.1,No Signal
379,2024-01-15T00:00:00+05:30,5835.0,5924.15,5804.0,5896.4,375458,2.289663737611858,5772.580412785955,5672.176560751759,100.40385203419555,94.79124212232323,120.14999999999964,128.44999999999982,8.300000000000182,128.44999999999982,111.60357142857136,306214.1,No Signal
380,2024-01-16T00:00:00+05:30,5882.0,5967.45,5829.0,5904.55,347797,2.279518202254097,5792.8834262035,5689.3894081034805,103.49401810001928,96.53179731786244,138.44999999999982,71.05000000000018,67.39999999999964,138.44999999999982,114.39285714285708,302187.9,No Signal
381,2024-01-17T00:00:00+05:30,5872.85,5980.35,5831.25,5925.9,378205,2.3126993311934885,5813.347514479884,5706.9087112069265,106.43880327295756,98.51319850888147,149.10000000000036,75.80000000000018,73.30000000000018,149.10000000000036,118.23928571428567,286961.55,No Signal
382,2024-01-18T00:00:00+05:30,5959.0,6028.95,5838.0,5990.85,591170,2.0860683024128983,5840.655589175287,5727.941399265673,112.7141899096141,101.35339678902801,190.94999999999982,103.05000000000018,87.89999999999964,190.94999999999982,125.93571428571424,294667.85,Buy
383,2024-01-19T00:00:00+05:30,5987.0,6120.0,5951.0,6094.65,326813,2.0822676164319067,5879.731652379089,5755.104999320068,124.62665305902101,106.00804804302662,169.0,129.14999999999964,39.850000000000364,169.0,133.65714285714284,286632.8,Buy
384,2024-01-20T00:00:00+05:30,6120.0,6220.0,6073.0,6122.55,249694,2.1634063660708205,5917.088321243844,5782.323147518581,134.76517372526268,111.75947317947384,147.0,125.35000000000036,21.649999999999636,147.0,136.82500000000002,288090.65,Buy
385,2024-01-23T00:00:00+05:30,6428.0,6428.7,6133.65,6153.75,982889,2.339498077815874,5953.497810283253,5809.83624770239,143.66156258086266,118.13989105975162,295.0500000000002,306.14999999999964,11.099999999999454,306.14999999999964,150.625,325071.05,Buy
386,2024-01-24T00:00:00+05:30,6153.55,6230.0,6083.35,6213.35,435151,2.5773699518073636,5993.475070239676,5839.726155279991,153.74891495968495,125.2616958397383,146.64999999999964,76.25,70.39999999999964,146.64999999999964,153.35357142857143,331469.75,Buy
387,2024-01-25T00:00:00+05:30,6210.05,6238.2,6119.1,6168.85,337391,2.7640668993310977,6020.455828664341,5864.105699333325,156.35012933101643,131.47938253799393,119.09999999999945,24.849999999999454,94.25,119.09999999999945,155.16071428571422,319931.85,Buy
388,2024-01-29T00:00:00+05:30,6199.05,6349.0,6177.8,6349.0,554591,3.0256613191406667,6071.001085792905,5900.023795679004,170.97729011390038,139.37896405317522,171.19999999999982,180.14999999999964,8.949999999999818,180.14999999999964,158.39642857142846,331377.3,Buy
389,2024-01-30T00:00:00+05:30,6331.0,6387.85,6283.8,6316.0,304312,3.25841392924874,6108.69322644015,5930.83684785093,177.85637858922018,147.07444696038422,104.05000000000018,38.850000000000364,65.19999999999982,104.05000000000018,153.37857142857132,340241.4,Buy
390,2024-01-31T00:00:00+05:30,6280.0,6371.65,6255.55,6352.95,499281,3.426553449993176,6146.271191603204,5962.1044887508615,184.1667028523425,154.49289813877587,116.09999999999945,55.649999999999636,60.44999999999982,116.09999999999945,154.6714285714284,356883.0,Buy
391,2024-02-01T00:00:00+05:30,6289.65,6377.0,6267.8,6290.0,255111,3.52073331985142,6168.383315971942,5986.393045139686,181.9902708322552,159.99237267747174,109.19999999999982,24.050000000000182,85.14999999999964,109.19999999999982,155.96428571428552,359688.7,Buy
392,2024-02-02T00:00:00+05:30,6320.0,6359.05,6291.3,6320.55,239428,3.535788605008996,6191.7935750531815,6011.145412166376,180.64816288680504,164.1235307193384,67.75,69.05000000000018,1.300000000000182,69.05000000000018,148.09999999999985,360625.0,Buy
393,2024-02-05T00:00:00+05:30,6320.55,6346.6,6209.2,6235.2,147909,3.4785665657202447,6198.471486583461,6027.742048302201,170.72943828126063,165.44471223172286,137.40000000000055,26.050000000000182,111.35000000000036,137.40000000000055,148.73928571428561,360775.75,Buy
394,2024-02-06T00:00:00+05:30,6259.95,6297.9,6155.05,6198.0,326654,3.210914240595497,6198.398950186006,6040.353748427963,158.04520175804282,163.96481013698687,142.84999999999945,62.69999999999982,80.14999999999964,142.84999999999945,149.0535714285713,369258.0,Sell
395,2024-02-07T00:00:00+05:30,6237.75,6248.85,6155.0,6179.25,230679,3.034091137063693,6195.452957849698,6050.642359655521,144.81059819417624,160.13396774842474,93.85000000000036,50.850000000000364,43.0,93.85000000000036,145.10714285714272,364320.1,Sell
396,2024-02-08T00:00:00+05:30,6201.5,6363.2,6150.0,6231.0,794455,2.8007138480731832,6200.921733565129,6064.002184866224,136.9195486989056,155.49108393852092,213.19999999999982,183.94999999999982,29.25,213.19999999999982,146.69642857142844,392055.85,Sell
397,2024-02-09T00:00:00+05:30,6269.4,6473.95,6213.6,6437.35,933104,2.7348080922470595,6237.295313016648,6091.657578579837,145.63773443681112,153.52041403817896,260.34999999999945,242.94999999999982,17.399999999999636,260.34999999999945,153.2214285714284,428050.55,Sell
398,2024-02-12T00:00:00+05:30,6464.9,6677.8,6375.0,6614.45,709946,2.7554549364532432,6295.319111014087,6130.382943129479,164.93616788460804,155.8035648074648,302.8000000000002,240.44999999999982,62.350000000000364,302.8000000000002,164.34999999999985,451001.9,Buy
399,2024-02-13T00:00:00+05:30,6614.45,6740.0,6598.25,6718.9,521773,3.005610622307422,6360.485401627304,6173.976799193962,186.50860243334228,161.9445723326403,141.75,125.55000000000018,16.199999999999818,141.75,152.60714285714272,458317.65,Buy
400,2024-02-14T00:00:00+05:30,6718.8,6775.0,6700.0,6754.1,452781,3.2027703043042823,6421.041493684642,6216.948888142557,204.09260554208504,170.37417897452926,75.0,56.100000000000364,18.899999999999636,75.0,147.48928571428561,463566.85,No Signal
401,2024-02-15T00:00:00+05:30,6750.0,6764.4,6585.6,6627.6,446114,3.2011515569970244,6452.8197254254665,6247.367489020886,205.45223640458062,177.38979046053953,178.79999999999927,10.299999999999272,168.5,178.79999999999927,151.75357142857132,466962.3,Buy
402,2024-02-16T00:00:00+05:30,6631.05,6660.45,6525.1,6600.55,391508,3.1260749966447667,6475.547459975394,6273.52915650082,202.01830347457417,182.31549306334645,135.34999999999945,32.849999999999454,102.5,135.34999999999945,148.5535714285713,456979.2,No Signal
403,2024-02-19T00:00:00+05:30,6620.0,6675.95,6511.05,6657.15,334607,3.127250796445221,6503.486312286872,6301.945515278537,201.54079700833518,186.1605538523442,164.89999999999964,75.39999999999964,89.5,164.89999999999964,152.89999999999984,457368.9,Buy
404,2024-02-20T00:00:00+05:30,6667.5,6785.0,6637.85,6759.45,559251,3.1923292284921385,6542.865341165815,6335.834736369015,207.0306047967997,190.33456404123532,147.14999999999964,127.85000000000036,19.299999999999272,147.14999999999964,155.117857142857,472846.75,Buy
405,2024-02-21T00:00:00+05:30,6784.95,6821.95,6717.3,6760.15,537325,3.2632246592129035,6576.293750217228,6367.265496637977,209.0282535792512,194.07330194883852,104.64999999999964,62.5,42.149999999999636,104.64999999999964,154.79285714285697,450568.55,Buy
406,2024-02-22T00:00:00+05:30,6765.0,6874.45,6690.05,6769.2,564432,3.3328342341533914,6605.971634799193,6397.0384228129415,208.933211986252,197.04528395632124,184.39999999999964,114.30000000000018,70.09999999999945,184.39999999999964,163.03214285714265,457032.6,Buy
407,2024-02-23T00:00:00+05:30,6779.0,6786.8,6723.1,6774.05,352524,3.3081450306288787,6631.829844830087,6424.965206308279,206.86463852180714,199.00915486941844,63.69999999999982,17.600000000000364,46.099999999999454,63.69999999999982,157.76785714285688,457789.25,Buy
408,2024-02-26T00:00:00+05:30,6769.95,6791.75,6570.9,6584.0,453443,3.3727983829364208,6624.471407163919,6436.745561396555,187.72584576736426,196.75249304900763,220.85000000000036,17.699999999999818,203.15000000000055,220.85000000000036,163.33928571428552,452731.85,Sell
409,2024-02-27T00:00:00+05:30,6588.0,6668.45,6570.0,6620.6,313760,3.301053788517512,6623.875806061777,6450.364408700514,173.51139736126333,192.1042739114588,98.44999999999982,84.44999999999982,14.0,98.44999999999982,163.66785714285692,453204.25,Sell
410,2024-02-28T00:00:00+05:30,6630.0,6630.0,6345.3,6362.35,536602,3.4291044632367824,6583.6410666676575,6443.844822870847,139.7962437968108,181.64266788852922,284.6999999999998,9.399999999999636,275.3000000000002,284.6999999999998,168.77499999999978,455070.3,Sell
411,2024-02-29T00:00:00+05:30,6392.55,6392.55,6062.05,6101.6,1543361,3.809478701967131,6509.480902564941,6418.493354510043,90.98754805489807,163.511643921803,330.5,30.199999999999818,300.3000000000002,330.5,173.78571428571408,519482.8,Sell
412,2024-03-01T00:00:00+05:30,6102.0,6107.0,5941.85,6085.4,1749136,4.078927271720462,6444.237686785719,6393.8197726944845,50.41791409123471,140.89289795568934,165.14999999999964,5.399999999999636,159.75,165.14999999999964,163.9535714285712,594968.2,Sell
413,2024-03-02T00:00:00+05:30,6169.95,6169.95,6119.95,6133.3,33927,4.157149504269795,6396.401119587917,6374.522011754152,21.879107833764465,117.09013993130436,50.0,84.55000000000018,34.55000000000018,84.55000000000018,159.86785714285693,589269.1,Sell
414,2024-03-04T00:00:00+05:30,6145.0,6171.75,6022.85,6033.3,551616,4.434295002945224,6340.539408882083,6349.24630717977,-8.706898297687076,91.93073228550608,148.89999999999964,38.44999999999982,110.44999999999982,148.89999999999964,165.14642857142832,600517.2,Sell
415,2024-03-05T00:00:00+05:30,6035.05,6103.5,5976.2,6061.1,724456,4.5525427172231865,6297.548730592532,6327.902136277565,-30.353405685033067,67.47390469139826,127.30000000000018,70.19999999999982,57.100000000000364,127.30000000000018,161.46785714285696,625206.05,Sell
416,2024-03-06T00:00:00+05:30,6025.0,6078.9,5945.0,6054.3,588776,4.7416643388082536,6260.125848962912,6307.635311368115,-47.50946240520352,44.47723127207791,133.89999999999964,17.799999999999272,116.10000000000036,133.89999999999964,161.36428571428556,614922.1,Sell
417,2024-03-07T00:00:00+05:30,6065.5,6142.85,6032.0,6048.8,738112,5.001325501176639,6227.614179891694,6288.462325340847,-60.84814544915298,23.412155927831733,110.85000000000036,88.55000000000018,22.300000000000182,110.85000000000036,157.50357142857132,605172.5,No Signal
418,2024-03-11T00:00:00+05:30,6048.8,6225.0,6036.1,6204.7,521556,4.917075253261781,6224.088921446818,6282.257708648933,-58.1687872021148,7.0959673018424265,188.89999999999964,176.19999999999982,12.699999999999818,188.89999999999964,160.48571428571418,595753.0,Sell
419,2024-03-12T00:00:00+05:30,6240.0,6274.25,6107.5,6144.8,482112,4.94777595703497,6211.8906258396155,6272.075656156419,-60.18503031680393,-6.360232221886845,166.75,69.55000000000018,97.19999999999982,166.75,164.9214285714285,593769.95,Sell
420,2024-03-13T00:00:00+05:30,6180.0,6180.0,5956.05,6008.4,356191,5.0749707165956615,6180.584375710444,6252.5441260707585,-71.9597503603145,-19.480135849572378,223.94999999999982,35.19999999999982,188.75,223.94999999999982,167.74642857142848,588940.45,Sell
421,2024-03-14T00:00:00+05:30,6008.4,6095.0,5980.0,6023.15,439181,5.112621070829502,6156.3637025242215,6235.551968584035,-79.18826605981394,-31.42176189162069,115.0,86.60000000000036,28.399999999999636,115.0,171.41071428571422,588593.8,Sell
422,2024-03-15T00:00:00+05:30,6015.0,6030.85,5941.6,5983.2,764270,5.202899627740484,6129.72313290511,6216.859230170403,-87.13609726529285,-42.56462896635512,89.25,7.700000000000728,81.54999999999927,89.25,162.0107142857142,607231.9,No Signal
423,2024-03-18T00:00:00+05:30,5997.75,6144.95,5978.65,6136.55,419258,4.925271647380911,6130.773420150478,6210.9103983059285,-80.13697815545038,-50.07909880417418,166.30000000000018,161.75,4.550000000000182,166.30000000000018,166.8571428571428,611464.45,Sell
424,2024-03-19T00:00:00+05:30,6077.0,6125.7,6034.05,6113.2,542392,4.620429305088807,6128.069817050405,6203.6725910240075,-75.60277397360278,-55.183833838059904,91.64999999999964,10.850000000000364,102.5,102.5,153.8428571428571,610621.5,No Signal
425,2024-03-20T00:00:00+05:30,6148.0,6200.7,6073.45,6174.05,413963,4.144936588561426,6135.143691350342,6201.478325022229,-66.33463367188688,-57.4139938048253,127.25,87.5,39.75,127.25,139.32499999999996,604453.4,No Signal
426,2024-03-21T00:00:00+05:30,6189.9,6214.4,6105.6,6182.5,350032,3.5743177935966144,6142.429277296444,6200.07252316873,-57.64324587228657,-57.459844218317556,108.79999999999927,40.349999999999454,68.44999999999982,108.79999999999927,135.29999999999993,593733.4,No Signal
427,2024-03-22T00:00:00+05:30,6169.15,6390.9,6168.7,6375.9,727548,2.8206448612629003,6178.347850020067,6213.096780711787,-34.74893069171958,-52.91766151299797,222.19999999999982,208.39999999999964,13.800000000000182,222.19999999999982,145.13214285714275,612484.6,No Signal
428,2024-03-26T00:00:00+05:30,6398.0,6463.45,6309.5,6322.45,629120,2.4710583492409275,6200.517411555442,6221.19701917758,-20.679607622138064,-46.47005073482599,153.94999999999982,87.55000000000018,66.39999999999964,153.94999999999982,145.49285714285705,621268.45,No Signal
429,2024-03-27T00:00:00+05:30,6355.0,6399.4,6220.0,6231.45,603420,1.8332513762205798,6205.276271316143,6221.9564992385,-16.680227922357517,-40.512086172332296,179.39999999999964,76.94999999999982,102.44999999999982,179.39999999999964,149.21428571428558,635751.45,No Signal
430,2024-03-28T00:00:00+05:30,6231.45,6425.6,6112.5,6356.8,818070,1.7882023081485499,6228.587614190583,6231.944906702315,-3.3572925117323393,-33.081127440212306,313.10000000000036,194.15000000000055,118.94999999999982,313.10000000000036,162.01428571428565,649824.85,Buy
431,2024-04-01T00:00:00+05:30,6401.0,6557.0,6372.75,6457.25,440465,2.069347219036974,6263.766442776647,6248.634172872514,15.132269904132954,-23.438447971343255,184.25,200.19999999999982,15.949999999999818,200.19999999999982,168.39642857142846,594680.05,Buy
432,2024-04-02T00:00:00+05:30,6469.5,6469.5,6404.2,6419.75,213898,2.254148172456653,6287.763913118701,6261.309419326401,26.454493792299218,-13.459859618614761,65.30000000000018,12.25,53.05000000000018,65.30000000000018,159.56785714285706,517918.15,Buy
433,2024-04-03T00:00:00+05:30,6399.55,6409.0,6311.0,6375.05,289202,2.3709852502495687,6301.19254186967,6269.734647524446,31.457894345224304,-4.476308825846948,98.0,10.75,108.75,108.75,155.42499999999993,530681.9,No Signal
434,2024-04-04T00:00:00+05:30,6425.0,6475.0,6326.4,6440.6,547885,2.4363819623778276,6322.63984312049,6282.391340300413,40.24850282007719,4.4686535033378805,148.60000000000036,99.94999999999982,48.650000000000546,148.60000000000036,150.04285714285712,530495.35,No Signal
435,2024-04-05T00:00:00+05:30,6440.6,6480.0,6381.55,6397.75,239001,2.479571619174149,6334.195251871183,6290.936426204085,43.25882566709788,12.226687936089881,98.44999999999982,39.399999999999636,59.05000000000018,98.44999999999982,148.86071428571424,506222.6,No Signal
436,2024-04-08T00:00:00+05:30,6397.75,6397.75,6280.0,6307.75,491584,2.4503404734684913,6330.126751583309,6292.181876114894,37.944875468414466,17.3703254425548,117.75,0.0,117.75,117.75,150.89642857142852,501363.0,No Signal
437,2024-04-09T00:00:00+05:30,6347.8,6540.0,6330.95,6505.05,592624,2.44735009597293,6357.038020570492,6307.9498852915685,49.0881352789238,23.713887409828605,209.05000000000018,232.25,23.199999999999818,232.25,155.6071428571428,494088.6,No Signal
438,2024-04-10T00:00:00+05:30,6505.05,6515.9,6451.0,6489.85,174947,2.5696123914478566,6377.470632790417,6321.423967862564,56.04666492785327,30.180442913433538,64.89999999999964,10.849999999999454,54.05000000000018,64.89999999999964,152.9214285714285,476758.15,No Signal
439,2024-04-12T00:00:00+05:30,6450.0,6477.9,6362.7,6406.55,450885,2.5989664194451683,6381.944381591891,6327.729599872744,54.21478171914714,34.98731067457626,115.19999999999982,11.950000000000728,127.15000000000055,127.15000000000055,152.91428571428565,475196.8,No Signal
440,2024-04-15T00:00:00+05:30,6325.1,6399.1,6283.0,6303.15,251305,2.4307441818250046,6369.822169039293,6325.9088887710595,43.91328026823339,36.77250459330769,116.10000000000036,7.449999999999818,123.55000000000018,123.55000000000018,153.96785714285716,469952.5,Buy
441,2024-04-16T00:00:00+05:30,6299.95,6300.0,6202.0,6282.8,161168,2.2097992724770785,6356.434143033248,6322.715637750981,33.71850528226696,36.16170473109955,98.0,3.149999999999636,101.14999999999964,101.14999999999964,145.32142857142858,456051.85,No Signal
442,2024-04-18T00:00:00+05:30,6306.1,6334.4,6053.2,6074.15,518459,2.1167353605591823,6313.005813335825,6304.303368287945,8.702445047880246,30.66985279445569,281.1999999999998,51.599999999999454,229.60000000000036,281.1999999999998,154.41071428571428,443761.3,Sell
443,2024-04-19T00:00:00+05:30,6140.0,6165.0,6050.0,6111.3,379245,2.1362730420381357,6281.974149745698,6290.006822488838,-8.03267274314021,22.92934768693651,115.0,90.85000000000036,24.149999999999636,115.0,149.8107142857143,441760.65,No Signal
444,2024-04-22T00:00:00+05:30,6154.5,6258.0,6150.0,6238.55,197001,1.9729310783984426,6275.293511323283,6286.195206008184,-10.901694684900576,16.163139212569092,108.0,146.69999999999982,38.69999999999982,146.69999999999982,137.92499999999998,424491.1,No Signal
445,2024-04-23T00:00:00+05:30,6241.5,6303.8,6181.0,6194.9,217146,1.9667722422732896,6262.925278812009,6279.432598155726,-16.507319343716517,9.629047501311971,122.80000000000018,65.25,57.55000000000018,122.80000000000018,132.39642857142857,414650.25,No Signal
446,2024-04-24T00:00:00+05:30,6229.9,6310.5,6186.15,6283.35,207837,1.8733003936047894,6266.067543610162,6279.722776070116,-13.655232459954277,4.972191509058722,124.35000000000036,115.60000000000036,8.75,124.35000000000036,136.61428571428573,407540.5,No Signal
447,2024-04-25T00:00:00+05:30,6280.0,6402.2,6168.85,6384.1,520353,1.8466681645680751,6284.226383054753,6287.454422287145,-3.228039232391893,3.332145360768599,233.34999999999945,118.84999999999945,114.5,233.34999999999945,145.5142857142857,397180.75,No Signal
448,2024-04-26T00:00:00+05:30,6380.0,6380.0,6251.05,6258.6,261065,1.9004792298055604,6280.283862584791,6285.317057673282,-5.033195088491084,1.6590772709166628,128.94999999999982,4.100000000000364,133.05000000000018,133.05000000000018,144.4035714285714,378778.0,No Signal
449,2024-04-29T00:00:00+05:30,6200.0,6200.0,5733.0,5968.35,2785015,2.3828377205519375,6232.294037571746,6261.83801636415,-29.543978792403323,-4.581533941747335,467.0,58.600000000000364,525.6000000000004,525.6000000000004,174.91428571428574,487857.75,Sell
450,2024-04-30T00:00:00+05:30,6000.0,6023.0,5901.0,5947.1,1040838,2.7485993430764215,6188.418031791478,6238.5240892260645,-50.106057434586546,-13.686438640315178,122.0,54.649999999999636,67.35000000000036,122.0,175.21785714285716,498996.15,Sell
451,2024-05-02T00:00:00+05:30,5947.1,6000.0,5939.45,5958.55,572406,2.9307522981743825,6153.053719208174,6217.785267801912,-64.7315485937379,-23.89546063099972,60.55000000000018,52.899999999999636,7.650000000000546,60.55000000000018,162.95357142857145,505593.2,Sell
452,2024-05-03T00:00:00+05:30,6000.0,6027.7,5960.05,6009.6,563849,2.9918675050198122,6130.98391625307,6202.364136853622,-71.3802206005521,-33.3924126249102,67.64999999999964,69.14999999999964,1.5,69.14999999999964,163.2571428571429,523090.75,Sell
453,2024-05-06T00:00:00+05:30,6050.0,6086.15,5986.2,6056.7,419144,3.003813001665752,6119.555621444905,6191.574200790391,-72.0185793454857,-41.117645969025304,99.94999999999982,76.54999999999927,23.400000000000546,99.94999999999982,161.3142857142857,529587.85,Sell
454,2024-05-07T00:00:00+05:30,6080.0,6080.0,5856.4,5900.25,455928,3.205573821537169,6085.816295068766,6169.994630361473,-84.17833529270774,-49.72978383376179,223.60000000000036,23.300000000000182,200.30000000000018,223.60000000000036,168.46071428571426,524990.0,Sell
455,2024-05-08T00:00:00+05:30,5892.0,5910.0,5812.65,5846.5,511587,3.4088278741977867,6048.998403519725,6146.032065149512,-97.03366162978728,-59.1905593929669,97.35000000000036,9.75,87.60000000000036,97.35000000000036,168.18928571428575,538619.3,Sell
456,2024-05-09T00:00:00+05:30,5859.9,5892.0,5790.0,5806.4,598157,3.6677136776039845,6011.675572208997,6120.874134397696,-109.19856218869882,-69.19215995211329,102.0,45.5,56.5,102.0,155.38928571428576,543947.95,Sell
457,2024-05-10T00:00:00+05:30,5819.95,5881.0,5753.25,5842.45,372227,3.5340088750733814,5985.6408687922285,6100.250124442311,-114.60925565008256,-78.27557909170714,127.75,74.60000000000036,53.149999999999636,127.75,156.30000000000004,532928.1,Sell
458,2024-05-13T00:00:00+05:30,5820.0,5842.4,5790.2,5830.15,348407,3.369013578097598,5961.719196670347,6080.242707816955,-118.52351114660814,-86.32516550268734,52.19999999999982,0.0500000000001819,52.25,52.25,149.5535714285715,541601.1,No Signal
459,2024-05-14T00:00:00+05:30,5855.0,5894.65,5740.0,5862.8,558136,3.189600316078988,5946.500858721062,6064.135840571254,-117.63498185019216,-92.58712877218831,154.64999999999964,64.5,90.14999999999964,154.64999999999964,151.82857142857145,546963.65,No Signal
460,2024-05-15T00:00:00+05:30,5869.95,5883.45,5833.0,5869.45,326587,3.103488467424663,5934.646880456284,6049.714667195606,-115.0677867393224,-97.08326036561513,50.44999999999982,20.649999999999636,29.800000000000182,50.44999999999982,146.54999999999998,550727.75,No Signal
461,2024-05-16T00:00:00+05:30,5890.0,5944.5,5850.0,5931.7,378026,2.931402997508834,5934.19351423224,6040.972839995931,-106.7793257636913,-99.02247344523037,94.5,75.05000000000018,19.449999999999818,94.5,136.6321428571429,561570.65,No Signal
462,2024-05-17T00:00:00+05:30,5925.0,5973.0,5910.1,5953.05,267904,2.9221948969705336,5937.094512042665,6034.46003703327,-97.36552499060508,-98.69108375430532,62.899999999999636,41.30000000000018,21.599999999999454,62.899999999999636,131.62142857142857,549042.9,No Signal
463,2024-05-18T00:00:00+05:30,5932.0,5988.0,5913.8,5955.0,11673,2.9018252710066226,5939.849202497639,6028.574108364139,-88.72490586649928,-96.69784817674412,74.19999999999982,34.94999999999982,39.25,74.19999999999982,99.37857142857138,530664.3,No Signal
464,2024-05-21T00:00:00+05:30,6000.0,6041.9,5920.4,5948.25,606639,2.759074876347308,5941.141632882618,6022.624174411239,-81.48254152862137,-93.65478684711957,121.5,86.89999999999964,34.600000000000364,121.5,99.34285714285708,551146.2,No Signal
465,2024-05-22T00:00:00+05:30,5958.6,5958.6,5844.95,5868.15,735701,2.7072125770440896,5929.912150900676,6011.18164297337,-81.26949207269354,-91.17772789223436,113.65000000000055,10.350000000000364,103.30000000000018,113.65000000000055,103.13571428571426,577073.95,No Signal
466,2024-05-23T00:00:00+05:30,5878.45,5991.45,5860.6,5970.05,308200,2.365538947649203,5936.087204608265,6008.134854604972,-72.04764999670715,-87.35171231312891,130.84999999999945,123.30000000000018,7.549999999999272,130.84999999999945,107.5428571428571,582092.1,No Signal
467,2024-05-24T00:00:00+05:30,5938.3,5971.85,5867.0,5914.35,608807,1.684510559115597,5932.7430192839165,6001.187828337937,-68.44480905402088,-83.5703316613073,104.85000000000036,1.800000000000182,103.05000000000018,104.85000000000036,107.89285714285714,586514.8,No Signal
468,2024-05-27T00:00:00+05:30,5950.0,5959.5,5918.0,5939.3,189637,1.0836910936247275,5933.751785547929,5996.6035447573495,-62.85175920942038,-79.42661717092993,41.5,45.149999999999636,3.649999999999636,45.149999999999636,95.14642857142852,582943.4,No Signal
469,2024-05-28T00:00:00+05:30,5944.15,5971.45,5880.3,5904.5,314362,1.0730434029222036,5929.251510848248,5989.781059960509,-60.52954911226152,-75.64720355919626,91.14999999999964,32.149999999999636,59.0,91.14999999999964,94.70357142857132,459410.75,No Signal
470,2024-05-29T00:00:00+05:30,5909.9,5945.0,5880.9,5903.45,337183,1.0666719775556655,5925.282047640825,5983.386166630101,-58.104118989275776,-72.13858664521216,64.10000000000036,40.5,23.600000000000364,64.10000000000036,91.9964285714285,424228.0,No Signal
471,2024-05-30T00:00:00+05:30,5900.0,5901.75,5750.0,5766.45,643549,1.2139303880087893,5900.846348003775,5967.316820953797,-66.47047295002176,-71.00496390617408,151.75,1.699999999999818,153.44999999999982,153.44999999999982,93.83214285714277,427785.15,No Signal
472,2024-05-31T00:00:00+05:30,5855.95,5959.35,5743.0,5839.2,1382132,1.1432529040265909,5891.362294464733,5957.826686068331,-66.4643916035975,-70.09684944565878,216.35000000000036,192.90000000000055,23.449999999999818,216.35000000000036,105.55357142857136,468699.3,No Signal
473,2024-06-03T00:00:00+05:30,5986.3,6018.15,5812.55,5851.2,804820,0.9483269796637155,5885.183479931698,5949.928413026232,-64.74493309453464,-69.02646617543395,205.59999999999945,178.94999999999982,26.649999999999636,205.59999999999945,109.19285714285706,487983.1,No Signal
474,2024-06-04T00:00:00+05:30,5750.35,5963.75,5693.2,5845.7,642000,0.9587253757137322,5879.109098403744,5942.2077898391035,-63.0986914353598,-67.84091122741913,270.5500000000002,112.55000000000018,158.0,270.5500000000002,124.91428571428567,497286.7,Buy
475,2024-06-05T00:00:00+05:30,5915.0,5944.75,5776.8,5934.65,487289,0.9526417296066638,5887.653852495476,5941.647953554725,-53.99410105924926,-65.07154919378516,167.94999999999982,99.05000000000018,68.89999999999964,167.94999999999982,130.16071428571422,496071.8,Buy
476,2024-06-06T00:00:00+05:30,5970.0,5975.0,5900.0,5962.0,490549,0.932339109144172,5899.091721342325,5943.155512550671,-44.06379120834572,-60.869997596697274,75.0,40.350000000000364,34.649999999999636,75.0,131.02499999999995,490691.4,Buy
477,2024-06-07T00:00:00+05:30,5987.75,6031.0,5965.45,6014.55,436163,1.0011943981547466,5916.854533443506,5948.4439931024735,-31.589459658967826,-55.01389000915139,65.55000000000018,69.0,3.449999999999818,69.0,130.6535714285714,493888.2,Buy
478,2024-06-10T00:00:00+05:30,6040.0,6075.0,5992.05,6056.7,443756,1.1014444374875632,5938.369220606043,5956.462956576364,-18.093735970321177,-47.62985920138535,82.94999999999982,60.44999999999982,22.5,82.94999999999982,127.89999999999996,498655.65,Buy
479,2024-06-11T00:00:00+05:30,6081.75,6167.25,6059.2,6107.95,521348,1.2808523875888216,5964.458571282036,5967.684219052189,-3.2256477701530457,-38.749016915138895,108.05000000000018,110.55000000000018,2.5,110.55000000000018,127.67857142857136,496816.25,Buy
480,2024-06-12T00:00:00+05:30,6117.3,6188.85,6075.0,6168.6,321285,1.519848651864074,5995.864944930954,5982.566869492768,13.29807543818606,-28.339598444473907,113.85000000000036,80.90000000000055,32.94999999999982,113.85000000000036,126.46428571428571,496551.15,Buy
481,2024-06-13T00:00:00+05:30,6207.95,6210.55,6160.0,6206.2,401804,1.784618119339402,6028.224184172346,5999.132286567378,29.091897604967926,-16.853299234585542,50.55000000000018,41.94999999999982,8.600000000000364,50.55000000000018,122.58571428571427,497740.05,Buy
482,2024-06-14T00:00:00+05:30,6210.0,6219.95,6175.0,6207.6,216573,2.001845754780316,6055.820463530446,6014.574339414239,41.246124116207284,-5.233414564426977,44.94999999999982,13.75,31.199999999999818,44.94999999999982,122.57142857142857,495173.5,Buy
483,2024-06-18T00:00:00+05:30,6225.0,6249.8,6166.2,6236.35,267887,2.210819806687153,6083.594238371917,6031.002166124295,52.59207224762122,6.331682797982662,83.60000000000036,42.19999999999982,41.400000000000546,83.60000000000036,122.03214285714292,507984.2,Buy
484,2024-06-19T00:00:00+05:30,6265.0,6269.0,6128.05,6173.55,401714,2.3328013383336628,6097.433586314699,6041.561264929903,55.87232138479612,16.239810515345354,140.94999999999982,32.649999999999636,108.30000000000018,140.94999999999982,127.52142857142859,497737.95,Buy
485,2024-06-20T00:00:00+05:30,6165.7,6193.7,6115.75,6175.85,252844,2.3694713817860187,6109.497649958592,6051.508578638799,57.989071319792856,24.589662676234855,77.94999999999982,20.149999999999636,57.80000000000018,77.94999999999982,122.12857142857145,473595.1,Buy
486,2024-06-21T00:00:00+05:30,6152.2,6239.1,6145.0,6170.0,434583,2.436246947209342,6118.8057038111165,6060.2857209618505,58.51998284926594,31.375726710841075,94.10000000000036,63.25,30.850000000000364,94.10000000000036,113.39642857142859,479914.25,No Signal
487,2024-06-24T00:00:00+05:30,6170.0,6295.0,6156.15,6259.55,357273,2.513498604685347,6140.45867245556,6075.046037927639,65.412634527921,38.183108274257066,138.85000000000036,125.0,13.850000000000364,138.85000000000036,108.6285714285715,467337.55,No Signal
488,2024-06-25T00:00:00+05:30,6258.0,6315.0,6242.25,6295.35,348730,2.63236469983147,6164.288107462397,6091.364849932999,72.92325752939814,45.13113812528528,72.75,55.44999999999982,17.300000000000182,72.75,94.50000000000007,475292.2,No Signal
489,2024-06-26T00:00:00+05:30,6279.8,6285.65,6125.0,6136.8,538411,2.652917033182784,6160.059167852798,6094.730416604629,65.32875124816928,49.17066074986209,160.64999999999964,9.700000000000728,170.35000000000036,170.35000000000036,94.67142857142868,486494.65,No Signal
490,2024-06-27T00:00:00+05:30,6115.75,6200.4,6055.0,6192.5,440975,2.5913059288373215,6165.050065106214,6101.972607967249,63.077457138964746,51.95202002768262,145.39999999999964,63.599999999999454,81.80000000000018,145.39999999999964,99.70000000000007,491684.25,No Signal
491,2024-06-28T00:00:00+05:30,6222.5,6222.5,6145.15,6185.7,334692,2.3258694375162965,6168.2269781667965,6108.174637006712,60.052341160084325,53.57208425416297,77.35000000000036,30.0,47.350000000000364,77.35000000000036,100.29642857142868,476241.4,No Signal
492,2024-07-01T00:00:00+05:30,6180.0,6180.0,6108.45,6140.5,374933,2.119272766957129,6163.9612892180585,6110.569108339549,53.39218087850986,53.53610357903235,71.55000000000018,5.699999999999818,77.25,77.25,99.88928571428583,425881.45,No Signal
493,2024-07-02T00:00:00+05:30,6134.75,6163.75,6077.0,6097.6,436037,1.877106064079936,6153.751860107588,6109.608433647731,44.14342645985744,51.65756815519737,86.75,23.25,63.5,86.75,98.18928571428582,407442.3,No Signal
494,2024-07-03T00:00:00+05:30,6132.25,6217.75,6079.05,6192.7,188203,1.5144540651255478,6159.743881629498,6115.763364488639,43.980517140858865,50.12215795232967,138.69999999999982,120.14999999999964,18.550000000000182,138.69999999999982,99.96428571428578,384752.45,No Signal
495,2024-07-04T00:00:00+05:30,6200.95,6244.0,6161.0,6225.05,222050,1.3010764624173676,6169.790976763421,6123.858670822814,45.932305940606966,49.284187549985134,83.0,51.30000000000018,31.699999999999818,83.0,102.28214285714292,371490.5,No Signal
496,2024-07-05T00:00:00+05:30,6201.0,6342.85,6159.0,6328.55,350300,1.1854472220846723,6194.21544187674,6139.020991502605,55.19445037413516,50.46624011481514,183.85000000000036,117.80000000000018,66.05000000000018,183.85000000000036,112.20357142857152,364478.05,No Signal
497,2024-07-08T00:00:00+05:30,6380.0,6387.95,6292.8,6300.75,317731,1.0975283408594951,6210.605373895703,6151.000918057968,59.60445583773526,52.293883259399166,95.14999999999964,59.399999999999636,35.75,95.14999999999964,113.02857142857147,358556.45,Buy
498,2024-07-09T00:00:00+05:30,6309.3,6350.4,6255.9,6320.3,176239,1.0586980375725545,6227.481470219442,6163.541590794415,63.93987942502645,54.623082492524624,94.5,49.649999999999636,44.850000000000364,94.5,109.71071428571433,345180.6,No Signal
499,2024-07-10T00:00:00+05:30,6320.3,6417.0,6301.15,6375.7,295890,1.1414575628900043,6250.284320954912,6179.257028513347,71.0272924415649,57.903924482332684,115.85000000000036,96.69999999999982,19.150000000000546,115.85000000000036,112.41785714285723,333907.7,Buy
500,2024-07-11T00:00:00+05:30,6395.9,6411.65,6340.0,6389.05,354777,1.2663463208412706,6271.632886961848,6194.797248623469,76.83563833837889,61.690267253541926,71.64999999999964,35.94999999999982,35.69999999999982,71.64999999999964,110.81428571428576,335582.3,Buy
501,2024-07-12T00:00:00+05:30,6385.2,6419.95,6320.0,6353.9,211028,1.3409289620136629,6284.289365890794,6206.582637614323,77.70672827647104,64.89355945812775,99.94999999999982,30.899999999999636,69.05000000000018,99.94999999999982,108.03571428571429,326043.5,No Signal
502,2024-07-15T00:00:00+05:30,6340.5,6466.7,6340.5,6434.0,359221,1.4827173301098542,6307.321771138364,6223.428368161411,83.89340297695344,68.6935281618929,126.19999999999982,112.80000000000018,13.399999999999636,126.19999999999982,111.85357142857141,333175.9,Buy
503,2024-07-16T00:00:00+05:30,6437.25,6464.0,6403.0,6453.7,298376,1.637573673867299,6329.841498655539,6240.48552607538,89.35597258015878,72.82601704554608,61.0,30.0,31.0,61.0,104.0428571428571,334700.35,No Signal
504,2024-07-18T00:00:00+05:30,6432.0,6539.7,6430.0,6520.85,583444,1.816943680703256,6359.227421939302,6261.253264884612,97.9741570546903,77.85564504737492,109.69999999999982,86.0,23.699999999999818,109.69999999999982,101.49285714285712,343786.85,No Signal
505,2024-07-19T00:00:00+05:30,6525.25,6525.25,6365.0,6381.95,228785,1.8512125667950783,6362.723203179409,6270.193763782048,92.52943939736087,80.79040391737212,160.25,4.399999999999636,155.85000000000036,160.25,107.41428571428567,342583.9,Buy
506,2024-07-22T00:00:00+05:30,6381.95,6434.0,6370.15,6402.15,222285,1.8332913255537597,6368.788864228731,6279.968299798193,88.82056443053807,82.39643602000531,63.850000000000364,52.05000000000018,11.800000000000182,63.850000000000364,106.45714285714283,331969.0,Buy
507,2024-07-23T00:00:00+05:30,6404.0,6474.4,6324.8,6403.6,284679,1.861543517743077,6374.144423578157,6289.126203516845,85.0182200613126,82.92079282826677,149.59999999999945,72.25,77.34999999999945,149.59999999999945,110.94642857142851,328339.3,Buy
508,2024-07-24T00:00:00+05:30,6400.0,6443.95,6350.05,6422.6,309594,1.898637874857075,6381.599127643056,6299.013151404486,82.58597623856986,82.85382951032739,93.89999999999964,40.349999999999454,53.55000000000018,93.89999999999964,107.7464285714285,326382.5,Sell
509,2024-07-25T00:00:00+05:30,6404.8,6434.15,6372.0,6385.8,412373,1.8096509228246052,6382.24541569797,6305.441806856005,76.80360884196489,81.64378537665489,62.149999999999636,11.549999999999272,50.600000000000364,62.149999999999636,106.25714285714275,320080.6,Sell
510,2024-07-26T00:00:00+05:30,6433.0,6679.95,6393.55,6664.55,432671,2.0072039740232435,6425.676890205975,6332.04241375556,93.6344764504147,84.04192359140686,286.39999999999964,294.14999999999964,7.75,294.14999999999964,114.13571428571413,319665.4,Buy
511,2024-07-29T00:00:00+05:30,6777.0,6777.0,6616.4,6681.65,367708,2.2031849598989046,6465.057368635825,6357.939271995889,107.11809663993608,88.65715820111271,160.60000000000036,112.44999999999982,48.150000000000546,160.60000000000036,118.81071428571418,321316.2,Buy
512,2024-07-30T00:00:00+05:30,6681.65,6713.15,6584.1,6641.0,264929,2.2287363836365426,6492.125465768775,6378.906733329527,113.21873243924801,93.56947304873978,129.04999999999927,31.5,97.54999999999927,129.04999999999927,121.27857142857127,315816.0,Buy
513,2024-07-31T00:00:00+05:30,6664.25,6686.75,6584.15,6615.3,352268,2.0779196635706136,6511.07539411204,6396.417345675488,114.65804843655224,97.78718812630228,102.60000000000036,45.75,56.850000000000364,102.60000000000036,120.3321428571427,311627.55,Buy
514,2024-08-01T00:00:00+05:30,6615.3,6735.0,6606.6,6706.4,361725,2.084734302036344,6541.125333479418,6419.3790237736,121.74630970581802,102.57901244220544,128.39999999999964,119.69999999999982,8.699999999999818,128.39999999999964,124.38571428571413,320303.65,Buy
515,2024-08-02T00:00:00+05:30,6706.4,6795.85,6681.0,6710.15,587569,2.097483971292353,6567.129128328738,6440.917614605185,126.21151372355325,107.30551269847501,114.85000000000036,89.45000000000073,25.399999999999636,114.85000000000036,125.44999999999989,338579.6,Buy
516,2024-08-05T00:00:00+05:30,6689.0,6756.5,6600.05,6687.6,907845,2.15318598002136,6585.663108585855,6459.19038389369,126.47272469216568,111.13895509721316,156.44999999999982,46.350000000000364,110.09999999999945,156.44999999999982,127.61071428571417,366456.85,Buy
517,2024-08-06T00:00:00+05:30,6689.15,6735.0,6631.05,6657.7,334936,2.1188078028608954,6596.745707264954,6473.8947999015645,122.85090736338952,113.48134555044844,103.94999999999982,47.399999999999636,56.55000000000018,103.94999999999982,130.6785714285713,367317.1,Buy
518,2024-08-07T00:00:00+05:30,6701.2,6768.0,6662.0,6720.35,358284,2.098891556239629,6615.761752301115,6492.150740649597,123.61101165151831,115.50727877066242,106.0,110.30000000000018,4.300000000000182,110.30000000000018,130.72142857142848,376419.35,Buy
519,2024-08-08T00:00:00+05:30,6740.0,6744.35,6500.0,6541.9,509454,2.0830946811761057,6604.398405793251,6495.835870971849,108.56253482140255,114.11832998081046,244.35000000000036,24.0,220.35000000000036,244.35000000000036,136.72857142857134,387097.55,Sell
520,2024-08-09T00:00:00+05:30,6582.25,6598.0,6530.0,6587.85,115598,2.0031615554015185,6601.852497209674,6502.651732381341,99.20076482833247,111.13481695031487,68.0,56.100000000000364,11.899999999999636,68.0,137.0249999999999,375138.6,Sell
521,2024-08-12T00:00:00+05:30,6550.0,6591.9,6420.95,6502.4,230114,1.9130060734238488,6586.55211302357,6502.633085538279,83.91902748529083,105.69165905731006,170.94999999999982,4.049999999999272,166.90000000000055,170.94999999999982,138.54999999999993,376092.9,Sell
522,2024-08-13T00:00:00+05:30,6510.3,6642.0,6510.3,6589.4,400126,1.8389623789646086,6586.990249481482,6509.060264387295,77.92998509418703,100.13932426468546,131.69999999999982,139.60000000000036,7.900000000000546,139.60000000000036,141.8142857142857,378138.15,Sell
523,2024-08-14T00:00:00+05:30,6600.0,6865.0,6460.25,6515.85,1723346,1.8260137732839237,6576.045595715101,6509.563207766014,66.48238794908684,93.40793700156574,404.75,275.60000000000036,129.14999999999964,404.75,166.28571428571428,449386.65,Sell
524,2024-08-16T00:00:00+05:30,6556.2,6714.8,6556.0,6686.9,611092,1.8149456231396792,6593.100119451239,6522.699266450013,70.4008530012261,88.80652020149782,158.80000000000018,198.94999999999982,40.149999999999636,198.94999999999982,159.4857142857143,450769.05,Sell
525,2024-08-19T00:00:00+05:30,6750.0,6756.9,6565.05,6724.9,398225,1.7361480384545256,6613.377024151048,6537.677098564827,75.69992558622107,86.18520127844248,191.84999999999945,70.0,121.84999999999945,191.84999999999945,161.7178571428571,459241.05,Sell
526,2024-08-20T00:00:00+05:30,6775.0,6788.6,6650.0,6672.9,146064,1.6330347256578843,6622.534405050887,6547.693609782247,74.84079526863934,83.91632007648185,138.60000000000036,63.70000000000073,74.89999999999964,138.60000000000036,162.40000000000003,455430.0,Sell
527,2024-08-21T00:00:00+05:30,6675.0,6788.5,6627.1,6752.45,291296,1.5196323740632285,6642.521419658443,6562.860749798377,79.66066986006626,83.06519003319875,161.39999999999964,115.60000000000036,45.79999999999927,161.39999999999964,166.59999999999997,455760.85,Sell
528,2024-08-22T00:00:00+05:30,6760.55,6858.0,6751.0,6830.55,344641,1.48063881084708,6671.448893557144,6582.689583146645,88.75931041049898,84.2040141086588,107.0,105.55000000000018,1.449999999999818,107.0,165.07142857142858,457513.2,Buy
529,2024-08-23T00:00:00+05:30,6864.0,6927.4,6830.7,6860.7,468784,1.3523819691991836,6700.564448394507,6603.282947358005,97.28150103650205,86.81951149422746,96.69999999999982,96.84999999999945,0.1499999999996362,96.84999999999945,163.78571428571422,460333.75,Buy
530,2024-08-26T00:00:00+05:30,6830.0,6878.0,6608.8,6780.0,385016,1.417690488810175,6712.7853024876595,6616.37309940556,96.41220308209904,88.73804981180177,269.1999999999998,17.300000000000182,251.89999999999964,269.1999999999998,171.83928571428564,457951.0,Buy
531,2024-08-27T00:00:00+05:30,6780.0,6850.75,6734.0,6781.45,297297,1.4616279719555763,6723.349102104942,6628.601017968112,94.74808413683058,89.94005667680754,116.75,70.75,46.0,116.75,172.75357142857138,454430.45,Buy
532,2024-08-28T00:00:00+05:30,6785.9,6848.5,6746.55,6776.45,250361,1.4911412329316203,6731.518471011874,6639.552794414918,91.96567659695575,90.34518066083719,101.94999999999982,67.05000000000018,34.899999999999636,101.94999999999982,172.1571428571428,453702.05,Buy
533,2024-08-29T00:00:00+05:30,6799.9,6907.35,6760.3,6857.2,659960,1.5543168383370116,6750.854090856201,6655.674809643443,95.17928121275781,91.31200077122132,147.05000000000018,130.90000000000055,16.149999999999636,147.05000000000018,165.20714285714277,469086.65,Buy
534,2024-08-30T00:00:00+05:30,6865.0,6990.0,6851.0,6927.5,499581,1.70917412969263,6778.030384570631,6675.810008929114,102.22037564151742,93.49367574528054,139.0,132.80000000000018,6.199999999999818,139.0,170.27857142857133,475979.45,Buy
535,2024-09-02T00:00:00+05:30,6989.0,6999.0,6865.05,6880.05,248292,1.8094062192394056,6793.725710021304,6690.938897156587,102.78681286471692,95.35230316916783,133.94999999999982,71.5,62.44999999999982,133.94999999999982,167.6357142857142,459015.6,Buy
536,2024-09-03T00:00:00+05:30,6890.95,6925.8,6834.45,6844.85,361990,1.8624644363211866,6801.590985402641,6702.339719589432,99.2512658132091,96.13209569797608,91.35000000000036,45.75,45.600000000000364,91.35000000000036,164.18928571428563,431722.85,Buy
537,2024-09-04T00:00:00+05:30,6838.0,6938.0,6790.05,6930.9,389768,1.9390064312689366,6821.484679956081,6719.270110730956,102.21456922512516,97.34859040340591,147.94999999999982,93.14999999999964,54.80000000000018,147.94999999999982,145.84642857142848,434464.45,No Signal
538,2024-09-05T00:00:00+05:30,6930.9,7044.0,6900.2,6934.3,387284,2.0367397584598477,6838.840883039761,6735.198250676811,103.64263236295028,98.6073987953148,143.80000000000018,113.10000000000036,30.699999999999818,143.80000000000018,141.9071428571428,435914.45,No Signal
539,2024-09-06T00:00:00+05:30,6934.3,6962.45,6857.9,6906.8,185503,1.977392361953097,6849.296131802875,6747.909491367417,101.3866404354576,99.16324712334335,104.55000000000018,28.149999999999636,76.40000000000055,104.55000000000018,135.67142857142855,419716.9,No Signal
540,2024-09-09T00:00:00+05:30,6906.8,6928.0,6820.45,6860.7,304409,1.9129667155320416,6851.050573063971,6756.264343858719,94.7862292052514,98.28784353972497,107.55000000000018,21.199999999999818,86.35000000000036,107.55000000000018,133.4535714285714,429157.45,No Signal
541,2024-09-10T00:00:00+05:30,6900.0,6975.85,6860.7,6921.55,354522,1.6926054391952148,6861.896638746437,6768.507725795111,93.38891295132635,97.30805742204525,115.15000000000055,115.15000000000055,0.0,115.15000000000055,130.15000000000003,435377.85,No Signal
542,2024-09-11T00:00:00+05:30,6900.0,6953.95,6873.45,6900.25,223028,1.5613720484013007,6867.797155862369,6778.2664127732505,89.53074308911891,95.75259455545999,80.5,32.399999999999636,48.100000000000364,80.5,128.2571428571429,426522.95,No Signal
543,2024-09-12T00:00:00+05:30,6943.0,7096.45,6915.0,7061.8,831152,1.3572195091129569,6897.643747268159,6799.268900715972,98.37484655218668,96.27704495480533,181.44999999999982,196.19999999999982,14.75,196.19999999999982,135.35357142857148,381913.25,No Signal
544,2024-09-13T00:00:00+05:30,7096.2,7099.95,7008.05,7019.15,238034,1.3657489406933854,6916.337016919211,6815.556389551826,100.78062736738502,97.17776143732128,91.89999999999964,38.149999999999636,53.75,91.89999999999964,122.68928571428576,363260.35,No Signal
545,2024-09-16T00:00:00+05:30,7025.0,7062.95,7010.5,7031.35,226343,1.385315518652612,6934.031322008564,6831.5411014368765,102.49022057168713,98.24025326419445,52.44999999999982,43.80000000000018,8.649999999999636,52.44999999999982,118.0964285714286,354666.25,No Signal
546,2024-09-17T00:00:00+05:30,7031.4,7152.45,6999.9,7008.05,266003,1.2698797862870042,6945.418810930323,6844.615834663775,100.80297626654828,98.75279786466523,152.55000000000018,121.09999999999945,31.450000000000728,152.55000000000018,121.71071428571433,360663.2,No Signal
547,2024-09-18T00:00:00+05:30,7029.9,7068.0,6960.75,7035.9,251334,1.2499609704335555,6959.338993864119,6858.785032096088,100.55396176803151,99.11303064533848,107.25,59.94999999999982,47.30000000000018,107.25,118.86785714285718,358665.1,No Signal
548,2024-09-19T00:00:00+05:30,7068.0,7124.65,7011.45,7030.25,407897,1.2810873314344633,6970.248379423486,6871.486140829711,98.76223859377478,99.04287223502575,113.19999999999982,88.75,24.449999999999818,113.19999999999982,117.02500000000002,361827.9,No Signal
549,2024-09-20T00:00:00+05:30,7039.9,7120.0,7017.9,7082.65,493357,1.3578095466268398,6987.540936435257,6887.127908175658,100.41302825959883,99.31690343994038,102.10000000000036,89.75,12.350000000000364,102.10000000000036,114.75000000000007,363056.55,No Signal
550,2024-09-23T00:00:00+05:30,7090.4,7182.0,7090.4,7152.8,254282,1.423527836426448,7012.96540775291,6906.807322384869,106.15808536804161,100.68513982556063,91.60000000000036,99.35000000000036,7.75,99.35000000000036,115.32142857142864,356519.85,No Signal
551,2024-09-24T00:00:00+05:30,7076.2,7200.0,7076.2,7122.0,333949,1.4197973489777054,7029.7399604063085,6922.747520726731,106.99243967957773,101.94659979636405,123.80000000000018,47.19999999999982,76.60000000000036,123.80000000000018,113.59642857142866,358352.45,No Signal
552,2024-09-25T00:00:00+05:30,7092.75,7144.95,7074.15,7133.45,236185,1.369289245522312,7045.6953511130305,6938.35511178401,107.34023932902073,103.0253277028954,70.80000000000018,22.949999999999818,47.850000000000364,70.80000000000018,108.38214285714295,357643.65,No Signal
553,2024-09-26T00:00:00+05:30,7108.0,7193.95,7094.4,7167.85,405696,1.414698642252136,7064.488374018718,6955.354733133342,109.13364088537583,104.24699033939149,99.55000000000018,60.5,39.05000000000018,99.55000000000018,108.02500000000009,344930.45,No Signal
554,2024-09-27T00:00:00+05:30,7159.3,7279.9,7110.0,7234.0,772592,1.5589385534440459,7090.567085708146,6975.995123271613,114.57196243653289,106.31198475881978,169.89999999999964,112.04999999999927,57.850000000000364,169.89999999999964,112.47857142857148,358581.0,No Signal
555,2024-09-30T00:00:00+05:30,7160.5,7316.95,7160.5,7259.25,58456,1.6646977439931894,7116.518303291508,6996.976965992234,119.54133729927435,108.9578552669107,156.44999999999982,82.94999999999982,73.5,156.44999999999982,115.42857142857143,349089.2,No Signal
556,2024-10-01T00:00:00+05:30,7201.5,7243.95,7135.0,7153.35,310719,1.611466853324051,7122.184718169738,7008.560153696513,113.62456447322438,109.89119710817344,108.94999999999982,15.300000000000182,124.25,124.25,118.55357142857143,346525.65,No Signal
557,2024-10-03T00:00:00+05:30,7093.35,7200.0,6855.95,6905.95,655420,1.6902223404487962,7088.917838451316,7000.959401570845,87.9584368804708,105.50464506263292,344.0500000000002,46.649999999999636,297.40000000000055,344.0500000000002,129.11428571428573,359808.25,Sell
558,2024-10-04T00:00:00+05:30,6902.1,6958.3,6727.35,6773.6,429272,1.9139187178507249,7040.407401766498,6984.117964417449,56.28943734904897,95.66160351991613,230.94999999999982,52.350000000000364,178.59999999999945,230.94999999999982,139.0464285714286,361907.65,Sell
559,2024-10-07T00:00:00+05:30,6801.0,6857.5,6743.15,6773.15,260810,2.0641476542864483,6999.290878417806,6968.490707793934,30.800170623871963,82.6893169407073,114.35000000000036,83.89999999999964,30.450000000000728,114.35000000000036,143.4678571428572,365673.0,Sell
560,2024-10-08T00:00:00+05:30,6819.0,6940.0,6748.7,6924.3,345891,1.9699292712442154,6987.753820199682,6965.217322031421,22.53649816826146,70.65875318621814,191.30000000000018,166.85000000000036,24.449999999999818,191.30000000000018,146.23571428571435,367747.1,Sell
561,2024-10-09T00:00:00+05:30,6959.0,7070.0,6936.4,7008.9,391824,1.911463958043003,6991.0070786305005,6968.453075955019,22.55400267548157,61.03780308407082,133.60000000000036,145.69999999999982,12.099999999999454,145.69999999999982,148.98214285714292,369612.2,Sell
562,2024-10-10T00:00:00+05:30,7054.95,7055.05,6884.05,6955.05,237853,1.8910824296263753,6985.475220379654,6967.460255513906,18.01496486574797,52.43323544040626,171.0,46.150000000000546,124.84999999999945,171.0,153.11071428571435,370353.45,Sell
563,2024-10-11T00:00:00+05:30,6982.0,7018.95,6930.1,6983.4,75315,1.8910629054458024,6985.155955705862,6968.640977327691,16.51497837817078,45.249584027959166,88.84999999999945,63.899999999999636,24.949999999999818,88.84999999999945,152.16428571428574,332561.6,Sell
564,2024-10-14T00:00:00+05:30,6976.85,7101.4,6961.75,7092.6,168515,1.8686704836399652,7001.68580867419,6977.8231271552695,23.86268151892091,40.97220352615152,139.64999999999964,118.0,21.649999999999636,139.64999999999964,155.04285714285712,329085.65,Sell
565,2024-10-15T00:00:00+05:30,7115.0,7150.35,7040.0,7140.15,322659,1.8812523238987637,7022.987991955084,6989.847339958583,33.14065199650122,39.40589322022146,110.35000000000036,57.75,52.600000000000364,110.35000000000036,154.08214285714283,333901.45,Sell
566,2024-10-16T00:00:00+05:30,7085.1,7135.2,7056.0,7071.3,223419,1.8965040537984923,7030.4206085773785,6995.880870332021,34.53973824535751,38.43266222524867,79.19999999999982,4.949999999999818,84.14999999999964,84.14999999999964,155.03571428571422,331772.25,Sell
567,2024-10-17T00:00:00+05:30,7089.0,7102.6,6960.65,6989.3,183572,1.9282110726949444,7024.094361103936,6995.393398455575,28.700962648360473,36.486322309871035,141.95000000000073,31.300000000000182,110.65000000000055,141.95000000000073,158.0642857142857,328384.15,Sell
568,2024-10-18T00:00:00+05:30,6983.3,7041.65,6950.0,6982.9,236651,1.940517317530042,7017.756767087945,6994.46796153294,23.288805555005638,33.846818958897956,91.64999999999964,52.349999999999454,39.30000000000018,91.64999999999964,152.47499999999997,319821.85,Sell
569,2024-10-21T00:00:00+05:30,6972.25,7032.0,6957.5,6986.4,222611,1.9440168513018468,7012.932649074415,6993.870334752722,19.06231432169352,30.88991803145707,74.5,49.100000000000364,25.399999999999636,74.5,146.62142857142857,306284.55,Sell
570,2024-10-22T00:00:00+05:30,7019.95,7037.25,6871.55,6891.95,112233,1.9875829819206967,6994.319933832197,6986.320680326594,7.999253505603519,26.311785126286363,165.69999999999982,50.850000000000364,114.84999999999945,165.69999999999982,149.58214285714283,299182.1,Sell
571,2024-10-23T00:00:00+05:30,6885.0,6958.95,6854.75,6906.75,109466,1.9925063806393497,6980.847636319551,6980.426555857957,0.4210804615941015,21.133644193347912,104.19999999999982,67.0,37.19999999999982,104.19999999999982,132.44999999999996,287957.95,No Signal
572,2024-10-24T00:00:00+05:30,6937.25,6978.0,6870.65,6954.15,147408,1.947513629744755,6976.740307655005,6978.480144312924,-1.7398366579182039,16.55894802309469,107.35000000000036,71.25,36.100000000000364,107.35000000000036,123.62142857142855,283519.1,No Signal
573,2024-10-25T00:00:00+05:30,6954.15,6981.0,6876.05,6944.85,175261,1.8812595986739962,6971.834106477312,6975.989022511966,-4.154916034653979,12.416175211544957,104.94999999999982,26.850000000000364,78.09999999999945,104.94999999999982,122.94999999999995,271997.35,No Signal
574,2024-10-28T00:00:00+05:30,6923.0,6970.0,6794.25,6926.3,238427,1.7151847104475286,6964.828859326956,6972.308354177746,-7.479494850789706,8.437041199078024,175.75,25.149999999999636,150.60000000000036,175.75,121.83928571428565,245289.1,No Signal
575,2024-10-29T00:00:00+05:30,6957.9,6997.7,6855.8,6987.45,196146,1.4204494690071656,6968.309034815117,6973.429957571987,-5.1209227568697315,5.725448407888473,141.89999999999964,71.39999999999964,70.5,141.89999999999964,121.56785714285706,252173.6,No Signal
576,2024-10-30T00:00:00+05:30,6980.6,7035.0,6939.8,6982.5,191699,1.2785463520699218,6970.492260228176,6974.101812566654,-3.609552338478352,3.8584482586151085,95.19999999999982,47.55000000000018,47.649999999999636,95.19999999999982,116.15357142857134,246222.6,No Signal
577,2024-10-31T00:00:00+05:30,6999.9,7050.0,6956.05,7022.7,224153,1.273537296592638,6978.524220193072,6977.701678302457,0.8225418906149571,3.2512669850150786,93.94999999999982,67.5,26.449999999999818,93.94999999999982,116.51785714285708,224659.25,No Signal
578,2024-11-01T00:00:00+05:30,7022.7,7046.0,7000.75,7031.95,18769,1.1137910349109819,6986.7435709326,6981.720072502275,5.023498430325162,3.6057132740770954,45.25,23.300000000000182,21.949999999999818,45.25,109.77499999999996,204134.1,No Signal
579,2024-11-04T00:00:00+05:30,7090.0,7090.0,6892.15,6958.4,273442,0.8927888855860499,6982.383021558354,6979.992659724328,2.390361834025498,3.362642986066776,197.85000000000036,58.05000000000018,139.80000000000018,197.85000000000036,116.02499999999996,204765.7,No Signal
580,2024-11-05T00:00:00+05:30,6920.0,6986.55,6814.25,6966.3,246059,0.869632381880642,6979.908710549376,6978.978388633637,0.930321915739114,2.8761787720012437,172.30000000000018,28.150000000000546,144.14999999999964,172.30000000000018,122.32142857142857,199774.1,No Signal
581,2024-11-06T00:00:00+05:30,7020.0,7141.75,6891.0,6968.1,459745,0.8692271342221102,6978.091985849473,6978.172582068182,-0.08059621870961564,2.2848237738590718,250.75,175.44999999999982,75.30000000000018,250.75,130.0928571428571,203170.15,No Signal
582,2024-11-07T00:00:00+05:30,7316.5,7483.9,7200.3,7424.85,2502817,1.5425724386571023,7046.823988026477,7011.25979821128,35.564189815197096,8.940696982126678,283.59999999999945,515.7999999999993,232.19999999999982,515.7999999999993,160.38928571428565,316418.35,Buy
583,2024-11-08T00:00:00+05:30,7390.05,7545.0,7380.0,7421.4,1032481,1.9737065514749403,7104.451066791635,7041.640553899333,62.81051289230163,19.714660164161668,165.0,120.14999999999964,44.850000000000364,165.0,166.85357142857134,364276.65,Buy
584,2024-11-11T00:00:00+05:30,7400.0,7454.15,6982.6,7155.45,625620,2.0752553986703703,7112.2970565159985,7050.070883240123,62.226173275875226,28.216962786504382,471.5499999999993,32.75,438.7999999999993,471.5499999999993,188.69999999999987,387131.9,Buy
585,2024-11-12T00:00:00+05:30,7161.25,7232.85,7001.0,7019.55,194183,2.086488141377267,7098.02827859046,7047.8100770741885,50.21820151627162,32.61721053245783,231.85000000000036,77.40000000000055,154.44999999999982,231.85000000000036,197.81785714285706,380708.1,Buy
586,2024-11-13T00:00:00+05:30,6970.0,6998.2,6830.45,6858.85,299775,2.200326138232242,7061.231620345774,7033.813034327953,27.418586017821326,31.577485629530532,167.75,21.350000000000364,189.10000000000036,189.10000000000036,203.6571428571428,384525.9,Sell
587,2024-11-14T00:00:00+05:30,6860.0,6908.0,6827.05,6860.65,192648,2.258356848468197,7030.3729095233475,7020.986142896252,9.386766627095312,27.139341829043488,80.94999999999982,49.149999999999636,31.800000000000182,80.94999999999982,201.94285714285706,384979.7,Sell
588,2024-11-18T00:00:00+05:30,6874.45,6874.45,6694.55,6741.9,268706,2.466970307311344,6985.992461904371,7000.313095274308,-14.320633369936331,18.847346789247524,179.89999999999964,13.800000000000182,166.09999999999945,179.89999999999964,202.23928571428561,386582.45,Sell
589,2024-11-19T00:00:00+05:30,6750.0,6796.9,6661.2,6686.9,290018,2.6998277956075736,6939.978236996007,6977.097310439173,-37.1190734431666,7.6540627427647,135.69999999999982,55.0,80.69999999999982,135.69999999999982,201.7964285714285,389952.8,Sell
590,2024-11-21T00:00:00+05:30,6623.55,6761.95,6594.15,6742.5,258574,2.7818862603681938,6909.596969765852,6959.7197318881235,-50.122762122271524,-3.9013022302425457,167.80000000000018,75.05000000000018,92.75,167.80000000000018,206.9821428571428,397269.85,Sell
591,2024-11-22T00:00:00+05:30,6751.6,6950.3,6751.6,6935.1,498633,2.6979834430261125,6913.520512878798,6957.8960480445585,-44.375535165760084,-11.996148817346054,198.69999999999982,207.80000000000018,9.100000000000364,207.80000000000018,215.11428571428567,416728.2,Sell
592,2024-11-25T00:00:00+05:30,6980.0,7147.0,6930.9,7075.0,639047,2.659994076676559,6938.363510897445,6966.570414856073,-28.206903958627663,-15.238299845602377,216.10000000000036,211.89999999999964,4.200000000000728,216.10000000000036,227.31785714285712,441310.15,Sell
593,2024-11-26T00:00:00+05:30,7095.0,7112.05,7042.5,7076.55,179222,2.6707713709402325,6959.622970759377,6974.717050792659,-15.094080033282808,-15.209455883138464,69.55000000000018,37.05000000000018,32.5,69.55000000000018,218.1535714285714,441508.2,Buy
594,2024-11-27T00:00:00+05:30,7076.55,7115.4,6970.0,6982.7,227250,2.697874269531696,6963.173282950242,6975.308380363574,-12.135097413332005,-14.594584189177173,145.39999999999964,38.849999999999454,106.55000000000018,145.39999999999964,216.2321428571428,440949.35,Buy
595,2024-11-28T00:00:00+05:30,6982.7,7030.0,6816.0,6841.1,412343,2.799362719763988,6944.392777880974,6965.3670188551605,-20.974240974186614,-15.870515546179062,214.0,47.30000000000018,166.69999999999982,214.0,213.6071428571428,451759.2,Sell
596,2024-11-29T00:00:00+05:30,6867.05,6892.45,6812.0,6828.9,410883,2.852223041798588,6926.624658206978,6955.258350791815,-28.633692584837263,-18.423150953910703,80.44999999999982,51.349999999999454,29.100000000000364,80.44999999999982,182.51071428571427,462718.4,Sell
597,2024-12-02T00:00:00+05:30,6858.0,7080.0,6821.1,7065.8,579743,2.7669969499981,6948.036249252058,6963.446621103532,-15.410371851474338,-17.82059513342343,258.89999999999964,251.10000000000036,7.799999999999272,258.89999999999964,189.2178571428571,480497.9,Buy
598,2024-12-03T00:00:00+05:30,7104.4,7135.4,7076.55,7126.55,351470,2.7770751078826885,6975.49990321328,6975.528352873641,-0.028449660360820417,-14.26216603881091,58.849999999999454,69.59999999999945,10.75,69.59999999999945,160.5071428571428,497132.95,No Signal
599,2024-12-04T00:00:00+05:30,7216.65,7269.1,7125.05,7232.35,604278,2.837045158976445,7015.015302718929,6994.552178586705,20.46312413222404,-7.317108004603922,144.05000000000018,142.55000000000018,1.5,144.05000000000018,154.23571428571424,513674.75,No Signal
600,2024-12-05T00:00:00+05:30,7257.25,7334.95,7140.4,7274.75,510951,2.9400992350365702,7054.974486916017,7015.307572765468,39.66691415054902,2.079696426426666,194.55000000000018,102.59999999999945,91.95000000000073,194.55000000000018,154.62499999999994,526919.35,No Signal
601,2024-12-06T00:00:00+05:30,7263.0,7310.05,7207.75,7233.3,189048,3.0266089437968593,7082.40918123663,7031.455159968025,50.954021268604265,11.854561394862188,102.30000000000018,35.30000000000018,67.0,102.30000000000018,156.14999999999995,513384.5,No Signal
602,2024-12-09T00:00:00+05:30,7162.75,7227.95,7162.75,7193.85,203674,2.8138411747408805,7099.553922584841,7043.484407377801,56.06951520703933,20.69755215729762,65.19999999999982,5.350000000000364,70.55000000000018,70.55000000000018,148.33928571428572,398427.35,No Signal
603,2024-12-10T00:00:00+05:30,7228.8,7308.45,7215.2,7258.3,333300,2.5912276131960237,7123.976396033327,7059.396673497964,64.57972253536263,29.473986232910622,93.25,114.59999999999945,21.349999999999454,114.59999999999945,146.83214285714283,363468.3,No Signal
604,2024-12-10T00:00:00+05:30,7228.8,7308.45,7215.2,7258.3,333300,2.667353786647537,7144.641565874354,7074.130253238855,70.51131263549814,37.68145151342813,93.25,50.149999999999636,43.100000000000364,93.25,141.5071428571428,348852.3,No Signal
605,2024-12-11T00:00:00+05:30,7255.7,7364.0,7216.05,7340.8,391192,2.818528543763423,7174.819786509069,7093.883567813755,80.93621869531398,46.3324049498053,147.94999999999982,105.69999999999982,42.25,147.94999999999982,137.2321428571428,358702.75,No Signal
606,2024-12-12T00:00:00+05:30,7300.0,7318.65,7189.5,7227.1,396742,2.8668360371046084,7182.862896276904,7103.751451679403,79.11144459750176,52.88821287934459,129.14999999999964,22.150000000000546,151.30000000000018,151.30000000000018,132.60357142857134,363551.1,No Signal
607,2024-12-13T00:00:00+05:30,7221.0,7277.35,7204.2,7259.45,314999,2.8554000380545586,7194.645527618919,7115.284677480929,79.36085013799038,58.18274033107375,73.15000000000055,50.25,22.900000000000546,73.15000000000055,132.86071428571424,369668.65,No Signal
608,2024-12-16T00:00:00+05:30,7251.65,7270.1,7166.05,7259.2,219812,2.704125867605465,7204.576984908316,7125.9450717416,78.631913166716,62.27257489820221,104.05000000000018,10.650000000000546,93.39999999999964,104.05000000000018,129.90714285714284,367223.95,No Signal
609,2024-12-17T00:00:00+05:30,7227.0,7307.0,7201.0,7218.75,237831,2.392695412447422,7206.757448768575,7132.819510871852,73.93793789672327,64.60564749790642,106.0,47.80000000000018,58.19999999999982,106.0,122.19285714285714,364614.6,No Signal
610,2024-12-18T00:00:00+05:30,7233.25,7267.5,7177.65,7237.4,253532,2.064936287775921,7211.471687419564,7140.566213770233,70.90547364933082,65.8656127281913,89.85000000000036,48.75,41.100000000000364,89.85000000000036,122.86428571428574,364362.5,No Signal
611,2024-12-19T00:00:00+05:30,7148.0,7313.25,7137.4,7297.55,292899,1.9785256308497299,7224.714504739631,7152.194642379845,72.5198623597853,67.1964626545101,175.85000000000036,75.85000000000036,100.0,175.85000000000036,116.93214285714294,354075.8,No Signal
612,2024-12-20T00:00:00+05:30,7324.8,7389.9,7210.05,7251.7,349055,1.9861861999296324,7228.866119395072,7159.565409610967,69.30070978410458,67.617312080429,179.84999999999945,92.34999999999945,87.5,179.84999999999945,124.80714285714294,339576.2,No Signal
613,2024-12-23T00:00:00+05:30,7251.1,7329.9,7185.0,7265.1,179062,1.9757696800741964,7234.440562565061,7167.3827866768215,67.05777588823912,67.50540484199102,144.89999999999964,78.19999999999982,66.69999999999982,144.89999999999964,124.86785714285718,339568.2,No Signal
614,2024-12-24T00:00:00+05:30,7260.0,7279.75,7210.4,7240.0,146814,1.8786027117156847,7235.295860631974,7172.761839515576,62.534021116398435,66.51112809687251,69.35000000000036,14.649999999999636,54.70000000000073,69.35000000000036,115.92500000000005,335546.4,No Signal
615,2024-12-26T00:00:00+05:30,7272.2,7298.05,7224.75,7261.15,116439,1.4865015567009319,7239.273420534748,7179.309110662571,59.96430987217718,65.20176445193344,73.30000000000018,58.05000000000018,15.25,73.30000000000018,113.85357142857148,320751.2,No Signal
616,2024-12-27T00:00:00+05:30,7261.15,7295.0,7155.0,7246.3,189089,0.7964702969161269,7240.354432760171,7184.27139876164,56.08303399853139,63.378018361253034,140.0,33.850000000000364,106.14999999999964,140.0,118.81428571428576,309661.5,No Signal
617,2024-12-30T00:00:00+05:30,7240.0,7378.4,7220.05,7314.25,428884,0.6006246033205441,7251.722981566299,7193.899443297814,57.8235382684843,62.26712234269929,158.34999999999945,132.09999999999945,26.25,158.34999999999945,121.93928571428576,302118.55,No Signal
618,2024-12-31T00:00:00+05:30,7305.6,7365.95,7252.8,7296.35,212227,0.4684961047957101,7258.5886767099455,7201.488373423902,57.10030328604353,61.23375853136814,113.14999999999964,51.69999999999982,61.44999999999982,113.14999999999964,123.3607142857143,295156.4,No Signal
619,2025-01-01T00:00:00+05:30,7320.0,7445.0,7300.4,7369.65,341399,0.5653703512110319,7275.675034139184,7213.944790207317,61.730243931867335,61.333055611467984,144.60000000000036,148.64999999999964,4.049999999999272,148.64999999999964,123.41071428571429,282012.45,No Signal
620,2025-01-02T00:00:00+05:30,7405.0,7444.95,7333.05,7421.65,265991,0.7334751725309445,7298.132721194695,7229.330361303071,68.80235989162338,62.82691646749907,111.89999999999964,75.30000000000018,36.599999999999454,111.89999999999964,120.59642857142853,269764.45,No Signal
621,2025-01-03T00:00:00+05:30,7427.95,7437.55,7280.0,7298.35,180636,0.7386718735836408,7298.166148703203,7234.442927132473,63.72322157072995,63.00617748814525,157.55000000000018,15.900000000000546,141.64999999999964,157.55000000000018,126.62499999999993,269343.85,No Signal
622,2025-01-06T00:00:00+05:30,7298.35,7473.0,7290.75,7429.15,527272,0.8127621610813265,7318.317510441172,7248.865673270809,69.45183717036343,64.2953094245889,182.25,174.64999999999964,7.600000000000364,182.25,132.2107142857142,285523.75,Buy
623,2025-01-07T00:00:00+05:30,7466.25,7545.35,7345.2,7436.75,398234,0.9207974971183466,7336.537893450222,7262.783030806304,73.75486264391839,66.18722006845479,200.15000000000055,116.20000000000073,83.94999999999982,200.15000000000055,138.93571428571425,288770.45,Buy
624,2025-01-08T00:00:00+05:30,7448.75,7460.0,7131.0,7142.65,450295,1.068286679008102,7306.708986765573,7253.884287783615,52.824698981958136,63.514715851155465,329.0,23.25,305.75,329.0,156.01785714285708,294620.2,Sell
625,2025-01-09T00:00:00+05:30,7140.0,7163.7,6991.1,7091.55,305521,1.2303883165579934,7273.607604186254,7241.859525725569,31.748078460685065,57.161388373061385,172.59999999999945,21.050000000000182,151.54999999999927,172.59999999999945,155.78571428571416,290336.65,Sell
626,2025-01-10T00:00:00+05:30,7090.0,7139.0,7016.85,7036.75,185381,1.4526489393667137,7237.167972772984,7226.666227523675,10.501745249309351,47.82945974831098,122.14999999999964,47.44999999999982,74.69999999999982,122.14999999999964,151.6642857142856,279768.6,Sell
627,2025-01-13T00:00:00+05:30,7000.0,7000.0,6756.05,6839.6,431086,2.0505875473702186,7176.003669269448,7197.994655114514,-21.990985845065552,33.86537062963568,243.94999999999982,36.75,280.6999999999998,280.6999999999998,161.36428571428561,285572.95,Sell
628,2025-01-14T00:00:00+05:30,6854.6,6899.0,6683.1,6706.85,362659,2.759625882454793,7103.826181689533,7161.613569550476,-57.787387860943454,15.534818931519851,215.89999999999964,59.399999999999636,156.5,215.89999999999964,171.8321428571427,292715.3,Sell
629,2025-01-14T00:00:00+05:30,6854.6,6899.0,6683.1,6706.85,362659,3.2471766850169717,7042.752922968066,7127.927379213404,-85.17445624533775,-4.607036103851671,215.89999999999964,192.14999999999964,23.75,215.89999999999964,182.01785714285694,298956.7,Sell
630,2025-01-14T00:00:00+05:30,6854.6,6899.0,6683.1,6706.85,362659,3.62493264544824,6991.075550203748,7096.736462234633,-105.6609120308849,-24.817811289258316,215.89999999999964,192.14999999999964,23.75,215.89999999999964,187.4392857142855,304413.05,Sell
631,2025-01-15T00:00:00+05:30,6749.6,6759.95,6608.0,6691.85,547360,3.9306796535638178,6945.040850172402,7066.744872439475,-121.70402226707301,-44.19505348482126,151.94999999999982,53.099999999999454,98.85000000000036,151.94999999999982,186.98214285714266,317136.1,Sell
632,2025-01-16T00:00:00+05:30,6760.0,6807.8,6700.05,6789.65,579821,4.015071692315754,6921.134565530494,7046.219326332847,-125.08476080235323,-60.37299494832766,107.75,115.94999999999982,8.199999999999818,115.94999999999982,187.18214285714268,328674.4,Sell
633,2025-01-17T00:00:00+05:30,6819.95,6845.0,6762.3,6828.1,166710,4.062331040786043,6906.82155544888,7030.062339197081,-123.24078374820147,-72.94655270830242,82.69999999999982,55.350000000000364,27.349999999999454,82.69999999999982,182.4714285714284,328056.8,Sell
634,2025-01-20T00:00:00+05:30,6901.0,6910.0,6740.0,6780.85,120356,4.180627724825353,6887.441316149052,7011.602165923224,-124.16084977417177,-83.1894121214763,170.0,81.89999999999964,88.10000000000036,170.0,186.62142857142842,326733.9,Sell
635,2025-01-21T00:00:00+05:30,6838.0,7014.95,6838.0,6919.15,799900,4.070418538011644,6892.319575203044,7004.753857336318,-112.43428213327388,-89.03838612383582,176.94999999999982,234.09999999999945,57.149999999999636,234.09999999999945,192.08928571428552,360906.95,Sell
636,2025-01-22T00:00:00+05:30,6908.0,6941.95,6829.9,6892.9,247081,4.061146781464773,6892.408871325652,6996.468386422517,-104.05951509686474,-92.04261191844161,112.05000000000018,22.800000000000182,89.25,112.05000000000018,187.07499999999982,363806.55,Sell
637,2025-01-23T00:00:00+05:30,6892.25,6963.1,6823.2,6920.85,271085,3.9447613851135195,6896.784429583245,6990.867024465294,-94.0825948820493,-92.45060851116315,139.90000000000055,70.20000000000073,69.69999999999982,139.90000000000055,182.7714285714284,355916.6,Sell
638,2025-01-24T00:00:00+05:30,6915.25,6915.25,6728.45,6745.05,317194,4.017264424739393,6873.440671185823,6972.658355986383,-99.21768480056016,-93.80402376904256,186.80000000000018,5.600000000000364,192.40000000000055,192.40000000000055,173.01428571428556,361164.95,Sell
639,2025-01-27T00:00:00+05:30,6700.0,6729.8,6674.35,6695.45,191705,3.9245881069510844,6846.057491003388,6952.124403691096,-106.06691268770737,-96.25660155277552,55.44999999999982,15.25,70.69999999999982,70.69999999999982,165.73571428571418,353680.25,No Signal
640,2025-01-28T00:00:00+05:30,6699.0,6747.5,6635.05,6708.95,202194,3.6316789980054094,6824.964030849021,6934.111484899163,-109.14745405014219,-98.83477205224887,112.44999999999982,52.05000000000018,60.399999999999636,112.44999999999982,165.04285714285703,350490.4,No Signal
641,2025-01-29T00:00:00+05:30,6741.0,6798.75,6697.25,6784.3,146288,3.3617863463640747,6818.708026103018,6923.014337869596,-104.30631176657789,-99.92907999511468,101.5,89.80000000000018,11.699999999999818,101.5,152.24285714285705,348773.0,No Signal
642,2025-01-30T00:00:00+05:30,6786.25,6895.0,6770.35,6824.65,204648,2.786098133118752,6819.622175933323,6915.728090619996,-96.1059146866728,-99.1644469334263,124.64999999999964,110.69999999999982,13.949999999999818,124.64999999999964,145.7249999999999,332641.8,No Signal
643,2025-01-31T00:00:00+05:30,6822.25,6880.0,6789.15,6810.5,187712,1.9648493808343142,6818.218764251274,6907.933417240737,-89.7146529894635,-97.27448814463375,90.85000000000036,55.350000000000364,35.5,90.85000000000036,136.79285714285712,322115.7,No Signal
644,2025-02-01T00:00:00+05:30,6810.3,6940.0,6810.25,6841.1,117096,1.6386149114317805,6821.738954366462,6902.982793741423,-81.24383937496077,-94.06835839069916,129.75,129.5,0.25,129.75,130.6392857142857,305455.75,No Signal
645,2025-02-03T00:00:00+05:30,6781.6,6886.75,6724.95,6798.65,250589,1.3451039749332645,6818.186807540853,6895.254438649466,-77.06763110861266,-90.66821293428187,161.80000000000018,45.649999999999636,116.15000000000055,161.80000000000018,131.34285714285716,302709.15,No Signal
646,2025-02-04T00:00:00+05:30,6785.0,6816.6,6706.3,6792.2,223642,1.071418429850927,6814.188837149953,6887.620776527283,-73.43193937733031,-87.22095822289157,110.30000000000018,17.950000000000728,92.34999999999945,110.30000000000018,130.93928571428575,304622.2,No Signal
647,2025-02-05T00:00:00+05:30,6826.15,7008.0,6796.45,6944.65,389639,1.152397083611992,6834.259785280729,6891.845163451188,-57.58537817045817,-81.2938422124049,211.55000000000018,215.80000000000018,4.25,215.80000000000018,140.44642857142864,302549.85,No Signal
648,2025-02-06T00:00:00+05:30,6837.4,6925.0,6785.55,6874.25,334197,1.15114566926481,6840.412126006771,6890.541818010359,-50.12969200358748,-75.06101217064142,139.44999999999982,19.649999999999636,159.09999999999945,159.09999999999945,139.66785714285717,301126.75,No Signal
649,2025-02-07T00:00:00+05:30,6921.45,6929.85,6750.0,6790.55,259335,1.1182850775176463,6832.741029698037,6883.135016676259,-50.39398697822162,-70.12760713215746,179.85000000000036,55.600000000000364,124.25,179.85000000000036,135.79285714285723,295960.55,No Signal
650,2025-02-10T00:00:00+05:30,6817.2,6834.35,6686.0,6761.25,213808,1.0808837739531498,6821.742409744493,6874.106496922462,-52.36408717796894,-66.57490314131977,148.35000000000036,43.80000000000018,104.55000000000018,148.35000000000036,138.38571428571439,288518.0,No Signal
651,2025-02-11T00:00:00+05:30,6799.9,6815.0,6282.5,6317.35,1728723,2.063960422418538,6744.143577476109,6832.8652749282055,-88.72169745209612,-71.00426200347503,532.5,53.75,478.75,532.5,166.4285714285715,347586.15,Sell
652,2025-02-12T00:00:00+05:30,6349.6,6494.05,6215.0,6374.55,1133586,2.513713364880529,6687.283027095169,6798.915995303894,-111.63296820872529,-79.13000324452508,279.0500000000002,176.69999999999982,102.35000000000036,279.0500000000002,172.6178571428572,375274.4,Sell
653,2025-02-13T00:00:00+05:30,6372.25,6425.0,6344.45,6372.2,636246,2.8634315007533533,6638.808715234374,6767.3074030591615,-128.49868782478734,-89.00374016057754,80.55000000000018,50.44999999999982,30.100000000000364,80.55000000000018,173.32142857142864,398751.2,Sell
654,2025-02-14T00:00:00+05:30,6377.25,6379.9,6230.6,6270.5,320088,3.3650236197084786,6582.145835967547,6730.506854684409,-148.3610187168615,-100.87519587183434,149.29999999999927,7.699999999999818,141.59999999999945,149.29999999999927,175.95357142857145,408737.8,Sell
655,2025-02-17T00:00:00+05:30,6150.0,6317.0,6150.0,6300.2,482329,3.578525509980393,6538.7695535110015,6698.6322728559335,-159.86271934493197,-112.67270056645387,167.0,46.5,120.5,167.0,180.6321428571429,392859.25,Sell
656,2025-02-18T00:00:00+05:30,6320.0,6390.0,6320.0,6376.85,220118,3.6162563749341023,6513.858852970848,6674.796548940679,-160.9376959698311,-122.32569964712933,70.0,89.80000000000018,19.800000000000182,89.80000000000018,178.1428571428572,391511.1,Sell
657,2025-02-19T00:00:00+05:30,6348.25,6435.0,6284.25,6422.65,195067,3.5566677481590405,6499.826721744564,6656.119026796925,-156.29230505236137,-129.11902072817574,150.75,58.149999999999636,92.60000000000036,150.75,182.4214285714286,387710.2,Sell
658,2025-02-20T00:00:00+05:30,6384.25,6469.45,6377.9,6390.95,165304,3.6543985196349826,6483.076456860785,6636.47687666382,-153.40041980303522,-133.97530054314765,91.55000000000018,46.80000000000018,44.75,91.55000000000018,179.6928571428572,380115.7,Sell
659,2025-02-21T00:00:00+05:30,6362.3,6395.6,6292.95,6317.55,220428,3.837917507733369,6457.610848112971,6612.852663577611,-155.24181546463933,-138.22860352744598,102.65000000000055,4.650000000000546,98.0,102.65000000000055,175.4678571428572,381551.85,Sell
660,2025-02-24T00:00:00+05:30,6275.0,6275.0,6236.0,6251.4,458224,4.052687109222572,6425.8861022494375,6586.078392201492,-160.19228995205413,-142.6213408123676,39.0,42.55000000000018,81.55000000000018,81.55000000000018,173.4142857142858,394353.35,Sell
661,2025-02-24T00:00:00+05:30,6275.0,6275.0,6236.0,6251.4,458224,4.139665733374752,6399.042086518754,6561.287400186567,-162.2453136678123,-146.54613538345654,39.0,23.600000000000364,15.399999999999636,39.0,160.78571428571436,409950.15,Sell
662,2025-02-25T00:00:00+05:30,6251.0,6279.95,6213.05,6251.35,421160,4.143124624965924,6376.320227054331,6538.329074246821,-162.00884719249007,-149.63867774526327,66.89999999999964,28.550000000000182,38.349999999999454,66.89999999999964,154.20000000000007,420775.75,No Signal
