,Date,Open,High,Low,Close,Volume,Volatility,EMA12,EMA26,MACD,Signal Line,H-L,H-PC,L-PC,TR,ATR,Avg_Volume,Signal
0,2022-07-05T00:00:00+05:30,5660.0,5755.0,5626.45,5661.1,1228453,,5661.1,5661.1,0.0,0.0,128.55000000000018,,,128.55000000000018,,,No Signal
1,2022-07-06T00:00:00+05:30,5680.0,5938.85,5645.9,5916.7,2222952,,5700.423076923077,5680.033333333334,20.389743589743375,4.077948717948675,292.9500000000007,277.75,15.200000000000728,292.9500000000007,,,No Signal
2,2022-07-07T00:00:00+05:30,5935.0,5986.9,5816.0,5860.7,1335247,,5725.081065088758,5693.416049382717,31.66501570604123,9.595362115567188,170.89999999999964,70.19999999999982,100.69999999999982,170.89999999999964,,,No Signal
3,2022-07-08T00:00:00+05:30,5928.0,5928.0,5801.0,5873.2,803282,,5747.868593536641,5706.733379058071,41.13521447857056,15.903332588167862,127.0,67.30000000000018,59.69999999999982,127.0,,,No Signal
4,2022-07-11T00:00:00+05:30,5850.0,5903.95,5813.8,5861.5,761337,,5765.350348377158,5718.197573201917,47.152775175241004,22.153221105582492,90.14999999999964,30.75,59.399999999999636,90.14999999999964,,,No Signal
5,2022-07-12T00:00:00+05:30,5849.8,5959.55,5784.0,5873.55,975446,,5781.996448626826,5729.705160372146,52.291288254680694,28.180834535402134,175.55000000000018,98.05000000000018,77.5,175.55000000000018,,,No Signal
6,2022-07-13T00:00:00+05:30,5929.95,5979.0,5866.6,5878.9,886934,,5796.904687299622,5740.756629974209,56.14805732541299,33.77427909340431,112.39999999999964,105.44999999999982,6.949999999999818,112.39999999999964,,,No Signal
7,2022-07-14T00:00:00+05:30,5925.0,5926.95,5794.7,5830.85,692920,,5802.12704309968,5747.430212939083,54.69683016059753,37.95878930684296,132.25,48.05000000000018,84.19999999999982,132.25,,,No Signal
8,2022-07-15T00:00:00+05:30,5855.0,5928.25,5812.85,5915.2,569859,,5819.522882622806,5759.857604573224,59.6652780495815,42.30008705539067,115.39999999999964,97.39999999999964,18.0,115.39999999999964,,,No Signal
9,2022-07-18T00:00:00+05:30,5969.9,6068.1,5931.35,6059.8,966432,,5856.488592988528,5782.075559790022,74.41303319850522,48.72267628401358,136.75,152.90000000000055,16.150000000000546,152.90000000000055,,,No Signal
10,2022-07-19T00:00:00+05:30,6040.0,6098.15,6002.05,6065.95,978560,,5888.713424836446,5803.103296101873,85.61012873457366,56.1001667741256,96.09999999999945,38.349999999999454,57.75,96.09999999999945,,,No Signal
11,2022-07-20T00:00:00+05:30,6149.0,6149.6,6042.05,6074.4,827092,,5917.280590246224,5823.199348242475,94.08124200374914,63.696381820050306,107.55000000000018,83.65000000000055,23.899999999999636,107.55000000000018,,,No Signal
12,2022-07-21T00:00:00+05:30,6079.0,6283.15,6036.0,6266.9,1325493,,5971.0681917468055,5856.066063187477,115.00212855932841,73.95753116790593,247.14999999999964,208.75,38.399999999999636,247.14999999999964,,,No Signal
13,2022-07-22T00:00:00+05:30,6271.0,6325.0,6217.7,6258.25,953295,,6015.2500084011435,5885.8574659143305,129.392542486813,85.04453343168734,107.30000000000018,58.100000000000364,49.19999999999982,107.30000000000018,146.8678571428571,,No Signal
14,2022-07-25T00:00:00+05:30,6240.0,6334.0,6185.0,6227.0,724015,,6047.826930185583,5911.12728325401,136.69964693157272,95.37555613166442,149.0,75.75,73.25,149.0,148.3285714285714,,No Signal
15,2022-07-26T00:00:00+05:30,6300.0,6383.7,6212.5,6264.45,1530389,,6081.153556310877,5937.299336346306,143.8542199645717,105.07128889824588,171.19999999999982,156.69999999999982,14.5,171.19999999999982,139.63214285714275,,No Signal
16,2022-07-27T00:00:00+05:30,6279.0,6429.4,6195.0,6396.35,1444877,,6129.645316878435,5971.303089209542,158.34222766889252,115.72547665237522,234.39999999999964,164.94999999999982,69.44999999999982,234.39999999999964,144.16785714285703,,No Signal
17,2022-07-28T00:00:00+05:30,6522.0,7109.95,6522.0,7076.6,6485510,,6275.330652743291,6053.1769344532795,222.15371829001106,137.0111249799024,587.9499999999998,713.5999999999995,125.64999999999964,713.5999999999995,186.067857142857,,No Signal
18,2022-07-29T00:00:00+05:30,7175.0,7260.0,7125.0,7209.1,2606579,,6418.9874753981685,6138.800865234518,280.1866101636506,165.64622201665205,135.0,183.39999999999964,48.399999999999636,183.39999999999964,192.72857142857129,,No Signal
19,2022-08-01T00:00:00+05:30,7251.05,7310.0,7192.0,7261.0,1226900,6.4364781632490455,6548.52786379845,6221.926727068998,326.60113672945226,197.8372049592121,118.0,100.89999999999964,17.100000000000364,118.0,188.617857142857,1427278.6,No Signal
20,2022-08-02T00:00:00+05:30,7201.45,7356.0,7182.2,7341.9,1249115,7.022369947411497,6670.585115521766,6304.887710249072,365.6974052726937,231.40924502190842,173.80000000000018,95.0,78.80000000000018,173.80000000000018,193.00357142857132,1428311.7,No Signal
21,2022-08-03T00:00:00+05:30,7326.0,7376.4,7218.0,7296.35,1218605,7.616917204040955,6766.856636210725,6378.329361341734,388.5272748689913,262.832850991325,158.39999999999964,34.5,123.89999999999964,158.39999999999964,194.87142857142842,1378094.35,No Signal
22,2022-08-04T00:00:00+05:30,7338.95,7385.0,7205.0,7316.65,949466,7.977559984850584,6851.440230639844,6447.8345938349385,403.60563680490577,290.9874081540412,180.0,88.64999999999964,91.35000000000036,180.0,199.48571428571418,1358805.3,No Signal
23,2022-08-05T00:00:00+05:30,7339.95,7367.95,7276.05,7304.7,758059,8.227023705153321,6921.172502849099,6511.306105402721,409.86639744637796,314.7632060125086,91.89999999999964,51.30000000000018,40.599999999999454,91.89999999999964,195.12857142857123,1356544.15,No Signal
24,2022-08-08T00:00:00+05:30,7300.0,7398.0,7264.0,7342.2,957253,8.317914434162184,6985.945963949238,6572.853801298816,413.0921626504223,334.42899734009137,134.0,93.30000000000018,40.69999999999982,134.0,197.83571428571415,1366339.95,No Signal
25,2022-08-10T00:00:00+05:30,7369.0,7369.0,7105.0,7149.4,1906434,8.412944312967797,7011.092738726278,6615.560927128533,395.5318115977452,346.6495601916222,264.0,26.800000000000182,237.19999999999982,264.0,209.01071428571413,1412889.35,No Signal
26,2022-08-11T00:00:00+05:30,7244.0,7325.0,7217.35,7318.95,1026872,8.107333682328873,7058.45539430685,6667.663821415308,390.7915728915423,355.4779627316062,107.64999999999964,175.60000000000036,67.95000000000073,175.60000000000036,203.8999999999999,1419886.25,No Signal
27,2022-08-12T00:00:00+05:30,7302.0,7343.0,7272.05,7309.4,1036931,7.815086379322786,7097.062256721181,6715.199834643804,381.86242207737723,360.75485460076044,70.94999999999982,24.050000000000182,46.899999999999636,70.94999999999982,201.3035714285713,1437086.8,No Signal
28,2022-08-16T00:00:00+05:30,7339.0,7384.0,7272.1,7286.1,804281,7.473799687750731,7126.144986456385,6757.4887357813,368.65625067508427,362.3351338156252,111.89999999999964,74.60000000000036,37.29999999999927,111.89999999999964,198.65357142857127,1448807.9,No Signal
29,2022-08-17T00:00:00+05:30,7300.0,7638.0,7296.0,7527.1,2344317,7.073499803910697,7187.830373155402,6814.496977575278,373.3333955801245,364.5347861685251,342.0,351.89999999999964,9.899999999999636,351.89999999999964,211.5607142857141,1517702.15,No Signal
30,2022-08-18T00:00:00+05:30,7490.0,7588.8,7452.4,7488.25,835314,6.777412893277877,7234.04877728534,6864.404608865998,369.64416841934235,365.55666261868856,136.40000000000055,61.69999999999982,74.70000000000073,136.40000000000055,204.56071428571417,1510539.85,No Signal
31,2022-08-19T00:00:00+05:30,7510.0,7538.7,7271.0,7301.7,1100265,6.352413304468555,7244.45665770298,6896.796860061109,347.6597976418707,361.977289623325,267.6999999999998,50.44999999999982,217.25,267.6999999999998,172.7107142857142,1524198.5,No Signal
32,2022-08-22T00:00:00+05:30,7261.0,7279.8,7088.85,7102.2,1060590,5.997328027327752,7222.571018056367,6912.01190746399,310.5591105923777,351.69365381713556,190.94999999999982,21.899999999999636,212.84999999999945,212.84999999999945,174.81428571428563,1510953.35,No Signal
33,2022-08-23T00:00:00+05:30,7085.0,7250.0,7050.0,7207.7,1088452,5.255398148967081,7220.283169124618,6933.914729133324,286.3684399912945,338.62861105196737,200.0,147.80000000000018,52.19999999999982,200.0,180.6714285714285,1517711.2,No Signal
34,2022-08-24T00:00:00+05:30,7165.0,7236.4,7140.0,7176.9,953091,4.354642489382621,7213.608835413139,6951.913638086411,261.6951973267278,323.2419283069195,96.39999999999964,28.699999999999818,67.69999999999982,96.39999999999964,175.14285714285703,1529165.0,No Signal
35,2022-08-25T00:00:00+05:30,7212.8,7239.0,7025.1,7047.15,1354233,3.2531030207931364,7187.999783811118,6958.9681834133435,229.03160039777413,304.39986272509043,213.89999999999964,62.100000000000364,151.79999999999927,213.89999999999964,179.10714285714272,1520357.2,No Signal
36,2022-08-26T00:00:00+05:30,7120.0,7141.5,7025.7,7062.1,759041,1.8346742733421257,7168.630586301715,6966.607577234578,202.02300906713754,283.9244919934999,115.80000000000018,94.35000000000036,21.449999999999818,115.80000000000018,174.52142857142846,1486065.4,No Signal
37,2022-08-29T00:00:00+05:30,6881.0,7015.5,6861.35,6964.35,996730,2.0071823159422646,7137.202803793759,6966.440349291275,170.7624545024837,261.29208449529665,154.14999999999964,46.600000000000364,200.75,200.75,182.2964285714285,1211626.4,No Signal
38,2022-08-30T00:00:00+05:30,7000.0,7335.0,7000.0,7306.25,1731171,1.9155498051960616,7163.210064748565,6991.611434528959,171.5986302196061,243.35339364015854,335.0,370.64999999999964,35.649999999999636,370.64999999999964,199.19999999999987,1167856.0,Sell
39,2022-09-01T00:00:00+05:30,7228.6,7333.85,7142.0,7181.3,1462100,1.9623447384830313,7165.993131710325,7005.662439378666,160.3306923316586,226.74885337845856,191.85000000000036,27.600000000000364,164.25,191.85000000000036,194.0464285714285,1179616.0,Sell
40,2022-09-02T00:00:00+05:30,7217.1,7313.0,7173.45,7190.35,906336,1.9453517112914573,7169.740342216429,7019.342999424691,150.39734279173808,211.4785512611145,139.55000000000018,131.69999999999982,7.850000000000364,139.55000000000018,191.47142857142848,1162477.05,No Signal
41,2022-09-05T00:00:00+05:30,7190.7,7254.0,7158.0,7196.2,707015,1.9412426500083517,7173.811058798517,7032.443517985825,141.3675408126919,197.45634917143,96.0,63.649999999999636,32.350000000000364,96.0,193.2607142857142,1136897.55,Sell
42,2022-09-06T00:00:00+05:30,7228.75,7255.0,7105.0,7119.35,791797,1.978848362588897,7165.4324343679755,7038.8810351720595,126.55139919591602,183.2753591763272,150.0,58.80000000000018,91.19999999999982,150.0,195.9821428571428,1129014.1,Sell
43,2022-09-07T00:00:00+05:30,7078.0,7207.95,7070.0,7166.5,791994,1.9586313688549035,7165.596675234441,7048.334291825981,117.26238340845975,170.07276402275374,137.94999999999982,88.59999999999945,49.350000000000364,137.94999999999982,180.69999999999996,1130710.85,No Signal
44,2022-09-08T00:00:00+05:30,7220.0,7279.45,7175.0,7257.65,772195,1.898824824621084,7179.758725198373,7063.839159098131,115.91956610024226,159.24212443825147,104.44999999999982,112.94999999999982,8.5,112.94999999999982,179.0249999999999,1121457.95,No Signal
45,2022-09-09T00:00:00+05:30,7300.0,7324.0,7165.0,7180.9,649607,1.9101217433757873,7179.934305937085,7072.510332498269,107.42397343881566,148.8784942383643,159.0,66.35000000000036,92.64999999999964,159.0,171.2607142857142,1058616.6,No Signal
46,2022-09-12T00:00:00+05:30,7216.85,7319.9,7187.85,7286.9,834606,1.8680704383597795,7196.390566562149,7088.391048609508,107.99951795264042,140.70269898121956,132.04999999999927,139.0,6.950000000000728,139.0,165.98571428571424,1049003.3,No Signal
47,2022-09-13T00:00:00+05:30,7330.0,7444.0,7312.4,7403.45,1382672,1.9043644912927897,7228.245864014126,7111.728748712508,116.5171153016181,135.86558224529927,131.60000000000036,157.10000000000036,25.5,157.10000000000036,162.92142857142855,1066290.35,No Signal
48,2022-09-14T00:00:00+05:30,7272.15,7560.0,7272.15,7483.45,1493221,2.0329005526208968,7267.508038781183,7139.263656215285,128.24438256589838,134.3413423094191,287.85000000000036,156.55000000000018,131.30000000000018,287.85000000000036,176.5964285714286,1100737.35,No Signal
49,2022-09-15T00:00:00+05:30,7489.95,7532.85,7369.7,7386.3,717401,1.9035373379466425,7285.783725122539,7157.562644643782,128.22108047875736,133.11728994328678,163.15000000000055,49.400000000000546,113.75,163.15000000000055,172.97142857142867,1019391.55,No Signal
50,2022-09-16T00:00:00+05:30,7385.0,7480.15,7194.35,7274.1,1187020,1.7463817806775144,7283.986228949841,7166.195041336835,117.7911876130056,130.05206947723056,285.7999999999993,93.84999999999945,191.94999999999982,285.7999999999993,185.11428571428573,1036976.85,Sell
51,2022-09-19T00:00:00+05:30,7275.0,7524.45,7190.95,7496.1,1648116,1.8774537722700066,7316.619116803711,7190.632445682255,125.98667112145631,129.23898980607572,333.5,250.34999999999945,83.15000000000055,333.5,194.5964285714286,1064369.4,Sell
52,2022-09-20T00:00:00+05:30,7569.95,7715.0,7565.0,7635.4,1613066,2.158392933853222,7365.66232960314,7223.578190446532,142.08413915660822,131.80801967618223,150.0,218.89999999999964,68.89999999999964,218.89999999999964,183.7571428571429,1091993.2,Buy
53,2022-09-21T00:00:00+05:30,7640.0,7735.0,7586.05,7690.65,1239239,2.488071043094805,7415.660432741119,7258.176102265307,157.48433047581148,136.94328183610807,148.94999999999982,99.60000000000036,49.349999999999454,148.94999999999982,180.69285714285712,1099532.55,No Signal
54,2022-09-22T00:00:00+05:30,7670.0,7778.0,7600.0,7719.55,1281004,2.7698499833356123,7462.41267385787,7292.351946541951,170.06072731591848,143.56677093207017,178.0,87.35000000000036,90.64999999999964,178.0,183.4392857142857,1115928.2,Buy
55,2022-09-23T00:00:00+05:30,7714.8,7731.5,7475.0,7507.15,1412224,2.7922381586562164,7469.295339418198,7308.26291346477,161.03242595342817,147.0599019363418,256.5,11.949999999999818,244.55000000000018,256.5,194.9035714285714,1118827.75,Buy
56,2022-09-26T00:00:00+05:30,7437.0,7460.0,7129.0,7259.5,1875190,2.769325040737275,7437.01913335386,7304.650845800713,132.36828755314673,144.12157905970278,331.0,47.149999999999636,378.14999999999964,378.14999999999964,211.19999999999996,1174635.2,Sell
57,2022-09-27T00:00:00+05:30,7325.0,7379.95,7210.05,7242.85,1142824,2.524064743702025,7407.146958991728,7300.07300537103,107.07395362069747,136.71205397190172,169.89999999999964,120.44999999999982,49.44999999999982,169.89999999999964,213.4821428571428,1181939.9,Sell
58,2022-09-28T00:00:00+05:30,7179.0,7297.5,7160.1,7202.5,865939,2.576168076347475,7375.662811454539,7292.845375343547,82.81743611099228,125.93313039971984,137.39999999999964,54.649999999999636,82.75,137.39999999999964,215.22857142857134,1138678.3,Sell
59,2022-09-29T00:00:00+05:30,7312.5,7316.9,7088.05,7104.75,969581,2.6717593030444897,7333.98391738461,7278.912384577358,55.07153280725197,111.76081088122628,228.84999999999945,114.39999999999964,114.44999999999982,228.84999999999945,220.217857142857,1114052.35,Sell
60,2022-09-30T00:00:00+05:30,7081.0,7362.0,7026.8,7335.75,1618658,2.5428535334525377,7334.255622402363,7283.122578312369,51.133044089993746,99.63525752297977,335.1999999999998,257.25,77.94999999999982,335.1999999999998,234.23214285714272,1149668.45,Sell
61,2022-10-03T00:00:00+05:30,7337.0,7398.0,7144.6,7171.8,820162,2.6165690082620507,7309.262449725076,7274.876461400342,34.38598832473417,86.58540368333065,253.39999999999964,62.25,191.14999999999964,253.39999999999964,241.1107142857141,1155325.8,Sell
62,2022-10-04T00:00:00+05:30,7335.0,7505.0,7306.35,7488.7,1191457,2.433647972889793,7336.868226690449,7290.715242037354,46.15298465309479,78.49891987728348,198.64999999999964,333.1999999999998,134.55000000000018,333.1999999999998,244.34999999999977,1175308.8,Sell
63,2022-10-06T00:00:00+05:30,7550.0,7599.0,7346.9,7404.15,1510037,2.381046136724072,7347.219268738072,7299.117816701254,48.101452036818046,72.4194263091904,252.10000000000036,110.30000000000018,141.80000000000018,252.10000000000036,250.7035714285712,1211210.95,Sell
64,2022-10-07T00:00:00+05:30,7385.45,7407.75,7272.25,7345.15,991061,2.372497381751522,7346.900919701446,7302.527608056716,44.373311644729256,66.81020337629818,135.5,3.600000000000364,131.89999999999964,135.5,239.96785714285696,1222154.25,Sell
65,2022-10-10T00:00:00+05:30,7265.0,7338.0,7221.0,7293.4,653035,2.3200217300033876,7338.670008978146,7301.851488941404,36.818520036742484,60.81186670838704,117.0,7.149999999999636,124.14999999999964,124.14999999999964,225.0142857142855,1222325.65,Sell
66,2022-10-11T00:00:00+05:30,7307.0,7352.5,7172.6,7202.8,732135,2.3993777566851797,7317.766930673816,7294.514341612411,23.25258906140516,53.30001117899067,179.89999999999964,59.100000000000364,120.79999999999927,179.89999999999964,222.22857142857123,1217202.1,Sell
67,2022-10-12T00:00:00+05:30,7205.0,7258.5,7145.0,7226.2,740712,2.4383021528848676,7303.679710570152,7289.454020011492,14.225690558660062,45.48514705492455,113.5,55.69999999999982,57.80000000000018,113.5,219.69642857142838,1185104.1,Sell
68,2022-10-13T00:00:00+05:30,7220.5,7226.0,7114.7,7151.65,608582,2.5289171861407675,7280.2905243285895,7279.246314825456,1.0442095031339704,36.59695954456644,111.30000000000018,0.1999999999998181,111.5,111.5,214.94642857142838,1140872.15,Sell
69,2022-10-14T00:00:00+05:30,7300.0,7345.0,7221.0,7272.5,838984,2.4981052815983342,7279.091982124191,7278.746587801348,0.3453943228432763,29.34664650022181,124.0,193.35000000000036,69.35000000000036,193.35000000000036,210.4357142857141,1146951.3,No Signal
70,2022-10-17T00:00:00+05:30,7254.95,7372.3,7217.0,7355.2,617172,2.4576530085673993,7290.8009079512385,7284.409803519767,6.391104431471831,24.755538086471816,155.30000000000018,99.80000000000018,55.5,155.30000000000018,194.51785714285703,1118458.9,No Signal
71,2022-10-18T00:00:00+05:30,7400.0,7430.0,7321.0,7390.4,906911,2.4079214547917003,7306.12384518951,7292.260929184969,13.862916004540239,22.577013670085503,109.0,74.80000000000018,34.19999999999982,109.0,190.16785714285703,1081398.65,No Signal
72,2022-10-19T00:00:00+05:30,7417.0,7440.0,7350.0,7380.4,627167,2.2370291839249146,7317.550945929585,7298.789749245342,18.76119668424326,21.813850272917055,90.0,49.600000000000364,40.399999999999636,90.0,186.7821428571428,1032103.7,No Signal
73,2022-10-20T00:00:00+05:30,7369.95,7449.0,7261.0,7432.4,1025250,1.9491256044566574,7335.220031171188,7308.6868048567985,26.53322631438914,22.757725481211473,188.0,68.60000000000036,119.39999999999964,188.0,183.86428571428567,1021404.25,No Signal
74,2022-10-21T00:00:00+05:30,7490.0,7490.0,7153.05,7192.75,2385874,1.581930635968661,7313.301564837158,7300.098893385924,13.202671451233982,20.846714675215978,336.9499999999998,57.600000000000364,279.34999999999945,336.9499999999998,183.98928571428567,1076647.75,No Signal
75,2022-10-24T00:00:00+05:30,7310.0,7310.0,7190.0,7206.5,227653,1.4452311928557169,7296.870554862211,7293.165642024004,3.7049128382068375,17.418354307814152,120.0,117.25,2.75,120.0,174.46071428571426,1017419.2,No Signal
76,2022-10-25T00:00:00+05:30,7242.55,7242.55,7090.0,7102.9,909828,1.5715553988309938,7267.0289310372555,7279.071890762967,-12.042959725711626,11.526091501108997,152.55000000000018,36.05000000000018,116.5,152.55000000000018,161.55714285714288,969151.1,No Signal
77,2022-10-27T00:00:00+05:30,7186.0,7210.0,6931.0,6971.1,1641369,1.8745470912769024,7221.50140318537,7256.259158113859,-34.757754928488794,2.269322215189439,279.0,107.10000000000036,171.89999999999964,279.0,163.47857142857143,994078.35,No Signal
78,2022-10-28T00:00:00+05:30,7000.0,7090.0,6980.0,7006.85,839635,2.0287191978988472,7188.47811038762,7237.78440566098,-49.306295273359865,-8.045801282520422,110.0,118.89999999999964,8.899999999999636,118.89999999999964,162.29285714285712,992763.15,No Signal
79,2022-10-31T00:00:00+05:30,7094.0,7149.6,7046.0,7144.1,818973,1.9633990897063165,7181.650708789525,7230.8448200564635,-49.19411126693831,-16.275463279404,103.60000000000036,142.75,39.149999999999636,142.75,163.62142857142857,985232.75,No Signal
80,2022-11-01T00:00:00+05:30,7196.95,7236.0,7160.0,7209.5,762701,1.931047954730135,7185.935215129598,7229.263722274503,-43.328507144905416,-21.686072052504286,76.0,91.89999999999964,15.899999999999636,91.89999999999964,157.33571428571426,942434.9,No Signal
81,2022-11-02T00:00:00+05:30,7207.0,7240.0,7140.05,7156.2,585895,1.9522614477288542,7181.360566648122,7223.8515946986145,-42.49102805049279,-25.847063252101986,99.94999999999982,30.5,69.44999999999982,99.94999999999982,156.3678571428571,930721.55,No Signal
82,2022-11-03T00:00:00+05:30,7105.0,7195.0,7092.1,7121.6,632293,1.825581538203921,7172.166633317642,7216.2774024987175,-44.11076918107574,-29.49980443789674,102.89999999999964,38.80000000000018,64.09999999999945,102.89999999999964,155.75357142857138,902763.35,No Signal
83,2022-11-04T00:00:00+05:30,7121.6,7224.9,7121.6,7212.0,921915,1.7090263751734491,7178.2948435764665,7215.960557869183,-37.665714292716075,-31.132986408860607,103.29999999999927,103.29999999999927,0.0,103.29999999999927,149.32142857142844,873357.25,No Signal
84,2022-11-07T00:00:00+05:30,7248.1,7250.65,7111.0,7190.05,722394,1.664900117354357,7180.103329180087,7214.041257286281,-33.937928106193795,-31.693974748327246,139.64999999999964,38.649999999999636,101.0,139.64999999999964,148.20357142857125,859923.9,No Signal
85,2022-11-09T00:00:00+05:30,7235.0,7235.0,7114.65,7144.0,689494,1.6650153297095607,7174.5489708446885,7208.853016005815,-34.30404516112685,-32.21598883088717,120.35000000000036,44.94999999999982,75.40000000000055,120.35000000000036,149.01428571428556,861746.85,No Signal
86,2022-11-10T00:00:00+05:30,7158.0,7165.0,6964.55,6975.1,1008160,1.8558626396443112,7143.864513791659,7191.537977783162,-47.67346399150301,-35.30748386301034,200.44999999999982,21.0,179.44999999999982,200.44999999999982,156.90357142857127,875548.1,No Signal
87,2022-11-11T00:00:00+05:30,7149.0,7157.85,6995.0,7051.45,1233259,1.8843725349481057,7129.6468962852505,7181.161090539965,-51.51419425471431,-38.54882594135113,162.85000000000036,182.75,19.899999999999636,182.75,156.52857142857127,900175.45,No Signal
88,2022-11-14T00:00:00+05:30,7054.9,7107.0,7001.05,7025.8,854989,1.9550680838257464,7113.670450702904,7169.652861611078,-55.98241090817373,-42.03554293471566,105.94999999999982,55.55000000000018,50.399999999999636,105.94999999999982,140.02857142857127,912495.8,No Signal
89,2022-11-15T00:00:00+05:30,7035.15,7062.4,6981.0,7025.75,719521,1.984130459456911,7100.144227517842,7158.993390380628,-58.849162862785306,-45.39826692032959,81.39999999999964,36.599999999999454,44.80000000000018,81.39999999999964,137.2714285714284,906522.65,No Signal
90,2022-11-16T00:00:00+05:30,7011.0,7034.85,6852.6,6895.05,1336092,2.0912817969988384,7068.591269438174,7139.442028130211,-70.85075869203683,-50.48876527467104,182.25,9.100000000000364,173.14999999999964,182.25,139.39285714285694,942468.65,No Signal
91,2022-11-17T00:00:00+05:30,6870.0,6950.0,6832.0,6895.05,733881,2.055806944241679,7041.892612601532,7121.338914935381,-79.44630233384851,-56.280272686506535,118.0,54.94999999999982,63.05000000000018,118.0,127.89285714285695,933817.15,No Signal
92,2022-11-18T00:00:00+05:30,6909.9,6928.0,6750.0,6791.5,1327634,2.138846317230205,7003.370672201297,7096.906402717945,-93.53573051664807,-63.731364252534846,178.0,32.94999999999982,145.05000000000018,178.0,132.11428571428556,968840.5,No Signal
93,2022-11-21T00:00:00+05:30,6747.0,6747.0,6610.35,6679.1,1071735,2.2269320876709355,6953.48287647802,7065.957780294393,-112.47490381637272,-73.48007216530242,136.64999999999964,44.5,181.14999999999964,181.14999999999964,134.85714285714266,971164.75,No Signal
94,2022-11-22T00:00:00+05:30,6680.25,6727.75,6660.3,6685.05,958745,2.4748776855915393,6912.1855108660175,7037.742389161475,-125.55687829545786,-83.89543339133351,67.44999999999982,48.649999999999636,18.800000000000182,67.44999999999982,133.1107142857141,899808.3,No Signal
95,2022-11-23T00:00:00+05:30,6718.5,6805.0,6690.0,6780.05,893663,2.4808722474800087,6891.856970732784,7018.654064038403,-126.79709330561855,-92.47576537419053,115.0,119.94999999999982,4.949999999999818,119.94999999999982,134.53928571428554,933108.8,No Signal
96,2022-11-24T00:00:00+05:30,6813.95,6839.85,6737.3,6771.35,754610,2.570936108273895,6873.317436773895,7000.335244480003,-127.01780770610821,-99.38417384057408,102.55000000000018,59.80000000000018,42.75,102.55000000000018,134.51428571428556,925347.9,No Signal
97,2022-11-25T00:00:00+05:30,6770.0,6778.0,6675.0,6747.5,859041,2.6991428226496526,6853.960908039449,6981.6067078518545,-127.64579981240513,-105.03649903494029,103.0,6.649999999999636,96.35000000000036,103.0,134.49285714285705,886231.5,No Signal
98,2022-11-28T00:00:00+05:30,6729.0,6832.8,6728.55,6777.45,604054,2.761950587906253,6842.189999110304,6966.483988751717,-124.29398964141365,-108.88799715623497,104.25,85.30000000000018,18.949999999999818,104.25,131.96428571428564,874452.45,No Signal
99,2022-11-29T00:00:00+05:30,6775.0,6808.9,6721.0,6734.15,681776,2.804433487289527,6825.568460785641,6949.274063658998,-123.70560287335684,-111.85151829965936,87.89999999999964,31.449999999999818,56.44999999999982,87.89999999999964,129.64642857142846,867592.6,No Signal
100,2022-11-30T00:00:00+05:30,6735.0,6754.2,6678.0,6720.95,1482831,2.7400870088308134,6809.4733129724655,6932.361170054628,-122.88785708216255,-114.05878605616,76.19999999999982,20.050000000000182,56.149999999999636,76.19999999999982,120.77142857142846,903599.1,No Signal
101,2022-12-01T00:00:00+05:30,6754.6,6770.0,6707.0,6747.75,981611,2.6533673878810853,6799.977418669009,6918.6862685691,-118.70884990009108,-114.98879882494623,63.0,49.05000000000018,13.949999999999818,63.0,112.21785714285703,923384.9,No Signal
102,2022-12-02T00:00:00+05:30,6730.2,6741.95,6647.0,6675.75,1438447,2.6597345789651543,6780.865508104546,6900.690989415833,-119.82548131128715,-115.95613532221442,94.94999999999982,5.800000000000182,100.75,100.75,111.84642857142846,963692.6,No Signal
103,2022-12-05T00:00:00+05:30,6674.55,6699.0,6632.0,6660.45,1029076,2.4781546839676345,6762.340045319232,6882.895360570216,-120.55531525098468,-116.87597130796848,67.0,23.25,43.75,67.0,110.81785714285706,969050.65,No Signal
104,2022-12-06T00:00:00+05:30,6674.4,6735.0,6632.0,6698.55,840980,2.197092785033998,6752.526192193196,6869.240148676126,-116.71395648293037,-116.84356834296086,103.0,74.55000000000018,28.449999999999818,103.0,105.15714285714277,974979.95,No Signal
105,2022-12-07T00:00:00+05:30,6724.95,6724.95,6601.0,6625.2,960925,2.005114179474287,6732.937547240396,6851.163100626043,-118.22555338564689,-117.11996535149808,123.94999999999982,26.399999999999636,97.55000000000018,123.94999999999982,105.58214285714277,988551.5,No Signal
106,2022-12-08T00:00:00+05:30,6680.0,6680.0,6560.0,6581.95,1137739,2.041341266573204,6709.708693818797,6831.221389468558,-121.51269564976155,-117.99851141115079,120.0,54.80000000000018,65.19999999999982,120.0,101.43928571428562,995030.45,No Signal
107,2022-12-09T00:00:00+05:30,6602.5,6618.0,6490.0,6517.45,1131244,1.9986152227843001,6680.130433231289,6807.979064322739,-127.84863109144953,-119.96853534721055,128.0,36.05000000000018,91.94999999999982,128.0,97.64285714285708,989929.7,No Signal
108,2022-12-12T00:00:00+05:30,6508.1,6539.0,6392.0,6506.5,1100007,1.9117792020977873,6653.418058888014,6785.647281780314,-132.22922289230064,-122.42067285622858,147.0,21.550000000000182,125.44999999999982,147.0,103.32499999999995,1002180.6,No Signal
109,2022-12-13T00:00:00+05:30,6507.0,6648.0,6507.0,6620.1,958514,1.5766099846652042,6648.292203674473,6773.384520166957,-125.09231649248431,-122.95500158347973,141.0,141.5,0.5,141.5,104.86428571428567,1014130.25,No Signal
110,2022-12-14T00:00:00+05:30,6658.0,6688.55,6626.6,6655.2,678283,1.4243402564821162,6649.3549415707075,6764.630111265701,-115.27516969499356,-121.4190352057825,61.94999999999982,68.44999999999982,6.5,68.44999999999982,102.42857142857136,981239.8,No Signal
111,2022-12-15T00:00:00+05:30,6632.0,6714.0,6604.0,6625.4,857616,1.2539235879849053,6645.669565944445,6754.316769690464,-108.64720374601893,-118.8646689138298,110.0,58.80000000000018,51.19999999999982,110.0,102.92857142857136,987426.55,No Signal
112,2022-12-16T00:00:00+05:30,6590.0,6695.3,6560.0,6596.9,880202,1.2233277457975438,6638.1665557991455,6742.656268231911,-104.48971243276537,-115.98967761761692,135.30000000000018,69.90000000000055,65.39999999999964,135.30000000000018,105.14642857142852,965054.95,No Signal
113,2022-12-19T00:00:00+05:30,6600.1,6705.0,6597.0,6687.0,659482,1.2078084185338458,6645.679393368508,6738.533581696213,-92.85418832770574,-111.36257975963468,108.0,108.10000000000036,0.1000000000003638,108.10000000000036,106.58928571428571,944442.3,No Signal
114,2022-12-20T00:00:00+05:30,6660.0,6698.85,6585.0,6642.85,607714,1.2182055799252953,6645.244102081045,6731.445908977976,-86.20180689693098,-106.33042518709395,113.85000000000036,11.850000000000364,102.0,113.85000000000036,109.27857142857147,926890.75,No Signal
115,2022-12-21T00:00:00+05:30,6693.9,6693.9,6505.0,6526.7,622222,1.2621944918590569,6627.00654791473,6716.2795453499775,-89.27299743524782,-102.91893963672473,188.89999999999964,51.04999999999927,137.85000000000036,188.89999999999964,118.27142857142859,913318.7,Buy
116,2022-12-22T00:00:00+05:30,6570.0,6575.0,6407.0,6490.65,849551,1.317841219302898,6606.02861746631,6699.566245694424,-93.53762822811404,-101.0426773550026,168.0,48.30000000000018,119.69999999999982,168.0,123.07500000000002,918065.75,Buy
117,2022-12-23T00:00:00+05:30,6450.0,6466.0,6340.05,6374.6,994261,1.578500901271957,6570.424214779186,6675.494671939281,-105.07045716009543,-101.84823331602117,125.94999999999982,24.649999999999636,150.59999999999945,150.59999999999945,129.04642857142855,924826.75,Sell
118,2022-12-26T00:00:00+05:30,6374.65,6469.9,6300.0,6433.7,530502,1.5892528762135396,6549.3897201977725,6657.5839554993345,-108.194235301562,-103.11743371312934,169.89999999999964,95.29999999999927,74.60000000000036,169.89999999999964,133.82499999999996,921149.15,Sell
119,2022-12-27T00:00:00+05:30,6466.0,6530.0,6430.0,6504.7,780985,1.5368874133058308,6542.5143786288845,6646.259218054939,-103.74483942605457,-103.2429148557144,100.0,96.30000000000018,3.699999999999818,100.0,132.11428571428567,926109.6,Sell
120,2022-12-28T00:00:00+05:30,6475.0,6570.0,6464.05,6476.1,755934,1.5235816109381188,6532.296781916749,6633.654831532351,-101.35804961560189,-102.86594180769191,105.94999999999982,65.30000000000018,40.649999999999636,105.94999999999982,131.11071428571424,889764.75,Buy
121,2022-12-29T00:00:00+05:30,6440.0,6520.5,6402.4,6510.9,521880,1.4091151129286228,6529.004969314172,6624.561881048473,-95.55691173430114,-101.40413579301377,118.10000000000036,44.399999999999636,73.70000000000073,118.10000000000036,130.4035714285714,866778.2,Buy
122,2022-12-30T00:00:00+05:30,6550.0,6719.9,6515.0,6575.2,1520266,1.343985792760801,6536.111897111991,6620.905445415253,-84.79354830326156,-98.08201829506334,204.89999999999964,209.0,4.100000000000364,209.0,134.83214285714283,870869.15,Buy
123,2023-01-02T00:00:00+05:30,6565.0,6610.0,6484.75,6553.75,579340,1.3047594971057603,6538.825451402454,6615.930967977086,-77.10551657463202,-93.88671795097707,125.25,34.80000000000018,90.44999999999982,125.25,133.67142857142855,848382.35,Buy
124,2023-01-03T00:00:00+05:30,6565.0,6660.0,6530.0,6606.25,742081,1.2103659004682947,6549.198458878999,6615.2138592380425,-66.01540035904327,-88.31245443259031,130.0,106.25,23.75,130.0,138.06785714285712,843437.4,Buy
125,2023-01-04T00:00:00+05:30,6595.0,6638.0,6550.0,6571.0,671253,1.1927862188607896,6552.552542128384,6611.938758553743,-59.386216425359635,-82.52720683114418,88.0,31.75,56.25,88.0,136.49642857142857,828953.8,Buy
126,2023-01-05T00:00:00+05:30,6490.0,6490.0,6025.05,6100.05,5102300,2.091550961176313,6482.936766416325,6574.021072734948,-91.08430631862302,-84.23862672863996,464.9499999999998,81.0,545.9499999999998,545.9499999999998,165.8285714285714,1027181.85,Sell
127,2023-01-06T00:00:00+05:30,6130.0,6139.95,5941.6,5980.4,2931922,2.9600952813762063,6405.62341773689,6530.049141421247,-124.42572368435776,-92.27604611978352,198.34999999999945,39.899999999999636,158.44999999999982,198.34999999999945,172.2749999999999,1117215.75,Sell
128,2023-01-09T00:00:00+05:30,6020.0,6078.0,5955.0,5993.35,1400548,3.510058674412074,6342.19673808506,6490.293649464118,-148.09691137905793,-103.4402191716384,123.0,97.60000000000036,25.399999999999636,123.0,172.9285714285713,1132242.8,Sell
129,2023-01-10T00:00:00+05:30,5999.0,6015.0,5875.0,5904.15,1120375,4.115541931611234,6274.80493222582,6446.875601355665,-172.07066912984465,-117.16630916327966,140.0,21.649999999999636,118.35000000000036,140.0,169.43571428571417,1140335.85,Sell
130,2023-01-11T00:00:00+05:30,5930.0,5949.0,5865.55,5895.75,1108891,4.510356727987676,6216.488788806463,6406.051482736727,-189.56269393026378,-131.6455861166765,83.44999999999982,44.850000000000364,38.599999999999454,83.44999999999982,163.39642857142846,1161866.25,Sell
131,2023-01-12T00:00:00+05:30,5906.55,5964.9,5857.0,5898.4,1476949,4.7976280103279985,6167.552052067007,6368.447669200673,-200.89561713366584,-145.49559232007437,107.89999999999964,69.14999999999964,38.75,107.89999999999964,160.34642857142848,1192832.9,Sell
132,2023-01-13T00:00:00+05:30,5920.0,5985.0,5872.0,5977.8,1108490,4.854287956271773,6138.359428672083,6339.510804815438,-201.15137614335526,-156.62674908473056,113.0,86.60000000000036,26.399999999999636,113.0,156.2821428571428,1204247.3,Sell
133,2023-01-16T00:00:00+05:30,6000.0,6072.2,5974.55,6010.9,908339,4.764540241338123,6118.750285799454,6315.169263717999,-196.41897791854444,-164.58519485149336,97.64999999999964,94.39999999999964,3.25,97.64999999999964,156.11428571428561,1216690.15,Sell
134,2023-01-17T00:00:00+05:30,6019.95,6019.95,5940.0,5984.95,817005,4.726276611357965,6098.165626445692,6290.708577516665,-192.54295107097278,-170.17674609538923,79.94999999999982,9.050000000000182,70.89999999999964,79.94999999999982,154.25714285714275,1227154.7,Sell
135,2023-01-18T00:00:00+05:30,6003.95,6049.0,5985.0,5998.65,796281,4.703327942098774,6082.855530069432,6269.074608811727,-186.2190787422951,-173.38521262477042,64.0,64.05000000000018,0.0500000000001819,64.05000000000018,150.39642857142846,1235857.65,Sell
136,2023-01-19T00:00:00+05:30,5983.0,6029.65,5960.65,6012.45,548142,4.660609895503075,6072.02391005875,6250.065378529376,-178.04146847062657,-174.31646379394167,69.0,31.0,38.0,69.0,140.39642857142846,1220787.2,No Signal
137,2023-01-20T00:00:00+05:30,6012.5,6019.75,5837.2,5860.4,833090,4.924095814089702,6039.466385434326,6221.201276416089,-181.73489098176287,-175.8001492315059,182.55000000000018,7.300000000000182,175.25,182.55000000000018,144.48928571428561,1212728.65,No Signal
138,2023-01-23T00:00:00+05:30,5881.0,5935.0,5841.0,5863.0,856064,4.974579794850725,6012.317710752122,6194.667848533416,-182.3501377812936,-177.11014694146346,94.0,74.60000000000036,19.399999999999636,94.0,141.91785714285703,1229006.75,No Signal
139,2023-01-24T00:00:00+05:30,5892.35,5921.0,5842.65,5855.05,608145,4.916421277511171,5988.122678328719,6169.510970864274,-181.38829253555468,-177.9657760602817,78.35000000000036,58.0,20.350000000000364,78.35000000000036,141.22857142857134,1220364.75,No Signal
140,2023-01-25T00:00:00+05:30,5850.05,5855.05,5777.0,5795.9,827837,4.920072226988774,5958.54995858584,6141.836084133587,-183.28612554774736,-179.02984595777485,78.05000000000018,0.0,78.05000000000018,78.05000000000018,107.80714285714281,1223959.9,No Signal
141,2023-01-27T00:00:00+05:30,5815.0,5861.55,5680.0,5760.7,1621352,4.8108360012294975,5928.111503418788,6113.603781605173,-185.4922781863852,-180.32233240349694,181.55000000000018,65.65000000000055,115.89999999999964,181.55000000000018,106.60714285714286,1278933.5,No Signal
142,2023-01-30T00:00:00+05:30,5770.05,6066.2,5770.05,6021.8,2448160,4.13829834410455,5942.5251182774355,6106.803501486272,-164.2783832088362,-177.1135425645648,296.14999999999964,305.5,9.350000000000364,305.5,119.64285714285714,1325328.2,No Signal
143,2023-01-31T00:00:00+05:30,6050.0,6050.0,5874.0,5886.4,1996788,3.7116024937426535,5933.890484696291,6090.4773161909925,-156.58683149470107,-173.00820035059206,176.0,28.199999999999818,147.80000000000018,176.0,122.21428571428571,1396200.6,No Signal
144,2023-02-01T00:00:00+05:30,5944.0,5980.4,5708.9,5817.2,2634866,2.897767929287993,5915.938102435323,6070.234552028697,-154.29644959337384,-169.26585019914842,271.5,94.0,177.5,271.5,135.64642857142857,1490839.85,No Signal
145,2023-02-02T00:00:00+05:30,5819.0,5819.0,5645.0,5717.65,2025044,1.7392695479885627,5885.4322405221965,6044.117177804349,-158.68493728215253,-167.14966761574925,174.0,1.800000000000182,172.19999999999982,174.0,140.3678571428572,1558529.4,No Signal
146,2023-02-03T00:00:00+05:30,5770.0,6030.0,5747.05,6014.25,1486892,1.5421155701259217,5905.250357364936,6041.904794263286,-136.65443689835047,-161.0506214722695,282.9499999999998,312.35000000000036,29.400000000000546,312.35000000000036,154.60714285714292,1377759.0,Buy
147,2023-02-06T00:00:00+05:30,6004.95,6124.0,5955.6,6104.2,1073327,1.6588643195676382,5935.857994693407,6046.519253947487,-110.6612592540805,-150.9727490286317,168.39999999999964,109.75,58.649999999999636,168.39999999999964,159.66071428571436,1284829.25,Buy
148,2023-02-07T00:00:00+05:30,6122.95,6182.0,6100.0,6160.55,1472193,1.8483630122225443,5970.425995509806,6054.965975877303,-84.53998036749726,-137.68619529640483,82.0,77.80000000000018,4.199999999999818,82.0,159.80714285714294,1288411.5,Buy
149,2023-02-08T00:00:00+05:30,6165.0,6377.0,6162.8,6351.65,1903208,2.330014252096806,6029.075842354451,6076.942570256762,-47.86672790231114,-119.7223018175861,214.19999999999982,216.44999999999982,2.25,216.44999999999982,170.6928571428572,1327553.15,Buy
150,2023-02-09T00:00:00+05:30,6374.9,6487.8,6335.25,6455.0,1838154,2.872607159139902,6094.6026358383815,6104.946824311817,-10.344188473435679,-97.84667914875602,152.55000000000018,136.15000000000055,16.399999999999636,152.55000000000018,176.66071428571436,1364016.3,Buy
151,2023-02-10T00:00:00+05:30,6453.95,6527.6,6420.0,6435.5,1291282,3.272150357289306,6147.048384170938,6129.432244733164,17.61613943777411,-74.75411543145,107.60000000000036,72.60000000000036,35.0,107.60000000000036,171.30714285714294,1354732.95,Buy
152,2023-02-13T00:00:00+05:30,6434.95,6473.15,6297.05,6345.5,736557,3.5267511068688293,6177.579401990794,6145.437263641818,32.142138348976005,-53.374864675364805,176.09999999999945,37.649999999999636,138.44999999999982,176.09999999999945,177.1714285714286,1336136.3,Buy
153,2023-02-14T00:00:00+05:30,6353.8,6472.35,6310.0,6458.7,1034090,3.778529200963515,6220.828724761442,6168.641910779462,52.18681398197987,-32.26252894389587,162.35000000000036,126.85000000000036,35.5,162.35000000000036,183.1714285714286,1342423.85,Buy
154,2023-02-15T00:00:00+05:30,6450.0,6496.0,6397.3,6489.95,618979,4.0509210306714944,6262.231997875066,6192.442509980983,69.78948789408241,-11.852125576300216,98.69999999999982,37.30000000000018,61.399999999999636,98.69999999999982,184.64642857142857,1332522.55,Buy
155,2023-02-16T00:00:00+05:30,6505.0,6524.75,6420.0,6437.3,529048,4.266569811477905,6289.165536663517,6210.580101834244,78.58543482927325,6.235386504814478,104.75,34.80000000000018,69.94999999999982,104.75,179.16071428571428,1319160.9,Buy
156,2023-02-17T00:00:00+05:30,6410.0,6475.8,6367.5,6416.7,616044,4.413774238126909,6308.786223330668,6225.848242439114,82.9379808915537,21.575905382162325,108.30000000000018,38.5,69.80000000000018,108.30000000000018,165.07500000000002,1322556.0,Buy
157,2023-02-20T00:00:00+05:30,6425.0,6443.55,6343.0,6367.4,465732,4.431426350049145,6317.803727433642,6236.333557813994,81.470169619648,33.55475822965946,100.55000000000018,26.850000000000364,73.69999999999982,100.55000000000018,159.6857142857143,1304188.1,Buy
158,2023-02-21T00:00:00+05:30,6395.0,6408.25,6352.0,6379.25,448509,4.378436205328804,6327.257000136159,6246.919960938883,80.33703919727577,42.91121442318273,56.25,40.850000000000364,15.399999999999636,56.25,144.3107142857143,1283810.35,No Signal
159,2023-02-22T00:00:00+05:30,6331.0,6379.25,6185.0,6198.65,934700,4.351619866432383,6307.471307807519,6243.344408276744,64.12689953077552,47.15435144470129,194.25,0.0,194.25,194.25,145.7571428571429,1300138.1,No Signal
160,2023-02-23T00:00:00+05:30,6214.0,6262.45,6122.65,6202.35,809768,4.096515336002306,6291.298798914055,6240.30778544143,50.99101347262513,47.92168385028606,139.80000000000018,63.80000000000018,76.0,139.80000000000018,133.43214285714288,1299234.65,No Signal
161,2023-02-24T00:00:00+05:30,6253.75,6286.0,6200.0,6236.25,607761,3.720111994095606,6282.829752927277,6240.007208742064,42.82254418521279,46.901855917271405,86.0,83.64999999999964,2.350000000000364,86.0,127.5464285714286,1248555.1,No Signal
162,2023-02-27T00:00:00+05:30,6215.0,6241.0,6135.0,6194.5,595004,3.667868404317613,6269.240560169234,6236.6363043908,32.60425577843398,44.042335889503924,106.0,4.75,101.25,106.0,129.26071428571433,1155897.3,No Signal
163,2023-02-28T00:00:00+05:30,6220.0,6246.6,6090.0,6112.1,977852,3.5061611406244775,6245.065089373968,6227.411392954445,17.65369641952293,38.764607995507724,156.60000000000036,52.100000000000364,104.5,156.60000000000036,124.98571428571437,1104950.5,No Signal
164,2023-03-01T00:00:00+05:30,6100.1,6203.95,6100.1,6154.85,544804,3.101052304726569,6231.185844854896,6222.036474957819,9.149369897076213,32.84156037582142,103.84999999999945,91.84999999999945,12.0,103.84999999999945,121.50714285714288,1000447.4,No Signal
165,2023-03-02T00:00:00+05:30,6165.2,6209.6,6070.05,6083.0,582298,2.4484989113980107,6208.388022569527,6211.737476812796,-3.349454243269065,25.603357452003326,139.55000000000018,54.75,84.80000000000018,139.55000000000018,123.78928571428573,928310.1,No Signal
166,2023-03-03T00:00:00+05:30,6121.8,6141.0,6073.0,6100.05,712031,2.3272018401709933,6191.720634481907,6203.464330382219,-11.74369590031165,18.13394678154033,68.0,58.0,10.0,68.0,116.06785714285719,889567.05,No Signal
167,2023-03-06T00:00:00+05:30,6140.0,6183.0,6120.05,6137.5,608223,2.2797418501317295,6183.3789984077675,6198.578083687239,-15.199085279471547,11.467340369337956,62.94999999999982,82.94999999999982,20.0,82.94999999999982,110.39642857142859,866311.85,No Signal
168,2023-03-08T00:00:00+05:30,6129.0,6129.0,5985.0,5996.85,1342637,2.533136244311187,6154.682229421957,6183.63526267337,-28.953033251412307,3.3832656451879033,144.0,8.5,152.5,152.5,114.23928571428574,859834.05,No Signal
169,2023-03-09T00:00:00+05:30,6000.0,6040.0,5890.1,5901.3,940824,2.9207650686130826,6115.700347972425,6162.721539512379,-47.02119153995409,-6.697625791840495,149.89999999999964,43.149999999999636,106.75,149.89999999999964,117.46428571428571,811714.85,No Signal
170,2023-03-10T00:00:00+05:30,5865.0,5887.4,5781.0,5874.15,770831,3.155514908525962,6078.538755976668,6141.3458699188695,-62.807113942201795,-17.919523421912757,106.39999999999964,13.900000000000546,120.30000000000018,120.30000000000018,118.32142857142857,758348.7,No Signal
171,2023-03-13T00:00:00+05:30,5869.0,5947.5,5811.0,5833.55,793344,3.3942756667751444,6040.848178134103,6118.546175850805,-77.69799771670205,-29.875218280870616,136.5,73.35000000000036,63.149999999999636,136.5,120.8892857142857,733451.8,No Signal
172,2023-03-14T00:00:00+05:30,5840.0,5850.0,5716.15,5731.55,1372525,3.838064296520147,5993.263843036549,6089.87979245445,-96.61594941790099,-43.223364508276696,133.85000000000036,16.449999999999818,117.40000000000055,133.85000000000036,126.43214285714286,765250.2,No Signal
173,2023-03-15T00:00:00+05:30,5800.0,5820.0,5701.0,5718.75,679455,4.022419987984684,5951.030944107849,6062.388696717083,-111.35775260923401,-56.85024212846816,119.0,88.44999999999982,30.550000000000182,119.0,121.05714285714286,747518.45,No Signal
174,2023-03-16T00:00:00+05:30,5729.7,5755.0,5665.0,5715.1,884963,4.044805047241841,5914.733875783564,6036.663608071373,-121.9297322878092,-69.86614016033637,90.0,36.25,53.75,90.0,117.5,760817.65,No Signal
175,2023-03-17T00:00:00+05:30,5740.05,5816.75,5688.1,5732.35,1047102,3.996375389346641,5886.674817970708,6014.121859325346,-127.4470413546378,-81.38232039919666,128.64999999999964,101.64999999999964,27.0,128.64999999999964,120.54642857142855,786720.35,No Signal
176,2023-03-20T00:00:00+05:30,5739.0,5740.45,5485.7,5550.8,1712754,4.2988111013046435,5835.001769052138,5979.801721597542,-144.79995254540427,-94.06584682843818,254.75,8.099999999999454,246.65000000000055,254.75,131.17142857142855,841555.85,Sell
177,2023-03-21T00:00:00+05:30,5601.8,5715.0,5586.15,5710.1,1130006,4.065195497312978,5815.786112274886,5959.823816294021,-144.03770401913425,-104.06021826657741,128.85000000000036,164.19999999999982,35.349999999999454,164.19999999999982,131.71428571428564,874769.55,Sell
178,2023-03-22T00:00:00+05:30,5749.8,5857.0,5735.0,5834.2,1242482,3.665150261449409,5818.61901807875,5950.51834842039,-131.89933034164005,-109.62804068158995,122.0,146.89999999999964,24.899999999999636,146.89999999999964,134.78928571428565,914468.2,Sell
179,2023-03-23T00:00:00+05:30,5809.5,5900.0,5772.5,5833.05,1054325,3.5497299146589847,5820.839169143557,5941.816989278139,-120.97782013458163,-111.89799657218829,127.5,65.80000000000018,61.69999999999982,127.5,133.92857142857136,920449.45,Sell
180,2023-03-24T00:00:00+05:30,5803.9,5829.75,5627.2,5649.25,1277894,3.6477340831348,5794.440835429164,5920.1453604427215,-125.70452501355794,-114.65930226046223,202.55000000000018,3.300000000000182,205.85000000000036,205.85000000000036,143.77499999999995,943855.75,Sell
181,2023-03-27T00:00:00+05:30,5698.0,5725.0,5584.55,5593.05,1118703,3.607909816038599,5763.457629978523,5895.916074484002,-132.45844450547884,-118.21913070946556,140.44999999999982,75.75,64.69999999999982,140.44999999999982,147.8821428571428,969402.85,Sell
182,2023-03-28T00:00:00+05:30,5621.05,5624.4,5522.7,5534.45,948093,3.620596623763449,5728.225686904904,5869.140809707409,-140.9151228025048,-122.75832912807341,101.69999999999982,31.349999999999454,70.35000000000036,101.69999999999982,144.25357142857138,987057.3,Sell
183,2023-03-29T00:00:00+05:30,5562.15,5646.0,5555.0,5625.2,1109224,3.467668082440352,5712.375581227227,5851.071120099453,-138.69553887222628,-125.945771076904,91.0,111.55000000000018,20.550000000000182,111.55000000000018,141.5142857142857,993625.9,Sell
184,2023-03-31T00:00:00+05:30,5694.0,5694.0,5586.2,5619.4,1266919,3.245209197088422,5698.071645653807,5833.910296388382,-135.83865073457582,-127.92434700843836,107.80000000000018,68.80000000000018,39.0,107.80000000000018,140.62142857142857,1029731.65,Sell
185,2023-04-03T00:00:00+05:30,5655.0,5734.0,5632.2,5715.05,745350,2.960447711531053,5700.683700168605,5825.105829989243,-124.42212982063756,-127.2239035708782,101.80000000000018,114.60000000000036,12.800000000000182,114.60000000000036,139.05714285714288,1037884.25,Buy
186,2023-04-05T00:00:00+05:30,5832.0,5947.05,5743.15,5761.3,2433137,2.609616383678544,5710.009284758051,5820.379472212262,-110.37018745421119,-123.85316034754482,203.90000000000055,232.0,28.099999999999454,232.0,146.06785714285712,1123939.55,Buy
187,2023-04-06T00:00:00+05:30,5761.0,5959.0,5705.55,5932.2,1740250,2.15943586834689,5744.192471718351,5828.662474270613,-84.47000255226158,-115.97652878848817,253.44999999999982,197.69999999999982,55.75,253.44999999999982,155.67142857142855,1180540.9,Buy
188,2023-04-10T00:00:00+05:30,5944.95,5969.9,5811.0,5828.8,928226,1.981013523719475,5757.209014530912,5828.672661361678,-71.46364683076627,-107.0739523969438,158.89999999999964,37.69999999999982,121.19999999999982,158.89999999999964,160.5928571428571,1159820.35,Buy
189,2023-04-11T00:00:00+05:30,5858.0,5880.0,5811.15,5837.75,811522,1.909079108302208,5769.59993537231,5829.345056816369,-59.745121444058896,-97.60818620636682,68.85000000000036,51.19999999999982,17.650000000000546,68.85000000000036,156.32142857142858,1153355.25,Buy
190,2023-04-12T00:00:00+05:30,5837.0,5876.75,5786.0,5856.95,1023056,1.8840783403727954,5783.038406853493,5831.389867422564,-48.351460569070696,-87.7568410789076,90.75,39.0,51.75,90.75,144.60714285714286,1165966.5,Buy
191,2023-04-13T00:00:00+05:30,5856.95,5937.0,5850.4,5904.45,832977,1.9455744234315353,5801.717113491417,5836.8017290949665,-35.08461560354954,-77.222395983836,86.60000000000036,80.05000000000018,6.550000000000182,86.60000000000036,139.06428571428575,1167948.15,Buy
192,2023-04-17T00:00:00+05:30,5998.0,5998.0,5900.0,5967.0,672374,2.113398082535338,5827.145249877352,5846.446045458302,-19.300795580949853,-65.63807590325877,98.0,93.55000000000018,4.449999999999818,98.0,135.57142857142864,1132940.6,No Signal
193,2023-04-18T00:00:00+05:30,5975.0,5994.0,5870.25,5915.65,640630,2.2219597631373715,5840.761365280837,5851.572264313243,-10.810899032406269,-54.67264052908827,123.75,27.0,96.75,123.75,135.3035714285715,1130999.35,No Signal
194,2023-04-19T00:00:00+05:30,5915.65,5960.0,5880.0,5947.75,554887,2.316718946232995,5857.221155237631,5858.69654103078,-1.4753857931491439,-44.033189581900444,80.0,44.350000000000364,35.649999999999636,80.0,126.31428571428576,1114495.55,No Signal
195,2023-04-20T00:00:00+05:30,5960.0,5965.95,5886.15,5912.7,436719,2.3886531081895925,5865.75636212415,5862.696797250723,3.059564873427007,-34.61463869083496,79.80000000000018,18.199999999999818,61.600000000000364,79.80000000000018,121.98214285714292,1083976.4,No Signal
196,2023-04-21T00:00:00+05:30,5913.0,5945.0,5828.0,5937.9,643101,2.274746104625664,5876.855383335819,5868.26740486178,8.587978474039119,-25.974115257860145,117.0,32.30000000000018,84.69999999999982,117.0,123.07500000000007,1030493.75,No Signal
197,2023-04-24T00:00:00+05:30,5940.0,5964.7,5877.0,5933.75,544892,2.30628241042047,5885.608401284155,5873.117967464611,12.490433819543796,-18.28120544237936,87.69999999999982,26.800000000000182,60.899999999999636,87.69999999999982,121.37142857142862,1001238.05,No Signal
198,2023-04-25T00:00:00+05:30,5959.9,6092.7,5928.7,6075.25,1494475,2.4593182131391567,5914.784031855823,5888.090710615381,26.693321240441946,-9.2863001058151,164.0,158.94999999999982,5.050000000000182,164.0,125.38571428571433,1013837.7,No Signal
199,2023-04-26T00:00:00+05:30,6100.0,6119.8,6013.3,6055.95,974007,2.6179815107912634,5936.501873108773,5900.524732051279,35.97714105749401,-0.2336118731532779,106.5,44.55000000000018,61.94999999999982,106.5,124.80714285714286,1009821.8,No Signal
200,2023-04-27T00:00:00+05:30,6075.0,6254.45,6066.0,6200.05,2827136,2.784953334975427,5977.047738784347,5922.71178893637,54.335949847976735,10.680300471072725,188.44999999999982,198.5,10.050000000000182,198.5,122.41428571428573,1087283.9,No Signal
201,2023-04-28T00:00:00+05:30,6243.9,6296.0,6111.0,6280.1,1489668,2.9479364359489457,6023.671163586755,5949.184989755898,74.4861738308573,23.44147514302964,185.0,95.94999999999982,89.05000000000018,185.0,117.52500000000002,1105832.15,No Signal
202,2023-05-02T00:00:00+05:30,6330.0,6334.65,6224.8,6249.15,991254,2.9029247347958123,6058.360215342639,5971.40462014435,86.9555951982893,36.14429915408157,109.84999999999945,54.54999999999927,55.30000000000018,109.84999999999945,114.02142857142859,1107990.2,No Signal
203,2023-05-03T00:00:00+05:30,6238.05,6255.0,6155.95,6180.25,668251,2.8319291513904394,6077.11248990531,5986.874648281805,90.23784162350512,46.963007647966286,99.05000000000018,5.850000000000364,93.19999999999982,99.05000000000018,116.17857142857143,1085941.55,No Signal
204,2023-05-04T00:00:00+05:30,6197.0,6399.0,6182.15,6390.25,1245141,2.8455534398217206,6125.287491458339,6016.754303964634,108.53318749370465,59.27704361711396,216.85000000000036,218.75,1.8999999999996362,218.75,125.32142857142857,1084852.65,No Signal
205,2023-05-05T00:00:00+05:30,6379.95,6448.0,6331.65,6389.85,1160040,2.969779663597653,6165.9894158493635,6044.391022189477,121.59839365988682,71.74131362566854,116.35000000000036,57.75,58.600000000000364,116.35000000000036,127.44642857142857,1105587.15,No Signal
206,2023-05-08T00:00:00+05:30,6394.45,6695.1,6388.0,6657.95,2224735,3.393616246617711,6241.675659564846,6089.839835360626,151.83582420421953,87.76021574137874,307.10000000000036,305.25,1.8500000000003638,307.10000000000036,142.3821428571429,1095167.05,Buy
207,2023-05-09T00:00:00+05:30,6650.0,6739.85,6542.0,6552.25,2130770,3.7726662333044536,6289.4563273241,6124.092440148728,165.36388717537193,103.28095002817739,197.85000000000036,81.90000000000055,115.94999999999982,197.85000000000036,147.67500000000004,1114693.05,Buy
208,2023-05-10T00:00:00+05:30,6590.95,6665.0,6525.0,6631.5,835321,3.9923774209666023,6342.0784308127,6161.678185322897,180.40024548980364,118.70480912050265,140.0,112.75,27.25,140.0,151.96071428571435,1110047.8,Buy
209,2023-05-11T00:00:00+05:30,6659.0,6680.0,6625.0,6663.45,567494,4.180033658012597,6391.5202106876695,6198.846467891571,192.67374279609885,133.4985958556219,55.0,48.5,6.5,55.0,150.18928571428575,1097846.4,Buy
210,2023-05-12T00:00:00+05:30,6650.0,6733.65,6604.7,6714.4,912078,4.335060350603635,6441.194024428028,6237.035618418121,204.15840600990668,147.63055788647887,128.94999999999982,70.19999999999982,58.75,128.94999999999982,151.04285714285717,1092297.5,Buy
211,2023-05-15T00:00:00+05:30,6714.4,6750.0,6685.8,6712.3,739076,4.465501251238258,6482.902636054485,6272.240387424186,210.66224863029856,160.2368960352428,64.19999999999982,35.600000000000364,28.599999999999454,64.19999999999982,149.36428571428573,1087602.45,Buy
212,2023-05-16T00:00:00+05:30,6720.0,6849.0,6700.0,6784.6,1265133,4.598300095443893,6529.3176151230255,6310.1929513186915,219.12466380433398,172.01444958906106,149.0,136.69999999999982,12.300000000000182,149.0,148.29285714285717,1117240.4,Buy
213,2023-05-17T00:00:00+05:30,6785.0,6810.45,6662.0,6705.05,740785,4.6156892297233405,6556.35336664256,6339.441621591381,216.91174505117942,180.99390868148473,148.44999999999982,25.849999999999454,122.60000000000036,148.44999999999982,151.28928571428574,1122248.15,Buy
214,2023-05-18T00:00:00+05:30,6759.8,6830.65,6745.15,6789.4,1106718,4.555838140533199,6592.206694851397,6372.771871843871,219.43482300752567,188.68209154669293,85.5,125.59999999999945,40.099999999999454,125.59999999999945,146.08214285714283,1149839.7,Buy
215,2023-05-19T00:00:00+05:30,6800.0,6820.0,6712.0,6784.2,592834,4.416901155252528,6621.74412641272,6403.248029485066,218.49609692765443,194.64489262288524,108.0,30.600000000000364,77.39999999999964,108.0,140.58214285714283,1157645.45,Buy
216,2023-05-22T00:00:00+05:30,6784.2,6818.0,6761.9,6793.05,419792,4.2067869884660745,6648.098876195379,6432.122249523209,215.9766266721699,198.91123943274218,56.100000000000364,33.80000000000018,22.300000000000182,56.100000000000364,136.7428571428572,1146480.0,Buy
217,2023-05-23T00:00:00+05:30,6810.05,6873.95,6757.1,6780.55,790196,3.8762920439025863,6668.475972165321,6457.931712521489,210.54425964383154,201.23784347496007,116.84999999999945,80.89999999999964,35.94999999999982,116.84999999999945,138.0142857142857,1158745.2,Buy
218,2023-05-24T00:00:00+05:30,6769.0,6848.55,6729.75,6785.95,553936,3.6426914962476036,6686.548899524502,6482.229363445824,204.31953607867854,201.85418199570378,118.80000000000018,68.0,50.80000000000018,118.80000000000018,130.875,1111718.25,No Signal
219,2023-05-25T00:00:00+05:30,6778.0,6848.0,6746.1,6841.15,530260,3.2907595375924323,6710.33368421304,6508.8160772646515,201.51760694838867,201.78686698624077,101.89999999999964,62.05000000000018,39.849999999999454,101.89999999999964,129.8428571428571,1089530.9,No Signal
220,2023-05-26T00:00:00+05:30,6846.6,6920.0,6841.2,6904.5,694073,3.115139644379232,6740.205425103341,6538.12599746727,202.07942763607116,201.84537911620686,78.80000000000018,78.85000000000036,0.0500000000001819,78.85000000000036,113.53928571428567,982877.75,No Signal
221,2023-05-29T00:00:00+05:30,6940.2,6971.9,6901.8,6932.05,640728,3.009963391625427,6769.719975087442,6567.305553210435,202.41442187700704,201.9591876683669,70.09999999999945,67.39999999999964,2.699999999999818,70.09999999999945,104.4142857142856,940430.75,No Signal
222,2023-05-30T00:00:00+05:30,6948.0,7018.75,6930.05,7005.8,881923,2.8286762694814063,6806.039978920144,6599.786623342996,206.2533555771479,202.8180212501231,88.69999999999982,86.69999999999982,2.0,88.69999999999982,100.74999999999987,934964.2,No Signal
223,2023-05-31T00:00:00+05:30,7004.9,7026.0,6927.3,6989.85,2147627,2.3835290914944567,6834.31844370166,6628.68020679907,205.6382369025896,203.3820643806164,98.69999999999982,20.199999999999818,78.5,98.69999999999982,103.87142857142842,1008933.0,No Signal
224,2023-06-01T00:00:00+05:30,7024.0,7057.3,6951.1,7040.5,590026,2.242689728090674,6866.038683132174,6659.185376665806,206.85330646636794,204.07631279776672,106.19999999999982,67.44999999999982,38.75,106.19999999999982,102.24642857142842,976177.25,No Signal
225,2023-06-02T00:00:00+05:30,7075.75,7100.0,7005.0,7023.9,664209,1.9863473446665607,6890.325039573378,6686.201274690561,204.12376488281643,204.08580321477666,95.0,59.5,35.5,95.0,104.44642857142844,951385.7,No Signal
226,2023-06-05T00:00:00+05:30,7070.0,7091.6,7013.05,7043.2,577162,2.0544883749475,6913.844264254397,6712.645624713483,201.19863954091397,203.50837048000415,78.55000000000018,67.70000000000073,10.849999999999454,78.55000000000018,99.4142857142856,869007.05,No Signal
227,2023-06-06T00:00:00+05:30,7025.0,7132.0,7025.0,7113.95,690586,2.020151632691308,6944.629762061412,6742.371874734707,202.2578873267057,203.25827384934448,107.0,88.80000000000018,18.199999999999818,107.0,96.45357142857132,796997.85,No Signal
228,2023-06-07T00:00:00+05:30,7120.0,7141.0,7062.0,7079.95,534483,2.012488109556933,6965.448260205811,6767.3776617913945,198.07059841441605,202.2207387623588,79.0,27.050000000000182,51.94999999999982,79.0,93.12499999999993,781955.95,No Signal
229,2023-06-08T00:00:00+05:30,7080.0,7111.0,6995.15,7010.1,455360,1.9461671016678252,6972.317758635686,6785.3570942512915,186.96066438439448,199.16872388676595,115.85000000000036,31.050000000000182,84.80000000000018,115.85000000000036,93.68571428571424,776349.25,No Signal
230,2023-06-09T00:00:00+05:30,7012.75,7082.5,7012.05,7037.15,447361,1.8957171413774172,6982.2919496148115,6804.008420603048,178.28352901176368,194.9916849117655,70.44999999999982,72.39999999999964,1.949999999999818,72.39999999999964,94.84999999999991,753113.4,No Signal
231,2023-06-12T00:00:00+05:30,7050.15,7110.0,7041.6,7097.7,513255,1.8525841272657484,7000.047034289456,6825.763352410229,174.2836818792266,190.85008430525772,68.39999999999964,72.85000000000036,4.450000000000728,72.85000000000036,91.70714285714283,741822.35,No Signal
232,2023-06-13T00:00:00+05:30,7100.0,7200.0,7100.0,7166.75,800134,1.9161489394329778,7025.693644398771,6851.021622602064,174.67202179670676,187.61447180354753,100.0,102.30000000000018,2.300000000000182,102.30000000000018,90.5285714285714,718572.4,No Signal
233,2023-06-14T00:00:00+05:30,7182.0,7182.0,7082.05,7096.85,401520,1.8147345291026593,7036.640776029729,6869.231132038948,167.40964399078075,183.5735062409942,99.94999999999982,15.25,84.69999999999982,99.94999999999982,90.3892857142857,701609.15,No Signal
234,2023-06-15T00:00:00+05:30,7095.0,7141.7,7056.0,7126.6,437018,1.7754446857660027,7050.48065664054,6888.295492628656,162.1851640118839,179.29583779517213,85.69999999999982,44.849999999999454,40.850000000000364,85.69999999999982,90.87857142857138,668124.15,No Signal
235,2023-06-16T00:00:00+05:30,7170.0,7218.6,7131.0,7195.0,1412488,1.7505741474311762,7072.714401772764,6911.014345026533,161.70005674623098,175.7766815853839,87.60000000000036,92.0,4.399999999999636,92.0,92.44285714285714,709106.85,No Signal
236,2023-06-19T00:00:00+05:30,7211.95,7398.85,7202.25,7368.0,1182713,1.9036231366952514,7118.142955346185,6944.865134283827,173.27782106235827,175.27690948077878,196.60000000000036,203.85000000000036,7.25,203.85000000000036,100.66785714285717,747252.9,No Signal
237,2023-06-20T00:00:00+05:30,7376.15,7376.15,7201.0,7251.0,860696,1.8650224029865472,7138.582500677541,6967.541791003543,171.0407096739982,174.42966951942267,175.14999999999964,8.149999999999636,167.0,175.14999999999964,106.12857142857145,750777.9,Sell
238,2023-06-21T00:00:00+05:30,7275.0,7285.9,7177.85,7204.85,544625,1.7098408385858743,7148.777500573305,6985.120176855133,163.65732371817194,172.27520035917254,108.04999999999927,34.899999999999636,73.14999999999964,108.04999999999927,106.26071428571426,750312.35,Sell
239,2023-06-22T00:00:00+05:30,7200.1,7204.15,7020.0,7038.0,826284,1.5718394688077046,7131.734808177412,6989.0372007917895,142.69760738562218,166.3596817644625,184.14999999999964,0.7000000000007276,184.85000000000036,184.85000000000036,112.67857142857143,765113.55,Sell
240,2023-06-23T00:00:00+05:30,7020.95,7054.0,6957.1,6985.0,813109,1.5029995656526138,7109.160222303964,6988.738148881286,120.42207342267739,157.17216009610547,96.89999999999964,16.0,80.89999999999964,96.89999999999964,113.98928571428567,771065.35,Sell
241,2023-06-26T00:00:00+05:30,6990.0,7035.0,6945.0,7006.0,560454,1.4318548840602763,7093.289418872584,6990.01680451971,103.27261435287437,146.39225094745927,90.0,50.0,40.0,90.0,112.77499999999996,767051.65,Sell
242,2023-06-27T00:00:00+05:30,7030.0,7030.0,6954.0,7028.0,706456,1.4144432105977525,7083.244892892187,6992.830374555287,90.41451833690007,135.19670442534743,76.0,24.0,52.0,76.0,112.56071428571424,758278.3,Sell
243,2023-06-28T00:00:00+05:30,7054.35,7125.0,7040.0,7100.0,706721,1.3559121718947482,7085.8226016780045,7000.768865328969,85.05373634903572,125.1681108100851,85.0,97.0,12.0,97.0,111.21428571428565,686233.0,Sell
244,2023-06-30T00:00:00+05:30,7100.0,7195.0,7091.2,7160.9,882041,1.3416801952396449,7097.372970650619,7012.630430860157,84.74253979046262,117.0829966061606,103.80000000000018,95.0,8.800000000000182,103.80000000000018,113.45714285714283,700833.75,Sell
245,2023-07-03T00:00:00+05:30,7160.6,7355.0,7160.6,7338.0,1206903,1.4568123118894039,7134.3925136274465,7036.731880426071,97.66063320137528,113.19852392520355,194.39999999999964,194.10000000000036,0.2999999999992724,194.39999999999964,122.13928571428563,727968.45,Sell
246,2023-07-04T00:00:00+05:30,7650.0,7920.0,7626.0,7868.0,4051196,2.496112840836463,7247.255203838608,7098.307296690807,148.94790714780174,120.3484005697232,294.0,582.0,288.0,582.0,156.40357142857133,901670.15,Buy
247,2023-07-05T00:00:00+05:30,7879.95,7999.9,7780.0,7843.0,1969369,3.157756473928053,7338.908249401899,7153.4697191581545,185.43853024374494,133.36642650452757,219.89999999999964,131.89999999999964,88.0,219.89999999999964,164.97142857142848,965609.3,Buy
248,2023-07-06T00:00:00+05:30,7776.0,7822.9,7735.0,7764.0,1036713,3.552763586231842,7404.306980263145,7198.694184405698,205.61279585744705,147.81570037511148,87.89999999999964,20.100000000000364,108.0,108.0,166.56428571428563,990720.8,Buy
249,2023-07-07T00:00:00+05:30,7720.0,7748.9,7605.65,7615.0,1090697,3.716810364052016,7436.721290991893,7229.531652227498,207.18963876439466,159.69048805296813,143.25,15.100000000000364,158.35000000000036,158.35000000000036,171.30357142857136,1022487.65,Buy
250,2023-07-10T00:00:00+05:30,7622.35,7622.35,7432.3,7556.75,1447357,3.770273271462462,7455.187246223909,7253.770048358794,201.41719786511476,168.03583001539747,190.05000000000018,7.350000000000364,182.69999999999982,190.05000000000018,170.31785714285706,1072487.45,Buy
251,2023-07-11T00:00:00+05:30,7567.0,7680.0,7383.2,7443.0,1669249,3.80317259106464,7453.312285266385,7267.787081813698,185.52520345268658,171.5337047028553,296.8000000000002,123.25,173.55000000000018,296.8000000000002,179.0071428571428,1130287.15,Buy
252,2023-07-12T00:00:00+05:30,7469.9,7508.0,7398.5,7434.05,1128863,3.7983685201014445,7450.348856763864,7280.102853531202,170.2460032326626,171.27616440881675,109.5,65.0,44.5,109.5,179.1107142857143,1146723.6,Sell
253,2023-07-13T00:00:00+05:30,7469.95,7520.0,7416.05,7481.7,745341,3.7342282915264464,7455.172109569424,7295.035975491854,160.1361340775702,169.04815834256746,103.94999999999982,85.94999999999982,18.0,103.94999999999982,173.33214285714283,1163914.65,Sell
254,2023-07-14T00:00:00+05:30,7474.0,7516.6,7399.9,7493.0,725076,3.6918424576523825,7460.991785020282,7309.699977307272,151.2918077130098,165.49688821665595,116.70000000000073,34.900000000000546,81.80000000000018,116.70000000000073,174.74642857142862,1178317.55,Sell
255,2023-07-17T00:00:00+05:30,7520.0,7540.0,7442.0,7510.0,502435,3.672266019836216,7468.531510401777,7324.537016025252,143.99449437652493,161.19640944862974,98.0,47.0,51.0,98.0,175.3178571428572,1132814.9,Sell
256,2023-07-18T00:00:00+05:30,7520.0,7554.3,7373.25,7415.0,1307962,3.721238961376779,7460.295893416888,7331.23797780116,129.05791561572823,154.76871068204946,181.05000000000018,44.30000000000018,136.75,181.05000000000018,182.82142857142864,1139077.35,Sell
257,2023-07-19T00:00:00+05:30,7441.95,7599.0,7431.1,7595.1,974106,3.665420052945475,7481.034986737367,7350.783312778852,130.2516739585153,149.86530333734265,167.89999999999964,184.0,16.100000000000364,184.0,189.03571428571436,1144747.85,Sell
258,2023-07-20T00:00:00+05:30,7551.0,7634.75,7502.0,7595.0,645811,3.6617796731196077,7498.568065700849,7368.873437758196,129.69462794265291,145.83116825840472,132.75,39.649999999999636,93.10000000000036,132.75,191.10357142857148,1149807.15,Sell
259,2023-07-21T00:00:00+05:30,7596.6,7656.95,7535.75,7584.5,668323,3.50526364175972,7511.788363285334,7384.845775702033,126.94258758330034,142.05345212338386,121.19999999999982,61.94999999999982,59.25,121.19999999999982,185.87500000000006,1141909.1,Sell
260,2023-07-24T00:00:00+05:30,7581.65,7644.8,7562.0,7580.0,582400,3.2270319181137763,7522.282461241436,7399.3016441685495,122.98081707288657,138.2389251132844,82.80000000000018,60.30000000000018,22.5,82.80000000000018,150.2178571428572,1130373.65,No Signal
261,2023-07-25T00:00:00+05:30,7649.4,7649.4,7541.35,7605.0,844508,2.895298763464695,7535.008236435061,7414.538559415324,120.46967701973699,134.68507549457493,108.04999999999927,69.39999999999964,38.649999999999636,108.04999999999927,142.22857142857148,1144576.35,No Signal
262,2023-07-26T00:00:00+05:30,7635.0,7732.3,7334.2,7465.05,2224268,2.5520823959654493,7524.245430829667,7418.280147606782,105.96528322288577,128.94111704023712,398.10000000000036,127.30000000000018,270.8000000000002,398.10000000000036,162.95000000000007,1220466.95,No Signal
263,2023-07-27T00:00:00+05:30,7577.9,7577.9,7270.0,7285.0,2129966,2.368909942103995,7487.438441471257,7408.407544080354,79.03089739090319,118.95907311037034,307.89999999999964,112.84999999999945,195.05000000000018,307.89999999999964,173.6321428571429,1291629.2,Sell
264,2023-07-28T00:00:00+05:30,7319.0,7394.0,7210.1,7375.0,1003915,2.0882957557004764,7470.140219706448,7405.932911185512,64.20730852093584,108.00872019248345,183.89999999999964,109.0,74.89999999999964,183.89999999999964,173.19285714285712,1297722.9,Sell
265,2023-07-31T00:00:00+05:30,7345.0,7369.85,7283.0,7294.0,741785,2.1574129386226417,7443.0417243669945,7397.6415844310295,45.400139935964944,95.48700414117975,86.85000000000036,5.149999999999636,92.0,92.0,158.5642857142857,1274467.0,No Signal
266,2023-08-01T00:00:00+05:30,7300.3,7330.0,7244.0,7265.0,750514,2.047675194688932,7415.650689848995,7387.816281880583,27.83440796841205,81.95648490662622,86.0,36.0,50.0,86.0,156.88571428571427,1109432.9,No Signal
267,2023-08-02T00:00:00+05:30,7290.0,7290.0,7145.0,7205.0,895612,1.9685248035584242,7383.242891410689,7374.274335074614,8.968556336074471,67.35889919251586,145.0,25.0,120.0,145.0,159.81785714285712,1055745.05,No Signal
268,2023-08-03T00:00:00+05:30,7175.0,7224.3,7018.6,7104.3,1079129,2.0887605842090795,7340.328600424429,7354.276236180198,-13.947635755768715,51.09759220285895,205.69999999999982,19.300000000000182,186.39999999999964,205.69999999999982,166.17499999999993,1057865.85,No Signal
269,2023-08-04T00:00:00+05:30,7139.0,7196.35,7071.3,7140.0,728401,2.205827072534083,7309.508815743748,7338.403922389072,-28.89510664532463,35.099052433222234,125.05000000000018,92.05000000000018,33.0,125.05000000000018,168.1071428571428,1039751.05,No Signal
270,2023-08-07T00:00:00+05:30,7162.0,7178.0,7072.0,7121.0,715681,2.353489082350329,7280.507459475479,7322.29992813803,-41.79246866255107,19.720748214067573,106.0,38.0,68.0,106.0,162.74642857142848,1003167.25,No Signal
271,2023-08-08T00:00:00+05:30,7135.0,7205.0,7085.15,7204.0,804993,2.398257135814604,7268.737081094636,7313.536970498176,-44.799889403539964,6.816620690546065,119.85000000000036,84.0,35.850000000000364,119.85000000000036,158.16428571428565,959954.45,No Signal
272,2023-08-09T00:00:00+05:30,7200.0,7214.0,7090.0,7120.0,510185,2.5608428184957956,7245.854453233923,7299.200898609422,-53.34644537549957,-5.215992522663062,124.0,10.0,114.0,124.0,157.53928571428565,929020.55,No Signal
273,2023-08-10T00:00:00+05:30,7100.05,7173.15,7092.0,7172.0,613650,2.588339460736091,7234.492229659473,7289.778609823539,-55.28638016406603,-15.230070050943656,81.14999999999964,53.149999999999636,28.0,81.14999999999964,154.67857142857136,922436.0,No Signal
274,2023-08-11T00:00:00+05:30,7143.85,7151.9,7032.0,7035.0,628114,2.784152081023227,7203.801117404169,7270.906120206981,-67.10500280281121,-25.60505660131717,119.89999999999964,20.100000000000364,140.0,140.0,158.76428571428565,917587.9,No Signal
275,2023-08-14T00:00:00+05:30,7040.0,7058.6,6941.15,7005.0,691137,2.916257473248638,7173.2163301112205,7251.209370562019,-77.99304045079862,-36.08265337121346,117.45000000000073,23.600000000000364,93.85000000000036,117.45000000000073,159.4357142857143,927023.0,No Signal
276,2023-08-16T00:00:00+05:30,6994.0,6994.0,6920.0,6970.0,594069,3.0982192491767484,7141.952279324879,7230.379046816684,-88.42676749180555,-46.55147619533188,74.0,11.0,85.0,85.0,137.07142857142858,891328.35,No Signal
277,2023-08-17T00:00:00+05:30,7020.0,7020.0,6903.0,6921.0,704782,3.146382190871079,7107.959620967205,7207.462080385819,-99.5024594186134,-57.14167283998818,117.0,50.0,67.0,117.0,123.43571428571431,877862.15,No Signal
278,2023-08-18T00:00:00+05:30,6893.5,6915.8,6845.0,6848.0,741137,3.2117113146528333,7067.965833126097,7180.835259616499,-112.86942649040157,-68.28722357007086,70.80000000000018,5.199999999999818,76.0,76.0,115.72857142857148,882628.45,No Signal
279,2023-08-21T00:00:00+05:30,6801.0,7062.5,6801.0,7050.55,1222379,2.901749221903621,7065.28647418362,7171.184499644906,-105.89802546128612,-75.80938394831392,261.5,214.5,47.0,261.5,127.83571428571433,910331.25,No Signal
280,2023-08-22T00:00:00+05:30,7051.05,7153.5,7050.0,7053.25,1245249,2.614586279277571,7063.434708924602,7162.44861078232,-99.01390185771834,-80.45028753019481,103.5,102.94999999999982,0.5500000000001819,103.5,129.08571428571435,943473.7,No Signal
281,2023-08-23T00:00:00+05:30,7100.0,7149.0,7003.05,7122.0,798880,2.136123060021366,7072.444753705433,7159.452417391038,-87.00766368560471,-81.7617627612768,145.94999999999982,95.75,50.19999999999982,145.94999999999982,129.15357142857147,941192.3,No Signal
282,2023-08-24T00:00:00+05:30,7150.0,7185.0,7121.1,7126.0,907923,1.841057940854771,7080.684022366136,7156.974460547257,-76.29043818112132,-80.6674978452457,63.899999999999636,63.0,0.8999999999996362,63.899999999999636,119.02500000000002,875375.05,No Signal
283,2023-08-25T00:00:00+05:30,7115.0,7276.95,7101.1,7185.1,1299058,1.7595930475370638,7096.748018925192,7159.057833840053,-62.30981491486091,-76.99596125916875,175.84999999999945,150.94999999999982,24.899999999999636,175.84999999999945,122.6535714285714,833829.65,No Signal
284,2023-08-28T00:00:00+05:30,7224.95,7259.95,7138.1,7220.0,702237,1.5765479174744947,7115.70986216747,7163.572068370419,-47.86220620294898,-71.1692102479248,121.84999999999945,74.84999999999945,47.0,121.84999999999945,123.78571428571422,818745.75,No Signal
285,2023-08-29T00:00:00+05:30,7250.0,7310.95,7236.0,7300.0,1416372,1.56642904202618,7144.062191064782,7173.677841083721,-29.61565001893905,-62.85849820212765,74.94999999999982,90.94999999999982,16.0,90.94999999999982,121.72142857142846,852475.1,No Signal
286,2023-08-30T00:00:00+05:30,7326.0,7329.55,7258.0,7270.6,455528,1.5784004528792166,7163.529546285585,7180.8572602627055,-17.327713977120766,-53.75234135712628,71.55000000000018,29.550000000000182,42.0,71.55000000000018,117.97499999999991,837725.8,No Signal
287,2023-08-31T00:00:00+05:30,7280.0,7280.0,7139.1,7168.55,1410458,1.5823294272876864,7164.30192378011,7179.9456113543565,-15.643687574246542,-46.130610600550334,140.89999999999964,9.399999999999636,131.5,140.89999999999964,122.24285714285705,863468.1,No Signal
288,2023-09-01T00:00:00+05:30,7168.55,7329.4,7155.0,7320.6,676076,1.6812641304789135,7188.3477816600935,7190.3644549577375,-2.016673297644047,-37.30782313996908,174.39999999999964,160.84999999999945,13.550000000000182,174.39999999999964,124.69999999999989,843315.45,No Signal
289,2023-09-04T00:00:00+05:30,7370.0,7370.0,7258.4,7270.25,581363,1.7562568133435505,7200.948122943156,7196.281902738646,4.666220204509955,-28.913014471073275,111.60000000000036,49.399999999999636,62.20000000000073,111.60000000000036,124.28214285714272,835963.55,No Signal
290,2023-09-05T00:00:00+05:30,7283.0,7358.45,7280.0,7345.1,1221353,1.8637535997162353,7223.1253347980555,7207.305465498746,15.819869299309175,-19.966437716996786,78.44999999999982,88.19999999999982,9.75,88.19999999999982,124.51071428571413,861247.15,No Signal
291,2023-09-06T00:00:00+05:30,7315.3,7397.0,7290.7,7387.8,605157,1.9965894725690498,7248.459898675278,7220.675431017357,27.784467657920686,-10.416256642013293,106.30000000000018,51.899999999999636,54.400000000000546,106.30000000000018,123.74642857142842,851255.35,No Signal
292,2023-09-07T00:00:00+05:30,7380.0,7387.8,7303.7,7363.2,549622,2.107756866020219,7266.112221956005,7231.232806497553,34.87941545845206,-1.3571222219202226,84.10000000000036,0.0,84.10000000000036,84.10000000000036,124.32499999999989,853227.2,No Signal
293,2023-09-08T00:00:00+05:30,7390.0,7449.95,7370.0,7410.65,624642,2.2303483342148622,7288.348803193542,7244.522968979215,43.82583421432719,7.67946906532926,79.94999999999982,86.75,6.800000000000182,86.75,111.84285714285703,853776.8,No Signal
294,2023-09-11T00:00:00+05:30,7425.0,7444.0,7362.0,7391.65,406849,2.2903902535125664,7304.241295009921,7255.421267573347,48.82002743657358,15.907580739578126,82.0,33.350000000000364,48.649999999999636,82.0,110.30714285714274,842713.55,No Signal
295,2023-09-12T00:00:00+05:30,7421.0,7459.0,7305.5,7431.3,963517,2.315366332907191,7323.788788085318,7268.449321827173,55.33946625814497,23.793957843291498,153.5,67.35000000000036,86.14999999999964,153.5,110.84642857142846,856332.55,No Signal
296,2023-09-13T00:00:00+05:30,7429.3,7508.25,7380.65,7475.9,579846,2.3067688132133624,7347.190512995268,7283.8160387288635,63.37447426640483,31.710061127914166,127.60000000000036,76.94999999999982,50.650000000000546,127.60000000000036,115.39642857142852,855621.4,No Signal
297,2023-09-14T00:00:00+05:30,7475.9,7511.7,7427.05,7494.3,650372,2.2063320317052715,7369.822741765227,7299.407443267466,70.41529849776089,39.45110860188351,84.64999999999964,35.80000000000018,48.849999999999454,84.64999999999964,108.88214285714282,852900.9,No Signal
298,2023-09-15T00:00:00+05:30,7499.0,7565.15,7455.55,7492.2,787494,1.8891893350088438,7388.650012262884,7313.688373395802,74.961638867082,46.55321465492321,109.59999999999945,70.84999999999945,38.75,109.59999999999945,108.00714285714282,855218.75,No Signal
299,2023-09-18T00:00:00+05:30,7488.9,7560.0,7465.0,7548.65,706618,1.8582959151945706,7413.265394991671,7331.092938329446,82.17245666222516,53.6770630563836,95.0,67.80000000000018,27.199999999999818,95.0,108.29642857142855,829430.7,No Signal
300,2023-09-20T00:00:00+05:30,7488.65,7647.0,7483.0,7539.0,844190,1.7743665561585145,7432.609180377568,7346.493461416154,86.11571896141413,60.164794237389714,164.0,98.35000000000036,65.64999999999964,164.0,114.89999999999996,809377.75,No Signal
301,2023-09-21T00:00:00+05:30,7530.0,7583.65,7425.0,7484.2,675725,1.6912897079482638,7440.54622955025,7356.693945755698,83.85228379455202,64.90229214882218,158.64999999999964,44.649999999999636,114.0,158.64999999999964,116.1678571428571,803220.0,No Signal
302,2023-09-22T00:00:00+05:30,7493.95,7577.0,7453.6,7471.35,526304,1.551307909684581,7445.285271157904,7365.1869868108315,80.09828434707288,67.94149058847232,123.39999999999964,92.80000000000018,30.599999999999454,123.39999999999964,112.52499999999996,784139.05,No Signal
303,2023-09-25T00:00:00+05:30,7575.0,7849.9,7510.0,7819.85,2347533,1.837890666598722,7502.910614056688,7398.865728528548,104.04488552814018,75.1621695764059,339.89999999999964,378.5499999999993,38.649999999999636,378.5499999999993,131.592857142857,836562.8,Buy
304,2023-09-26T00:00:00+05:30,7819.9,7899.95,7775.0,7870.65,1246820,2.1558895463184764,7559.485904201813,7433.812711600507,125.67319260130625,85.26437418138597,124.94999999999982,80.09999999999945,44.850000000000364,124.94999999999982,134.217857142857,863791.95,Buy
305,2023-09-27T00:00:00+05:30,7855.0,7855.0,7742.75,7837.55,744110,2.392473782923592,7602.264995863073,7463.7191774078765,138.54581845519624,95.92066303614803,112.25,15.649999999999636,127.89999999999964,127.89999999999964,135.76071428571413,830178.85,Buy
306,2023-09-28T00:00:00+05:30,7804.75,7829.0,7718.05,7739.0,777505,2.462409491578933,7623.301150345677,7484.110349451737,139.19080089393992,104.57469060770642,110.94999999999982,8.550000000000182,119.5,119.5,138.28928571428554,846277.7,Buy
307,2023-09-29T00:00:00+05:30,7739.0,7848.0,7725.0,7810.75,573005,2.3951171145977703,7652.139434907881,7508.305879121979,143.8335557859018,112.4264636433455,123.0,109.0,14.0,123.0,140.87857142857123,804405.05,Buy
308,2023-10-03T00:00:00+05:30,7780.8,7975.5,7755.0,7967.6,944555,2.5719693937340335,7700.671829537438,7542.327665853684,158.34416368375332,121.61000365142706,220.5,164.75,55.75,220.5,150.7714285714284,817829.0,Buy
309,2023-10-04T00:00:00+05:30,8025.0,8043.0,7820.0,7854.05,1176384,2.590006958183556,7724.268471147063,7565.418209123782,158.85026202328118,129.05805532579788,223.0,75.39999999999964,147.60000000000036,223.0,155.7357142857141,847580.05,Buy
310,2023-10-05T00:00:00+05:30,7914.85,7914.85,7826.9,7850.9,795061,2.5887406175158967,7743.750244816745,7586.565008447946,157.18523636879945,134.6834915343982,87.95000000000073,60.80000000000018,27.150000000000546,87.95000000000073,152.90357142857127,826265.45,Buy
311,2023-10-06T00:00:00+05:30,7850.0,8192.0,7845.0,8168.55,2145034,2.8278089589574806,7809.104053306477,7629.675007822172,179.42904548430488,143.63260232437955,347.0,341.10000000000036,5.899999999999636,347.0,171.64285714285703,903259.3,Buy
312,2023-10-09T00:00:00+05:30,8102.05,8135.0,8018.0,8027.7,747800,2.929336562651281,7842.734198951634,7659.158340576086,183.5758583755487,151.6212535346134,117.0,33.55000000000018,150.55000000000018,150.55000000000018,174.56785714285706,913168.2,Buy
313,2023-10-10T00:00:00+05:30,8055.0,8135.0,8021.0,8083.6,965024,2.993581272274428,7879.790476035999,7690.598463496375,189.19201253962365,159.13540533561547,114.0,107.30000000000018,6.699999999999818,114.0,175.92499999999993,930187.3,Buy
314,2023-10-11T00:00:00+05:30,8139.8,8173.0,8095.45,8101.95,712372,3.0079015163570992,7913.968864338152,7721.068947681829,192.8999166563235,165.8883075997571,77.55000000000018,89.39999999999964,11.849999999999454,89.39999999999964,170.59642857142848,945463.45,Buy
315,2023-10-12T00:00:00+05:30,8125.0,8127.0,8003.0,8014.3,764092,2.9688921797130248,7929.404423670744,7742.789766372064,186.61465729867996,170.03357753954168,124.0,25.050000000000182,98.94999999999982,124.0,168.12142857142848,935492.2,Buy
316,2023-10-13T00:00:00+05:30,7999.55,8082.9,7956.05,8051.65,662282,2.9020969680726543,7948.211435413707,7765.668302196355,182.54313321735117,172.53548867510358,126.84999999999945,68.59999999999945,58.25,126.84999999999945,168.36785714285705,939614.0,Buy
317,2023-10-16T00:00:00+05:30,8044.3,8069.0,7982.65,8036.0,438246,2.815515914863869,7961.717368426983,7785.692872404033,176.0244960229502,173.2332901446729,86.35000000000036,17.350000000000364,69.0,86.35000000000036,147.49642857142857,929007.7,Buy
318,2023-10-17T00:00:00+05:30,8080.0,8159.0,8057.55,8093.0,838283,2.6884700164939526,7981.914696361293,7808.456363337067,173.4583330242258,173.2782987205835,101.44999999999982,123.0,21.550000000000182,123.0,147.35714285714286,931547.15,Buy
319,2023-10-18T00:00:00+05:30,8050.0,8084.6,7850.0,7866.55,1544642,2.5955466031506598,7964.166281536479,7812.75959568247,151.40668585400908,168.90397614726862,234.60000000000036,8.399999999999636,243.0,243.0,155.57857142857145,973448.35,Sell
320,2023-10-19T00:00:00+05:30,7843.3,7923.0,7731.0,7841.55,1061453,2.394834386553644,7945.302238223175,7814.892218224509,130.41001999866603,161.2051849175481,192.0,56.44999999999982,135.55000000000018,192.0,160.7571428571429,984311.5,Sell
321,2023-10-20T00:00:00+05:30,7810.0,7832.35,7722.5,7769.2,771153,2.109761570533177,7918.20958618884,7811.507609467138,106.70197672170252,150.30454327837901,109.85000000000036,9.199999999999818,119.05000000000018,119.05000000000018,160.47500000000005,989082.9,Sell
322,2023-10-23T00:00:00+05:30,7800.0,7884.9,7761.35,7798.9,882230,1.6706791659922786,7899.8542652367105,7810.573712469572,89.28055276713894,138.099745176131,123.54999999999927,115.69999999999982,7.849999999999454,123.54999999999927,153.54999999999998,1006879.2,No Signal
323,2023-10-25T00:00:00+05:30,7798.9,7856.95,7676.0,7694.45,708774,1.8017267241081096,7868.253609046447,7801.971955990344,66.2816530561031,123.73612675212541,180.94999999999982,58.05000000000018,122.89999999999964,180.94999999999982,150.54642857142855,924941.25,No Signal
324,2023-10-26T00:00:00+05:30,7625.1,7656.0,7401.2,7421.8,1324630,2.4030323629802415,7799.568438423917,7773.81107036143,25.75736806248642,104.14037501419762,254.80000000000018,38.44999999999982,293.25,293.25,165.2107142857142,928831.75,Sell
325,2023-10-27T00:00:00+05:30,7509.95,7549.0,7416.6,7507.2,911944,2.6469630826696977,7754.5886786663905,7754.062102186509,0.5265764798814416,83.41761530733439,132.39999999999964,127.19999999999982,5.199999999999818,132.39999999999964,149.88214285714275,937223.45,No Signal
326,2023-10-30T00:00:00+05:30,7505.8,7526.85,7352.5,7503.05,799276,2.8552536029840634,7715.890420410023,7735.468613135657,-19.578192725633926,62.818453700740726,174.35000000000036,19.650000000000546,154.69999999999982,174.35000000000036,151.58214285714277,938312.0,No Signal
327,2023-10-31T00:00:00+05:30,7569.8,7579.7,7460.5,7492.65,749410,3.073831086559003,7681.545740346943,7717.482049199682,-35.936308852738875,43.06750119004481,119.19999999999982,76.64999999999964,42.55000000000018,119.19999999999982,151.95357142857134,947132.25,No Signal
328,2023-11-01T00:00:00+05:30,7520.0,7549.0,7457.65,7471.9,462778,3.266511831176691,7649.292549524336,7699.290786296001,-49.99823677166478,24.45435359770289,91.35000000000036,56.350000000000364,35.0,91.35000000000036,152.0928571428571,923043.4,No Signal
329,2023-11-02T00:00:00+05:30,7530.0,7615.0,7411.2,7449.1,855030,3.4709071538025826,7618.493695751362,7680.75813545926,-62.26443970789842,7.11059493658263,203.80000000000018,143.10000000000036,60.69999999999982,203.80000000000018,157.79285714285712,906975.7,No Signal
330,2023-11-03T00:00:00+05:30,7528.0,7537.95,7372.45,7411.5,1138755,3.6879951761972554,7586.648511789614,7660.813088388204,-74.16457659859043,-9.144439370451982,165.5,88.84999999999945,76.65000000000055,165.5,160.55357142857142,924160.4,Sell
331,2023-11-06T00:00:00+05:30,7456.0,7571.95,7442.6,7562.05,634043,3.472428237675677,7582.864125360443,7653.497304063152,-70.6331787027093,-21.442187236903447,129.34999999999945,160.44999999999982,31.100000000000364,160.44999999999982,165.84642857142853,848610.85,Sell
332,2023-11-07T00:00:00+05:30,7640.0,7640.0,7446.0,7495.6,1563007,3.481735782186409,7569.43887530499,7641.801207465882,-72.36233216089204,-31.626216221701167,194.0,77.94999999999982,116.05000000000018,194.0,170.91785714285712,889371.2,Sell
333,2023-11-08T00:00:00+05:30,7527.0,7536.0,7406.65,7459.95,916717,3.406000997314134,7552.594432950376,7628.330747653595,-75.73631470321834,-40.448235918004606,129.35000000000036,40.399999999999636,88.95000000000073,129.35000000000036,162.79999999999998,886955.85,Sell
334,2023-11-09T00:00:00+05:30,7485.0,7485.0,7366.7,7386.7,771791,3.3170657253915277,7527.072212496472,7610.432173753328,-83.35996125685597,-49.03058098577488,118.30000000000018,25.050000000000182,93.25,118.30000000000018,157.53571428571428,889926.8,No Signal
335,2023-11-10T00:00:00+05:30,7370.0,7454.0,7346.45,7444.8,496261,3.161384875542908,7514.414949035477,7598.163123845674,-83.74817481019727,-55.97409975065936,107.55000000000018,67.30000000000018,40.25,107.55000000000018,156.71428571428572,876535.25,No Signal
336,2023-11-12T00:00:00+05:30,7470.05,7498.0,7447.05,7456.9,79745,2.9127420654965137,7505.566495337711,7587.699188745994,-82.13269340828356,-61.205818482184206,50.94999999999982,53.19999999999982,2.25,53.19999999999982,151.68928571428575,847408.4,No Signal
337,2023-11-13T00:00:00+05:30,7447.8,7450.0,7319.0,7360.85,732240,2.702098185262965,7483.302419131909,7570.89554513518,-87.59312600327121,-66.48327998640161,131.0,6.899999999999636,137.89999999999964,137.89999999999964,148.61428571428573,862108.1,No Signal
338,2023-11-15T00:00:00+05:30,7439.4,7476.2,7119.15,7224.3,1923440,2.3922905159392505,7443.455893111615,7545.221801051093,-101.76590793947798,-73.53980557701689,357.0500000000002,115.34999999999945,241.70000000000073,357.0500000000002,153.1714285714286,916365.95,No Signal
339,2023-11-16T00:00:00+05:30,6944.55,7380.7,6931.25,7362.45,4557043,2.1375298963571483,7430.993448017521,7531.6831491213825,-100.68970110386181,-78.96978468238588,449.4499999999998,156.39999999999964,293.0500000000002,449.4499999999998,175.8178571428572,1066986.0,Sell
340,2023-11-17T00:00:00+05:30,7140.5,7260.0,7108.05,7221.0,2080034,2.058062580373487,7398.686763707133,7508.6695825197985,-109.98281881266576,-85.17239150844186,151.94999999999982,102.44999999999982,254.39999999999964,254.39999999999964,181.53571428571428,1117915.05,Sell
341,2023-11-20T00:00:00+05:30,7151.0,7239.0,7050.1,7068.6,1902940,2.2328385307687766,7347.904184675266,7476.07183566648,-128.16765099121403,-93.7714434049963,188.89999999999964,18.0,170.89999999999964,188.89999999999964,186.5142857142857,1174504.4,Sell
342,2023-11-21T00:00:00+05:30,7085.0,7128.85,7030.0,7103.15,1666225,2.126062461847919,7310.249694725225,7448.447995987482,-138.1983012622568,-102.6568149764484,98.85000000000036,60.25,38.600000000000364,98.85000000000036,187.04999999999998,1213704.15,Sell
343,2023-11-22T00:00:00+05:30,7086.45,7177.85,7065.5,7128.35,1041404,2.0605932701332668,7282.26512630596,7424.737033321742,-142.47190701578256,-110.61983338431524,112.35000000000036,74.70000000000073,37.649999999999636,112.35000000000036,180.51785714285714,1230335.65,Sell
344,2023-11-23T00:00:00+05:30,7135.0,7160.0,7056.0,7073.65,606158,2.278613541306742,7250.170491489658,7398.73058640902,-148.5600949193622,-118.20788569132463,104.0,31.649999999999636,72.35000000000036,104.0,176.125,1194412.05,Sell
345,2023-11-24T00:00:00+05:30,7108.0,7116.8,7011.0,7020.8,726499,2.4764817410702498,7214.882723568172,7370.7357281565,-155.85300458832808,-125.73690947072532,105.80000000000018,43.150000000000546,62.649999999999636,105.80000000000018,172.2214285714286,1185139.8,Sell
346,2023-11-28T00:00:00+05:30,7035.0,7135.0,7029.9,7127.55,728158,2.4555721902884,7201.446919942299,7352.7219705152775,-151.27505057297822,-130.8445376911759,105.10000000000036,114.19999999999982,9.099999999999454,114.19999999999982,166.52142857142857,1181583.9,Sell
347,2023-11-29T00:00:00+05:30,7134.0,7168.6,7114.05,7130.1,682430,2.4480392669131965,7190.470470720407,7336.231454180813,-145.76098346040544,-133.82782684502183,54.55000000000018,41.05000000000018,13.5,54.55000000000018,161.17857142857142,1178234.9,No Signal
348,2023-11-30T00:00:00+05:30,7132.0,7163.6,7085.65,7121.9,1271934,2.4394432788436116,7179.921167532652,7320.355050167419,-140.43388263476663,-135.1490380029708,77.95000000000073,33.5,44.45000000000073,77.95000000000073,158.2964285714286,1218692.7,No Signal
349,2023-12-01T00:00:00+05:30,7160.0,7279.85,7142.0,7259.35,900477,2.3302620353407897,7192.140987912244,7315.836157562425,-123.69516965018101,-132.85826433241286,137.85000000000036,157.95000000000073,20.100000000000364,157.95000000000073,161.89642857142866,1220965.05,No Signal
350,2023-12-04T00:00:00+05:30,7340.0,7420.0,7315.05,7407.65,1101426,2.2813666986505123,7225.2962205411295,7322.637182928172,-97.34096238704205,-125.7548039433387,104.94999999999982,160.64999999999964,55.69999999999982,160.64999999999964,169.57142857142864,1219098.6,Buy
351,2023-12-05T00:00:00+05:30,7430.0,7440.0,7320.05,7349.8,1522242,2.121135376293299,7244.450648150187,7324.6492434520105,-80.19859530182384,-116.64356221503574,119.94999999999982,32.350000000000364,87.59999999999945,119.94999999999982,168.2892857142858,1263508.55,Buy
352,2023-12-06T00:00:00+05:30,7390.0,7459.0,7365.05,7427.1,701800,2.0349051616622966,7272.550548434773,7332.238188381491,-59.687639946718264,-105.25237776137226,93.94999999999982,109.19999999999982,15.25,109.19999999999982,150.58571428571435,1220448.2,No Signal
353,2023-12-07T00:00:00+05:30,7390.0,7440.0,7326.0,7391.2,668862,1.988778115946781,7290.804310214039,7336.605729982863,-45.80141976882351,-93.36218616286251,114.0,12.899999999999636,101.10000000000036,114.0,126.62500000000007,1208055.45,No Signal
354,2023-12-08T00:00:00+05:30,7390.55,7398.1,7274.0,7307.6,1144388,1.9740450535060132,7293.388262488802,7334.457157391539,-41.068894902737156,-82.90352791083744,124.10000000000036,6.900000000000546,117.19999999999982,124.10000000000036,117.31785714285726,1226685.3,No Signal
355,2023-12-11T00:00:00+05:30,7325.0,7352.7,7270.05,7292.75,590055,1.881998371951848,7293.290068259756,7331.367738325499,-38.077670065743405,-73.93835634181863,82.64999999999964,45.099999999999454,37.55000000000018,82.64999999999964,109.72857142857154,1231375.0,No Signal
356,2023-12-12T00:00:00+05:30,7280.0,7354.0,7280.0,7314.55,633312,1.7628538617502538,7296.5608269890245,7330.121979931017,-33.56115294199299,-65.8629156618535,74.0,61.25,12.75,74.0,107.95357142857152,1259053.35,No Signal
357,2023-12-13T00:00:00+05:30,7299.85,7304.5,7207.0,7258.0,682955,1.731264912007294,7290.628392067636,7324.779611047238,-34.15121897960216,-59.52057632540324,97.5,10.050000000000182,107.55000000000018,107.55000000000018,107.61071428571437,1256589.1,No Signal
358,2023-12-14T00:00:00+05:30,7368.5,7511.25,7300.1,7474.2,1729567,1.8332719564413784,7318.8701779033845,7335.847788006702,-16.977610103317602,-51.01198308098611,211.14999999999964,253.25,42.100000000000364,253.25,118.27142857142864,1246895.45,No Signal
359,2023-12-15T00:00:00+05:30,7528.85,7528.9,7445.0,7515.05,1173938,1.9680542736320268,7349.051688995171,7349.122025932132,-0.07033693696030241,-40.82365385218095,83.89999999999964,54.69999999999982,29.199999999999818,83.89999999999964,116.7071428571429,1077740.2,No Signal
360,2023-12-18T00:00:00+05:30,7548.0,7610.0,7526.0,7587.6,1082798,2.1851557658583745,7385.75142914976,7366.7870610482705,18.964368101489526,-28.86604946144686,84.0,94.94999999999982,10.949999999999818,94.94999999999982,115.3321428571429,1027878.4,No Signal
361,2023-12-19T00:00:00+05:30,7641.0,7641.6,7535.0,7632.65,791408,2.3275759190886958,7423.735824665181,7386.480612081732,37.255212583449065,-15.641797052467675,106.60000000000036,54.0,52.600000000000364,106.60000000000036,119.05000000000005,972301.8,No Signal
362,2023-12-20T00:00:00+05:30,7650.0,7695.0,7460.15,7493.95,874546,2.3592416406761796,7434.538005485922,7394.441307483085,40.096698002837,-4.49409804140674,234.85000000000036,62.350000000000364,172.5,234.85000000000036,130.2571428571429,932717.85,No Signal
363,2023-12-21T00:00:00+05:30,7426.6,7477.0,7305.5,7367.15,913082,2.3274370612980886,7424.17062002655,7392.419729151005,31.750890875544428,2.7548997419834937,171.5,16.949999999999818,188.44999999999982,188.44999999999982,132.43571428571425,926301.75,No Signal
364,2023-12-22T00:00:00+05:30,7418.95,7440.0,7243.0,7295.3,1129485,2.2073342986998594,7404.344370791696,7385.22567513982,19.118695651875896,6.027658923961974,197.0,72.85000000000036,124.14999999999964,197.0,135.03214285714284,952468.1,No Signal
365,2023-12-26T00:00:00+05:30,7325.0,7344.0,7145.25,7162.3,1225844,2.0801538729641798,7367.106775285281,7368.7126621665,-1.6058868812187939,4.500949762925821,198.75,48.69999999999982,150.05000000000018,198.75,140.66071428571428,977435.35,Sell
366,2023-12-27T00:00:00+05:30,7219.9,7323.4,7190.9,7232.8,1605279,1.971494486566985,7346.444194472161,7358.6450575615745,-12.20086308941336,1.1605871924579845,132.5,161.09999999999945,28.599999999999454,161.09999999999945,144.3678571428571,1021291.4,Sell
367,2023-12-28T00:00:00+05:30,7275.0,7290.0,7200.0,7258.65,1856064,1.857019714370401,7332.937395322598,7351.238016260717,-18.30062093811921,-2.731654433657454,90.0,57.19999999999982,32.80000000000018,90.0,142.6535714285714,1079973.1,Sell
368,2023-12-29T00:00:00+05:30,7231.65,7343.0,7205.15,7327.75,912802,1.6815820212048278,7332.139334503737,7349.498163204367,-17.35882870063051,-5.657089287052066,137.85000000000036,84.35000000000036,53.5,137.85000000000036,143.63571428571427,1062016.5,Sell
369,2024-01-01T00:00:00+05:30,7336.95,7336.95,7273.0,7299.05,331489,1.6672572721090355,7327.048667657008,7345.761262226266,-18.712594569257817,-8.268190343493217,63.94999999999982,9.199999999999818,54.75,63.94999999999982,142.29999999999998,1033567.1,Sell
370,2024-01-02T00:00:00+05:30,7324.0,7445.1,7280.05,7430.05,1112990,1.6441778283529611,7342.895026479007,7352.004872431728,-9.109845952720207,-8.436521465338615,165.05000000000018,146.05000000000018,19.0,165.05000000000018,148.80357142857142,1034145.3,Sell
371,2024-01-03T00:00:00+05:30,7444.95,7485.85,7368.2,7384.8,553405,1.6533435507207532,7349.341945482237,7354.4341411404885,-5.092195658251512,-7.7676563039211945,117.65000000000055,55.80000000000018,61.850000000000364,117.65000000000055,149.52500000000003,985703.45,Buy
372,2024-01-04T00:00:00+05:30,7560.0,7733.95,7560.0,7705.55,2911879,1.8527112572079933,7404.143184638816,7380.44272327823,23.700461360585905,-1.474032771019775,173.94999999999982,349.14999999999964,175.19999999999982,349.14999999999964,156.375,1096207.4,Buy
373,2024-01-05T00:00:00+05:30,7734.95,7789.0,7673.1,7711.15,1052601,2.0771842196857184,7451.3750023866905,7404.939558590953,46.43544379573723,8.107862542331626,115.89999999999964,83.44999999999982,32.44999999999982,115.89999999999964,158.66071428571428,1115394.35,Buy
374,2024-01-08T00:00:00+05:30,7677.0,7830.0,7631.3,7736.0,1121209,2.2594078459056908,7495.1634635579685,7429.462554250883,65.70090930708557,19.626471895282414,198.69999999999982,118.85000000000036,79.84999999999945,198.69999999999982,166.07142857142858,1114235.4,Buy
375,2024-01-09T00:00:00+05:30,7774.0,7810.0,7698.0,7725.45,1247083,2.3845413931784396,7530.592161472127,7451.387550232299,79.20461123982841,31.542099764191615,112.0,74.0,38.0,112.0,166.45714285714283,1147086.8,Buy
376,2024-01-10T00:00:00+05:30,7716.0,7735.25,7660.0,7680.55,559072,2.4560608276450204,7553.662598168723,7468.362546511388,85.30005165733473,42.29369014282024,75.25,9.800000000000182,65.44999999999982,75.25,155.0571428571428,1143374.8,Buy
377,2024-01-11T00:00:00+05:30,7680.0,7793.3,7651.05,7669.75,651741,2.444014502631748,7571.522198450458,7483.280135658692,88.24206279176542,51.48336467260928,142.25,112.75,29.5,142.25,151.7571428571428,1141814.1,Buy
378,2024-01-12T00:00:00+05:30,7684.0,7718.95,7617.0,7661.05,808638,2.4999465401546397,7585.295706381156,7496.448273758048,88.84743262310803,58.95617826270903,101.94999999999982,49.19999999999982,52.75,101.94999999999982,144.9678571428571,1095767.65,Buy
379,2024-01-15T00:00:00+05:30,7697.95,7697.95,7454.0,7478.0,997220,2.5606483121568346,7568.788674630209,7495.081734961156,73.7069396690531,61.90633054397785,243.94999999999982,36.899999999999636,207.05000000000018,243.94999999999982,148.1964285714285,1086931.75,Buy
380,2024-01-16T00:00:00+05:30,7475.0,7614.5,7427.9,7456.65,1194723,2.551796740229214,7551.536570840946,7492.2349397788485,59.30163106209784,61.38539064760185,186.60000000000036,136.5,50.100000000000364,186.60000000000036,150.01785714285714,1092528.0,Sell
381,2024-01-17T00:00:00+05:30,7303.3,7478.2,7302.2,7358.85,1380271,2.5679842491692293,7521.892483019263,7482.354573869304,39.53790914995898,57.01589434807328,176.0,21.550000000000182,154.44999999999982,176.0,156.16071428571428,1121971.15,Sell
382,2024-01-18T00:00:00+05:30,7296.0,7351.75,7234.0,7265.55,1686996,2.6754354305637897,7482.455177939376,7466.294975804911,16.16020213446518,48.84475590535166,117.75,7.100000000000364,124.85000000000036,124.85000000000036,155.23214285714286,1162593.65,Sell
383,2024-01-19T00:00:00+05:30,7360.0,7388.8,7261.25,7319.1,830810,2.6763996019040417,7457.323612102549,7455.3916442638065,1.9319678387428212,39.462198292029896,127.55000000000018,123.25,4.300000000000182,127.55000000000018,159.77500000000003,1158480.05,Sell
384,2024-01-20T00:00:00+05:30,7327.75,7386.3,7291.0,7301.3,219358,2.6793945501366836,7433.319979471388,7443.977448392414,-10.657468921025611,29.438264849418797,95.30000000000018,67.19999999999982,28.100000000000364,95.30000000000018,154.79285714285717,1112973.7,Sell
385,2024-01-23T00:00:00+05:30,7352.9,7355.0,7042.6,7070.7,2533297,2.882653744434063,7377.532290321944,7416.327267030013,-38.79497670806904,15.79161653792123,312.39999999999964,53.69999999999982,258.6999999999998,312.39999999999964,168.7035714285714,1178346.35,Sell
386,2024-01-24T00:00:00+05:30,7104.0,7104.0,6996.8,7055.3,2063675,3.080812913435599,7327.958091810876,7389.584506509272,-61.62641469839582,0.3080102906578208,107.19999999999982,33.30000000000018,73.89999999999964,107.19999999999982,151.42142857142855,1201266.15,No Signal
387,2024-01-25T00:00:00+05:30,7055.3,7125.8,7036.0,7085.5,1168349,3.22256556738193,7290.656846916895,7367.059728249325,-76.4028813324303,-15.034168033959803,89.80000000000018,70.5,19.300000000000182,89.80000000000018,149.55714285714288,1166880.4,No Signal
388,2024-01-29T00:00:00+05:30,7085.5,7224.95,7085.1,7191.65,1860361,3.24959058575129,7275.425024314296,7354.066415045671,-78.6413907313754,-27.755612573442924,139.84999999999945,139.44999999999982,0.3999999999996362,139.84999999999945,145.35357142857143,1214258.35,No Signal
389,2024-01-30T00:00:00+05:30,6988.5,6988.5,6805.0,6817.2,4153147,3.958687261613645,7204.928866727481,7314.298532449696,-109.36966572221445,-44.07842320319723,183.5,203.14999999999964,386.64999999999964,386.64999999999964,164.97142857142853,1405341.25,Sell
390,2024-01-31T00:00:00+05:30,6820.0,6921.0,6812.0,6862.9,1810512,4.308478653204091,7152.309041077099,7280.8616041200885,-128.55256304298928,-60.973251171155646,109.0,103.80000000000018,5.199999999999818,109.0,167.3821428571428,1440217.35,Sell
391,2024-02-01T00:00:00+05:30,6865.9,6879.95,6733.0,6743.3,1911137,4.861505766942513,7089.384573219084,7241.042226037119,-151.65765281803488,-79.1101315005315,146.94999999999982,17.050000000000182,129.89999999999964,146.94999999999982,167.7178571428571,1508103.95,Sell
392,2024-02-02T00:00:00+05:30,6755.0,6910.0,6753.0,6848.3,1367508,4.879363186447966,7052.294638877686,7211.950209293628,-159.65557041594184,-95.21921928361357,157.0,166.69999999999982,9.699999999999818,166.69999999999982,172.3428571428571,1430885.4,Sell
393,2024-02-05T00:00:00+05:30,6894.0,6895.0,6600.0,6608.2,1771222,5.349601123500559,6983.972386742657,7167.227971568174,-183.25558482551696,-112.82649239199425,295.0,46.69999999999982,248.30000000000018,295.0,175.98928571428567,1466816.45,Sell
394,2024-02-06T00:00:00+05:30,6648.0,6699.0,6535.0,6598.15,2439533,5.4877390568692075,6924.615096474557,7125.07404774831,-200.45895127375297,-130.352984168346,164.0,90.80000000000018,73.19999999999982,164.0,174.37499999999994,1532732.65,Sell
395,2024-02-07T00:00:00+05:30,6641.0,6728.25,6625.25,6692.7,1086216,5.308269940401157,6888.935850863086,7093.046340507694,-204.1104896446086,-145.10448526359855,103.0,130.10000000000036,27.100000000000364,130.10000000000036,171.09642857142853,1524689.3,Sell
396,2024-02-08T00:00:00+05:30,6731.85,6737.5,6536.7,6575.65,2193209,5.359051571771407,6840.73802765338,7054.720685655273,-213.98265800189256,-158.88011981125737,200.80000000000018,44.80000000000018,156.0,200.80000000000018,176.52142857142852,1606396.15,Sell
397,2024-02-09T00:00:00+05:30,6580.0,6677.7,6572.0,6654.5,1209874,5.051785140543365,6812.086023399014,7025.0747089400675,-212.9886855410532,-169.70183295721654,105.69999999999982,102.05000000000018,3.649999999999636,105.69999999999982,174.9607142857142,1634302.8,Sell
398,2024-02-12T00:00:00+05:30,6669.45,6671.85,6551.5,6569.15,544784,4.8222086665799075,6774.711250568396,6991.30250827784,-216.5912577094441,-179.07971790766206,120.35000000000036,17.350000000000364,103.0,120.35000000000036,176.74999999999994,1621110.1,Sell
399,2024-02-13T00:00:00+05:30,6600.0,6639.0,6553.1,6603.65,948014,4.606117442626213,6748.394135096335,6962.587507664667,-214.19337256833205,-186.10244883979607,85.89999999999964,69.85000000000036,16.049999999999272,85.89999999999964,160.5714285714285,1618649.8,No Signal
400,2024-02-14T00:00:00+05:30,6563.85,6656.0,6550.0,6646.5,636126,4.275663371952936,6732.718114312283,6939.173618208025,-206.45550389574146,-190.17305985098517,106.0,52.350000000000364,53.649999999999636,106.0,160.48571428571424,1590719.95,No Signal
401,2024-02-15T00:00:00+05:30,6646.0,6677.4,6585.65,6619.4,880859,4.050005297294091,6715.284558264239,6915.486683525949,-200.20212526170963,-192.17887293313007,91.75,30.899999999999636,60.850000000000364,91.75,160.62499999999994,1565749.35,No Signal
402,2024-02-16T00:00:00+05:30,6650.05,6660.0,6602.0,6619.2,1029431,3.849425986560722,6700.502318531279,6893.539521783287,-193.0372032520072,-192.3505389969055,58.0,40.600000000000364,17.399999999999636,58.0,154.7785714285714,1532871.1,No Signal
403,2024-02-19T00:00:00+05:30,6648.9,6806.9,6625.3,6712.8,1315881,3.3876424189293095,6702.394269526467,6880.151409058599,-177.757139532132,-189.4318591039508,181.59999999999945,187.69999999999982,6.100000000000364,187.69999999999982,140.56785714285712,1557124.65,No Signal
404,2024-02-20T00:00:00+05:30,6711.9,6792.0,6681.25,6763.6,1106709,2.8610090785228097,6711.810535753164,6871.517971350554,-159.70743559739003,-183.48697440263868,110.75,79.19999999999982,31.550000000000182,110.75,140.69285714285712,1601492.2,No Signal
405,2024-02-21T00:00:00+05:30,6790.0,6790.0,6665.05,6688.8,854944,2.696266864944031,6708.2704533296,6857.983306806069,-149.7128534764688,-176.73215021740472,124.94999999999982,26.399999999999636,98.55000000000018,124.94999999999982,139.12142857142857,1517574.55,No Signal
406,2024-02-22T00:00:00+05:30,6691.05,6706.85,6561.0,6674.95,1022374,2.482042724073948,6703.144229740431,6844.4252840796935,-141.28105433926248,-169.64193104177627,145.85000000000036,18.050000000000182,127.80000000000018,145.85000000000036,137.6321428571429,1465509.5,No Signal
407,2024-02-23T00:00:00+05:30,6674.0,6719.0,6632.6,6697.85,1280311,2.132811190014795,6702.329732857288,6833.567855629346,-131.23812277205798,-161.96116938783263,86.39999999999964,44.05000000000018,42.349999999999454,86.39999999999964,122.73214285714286,1471107.6,No Signal
408,2024-02-26T00:00:00+05:30,6690.0,6708.0,6624.2,6643.25,892056,1.3128613595843486,6693.240543186936,6819.470236693839,-126.22969350690346,-154.8148742116468,83.80000000000018,10.149999999999636,73.65000000000055,83.80000000000018,117.00357142857145,1422692.35,No Signal
409,2024-02-27T00:00:00+05:30,6631.0,6642.0,6491.1,6556.25,1150306,1.3029907997753012,6672.16507500433,6799.972441383185,-127.80736637885457,-149.41337264508837,150.89999999999964,1.25,152.14999999999964,152.14999999999964,118.5785714285714,1272550.3,No Signal
410,2024-02-28T00:00:00+05:30,6572.0,6596.75,6475.0,6498.7,535321,1.240086965251956,6645.478140388279,6777.65596424369,-132.17782385541068,-145.96626288715285,121.75,40.5,81.25,121.75,112.93214285714281,1208790.75,No Signal
411,2024-02-29T00:00:00+05:30,6499.0,6539.0,6366.2,6495.35,1699098,1.3020868493421196,6622.381503405467,6756.74441133675,-134.3629079312832,-143.64559189597892,172.80000000000018,40.30000000000018,132.5,172.80000000000018,117.72499999999998,1198188.8,No Signal
412,2024-03-01T00:00:00+05:30,6511.75,6608.7,6502.1,6571.45,919080,1.061597518980181,6614.545887496934,6743.01889938588,-128.47301188894653,-140.61107589457245,106.59999999999945,113.34999999999945,6.75,113.34999999999945,117.22499999999991,1175767.4,No Signal
413,2024-03-02T00:00:00+05:30,6565.0,6605.0,6565.0,6584.35,49760,1.0670425529913516,6609.90036634356,6731.265647579518,-121.36528123595872,-136.7619169628497,40.0,33.55000000000018,6.449999999999818,40.0,113.94642857142851,1089694.3,No Signal
414,2024-03-04T00:00:00+05:30,6588.0,6639.95,6557.45,6602.45,397118,1.062988773079763,6608.754156136858,6721.723747758813,-112.96959162195526,-132.00345189467083,82.5,55.599999999999454,26.900000000000546,82.5,112.26785714285708,987573.55,No Signal
415,2024-03-05T00:00:00+05:30,6602.45,6636.25,6272.0,6324.25,1717558,1.5026258031890076,6564.984285961957,6692.281247924827,-127.29696196287023,-131.0621539083107,364.25,33.80000000000018,330.4499999999998,364.25,131.7321428571428,1019140.65,No Signal
416,2024-03-06T00:00:00+05:30,6332.5,6345.9,6187.8,6311.25,2104792,1.8304468547639448,6525.94824196781,6664.056711041507,-138.10846907369705,-132.471416941388,158.09999999999945,21.649999999999636,136.44999999999982,158.09999999999945,138.88214285714275,1014719.8,Sell
417,2024-03-07T00:00:00+05:30,6350.0,6468.6,6325.4,6421.05,1469421,1.8774041897421405,6509.810050895839,6646.056213927322,-136.24616303148287,-133.22636615940698,143.20000000000073,157.35000000000036,14.149999999999636,157.35000000000036,136.71428571428564,1027697.15,Sell
418,2024-03-11T00:00:00+05:30,6550.0,6552.0,6404.0,6433.75,1203971,1.9417228511187243,6498.108504604171,6630.329827710483,-132.2213231063124,-133.02535754878807,148.0,130.94999999999982,17.050000000000182,148.0,139.37499999999994,1060656.5,Buy
419,2024-03-12T00:00:00+05:30,6405.0,6485.0,6341.35,6436.05,1094677,1.994492556499931,6488.561042357375,6615.938729361558,-127.37768700418292,-131.89582343986706,143.64999999999964,51.25,92.39999999999964,143.64999999999964,140.7107142857142,1067989.65,Buy
420,2024-03-13T00:00:00+05:30,6439.25,6514.95,6391.55,6456.15,1132183,1.9991076140358641,6483.574728148548,6604.102527186628,-120.52779903808005,-129.62221855950966,123.39999999999964,78.89999999999964,44.5,123.39999999999964,139.10714285714272,1092792.5,Buy
421,2024-03-14T00:00:00+05:30,6456.15,6470.0,6297.8,6397.45,1219865,2.0754309485094913,6470.324769971849,6588.794932580211,-118.47016260836244,-127.39180736928023,172.19999999999982,13.850000000000364,158.34999999999945,172.19999999999982,145.23571428571418,1109742.8,Buy
422,2024-03-15T00:00:00+05:30,6375.05,6578.0,6360.0,6514.35,1970500,2.0222071064761256,6477.097882283872,6583.280493129825,-106.1826108459527,-123.14996806461473,218.0,180.55000000000018,37.44999999999982,218.0,154.82142857142844,1156796.25,Buy
423,2024-03-18T00:00:00+05:30,6514.35,6555.0,6456.1,6504.65,676425,1.927321769946167,6481.336669624815,6577.456012157246,-96.11934253243089,-117.74384295817796,98.89999999999964,40.649999999999636,58.25,98.89999999999964,151.01785714285703,1124823.45,Buy
424,2024-03-19T00:00:00+05:30,6509.7,6667.2,6505.0,6596.25,1408087,1.7272295621215283,6499.01564352869,6578.848159404857,-79.83251587616724,-110.16157754177583,162.19999999999982,162.55000000000018,0.3500000000003638,162.55000000000018,153.93214285714274,1139892.35,Buy
425,2024-03-20T00:00:00+05:30,6610.0,6731.0,6606.0,6649.5,1490831,1.6720256497664707,6522.167082985815,6584.0816290785715,-61.91454609275661,-100.51217125197199,125.0,134.75,9.75,134.75,151.21428571428558,1171686.7,Buy
426,2024-03-21T00:00:00+05:30,6707.5,6771.65,6657.15,6715.75,1806092,1.7053592316158688,6551.949070218767,6593.834841739418,-41.88577152065136,-88.78689130570787,114.5,122.14999999999964,7.649999999999636,122.14999999999964,151.842857142857,1210872.6,Buy
427,2024-03-22T00:00:00+05:30,6705.0,6803.0,6686.3,6760.9,1125238,1.780594654561734,6584.095367108187,6606.2100386476095,-22.11467153942249,-75.4524473524508,116.69999999999982,87.25,29.449999999999818,116.69999999999982,157.32142857142844,1203118.95,Buy
428,2024-03-26T00:00:00+05:30,6754.5,6945.0,6745.0,6910.1,1850321,2.117606580134138,6634.24992601462,6628.720406155194,5.529519859425818,-59.25605391007548,200.0,184.10000000000036,15.899999999999636,200.0,165.71428571428558,1251032.2,Buy
429,2024-03-27T00:00:00+05:30,6945.75,7049.0,6905.0,7022.75,1551275,2.596052153726523,6694.019168166216,6657.907783477031,36.11138468918489,-40.18256619022341,144.0,138.89999999999964,5.100000000000364,144.0,149.98214285714272,1271080.65,Buy
430,2024-03-28T00:00:00+05:30,7032.1,7349.3,7032.1,7245.25,3574518,3.273832424103619,6778.82391152526,6701.414614330584,77.40929719467567,-16.664193513243596,317.1999999999998,326.5500000000002,9.350000000000364,326.5500000000002,162.01428571428565,1423040.5,Buy
431,2024-04-01T00:00:00+05:30,7261.25,7343.45,7220.05,7250.95,1125238,3.818778074835601,6851.458694367528,6742.120939194985,109.33775517254253,8.536196223913631,123.39999999999964,98.19999999999982,25.199999999999818,123.39999999999964,159.58928571428558,1394347.5,Buy
432,2024-04-02T00:00:00+05:30,7250.95,7255.0,7135.0,7207.4,967615,4.222330803790559,6906.218895234062,6776.586054810171,129.63284042389114,32.75552506390913,120.0,4.050000000000182,115.94999999999982,120.0,157.58928571428558,1396774.25,Buy
433,2024-04-03T00:00:00+05:30,7197.0,7323.35,7186.15,7309.25,958943,4.590082320438889,6968.223680582668,6816.042643342751,152.1810372399168,56.64062749911067,137.20000000000073,115.95000000000073,21.25,137.20000000000073,157.12857142857138,1442233.4,Buy
434,2024-04-04T00:00:00+05:30,7345.0,7350.0,7255.0,7283.4,1040589,4.92180085654373,7016.712345108412,6850.661706798844,166.05063830956806,78.52262966120215,95.0,40.75,54.25,95.0,155.09999999999997,1474406.95,Buy
435,2024-04-05T00:00:00+05:30,7234.75,7259.0,7156.0,7175.65,1200494,4.980252809004654,7041.16429201481,6874.734913702633,166.4293783121766,96.10397939139705,103.0,24.399999999999636,127.39999999999964,127.39999999999964,151.89999999999995,1448553.75,Buy
436,2024-04-08T00:00:00+05:30,7215.0,7226.95,7142.8,7178.55,518210,4.875989071242768,7062.300554781762,6897.2397349098455,165.06081987191646,109.89534748750093,84.14999999999964,51.30000000000018,32.849999999999454,84.14999999999964,142.33928571428564,1369224.65,No Signal
437,2024-04-09T00:00:00+05:30,7220.0,7235.35,7124.5,7193.6,710281,4.808207409279363,7082.500469430722,6919.192347138746,163.30812229197545,120.57790244839583,110.85000000000036,56.80000000000018,54.05000000000018,110.85000000000036,143.19285714285712,1331267.65,No Signal
438,2024-04-10T00:00:00+05:30,7235.9,7254.0,7160.0,7230.25,567986,4.699277034846355,7105.23116644138,6942.233654758098,162.99751168328203,129.06182429537307,94.0,60.399999999999636,33.600000000000364,94.0,138.29642857142855,1299468.4,No Signal
439,2024-04-12T00:00:00+05:30,7224.0,7264.0,7156.3,7229.55,1092588,4.545989617049839,7124.357140835014,6963.516346998239,160.84079383677545,135.41761820365355,107.69999999999982,33.75,73.94999999999982,107.69999999999982,136.36428571428567,1299363.95,No Signal
440,2024-04-15T00:00:00+05:30,7145.05,7198.8,7063.45,7076.25,758448,4.368386588086678,7116.956042245012,6971.866987961333,145.08905428367962,137.35190541965878,135.35000000000036,30.75,166.10000000000036,166.10000000000036,139.50357142857143,1280677.2,No Signal
441,2024-04-16T00:00:00+05:30,7009.95,7034.3,6940.0,6956.15,499504,3.9978313281439672,7092.216651130395,6970.702766630863,121.51388449953174,134.18430123563337,94.30000000000018,41.94999999999982,136.25,136.25,140.90000000000003,1244659.15,No Signal
442,2024-04-18T00:00:00+05:30,6928.1,6995.0,6866.0,6893.2,1385133,3.702144922917367,7061.598704802642,6964.961820954503,96.6368838481385,126.67481775813441,129.0,38.850000000000364,90.14999999999964,129.0,135.82857142857145,1215390.8,No Signal
443,2024-04-19T00:00:00+05:30,6840.05,6913.0,6810.05,6908.65,415205,3.2813855187868772,7038.0681348330045,6960.790574957873,77.27755987513137,116.79536618153381,102.94999999999982,19.800000000000182,83.14999999999964,102.94999999999982,132.89642857142857,1202329.8,No Signal
444,2024-04-22T00:00:00+05:30,7167.3,7306.0,7167.3,7292.2,1165272,2.84781414066981,7077.165344858696,6985.33942125729,91.82592360140552,111.80147766550816,138.69999999999982,397.35000000000036,258.65000000000055,397.35000000000036,137.95357142857145,1190189.05,No Signal
445,2024-04-23T00:00:00+05:30,7309.0,7339.9,7236.8,7259.9,1081567,2.5566223069739316,7105.278368726588,7005.677241904898,99.60112682168983,109.3614074967445,103.09999999999945,47.69999999999982,55.399999999999636,103.09999999999945,136.50357142857143,1169725.85,No Signal
446,2024-04-24T00:00:00+05:30,7283.0,7419.45,7250.0,7329.15,886929,2.2884411844787524,7139.720158153267,7029.63818694898,110.08197120428758,109.50552023825313,169.44999999999982,159.55000000000018,9.899999999999636,169.44999999999982,140.03571428571428,1123767.7,No Signal
447,2024-04-25T00:00:00+05:30,7330.0,7364.85,7125.1,7294.9,1173354,2.00176087258137,7163.593979975842,7049.287210137944,114.30676983789726,110.46577015818195,239.75,35.70000000000073,204.04999999999927,239.75,147.36071428571424,1126173.5,Buy
448,2024-04-26T00:00:00+05:30,7000.0,7000.0,6691.5,6731.2,5814723,2.4714178897607626,7097.071829210327,7025.725194572171,71.3466346381565,102.64194305417686,308.5,294.89999999999964,603.3999999999996,603.3999999999996,183.67499999999993,1324393.6,Sell
449,2024-04-29T00:00:00+05:30,6789.95,6839.6,6713.05,6826.6,1681030,2.6325040678290685,7055.460778562585,7010.9751801594175,44.48559840316739,91.01067412397498,126.55000000000018,108.40000000000055,18.149999999999636,126.55000000000018,183.61428571428567,1330881.35,Sell
450,2024-04-30T00:00:00+05:30,6829.95,6975.0,6821.95,6923.55,1798675,2.6643505497580047,7035.16681262988,7004.49924088835,30.667571741530082,78.942053647486,153.05000000000018,148.39999999999964,4.650000000000546,153.05000000000018,188.53571428571428,1242089.2,Sell
451,2024-05-02T00:00:00+05:30,6937.85,6969.95,6865.0,6882.7,1139572,2.7576402775722095,7011.710379917591,6995.47707489662,16.233305020970874,66.40030392218299,104.94999999999982,46.399999999999636,58.55000000000018,104.94999999999982,188.11428571428567,1242805.9,Sell
452,2024-05-03T00:00:00+05:30,7329.0,7400.0,6906.95,6931.5,6818601,2.7741463882917037,6999.370321468731,6990.738032311686,8.632289157045307,54.84670096915545,493.0500000000002,517.3000000000002,24.25,517.3000000000002,218.34999999999997,1535355.2,Sell
453,2024-05-06T00:00:00+05:30,7007.95,7019.95,6845.0,6859.85,1229988,2.8022700297635277,6977.905656627388,6981.04262251082,-3.1369658834319125,43.24996759863798,174.94999999999982,88.44999999999982,86.5,174.94999999999982,223.1535714285714,1548907.45,Sell
454,2024-05-07T00:00:00+05:30,6889.95,6943.1,6788.0,6872.55,1298126,2.771760464489292,6961.697094069329,6973.006131954463,-11.309037885133876,32.33816650188361,155.10000000000036,83.25,71.85000000000036,155.10000000000036,222.3678571428571,1561784.3,Sell
455,2024-05-08T00:00:00+05:30,6871.5,6879.55,6785.0,6799.45,725925,2.884920297676381,6936.736002674048,6960.150122180058,-23.414119506010138,21.187709300304864,94.55000000000018,7.0,87.55000000000018,94.55000000000018,219.3892857142857,1538055.85,Sell
456,2024-05-09T00:00:00+05:30,6799.9,6832.7,6585.0,6605.15,1381115,3.2528152411734728,6885.722771493425,6933.853816833387,-48.13104533996193,7.323958372251505,247.69999999999982,33.25,214.44999999999982,247.69999999999982,227.8678571428571,1581201.1,Sell
457,2024-05-10T00:00:00+05:30,6638.9,6698.0,6601.2,6684.15,824908,3.312220435550136,6854.711575879052,6915.357237808692,-60.64566192963957,-6.269965688126711,96.80000000000018,92.85000000000036,3.949999999999818,96.80000000000018,227.42857142857142,1586932.45,Sell
458,2024-05-13T00:00:00+05:30,6684.0,6744.3,6620.0,6718.75,512256,3.280757193272958,6833.794410359198,6900.793738711752,-66.99932835255368,-18.415838221012105,124.30000000000018,60.150000000000546,64.14999999999964,124.30000000000018,207.92499999999998,1584145.95,Sell
459,2024-05-14T00:00:00+05:30,6710.0,6741.85,6657.6,6675.7,755840,3.2766565446069116,6809.47219338086,6884.120128436807,-74.64793505594753,-29.662257587999193,84.25,23.100000000000364,61.149999999999636,84.25,206.57857142857145,1567308.55,Sell
460,2024-05-15T00:00:00+05:30,6692.0,6731.95,6645.05,6677.6,322470,3.3315377627183422,6789.184163629958,6868.822341145192,-79.63817751523402,-39.65744157344616,86.89999999999964,56.25,30.649999999999636,86.89999999999964,200.68214285714288,1545509.65,Sell
461,2024-05-16T00:00:00+05:30,6700.35,6762.1,6623.05,6747.15,1059851,3.333107383175898,6782.717369225349,6859.809575134437,-77.09220590908808,-47.144394440574544,139.05000000000018,84.5,54.55000000000018,139.05000000000018,193.48928571428573,1573527.0,Sell
462,2024-05-17T00:00:00+05:30,6747.0,6780.0,6701.05,6727.4,480158,3.3894323927482586,6774.207004729142,6850.001458457812,-75.7944537286703,-52.8744062981937,78.94999999999982,32.850000000000364,46.099999999999454,78.94999999999982,156.02857142857147,1528278.25,No Signal
463,2024-05-18T00:00:00+05:30,6725.0,6758.0,6725.0,6739.0,49708,3.417904303934555,6768.79054246312,6841.779128201678,-72.98858573855796,-56.89724218626655,33.0,30.600000000000364,2.399999999999636,33.0,149.3464285714286,1510003.4,No Signal
464,2024-05-21T00:00:00+05:30,6705.0,6785.0,6705.0,6742.85,761624,3.119492419822224,6764.799689776486,6834.451044631183,-69.65135485469727,-59.4480647199527,80.0,46.0,34.0,80.0,144.12857142857143,1489821.0,No Signal
465,2024-05-22T00:00:00+05:30,6777.45,6777.45,6727.25,6744.55,416046,2.788313574910211,6761.684352887796,6827.791707991836,-66.10735510403993,-60.779922796770144,50.19999999999982,34.599999999999454,15.600000000000364,50.19999999999982,140.21785714285716,1456544.95,No Signal
466,2024-05-23T00:00:00+05:30,6759.55,6853.5,6730.05,6826.65,709317,2.1409363815364744,6771.679067828135,6827.707137029478,-56.02806920134299,-59.82955207768472,123.44999999999982,108.94999999999982,14.5,123.44999999999982,112.08571428571427,1447664.35,No Signal
467,2024-05-24T00:00:00+05:30,6820.0,6910.0,6793.0,6836.9,742043,1.3096233622266125,6781.713057393037,6828.388089842109,-46.675032449072205,-57.19864815196222,117.0,83.35000000000036,33.649999999999636,117.0,107.94642857142857,1426098.8,No Signal
468,2024-05-27T00:00:00+05:30,6859.0,6959.55,6810.0,6895.5,655471,1.3419958814273651,6799.2187408710315,6833.359342446398,-34.14060157536642,-52.58703883664306,149.55000000000018,122.65000000000055,26.899999999999636,149.55000000000018,107.54999999999998,1168136.2,No Signal
469,2024-05-28T00:00:00+05:30,6913.95,6945.0,6856.9,6873.05,752867,1.370300890864621,6810.577396121642,6836.2993911540725,-25.72199503243064,-47.21403007580058,88.10000000000036,49.5,38.600000000000364,88.10000000000036,107.08928571428571,1121728.05,No Signal
470,2024-05-29T00:00:00+05:30,6878.0,6908.0,6785.35,6806.7,721331,1.3048119628813566,6809.980873641389,6834.106843661179,-24.125970019789747,-42.59641806459842,122.64999999999964,34.94999999999982,87.69999999999982,122.64999999999964,98.15714285714284,1067860.85,No Signal
471,2024-05-30T00:00:00+05:30,6779.9,6798.95,6594.05,6616.45,1155575,1.4032504816250793,6780.206893081175,6817.984114501091,-37.777221419916714,-41.63257873566208,204.89999999999964,7.75,212.64999999999964,212.64999999999964,106.43214285714281,1068661.0,No Signal
472,2024-05-31T00:00:00+05:30,6664.95,6771.95,6642.4,6697.7,2841733,1.28048337545496,6767.51352491484,6809.074180093603,-41.56065517876323,-41.61819402428231,129.55000000000018,155.5,25.949999999999818,155.5,108.66071428571422,869817.6,No Signal
473,2024-06-03T00:00:00+05:30,6948.85,6988.7,6832.95,6915.55,1148212,1.3023263933840603,6790.288367235634,6816.961277864447,-26.672910628813042,-38.62913734518846,155.75,291.0,135.25,291.0,123.42857142857136,865728.8,No Signal
474,2024-06-04T00:00:00+05:30,6915.95,6915.95,6375.7,6509.55,3299387,1.5669703550317133,6747.097849199383,6794.19007209671,-47.09222289732679,-40.32175445561613,540.25,0.3999999999996362,539.8500000000004,540.25,155.81071428571425,965791.85,Sell
475,2024-06-05T00:00:00+05:30,6604.0,6862.0,6535.55,6836.65,1218517,1.512944963857131,6760.875103168709,6797.3352519413975,-36.460148772688626,-39.54943331903063,326.4499999999998,352.4499999999998,26.0,352.4499999999998,171.05357142857136,990421.45,Buy
476,2024-06-06T00:00:00+05:30,6850.0,7012.95,6822.3,6925.8,1465716,1.5251928838498188,6786.248164219677,6806.851159204998,-20.602994985320947,-35.7601456522887,190.64999999999964,176.30000000000018,14.349999999999454,190.64999999999964,179.0321428571428,994651.5,Buy
477,2024-06-07T00:00:00+05:30,6995.0,7299.0,6941.0,7191.4,2984052,1.9655258318880118,6848.579215878189,6835.336258523146,13.242957355042563,-25.95952505082245,358.0,373.1999999999998,15.199999999999818,373.1999999999998,203.33214285714277,1102608.7,Buy
478,2024-06-10T00:00:00+05:30,7250.0,7250.0,7075.25,7088.85,872318,2.1961893764280616,6885.543951896929,6854.115054188098,31.428897708830846,-14.481840498891792,174.75,58.600000000000364,116.14999999999964,174.75,210.0999999999999,1120611.8,Buy
479,2024-06-11T00:00:00+05:30,7083.0,7169.0,7051.0,7138.1,1205213,2.3731535888624444,6924.39872852817,6875.150976100091,49.247752428079366,-1.7359219134975605,118.0,80.14999999999964,37.850000000000364,118.0,214.94285714285706,1143080.45,Buy
480,2024-06-12T00:00:00+05:30,7148.0,7277.0,7115.0,7217.75,1268508,2.5844418573221577,6969.52969336999,6900.528681574158,69.0010117958318,12.411464828368313,162.0,138.89999999999964,23.100000000000364,162.0,217.6964285714285,1190382.35,Buy
481,2024-06-13T00:00:00+05:30,7252.2,7325.0,7232.15,7294.95,1345495,2.8638682371077784,7019.594355928453,6929.745075531628,89.84928039682563,27.899027942059778,92.85000000000036,107.25,14.399999999999636,107.25,216.99999999999994,1204664.55,Buy
482,2024-06-14T00:00:00+05:30,7296.05,7370.0,7247.0,7341.55,1187488,3.1227251805145224,7069.125993477922,6960.249144010766,108.87684946715581,44.094592247078985,123.0,75.05000000000018,47.94999999999982,123.0,215.10357142857134,1240031.05,Buy
483,2024-06-18T00:00:00+05:30,7365.0,7429.45,7300.0,7334.7,946904,3.324388789910629,7109.983532942857,6987.986244454413,121.9972884884437,59.675131495351934,129.44999999999982,87.89999999999964,41.55000000000018,129.44999999999982,218.05714285714274,1284890.85,Buy
484,2024-06-19T00:00:00+05:30,7334.7,7348.95,7177.9,7233.95,520400,3.4206719393837766,7129.055297105494,7006.205781902235,122.84951520325922,72.3100082369334,171.05000000000018,14.25,156.80000000000018,171.05000000000018,221.51428571428565,1272829.65,Buy
485,2024-06-20T00:00:00+05:30,7220.0,7264.9,7111.0,7207.1,900158,3.4306109530745763,7141.06217447388,7021.086835094662,119.97533937921798,81.84307446539032,153.89999999999964,30.949999999999818,122.94999999999982,153.89999999999964,217.31785714285706,1297035.25,Buy
486,2024-06-21T00:00:00+05:30,7239.3,7265.0,7075.0,7134.25,1499818,3.450296641865575,7140.014147631745,7029.469291754317,110.54485587742784,87.58343074779782,190.0,57.899999999999636,132.10000000000036,190.0,219.7821428571428,1336560.3,Buy
487,2024-06-24T00:00:00+05:30,7076.0,7106.95,7020.55,7081.85,635654,3.4374745425006994,7131.065817226861,7033.34934421696,97.71647300990116,89.6100392002185,86.39999999999964,27.300000000000182,113.69999999999982,113.69999999999982,207.11785714285705,1331240.85,Buy
488,2024-06-25T00:00:00+05:30,7101.0,7140.0,6998.0,7074.45,1560811,3.42101269765925,7122.355691499652,7036.393837237926,85.96185426172542,88.88040221251988,142.0,58.149999999999636,83.85000000000036,142.0,178.6714285714285,1376507.85,No Signal
489,2024-06-26T00:00:00+05:30,7070.0,7179.25,7035.0,7158.2,912552,3.365774404690705,7127.870200499705,7045.416515961043,82.45368453866195,87.5950586777483,144.25,104.80000000000018,39.44999999999982,144.25,163.79999999999993,1384492.1,No Signal
490,2024-06-27T00:00:00+05:30,7150.0,7239.0,7083.05,7166.75,1137606,3.2923944046723697,7133.851708115135,7054.40418144541,79.44752666972454,85.96555227614355,155.94999999999982,80.80000000000018,75.14999999999964,155.94999999999982,161.3214285714285,1405305.85,No Signal
491,2024-06-28T00:00:00+05:30,7165.0,7226.0,7105.3,7115.55,829584,2.9785562736916416,7131.036060712807,7058.933501338343,72.10255937446345,83.19295369580753,120.69999999999982,59.25,61.44999999999982,120.69999999999982,143.28571428571422,1389006.3,No Signal
492,2024-07-01T00:00:00+05:30,7075.0,7304.0,7075.0,7276.75,772745,2.6853845676062273,7153.453589833914,7075.068056794762,78.3855330391516,82.23146956447634,229.0,188.44999999999982,40.55000000000018,229.0,147.16071428571422,1285556.9,No Signal
493,2024-07-02T00:00:00+05:30,7275.0,7275.95,7122.0,7165.6,1281027,2.652849058889985,7155.322268321004,7081.774126661817,73.54814165918742,80.49480398341856,153.94999999999982,0.8000000000001819,154.75,154.75,149.78571428571422,1292197.65,No Signal
494,2024-07-03T00:00:00+05:30,7189.95,7284.65,7170.0,7258.8,836393,1.7255726945528607,7171.241919348542,7094.887154316497,76.35476503204518,79.6667961931439,114.64999999999964,119.04999999999927,4.399999999999636,119.04999999999927,146.717857142857,1169047.95,No Signal
495,2024-07-04T00:00:00+05:30,7301.05,7325.0,7100.0,7107.05,1897977,1.4126763965875464,7161.3662394487665,7095.788105848608,65.57813360015825,76.84906367454677,225.0,66.19999999999982,158.80000000000018,225.0,155.12857142857132,1203020.95,No Signal
496,2024-07-05T00:00:00+05:30,7134.0,7149.9,7077.0,7138.0,931079,1.1510186820370927,7157.771433379726,7098.9149128227855,58.85652055694027,73.25055505102547,72.89999999999964,42.849999999999454,30.050000000000182,72.89999999999964,151.54999999999987,1176289.1,No Signal
497,2024-07-08T00:00:00+05:30,7144.95,7147.65,7047.0,7098.25,677705,1.189901609170116,7148.614289782845,7098.865660021098,49.748629761747,68.55016999316977,100.64999999999964,9.649999999999636,91.0,100.64999999999964,149.492857142857,1060971.75,No Signal
498,2024-07-09T00:00:00+05:30,7109.85,7142.4,7042.0,7068.05,973503,1.2136640177786018,7136.219783662407,7096.583018538054,39.63676512435359,62.76748901940654,100.39999999999964,44.149999999999636,56.25,100.39999999999964,144.44642857142838,1066031.0,No Signal
499,2024-07-10T00:00:00+05:30,7068.0,7129.35,7021.0,7054.95,809714,1.2738202617374235,7123.716740022037,7093.4990912389385,30.21764878309841,56.25752097214492,108.35000000000036,61.30000000000018,47.05000000000018,108.35000000000036,141.192857142857,1046256.05,No Signal
500,2024-07-11T00:00:00+05:30,7087.9,7087.9,6930.0,6950.3,971801,1.4735603383889668,7097.037241557108,7082.891751147165,14.145490409942795,47.8351148597045,157.89999999999964,32.94999999999982,124.94999999999982,157.89999999999964,138.89999999999984,1031420.7,No Signal
501,2024-07-12T00:00:00+05:30,6996.95,7045.0,6915.05,7004.3,1068833,1.475279955153532,7082.769973625245,7077.070139951079,5.699833674166257,39.40805862259685,129.94999999999982,94.69999999999982,35.25,129.94999999999982,140.0607142857141,1017587.6,No Signal
502,2024-07-15T00:00:00+05:30,7020.05,7085.0,6995.25,7063.75,533373,1.3349297349802451,7079.843823836746,7076.083462917666,3.7603609190800853,32.2785190818935,89.75,80.69999999999982,9.050000000000182,89.75,136.32857142857125,984881.85,No Signal
503,2024-07-16T00:00:00+05:30,7080.0,7090.0,7005.2,7059.1,558200,1.1754788565460086,7076.6524663234,7074.825428627469,1.8270376959317218,26.188222804701144,84.80000000000018,26.25,58.55000000000018,84.80000000000018,132.0821428571427,965446.65,No Signal
504,2024-07-18T00:00:00+05:30,7047.1,7117.9,6971.15,7110.0,864605,1.1054806755582414,7081.7828561198,7077.430952432841,4.351903686959304,21.820958981152778,146.75,58.79999999999927,87.95000000000073,146.75,131.42499999999987,982656.9,No Signal
505,2024-07-19T00:00:00+05:30,7110.0,7110.0,6910.0,6932.3,938598,1.2307597698514319,7058.785493639831,7066.68051151189,-7.8950178720588156,15.87776361051046,200.0,0.0,200.0,200.0,137.08928571428558,984578.9,No Signal
506,2024-07-22T00:00:00+05:30,6932.0,6958.6,6849.4,6884.25,575193,1.417835497036175,7031.933879233703,7053.167140288787,-21.233261055083858,8.455558677391597,109.20000000000073,26.300000000000182,82.90000000000055,109.20000000000073,128.5321428571428,938347.65,No Signal
507,2024-07-23T00:00:00+05:30,6934.0,6944.85,6620.0,6727.1,1932212,1.884115231465457,6985.036359351595,7029.014018785914,-43.97765943431932,-2.0310849449505866,324.85000000000036,60.600000000000364,264.25,324.85000000000036,140.6821428571428,1003175.55,No Signal
508,2024-07-24T00:00:00+05:30,6630.0,6654.7,6541.05,6607.15,3100626,2.4776056658478827,6926.899996374426,6997.76483220918,-70.86483583475365,-15.7978351229112,113.64999999999964,72.40000000000055,186.05000000000018,186.05000000000018,145.46785714285716,1080166.3,Sell
509,2024-07-25T00:00:00+05:30,6560.0,6666.0,6551.45,6647.75,950965,2.768306178314318,6883.953843086053,6971.837807601092,-87.88396451503922,-30.215061001336807,114.55000000000018,58.850000000000364,55.69999999999982,114.55000000000018,137.57857142857145,1082086.95,No Signal
510,2024-07-26T00:00:00+05:30,6675.05,6808.4,6667.1,6789.75,1110184,2.7640493845477785,6869.460944149737,6958.349821852863,-88.88887770312613,-41.94982434169467,141.29999999999927,160.64999999999964,19.350000000000364,160.64999999999964,143.8464285714286,1080715.85,Sell
511,2024-07-29T00:00:00+05:30,6823.85,6855.0,6765.75,6812.45,748565,2.7936947875066753,6860.690029665162,6947.54242764154,-86.85239797637769,-50.93033906863128,89.25,65.25,24.0,89.25,143.0321428571429,1076664.9,Sell
512,2024-07-30T00:00:00+05:30,6812.45,6899.0,6783.0,6823.6,1179413,2.6502842870297143,6854.983871255137,6938.3615070754995,-83.37763582036223,-57.41979841897747,116.0,86.55000000000018,29.449999999999818,116.0,144.14642857142866,1096998.3,Sell
513,2024-07-31T00:00:00+05:30,6826.95,6855.0,6793.0,6806.95,889659,2.610177869792955,6847.594044908193,6928.627321366203,-81.03327645801073,-62.14249402678413,62.0,31.399999999999636,30.600000000000364,62.0,140.83571428571435,1077429.9,No Signal
514,2024-08-01T00:00:00+05:30,6831.5,6844.0,6750.0,6771.65,839523,2.4468877467623424,6835.910345691547,6916.999371635374,-81.08902594382653,-65.93180041019261,94.0,37.05000000000018,56.94999999999982,94.0,136.27142857142866,1077586.4,No Signal
515,2024-08-02T00:00:00+05:30,6725.0,6750.0,6673.1,6725.0,622218,2.458909662487378,6818.847215585155,6902.77719595868,-83.92998037352481,-69.53143640285906,76.89999999999964,21.649999999999636,98.54999999999927,98.54999999999927,134.02857142857147,1013798.45,No Signal
516,2024-08-05T00:00:00+05:30,6650.0,6650.0,6532.6,6596.7,944041,2.565716631820664,6784.670720879746,6880.104811072852,-95.43409019310548,-74.71196716090834,117.39999999999964,75.0,192.39999999999964,192.39999999999964,141.3607142857143,1014446.55,Sell
517,2024-08-06T00:00:00+05:30,6626.0,6697.0,6511.5,6538.35,891828,2.704186270419369,6746.7752253597855,6854.78963988227,-108.01441452248491,-81.37245663322366,185.5,100.30000000000018,85.19999999999982,185.5,148.55357142857142,1025152.7,Sell
518,2024-08-07T00:00:00+05:30,6600.0,6659.35,6581.1,6637.15,464284,2.635370025795344,6729.909806073664,6838.668185076176,-108.7583790025119,-86.84964110708131,78.25,121.0,42.75,121.0,146.71428571428572,999691.75,Sell
519,2024-08-08T00:00:00+05:30,6625.05,6678.05,6571.35,6582.2,690389,2.6503025776268765,6707.185220523869,6819.6705417372,-112.48532121333119,-91.97677712833129,106.69999999999982,40.900000000000546,65.79999999999927,106.69999999999982,140.04999999999998,993725.5,Sell
520,2024-08-09T00:00:00+05:30,6700.0,6700.0,6591.0,6618.2,699490,2.6523931751478753,6693.49518659712,6804.746797904815,-111.25161130769538,-95.83174396420412,109.0,117.80000000000018,8.800000000000182,117.80000000000018,140.66428571428565,980109.95,Sell
521,2024-08-12T00:00:00+05:30,6619.1,6645.0,6564.05,6608.15,674887,2.6033333187407757,6680.365157889871,6790.184072134088,-109.81891424421701,-98.62917802020671,80.94999999999982,26.800000000000182,54.149999999999636,80.94999999999982,123.24285714285705,960412.65,No Signal
522,2024-08-13T00:00:00+05:30,6644.95,6644.95,6452.2,6465.05,1072327,2.6259059151410424,6647.239748983737,6766.100066790822,-118.86031780708527,-102.67540597758243,192.75,36.80000000000018,155.94999999999982,192.75,123.72142857142846,987360.35,No Signal
523,2024-08-14T00:00:00+05:30,6482.5,6489.95,6430.95,6458.5,774276,2.520624732266871,6618.2028645247,6743.314876658169,-125.11201213346885,-107.16272720875972,59.0,24.899999999999636,34.100000000000364,59.0,119.7535714285713,998164.15,No Signal
524,2024-08-16T00:00:00+05:30,6505.0,6600.0,6425.0,6590.9,753419,2.033371429208183,6614.002423828592,6732.024885794601,-118.02246196600845,-109.33467416020947,175.0,141.5,33.5,175.0,120.77857142857134,992604.85,No Signal
525,2024-08-19T00:00:00+05:30,6638.0,6656.0,6593.6,6616.35,528730,1.8262050200815898,6614.363589393424,6723.456375735742,-109.0927863423176,-109.2862965966311,62.399999999999636,65.10000000000036,2.7000000000007276,65.10000000000036,119.05357142857136,972111.45,No Signal
526,2024-08-20T00:00:00+05:30,6647.35,6773.9,6616.35,6722.2,957159,1.6416780329715073,6630.953806409821,6723.363310866428,-92.40950445660746,-105.91093816862639,157.54999999999927,157.54999999999927,0.0,157.54999999999927,122.02142857142846,991209.75,No Signal
527,2024-08-21T00:00:00+05:30,6721.95,6747.3,6695.0,6735.35,633111,1.6427761194053208,6647.014759269849,6724.251213765211,-77.23645449536252,-100.17604143397362,52.30000000000018,25.100000000000364,27.199999999999818,52.30000000000018,121.32857142857132,926254.7,No Signal
528,2024-08-22T00:00:00+05:30,6750.0,6765.0,6723.9,6743.6,728260,1.6544665601673558,6661.8740270744875,6725.68445719001,-63.81043011552265,-92.90291917028344,41.100000000000364,29.649999999999636,11.450000000000728,41.100000000000364,117.54999999999993,807636.4,No Signal
529,2024-08-23T00:00:00+05:30,6755.0,6762.0,6704.95,6735.85,618045,1.6717879715416453,6673.254945986105,6726.43746036112,-53.18251437501567,-84.95883821122989,57.05000000000018,18.399999999999636,38.650000000000546,57.05000000000018,114.58571428571427,790990.4,No Signal
530,2024-08-26T00:00:00+05:30,6776.0,6819.0,6756.05,6778.35,898343,1.6522069687878882,6689.423415834396,6730.282833667704,-40.859417833307816,-76.13895413564548,62.94999999999982,83.14999999999964,20.199999999999818,83.14999999999964,106.78214285714284,780398.35,No Signal
531,2024-08-27T00:00:00+05:30,6778.35,6873.35,6730.0,6863.6,2035902,1.6896413750947543,6716.219813398336,6740.158179321948,-23.938365923612764,-65.69883649323894,143.35000000000036,95.0,48.350000000000364,143.35000000000036,103.77142857142859,844765.2,No Signal
532,2024-08-28T00:00:00+05:30,6876.0,6917.0,6852.0,6900.0,848986,1.7731628664709953,6744.4936882601305,6751.998314186989,-7.504625926858353,-54.05999437996283,65.0,53.399999999999636,11.600000000000364,65.0,99.77142857142859,828243.85,No Signal
533,2024-08-29T00:00:00+05:30,6889.05,7158.0,6881.55,7063.55,2639159,2.0918783833328662,6793.579274681649,6775.076216839804,18.503057841844566,-39.54738393560135,276.4499999999998,258.0,18.449999999999818,276.4499999999998,111.89642857142859,915718.85,No Signal
534,2024-08-30T00:00:00+05:30,7071.05,7215.05,7071.05,7200.15,2044367,2.5911793846431204,6856.128617038318,6806.5631637405595,49.56545329775872,-21.72481648892934,144.0,151.5,7.5,151.5,114.30357142857143,975961.05,No Signal
535,2024-09-02T00:00:00+05:30,7274.0,7450.0,7229.0,7440.05,2296378,3.3353710865846673,6945.9626759555,6853.488114574592,92.4745613809082,1.1150590850381688,221.0,249.85000000000036,28.850000000000364,249.85000000000036,126.36785714285718,1059669.05,Buy
536,2024-09-03T00:00:00+05:30,7460.0,7460.0,7206.1,7353.8,1898656,3.808629689797495,7008.706879654655,6890.548254235733,118.15862541892147,24.52377235181483,253.89999999999964,19.949999999999818,233.94999999999982,253.89999999999964,130.7357142857143,1107399.8,Buy
537,2024-09-04T00:00:00+05:30,7254.95,7377.0,7245.25,7299.5,886746,4.0603624681376775,7053.444282784708,6920.840976144197,132.6033066405107,46.13967920955401,131.75,23.199999999999818,108.55000000000018,131.75,135.93214285714288,1107145.7,Buy
538,2024-09-05T00:00:00+05:30,7320.0,7326.65,7193.0,7244.9,673447,4.244789978639629,7082.899008510138,6944.845348281664,138.05366022847375,64.52247541333796,133.64999999999964,27.149999999999636,106.5,133.64999999999964,132.97857142857143,1117603.85,Buy
539,2024-09-06T00:00:00+05:30,7255.55,7395.0,7255.55,7317.15,1842827,4.338697692610686,7118.937622585501,6972.42347063117,146.51415195433128,80.92081072153663,139.44999999999982,150.10000000000036,10.650000000000546,150.10000000000036,139.04999999999998,1175225.75,Buy
540,2024-09-09T00:00:00+05:30,7324.0,7377.95,7262.8,7347.45,878938,4.445434177515238,7154.093372956962,7000.203213547379,153.89015940958325,95.51468045914595,115.14999999999964,60.80000000000018,54.349999999999454,115.14999999999964,136.02142857142857,1184198.15,Buy
541,2024-09-10T00:00:00+05:30,7369.95,7369.95,7193.0,7241.85,1308932,4.488964665297588,7167.594392502046,7018.102975506832,149.4914169952135,106.31002776635947,176.94999999999982,22.5,154.44999999999982,176.94999999999982,144.92499999999998,1215900.4,Buy
542,2024-09-11T00:00:00+05:30,7250.0,7432.0,7206.3,7345.55,1104890,4.2823409955294585,7194.972178270962,7042.358310654474,152.61386761648828,115.57079573638524,225.69999999999982,190.14999999999964,35.55000000000018,225.69999999999982,158.11071428571424,1217528.55,Buy
543,2024-09-12T00:00:00+05:30,7420.0,7440.0,7296.6,7428.3,1446764,4.054347619483377,7230.868766229276,7070.946583939328,159.92218228994807,124.44107304709782,143.39999999999964,94.44999999999982,48.94999999999982,143.39999999999964,164.27857142857133,1251152.95,Buy
544,2024-09-13T00:00:00+05:30,7428.3,7660.0,7352.0,7598.5,2208438,4.012103693746852,7287.427417578618,7110.024614758637,177.40280281998093,135.03341900167445,308.0,231.69999999999982,76.30000000000018,308.0,180.33928571428564,1323903.9,Buy
545,2024-09-16T00:00:00+05:30,7680.0,7680.0,7322.0,7345.75,2679555,3.910090186892725,7296.400122566522,7127.485754406145,168.9143681603773,141.80960883341504,358.0,81.5,276.5,358.0,195.6714285714285,1431445.15,Buy
546,2024-09-17T00:00:00+05:30,7337.5,7455.0,7286.15,7365.5,1567786,3.723579238924335,7307.0308729409035,7145.116439264949,161.91443367595457,145.83057380192295,168.85000000000036,109.25,59.600000000000364,168.85000000000036,203.08928571428564,1461976.5,Buy
547,2024-09-18T00:00:00+05:30,7387.25,7672.5,7378.5,7631.1,2974993,3.5790681293913975,7356.887661719226,7181.11522154162,175.77244017760677,151.81894707705973,294.0,307.0,13.0,307.0,205.27142857142852,1579070.6,Buy
548,2024-09-19T00:00:00+05:30,7675.0,7748.0,7560.0,7590.35,1720644,3.4525497988493825,7392.804944531653,7211.428908834833,181.3760356968196,157.73036480101172,188.0,116.89999999999964,71.10000000000036,188.0,207.87857142857138,1628689.8,Buy
549,2024-09-20T00:00:00+05:30,7635.0,7655.0,7487.25,7582.45,1645004,3.1840201634684506,7421.9811069113985,7238.911952624845,183.06915428655338,162.79812269812007,167.75,64.64999999999964,103.10000000000036,167.75,202.01428571428565,1680037.75,Buy
550,2024-09-23T00:00:00+05:30,7625.75,7635.95,7531.7,7595.1,573497,2.856221931176814,7448.614782771183,7265.296252430412,183.31853034077085,166.90220422665024,104.25,53.5,50.75,104.25,191.32499999999996,1663795.45,Buy
551,2024-09-24T00:00:00+05:30,7597.0,7603.45,7483.9,7554.2,1069540,2.5269580246665675,7464.858662344847,7286.696530028159,178.16213231668826,169.15418984465785,119.55000000000018,8.349999999999454,111.20000000000073,119.55000000000018,190.4535714285714,1615477.35,Buy
552,2024-09-25T00:00:00+05:30,7545.0,7640.0,7498.05,7623.9,1272038,2.141466727007649,7489.32656044564,7311.674564840888,177.6519956047523,170.85375099667675,141.94999999999982,85.80000000000018,56.149999999999636,141.94999999999982,191.04642857142855,1636629.95,Buy
553,2024-09-26T00:00:00+05:30,7640.0,7779.4,7587.55,7768.4,1668165,2.07187668654914,7532.260935761696,7345.506078556377,186.75485720531833,174.03397223840508,191.84999999999945,155.5,36.349999999999454,191.84999999999945,194.02857142857133,1588080.25,Buy
554,2024-09-27T00:00:00+05:30,7780.0,7810.0,7711.0,7756.0,1178131,2.1226449569453356,7566.682330259896,7375.91303570035,190.76929455954632,177.38103670263334,99.0,41.600000000000364,57.399999999999636,99.0,192.87499999999994,1544768.45,Buy
555,2024-09-30T00:00:00+05:30,7746.0,7824.0,7676.15,7703.0,961952,2.2369199733903744,7587.654279450681,7400.141699722546,187.51257972813528,179.40734530773375,147.85000000000036,68.0,79.85000000000036,147.85000000000036,190.79642857142855,1478047.15,Buy
556,2024-10-01T00:00:00+05:30,7660.1,7814.65,7651.0,7703.0,788288,2.284914017963855,7605.399774919807,7422.575647891246,182.82412702856072,180.09070165189917,163.64999999999964,111.64999999999964,52.0,163.64999999999964,186.36428571428567,1422528.75,Buy
557,2024-10-03T00:00:00+05:30,7610.0,7700.0,7381.0,7433.85,1040662,2.2914127510444358,7579.007501855222,7423.4107850844875,155.59671677073402,175.19190467566614,319.0,3.0,322.0,322.0,199.12142857142857,1430224.55,Sell
558,2024-10-04T00:00:00+05:30,7420.0,7430.0,7155.0,7211.35,1768111,2.4020038487082975,7522.4448092621105,7407.702578781933,114.74223048017757,163.10196983656843,275.0,3.850000000000364,278.85000000000036,278.85000000000036,197.03928571428574,1484957.75,Sell
559,2024-10-07T00:00:00+05:30,7211.35,7324.0,7190.3,7269.4,936227,2.424896907518875,7483.514838606401,7397.4579433166045,86.05689528979656,147.69295492721406,133.69999999999982,112.64999999999964,21.050000000000182,133.69999999999982,181.01785714285714,1439627.75,No Signal
560,2024-10-08T00:00:00+05:30,7264.85,7295.4,7160.05,7186.95,903805,2.6037825373628105,7437.889478820801,7381.8647623301895,56.024716490611354,129.35930723989352,135.34999999999945,26.0,109.34999999999945,135.34999999999945,178.62499999999994,1440871.1,No Signal
561,2024-10-09T00:00:00+05:30,7216.0,7426.8,7206.1,7300.45,1054375,2.5115222667519874,7416.744943617601,7375.83403919462,40.91090442298082,111.66962667651099,220.69999999999982,239.85000000000036,19.150000000000546,239.85000000000036,173.8285714285714,1428143.25,No Signal
562,2024-10-10T00:00:00+05:30,7320.0,7368.0,7273.0,7319.7,559427,2.52172783569203,7401.814952291817,7371.675962217241,30.138990074575304,95.36349935612385,95.0,67.55000000000018,27.449999999999818,95.0,167.18571428571425,1400870.1,No Signal
563,2024-10-11T00:00:00+05:30,7325.0,7330.0,7226.05,7302.0,361587,2.5911888685796858,7386.458805785383,7366.514779830779,19.944025954604513,80.27960467582,103.94999999999982,10.300000000000182,93.64999999999964,103.94999999999982,162.62857142857138,1346611.25,No Signal
564,2024-10-14T00:00:00+05:30,7292.7,7313.85,7200.0,7208.8,445181,2.740414909089281,7359.126681818401,7354.832203547017,4.294478271383923,65.08257939493278,113.85000000000036,11.850000000000364,102.0,113.85000000000036,163.3142857142857,1258448.4,No Signal
565,2024-10-15T00:00:00+05:30,7244.9,7256.15,6979.0,7016.9,1485567,3.148966298291498,7306.476423077109,7329.80018846946,-23.32376539235156,47.401310437475914,277.14999999999964,47.349999999999454,229.80000000000018,277.14999999999964,174.5714285714285,1198749.0,No Signal
566,2024-10-16T00:00:00+05:30,7010.0,7059.35,6920.0,6956.35,1125698,3.5532517885249177,7252.610819526784,7302.137211545797,-49.52639201901275,28.01576994617818,139.35000000000036,42.45000000000073,96.89999999999964,139.35000000000036,174.38571428571427,1176644.6,No Signal
567,2024-10-17T00:00:00+05:30,6980.95,6998.8,6871.0,6899.5,689755,3.910842725917168,7198.286078061125,7272.3122329127755,-74.02615485165006,7.607384986612533,127.80000000000018,42.44999999999982,85.35000000000036,127.80000000000018,169.8107142857143,1062382.7,No Signal
568,2024-10-18T00:00:00+05:30,6893.0,6938.65,6820.7,6899.55,744929,4.169541052335699,7152.326681436337,7244.700215659977,-92.37353422364049,-12.388798855438074,117.94999999999982,39.149999999999636,78.80000000000018,117.94999999999982,171.16428571428574,1013596.95,No Signal
569,2024-10-21T00:00:00+05:30,6909.05,6950.75,6717.25,6780.9,2209966,4.581121478298689,7095.1841150615155,7210.344644129608,-115.16052906809273,-32.943144897969006,233.5,51.19999999999982,182.30000000000018,233.5,177.28214285714284,1041845.05,No Signal
570,2024-10-22T00:00:00+05:30,6800.0,6833.0,6643.65,6677.9,1700619,5.0211646258482965,7030.986558898206,7170.904300120008,-139.91774122180232,-54.33806416273567,189.35000000000036,52.100000000000364,137.25,189.35000000000036,179.1178571428572,1098201.15,No Signal
571,2024-10-23T00:00:00+05:30,6605.75,7098.85,6601.0,6995.8,2637391,4.780003923604139,7025.5732421446355,7157.93361122223,-132.36036907759444,-69.94252514570742,497.85000000000036,420.9500000000007,76.89999999999964,497.85000000000036,191.6785714285715,1176593.7,Sell
572,2024-10-24T00:00:00+05:30,7012.5,7122.85,6990.6,7040.9,895125,4.622194776036278,7027.9312048916145,7149.264454835398,-121.33324994378381,-80.22067010532271,132.25,127.05000000000018,5.199999999999818,132.25,181.20714285714288,1157748.05,Sell
573,2024-10-25T00:00:00+05:30,7040.9,7059.95,6893.3,6910.15,1022324,4.421230302931494,7009.811019523674,7131.552272995739,-121.74125347206518,-88.52478677867121,166.64999999999964,19.050000000000182,147.59999999999945,166.64999999999964,183.5607142857143,1125456.0,Sell
574,2024-10-28T00:00:00+05:30,6920.0,7045.0,6875.0,6911.35,714981,4.032539878027909,6994.663170366186,7115.240993514573,-120.57782314838732,-94.93539405261444,170.0,134.85000000000036,35.149999999999636,170.0,186.03571428571436,1102298.5,Sell
575,2024-10-29T00:00:00+05:30,6909.1,7060.0,6802.2,7022.5,1409750,3.4950916933740896,6998.945759540619,7108.371290291271,-109.42553075065189,-97.83342139222194,257.8000000000002,148.64999999999964,109.15000000000055,257.8000000000002,187.3178571428572,1124688.4,Sell
576,2024-10-30T00:00:00+05:30,6999.0,7020.45,6932.0,6955.0,566044,2.9086981335211064,6992.184873457447,7097.010453973399,-104.82558051595242,-99.23185321696803,88.44999999999982,2.050000000000182,90.5,90.5,186.99642857142862,1113576.2,Sell
577,2024-10-31T00:00:00+05:30,6949.0,6970.8,6879.75,6889.75,730153,2.699822872546514,6976.425662156301,7081.657827753147,-105.23216559684624,-100.43191569294368,91.05000000000018,15.800000000000182,75.25,91.05000000000018,186.07500000000007,1098050.75,Sell
578,2024-11-01T00:00:00+05:30,6930.0,6944.55,6902.0,6923.6,45011,2.642863799951435,6968.298637209177,7069.949840512173,-101.65120330299578,-100.6757732149541,42.55000000000018,54.80000000000018,12.25,54.80000000000018,181.85714285714292,1011895.75,Sell
579,2024-11-04T00:00:00+05:30,6975.0,6975.0,6752.9,6843.7,716239,2.594133117191882,6949.129616100073,7053.190593066827,-104.06097696675442,-101.35281396531417,222.10000000000036,51.399999999999636,170.70000000000073,222.10000000000036,177.92500000000013,1000896.35,Sell
580,2024-11-05T00:00:00+05:30,6845.0,7014.95,6712.0,6930.35,1223430,2.491612604432506,6946.24044439237,7044.091289876692,-97.85084548432224,-100.6524202691158,302.9499999999998,171.25,131.69999999999982,302.9499999999998,189.61071428571435,1016877.6,Buy
581,2024-11-06T00:00:00+05:30,6935.0,7024.1,6892.3,7006.2,696262,2.234448688636235,6955.464991408928,7041.2845276636035,-85.81953625467577,-97.6858434662278,131.80000000000018,93.75,38.05000000000018,131.80000000000018,189.89642857142866,998971.95,Buy
582,2024-11-07T00:00:00+05:30,7006.2,7038.95,6870.0,6904.5,459047,1.9454240480729916,6947.624223499862,7031.152340429263,-83.52811692940122,-94.85429815886249,168.94999999999982,32.75,136.19999999999982,168.94999999999982,193.5392857142858,993952.95,Buy
583,2024-11-08T00:00:00+05:30,6904.5,6951.55,6841.0,6895.95,424840,1.5484971420878186,6939.674342961422,7021.137352249318,-81.46300928789606,-92.17604038466921,110.55000000000018,47.05000000000018,63.5,110.55000000000018,184.75714285714295,997115.6,Buy
584,2024-11-11T00:00:00+05:30,6860.0,6904.2,6752.15,6778.8,762316,1.3346977416773507,6914.92444404428,7003.1864372678865,-88.26199322360662,-91.39323095245669,152.05000000000018,8.25,143.80000000000018,152.05000000000018,182.0928571428572,1012972.35,No Signal
585,2024-11-12T00:00:00+05:30,6819.0,6836.85,6615.0,6638.2,1057233,1.5924307263231745,6872.3514526528525,6976.150404877672,-103.79895222481991,-93.87437520692934,221.85000000000036,58.05000000000018,163.80000000000018,221.85000000000036,162.37857142857152,991555.65,No Signal
586,2024-11-13T00:00:00+05:30,6635.0,6702.25,6526.6,6566.0,867347,1.93797596225352,6825.220459937029,6945.768893405252,-120.54843346822327,-99.20918685918814,175.64999999999964,64.05000000000018,111.59999999999945,175.64999999999964,165.47857142857148,978638.1,No Signal
587,2024-11-14T00:00:00+05:30,6572.3,6639.45,6530.0,6549.15,527703,2.232193916901815,6782.748081485178,6916.389716115974,-133.64163463079603,-106.09567641350972,109.44999999999982,73.44999999999982,36.0,109.44999999999982,161.3928571428572,970535.5,No Signal
588,2024-11-18T00:00:00+05:30,6633.0,6657.0,6555.0,6567.95,596535,2.424132611281319,6749.70222279515,6890.57936677405,-140.87714397889977,-113.05196992658773,102.0,107.85000000000036,5.850000000000364,107.85000000000036,156.9535714285715,963115.8,No Signal
589,2024-11-19T00:00:00+05:30,6594.35,6644.8,6561.0,6595.3,804046,2.5468887401454934,6725.94803467282,6868.706821087083,-142.75878641426334,-118.99333322412286,83.80000000000018,76.85000000000036,6.949999999999818,83.80000000000018,144.5250000000001,892819.8,No Signal
590,2024-11-21T00:00:00+05:30,6614.0,6614.0,6451.0,6465.65,1101080,2.8463851938286284,6685.902183184694,6838.850760265817,-152.9485770811234,-125.78438199552298,163.0,18.699999999999818,144.30000000000018,163.0,149.7035714285715,862842.85,No Signal
591,2024-11-22T00:00:00+05:30,6470.0,6722.4,6456.05,6683.95,969855,2.7156264305804285,6685.601847310126,6827.376629875756,-141.77478256563063,-128.9824621095445,266.34999999999945,256.75,9.599999999999454,266.34999999999945,162.22500000000005,779466.05,No Signal
592,2024-11-25T00:00:00+05:30,6789.9,6863.0,6667.3,6685.4,1132751,2.6079372725872028,6685.570793877799,6816.859842477552,-131.2890485997532,-129.44377940758625,195.69999999999982,179.05000000000018,16.649999999999636,195.69999999999982,172.28928571428574,791347.35,No Signal
593,2024-11-26T00:00:00+05:30,6722.0,6739.8,6608.45,6617.95,663278,2.6541932195057747,6675.167594819676,6802.125780071808,-126.95818525213144,-128.9466605764953,131.35000000000036,54.400000000000546,76.94999999999982,131.35000000000036,165.80714285714288,773395.05,No Signal
594,2024-11-27T00:00:00+05:30,6650.0,6733.3,6612.25,6705.2,642010,2.5808000189749527,6679.787964847418,6794.946092659081,-115.15812781166278,-126.18895402352881,121.05000000000018,115.35000000000036,5.699999999999818,121.05000000000018,152.81428571428575,769746.5,No Signal
595,2024-11-28T00:00:00+05:30,6714.0,6726.25,6495.0,6509.4,1576882,2.616083607095159,6653.574431793969,6773.794530239889,-120.22009844592048,-124.99518290800715,231.25,21.050000000000182,210.19999999999982,231.25,159.91785714285717,778103.1,No Signal
596,2024-11-29T00:00:00+05:30,6519.0,6609.0,6510.35,6575.9,709643,2.5185806944695415,6641.6245192102815,6759.135676148046,-117.5111569377641,-123.49837771395855,98.64999999999964,99.60000000000036,0.9500000000007276,99.60000000000036,154.96428571428578,785283.05,No Signal
597,2024-12-02T00:00:00+05:30,6595.0,6665.0,6491.0,6650.65,920249,2.4213029716726715,6643.013054716392,6751.099700137079,-108.08664542068709,-120.41603125530426,174.0,89.10000000000036,84.89999999999964,174.0,159.49642857142862,794787.85,No Signal
598,2024-12-03T00:00:00+05:30,6696.15,6722.4,6630.8,6675.45,1313666,2.286254760330693,6648.003353990793,6745.496018645444,-97.49266465465098,-115.83135793517361,91.59999999999945,71.75,19.849999999999454,91.59999999999945,155.17857142857142,858220.6,No Signal
599,2024-12-04T00:00:00+05:30,6701.75,6764.4,6666.85,6740.0,1130441,2.209488943987006,6662.156684146055,6745.088906153189,-82.93222200713353,-109.2515307495656,97.54999999999927,88.94999999999982,8.599999999999454,97.54999999999927,146.29999999999993,878930.7,No Signal
600,2024-12-05T00:00:00+05:30,6760.0,6889.9,6685.45,6850.4,1348243,2.0874934413774047,6691.117194277432,6752.889727919619,-61.77253364218723,-99.75573132808994,204.44999999999982,149.89999999999964,54.55000000000018,204.44999999999982,148.3571428571428,885171.35,No Signal
601,2024-12-06T00:00:00+05:30,6875.95,6935.0,6778.65,6850.3,833207,1.8673032839296173,6715.606856696289,6760.105303629277,-44.49844693298837,-88.70427444906963,156.35000000000036,84.60000000000036,71.75,156.35000000000036,151.70714285714283,892018.6,No Signal
602,2024-12-09T00:00:00+05:30,6850.1,6925.0,6827.9,6868.35,840910,1.8158997896377598,6739.1058018199365,6768.123429286367,-29.017627466430895,-76.76694505254189,97.10000000000036,74.69999999999982,22.400000000000546,97.10000000000036,150.9392857142857,911111.75,No Signal
603,2024-12-10T00:00:00+05:30,6884.8,6958.85,6844.05,6936.2,1204563,1.856349369521414,6769.4279861553305,6780.573545635525,-11.145559480194606,-63.642667938072435,114.80000000000018,90.5,24.300000000000182,114.80000000000018,153.1535714285714,950097.9,No Signal
604,2024-12-10T00:00:00+05:30,6884.8,6958.85,6844.05,6936.2,1204563,2.0147503001281644,6795.08521905451,6792.101431144005,2.9837879105052707,-50.317376768356894,114.80000000000018,22.650000000000546,92.14999999999964,114.80000000000018,149.71071428571426,972210.25,No Signal
605,2024-12-11T00:00:00+05:30,6959.9,7165.0,6893.1,7115.1,1993104,2.378217962364232,6844.318262276894,6816.027251059264,28.291011217629602,-34.595699171159595,271.89999999999964,228.80000000000018,43.099999999999454,271.89999999999964,150.10714285714286,1019003.8,No Signal
606,2024-12-12T00:00:00+05:30,7121.85,7148.4,7075.0,7125.8,966796,2.661925760733805,6887.623145003526,6838.97338061043,48.64976439309612,-17.94660645830845,73.39999999999964,33.29999999999927,40.100000000000364,73.39999999999964,141.37142857142857,1023976.25,No Signal
607,2024-12-13T00:00:00+05:30,7099.0,7217.25,6980.6,7182.8,1250436,2.9085266145942033,6933.034968849137,6864.442019083731,68.59294976540605,-0.638695213565552,236.64999999999964,91.44999999999982,145.19999999999982,236.64999999999964,148.89285714285708,1060112.9,No Signal
608,2024-12-16T00:00:00+05:30,7182.8,7248.0,7156.1,7208.4,796074,3.124948467484278,6975.398819795423,6889.920388040491,85.47843175493199,16.584730180133956,91.89999999999964,65.19999999999982,26.699999999999818,91.89999999999964,146.81071428571417,1070089.85,No Signal
609,2024-12-17T00:00:00+05:30,7200.0,7257.4,7110.0,7152.8,1031856,3.258772013923228,7002.691309057665,6909.392951889344,93.29835716832167,31.9274555777715,147.39999999999964,49.0,98.39999999999964,147.39999999999964,140.82142857142844,1081480.35,No Signal
610,2024-12-18T00:00:00+05:30,7149.0,7178.8,7060.4,7074.45,727514,3.1519265094580975,7013.731107664178,6921.6193998975405,92.11170776663766,43.964306015544736,118.40000000000055,26.0,92.40000000000055,118.40000000000055,142.1642857142856,1062802.05,No Signal
611,2024-12-19T00:00:00+05:30,6950.0,7024.45,6887.85,6918.55,907675,3.173061854641875,6999.087860331228,6921.392036942167,77.69582338906093,50.710609490247975,136.59999999999945,50.0,186.59999999999945,186.59999999999945,143.06428571428555,1059693.05,No Signal
612,2024-12-20T00:00:00+05:30,6913.35,7024.0,6804.7,6848.25,2700019,3.144499215815127,6975.882035664885,6915.974108279784,59.907927385101175,52.55007306921862,219.30000000000018,105.44999999999982,113.85000000000036,219.30000000000018,152.18571428571417,1138056.45,Buy
613,2024-12-23T00:00:00+05:30,6897.0,6976.9,6855.95,6866.7,582928,3.0086215198845214,6959.084799408749,6912.324174333133,46.76062507561619,51.39218347049814,120.94999999999982,128.64999999999964,7.699999999999818,128.64999999999964,154.4071428571428,1134038.95,Sell
614,2024-12-24T00:00:00+05:30,6882.0,6910.0,6794.0,6808.2,601427,2.981822826096247,6935.871753345865,6904.611272530678,31.260480815186384,47.365842939435794,116.0,43.30000000000018,72.69999999999982,116.0,148.08928571428564,1132009.8,No Signal
615,2024-12-26T00:00:00+05:30,6830.4,6858.0,6800.05,6815.75,329096,2.684604917261656,6917.391483600347,6898.028956046925,19.362527553422296,41.7651798622331,57.94999999999982,49.80000000000018,8.149999999999636,57.94999999999982,141.06071428571417,1069620.5,No Signal
616,2024-12-27T00:00:00+05:30,6846.85,6976.7,6830.4,6907.75,555418,2.3925814959475775,6915.908178431063,6898.749033376782,17.159145054280998,36.84397290064268,146.30000000000018,160.94999999999982,14.649999999999636,160.94999999999982,145.62142857142842,1061909.25,No Signal
617,2024-12-30T00:00:00+05:30,6900.0,6995.0,6865.0,6888.25,490876,2.2129630190454854,6911.653074057053,6897.971327200724,13.681746856329482,32.21152769178004,130.0,87.25,42.75,130.0,146.7071428571427,1040440.6,No Signal
618,2024-12-31T00:00:00+05:30,6869.95,6877.0,6792.0,6823.0,615398,2.0850863159721564,6898.014139586738,6892.417895556226,5.596244030512025,26.88847095952644,85.0,11.25,96.25,96.25,145.3821428571427,1005527.2,No Signal
619,2025-01-01T00:00:00+05:30,6823.0,6947.95,6806.0,6935.3,418721,1.9299080172100205,6903.750425804163,6895.594347737246,8.156078066916962,23.141992381004545,141.94999999999982,124.94999999999982,17.0,141.94999999999982,136.09999999999985,969941.2,No Signal
620,2025-01-02T00:00:00+05:30,6980.0,7430.0,6971.0,7389.2,3171651,2.201462106402773,6978.434975680445,6932.157729386338,46.27724629410659,27.769043163624957,459.0,494.6999999999998,35.69999999999982,494.6999999999998,166.192857142857,1061111.6,Buy
621,2025-01-03T00:00:00+05:30,7389.75,7500.0,7359.25,7407.25,1505928,2.497260438581017,7044.4065178834535,6967.349749431794,77.05676845165908,37.626588221231785,140.75,110.80000000000018,29.949999999999818,140.75,159.342857142857,1094747.65,Buy
622,2025-01-06T00:00:00+05:30,7500.0,7599.9,7316.75,7349.35,1905976,2.6730065458534504,7091.320899747538,6995.646064288699,95.67483545883897,49.236237668753226,283.14999999999964,192.64999999999964,90.5,283.14999999999964,173.00357142857132,1148000.95,Buy
623,2025-01-07T00:00:00+05:30,7354.95,7446.9,7301.45,7353.95,1042538,2.8196620664125756,7131.725376709454,7022.18709656361,109.53828014584451,61.29664616417149,145.44999999999982,97.54999999999927,47.900000000000546,145.44999999999982,172.86428571428561,1139899.7,Buy
624,2025-01-08T00:00:00+05:30,7361.85,7388.45,7256.7,7355.4,844466,2.9325051724158295,7166.136857215692,7046.869533855194,119.26732336049736,72.89078160343666,131.75,34.5,97.25,131.75,173.817857142857,1121894.85,Buy
625,2025-01-09T00:00:00+05:30,7338.45,7355.4,7236.0,7277.45,668141,3.0263498012746046,7183.261956105585,7063.949568384439,119.31238772114648,82.17510282697863,119.39999999999964,0.0,119.39999999999964,119.39999999999964,169.01785714285703,1055646.7,Buy
626,2025-01-10T00:00:00+05:30,7277.45,7367.05,7245.05,7288.05,808963,3.0843154323458797,7199.383193627803,7080.549600355962,118.83359327184098,89.5068009159511,122.0,89.60000000000036,32.399999999999636,122.0,162.067857142857,1047755.05,Buy
627,2025-01-13T00:00:00+05:30,7240.0,7255.1,7134.0,7150.95,664274,3.135604192601033,7191.931933069679,7085.764444774039,106.1674882956404,92.83893839188897,121.10000000000036,32.94999999999982,154.05000000000018,154.05000000000018,163.88214285714275,1018446.95,Buy
628,2025-01-14T00:00:00+05:30,7230.0,7388.0,7191.15,7335.0,998011,3.1280433857756287,7213.942404905113,7104.226337753739,109.71606715137386,96.21436414378596,196.85000000000036,237.05000000000018,40.19999999999982,237.05000000000018,172.52857142857133,1028543.8,Buy
629,2025-01-14T00:00:00+05:30,7230.0,7388.0,7191.15,7335.0,998011,3.207970749588782,7232.566650304327,7121.320683105314,111.24596719901274,99.22068475483132,196.85000000000036,53.0,143.85000000000036,196.85000000000036,182.44999999999996,1026851.55,Buy
630,2025-01-15T00:00:00+05:30,7340.5,7350.0,7105.2,7177.4,681750,3.2838479387865314,7224.07947333443,7125.474706578994,98.60476675543578,99.09750115495223,244.80000000000018,15.0,229.80000000000018,244.80000000000018,188.4392857142857,1024563.35,Sell
631,2025-01-16T00:00:00+05:30,7200.0,7289.0,7194.05,7259.75,860849,3.2139862587852965,7229.567246667595,7135.42102461018,94.14622205741489,98.10724533544476,94.94999999999982,111.60000000000036,16.650000000000546,111.60000000000036,187.125,1022222.05,Sell
632,2025-01-17T00:00:00+05:30,7221.0,7284.95,7156.3,7182.1,665274,3.1184438085595603,7222.264593334119,7138.878726490908,83.38586684321126,95.16296963699807,128.64999999999964,25.199999999999818,103.44999999999982,128.64999999999964,189.4392857142857,920484.8,Sell
633,2025-01-20T00:00:00+05:30,7182.1,7470.0,7182.1,7440.1,1067971,2.999010558732382,7255.777732821178,7161.191413417508,94.58631940367013,95.04763959033248,287.89999999999964,287.89999999999964,0.0,287.89999999999964,199.86428571428567,944736.95,Sell
634,2025-01-21T00:00:00+05:30,7450.0,7485.0,7277.6,7291.65,1003206,2.839214202758336,7261.296543156382,7170.855012423618,90.44153073276357,94.12641781881871,207.39999999999964,44.899999999999636,162.5,207.39999999999964,179.3428571428571,964825.9,Sell
635,2025-01-22T00:00:00+05:30,7339.0,7420.25,7260.35,7397.15,727368,2.5777569862038376,7282.197074978477,7187.617604095943,94.57947088253422,94.21702843156181,159.89999999999964,128.60000000000036,31.299999999999272,159.89999999999964,180.7107142857142,984739.5,Buy
636,2025-01-23T00:00:00+05:30,7341.0,7524.0,7325.0,7443.25,1030295,2.429098911552576,7306.9744480587115,7206.5533371258725,100.42111093283893,95.45784493181723,199.0,126.85000000000036,72.14999999999964,199.0,174.69999999999996,1008483.35,Buy
637,2025-01-24T00:00:00+05:30,7443.25,7505.0,7338.3,7438.6,679687,2.194492333439771,7327.224532972756,7223.741978820252,103.48255415250333,97.06278677595446,166.69999999999982,61.75,104.94999999999982,166.69999999999982,176.2178571428571,1017923.9,Buy
638,2025-01-27T00:00:00+05:30,7380.1,7474.5,7260.0,7295.45,692810,1.6791095476590012,7322.33614328464,7229.053684092826,93.28245919181336,96.30672125912625,214.5,35.899999999999636,178.60000000000036,214.5,182.12857142857138,1021794.5,Sell
639,2025-01-28T00:00:00+05:30,7390.0,7706.8,7345.0,7606.6,2478933,1.4040056041518079,7366.069044317772,7257.020077863728,109.0489664540437,98.85517029810974,361.8000000000002,411.35000000000036,49.55000000000018,411.35000000000036,202.98214285714286,1124805.1,Buy
640,2025-01-29T00:00:00+05:30,7657.25,7787.0,7568.95,7759.65,1514920,1.833297845151913,7426.619960576576,7294.251923947896,132.36803662867987,105.55774356422377,218.05000000000018,180.39999999999964,37.650000000000546,218.05000000000018,209.84285714285716,1041968.55,Buy
641,2025-01-30T00:00:00+05:30,7850.0,8250.65,7850.0,7901.65,5648883,2.3697801094459665,7499.701505103257,7339.2443740258295,160.45713107742722,116.53762106686447,400.64999999999964,491.0,90.35000000000036,491.0,233.91071428571428,1249116.3,Buy
642,2025-01-31T00:00:00+05:30,7925.0,7980.65,7791.0,7885.1,1833546,2.766265461538576,7558.993581241217,7379.67812409799,179.31545714322692,129.09318828213696,189.64999999999964,79.0,110.64999999999964,189.64999999999964,230.52499999999995,1245494.8,Buy
643,2025-02-01T00:00:00+05:30,7880.0,8109.95,7784.4,8000.1,1615378,3.1801806464787106,7626.856107204107,7425.635300090731,201.22080711337549,143.51871204838469,325.5500000000002,224.84999999999945,100.70000000000073,325.5500000000002,239.7178571428571,1274136.8,Buy
644,2025-02-03T00:00:00+05:30,7922.2,8439.3,7921.05,8425.8,4336926,3.9784339075779394,7749.770552249629,7499.721574158084,250.048978091545,164.82476525701676,518.2499999999991,439.1999999999989,79.05000000000018,518.2499999999991,259.2499999999999,1448759.8,Buy
645,2025-02-04T00:00:00+05:30,8425.0,8490.0,8303.0,8475.35,1966300,4.671290715707587,7861.39815959584,7571.990346442671,289.4078131531696,189.74137483624736,187.0,64.20000000000073,122.79999999999927,187.0,264.63571428571413,1513667.75,Buy
646,2025-02-05T00:00:00+05:30,8500.0,8588.7,8445.5,8509.45,1867493,5.2170605952362985,7961.098442734942,7641.431802261732,319.66664047321046,215.72642796364,143.20000000000073,113.35000000000036,29.850000000000364,143.20000000000073,265.6749999999999,1566594.25,Buy
647,2025-02-06T00:00:00+05:30,8534.25,8662.8,8462.0,8507.3,1709473,5.5476728066976015,8045.129451544951,7705.570187279382,339.55926426556925,240.49299522402586,200.79999999999927,153.34999999999854,47.45000000000073,200.79999999999927,259.4535714285713,1618854.2,Buy
648,2025-02-07T00:00:00+05:30,8585.0,8585.0,8383.9,8474.25,966540,5.851251392303213,8111.147997461112,7762.509432666094,348.6385647950183,262.12210913822435,201.10000000000036,77.70000000000073,123.39999999999964,201.10000000000036,259.0035714285714,1617280.65,Buy
649,2025-02-10T00:00:00+05:30,8478.8,8488.0,8220.0,8286.8,1243838,6.040419181614241,8138.171382467095,7801.345770987124,336.8256114799715,277.0628096065738,268.0,13.75,254.25,268.0,266.72499999999997,1629572.0,Buy
650,2025-02-11T00:00:00+05:30,8299.0,8355.1,8139.35,8191.2,963059,5.9407775351959655,8146.329631318311,7830.223862025115,316.1057692931963,284.87140154389834,215.75,68.30000000000109,147.4499999999989,215.75,267.9214285714285,1643637.45,Buy
651,2025-02-12T00:00:00+05:30,8149.65,8284.0,8025.0,8214.05,1483731,5.76436736133899,8156.748149577033,7858.655427801032,298.0927217760009,287.51566559031886,259.0,92.80000000000018,166.19999999999982,259.0,274.5142857142857,1674781.55,Buy
652,2025-02-13T00:00:00+05:30,8197.05,8498.0,8197.05,8409.0,1800313,5.430268042690926,8195.556126565181,7899.421692408363,296.1344341568183,289.2394193036188,300.9500000000007,283.9500000000007,17.0,300.9500000000007,280.68928571428575,1731533.5,Buy
653,2025-02-14T00:00:00+05:30,8408.55,8455.6,8282.0,8392.3,863315,5.3683604048110904,8225.824414785922,7935.93119667441,289.8932181115124,289.37017906519753,173.60000000000036,46.600000000000364,127.0,173.60000000000036,263.7071428571429,1721300.7,Buy
654,2025-02-17T00:00:00+05:30,8220.25,8488.0,8220.25,8426.6,862799,5.081117982948094,8256.71296635732,7972.277033957787,284.43593239953225,288.3833297320645,267.75,95.70000000000073,172.04999999999927,267.75,267.25714285714287,1714280.35,Sell
655,2025-02-18T00:00:00+05:30,8430.0,8480.0,8360.7,8465.9,868977,4.8237377729715165,8288.895586917732,8008.841698109062,280.0538888086694,286.71744154738553,119.29999999999927,53.399999999999636,65.89999999999964,119.29999999999927,240.70714285714283,1721360.8,No Signal
656,2025-02-19T00:00:00+05:30,8459.15,8529.0,8400.0,8439.45,896198,4.542274458472672,8312.057804315004,8040.738609360243,271.31919495476086,283.63779222886063,129.0,63.100000000000364,65.89999999999964,129.0,236.375,1714655.95,No Signal
657,2025-02-20T00:00:00+05:30,8355.85,8455.6,8345.65,8399.45,790070,4.13504685096033,8325.50275749731,8067.309823481706,258.1929340156039,278.5488205862093,109.95000000000073,16.149999999999636,93.80000000000109,109.95000000000073,220.97500000000005,1720175.1,No Signal
658,2025-02-21T00:00:00+05:30,8360.0,8420.3,8288.0,8396.7,608647,3.283937264058212,8336.4561794208,8091.709095816394,244.74708360440582,271.7884731898486,132.29999999999927,20.849999999998545,111.45000000000073,132.29999999999927,193.4071428571429,1715966.95,No Signal
659,2025-02-24T00:00:00+05:30,8328.0,8399.0,8311.05,8354.95,355260,2.747537338262538,8339.301382586831,8111.208422052217,228.09296053461367,263.04937065880165,87.95000000000073,2.2999999999992724,85.65000000000146,87.95000000000073,186.33214285714297,1609783.3,No Signal
660,2025-02-24T00:00:00+05:30,8328.0,8399.0,8311.05,8354.95,355260,2.2966950159703314,8341.708862188858,8129.263353752053,212.44550843680463,252.92859821440226,87.95000000000073,44.04999999999927,43.900000000001455,87.95000000000073,182.38571428571439,1551800.3,No Signal
661,2025-02-25T00:00:00+05:30,8354.95,8526.65,8338.05,8488.8,1098541,1.9663071314570302,8364.338268005957,8155.895697918568,208.44257008738896,244.0313925889996,188.60000000000036,171.6999999999989,16.900000000001455,188.60000000000036,181.5142857142859,1324283.2,No Signal
