,Date,Open,High,Low,Close,Volume,Volatility,EMA12,EMA26,MACD,Signal Line,H-L,H-PC,L-PC,TR,ATR,Avg_Volume,Signal
0,2022-07-05T00:00:00+05:30,3709.0,3714.0,3636.0,3656.6,612519,,3656.6,3656.6,0.0,0.0,78.0,,,78.0,,,No Signal
1,2022-07-06T00:00:00+05:30,3650.15,3840.9,3642.25,3830.8,1043070,,3683.4,3669.5037037037036,13.896296296296441,2.7792592592592884,198.6500000000001,184.30000000000018,14.349999999999909,198.6500000000001,,,No Signal
2,2022-07-07T00:00:00+05:30,3828.0,3882.1,3799.85,3810.25,519620,,3702.9153846153845,3679.929355281207,22.9860293341776,6.820613274242952,82.25,51.29999999999973,30.950000000000273,82.25,,,No Signal
3,2022-07-08T00:00:00+05:30,3830.0,3850.95,3792.5,3816.95,379513,,3720.459171597633,3690.0790326677843,30.380138929848727,11.532518405364108,58.44999999999982,40.69999999999982,17.75,58.44999999999982,,,No Signal
4,2022-07-11T00:00:00+05:30,3829.2,3840.4,3780.0,3795.4,208602,,3731.988529813382,3697.880585803504,34.10794400987788,16.047603526266865,60.40000000000009,23.450000000000273,36.94999999999982,60.40000000000009,,,No Signal
5,2022-07-12T00:00:00+05:30,3783.0,3787.85,3716.15,3725.5,283587,,3730.990294457477,3699.9264683365777,31.063826120899193,19.050848045193334,71.69999999999982,7.550000000000182,79.25,79.25,,,No Signal
6,2022-07-13T00:00:00+05:30,3731.05,3762.1,3712.1,3726.0,164377,,3730.222556848634,3701.857841052387,28.36471579624731,20.91362159540413,50.0,36.59999999999991,13.400000000000091,50.0,,,No Signal
7,2022-07-14T00:00:00+05:30,3726.0,3789.0,3713.05,3774.15,265732,,3736.9806250257675,3707.212815789247,29.767809236520407,22.684459123627388,75.94999999999982,63.0,12.949999999999818,75.94999999999982,,,No Signal
8,2022-07-15T00:00:00+05:30,3785.0,3862.8,3779.1,3848.9,660790,,3754.1989904064185,3717.7081627678212,36.49082763859724,25.44573282662136,83.70000000000027,88.65000000000009,4.949999999999818,88.65000000000009,,,No Signal
9,2022-07-18T00:00:00+05:30,3860.0,3880.0,3759.0,3774.95,455399,,3757.3914534208157,3721.948298859094,35.44315456172171,27.44521717364143,121.0,31.09999999999991,89.90000000000009,121.0,,,No Signal
10,2022-07-19T00:00:00+05:30,3774.95,3797.1,3742.3,3787.45,228968,,3762.015845202229,3726.8002767213834,35.21556848084538,28.999287435082223,54.79999999999973,22.15000000000009,32.649999999999636,54.79999999999973,,,No Signal
11,2022-07-20T00:00:00+05:30,3805.0,3849.0,3793.85,3828.3,440495,,3772.213407478809,3734.3187747420216,37.89463273678757,30.778356495423296,55.15000000000009,61.55000000000018,6.400000000000091,61.55000000000018,,,No Signal
12,2022-07-21T00:00:00+05:30,3844.0,3865.75,3821.0,3855.5,282104,,3785.0267294051464,3743.295161798168,41.73156760697839,32.968998717734316,44.75,37.44999999999982,7.300000000000182,44.75,,,No Signal
13,2022-07-22T00:00:00+05:30,3860.0,3929.0,3843.65,3871.45,433423,,3798.32261718897,3752.7881127760816,45.53450441288851,35.48209985676516,85.34999999999991,73.5,11.849999999999909,85.34999999999991,81.36071428571427,,No Signal
14,2022-07-25T00:00:00+05:30,3871.45,3915.0,3850.0,3885.9,290154,,3811.7960606983593,3762.648252570446,49.14780812791332,38.215241510994794,65.0,43.55000000000018,21.449999999999818,65.0,80.43214285714284,,No Signal
15,2022-07-26T00:00:00+05:30,3900.0,3900.0,3795.5,3807.15,267526,,3811.0812821293807,3765.9446783059684,45.136603823412315,39.5995139734783,104.5,14.099999999999909,90.40000000000009,104.5,73.70714285714283,,No Signal
16,2022-07-27T00:00:00+05:30,3800.0,3863.9,3781.15,3854.55,200264,,3817.7687771863993,3772.508035468489,45.26074171791015,40.731759522364676,82.75,56.75,26.0,82.75,73.74285714285712,,No Signal
17,2022-07-28T00:00:00+05:30,3863.5,3882.0,3836.4,3869.35,316005,,3825.7043499269535,3779.681514322675,46.0228356042785,41.78997473874744,45.59999999999991,27.449999999999818,18.15000000000009,45.59999999999991,72.82499999999997,,No Signal
18,2022-07-29T00:00:00+05:30,3883.0,3949.35,3876.9,3900.4,418967,,3837.1959883997297,3788.623624372847,48.5723640268825,43.14645259637445,72.44999999999982,80.0,7.550000000000182,80.0,74.22499999999998,,No Signal
19,2022-08-01T00:00:00+05:30,3900.4,3916.0,3838.2,3855.65,323095,1.578610696822877,3840.0350671074634,3793.5885410859696,46.44652602149381,43.80646728139833,77.80000000000018,15.599999999999909,62.20000000000027,77.80000000000018,74.12142857142855,389710.5,No Signal
20,2022-08-02T00:00:00+05:30,3875.0,3909.0,3758.1,3788.15,355852,1.2915264262044988,3832.052749090931,3793.1856861907127,38.867062900218116,42.818586405162286,150.9000000000001,53.34999999999991,97.55000000000018,150.9000000000001,81.32857142857142,376877.15,No Signal
21,2022-08-03T00:00:00+05:30,3780.0,3793.35,3726.05,3770.0,428088,1.3293130762223115,3822.5061723077106,3791.4682279543636,31.03794435334703,40.46245799479924,67.29999999999973,5.199999999999818,62.09999999999991,67.29999999999973,80.71071428571427,346128.05,No Signal
22,2022-08-04T00:00:00+05:30,3762.75,3792.0,3726.0,3775.05,506648,1.3506088340548694,3815.205222721909,3790.252062920707,24.95315980120222,37.360598356079834,66.0,22.0,44.0,66.0,79.09285714285713,345479.45,No Signal
23,2022-08-05T00:00:00+05:30,3745.0,3835.9,3678.85,3688.1,798832,1.5834680423065481,3795.6505730723848,3782.685243445099,12.965329627285882,32.481544610321045,157.05000000000018,60.84999999999991,96.20000000000027,157.05000000000018,81.66785714285713,366445.4,No Signal
24,2022-08-08T00:00:00+05:30,3688.1,3701.9,3612.8,3631.4,309938,1.945597494564238,3770.3812541381717,3771.478929115832,-1.0976749776605175,25.765700692724735,89.09999999999991,13.800000000000182,75.29999999999973,89.09999999999991,84.11785714285715,371512.2,No Signal
25,2022-08-10T00:00:00+05:30,3640.0,3674.8,3624.05,3647.75,191202,2.107695563482213,3751.5149073476837,3762.3138232554,-10.798915907716491,18.45277737263649,50.75,43.40000000000009,7.349999999999909,50.75,83.34642857142856,366892.95,No Signal
26,2022-08-11T00:00:00+05:30,3666.0,3682.8,3632.2,3640.3,167069,2.2849668815303112,3734.404921601886,3753.275762273519,-18.870840671632777,10.988053763782638,50.600000000000364,35.05000000000018,15.550000000000182,50.600000000000364,83.76428571428573,367027.55,No Signal
27,2022-08-12T00:00:00+05:30,3650.0,3667.3,3607.65,3659.75,228587,2.4127306457958904,3722.9195490477496,3746.347928031036,-23.42837898328662,4.1047672143687866,59.65000000000009,27.0,32.65000000000009,59.65000000000009,81.92857142857146,365170.3,No Signal
28,2022-08-16T00:00:00+05:30,3678.05,3723.95,3675.0,3690.45,239512,2.4266251163450585,3717.924233809634,3742.207340769478,-24.283106959843735,-1.5728076204737182,48.94999999999982,64.19999999999982,15.25,64.19999999999982,81.8714285714286,344106.4,No Signal
29,2022-08-17T00:00:00+05:30,3693.0,3714.95,3681.15,3705.2,353940,2.4578436905789602,3715.9666593773827,3739.466056268035,-23.499396890652406,-5.9581254745094565,33.79999999999973,24.5,9.299999999999727,33.79999999999973,76.82142857142857,339033.45,No Signal
30,2022-08-18T00:00:00+05:30,3712.0,3726.95,3681.05,3693.05,232258,2.5141826960233855,3712.44101947317,3736.0278298778103,-23.586810404640346,-9.483862460535635,45.899999999999636,21.75,24.149999999999636,45.899999999999636,74.18928571428569,339197.95,No Signal
31,2022-08-19T00:00:00+05:30,3693.05,3709.45,3642.45,3662.55,177938,2.589192977798278,3704.765478015759,3730.5850276646393,-25.819549648880184,-12.750999898204546,67.0,16.399999999999636,50.600000000000364,67.0,75.71785714285713,326070.1,No Signal
32,2022-08-22T00:00:00+05:30,3662.55,3733.0,3635.05,3676.45,366362,2.5580529605120015,3700.4092506287193,3726.5750256154065,-26.16577498668721,-15.43395491590108,97.94999999999982,70.44999999999982,27.5,97.94999999999982,76.99999999999997,330283.0,No Signal
33,2022-08-23T00:00:00+05:30,3650.0,3704.95,3638.0,3678.7,189148,2.478286467894372,3697.0693659166086,3723.0287274216726,-25.959361505063953,-17.539036233733654,66.94999999999982,28.5,38.44999999999982,66.94999999999982,76.22499999999994,318069.25,No Signal
34,2022-08-24T00:00:00+05:30,3677.0,3688.0,3636.45,3659.15,187718,2.366023805575694,3691.2356173140533,3718.296969834882,-27.061352520828677,-19.44349949115266,51.55000000000018,9.300000000000182,42.25,51.55000000000018,69.12857142857138,312947.45,No Signal
35,2022-08-25T00:00:00+05:30,3677.45,3678.2,3640.0,3646.6,208566,2.37889599401201,3684.3685992657374,3712.9860831804463,-28.617483914708828,-21.278296375863896,38.19999999999982,19.049999999999727,19.15000000000009,38.19999999999982,67.04999999999995,309999.45,No Signal
36,2022-08-26T00:00:00+05:30,3664.85,3668.0,3627.1,3650.15,220793,2.2622961814539155,3679.1041993787007,3708.3315585004134,-29.227359121712652,-22.86810892503365,40.90000000000009,21.40000000000009,19.5,40.90000000000009,65.25714285714282,311025.9,No Signal
37,2022-08-29T00:00:00+05:30,3618.0,3730.0,3585.25,3707.65,525581,1.9982587890516186,3683.495861012747,3708.281072685568,-24.78521167282088,-23.251529474591095,144.75,79.84999999999991,64.90000000000009,144.75,64.37857142857138,321504.7,No Signal
38,2022-08-30T00:00:00+05:30,3717.0,3766.15,3717.0,3747.75,467342,1.586603075732384,3693.381113164632,3711.2046969310813,-17.823583766449246,-22.165940332962727,49.15000000000009,58.5,9.349999999999909,58.5,62.1928571428571,323923.45,No Signal
39,2022-09-01T00:00:00+05:30,3730.0,3745.4,3672.1,3718.15,314888,1.2641492516970525,3697.191711139304,3711.719163825075,-14.527452685771095,-20.638242803524403,73.30000000000018,2.349999999999909,75.65000000000009,75.65000000000009,63.97142857142853,323513.1,No Signal
40,2022-09-02T00:00:00+05:30,3736.75,3758.9,3700.0,3704.25,202119,1.1164970776872911,3698.277601733257,3711.1658924306253,-12.88829069736812,-19.08825238229315,58.90000000000009,40.75,18.15000000000009,58.90000000000009,64.56428571428566,315826.45,No Signal
41,2022-09-05T00:00:00+05:30,3681.0,3715.0,3658.1,3662.6,234229,1.0053699926425312,3692.788739928141,3707.5684189172457,-14.779678989104923,-18.226537703655506,56.90000000000009,10.75,46.15000000000009,56.90000000000009,64.36785714285709,306133.5,No Signal
42,2022-09-06T00:00:00+05:30,3672.0,3692.6,3595.0,3608.8,390743,0.9248293442430243,3679.8673953238113,3700.2522397381904,-20.38484441437913,-18.65819904580023,97.59999999999991,30.0,67.59999999999991,97.59999999999991,66.75357142857138,300338.25,No Signal
43,2022-09-07T00:00:00+05:30,3600.0,3674.8,3588.0,3667.9,287674,0.9059545392619663,3678.0262575816864,3697.8557775353615,-19.829519953675117,-18.89246322737521,86.80000000000018,66.0,20.800000000000182,86.80000000000018,70.5392857142857,274780.35,No Signal
44,2022-09-08T00:00:00+05:30,3683.0,3687.0,3632.9,3672.65,384828,0.8648791125495677,3677.1991410306578,3695.9886829031125,-18.78954187245472,-18.87187895639111,54.09999999999991,19.09999999999991,35.0,54.09999999999991,71.125,278524.85,No Signal
45,2022-09-09T00:00:00+05:30,3685.5,3700.0,3641.85,3649.5,134487,0.8682643131557289,3672.937734718249,3692.545076762141,-19.607342043892004,-19.01897157389129,58.15000000000009,27.34999999999991,30.800000000000182,58.15000000000009,70.49285714285715,275689.1,No Signal
46,2022-09-12T00:00:00+05:30,3640.2,3697.95,3640.2,3671.85,212679,0.834252144746766,3672.7703909154416,3691.0121081130933,-18.241717197651724,-18.863520698643377,57.75,48.44999999999982,9.300000000000182,57.75,67.6214285714286,277969.6,No Signal
47,2022-09-13T00:00:00+05:30,3665.0,3765.0,3665.0,3757.7,398763,0.9385159996310806,3685.8364846207583,3695.951951956568,-10.115467335809626,-17.113910026076628,100.0,93.15000000000009,6.849999999999909,100.0,69.98214285714289,286478.4,Buy
48,2022-09-14T00:00:00+05:30,3708.0,3761.7,3708.0,3747.0,389253,1.0185519277330906,3695.2462562175647,3699.733288848674,-4.487032631109287,-14.58853454708316,53.69999999999982,4.0,49.69999999999982,53.69999999999982,70.13571428571429,293965.45,Buy
49,2022-09-15T00:00:00+05:30,3765.0,3789.0,3713.05,3721.55,311462,1.0426913375071931,3699.292986030247,3701.34934152655,-2.0563554963027855,-12.082098736927087,75.94999999999982,42.0,33.94999999999982,75.94999999999982,72.83214285714287,291841.55,Buy
50,2022-09-16T00:00:00+05:30,3703.55,3741.4,3621.1,3639.55,559125,1.1006420086518596,3690.101757410209,3696.7716125245834,-6.6698551143745135,-10.999650012416573,120.30000000000018,19.84999999999991,100.45000000000027,120.30000000000018,78.50357142857145,308184.9,Buy
51,2022-09-19T00:00:00+05:30,3635.0,3642.15,3564.1,3592.35,211743,1.244495598171794,3675.063025500946,3689.0366782635033,-13.973652762557322,-11.594450562444724,78.05000000000018,2.599999999999909,75.45000000000027,78.05000000000018,73.73928571428574,309875.15,Sell
52,2022-09-20T00:00:00+05:30,3610.35,3665.0,3602.0,3650.6,346598,1.2369503042790335,3671.299483116185,3686.189516910651,-14.890033794466035,-12.253567208848986,63.0,72.65000000000009,9.650000000000091,72.65000000000009,74.75000000000003,308886.95,Sell
53,2022-09-21T00:00:00+05:30,3646.0,3789.0,3637.0,3765.65,773840,1.308002756588246,3685.814947252157,3692.075478620973,-6.260531368816373,-11.054960040842465,152.0,138.4000000000001,13.599999999999909,152.0,80.20357142857145,338121.55,Buy
54,2022-09-22T00:00:00+05:30,3764.0,3835.45,3751.0,3825.95,687169,1.527349120881275,3707.3741861364406,3701.9921098342343,5.382076302206315,-7.767552772232709,84.44999999999982,69.79999999999973,14.650000000000091,84.44999999999982,82.02857142857144,363094.1,Buy
55,2022-09-23T00:00:00+05:30,3825.95,3842.8,3782.35,3796.7,326569,1.6340637512977234,3721.1166190385266,3709.0075091057724,12.109109932754109,-3.792220231235346,60.45000000000027,16.850000000000364,43.59999999999991,60.45000000000027,82.28214285714287,368994.25,Buy
56,2022-09-26T00:00:00+05:30,3796.7,3827.85,3775.5,3787.5,626880,1.6909429152872202,3731.329446878753,3714.82176769053,16.507679188222937,0.2677596526563109,52.34999999999991,31.15000000000009,21.199999999999818,52.34999999999991,79.05000000000003,389298.6,Buy
57,2022-09-27T00:00:00+05:30,3806.45,3889.8,3800.0,3824.15,584553,1.8146147514498556,3745.6095319743295,3722.9201552690092,22.689376705320228,4.752083063189095,89.80000000000018,102.30000000000018,12.5,102.30000000000018,80.15714285714287,392247.2,Buy
58,2022-09-28T00:00:00+05:30,3817.9,3868.0,3795.6,3853.2,364916,1.9737071957237813,3762.1619116705865,3732.5705141379717,29.591397532614792,9.719945957074234,72.40000000000009,43.84999999999991,28.550000000000182,72.40000000000009,81.46428571428575,387125.9,Buy
59,2022-09-29T00:00:00+05:30,3871.45,3873.0,3810.0,3864.5,450206,2.1478523646347876,3777.9062329520348,3742.3430686462702,35.56316430576453,14.888589626812294,63.0,19.800000000000182,43.19999999999982,63.0,81.81071428571431,393891.8,Buy
60,2022-09-30T00:00:00+05:30,3870.0,3887.65,3820.05,3843.05,309888,2.2648828058918578,3787.9283509594143,3749.802841339139,38.12550962027535,19.535973625504905,67.59999999999991,23.15000000000009,44.44999999999982,67.59999999999991,82.51428571428573,399280.25,Buy
61,2022-10-03T00:00:00+05:30,3862.0,3878.2,3753.8,3768.95,251824,2.28018447578458,3785.008604657966,3751.2211493880914,33.7874552698745,22.386269954378825,124.39999999999964,35.149999999999636,89.25,124.39999999999964,84.25714285714285,400160.0,Buy
62,2022-10-04T00:00:00+05:30,3807.0,3826.65,3775.55,3818.15,153834,2.1574851914842545,3790.1072808644326,3756.1788420260104,33.92843883842215,24.69470373118749,51.09999999999991,57.70000000000027,6.600000000000364,57.70000000000027,84.54285714285717,388314.55,Buy
63,2022-10-06T00:00:00+05:30,3837.25,3847.65,3760.7,3767.55,308189,2.1339698983334077,3786.636929962212,3757.021150024084,29.61577993812807,25.67891897257561,86.95000000000027,29.5,57.45000000000027,86.95000000000027,85.3285714285715,389340.3,Buy
64,2022-10-07T00:00:00+05:30,3776.0,3795.0,3732.25,3785.65,318471,2.075180461136914,3786.48509458341,3759.1418055778554,27.343289005554652,26.011792979171418,62.75,27.449999999999818,35.30000000000018,62.75,81.21785714285718,386022.45,Buy
65,2022-10-10T00:00:00+05:30,3750.0,3812.0,3717.0,3797.85,185199,1.9704372477891714,3788.233541570578,3762.009079238755,26.224462331822906,26.054326849701717,95.0,26.34999999999991,68.65000000000009,95.0,82.42857142857146,388558.05,Buy
66,2022-10-11T00:00:00+05:30,3816.85,3820.7,3718.0,3727.9,202643,1.9369111627781983,3778.9514582520274,3759.482480776625,19.468977475402426,24.73725697484186,102.69999999999982,22.84999999999991,79.84999999999991,102.69999999999982,84.57500000000002,388056.25,Sell
67,2022-10-12T00:00:00+05:30,3746.55,3774.4,3726.35,3763.0,271143,1.918170975082543,3776.4973877517155,3759.743037756134,16.75434999558138,23.140675578989764,48.05000000000018,46.5,1.550000000000182,48.05000000000018,77.15000000000002,381675.25,No Signal
68,2022-10-13T00:00:00+05:30,3771.5,3794.0,3748.9,3784.6,156767,1.9056434223094367,3777.743943482221,3761.5842942186428,16.159649263578103,21.744470315907435,45.09999999999991,31.0,14.099999999999909,45.09999999999991,74.33928571428575,370050.95,No Signal
69,2022-10-14T00:00:00+05:30,3800.1,3814.9,3769.25,3796.25,350116,1.8826476636133693,3780.5910291003406,3764.152124276521,16.438904823819485,20.683357217489846,45.65000000000009,30.300000000000182,15.349999999999909,45.65000000000009,73.28214285714287,371983.65,No Signal
70,2022-10-17T00:00:00+05:30,3801.9,3801.9,3752.55,3777.7,93311,1.7004704097240875,3780.146255392596,3765.1556706264087,14.990584766187112,19.5448027272293,49.34999999999991,5.650000000000091,43.69999999999982,49.34999999999991,73.06785714285716,348692.95,No Signal
71,2022-10-18T00:00:00+05:30,3796.6,3804.95,3748.6,3766.85,189864,1.2480999800829986,3778.1006776398885,3765.281176505934,12.819501133954418,18.199742408574323,56.34999999999991,27.25,29.09999999999991,56.34999999999991,69.78571428571429,347599.0,No Signal
72,2022-10-19T00:00:00+05:30,3770.0,3789.5,3742.0,3768.5,182278,0.9179099362016456,3776.6236503106747,3765.519607875865,11.104042434809799,16.78060241382142,47.5,22.65000000000009,24.84999999999991,47.5,68.00714285714285,339383.0,No Signal
73,2022-10-20T00:00:00+05:30,3763.0,3802.9,3747.65,3790.15,230082,0.8958958519655218,3778.7046271859554,3767.3440813665416,11.360545819413801,15.696591094939897,55.25,34.40000000000009,20.84999999999991,55.25,67.45357142857142,312195.1,No Signal
74,2022-10-21T00:00:00+05:30,3793.0,3814.55,3761.6,3792.7,404936,0.8750224870892397,3780.857761465039,3769.2222975616123,11.635463903426626,14.884365656637243,52.95000000000027,24.40000000000009,28.550000000000182,52.95000000000027,66.40714285714287,298083.45,No Signal
75,2022-10-24T00:00:00+05:30,3799.0,3835.6,3712.0,3801.85,32821,0.8740761200217291,3784.0873366242636,3771.6391644089003,12.448172215363229,14.397126968382441,123.59999999999991,42.90000000000009,80.69999999999982,123.59999999999991,66.35000000000004,283396.05,No Signal
76,2022-10-25T00:00:00+05:30,3804.0,3804.9,3690.0,3713.1,228493,1.0191410986473106,3773.166207912838,3767.302930008241,5.863277904596998,12.690357155625353,114.90000000000009,3.050000000000182,111.84999999999991,114.90000000000009,70.43571428571431,263476.7,No Signal
77,2022-10-27T00:00:00+05:30,3714.0,3769.9,3701.3,3755.3,317965,1.0047166426349907,3770.417560541632,3766.4138240817047,4.003736459927495,10.953033016485783,68.59999999999991,56.80000000000018,11.799999999999727,68.59999999999991,69.125,250147.3,No Signal
78,2022-10-28T00:00:00+05:30,3767.0,3792.0,3732.0,3777.7,215005,0.9097706786547222,3771.5379358429195,3767.2498371126894,4.288098730230104,9.620046159234647,60.0,36.69999999999982,23.300000000000182,60.0,68.92857142857143,242651.75,No Signal
79,2022-10-31T00:00:00+05:30,3788.0,3800.0,3739.35,3766.55,198318,0.7608456254969,3770.770561097855,3767.1979973265643,3.5725637712907883,8.410549681645875,60.65000000000009,22.300000000000182,38.34999999999991,60.65000000000009,66.47500000000001,230057.35,No Signal
80,2022-11-01T00:00:00+05:30,3780.0,3808.6,3755.05,3788.0,338873,0.6449221883721777,3773.4212440058773,3768.7388864134855,4.6823575923917815,7.664911263795057,53.54999999999973,42.04999999999973,11.5,53.54999999999973,62.964285714285715,231506.6,No Signal
81,2022-11-02T00:00:00+05:30,3788.0,3794.4,3714.3,3723.95,185469,0.7248782383552953,3765.810283389588,3765.4211911235975,0.3890922659907119,6.209747464234188,80.09999999999991,6.400000000000091,73.69999999999982,80.09999999999991,65.2535714285714,228188.85,No Signal
82,2022-11-03T00:00:00+05:30,3707.0,3760.55,3705.45,3748.05,140950,0.6762557397477394,3763.0779320988822,3764.134436225553,-1.0565041266709159,4.756497146053167,55.100000000000364,36.600000000000364,18.5,55.100000000000364,65.96785714285716,227544.65,No Signal
83,2022-11-04T00:00:00+05:30,3748.05,3814.95,3746.15,3804.2,258490,0.6962071232734969,3769.4044040836698,3767.102255764401,2.302148319268781,4.26562738069629,68.79999999999973,66.89999999999964,1.900000000000091,68.79999999999973,67.62142857142855,225059.7,No Signal
84,2022-11-07T00:00:00+05:30,3930.05,4190.0,3930.05,4139.25,3142409,2.0894455717365124,3826.303726532336,3794.668755337408,31.634971194927857,9.739496143542604,259.9499999999998,385.8000000000002,125.85000000000036,385.8000000000002,91.65357142857144,366256.6,Buy
85,2022-11-09T00:00:00+05:30,4140.0,4237.0,4140.0,4175.35,1198454,2.9284009850487713,3880.003153219669,3822.867366053156,57.13578716651318,19.21875434813672,97.0,97.75,0.75,97.75,94.6107142857143,416919.35,Buy
86,2022-11-10T00:00:00+05:30,4152.6,4189.65,4108.3,4134.65,417580,3.402467319458027,3919.179591185874,3845.9623759751444,73.21721521072959,30.018446520655296,81.34999999999945,14.299999999999272,67.05000000000018,81.34999999999945,97.0285714285714,427666.2,Buy
87,2022-11-11T00:00:00+05:30,4155.35,4177.0,4085.0,4098.65,344529,3.709323461667856,3946.790423311124,3864.6799777547635,82.11044555636045,40.436846327796324,92.0,42.350000000000364,49.649999999999636,92.0,99.6535714285714,431335.5,Buy
88,2022-11-14T00:00:00+05:30,4100.0,4153.5,4074.6,4103.95,336105,3.942373160469924,3970.968819724797,3882.4036831062626,88.56513661853432,50.062504385943924,78.90000000000009,54.850000000000364,24.049999999999727,78.90000000000009,101.50714285714282,440302.4,Buy
89,2022-11-15T00:00:00+05:30,4124.5,4153.6,4083.25,4139.35,325841,4.164746060185987,3996.8736166902127,3901.43674361691,95.43687307330265,59.13737812341567,70.35000000000036,49.650000000000546,20.699999999999818,70.35000000000036,97.70357142857142,439088.65,Buy
90,2022-11-16T00:00:00+05:30,4126.75,4145.0,4093.75,4131.5,149909,4.345463058637017,4017.5853679686415,3918.4784663119535,99.10690165668802,67.13128283007015,51.25,5.649999999999636,45.600000000000364,51.25,93.15714285714284,441918.55,Buy
91,2022-11-17T00:00:00+05:30,4120.0,4150.0,4105.15,4125.2,238476,4.455502320511406,4034.1414652042354,3933.791172511068,100.35029269316738,73.77508480268959,44.850000000000364,18.5,26.350000000000364,44.850000000000364,91.4607142857143,444349.15,Buy
92,2022-11-18T00:00:00+05:30,4138.0,4138.0,4061.1,4106.05,281187,4.5113118489006006,4045.204316711276,3946.5510856583965,98.65323105287962,78.7507140527276,76.90000000000009,12.800000000000182,64.09999999999991,76.90000000000009,92.66785714285717,449294.6,Buy
93,2022-11-21T00:00:00+05:30,4118.0,4149.0,4095.1,4120.05,288494,4.532412547397604,4056.7190372172336,3959.4028570911078,97.3161801261258,82.46380726740725,53.90000000000009,42.94999999999982,10.950000000000273,53.90000000000009,92.18571428571431,452215.2,Buy
94,2022-11-22T00:00:00+05:30,4133.95,4164.25,4107.6,4157.6,319377,4.537640419711953,4072.2391853376594,3974.084126936211,98.15505840144851,85.6020574942155,56.649999999999636,44.19999999999982,12.449999999999818,56.649999999999636,92.40714285714287,447937.25,Buy
95,2022-11-23T00:00:00+05:30,4160.0,4194.05,4139.5,4155.15,247440,4.55015537560388,4084.9946952857117,3987.4964138298246,97.49828145588708,87.98130228654982,54.55000000000018,36.44999999999982,18.100000000000364,54.55000000000018,90.5821428571429,458668.2,Buy
96,2022-11-24T00:00:00+05:30,4165.0,4209.55,4155.15,4191.2,231507,4.372396524955296,4101.333972934063,4002.585568360949,98.74840457311439,90.13472274386274,54.400000000000546,54.400000000000546,0.0,54.400000000000546,90.53214285714292,458818.9,Buy
97,2022-11-25T00:00:00+05:30,4212.0,4212.0,4148.3,4183.7,244021,4.235824459324008,4114.005669405746,4016.001452186064,98.00421721968178,91.70862163902655,63.69999999999982,20.800000000000182,42.899999999999636,63.69999999999982,90.1678571428572,455121.7,Buy
98,2022-11-28T00:00:00+05:30,4168.85,4229.3,4161.0,4213.05,222792,4.068998394180481,4129.243258727939,4030.597640913022,98.64561781491693,93.09602087420463,68.30000000000018,45.600000000000364,22.699999999999818,68.30000000000018,67.48928571428577,455511.05,No Signal
99,2022-11-29T00:00:00+05:30,4225.0,4302.0,4225.0,4285.35,598862,3.859249228896712,4153.259680462103,4049.468186030576,103.79149443152664,95.23511558566904,77.0,88.94999999999982,11.949999999999818,88.94999999999982,66.86071428571434,475538.25,No Signal
100,2022-11-30T00:00:00+05:30,4297.95,4387.9,4290.05,4362.3,1101544,3.7260080645158142,4185.419729621779,4072.640912991274,112.77881663050493,98.74385579463622,97.84999999999945,102.54999999999927,4.699999999999818,102.54999999999927,68.37500000000003,513671.8,No Signal
101,2022-12-01T00:00:00+05:30,4364.55,4410.5,4335.35,4401.25,501693,3.3848842616264654,4218.624386603044,4096.982326843772,121.64205975927143,103.32349658756327,75.14999999999964,48.19999999999982,26.949999999999818,75.14999999999964,67.17142857142858,529483.0,No Signal
102,2022-12-02T00:00:00+05:30,4400.0,4444.05,4380.3,4432.9,530301,2.9822401229427036,4251.589865587191,4121.865117447937,129.72474813925328,108.60374689790127,63.75,42.80000000000018,20.949999999999818,63.75,66.08928571428571,548950.55,No Signal
103,2022-12-05T00:00:00+05:30,4422.85,4427.65,4370.0,4403.35,212912,2.504691918165112,4274.937578573777,4142.715849488831,132.22172908494576,113.32734333531018,57.649999999999636,5.25,62.899999999999636,62.899999999999636,65.55714285714281,546671.65,No Signal
104,2022-12-06T00:00:00+05:30,4398.9,4451.65,4382.05,4424.35,349352,2.704257001612355,4297.924104947042,4163.577638415584,134.34646653145774,117.5311679745397,69.59999999999945,48.29999999999927,21.300000000000182,69.59999999999945,66.86785714285705,407018.8,No Signal
105,2022-12-07T00:00:00+05:30,4424.35,4435.0,4383.35,4393.55,252294,2.8549279320155136,4312.635781109036,4180.612628162578,132.02315294645723,120.42956496892322,51.649999999999636,10.649999999999636,41.0,51.649999999999636,67.35357142857129,359710.8,No Signal
106,2022-12-08T00:00:00+05:30,4395.85,4442.65,4384.2,4394.9,282408,2.9279132202569933,4325.2918147845685,4196.485766817203,128.80604796736588,122.10486156861175,58.44999999999982,49.099999999999454,9.350000000000364,58.44999999999982,66.03571428571412,352952.2,No Signal
107,2022-12-09T00:00:00+05:30,4402.0,4426.4,4384.2,4410.3,233436,2.933582390029919,4338.369997125405,4212.323858164076,126.04613896132832,122.89311704715507,42.19999999999982,31.5,10.699999999999818,42.19999999999982,65.19999999999982,347397.55,No Signal
108,2022-12-12T00:00:00+05:30,4419.05,4439.05,4384.0,4432.55,233360,2.9287391705260237,4352.859228336881,4228.636905707478,124.2223226294027,123.15895816360461,55.05000000000018,28.75,26.300000000000182,55.05000000000018,65.08571428571415,342260.3,No Signal
109,2022-12-13T00:00:00+05:30,4452.0,4452.0,4410.65,4426.55,158169,2.9395073780410046,4364.196270131207,4243.297134914332,120.89913521687504,122.7069935742587,41.350000000000364,19.449999999999818,21.900000000000546,41.350000000000364,64.14285714285701,333876.7,No Signal
110,2022-12-14T00:00:00+05:30,4440.0,4446.0,4390.1,4409.7,195654,2.889113307453215,4371.196843957175,4255.623273068825,115.57357088834942,121.28030903707685,55.899999999999636,19.449999999999818,36.44999999999982,55.899999999999636,64.2499999999998,336163.95,No Signal
111,2022-12-15T00:00:00+05:30,4428.3,4485.0,4412.0,4465.45,370461,2.806601510828811,4385.697329502224,4271.165993582245,114.53133591997903,119.93051441365729,73.0,75.30000000000018,2.300000000000182,75.30000000000018,65.07857142857127,342763.2,No Signal
112,2022-12-16T00:00:00+05:30,4459.5,4477.15,4416.7,4444.7,346505,2.649609259595952,4394.774663424959,4284.0203644280045,110.75429899695428,118.09527133031669,60.44999999999982,11.699999999999818,48.75,60.44999999999982,64.51785714285695,346029.1,No Signal
113,2022-12-19T00:00:00+05:30,4455.0,4537.0,4423.5,4526.5,330657,2.510711028368414,4415.040099821119,4301.981818914819,113.05828090629984,117.08787324551334,113.5,92.30000000000018,21.199999999999818,113.5,66.27142857142839,348137.25,No Signal
114,2022-12-20T00:00:00+05:30,4529.0,4533.95,4467.05,4509.05,206827,2.4052418890407523,4429.503161387101,4317.3202026989065,112.18295868819405,116.10689033404948,66.89999999999964,7.449999999999818,59.44999999999982,66.89999999999964,63.724999999999845,342509.75,No Signal
115,2022-12-21T00:00:00+05:30,4509.05,4530.0,4406.15,4418.85,303184,2.1687220730503185,4427.864213481393,4324.840928424914,103.02328505647893,113.49016927853538,123.85000000000036,20.949999999999818,102.90000000000055,123.85000000000036,67.20357142857132,345296.95,No Signal
116,2022-12-22T00:00:00+05:30,4444.0,4446.35,4377.0,4391.45,243299,1.9150621788696465,4422.262026791947,4329.774933726772,92.48709306517503,109.28955403586332,69.35000000000036,27.5,41.850000000000364,69.35000000000036,67.60357142857136,345886.55,Sell
117,2022-12-23T00:00:00+05:30,4375.15,4398.95,4324.1,4331.9,224214,1.607865529348398,4408.360176516263,4329.932346043308,78.42783047295507,103.11720932328167,74.84999999999945,7.5,67.34999999999945,74.84999999999945,68.45714285714277,344896.2,Sell
118,2022-12-26T00:00:00+05:30,4315.5,4399.9,4313.8,4375.35,166686,1.23245519265964,4403.2816878214535,4333.296616706767,69.98507111468643,96.49078168156262,86.09999999999945,68.0,18.099999999999454,86.09999999999945,69.6357142857142,342090.9,Sell
119,2022-12-27T00:00:00+05:30,4380.7,4400.0,4350.0,4369.25,138087,1.0590457444621044,4398.04604354123,4335.959830284043,62.0862132571865,89.6098679966874,50.0,24.649999999999636,25.350000000000364,50.0,69.51785714285708,319052.15,Sell
120,2022-12-28T00:00:00+05:30,4362.0,4407.45,4362.0,4385.95,159245,1.028505797169308,4396.185113765656,4339.662805818559,56.52230794709703,82.99235598676933,45.44999999999982,38.19999999999982,7.25,45.44999999999982,68.58928571428565,271937.2,Sell
121,2022-12-29T00:00:00+05:30,4375.0,4389.75,4296.55,4348.3,244626,1.0945086364413734,4388.818173186324,4340.302597980147,48.515575206177346,76.09699983065093,93.19999999999982,3.800000000000182,89.39999999999964,93.19999999999982,72.23214285714279,259083.85,Sell
122,2022-12-30T00:00:00+05:30,4355.2,4374.95,4298.55,4307.45,117753,1.231125129369772,4376.29999269612,4337.86907220384,38.430920492280165,68.56378396297679,76.39999999999964,26.649999999999636,49.75,76.39999999999964,73.75714285714275,238456.45,Sell
123,2023-01-02T00:00:00+05:30,4379.95,4379.95,4275.1,4292.15,255314,1.3764618542049218,4363.35383997364,4334.482474262815,28.871365710824648,60.62530031254636,104.84999999999945,72.5,32.349999999999454,104.84999999999945,78.29285714285697,240576.55,Sell
124,2023-01-03T00:00:00+05:30,4255.1,4295.65,4206.3,4241.85,496975,1.6237267151910495,4344.6609415161565,4327.620809502607,17.040132013549737,51.90826665274704,89.34999999999945,3.5,85.84999999999945,89.34999999999945,80.68214285714268,247957.7,Sell
125,2023-01-04T00:00:00+05:30,4254.95,4276.0,4216.35,4235.0,216319,1.829764143411139,4327.790027436748,4320.76000879871,7.030018638037291,42.93261704980509,59.649999999999636,34.149999999999636,25.5,59.649999999999636,79.56428571428549,246158.95,Sell
126,2023-01-05T00:00:00+05:30,4235.0,4387.0,4235.0,4313.2,686633,1.8344869239950454,4325.545407831094,4320.200008146954,5.34539968413992,35.41517357667205,152.0,152.0,0.0,152.0,86.10357142857121,266370.2,Sell
127,2023-01-06T00:00:00+05:30,4313.2,4369.0,4310.0,4359.05,297438,1.8119182593993304,4330.699960472464,4323.077785321254,7.6221751512102855,29.8565738915797,59.0,55.80000000000018,3.199999999999818,59.0,82.21071428571408,269570.3,Sell
128,2023-01-09T00:00:00+05:30,4380.0,4387.9,4336.2,4364.3,170110,1.7878065716006724,4335.869197322854,4326.131282704865,9.73791461798919,25.8328420368616,51.69999999999982,28.849999999999454,22.850000000000364,51.69999999999982,81.1249999999998,266407.8,Sell
129,2023-01-10T00:00:00+05:30,4360.0,4363.0,4317.3,4326.85,235445,1.7979998058664854,4334.481628503953,4326.184521023023,8.297107480930208,22.325695125675324,45.69999999999982,1.300000000000182,47.0,47.0,75.63571428571406,270271.6,Sell
130,2023-01-11T00:00:00+05:30,4326.0,4358.65,4298.0,4314.3,224668,1.8128236315129622,4331.376762580268,4325.304186132429,6.07257644783931,19.07507139010812,60.649999999999636,31.799999999999272,28.850000000000364,60.649999999999636,75.01428571428544,271722.3,Sell
131,2023-01-12T00:00:00+05:30,4319.3,4340.9,4284.0,4299.25,248083,1.7651412373485664,4326.434183721765,4323.374246418915,3.059937302849903,15.87204457265648,56.899999999999636,26.599999999999454,30.300000000000182,56.899999999999636,73.73214285714259,265603.4,Sell
132,2023-01-13T00:00:00+05:30,4304.0,4370.7,4287.45,4336.1,183772,1.6875659235948706,4327.921232379956,4324.316894832329,3.6043375476265282,13.41850316765049,83.25,71.44999999999982,11.800000000000182,83.25,73.52857142857121,257466.75,No Signal
133,2023-01-16T00:00:00+05:30,4336.1,4346.45,4300.0,4309.6,84814,1.4170884161833255,4325.102581244578,4323.226754474379,1.875826770198728,11.109967888160138,46.44999999999982,10.349999999999454,36.100000000000364,46.44999999999982,73.27499999999976,245174.6,No Signal
134,2023-01-17T00:00:00+05:30,4309.0,4372.95,4291.75,4362.05,169798,1.0793910016974282,4330.786799514643,4326.10255043924,4.684249075402477,9.824824125608608,81.19999999999982,63.349999999999454,17.850000000000364,81.19999999999982,75.8285714285712,243323.15,Sell
135,2023-01-18T00:00:00+05:30,4360.0,4422.0,4355.55,4393.7,192855,1.0239790530026884,4340.4657534354665,4331.109768925222,9.355984510244525,9.731056202535791,66.44999999999982,59.94999999999982,6.5,66.44999999999982,73.9178571428569,237806.7,No Signal
136,2023-01-19T00:00:00+05:30,4379.8,4399.95,4357.1,4372.4,139431,1.0033954279098964,4345.3787144453945,4334.16830456039,11.210409885004083,10.02692693902945,42.849999999999454,6.25,36.599999999999454,42.849999999999454,71.52142857142833,232613.3,No Signal
137,2023-01-20T00:00:00+05:30,4362.0,4362.0,4312.85,4318.95,154486,1.0180233702190116,4341.312758376872,4333.041022741102,8.2717356357698,9.67588867837752,49.149999999999636,10.399999999999636,59.54999999999927,59.54999999999927,68.28571428571402,229126.9,No Signal
138,2023-01-23T00:00:00+05:30,4330.0,4357.45,4319.15,4337.85,119143,0.9860123441681311,4340.780026318892,4333.397243278799,7.382783040093273,9.21726755072067,38.30000000000018,38.5,0.1999999999998181,38.5,64.65357142857121,226749.75,No Signal
139,2023-01-24T00:00:00+05:30,4350.8,4408.95,4323.2,4396.05,135586,1.0116500431796043,4349.283099192909,4338.0381882211095,11.244910971799072,9.622796234936352,85.75,71.09999999999945,14.650000000000546,85.75,66.51785714285695,226624.7,No Signal
140,2023-01-25T00:00:00+05:30,4384.0,4444.0,4360.0,4388.15,288089,1.0168049376819164,4355.262622394,4341.750174278805,13.512448115194275,10.400726610987938,84.0,47.94999999999982,36.05000000000018,84.0,61.66071428571409,233066.9,No Signal
141,2023-01-27T00:00:00+05:30,4435.0,4439.0,4353.8,4380.4,340484,1.046505197828922,4359.129911256461,4344.613124332227,14.516786924234111,11.223938673637173,85.19999999999982,50.850000000000364,34.349999999999454,85.19999999999982,63.53214285714265,237859.8,No Signal
142,2023-01-30T00:00:00+05:30,4396.5,4418.0,4320.0,4406.75,218721,1.096141992214751,4366.456078755467,4349.215855863174,17.240222892293787,12.427195517368496,98.0,37.600000000000364,60.399999999999636,98.0,66.83928571428552,242908.2,No Signal
143,2023-01-31T00:00:00+05:30,4418.0,4418.0,4264.0,4317.6,605699,1.0972722102015184,4358.939758946934,4346.873940614049,12.065818332884191,12.354920080471636,154.0,11.25,142.75,154.0,74.48214285714266,260427.45,Sell
144,2023-02-01T00:00:00+05:30,4329.9,4444.5,4326.85,4370.95,622541,0.9603654655808859,4360.787488339713,4348.657352420416,12.130135919296663,12.309963248236642,117.64999999999964,126.89999999999964,9.25,126.89999999999964,79.21428571428552,266705.75,Sell
145,2023-02-02T00:00:00+05:30,4518.95,4596.0,4370.0,4573.05,1669243,1.3042221542841652,4393.443259364372,4365.2790300189035,28.16422934546881,15.480816467683077,226.0,225.05000000000018,0.9499999999998181,226.0,91.29285714285697,339351.95,Buy
146,2023-02-03T00:00:00+05:30,4590.0,4659.75,4570.1,4628.85,517467,1.7966959582077322,4429.659681000623,4384.802805573059,44.856875427563864,21.356028259659237,89.64999999999964,86.69999999999982,2.949999999999818,89.64999999999964,91.7499999999998,330893.65,Buy
147,2023-02-06T00:00:00+05:30,4609.95,4635.3,4600.0,4625.65,315182,2.155791942197655,4459.812037769758,4402.6433384935735,57.16869927618427,28.518562462964244,35.30000000000018,6.449999999999818,28.850000000000364,35.30000000000018,90.95357142857127,331780.85,Buy
148,2023-02-07T00:00:00+05:30,4639.0,4664.0,4596.7,4606.85,327040,2.3976161624686996,4482.4332627282565,4417.76975786442,64.66350486383635,35.74755094313867,67.30000000000018,38.350000000000364,28.949999999999818,67.30000000000018,89.96071428571415,339627.35,Buy
149,2023-02-08T00:00:00+05:30,4604.95,4640.25,4578.0,4594.8,252710,2.5413013106135773,4499.720453077755,4430.883109133722,68.83734394403291,42.36550954331752,62.25,33.399999999999636,28.850000000000364,62.25,89.66071428571415,340490.6,Buy
150,2023-02-09T00:00:00+05:30,4594.85,4656.1,4575.15,4637.35,284415,2.6735770244521793,4520.894229527332,4446.176952901595,74.71727662573721,48.83586295980146,80.95000000000073,61.30000000000018,19.650000000000546,80.95000000000073,92.38214285714282,343477.95,Buy
151,2023-02-10T00:00:00+05:30,4660.0,4669.2,4597.05,4622.7,207919,2.741018659824888,4536.556655753896,4459.252734168143,77.3039215857525,54.52947468499167,72.14999999999964,31.849999999999454,40.30000000000018,72.14999999999964,93.28214285714284,341469.75,Buy
152,2023-02-13T00:00:00+05:30,4600.0,4636.0,4579.0,4591.0,185536,2.7787629281960506,4544.932554868681,4469.011790896429,75.92076397225173,58.80773254244369,57.0,13.300000000000182,43.69999999999982,57.0,94.60357142857141,341557.95,Buy
153,2023-02-14T00:00:00+05:30,4590.3,4624.0,4581.0,4599.0,245495,2.735579247009749,4553.250623350423,4478.640547126323,74.61007622409943,61.96820127877484,43.0,33.0,10.0,43.0,91.54999999999998,349592.0,Buy
154,2023-02-15T00:00:00+05:30,4599.85,4599.85,4530.2,4588.45,197822,2.7281804196129067,4558.665912065742,4486.774580672522,71.89133139322075,63.95282730166403,69.65000000000055,0.8500000000003638,68.80000000000018,69.65000000000055,90.52500000000002,350993.2,Buy
155,2023-02-16T00:00:00+05:30,4597.0,4617.9,4567.0,4572.0,160313,2.722981059315943,4560.717310209474,4493.0875746967795,67.62973551269442,64.68820894387011,50.899999999999636,29.449999999999818,21.449999999999818,50.899999999999636,88.07500000000002,349366.1,Buy
156,2023-02-17T00:00:00+05:30,4570.0,4588.0,4514.8,4533.25,203456,2.6738453593613984,4556.491570177247,4496.062569163685,60.4290010135619,63.83636735780847,73.19999999999982,16.0,57.19999999999982,73.19999999999982,86.30357142857143,352567.35,Sell
157,2023-02-20T00:00:00+05:30,4535.25,4545.0,4444.0,4453.8,308681,2.5568544604265617,4540.692867073055,4492.932008484893,47.76085858816168,60.62126560387912,101.0,11.75,89.25,101.0,82.51785714285714,360277.1,Sell
158,2023-02-21T00:00:00+05:30,4454.95,4527.85,4450.6,4503.35,229380,2.3622880040795895,4534.947810600277,4493.703711560086,41.24409904019103,56.745832291141504,77.25,74.05000000000018,3.199999999999818,77.25,78.9714285714286,365788.95,No Signal
159,2023-02-22T00:00:00+05:30,4505.0,4540.9,4477.7,4484.5,262918,2.291374386113225,4527.186608969465,4493.021955148228,34.16465382123715,52.229596597160636,63.19999999999982,37.54999999999927,25.650000000000546,63.19999999999982,67.34285714285716,372155.55,No Signal
160,2023-02-23T00:00:00+05:30,4490.0,4496.0,4424.8,4440.0,210031,2.246877064376904,4513.773284512624,4489.094402915026,24.678881597597865,46.719453597248084,71.19999999999982,11.5,59.69999999999982,71.19999999999982,66.02500000000002,368252.65,No Signal
161,2023-02-24T00:00:00+05:30,4460.0,4495.55,4419.65,4442.55,234456,2.157818720429143,4502.815856126066,4485.646669365765,17.169186760301272,40.809400229858724,75.90000000000055,55.55000000000018,20.350000000000364,75.90000000000055,68.92500000000005,362951.25,No Signal
162,2023-02-27T00:00:00+05:30,4428.55,4470.0,4375.0,4388.25,162723,2.2147840948544157,4485.190339798979,4478.432101264597,6.758238534382144,33.99916789076341,95.0,27.449999999999818,67.55000000000018,95.0,70.90357142857147,360151.35,No Signal
163,2023-02-28T00:00:00+05:30,4390.0,4475.25,4380.0,4461.75,349283,1.912553492499542,4481.5841336760595,4477.196390059812,4.387743616247462,28.07688303586022,95.25,87.0,8.25,95.25,73.26071428571433,347330.55,No Signal
164,2023-03-01T00:00:00+05:30,4439.0,4454.55,4355.15,4379.8,331092,1.9282008641489095,4465.925036187435,4469.981842647974,-4.056806460539519,21.650145136580274,99.40000000000055,7.199999999999818,106.60000000000036,106.60000000000036,75.09285714285716,332758.1,No Signal
165,2023-03-02T00:00:00+05:30,4390.0,4405.0,4343.05,4394.2,147032,2.0406081229500614,4454.890415235522,4464.368372822199,-9.477957586676894,15.424524591928842,61.94999999999982,25.199999999999818,36.75,61.94999999999982,74.36428571428574,256647.55,No Signal
166,2023-03-03T00:00:00+05:30,4400.0,4444.75,4380.4,4411.95,212204,2.0369597625243476,4448.28419750698,4460.485530390924,-12.201332883944815,9.899353096754112,64.35000000000036,50.55000000000018,13.800000000000182,64.35000000000036,74.88928571428576,241384.4,No Signal
167,2023-03-06T00:00:00+05:30,4389.0,4389.0,4279.9,4323.0,681400,2.216462509310137,4429.009705582829,4450.301417028633,-21.29171144580414,3.6611401882424617,109.10000000000036,22.949999999999818,132.05000000000018,132.05000000000018,81.25000000000007,259695.3,No Signal
168,2023-03-08T00:00:00+05:30,4319.85,4370.0,4305.75,4339.65,228626,2.2795054086226423,4415.262058570086,4442.1050157672535,-26.84295719716738,-2.439679288839507,64.25,47.0,17.25,64.25,80.86428571428574,254774.6,No Signal
169,2023-03-09T00:00:00+05:30,4339.65,4350.0,4275.2,4291.7,242653,2.4408980626436105,4396.252511097765,4430.9639034881975,-34.71139239043259,-8.894021909158125,74.80000000000018,10.350000000000364,64.44999999999982,74.80000000000018,82.57142857142864,254271.75,Sell
170,2023-03-10T00:00:00+05:30,4307.4,4361.75,4282.75,4311.0,367075,2.393869325549011,4383.136740159647,4422.077688414997,-38.94094825535012,-14.903407178396526,79.0,70.05000000000018,8.949999999999818,79.0,82.98571428571437,258404.75,Sell
171,2023-03-13T00:00:00+05:30,4309.0,4346.05,4290.0,4307.6,282669,2.3336503452703083,4371.515703212009,4413.597859643516,-42.08215643150743,-20.339157029018708,56.05000000000018,35.05000000000018,21.0,56.05000000000018,79.77500000000009,262142.25,Sell
172,2023-03-14T00:00:00+05:30,4315.0,4343.9,4277.0,4292.95,197983,2.310191952288456,4359.428671948623,4404.660981151404,-45.232309202780925,-25.317787463771154,66.89999999999964,36.29999999999927,30.600000000000364,66.89999999999964,79.03571428571435,262764.6,Sell
173,2023-03-15T00:00:00+05:30,4315.0,4323.65,4237.6,4243.1,195193,2.319414799014681,4341.5319531872965,4392.693501066115,-51.161547878818055,-30.486539546780538,86.04999999999927,30.699999999999818,55.349999999999454,86.04999999999927,80.66785714285717,260249.5,Sell
174,2023-03-16T00:00:00+05:30,4263.95,4320.0,4250.0,4311.2,260044,2.1089676188890123,4336.86549885079,4386.656945431588,-49.79144658079804,-34.34752095358404,70.0,76.89999999999964,6.899999999999636,76.89999999999964,81.07500000000002,263360.6,Sell
175,2023-03-17T00:00:00+05:30,4325.95,4370.0,4305.6,4362.55,294943,1.854019417423167,4340.816960566053,4384.8712457699885,-44.05428520393525,-36.28887380365428,64.39999999999964,58.80000000000018,5.599999999999454,64.39999999999964,80.25357142857138,270092.1,Sell
176,2023-03-20T00:00:00+05:30,4364.6,4366.6,4262.5,4331.85,176551,1.6966796402232027,4339.437428171276,4380.943746083322,-41.50631791204614,-37.33236262533266,104.10000000000036,4.050000000000182,100.05000000000018,104.10000000000036,80.9035714285714,268746.85,Sell
177,2023-03-21T00:00:00+05:30,4355.0,4386.0,4260.0,4264.7,231873,1.7541113559535253,4327.939362298772,4372.333098225298,-44.39373592652646,-38.74463728557142,126.0,54.149999999999636,71.85000000000036,126.0,83.09999999999998,264906.45,Sell
178,2023-03-22T00:00:00+05:30,4279.0,4279.0,4230.0,4244.45,146015,1.6920211390517377,4315.094845022038,4362.8602761345355,-47.765431112497936,-40.548796050956724,49.0,14.300000000000182,34.69999999999982,49.0,78.98571428571424,260738.2,Sell
179,2023-03-23T00:00:00+05:30,4250.0,4255.5,4196.75,4242.7,197372,1.6144443486134659,4303.957176557109,4353.9595149393845,-50.00233838227541,-42.43950451722046,58.75,11.050000000000182,47.69999999999982,58.75,78.75714285714282,257460.9,Sell
180,2023-03-24T00:00:00+05:30,4242.0,4242.0,4189.85,4199.95,198387,1.6881555843067628,4287.9560724714,4342.551402721652,-54.59533025025212,-44.870669663826796,52.149999999999636,0.6999999999998181,52.849999999999454,52.849999999999454,77.93571428571418,256878.7,No Signal
181,2023-03-27T00:00:00+05:30,4224.05,4245.3,4198.8,4214.8,283787,1.6533862240800792,4276.701292091185,4333.088335853382,-56.38704376219721,-47.17394448350088,46.5,45.350000000000364,1.1499999999996362,46.5,71.82499999999989,259345.25,No Signal
182,2023-03-28T00:00:00+05:30,4229.5,4229.5,4153.0,4200.0,224554,1.7158814932392994,4264.901093307925,4323.229940604983,-58.32884729705802,-49.40492504621231,76.5,14.699999999999818,61.80000000000018,76.5,72.69999999999989,262436.8,No Signal
183,2023-03-29T00:00:00+05:30,4205.0,4297.95,4198.95,4276.2,316327,1.456986195957665,4266.639386645167,4319.746241300911,-53.10685465574352,-50.14531096811856,99.0,97.94999999999982,1.050000000000182,99.0,74.4285714285713,260789.0,No Signal
184,2023-03-31T00:00:00+05:30,4277.45,4333.8,4257.05,4321.5,244993,1.3776796275964687,4275.079481007449,4319.876149352695,-44.79666834524596,-49.07558244354404,76.75,57.600000000000364,19.149999999999636,76.75,74.26785714285701,256484.05,No Signal
185,2023-04-03T00:00:00+05:30,4344.0,4346.0,4282.35,4324.05,365322,1.2777459203376733,4282.6134070063035,4320.185323474718,-37.5719164684142,-46.77484924851808,63.649999999999636,24.5,39.149999999999636,63.649999999999636,74.81071428571411,267398.55,No Signal
186,2023-04-05T00:00:00+05:30,4334.0,4358.9,4295.0,4327.55,390845,1.115882687611333,4289.526729005333,4320.730855069183,-31.2041260638498,-43.66070461158443,63.899999999999636,34.849999999999454,29.050000000000182,63.899999999999636,74.5964285714284,276330.6,No Signal
187,2023-04-06T00:00:00+05:30,4327.8,4327.8,4288.3,4299.8,208688,1.1080140464899462,4291.107232235282,4319.180421360355,-28.07318912507253,-40.54320151428205,39.5,0.25,39.25,39.5,71.27142857142846,252695.0,No Signal
188,2023-04-10T00:00:00+05:30,4299.8,4299.8,4243.0,4266.4,253651,1.0790860948066054,4287.3061195837,4315.270760518847,-27.964640935147145,-38.027489398455074,56.80000000000018,0.0,56.80000000000018,56.80000000000018,69.8357142857142,253946.25,No Signal
189,2023-04-11T00:00:00+05:30,4266.4,4305.3,4258.25,4277.35,248347,1.0751028230021924,4285.774408878516,4312.461815295229,-26.687406416713202,-35.7594728021067,47.05000000000018,38.900000000000546,8.149999999999636,47.05000000000018,68.59642857142853,254230.95,No Signal
190,2023-04-12T00:00:00+05:30,4277.35,4298.8,4263.0,4271.3,325279,1.0646903439338464,4283.547576743359,4309.412791940027,-25.865215196668032,-33.780621281018966,35.80000000000018,21.449999999999818,14.350000000000364,35.80000000000018,63.71785714285709,252141.15,No Signal
191,2023-04-13T00:00:00+05:30,4239.0,4350.0,4222.55,4264.2,454409,1.0570155557841705,4280.57102647515,4306.063696240766,-25.492669765616483,-32.12303097793847,127.44999999999982,78.69999999999982,48.75,127.44999999999982,63.821428571428505,260728.15,No Signal
192,2023-04-17T00:00:00+05:30,4278.0,4405.0,4259.7,4348.75,631434,1.0984745076287676,4291.060099325126,4309.225644667376,-18.16554534224997,-29.33153385080077,145.30000000000018,140.80000000000018,4.5,145.30000000000018,70.69999999999995,282400.7,No Signal
193,2023-04-18T00:00:00+05:30,4350.95,4374.9,4290.0,4301.85,190118,1.0974129060987579,4292.720084044337,4308.679300617941,-15.959216573603953,-26.65707039536141,84.89999999999964,26.149999999999636,58.75,84.89999999999964,72.56785714285706,282146.95,No Signal
194,2023-04-19T00:00:00+05:30,4326.0,4326.0,4270.45,4293.85,347248,1.0902284772809359,4292.893917268286,4307.580833905501,-14.68691663721529,-24.263039643732185,55.55000000000018,24.149999999999636,31.400000000000546,55.55000000000018,72.76071428571426,286507.15,No Signal
195,2023-04-20T00:00:00+05:30,4295.0,4318.5,4246.3,4256.4,164001,1.0108778020605356,4287.27946845778,4303.789661023612,-16.510192565831858,-22.71247022815212,72.19999999999982,24.649999999999636,47.55000000000018,72.19999999999982,74.59642857142853,279960.05,Buy
196,2023-04-21T00:00:00+05:30,4259.0,4335.0,4248.3,4327.8,273401,0.9880521664149204,4293.513396387352,4305.568204651493,-12.054808264140775,-20.580937835349854,86.69999999999982,78.60000000000036,8.099999999999454,86.69999999999982,75.32499999999995,284802.55,Buy
197,2023-04-24T00:00:00+05:30,4327.8,4339.45,4297.0,4311.0,182843,1.0057032001545367,4296.20364309699,4305.970559862493,-9.766916765503083,-18.418133621380502,42.44999999999982,11.649999999999636,30.800000000000182,42.44999999999982,71.28571428571422,282351.05,No Signal
198,2023-04-25T00:00:00+05:30,4313.0,4411.0,4311.0,4402.55,353719,1.1499108308515553,4312.564621082069,4313.124592465271,-0.5599713832025373,-14.84650117374491,100.0,100.0,0.0,100.0,72.94642857142851,292736.25,Buy
199,2023-04-26T00:00:00+05:30,4400.0,4422.85,4370.8,4405.0,306037,1.2707586792473686,4326.785448607904,4319.930178208585,6.855270399319124,-10.506146859132103,52.05000000000018,20.300000000000182,31.75,52.05000000000018,72.11785714285712,298169.5,Buy
200,2023-04-27T00:00:00+05:30,4407.0,4429.35,4397.0,4415.85,179769,1.303838060576078,4340.487687283611,4327.035350193134,13.452337090477158,-5.714450069210251,32.350000000000364,24.350000000000364,8.0,32.350000000000364,69.86428571428574,297238.6,No Signal
201,2023-04-28T00:00:00+05:30,4415.95,4564.85,4408.65,4553.55,482939,1.6761098578721525,4373.266504624594,4343.814213141791,29.452291482803048,1.3188982411924084,156.20000000000073,149.0,7.200000000000728,156.20000000000073,78.20000000000007,307196.2,Buy
202,2023-05-02T00:00:00+05:30,4565.25,4605.75,4500.0,4511.05,261449,1.8090991321309486,4394.4639654515795,4356.202049205362,38.26191624621788,8.707501842197503,105.75,52.19999999999982,53.55000000000018,105.75,81.69642857142864,309040.95,Buy
203,2023-05-03T00:00:00+05:30,4490.0,4548.0,4443.35,4527.1,525015,1.9979114117538055,4414.86950922826,4368.861156671631,46.00835255662878,16.16767198508376,104.64999999999964,36.94999999999982,67.69999999999982,104.64999999999964,85.81071428571431,319475.35,Buy
204,2023-05-04T00:00:00+05:30,4527.05,4596.0,4510.0,4587.05,244670,2.2760693836673362,4441.358815500835,4385.023293214473,56.33552228636199,24.20124204533941,86.0,68.89999999999964,17.100000000000364,86.0,89.39642857142859,319459.2,Buy
205,2023-05-05T00:00:00+05:30,4594.65,4636.95,4584.4,4626.0,332347,2.576065152350689,4469.76515157763,4402.8734196430305,66.89173193459919,32.73934002319137,52.55000000000018,49.899999999999636,2.6500000000005457,52.55000000000018,84.0464285714286,317810.45,Buy
206,2023-05-08T00:00:00+05:30,4640.0,4700.0,4573.55,4598.4,831450,2.785810063724548,4489.5551282579945,4417.356870039843,72.19825821815175,40.63112366218345,126.44999999999982,74.0,52.44999999999982,126.44999999999982,82.70000000000002,339840.7,Buy
207,2023-05-09T00:00:00+05:30,4624.0,4633.25,4582.55,4595.15,367650,2.91134518208135,4505.80049314138,4430.526731518373,75.27376162300698,47.559651254348154,50.69999999999982,34.850000000000364,15.849999999999454,50.69999999999982,80.25714285714288,347788.8,Buy
208,2023-05-10T00:00:00+05:30,4629.7,4667.8,4586.5,4604.95,368807,2.962945751724833,4521.0542634273215,4443.446973628123,77.60728979919895,53.569178963318315,81.30000000000018,72.65000000000055,8.649999999999636,81.30000000000018,82.0964285714286,353546.6,Buy
209,2023-05-11T00:00:00+05:30,4610.2,4652.0,4605.0,4635.15,282060,3.0123595628984123,4538.607453669272,4457.647197803817,80.96025586545511,59.04739434374568,47.0,47.05000000000018,0.0500000000001819,47.05000000000018,80.30000000000005,355232.25,Buy
210,2023-05-12T00:00:00+05:30,4634.0,4675.0,4601.85,4616.5,311033,3.005932539709035,4550.590922335538,4469.414072040571,81.17685029496715,63.47328553398998,73.14999999999964,39.850000000000364,33.29999999999927,73.14999999999964,79.3321428571429,354519.95,Buy
211,2023-05-15T00:00:00+05:30,4647.85,4679.0,4621.45,4630.85,276965,2.9336491613373097,4562.938472745455,4481.3722889264545,81.5661838190008,67.09186519099215,57.55000000000018,62.5,4.949999999999818,62.5,80.76428571428576,345647.75,Buy
212,2023-05-16T00:00:00+05:30,4632.0,4660.2,4565.0,4606.9,263119,2.935696149613239,4569.70178463077,4490.670637894866,79.03114673590426,69.47972149997457,95.19999999999982,29.349999999999454,65.85000000000036,95.19999999999982,80.4214285714286,327232.0,Buy
213,2023-05-17T00:00:00+05:30,4610.0,4639.2,4583.65,4631.9,268353,2.8305151009829537,4579.270740841421,4501.132072124876,78.138668716545,71.21151094328866,55.55000000000018,32.30000000000018,23.25,55.55000000000018,80.6714285714286,331143.75,Buy
214,2023-05-18T00:00:00+05:30,4650.0,4655.5,4558.0,4564.35,155214,2.6637653963614474,4576.9752422504325,4505.814881597107,71.16036065332537,71.201280885296,97.5,23.600000000000364,73.89999999999964,97.5,85.32500000000002,321542.05,Sell
215,2023-05-19T00:00:00+05:30,4588.0,4593.1,4484.15,4499.85,367664,2.3287771872864096,4565.10982036575,4505.37303851584,59.736781849910585,68.90838107821892,108.95000000000073,28.75,80.20000000000073,108.95000000000073,81.95000000000002,331725.2,Sell
216,2023-05-22T00:00:00+05:30,4500.0,4540.25,4485.0,4498.95,172174,2.0800368849128956,4554.931386463327,4504.897257885037,50.03412857828971,65.13353057823308,55.25,40.399999999999636,14.850000000000364,55.25,78.34285714285716,326663.85,No Signal
217,2023-05-23T00:00:00+05:30,4487.0,4581.55,4486.0,4521.65,297514,1.6949404030099868,4549.811173161276,4506.138201745404,43.67297141587187,60.84141874576084,95.55000000000018,82.60000000000036,12.949999999999818,95.55000000000018,77.69285714285719,332397.4,No Signal
218,2023-05-24T00:00:00+05:30,4538.2,4569.9,4501.35,4519.8,302733,1.520174011914424,4545.194069598003,4507.1501868013,38.043882796702746,56.28191155594922,68.54999999999927,48.25,20.299999999999272,68.54999999999927,76.44642857142857,329848.1,No Signal
219,2023-05-25T00:00:00+05:30,4580.0,4705.45,4533.25,4563.3,861989,1.2839256872483902,4547.979597352156,4511.3094322234265,36.67016512872942,52.359562270505265,172.19999999999982,185.64999999999964,13.449999999999818,185.64999999999964,85.9535714285714,357645.7,Sell
220,2023-05-26T00:00:00+05:30,4582.0,4624.2,4563.15,4596.2,231911,1.0250455345982896,4555.398120836439,4517.597622429099,37.800498407340456,49.44774949787231,61.05000000000018,60.899999999999636,0.1500000000005457,61.05000000000018,81.28214285714284,360252.8,No Signal
221,2023-05-29T00:00:00+05:30,4611.45,4625.1,4566.0,4575.25,194968,1.0241207589923282,4558.4522560923715,4521.868168915832,36.58408717653947,46.875017033605744,59.100000000000364,28.900000000000546,30.199999999999818,59.100000000000364,81.88214285714288,345854.25,Sell
222,2023-05-30T00:00:00+05:30,4583.0,4623.5,4563.0,4573.25,199772,0.9697500690572838,4560.728832078161,4525.674230477623,35.05460160053826,44.51093394699225,60.5,48.25,12.25,60.5,80.39642857142859,342770.4,No Signal
223,2023-05-31T00:00:00+05:30,4571.0,4683.3,4565.25,4657.05,1536463,0.9854949621243092,4575.547473296905,4535.405768960762,40.14170433614345,43.637088024822496,118.05000000000018,110.05000000000018,8.0,118.05000000000018,85.46785714285716,393342.8,Sell
224,2023-06-01T00:00:00+05:30,4655.0,4655.0,4587.55,4635.25,188427,1.0192978245219075,4584.732477405074,4542.801637926631,41.93083947844298,43.2958383155466,67.44999999999982,2.050000000000182,69.5,69.5,85.2071428571429,390530.65,Sell
225,2023-06-02T00:00:00+05:30,4637.0,4718.7,4635.35,4654.15,359550,1.049503185401949,4595.412096265832,4551.049664746881,44.36243151895087,43.50915695622745,83.34999999999945,83.44999999999982,0.1000000000003638,83.44999999999982,86.70357142857145,391890.8,Buy
226,2023-06-05T00:00:00+05:30,4659.9,4712.5,4657.05,4682.6,349558,1.1349047101175402,4608.825619917242,4560.79413402489,48.031485892352066,44.41362274345237,55.44999999999982,58.350000000000364,2.9000000000005457,58.350000000000364,84.07142857142864,367796.2,Buy
227,2023-06-06T00:00:00+05:30,4682.6,4717.7,4673.05,4705.4,185910,1.2492084276087327,4623.683216853051,4571.505679652676,52.1775372003749,45.96640563483688,44.649999999999636,35.099999999999454,9.550000000000182,44.649999999999636,83.29285714285717,358709.2,Buy
228,2023-06-07T00:00:00+05:30,4715.0,4907.95,4715.0,4893.15,1390193,1.804778435234916,4665.139645029504,4595.3311848635885,69.80846016591568,50.734816541052645,192.94999999999982,202.55000000000018,9.600000000000364,202.55000000000018,90.7964285714286,409778.5,Buy
229,2023-06-08T00:00:00+05:30,4901.9,4914.75,4856.5,4875.05,381452,2.1741237555960375,4697.433545794196,4616.051097095915,81.38244869828122,56.86434297249836,58.25,21.600000000000364,36.649999999999636,58.25,87.17499999999998,414748.1,Buy
230,2023-06-09T00:00:00+05:30,4886.3,4980.0,4836.1,4878.75,820375,2.462716983277536,4725.328384902781,4635.51027508881,89.8181098139712,63.455096340792934,143.89999999999964,104.94999999999982,38.94999999999982,143.89999999999964,93.50714285714282,440215.2,Buy
231,2023-06-12T00:00:00+05:30,4899.0,4910.0,4865.0,4900.25,233763,2.7269947474361347,4752.2394026100455,4655.1206250822315,97.11877752781402,70.18783257819716,45.0,31.25,13.75,45.0,89.89642857142852,438055.1,Buy
232,2023-06-13T00:00:00+05:30,4904.95,4951.65,4892.3,4940.1,326814,2.9913968667192212,4781.141032977731,4676.230208409474,104.91082456825734,77.1324309762092,59.349999999999454,51.399999999999636,7.949999999999818,59.349999999999454,89.23928571428567,441239.85,Buy
233,2023-06-14T00:00:00+05:30,4947.0,4977.0,4922.0,4941.65,234174,3.2281806816247425,4805.834720211926,4695.890933712475,109.94378649945065,83.6947020808575,55.0,36.899999999999636,18.100000000000364,55.0,79.90714285714284,439530.9,No Signal
234,2023-06-15T00:00:00+05:30,4950.0,5019.9,4914.3,4975.45,452909,3.4066807362736253,4831.92937864086,4716.599012696736,115.33036594412351,90.0218348535107,105.59999999999945,78.25,27.349999999999454,105.59999999999945,83.08928571428565,454415.65,No Signal
235,2023-06-16T00:00:00+05:30,4975.45,5058.6,4970.0,5040.0,406450,3.532071867551883,4863.940243465343,4740.5546413858665,123.38560207947648,96.69458829870386,88.60000000000036,83.15000000000055,5.449999999999818,88.60000000000036,85.19642857142851,456354.95,Buy
236,2023-06-19T00:00:00+05:30,5050.0,5064.4,5012.2,5014.7,196526,3.5879066323595414,4887.134052162983,4760.8617049869135,126.27234717606916,102.61014007417693,52.19999999999982,24.399999999999636,27.800000000000182,52.19999999999982,84.60357142857136,457572.55,Buy
237,2023-06-20T00:00:00+05:30,5021.05,5062.5,5010.55,5062.35,250993,3.62017244943142,4914.090351830217,4783.194171284179,130.8961805460376,108.26734816854906,51.94999999999982,47.80000000000018,4.149999999999636,51.94999999999982,79.88214285714275,455246.5,No Signal
238,2023-06-21T00:00:00+05:30,5070.6,5085.25,5055.05,5077.0,271776,3.6106243886375298,4939.153374625568,4804.957566003869,134.19580862169914,113.45304025917909,30.199999999999818,22.899999999999636,7.300000000000182,30.199999999999818,77.07499999999989,453698.65,No Signal
239,2023-06-22T00:00:00+05:30,5065.0,5071.9,4975.0,4989.0,144824,3.5584736300943027,4946.822086221635,4818.590338892472,128.23174732916323,116.40878167317592,96.89999999999964,5.100000000000364,102.0,102.0,78.39999999999989,417840.4,No Signal
240,2023-06-23T00:00:00+05:30,4972.05,4986.95,4945.3,4979.8,191247,3.437340538210805,4951.8956114183065,4830.531795270807,121.36381614749916,117.39978856804058,41.649999999999636,2.050000000000182,43.69999999999982,43.69999999999982,77.35357142857129,415807.2,No Signal
241,2023-06-26T00:00:00+05:30,4978.95,5022.0,4952.45,5008.3,178665,3.22191205576018,4960.573209661644,4843.699810435933,116.87339922571118,117.2945106995747,69.55000000000018,42.19999999999982,27.350000000000364,69.55000000000018,79.13214285714275,414992.05,No Signal
242,2023-06-27T00:00:00+05:30,5000.55,5036.25,4949.15,4956.1,174848,2.9406054430934265,4959.885023559853,4852.025750403642,107.8592731562112,115.407463190902,87.10000000000036,27.949999999999818,59.150000000000546,87.10000000000036,70.8857142857142,413745.85,No Signal
243,2023-06-28T00:00:00+05:30,4989.0,5019.95,4961.35,5007.1,252875,2.7282556087742185,4967.148866089106,4863.512731855224,103.63613423388233,113.05319739949807,58.599999999999454,63.849999999999454,5.25,63.849999999999454,71.28571428571415,349566.45,No Signal
244,2023-06-30T00:00:00+05:30,4990.2,5032.35,4955.05,5025.0,195099,2.4333578000780376,4976.049040536936,4875.4747517178,100.5742888191362,110.5574156834257,77.30000000000018,25.25,52.05000000000018,77.30000000000018,66.52857142857134,349900.05,No Signal
245,2023-07-03T00:00:00+05:30,5035.0,5048.6,4990.1,5008.2,138731,2.0872761074275092,4980.995341992792,4885.306251590556,95.68909040223662,107.5837506271879,58.5,23.600000000000364,34.899999999999636,58.5,67.49285714285705,338859.1,No Signal
246,2023-07-04T00:00:00+05:30,5008.3,5024.9,4972.55,5001.0,120196,1.68506852159531,4984.0729816862095,4893.876158880144,90.19682280606503,104.10636506296333,52.349999999999454,16.699999999999818,35.649999999999636,52.349999999999454,66.99285714285705,327391.0,No Signal
247,2023-07-05T00:00:00+05:30,5024.8,5115.4,4970.15,5100.1,186130,1.2631468554011043,5001.923292196024,4909.151998963097,92.77129323292684,101.83935069695605,145.25,114.39999999999964,30.850000000000364,145.25,73.43928571428562,327402.0,No Signal
248,2023-07-06T00:00:00+05:30,5199.0,5269.0,5131.95,5170.0,959139,1.4141136886250292,5027.7812472427895,4928.474073113979,99.3071741288104,101.33291538332692,137.05000000000018,168.89999999999964,31.849999999999454,168.89999999999964,77.9607142857142,305849.3,No Signal
249,2023-07-07T00:00:00+05:30,5173.55,5188.75,5042.9,5070.0,224260,1.356881532371931,5034.276439974668,4938.957475105536,95.31896486913229,100.130125280488,145.85000000000036,18.75,127.10000000000036,145.85000000000036,82.04999999999993,297989.7,Sell
250,2023-07-10T00:00:00+05:30,5073.0,5092.65,4993.95,5049.75,307872,1.2338030804466011,5036.656987670874,4947.164328801422,89.49265886945159,98.00263199828072,98.69999999999982,22.649999999999636,76.05000000000018,98.69999999999982,85.3714285714285,272364.55,Sell
251,2023-07-11T00:00:00+05:30,5050.0,5156.2,5050.0,5095.0,385215,1.1460506553868477,5045.632835721509,4958.115119260576,87.51771646093312,95.90564889081121,106.19999999999982,106.44999999999982,0.25,106.44999999999982,89.26428571428563,279937.15,Sell
252,2023-07-12T00:00:00+05:30,5083.9,5114.85,5042.35,5080.35,180334,1.1015528390766436,5050.9739379182,4967.169554870903,83.80438304729705,93.48539572210838,72.5,19.850000000000364,52.649999999999636,72.5,92.28571428571422,272613.15,Sell
253,2023-07-13T00:00:00+05:30,5089.9,5147.35,5071.45,5089.0,231735,1.041209615479228,5056.8241013154,4976.194032287874,80.63006902752659,90.91433038319202,75.90000000000055,67.0,8.900000000000546,75.90000000000055,90.42142857142855,272491.2,Sell
254,2023-07-14T00:00:00+05:30,5118.0,5150.0,5087.2,5124.95,219717,1.052720683973775,5067.305008805339,4987.212992859142,80.09201594619663,88.74986749579296,62.80000000000018,61.0,1.800000000000182,62.80000000000018,91.78571428571429,260831.6,Sell
255,2023-07-17T00:00:00+05:30,5149.95,5198.1,5121.1,5137.15,271548,1.1194481838133141,5078.050392066056,4998.319437832539,79.73095423351697,86.94608484333776,77.0,73.15000000000055,3.8499999999994543,77.0,92.31785714285714,254086.5,Sell
256,2023-07-18T00:00:00+05:30,5150.0,5159.35,5052.95,5071.0,189157,1.1230236645257197,5076.965716363586,5003.703183178277,73.26253318530871,84.20937451173195,106.40000000000055,22.200000000000728,84.19999999999982,106.40000000000055,93.69642857142857,253718.05,Sell
257,2023-07-19T00:00:00+05:30,5081.95,5144.0,5054.5,5057.5,353040,1.1255791264486144,5073.970990769188,5007.688132572479,66.28285819670873,80.62407124872732,89.5,73.0,16.5,89.5,95.52857142857147,258820.4,Sell
258,2023-07-20T00:00:00+05:30,5070.0,5094.0,5016.2,5045.0,326293,1.1242642316462765,5069.513915266236,5010.451974604147,59.061940662089,76.31164513139966,77.80000000000018,36.5,41.30000000000018,77.80000000000018,95.56428571428576,261546.25,Sell
259,2023-07-21T00:00:00+05:30,5061.55,5106.9,5000.0,5027.85,436454,1.0947962279815944,5063.104082148354,5011.740717226062,51.36336492229202,71.32198908957814,106.89999999999964,61.899999999999636,45.0,106.89999999999964,99.02142857142859,276127.75,Sell
260,2023-07-24T00:00:00+05:30,5047.0,5048.0,4944.8,4972.95,224402,1.11718811592879,5049.2342233562995,5008.867330764872,40.36689259142713,65.13096978994794,103.19999999999982,20.149999999999636,83.05000000000018,103.19999999999982,102.65357142857147,277785.5,Sell
261,2023-07-25T00:00:00+05:30,5007.0,5007.0,4875.0,4896.0,395808,1.3342005979898581,5025.6597274553305,5000.506787745252,25.1529397100785,57.135363773974056,132.0,34.05000000000018,97.94999999999982,132.0,101.7071428571429,288642.65,Sell
262,2023-07-26T00:00:00+05:30,4900.0,4994.85,4880.35,4980.0,230977,1.2796954877417772,5018.635154000664,4998.987766430789,19.64738756987572,49.63776853315439,114.5,98.85000000000036,15.649999999999636,114.5,97.82142857142864,291449.1,Sell
263,2023-07-27T00:00:00+05:30,4965.0,5016.0,4766.45,4878.0,557305,1.5179929379089756,4996.9989764621005,4990.025709658138,6.97326680396236,41.10486818731599,249.55000000000018,36.0,213.55000000000018,249.55000000000018,105.22857142857148,306670.6,Sell
264,2023-07-28T00:00:00+05:30,4904.0,4959.4,4851.0,4905.0,357029,1.6363702396491449,4982.845287775624,4983.72750894272,-0.882221167096759,32.70745031643344,108.39999999999964,81.39999999999964,27.0,108.39999999999964,105.9214285714286,314767.1,Sell
265,2023-07-31T00:00:00+05:30,4905.1,4905.1,4765.25,4810.0,799090,1.975263762752759,4956.253705040912,4970.858804576593,-14.605099535680893,23.244940346010573,139.85000000000036,0.1000000000003638,139.75,139.85000000000036,108.30714285714294,347785.05,Sell
266,2023-08-01T00:00:00+05:30,4825.1,4843.5,4750.1,4805.0,412355,2.232325936188204,4932.983904265387,4958.572967200549,-25.589062935162474,13.478139689775963,93.39999999999964,33.5,59.899999999999636,93.39999999999964,109.80000000000005,362393.0,Sell
267,2023-08-02T00:00:00+05:30,4839.0,4839.0,4770.0,4797.95,394041,2.4186191132652435,4912.2094574553275,4946.674969630138,-34.4655121748101,3.88940931685875,69.0,34.0,35.0,69.0,109.30714285714286,372788.55,Sell
268,2023-08-03T00:00:00+05:30,4809.95,4818.6,4770.0,4801.0,238630,2.44618049905866,4895.1003101545075,4935.884231139016,-40.78392098450877,-5.045256743414753,48.600000000000364,20.650000000000546,27.949999999999818,48.600000000000364,108.29285714285717,336763.1,Sell
269,2023-08-04T00:00:00+05:30,4790.0,4832.0,4766.65,4802.55,400700,2.5473646869490456,4880.861800899968,4926.007621425015,-45.145820525046474,-13.065369499741099,65.35000000000036,31.0,34.350000000000364,65.35000000000036,107.46071428571433,345585.1,Sell
270,2023-08-07T00:00:00+05:30,4751.0,4813.85,4618.2,4670.0,1071353,2.9548200799357405,4848.421523838435,4907.044093912051,-58.62257007361586,-22.176809614516053,195.65000000000055,11.300000000000182,184.35000000000036,195.65000000000055,113.83571428571433,383759.15,Sell
271,2023-08-08T00:00:00+05:30,4632.75,4677.25,4596.05,4608.0,529641,3.3327784062406463,4811.43359709406,4884.892679548195,-73.45908245413466,-32.43326418243978,81.19999999999982,7.25,73.94999999999982,81.19999999999982,113.24285714285718,390980.45,Sell
272,2023-08-09T00:00:00+05:30,4619.9,4632.7,4575.0,4602.95,911716,3.5910885025085144,4779.359197541128,4864.0080366186985,-84.6488390775703,-42.876379161465884,57.69999999999982,24.699999999999818,33.0,57.69999999999982,111.80714285714286,427549.55,Sell
273,2023-08-10T00:00:00+05:30,4601.0,4609.95,4531.3,4541.25,585803,3.9183200669375613,4742.727013304032,4840.100033906202,-97.37302060217007,-53.77570744960673,78.64999999999964,7.0,71.64999999999964,78.64999999999964,109.78928571428573,445252.95,Sell
274,2023-08-11T00:00:00+05:30,4540.0,4542.85,4489.75,4512.8,1111390,4.110106167024498,4707.353626641873,4815.855586950187,-108.50196030831376,-64.72095802134814,53.100000000000364,1.6000000000003638,51.5,53.100000000000364,106.21071428571433,489836.6,Sell
275,2023-08-14T00:00:00+05:30,4519.7,4525.0,4455.0,4498.05,556659,4.173756100317105,4675.15306869697,4792.314432361284,-117.1613636643142,-75.20903914994136,70.0,12.199999999999818,57.80000000000018,70.0,101.78214285714292,504092.15,No Signal
276,2023-08-16T00:00:00+05:30,4488.6,4512.55,4422.0,4508.85,517621,4.199133588677179,4649.5679812051285,4771.317067001189,-121.74908579606017,-84.51704847916513,90.55000000000018,14.5,76.05000000000018,90.55000000000018,100.07142857142864,520515.35,No Signal
277,2023-08-17T00:00:00+05:30,4498.5,4524.5,4472.55,4510.0,392430,4.1594054440357535,4628.095984096647,4751.960247223323,-123.86426312667572,-92.38649140866725,51.94999999999982,15.649999999999636,36.30000000000018,51.94999999999982,85.9571428571429,522484.85,No Signal
278,2023-08-18T00:00:00+05:30,4499.0,4553.9,4461.2,4535.0,422702,3.9949403107361205,4613.773525004855,4735.889117799373,-122.1155927945174,-98.33231168583728,92.69999999999982,43.899999999999636,48.80000000000018,92.69999999999982,84.83571428571433,527305.3,No Signal
279,2023-08-21T00:00:00+05:30,4555.95,4559.6,4498.5,4498.5,243249,3.8766910427492918,4596.03913654257,4718.304738703123,-122.26560216055259,-103.11896978078035,61.100000000000364,24.600000000000364,36.5,61.100000000000364,79.21071428571433,517645.05,No Signal
280,2023-08-22T00:00:00+05:30,4524.8,4524.8,4490.0,4510.9,216352,3.7185998378285117,4582.940807843714,4702.941424725113,-120.00061688139976,-106.49529920090424,34.80000000000018,26.300000000000182,8.5,34.80000000000018,75.02500000000009,517242.55,No Signal
281,2023-08-23T00:00:00+05:30,4555.0,4555.0,4485.0,4508.6,342055,3.6431393800250205,4571.503760483142,4688.545763634364,-117.04200315122216,-108.60463999096783,70.0,44.100000000000364,25.899999999999636,70.0,75.09642857142866,514554.9,No Signal
282,2023-08-24T00:00:00+05:30,4538.3,4559.5,4515.45,4555.0,356471,3.247679494298847,4568.964720408812,4678.653484846634,-109.68876443782119,-108.82146488033851,44.05000000000018,50.899999999999636,6.849999999999454,50.899999999999636,75.26071428571433,520829.6,No Signal
283,2023-08-25T00:00:00+05:30,4544.6,4559.0,4506.2,4527.0,332675,3.073573582254261,4562.508609576687,4667.419893376513,-104.91128379982547,-108.03942866423591,52.80000000000018,4.0,48.80000000000018,52.80000000000018,74.36428571428574,509598.1,No Signal
284,2023-08-28T00:00:00+05:30,4525.0,4525.0,4485.6,4518.8,343124,2.7508635384567595,4555.7842081033505,4656.41101238566,-100.62680428230942,-106.55690378785062,39.399999999999636,2.0,41.399999999999636,41.399999999999636,63.34642857142853,508902.85,No Signal
285,2023-08-29T00:00:00+05:30,4510.95,4539.95,4486.15,4539.95,339401,2.5404783143359455,4553.34817608745,4647.784270727463,-94.43609464001293,-104.13274195828308,53.80000000000018,21.149999999999636,32.650000000000546,53.80000000000018,61.3892857142857,485918.4,No Signal
286,2023-08-30T00:00:00+05:30,4552.95,4555.95,4511.7,4555.0,367007,2.285549257298147,4553.602302843227,4640.911361784688,-87.30905894146053,-100.76800535491857,44.25,16.0,28.25,44.25,60.42857142857143,483651.0,No Signal
287,2023-08-31T00:00:00+05:30,4564.9,4567.5,4442.0,4462.9,871297,2.098155427188543,4539.648102405808,4627.725334985822,-88.07723258001442,-98.22985079993775,125.5,12.5,113.0,125.5,63.77500000000003,507513.8,No Signal
288,2023-09-01T00:00:00+05:30,4475.0,4491.95,4426.0,4484.35,383124,1.7071292547317818,4531.140702035684,4617.104939801687,-85.96423776600295,-95.77672819315079,65.94999999999982,29.050000000000182,36.899999999999636,65.94999999999982,64.69285714285714,514738.5,No Signal
289,2023-09-04T00:00:00+05:30,4484.35,4511.0,4449.75,4507.2,394391,1.06250358932155,4527.457517107117,4608.96383314971,-81.50631604259252,-92.92264576303914,61.25,26.649999999999636,34.600000000000364,61.25,64.06785714285714,514423.05,No Signal
290,2023-09-05T00:00:00+05:30,4507.2,4539.0,4485.0,4514.95,453349,0.784766672427053,4525.533283706022,4601.999845508991,-76.4665618029685,-89.63142897102502,54.0,31.800000000000182,22.199999999999818,54.0,61.457142857142834,483522.85,No Signal
291,2023-09-06T00:00:00+05:30,4520.0,4590.0,4503.05,4569.15,300673,0.6891330555867404,4532.24354775125,4599.566523619436,-67.3229758681864,-85.1697383504573,86.94999999999982,75.05000000000018,11.899999999999636,86.94999999999982,63.957142857142834,472074.45,No Signal
292,2023-09-07T00:00:00+05:30,4590.0,4590.4,4521.0,4530.7,479124,0.5604993017836999,4532.006078866442,4594.465299647626,-62.45922078118383,-80.62763483660261,69.39999999999964,21.25,48.149999999999636,69.39999999999964,62.2928571428571,450444.85,No Signal
293,2023-09-08T00:00:00+05:30,4540.7,4548.6,4513.8,4540.5,278293,0.5585548631275966,4533.312835963913,4590.467870044098,-57.15503408018503,-75.9331146853191,34.80000000000018,17.900000000000546,16.899999999999636,34.80000000000018,60.41428571428566,435069.35,No Signal
294,2023-09-11T00:00:00+05:30,4540.9,4574.0,4540.0,4568.55,302448,0.6033536923777878,4538.733938123311,4588.844324114906,-50.11038599159474,-70.76856894657423,34.0,33.5,0.5,34.0,60.35714285714279,394622.25,No Signal
295,2023-09-12T00:00:00+05:30,4568.55,4574.4,4508.9,4567.15,321129,0.628099872610163,4543.105639950494,4587.237337143431,-44.13169719293728,-65.44119459584685,65.5,5.849999999999454,59.650000000000546,65.5,60.03571428571422,382845.75,No Signal
296,2023-09-13T00:00:00+05:30,4567.15,4630.45,4549.1,4608.25,435792,0.7330408858177953,4553.12784918888,4588.7938306883625,-35.66598149948277,-59.486151976574035,81.34999999999945,63.30000000000018,18.049999999999272,81.34999999999945,62.21071428571421,378754.3,No Signal
297,2023-09-14T00:00:00+05:30,4619.0,4631.95,4552.65,4574.35,473085,0.7599556412932731,4556.392795467514,4587.72391730404,-31.33112183652611,-53.855145948564456,79.30000000000018,23.699999999999818,55.600000000000364,79.30000000000018,64.10357142857136,382787.05,No Signal
298,2023-09-15T00:00:00+05:30,4583.0,4589.25,4518.6,4532.85,408326,0.7669033660155246,4552.77082693405,4583.659182688925,-30.888355754875192,-49.26178790982661,70.64999999999964,14.899999999999636,55.75,70.64999999999964,66.19285714285706,382068.25,Buy
299,2023-09-18T00:00:00+05:30,4540.0,4603.0,4520.0,4596.2,304844,0.791481139212647,4559.452238174966,4584.588132119376,-25.135893944409872,-44.43660911674326,83.0,70.14999999999964,12.850000000000364,83.0,68.27857142857134,385148.0,Buy
300,2023-09-20T00:00:00+05:30,4596.2,4597.0,4507.7,4527.4,357295,0.792957146826117,4554.521124609586,4580.351974184607,-25.830849575020693,-40.71545720839875,89.30000000000018,0.8000000000001819,88.5,89.30000000000018,71.4964285714285,392195.15,Buy
301,2023-09-21T00:00:00+05:30,4520.0,4565.7,4478.0,4558.55,367638,0.7760228069799526,4555.140951592726,4578.737013133895,-23.596061541168638,-37.29157807495273,87.69999999999982,38.30000000000018,49.399999999999636,87.69999999999982,68.79642857142848,393474.3,Buy
302,2023-09-22T00:00:00+05:30,4558.55,4572.0,4510.0,4568.2,210753,0.7826494896411358,4557.150035963076,4577.956493642495,-20.8064576794186,-33.994553995845905,62.0,13.449999999999818,48.55000000000018,62.0,68.51428571428563,386188.4,Buy
303,2023-09-25T00:00:00+05:30,4574.05,4585.0,4510.55,4570.05,498354,0.7890278356146712,4559.134645814911,4577.370827446754,-18.236181631843465,-30.84287952304542,74.44999999999982,16.800000000000182,57.649999999999636,74.44999999999982,69.45714285714277,394472.35,Buy
304,2023-09-26T00:00:00+05:30,4570.25,4609.0,4549.45,4600.15,330231,0.8159599405166881,4565.4447003049245,4579.05817356181,-13.6134732568853,-27.396998269813395,59.55000000000018,38.94999999999982,20.600000000000364,59.55000000000018,69.85357142857136,393827.7,Buy
305,2023-09-27T00:00:00+05:30,4601.2,4634.05,4569.0,4627.35,358156,0.8934474778358289,4574.968592565705,4582.635345890564,-7.666753324859201,-23.450949280822556,65.05000000000018,33.900000000000546,31.149999999999636,65.05000000000018,68.28928571428567,394765.45,Buy
306,2023-09-28T00:00:00+05:30,4627.35,4634.3,4505.05,4524.55,390490,0.9245246535237425,4567.211886017135,4578.3327276764485,-11.120841659313555,-20.984927756520758,129.25,6.949999999999818,122.30000000000018,129.25,72.56428571428569,395939.6,Buy
307,2023-09-29T00:00:00+05:30,4555.0,4560.45,4501.55,4537.15,230125,0.8042923598906293,4562.586980476037,4575.282155255971,-12.69517477993395,-19.3269771612034,58.899999999999636,35.899999999999636,23.0,58.899999999999636,74.28571428571422,363881.0,Buy
308,2023-10-03T00:00:00+05:30,4524.8,4553.25,4486.6,4495.45,543482,0.787987411469733,4552.258214248955,4569.368662274047,-17.11044802509241,-18.8836713339812,66.64999999999964,16.100000000000364,50.54999999999927,66.64999999999964,76.61785714285705,371898.9,Buy
309,2023-10-04T00:00:00+05:30,4490.0,4540.0,4466.75,4532.5,318564,0.7504770416340004,4549.218488979885,4566.637650253747,-17.4191612738623,-18.590769321957424,73.25,44.55000000000018,28.699999999999818,73.25,77.17142857142848,368107.55,Buy
310,2023-10-05T00:00:00+05:30,4540.25,4548.2,4500.0,4533.9,302015,0.7284257712216095,4546.861798367595,4564.21263912384,-17.350840756244907,-18.342783608814923,48.19999999999982,15.699999999999818,32.5,48.19999999999982,74.80357142857136,360540.85,Buy
311,2023-10-06T00:00:00+05:30,4533.85,4549.45,4515.0,4538.45,238131,0.7315445628607768,4545.567675541811,4562.304295485037,-16.736619943226287,-18.021550875697198,34.44999999999982,15.550000000000182,18.899999999999636,34.44999999999982,71.59999999999991,357413.75,Buy
312,2023-10-09T00:00:00+05:30,4511.0,4535.0,4493.5,4522.5,255764,0.7426427570608496,4542.018802381533,4559.3558291528125,-17.337026771279852,-17.88464605481373,41.5,3.449999999999818,44.94999999999982,44.94999999999982,69.76428571428563,346245.75,Buy
313,2023-10-10T00:00:00+05:30,4522.2,4541.95,4503.0,4529.95,222750,0.7489429662059592,4540.162063553605,4557.1776195859375,-17.015556032332825,-17.71082805031755,38.94999999999982,19.449999999999818,19.5,38.94999999999982,66.61785714285705,343468.6,No Signal
314,2023-10-11T00:00:00+05:30,4522.0,4568.95,4520.65,4559.5,368192,0.7414435987237091,4543.137130699204,4557.349647764757,-14.212517065552674,-17.011165853364574,48.30000000000018,39.0,9.300000000000182,48.30000000000018,63.689285714285624,346755.8,No Signal
315,2023-10-12T00:00:00+05:30,4582.0,4591.6,4531.0,4560.75,518582,0.7392961704375717,4545.846802899327,4557.601525708108,-11.75472280878148,-15.959877244447956,60.600000000000364,32.100000000000364,28.5,60.600000000000364,61.75357142857138,356628.45,No Signal
316,2023-10-13T00:00:00+05:30,4550.0,4582.0,4515.0,4574.7,445822,0.6928918449053005,4550.28575629943,4558.868079359359,-8.582323059928967,-14.484366407544158,67.0,21.25,45.75,67.0,62.11071428571423,357129.95,No Signal
317,2023-10-16T00:00:00+05:30,4559.95,4591.45,4555.0,4580.0,292118,0.6969497975950669,4554.85717840721,4560.433406814222,-5.576228407011513,-12.70273880743763,36.44999999999982,16.75,19.699999999999818,36.44999999999982,59.39642857142852,348081.6,No Signal
318,2023-10-17T00:00:00+05:30,4586.2,4609.9,4562.2,4600.35,196669,0.720931240398174,4561.85607403687,4563.39019149465,-1.5341174577797574,-10.469014537506055,47.69999999999982,29.899999999999636,17.800000000000182,47.69999999999982,58.54999999999992,337498.75,No Signal
319,2023-10-18T00:00:00+05:30,4605.0,4623.0,4586.25,4607.7,217179,0.7373041007637909,4568.908985723506,4566.672399532084,2.236586191422248,-7.927894391720395,36.75,22.649999999999636,14.100000000000364,36.75,56.52857142857134,333115.5,No Signal
320,2023-10-19T00:00:00+05:30,4600.05,4616.0,4561.7,4602.45,228881,0.75213744472248,4574.069141766044,4569.322592159337,4.746549606707049,-5.393005592034907,54.30000000000018,8.300000000000182,46.0,54.30000000000018,51.17499999999992,326694.8,No Signal
321,2023-10-20T00:00:00+05:30,4603.0,4608.0,4558.75,4580.0,351045,0.7611663407870727,4574.981581494345,4570.113511258645,4.8680702356996335,-3.340790426487999,49.25,5.550000000000182,43.69999999999982,49.25,50.48571428571423,325865.15,No Signal
322,2023-10-23T00:00:00+05:30,4572.7,4600.0,4516.35,4530.6,203004,0.7842864360029022,4568.15364587983,4567.186584498746,0.9670613810840223,-2.4792200649735947,83.64999999999964,20.0,63.649999999999636,83.64999999999964,51.699999999999946,325477.7,No Signal
323,2023-10-25T00:00:00+05:30,4470.0,4585.6,4470.0,4533.75,330082,0.7926976124326511,4562.860777282933,4564.709800461802,-1.8490231788691744,-2.353180687752711,115.60000000000036,55.0,60.600000000000364,115.60000000000036,54.72499999999997,317064.1,No Signal
324,2023-10-26T00:00:00+05:30,4517.6,4524.8,4476.75,4507.8,488909,0.8041429859792381,4554.389888470174,4560.494259686854,-6.1043712166801924,-3.1034187935382076,48.05000000000018,8.949999999999818,57.0,57.0,55.35357142857141,324998.0,No Signal
325,2023-10-27T00:00:00+05:30,4512.0,4544.0,4491.0,4514.3,382794,0.7279141266502553,4548.222213320916,4557.072462673013,-8.850249352097308,-4.252784905250028,53.0,36.19999999999982,16.800000000000182,53.0,56.67857142857143,326229.9,No Signal
326,2023-10-30T00:00:00+05:30,4500.0,4508.7,4441.0,4461.6,450526,0.8491784426628287,4534.895718963852,4550.000428400938,-15.104709437086058,-6.423169811617234,67.69999999999982,5.600000000000364,73.30000000000018,73.30000000000018,58.70357142857146,329231.7,No Signal
327,2023-10-31T00:00:00+05:30,4460.1,4479.75,4401.9,4426.5,504625,1.0453175344141994,4518.219454507875,4540.852248519387,-22.632794011512487,-9.665094651596286,77.85000000000036,18.149999999999636,59.70000000000073,77.85000000000036,61.482142857142925,342956.7,No Signal
328,2023-11-01T00:00:00+05:30,4442.6,4456.0,4347.7,4397.3,395359,1.261923283349484,4499.616461506664,4530.218748629062,-30.602287122398593,-13.852533145756748,108.30000000000018,29.5,78.80000000000018,108.30000000000018,65.76785714285721,335550.55,Sell
329,2023-11-02T00:00:00+05:30,4512.1,4568.8,4454.25,4527.25,822845,1.2262205426743504,4503.867775121023,4529.998841323206,-26.13106620218241,-16.308239757041882,114.55000000000018,171.5,56.94999999999982,171.5,73.68928571428576,360764.6,Sell
330,2023-11-03T00:00:00+05:30,4528.0,4582.4,4524.15,4539.55,335012,1.2231477642664785,4509.357348179327,4530.706334558524,-21.348986379196504,-17.316389081472806,58.25,55.149999999999636,3.100000000000364,58.25,73.06428571428576,362414.45,Sell
331,2023-11-06T00:00:00+05:30,4554.9,4628.15,4546.05,4612.85,205763,1.2619862453731339,4525.279294613277,4536.791050517152,-11.511755903875383,-16.155462445953322,82.09999999999945,88.59999999999945,6.5,88.59999999999945,76.78928571428573,360796.05,Buy
332,2023-11-07T00:00:00+05:30,4610.1,4670.0,4590.85,4655.2,282612,1.3664242260347965,4545.267095442004,4545.562083812178,-0.2949883701739964,-12.983367630797458,79.14999999999964,57.149999999999636,22.0,79.14999999999964,79.03571428571429,362138.45,Buy
333,2023-11-08T00:00:00+05:30,4670.95,4686.5,4650.5,4670.6,385727,1.4850559510193846,4564.549080758618,4554.824151677943,9.724929080675793,-8.44170828850281,36.0,31.300000000000182,4.699999999999818,36.0,78.98214285714286,370287.3,Buy
334,2023-11-09T00:00:00+05:30,4670.6,4685.5,4630.5,4652.1,208210,1.5665984518343308,4578.0184529496,4562.029770072169,15.98868287743062,-3.555630055316124,55.0,14.899999999999636,40.100000000000364,55.0,79.03214285714284,362288.2,Buy
335,2023-11-10T00:00:00+05:30,4657.45,4685.85,4621.0,4681.95,142336,1.6677151839732574,4594.007921726585,4570.912750066824,23.095171659761036,1.7745302876993079,64.85000000000036,33.75,31.100000000000364,64.85000000000036,80.14642857142859,343475.9,Buy
336,2023-11-12T00:00:00+05:30,4694.65,4699.0,4660.05,4676.6,23883,1.7559204686927405,4606.71439530711,4578.741435247059,27.972960060051264,7.014216242169699,38.94999999999982,17.050000000000182,21.899999999999636,38.94999999999982,76.95357142857145,322378.95,Buy
337,2023-11-13T00:00:00+05:30,4662.3,4703.15,4644.0,4696.35,260394,1.8523858811330007,4620.5044883367855,4587.453180784313,33.05130755247228,12.221634504230217,59.149999999999636,26.549999999999272,32.600000000000364,59.149999999999636,72.92142857142855,320792.75,Buy
338,2023-11-15T00:00:00+05:30,4723.0,4725.0,4667.4,4710.8,269650,1.9556550353966755,4634.3961055157415,4596.589982207697,37.806123308044334,17.33853226499304,57.600000000000364,28.649999999999636,28.950000000000728,57.600000000000364,72.96428571428571,324441.8,Buy
339,2023-11-16T00:00:00+05:30,4710.0,4729.0,4679.6,4702.1,178375,2.0415889745081186,4644.812089282551,4604.405539081201,40.40655020135,21.952135852264433,49.399999999999636,18.199999999999818,31.199999999999818,49.399999999999636,72.70714285714283,322501.6,Buy
340,2023-11-17T00:00:00+05:30,4703.0,4745.6,4690.1,4718.3,138652,2.131221763231909,4656.11792170062,4612.842165815927,43.27575588469335,26.21685985875022,55.5,43.5,12.0,55.5,71.43571428571424,317990.15,Buy
341,2023-11-20T00:00:00+05:30,4691.25,4739.45,4690.9,4712.0,126069,2.2103094532784606,4664.715164515909,4620.187190570303,44.52797394560639,29.879082676121456,48.55000000000018,21.149999999999636,27.400000000000546,48.55000000000018,69.34285714285708,306741.35,Buy
342,2023-11-21T00:00:00+05:30,4730.0,4730.0,4665.0,4699.75,129602,2.24241627870193,4670.10513920577,4626.08073200954,44.02440719622973,32.70814758014311,65.0,18.0,47.0,65.0,66.24999999999993,303071.25,No Signal
343,2023-11-22T00:00:00+05:30,4709.9,4712.85,4662.75,4694.2,72533,2.2538095339625674,4673.812040866421,4631.126603712537,42.68543715388387,34.703605494891264,50.100000000000364,13.100000000000364,37.0,50.100000000000364,57.57857142857139,290193.8,No Signal
344,2023-11-23T00:00:00+05:30,4699.0,4710.95,4678.95,4705.8,109775,2.2250995044743136,4678.73326534851,4636.657966400498,42.07529894801246,36.17794418551551,32.0,16.75,15.25,32.0,55.70357142857139,271237.1,No Signal
345,2023-11-24T00:00:00+05:30,4705.8,4715.0,4640.5,4644.15,123628,2.1879105506464,4673.412762987201,4637.212931852313,36.19983113488797,36.18232157539,74.5,9.199999999999818,65.30000000000018,74.5,54.69642857142857,258278.8,No Signal
346,2023-11-28T00:00:00+05:30,4632.25,4722.9,4626.0,4717.0,182790,2.020002467210693,4680.1184917584005,4643.123085048438,36.99540670996248,36.344938602304495,96.89999999999964,78.75,18.149999999999636,96.89999999999964,55.964285714285715,244892.0,No Signal
347,2023-11-29T00:00:00+05:30,4715.95,4832.1,4701.4,4803.65,363702,1.819003123130272,4699.123339180185,4655.013967637443,44.10937154274234,37.89782519039206,130.70000000000073,115.10000000000036,15.600000000000364,130.70000000000073,62.72857142857148,237845.85,No Signal
348,2023-11-30T00:00:00+05:30,4815.0,4875.95,4797.5,4852.65,961054,1.5099152411286474,4722.742825460156,4669.653673738373,53.08915172178331,40.93609049667031,78.44999999999982,72.30000000000018,6.149999999999636,78.44999999999982,64.40357142857147,266130.6,No Signal
349,2023-12-01T00:00:00+05:30,4873.0,4984.0,4860.05,4970.75,485597,1.7883456402047329,4760.897775389363,4691.957105313309,68.94067007605463,46.53700641254718,123.94999999999982,131.35000000000036,7.400000000000546,131.35000000000036,69.15357142857147,249268.2,No Signal
350,2023-12-04T00:00:00+05:30,4990.0,4994.95,4915.0,4937.75,310152,1.9064036448985116,4788.1058099448455,4710.163986401211,77.9418235436342,52.81796983876458,79.94999999999982,24.199999999999818,55.75,79.94999999999982,72.0821428571429,248025.2,Buy
351,2023-12-05T00:00:00+05:30,4937.75,4975.0,4933.0,4948.4,280497,2.0711393798723026,4812.766454568716,4727.81109851964,84.95535604907582,59.245447080826835,42.0,37.25,4.75,42.0,70.85714285714292,251761.9,Buy
352,2023-12-06T00:00:00+05:30,4953.0,5022.7,4952.3,5003.15,295686,2.3102230218166704,4842.056230788913,4748.2065727033705,93.84965808554261,66.16628928176999,70.39999999999964,74.30000000000018,3.9000000000005457,74.30000000000018,72.05000000000005,252415.6,Buy
353,2023-12-07T00:00:00+05:30,5003.15,5025.0,4963.15,5016.0,268095,2.5278800571446327,4868.816810667542,4768.0431228734915,100.7736877940506,73.08776898422612,61.850000000000364,21.850000000000364,40.0,61.850000000000364,72.93928571428582,246534.0,Buy
354,2023-12-08T00:00:00+05:30,5024.0,5060.0,4931.0,4942.2,282713,2.596446822194004,4880.106532103305,4780.94363229027,99.16289981303453,78.3027951499878,129.0,44.0,85.0,129.0,78.18928571428582,250259.15,Buy
355,2023-12-11T00:00:00+05:30,4959.9,4974.5,4900.05,4944.15,147976,2.6274552708749273,4889.959373318181,4793.032992861361,96.92638045681997,82.02751221135424,74.44999999999982,32.30000000000018,42.149999999999636,74.44999999999982,80.0392857142858,250541.15,Buy
356,2023-12-12T00:00:00+05:30,4968.0,4971.45,4875.0,4903.05,184238,2.6106031601899775,4891.973315884615,4801.1824007975565,90.79091508705824,83.78019278649504,96.44999999999982,27.300000000000182,69.14999999999964,96.44999999999982,82.28571428571435,258558.9,Buy
357,2023-12-13T00:00:00+05:30,4910.0,4928.0,4860.0,4919.3,153558,2.5760234392311,4896.177421133136,4809.93185259033,86.24556854280581,84.2732679377572,68.0,24.949999999999818,43.05000000000018,68.0,83.56428571428576,253217.1,Buy
358,2023-12-14T00:00:00+05:30,4932.2,4965.0,4897.0,4946.65,174503,2.5529955660404715,4903.942433266499,4820.059122768824,83.88331049767567,84.1952764497409,68.0,45.69999999999982,22.300000000000182,68.0,86.13571428571433,248459.75,Sell
359,2023-12-15T00:00:00+05:30,4938.0,4969.85,4880.5,4913.9,216579,2.5038722465513445,4905.474366610115,4827.010298860022,78.46406775009291,83.04903470981131,89.35000000000036,23.200000000000728,66.14999999999964,89.35000000000036,87.19642857142864,250369.95,Sell
360,2023-12-18T00:00:00+05:30,4913.85,4925.5,4837.05,4879.5,223278,2.442898559319158,4901.4783102085585,4830.898424870391,70.57988533816751,80.55520483548256,88.44999999999982,11.600000000000364,76.84999999999945,88.44999999999982,86.59285714285723,254601.25,Sell
361,2023-12-19T00:00:00+05:30,4891.35,4927.45,4858.7,4911.25,200718,2.33385670213025,4902.981647099549,4836.85039339851,66.13125370103899,77.67041460859384,68.75,47.94999999999982,20.800000000000182,68.75,82.16785714285717,258333.7,Sell
362,2023-12-20T00:00:00+05:30,4920.0,5051.95,4916.0,4954.95,457942,2.2000785467492423,4910.976778315004,4845.598512406028,65.37826590897566,75.21198486867021,135.94999999999982,140.69999999999982,4.75,140.69999999999982,86.61428571428574,274750.7,Sell
363,2023-12-21T00:00:00+05:30,4930.0,5113.3,4877.55,5059.6,796081,2.1099782254949915,4933.841889343465,4861.450474450026,72.3914148934382,74.64787087362382,235.75,158.35000000000036,77.39999999999964,235.75,94.07142857142857,310928.1,Sell
364,2023-12-22T00:00:00+05:30,5075.0,5183.7,5050.05,5161.1,582688,2.1677622633002525,4968.804675598316,4883.646735601877,85.15793999643938,76.74988469818693,133.64999999999964,124.09999999999945,9.550000000000182,133.64999999999964,97.90714285714284,334573.75,Buy
365,2023-12-26T00:00:00+05:30,5155.0,5244.5,5146.0,5235.95,574310,2.1568702780201936,5009.903956275498,4909.743273705441,100.16068257005645,81.43204427256084,98.5,83.39999999999964,15.100000000000364,98.5,101.94285714285714,357107.85,Buy
366,2023-12-27T00:00:00+05:30,5242.0,5245.0,5160.0,5216.8,241944,2.1797273881329233,5041.734116848498,4932.488216393927,109.2459004545708,86.99481550896284,85.0,9.050000000000182,75.94999999999982,85.0,102.70714285714283,360065.55,Buy
367,2023-12-28T00:00:00+05:30,5224.95,5338.65,5186.75,5282.0,655367,2.371535404270754,5078.698098871806,4958.3779781425255,120.32012072928046,93.65987655302638,151.89999999999964,121.84999999999945,30.050000000000182,151.89999999999964,109.13928571428563,374648.8,Buy
368,2023-12-29T00:00:00+05:30,5260.55,5386.05,5238.65,5338.45,535691,2.6463633354274845,5118.659929814605,4986.531461243079,132.12846857152545,101.3535949567262,147.40000000000055,104.05000000000018,43.350000000000364,147.40000000000055,110.4535714285714,353380.65,Buy
369,2024-01-01T00:00:00+05:30,5339.0,5349.9,5290.0,5319.8,130032,2.9172697151708347,5149.604555996973,5011.218019669518,138.38653632745536,108.76018323087203,59.899999999999636,11.449999999999818,48.44999999999982,59.899999999999636,109.41428571428567,335602.4,Buy
370,2024-01-02T00:00:00+05:30,5319.8,5334.95,5224.1,5288.85,193517,3.072528949425587,5171.0269319974395,5031.78335154585,139.24358045158988,114.8568626750156,110.84999999999945,15.149999999999636,95.69999999999982,110.84999999999945,110.44285714285706,329770.65,Buy
371,2024-01-03T00:00:00+05:30,5288.85,5333.9,5240.0,5244.35,123303,3.1524597253985918,5182.307403997834,5047.52902920912,134.77837478871334,118.84116509775517,93.89999999999964,45.04999999999927,48.850000000000364,93.89999999999964,112.29285714285705,321910.95,Buy
372,2024-01-04T00:00:00+05:30,5253.8,5375.0,5221.0,5361.3,413391,3.28793952426111,5209.844726459705,5070.771323341778,139.07340311792723,122.88761270178958,154.0,130.64999999999964,23.350000000000364,154.0,118.43571428571418,327796.2,Buy
373,2024-01-05T00:00:00+05:30,5361.3,5363.35,5256.0,5272.35,299017,3.409263218157052,5219.460922388981,5085.703077168313,133.75784522066806,125.06165920556528,107.35000000000036,2.050000000000182,105.30000000000018,107.35000000000036,119.72142857142846,329342.3,Buy
374,2024-01-08T00:00:00+05:30,5305.0,5305.0,5171.05,5177.35,236628,3.4034841186660336,5212.982318944522,5092.491738118809,120.49058082571355,124.14744352959494,133.94999999999982,32.649999999999636,101.30000000000018,133.94999999999982,122.97142857142846,327038.05,Sell
375,2024-01-09T00:00:00+05:30,5199.0,5210.2,5111.0,5122.4,194434,3.3475861957548902,5199.0465775684415,5094.707164924823,104.33941264361874,120.1858373523997,99.19999999999982,32.849999999999454,66.35000000000036,99.19999999999982,125.14642857142846,329360.95,Sell
376,2024-01-10T00:00:00+05:30,5111.0,5143.65,5051.5,5086.65,191450,3.2178653804235466,5181.754796404066,5094.110337893354,87.64445851071196,113.67756158406216,92.14999999999964,21.25,70.89999999999964,92.14999999999964,121.6785714285713,329721.55,Sell
377,2024-01-11T00:00:00+05:30,5102.9,5186.4,5076.55,5136.7,277823,3.0301757137875773,5174.8232892649785,5097.265127679031,77.55816158594735,106.45368158443921,109.84999999999945,99.75,10.099999999999454,109.84999999999945,112.68571428571411,335934.8,Sell
378,2024-01-12T00:00:00+05:30,5149.0,5250.4,5100.05,5151.1,462298,2.881940031300327,5171.173552454982,5101.252895999103,69.920656455879,99.14707655872718,150.34999999999945,113.69999999999982,36.649999999999636,150.34999999999945,113.87857142857125,350324.55,Sell
379,2024-01-15T00:00:00+05:30,5159.95,5228.0,5119.0,5177.35,400069,2.6484803548355873,5172.123775154216,5106.889718517688,65.23405663652738,92.36447257428722,109.0,76.89999999999964,32.100000000000364,109.0,114.62857142857125,359499.05,Sell
380,2024-01-16T00:00:00+05:30,5168.4,5218.0,5107.25,5130.6,203028,2.3312385871387704,5165.735502053567,5108.646035664527,57.08946638904035,85.30947133723785,110.75,40.649999999999636,70.10000000000036,110.75,116.46785714285696,358486.55,Sell
381,2024-01-17T00:00:00+05:30,5115.05,5135.25,5055.0,5061.7,270672,2.086918330879198,5149.730040199172,5105.168551541228,44.56148865794421,77.15987480137913,80.25,4.649999999999636,75.60000000000036,80.25,111.34999999999984,361984.25,Sell
382,2024-01-18T00:00:00+05:30,5061.0,5077.95,4974.2,5015.15,514119,1.9796216410155447,5129.025418630069,5098.500510686323,30.524907943746257,67.83288142985256,103.75,16.25,87.5,103.75,108.23214285714266,364793.1,No Signal
383,2024-01-19T00:00:00+05:30,5029.0,5169.65,5012.3,5138.65,329252,1.8530968502820302,5130.506123456212,5101.47454693178,29.03157652443133,60.07262044876832,157.34999999999945,154.5,2.8499999999994543,157.34999999999945,115.19285714285694,341451.65,Sell
384,2024-01-20T00:00:00+05:30,5164.0,5245.35,5145.35,5166.4,221679,1.8413103659139265,5136.028258309102,5106.283839751649,29.744418557453173,54.00698007050529,100.0,106.70000000000073,6.700000000000728,106.70000000000073,114.89642857142846,323401.2,Sell
385,2024-01-23T00:00:00+05:30,5166.4,5189.85,4925.9,5048.1,491135,1.9837040478508257,5122.500833953855,5101.973925695971,20.526908257884315,47.3109657079811,263.9500000000007,23.450000000000728,240.5,263.9500000000007,127.0428571428571,319242.45,Sell
386,2024-01-24T00:00:00+05:30,5048.1,5173.65,5030.0,5142.25,611741,1.9515049380687235,5125.539167191724,5104.957338607381,20.581828584343384,41.96513828325356,143.64999999999964,125.54999999999927,18.100000000000364,143.64999999999964,126.30357142857136,337732.3,Sell
387,2024-01-25T00:00:00+05:30,5150.0,5236.55,5106.1,5141.9,342129,1.9048078577741354,5128.056218392997,5107.693832043871,20.3623863491257,37.644587896427986,130.44999999999982,94.30000000000018,36.149999999999636,130.44999999999982,127.95357142857132,322070.4,Sell
388,2024-01-29T00:00:00+05:30,5142.0,5219.5,5111.2,5136.9,275710,1.7605518214846974,5129.416800178689,5109.857251892473,19.55954828621634,34.02757997438566,108.30000000000018,77.60000000000036,30.699999999999818,108.30000000000018,126.1214285714285,309071.35,Sell
389,2024-01-30T00:00:00+05:30,5163.3,5192.9,5081.0,5097.15,146422,1.647615628185891,5124.452677074276,5108.915973974512,15.536703099764054,30.32940459946134,111.89999999999964,56.0,55.899999999999636,111.89999999999964,127.02857142857134,309890.85,Sell
390,2024-01-31T00:00:00+05:30,5091.75,5220.0,5031.75,5198.4,549238,1.513013716157689,5135.829188293618,5115.5444203467705,20.28476794684775,28.320477268938625,188.25,122.85000000000036,65.39999999999964,188.25,133.89285714285708,327676.9,Sell
391,2024-02-01T00:00:00+05:30,5196.05,5201.95,5127.1,5148.6,344394,1.4660093013991884,5137.793928556139,5117.992981802566,19.800946753573044,26.61657116586551,74.84999999999945,3.550000000000182,71.29999999999927,74.84999999999945,131.39285714285708,338731.45,Sell
392,2024-02-02T00:00:00+05:30,5166.75,5209.0,5131.45,5148.85,176167,1.086402008313666,5139.494862624425,5120.278686854228,19.21617577019697,25.136492086731803,77.55000000000018,60.399999999999636,17.150000000000546,77.55000000000018,126.19285714285714,326870.25,Sell
393,2024-02-05T00:00:00+05:30,5169.9,5239.75,5078.5,5124.5,231620,0.8906694162085066,5137.187960682206,5120.591376716878,16.596583965328136,23.428510462451072,161.25,90.89999999999964,70.35000000000036,161.25,129.92499999999998,323500.4,Sell
394,2024-02-06T00:00:00+05:30,5124.5,5125.0,4992.55,5007.05,336609,1.0262357560882431,5117.166735961867,5112.180904367479,4.985831594387491,19.739974688838355,132.44999999999982,0.5,131.94999999999982,132.44999999999982,131.47499999999997,328499.45,Sell
395,2024-02-07T00:00:00+05:30,5140.0,5183.9,4925.0,5114.1,1039118,1.0048477600152712,5116.694930429272,5112.323059599518,4.371870829753789,16.666353917021443,258.89999999999964,176.84999999999945,82.05000000000018,258.89999999999964,144.23571428571424,370733.65,Sell
396,2024-02-08T00:00:00+05:30,5101.0,5122.4,4833.15,4875.55,623680,1.531992774751405,5079.59571036323,5094.7843144439985,-15.188604080768528,10.29536231746345,289.25,8.299999999999272,280.9500000000007,289.25,157.48571428571424,392345.15,Sell
397,2024-02-09T00:00:00+05:30,4875.55,4978.05,4860.05,4971.5,411953,1.6148695836805018,5062.965601076579,5085.652143003702,-22.686541927122562,3.6989814685462483,118.0,102.5,15.5,118.0,154.67499999999998,399051.65,Sell
398,2024-02-12T00:00:00+05:30,4971.5,4997.95,4940.75,4970.2,158487,1.6958819276866197,5048.693970141721,5077.100132410835,-28.406162269113338,-2.722047278985669,57.19999999999982,26.449999999999818,30.75,57.19999999999982,151.13928571428565,383861.1,Sell
399,2024-02-13T00:00:00+05:30,4970.2,5053.4,4940.2,4981.6,262011,1.7075743520760995,5038.371820889149,5070.026048528551,-31.654227639402052,-8.508483351068946,113.19999999999982,83.19999999999982,30.0,113.19999999999982,140.37142857142842,376958.2,Sell
400,2024-02-14T00:00:00+05:30,4967.55,5025.0,4950.0,5010.65,277479,1.7085024113126193,5034.1069253677415,5065.627822711621,-31.52089734387937,-13.110966149631032,75.0,43.399999999999636,31.600000000000364,75.0,135.467857142857,380680.75,Sell
401,2024-02-15T00:00:00+05:30,5010.95,5043.35,4932.85,4950.55,189625,1.818140244304927,5021.252013772704,5057.1035395477975,-35.85152577509325,-17.659078074723478,110.5,32.70000000000073,77.79999999999927,110.5,134.04285714285703,376628.4,Sell
402,2024-02-16T00:00:00+05:30,4954.0,4970.55,4894.75,4913.7,352139,1.9515358827771283,5004.705550115365,5046.481055136849,-41.775505021483696,-22.482363464075522,75.80000000000018,20.0,55.80000000000018,75.80000000000018,131.72142857142848,368529.4,No Signal
403,2024-02-19T00:00:00+05:30,4919.95,4948.55,4886.65,4925.25,182521,2.010246142246242,4992.481619328386,5037.500976978564,-45.01935765017788,-26.989762301295997,61.900000000000546,34.850000000000364,27.050000000000182,61.900000000000546,128.14999999999995,361192.85,No Signal
404,2024-02-20T00:00:00+05:30,4910.15,4934.0,4879.1,4921.15,129279,2.021840856031404,4981.507524047096,5028.882386091263,-47.37486204416655,-31.06678224987011,54.899999999999636,8.75,46.149999999999636,54.899999999999636,118.62499999999993,356572.85,No Signal
405,2024-02-21T00:00:00+05:30,4934.75,4988.3,4888.0,4923.0,235932,2.0907460653376018,4972.506366501389,5021.039246380798,-48.53287987940985,-34.560001775778055,100.30000000000018,67.15000000000055,33.149999999999636,100.30000000000018,120.44285714285714,343812.7,No Signal
406,2024-02-22T00:00:00+05:30,4924.95,4968.0,4860.0,4956.95,255308,2.039609516584044,4970.1130793473285,5016.291894797036,-46.178815449707145,-36.88376451056387,108.0,45.0,63.0,108.0,122.61785714285712,325991.05,No Signal
407,2024-02-23T00:00:00+05:30,4956.95,4970.4,4912.1,4936.35,115910,2.0078699214347258,4964.91875944774,5010.370272960218,-45.451513512478414,-38.59731431094678,58.29999999999927,13.449999999999818,44.849999999999454,58.29999999999927,115.26428571428563,314680.1,No Signal
408,2024-02-26T00:00:00+05:30,4949.95,4957.0,4891.6,4901.9,78084,1.997199433784255,4955.223565686549,5002.335437926128,-47.1118722395795,-40.300225896673325,65.39999999999964,20.649999999999636,44.75,65.39999999999964,110.47499999999991,304798.8,No Signal
409,2024-02-27T00:00:00+05:30,4879.0,4939.55,4879.0,4904.35,434014,1.9925633192798997,4947.396863273234,4995.077257339008,-47.680394065773726,-41.776259530493405,60.55000000000018,37.650000000000546,22.899999999999636,60.55000000000018,96.30714285714281,319178.4,No Signal
410,2024-02-28T00:00:00+05:30,4894.35,4916.1,4867.2,4887.8,96877,1.7949668956214293,4938.2281150773515,4987.130793832414,-48.90267875506288,-43.201543375407304,48.900000000000546,11.75,37.150000000000546,48.900000000000546,79.1392857142857,296560.35,No Signal
411,2024-02-29T00:00:00+05:30,4885.05,4980.9,4828.85,4965.2,447941,1.5728369812779,4942.377635834682,4985.506290585568,-43.1286547508862,-43.18696565050308,152.04999999999927,93.09999999999945,58.94999999999982,152.04999999999927,81.57142857142851,301737.7,No Signal
412,2024-03-01T00:00:00+05:30,4965.2,4986.7,4914.15,4927.7,316277,1.3414059454404368,4940.119538013962,4981.224343134785,-41.104805120823585,-42.770533544567186,72.55000000000018,21.5,51.05000000000018,72.55000000000018,82.6678571428571,308743.2,No Signal
413,2024-03-02T00:00:00+05:30,4927.75,4998.95,4902.35,4922.55,5987,1.0899425302695602,4937.41653216566,4976.878095495172,-39.46156332951159,-42.10873950155607,96.59999999999945,71.25,25.349999999999454,96.59999999999945,81.48214285714279,297461.55,No Signal
414,2024-03-04T00:00:00+05:30,4906.0,4942.45,4833.5,4838.9,307520,1.1787619664065803,4922.260142601713,4966.657495828863,-44.397353227150234,-42.56646224667491,108.94999999999982,19.899999999999636,89.05000000000018,108.94999999999982,83.90714285714277,296007.1,No Signal
415,2024-03-05T00:00:00+05:30,4839.05,4867.45,4811.0,4825.65,156956,0.9554467122018139,4907.39704373991,4956.212496137836,-48.81545239792558,-43.81626027692504,56.44999999999982,28.550000000000182,27.899999999999636,56.44999999999982,80.04642857142848,251899.0,No Signal
416,2024-03-06T00:00:00+05:30,4839.0,4887.8,4788.75,4880.75,190965,0.9388651569618467,4903.297498549155,4950.6226816091075,-47.325183059952906,-44.51804483353062,99.05000000000018,62.150000000000546,36.899999999999636,99.05000000000018,81.70714285714277,230263.25,No Signal
417,2024-03-07T00:00:00+05:30,4870.0,4902.0,4835.1,4889.15,216747,0.924398144631493,4901.120960310823,4946.069149638062,-44.94818932723956,-44.60407373227241,66.89999999999964,21.25,45.649999999999636,66.89999999999964,82.06428571428556,220502.95,No Signal
418,2024-03-11T00:00:00+05:30,4894.05,4957.65,4871.1,4937.4,295000,0.8895065521924144,4906.702351032234,4945.426990405614,-38.72463937337943,-43.42818686049382,86.54999999999927,68.5,18.049999999999272,86.54999999999927,84.32499999999982,227328.6,No Signal
419,2024-03-12T00:00:00+05:30,4935.7,4940.0,4852.8,4869.15,140625,0.8791044042843735,4900.925066258044,4939.776842968161,-38.85177671011661,-42.51290483041838,87.19999999999982,2.600000000000364,84.59999999999945,87.19999999999982,83.3892857142855,221259.3,No Signal
420,2024-03-13T00:00:00+05:30,4892.6,4975.0,4822.0,4856.65,410729,0.7861833523548406,4894.11351760296,4933.619299044593,-39.50578144163319,-41.91148015266134,153.0,105.85000000000036,47.149999999999636,153.0,86.60357142857121,227921.8,No Signal
421,2024-03-14T00:00:00+05:30,4853.25,4952.95,4783.0,4938.9,240217,0.7605317976922212,4901.003745664043,4934.010462078327,-33.0067164142838,-40.130527404985834,169.94999999999982,96.30000000000018,73.64999999999964,169.94999999999982,94.57857142857127,230451.4,No Signal
422,2024-03-15T00:00:00+05:30,4917.45,5008.7,4912.0,4974.2,491571,0.8146766587979085,4912.2647078695745,4936.987464887339,-24.722757017764707,-37.04897332754161,96.69999999999982,69.80000000000018,26.899999999999636,96.69999999999982,96.81428571428556,237423.0,Buy
423,2024-03-18T00:00:00+05:30,4980.0,5014.0,4960.0,4980.0,143928,0.871783232071039,4922.685522043486,4940.173578599388,-17.488056555901494,-33.13678997321359,54.0,39.80000000000018,14.199999999999818,54.0,96.3464285714284,235493.35,Buy
424,2024-03-19T00:00:00+05:30,4999.0,4999.95,4800.0,4816.95,265081,1.0012499485340154,4906.418518652181,4931.045906110544,-24.627387458363046,-31.434909470243483,199.94999999999982,19.949999999999818,180.0,199.94999999999982,107.13571428571406,242283.45,Buy
425,2024-03-20T00:00:00+05:30,4822.1,4832.85,4760.0,4802.9,300159,1.1097526404363134,4890.492592705691,4921.5536167690225,-31.061024063331388,-31.360132388861064,72.85000000000036,15.900000000000546,56.94999999999982,72.85000000000036,101.47857142857129,245494.8,Buy
426,2024-03-21T00:00:00+05:30,4812.5,4824.0,4767.8,4806.7,449591,1.1545096409458087,4877.601424597123,4913.045941452799,-35.44451685567583,-32.17700928222402,56.19999999999982,21.100000000000364,35.099999999999454,56.19999999999982,100.31071428571411,255208.95,Sell
427,2024-03-22T00:00:00+05:30,4800.0,4892.95,4784.9,4865.0,264787,1.1276626797945877,4875.662743889873,4909.486982826666,-33.824238936792426,-32.506455213137706,108.05000000000018,86.25,21.800000000000182,108.05000000000018,101.1285714285713,262652.8,Sell
428,2024-03-26T00:00:00+05:30,4748.4,4975.0,4740.7,4961.45,554559,1.1515385212196168,4888.860783291431,4913.336095209876,-24.475311918444277,-30.900226554199023,234.30000000000018,110.0,124.30000000000018,234.30000000000018,110.08214285714277,286476.55,Buy
429,2024-03-27T00:00:00+05:30,4960.0,4980.0,4880.0,4920.2,327107,1.1669095366094113,4893.6822012465955,4913.844532601736,-20.16233135514085,-28.75264751438739,100.0,18.550000000000182,81.44999999999982,100.0,113.19285714285706,281131.2,Buy
430,2024-03-28T00:00:00+05:30,4942.3,4971.2,4864.6,4911.25,648795,1.1714753283106425,4896.38493951635,4913.6523450016075,-17.26740548525777,-26.45559910856147,106.59999999999945,51.0,55.599999999999454,106.59999999999945,113.73214285714273,308727.1,Buy
431,2024-04-01T00:00:00+05:30,4929.95,4960.7,4883.75,4895.2,181877,1.1253055526125952,4896.202641129219,4912.285504631118,-16.082863501898828,-24.381051987228943,76.94999999999982,49.44999999999982,27.5,76.94999999999982,114.44999999999989,295423.9,Buy
432,2024-04-02T00:00:00+05:30,4910.0,4914.9,4870.0,4899.95,93480,1.1114336416456212,4896.77915787857,4911.371763547331,-14.59260566876128,-22.423362723535412,44.899999999999636,19.699999999999818,25.199999999999818,44.899999999999636,111.47499999999991,284284.05,Buy
433,2024-04-03T00:00:00+05:30,4870.0,4896.95,4806.0,4834.6,246246,1.1419471997166193,4887.213133589559,4905.684966247529,-18.47183265796957,-21.633056710422245,90.94999999999982,3.0,93.94999999999982,93.94999999999982,111.95714285714277,296297.0,Buy
434,2024-04-04T00:00:00+05:30,4839.95,4855.0,4780.6,4813.6,372526,1.1758098886389714,4875.888036114243,4898.863857636601,-22.975821522358274,-21.901609672809453,74.39999999999964,20.399999999999636,54.0,74.39999999999964,106.34285714285703,299547.3,Sell
435,2024-04-05T00:00:00+05:30,4813.6,4847.6,4791.6,4813.05,189143,1.1914987430540354,4866.220645942821,4892.507275589445,-26.286629646624533,-22.77861366757247,56.0,34.0,22.0,56.0,98.20357142857132,301156.65,No Signal
436,2024-04-08T00:00:00+05:30,4825.05,4841.0,4781.0,4826.8,235219,1.2167171907346124,4860.155931182387,4887.640069990227,-27.48413880784028,-23.71971869562603,60.0,27.949999999999818,32.05000000000018,60.0,95.58214285714277,303369.35,No Signal
437,2024-04-09T00:00:00+05:30,4850.0,4850.0,4783.4,4794.7,180114,1.2874676975717154,4850.085787923558,4880.755620361321,-30.669832437763034,-25.109741444053434,66.60000000000036,23.199999999999818,43.400000000000546,66.60000000000036,96.48214285714279,301537.7,No Signal
438,2024-04-10T00:00:00+05:30,4818.5,4818.55,4747.55,4808.7,509880,1.2829547079821781,4843.718743627626,4875.418167001223,-31.6994233735968,-26.42767782996211,71.0,23.850000000000364,47.149999999999636,71.0,87.27142857142852,312281.7,No Signal
439,2024-04-12T00:00:00+05:30,4818.0,4820.85,4745.0,4751.75,620568,1.4116569990369876,4829.569706146453,4866.257562038169,-36.687855891716026,-28.479713442312896,75.85000000000036,12.150000000000546,63.69999999999982,75.85000000000036,87.48571428571424,336278.85,No Signal
440,2024-04-15T00:00:00+05:30,4745.0,4777.1,4692.85,4761.9,421873,1.487593639413286,4819.158982123922,4858.527372257564,-39.3683901336417,-30.657448780578658,84.25,25.350000000000364,58.899999999999636,84.25,89.48928571428567,336836.05,No Signal
441,2024-04-16T00:00:00+05:30,4748.0,4758.45,4691.3,4744.5,220696,1.5301251406934329,4807.672984874088,4850.080900238485,-42.40791536439701,-33.00754209734233,67.14999999999964,3.449999999999818,70.59999999999945,70.59999999999945,86.81428571428562,335860.0,No Signal
442,2024-04-18T00:00:00+05:30,4745.0,4758.7,4666.6,4695.0,670722,1.5786411500541746,4790.338679508844,4838.5934261467455,-48.25474663790192,-36.05698300545425,92.09999999999945,14.199999999999818,77.89999999999964,92.09999999999945,76.65714285714272,344817.55,No Signal
443,2024-04-19T00:00:00+05:30,4682.05,4690.0,4641.0,4678.9,233821,1.5759754552885161,4773.194267276714,4826.764283469209,-53.57001619249513,-39.55958964286243,49.0,5.0,54.0,54.0,73.37142857142842,349312.2,No Signal
444,2024-04-22T00:00:00+05:30,4673.9,4763.9,4662.3,4753.3,321925,1.5829452071997387,4770.133610772604,4821.322484693712,-51.1888739211081,-41.88544649851156,101.59999999999945,85.0,16.599999999999454,101.59999999999945,73.01428571428558,352154.4,No Signal
445,2024-04-23T00:00:00+05:30,4756.0,4812.0,4723.05,4797.8,279440,1.5694892721716776,4774.389978346049,4819.580078420104,-45.1901000740545,-42.546377213620154,88.94999999999982,58.69999999999982,30.25,88.94999999999982,73.87142857142842,351118.45,No Signal
446,2024-04-24T00:00:00+05:30,4797.0,4840.0,4781.0,4828.95,412282,1.5595425226705064,4782.783827831272,4820.274146685281,-37.490318854009274,-41.53516554169798,59.0,42.19999999999982,16.800000000000182,59.0,74.8785714285713,349253.0,No Signal
447,2024-04-25T00:00:00+05:30,4816.15,4859.0,4747.5,4844.15,509266,1.5433984013734188,4792.2247773956915,4822.042728412297,-29.817951016605548,-39.19172263667949,111.5,30.050000000000182,81.44999999999982,111.5,76.13214285714275,361476.95,No Signal
448,2024-04-26T00:00:00+05:30,4844.05,4861.0,4793.0,4800.45,205462,1.38714734092077,4793.490196257892,4820.443267048423,-26.953070790530546,-36.743992267449705,68.0,16.850000000000364,51.149999999999636,68.0,75.67499999999993,344022.1,No Signal
449,2024-04-29T00:00:00+05:30,4815.0,4825.6,4776.0,4799.85,147362,1.2751843559986207,4794.468627602832,4818.917839859651,-24.44921225681901,-34.28503626532357,49.600000000000364,25.150000000000546,24.449999999999818,49.600000000000364,75.21785714285708,335034.85,No Signal
450,2024-04-30T00:00:00+05:30,4799.0,4825.0,4765.1,4775.95,489132,1.168777481535456,4791.619607971627,4815.735036907085,-24.115428935457203,-32.2511147993503,59.899999999999636,25.149999999999636,34.75,59.899999999999636,75.2107142857142,327051.7,No Signal
451,2024-05-02T00:00:00+05:30,4789.95,4812.0,4750.05,4759.65,356664,1.075109771161554,4786.701206745223,4811.580589728782,-24.87938298355857,-30.776768436191954,61.94999999999982,36.05000000000018,25.899999999999636,61.94999999999982,74.8785714285713,335791.05,No Signal
452,2024-05-03T00:00:00+05:30,4781.1,4781.1,4707.9,4744.6,262493,0.9458149377623224,4780.224098015189,4806.619064563687,-26.394966548497905,-29.900408058653145,73.20000000000073,21.450000000000728,51.75,73.20000000000073,75.03571428571422,344241.7,No Signal
453,2024-05-06T00:00:00+05:30,4818.95,5205.45,4802.2,5061.6,2837757,1.512533616093536,4823.512698320545,4825.506541262674,-1.9938429421290493,-24.319095035348326,403.25,460.84999999999945,57.599999999999454,460.84999999999945,102.53571428571415,473817.25,Buy
454,2024-05-07T00:00:00+05:30,5057.95,5219.9,5048.8,5173.85,1156073,2.2156010462084095,4877.410744732769,4851.309760428401,26.100984304367557,-14.23507916740515,171.09999999999945,158.29999999999927,12.800000000000182,171.09999999999945,108.73928571428554,512994.6,Buy
455,2024-05-08T00:00:00+05:30,5151.0,5248.45,5123.85,5228.4,323414,2.8282259543825914,4931.409091696958,4879.242370767038,52.1667209299203,-0.9547191479400587,124.59999999999945,74.59999999999945,50.0,124.59999999999945,112.5964285714284,519708.15,Buy
456,2024-05-09T00:00:00+05:30,5228.05,5248.0,5045.0,5070.1,379667,3.1000495531540047,4952.746154512811,4893.379972932443,59.36618158036799,11.109460997721552,203.0,19.600000000000364,183.39999999999964,203.0,120.51785714285701,526930.55,Buy
457,2024-05-10T00:00:00+05:30,5070.1,5118.2,4971.75,5066.8,223289,3.243158119089049,4970.292899972378,4906.225900863373,64.06699910900534,21.700968619978312,146.44999999999982,48.099999999999454,98.35000000000036,146.44999999999982,127.12142857142842,529089.3,Buy
458,2024-05-13T00:00:00+05:30,5074.95,5170.0,5055.0,5130.55,323879,3.4059248195804726,4994.947838438166,4922.842500799419,72.10533763874719,31.781842423732087,115.0,103.19999999999982,11.800000000000182,115.0,128.07857142857134,519789.25,Buy
459,2024-05-14T00:00:00+05:30,5130.55,5161.5,5035.0,5140.8,205585,3.5401451072331067,5017.386632524603,4938.987500740203,78.39913178439929,41.105300295865526,126.5,30.949999999999818,95.55000000000018,126.5,130.7607142857142,499040.1,Buy
460,2024-05-15T00:00:00+05:30,5149.55,5164.75,5056.9,5094.85,100333,3.6231073989059954,5029.304073674663,4950.532871055744,78.77120261891923,48.63848076047627,107.85000000000036,23.949999999999818,83.90000000000055,107.85000000000036,134.24999999999994,482963.1,Buy
461,2024-05-16T00:00:00+05:30,5064.15,5150.0,5017.5,5137.75,312988,3.6401006573526873,5045.9880623400995,4964.400806533096,81.5872558070032,55.22823576978166,132.5,55.149999999999636,77.35000000000036,132.5,135.74999999999994,487577.7,Buy
462,2024-05-17T00:00:00+05:30,5139.9,5139.9,5065.0,5086.8,116594,3.570866070573713,5052.266821980084,4973.46741345657,78.7994085235141,59.94247032052815,74.89999999999964,2.149999999999636,72.75,74.89999999999964,136.24285714285705,459871.3,Buy
463,2024-05-18T00:00:00+05:30,5090.15,5114.75,5040.1,5109.95,12234,3.391824144448573,5061.141157060071,4983.5772346820095,77.56392237806176,63.46676073203488,74.64999999999964,27.949999999999818,46.69999999999982,74.64999999999964,138.0321428571427,448791.95,Buy
464,2024-05-21T00:00:00+05:30,5046.0,5191.0,5045.05,5178.1,376474,3.3090313240652938,5079.1348252046755,4997.986328409268,81.14849679540748,67.0031079447094,145.94999999999982,81.05000000000018,64.89999999999964,145.94999999999982,144.1785714285713,451519.4,Buy
465,2024-05-22T00:00:00+05:30,5219.8,5302.5,5195.0,5267.4,748236,3.332236704339713,5108.09869825011,5017.942896675248,90.15580157486147,71.63364667073982,107.5,124.39999999999964,16.899999999999636,124.39999999999964,148.63928571428556,474959.2,Buy
466,2024-05-23T00:00:00+05:30,5261.15,5293.75,5187.9,5281.15,423256,3.3964938418385513,5134.7219754424,5037.439719143748,97.2822562986521,76.76336859632228,105.85000000000036,26.350000000000364,79.5,105.85000000000036,150.9714285714284,475507.9,Buy
467,2024-05-24T00:00:00+05:30,5260.1,5285.15,5219.0,5240.7,268208,3.411309075917742,5151.0262869128,5052.496036244212,98.53025066858845,81.11674501077552,66.14999999999964,4.0,62.149999999999636,66.14999999999964,122.77857142857127,463455.0,Buy
468,2024-05-27T00:00:00+05:30,5265.0,5265.0,5127.25,5209.0,329998,3.2834917950165172,5159.945319695446,5064.088922448344,95.856397247102,84.06467545804082,137.75,24.300000000000182,113.44999999999982,137.75,120.39642857142846,469681.8,Buy
469,2024-05-28T00:00:00+05:30,5209.0,5285.4,5180.55,5250.55,259151,3.0839380884917,5173.884501280762,5077.900854118838,95.98364716192464,86.44846979881758,104.84999999999945,76.39999999999964,28.449999999999818,104.84999999999945,118.98571428571417,475271.25,No Signal
470,2024-05-29T00:00:00+05:30,5202.0,5268.0,5200.0,5229.8,286144,2.772031434482795,5182.486885699107,5089.152642702627,93.33424299647959,87.82562443834999,68.0,17.449999999999818,50.55000000000018,68.0,109.34285714285703,465121.85,No Signal
471,2024-05-30T00:00:00+05:30,5202.1,5242.1,5173.0,5198.55,357619,2.2643257765863343,5184.95813405309,5097.256150650581,87.70198340250954,87.80089623118191,69.10000000000036,12.300000000000182,56.80000000000018,69.10000000000036,103.81785714285706,465169.6,No Signal
472,2024-05-31T00:00:00+05:30,5208.0,5221.0,5110.65,5179.8,651525,1.3624700461795294,5184.164574967999,5103.370509861649,80.79406510634999,86.39953000621553,110.35000000000036,22.449999999999818,87.90000000000055,110.35000000000036,103.48571428571424,484621.2,No Signal
473,2024-06-03T00:00:00+05:30,5300.0,5300.0,5160.0,5167.8,199328,1.278926001755841,5181.646948049845,5108.143064686712,73.50388336313335,83.8204006775991,140.0,120.19999999999982,19.800000000000182,140.0,104.44999999999995,352699.75,No Signal
474,2024-06-04T00:00:00+05:30,5205.55,5414.4,5127.05,5325.1,989039,1.3976577791441582,5203.7166483498695,5124.213948783992,79.50269956587726,82.95686045525474,287.34999999999945,246.59999999999945,40.75,287.34999999999945,117.27142857142846,344348.05,No Signal
475,2024-06-05T00:00:00+05:30,5325.1,5725.0,5325.0,5486.65,1188965,1.840554094512304,5247.2448562960435,5151.061063688881,96.1837926071621,85.60224688563622,400.0,399.89999999999964,0.1000000000003638,400.0,136.37857142857132,387625.6,Buy
476,2024-06-06T00:00:00+05:30,5465.0,5514.1,5311.45,5440.45,629293,2.036868488927617,5276.968724558191,5172.4972811934085,104.47144336478232,89.37608618146544,202.65000000000055,27.450000000000728,175.19999999999982,202.65000000000055,145.50357142857138,400106.9,Buy
477,2024-06-07T00:00:00+05:30,5431.65,5470.0,5395.0,5463.55,226777,2.175137364274256,5305.673536164623,5194.056741845749,111.61679431887478,93.82422780894731,75.0,29.550000000000182,45.44999999999982,75.0,145.5285714285714,400281.3,Buy
478,2024-06-10T00:00:00+05:30,5465.0,5560.75,5406.1,5488.4,306665,2.3576206767085126,5333.785299831604,5215.85994615347,117.92535367813343,98.64445298278454,154.64999999999964,97.19999999999982,57.44999999999982,154.64999999999964,146.14999999999995,399420.6,Buy
479,2024-06-11T00:00:00+05:30,5500.0,5606.75,5500.0,5517.75,476899,2.534688188713629,5362.087561395972,5238.222172364324,123.86538903164819,103.68864019255727,106.75,118.35000000000036,11.600000000000364,118.35000000000036,145.71785714285716,412986.3,Buy
480,2024-06-12T00:00:00+05:30,5550.55,5568.0,5431.0,5439.3,279376,2.5491275284363772,5373.966398104284,5253.116826263264,120.8495718410204,107.1208265222499,137.0,50.25,86.75,137.0,147.94285714285712,421938.45,Buy
481,2024-06-13T00:00:00+05:30,5439.6,5449.95,5341.7,5379.45,434594,2.521677147204072,5374.8100291651635,5262.474839132651,112.3351900325124,108.1636992243024,108.25,10.649999999999636,97.60000000000036,108.25,150.95000000000002,428018.75,Buy
482,2024-06-14T00:00:00+05:30,5397.55,5450.0,5375.6,5393.65,149569,2.368488435485013,5377.708486216677,5272.191517715418,105.51696850125882,107.6343530796937,74.39999999999964,70.55000000000018,3.8499999999994543,74.39999999999964,146.42499999999998,429667.5,Sell
483,2024-06-18T00:00:00+05:30,5419.8,5435.0,5375.3,5395.85,155277,2.2173704065826776,5380.499488337188,5281.351405292054,99.14808304513463,105.93709907278189,59.69999999999982,41.350000000000364,18.349999999999454,59.69999999999982,143.20000000000002,436819.65,Sell
484,2024-06-19T00:00:00+05:30,5416.0,5422.85,5350.0,5360.65,135179,2.1372892982498293,5377.445720900698,5287.22537527042,90.22034563027773,102.79374838428106,72.85000000000036,27.0,45.850000000000364,72.85000000000036,143.5464285714286,424754.9,Sell
485,2024-06-20T00:00:00+05:30,5360.65,5400.0,5319.0,5378.45,296418,2.1153404745337108,5377.600225377513,5293.982754880019,83.61747049749465,98.95849280692379,81.0,39.350000000000364,41.649999999999636,81.0,144.39642857142857,402164.0,Sell
486,2024-06-21T00:00:00+05:30,5369.1,5389.85,5317.5,5330.3,244120,2.1186788124213285,5370.323267627126,5296.6729211852025,73.65034644192383,93.8968635339238,72.35000000000036,11.400000000000546,60.94999999999982,72.35000000000036,141.68214285714288,393207.2,Sell
487,2024-06-24T00:00:00+05:30,5315.0,5330.0,5250.0,5297.75,463385,2.0932121427550556,5359.1581495306455,5296.752704801113,62.405444729532064,87.59857977304546,80.0,0.3000000000001819,80.30000000000018,80.30000000000018,137.41785714285717,402966.05,Sell
488,2024-06-25T00:00:00+05:30,5297.8,5370.0,5289.2,5352.05,160890,1.9815968282823646,5358.064588064392,5300.848800741772,57.2157873226206,81.5220212829605,80.80000000000018,72.25,8.550000000000182,80.80000000000018,122.6642857142858,394510.65,No Signal
489,2024-06-26T00:00:00+05:30,5352.05,5434.55,5319.05,5421.7,221391,1.9214520969107185,5367.854651439101,5309.800741427566,58.053910011534754,76.82839902867535,115.5,82.5,33.0,115.5,102.34285714285723,392622.65,No Signal
490,2024-06-27T00:00:00+05:30,5388.8,5450.0,5382.15,5430.3,357573,1.84749570907314,5377.461628140778,5318.726612432932,58.73501570784629,73.20972236450955,67.85000000000036,28.300000000000182,39.55000000000018,67.85000000000036,92.71428571428578,396194.1,No Signal
491,2024-06-28T00:00:00+05:30,5435.0,5490.0,5416.25,5475.55,215576,1.7164404105890227,5392.552146888351,5330.343159660122,62.20898722822858,71.00957533725335,73.75,59.69999999999982,14.050000000000182,73.75,92.62500000000007,389091.95,No Signal
492,2024-07-01T00:00:00+05:30,5475.05,5489.15,5431.05,5476.5,223560,1.504378132635391,5405.46720121322,5341.169592277891,64.29760893532875,69.66718205686844,58.099999999999454,13.599999999999454,44.5,58.099999999999454,85.72857142857148,367693.7,No Signal
493,2024-07-02T00:00:00+05:30,5500.0,5500.0,5384.3,5401.65,163333,1.1382134530415047,5404.879939488109,5345.649622479528,59.23031700858064,67.57980904721089,115.69999999999982,23.5,92.19999999999982,115.69999999999982,85.53928571428573,365893.95,No Signal
494,2024-07-03T00:00:00+05:30,5421.75,5498.0,5389.8,5449.1,211361,1.0708278064338295,5411.6830257207075,5353.312613406971,58.37041231373678,65.73792970051608,108.19999999999982,96.35000000000036,11.849999999999454,108.19999999999982,83.48214285714286,327010.05,No Signal
495,2024-07-04T00:00:00+05:30,5454.95,5487.35,5397.55,5426.25,138170,1.0354326550916222,5413.924098686753,5358.715382784232,55.20871590252045,63.632086940916956,89.80000000000018,38.25,51.55000000000018,89.80000000000018,82.16428571428573,274470.3,No Signal
496,2024-07-05T00:00:00+05:30,5445.95,5554.5,5433.95,5546.8,172330,1.1397544577863394,5434.366545042637,5372.647576652067,61.7189683905699,63.249463230847546,120.55000000000018,128.25,7.699999999999818,128.25,86.01071428571433,251622.15,No Signal
497,2024-07-08T00:00:00+05:30,5555.0,5615.95,5534.05,5568.55,171210,1.2717928639745923,5455.010153497616,5387.158867270433,67.85128622718275,64.16982783011458,81.89999999999964,69.14999999999964,12.75,81.89999999999964,87.5964285714286,248843.8,No Signal
498,2024-07-09T00:00:00+05:30,5700.0,5705.0,5583.05,5668.85,389812,1.5598836499474953,5487.908591421059,5408.0248771022525,79.8837143188066,67.31260512785299,121.94999999999982,136.44999999999982,14.5,136.44999999999982,92.1392857142857,253001.15,No Signal
499,2024-07-10T00:00:00+05:30,5670.05,5800.0,5670.05,5755.55,526095,1.9584069459657218,5529.0841927408965,5433.767478798382,95.31671394251407,72.91342689078522,129.94999999999982,131.14999999999964,1.199999999999818,131.14999999999964,95.72142857142853,255460.95,No Signal
500,2024-07-11T00:00:00+05:30,5800.0,5805.0,5720.0,5761.3,372798,2.303631912303587,5564.80970154999,5458.02914703554,106.78055451445016,79.68685241551822,85.0,49.44999999999982,35.55000000000018,85.0,96.62499999999993,260132.05,No Signal
501,2024-07-12T00:00:00+05:30,5780.0,5805.0,5713.2,5787.05,222315,2.581289378307403,5599.0005166961455,5482.401062069944,116.5994546262018,87.06937285765494,91.80000000000018,43.69999999999982,48.100000000000364,91.80000000000018,97.44642857142851,249518.1,No Signal
502,2024-07-15T00:00:00+05:30,5807.0,5847.75,5788.0,5809.7,135374,2.8292219582130422,5631.415821819815,5506.645427842541,124.77039397727458,94.60957708157888,59.75,60.69999999999982,0.9499999999998181,60.69999999999982,96.0107142857142,248808.35,No Signal
503,2024-07-16T00:00:00+05:30,5812.0,5880.0,5770.1,5862.35,162459,3.0777067100802475,5666.944156924459,5532.993914669019,133.95024225543966,102.47771011635103,109.89999999999964,70.30000000000018,39.599999999999454,109.89999999999964,95.61071428571417,249167.45,No Signal
504,2024-07-18T00:00:00+05:30,5846.55,5920.0,5820.0,5871.5,523157,3.2583833761848426,5698.414286628388,5558.068439508352,140.34584712003652,110.05133751708814,100.0,57.649999999999636,42.350000000000364,100.0,97.90714285714272,268566.35,No Signal
505,2024-07-19T00:00:00+05:30,5850.0,5978.0,5846.65,5877.95,451294,3.3969955207042677,5726.035165608636,5581.76336991514,144.27179569349573,116.89542915236967,131.35000000000036,106.5,24.850000000000364,131.35000000000036,102.02142857142846,276310.15,Buy
506,2024-07-22T00:00:00+05:30,5877.95,5933.7,5842.0,5887.85,347520,3.432464924960283,5750.929755515,5604.43645362513,146.49330188987005,122.81500369986976,91.69999999999982,55.75,35.94999999999982,91.69999999999982,104.42142857142848,281480.15,Buy
507,2024-07-23T00:00:00+05:30,5887.85,6005.0,5840.6,5944.75,336696,3.3958110281552933,5780.748254666538,5629.644864467713,151.10339019882485,128.47268099966078,164.39999999999964,117.14999999999964,47.25,164.39999999999964,107.89999999999989,275145.7,Buy
508,2024-07-24T00:00:00+05:30,5949.4,5974.4,5815.0,5829.5,233649,3.3325282395211784,5788.248523179378,5644.4489485812155,143.7995745981625,131.53805971936114,159.39999999999964,29.649999999999636,129.75,159.39999999999964,111.55714285714274,278783.65,Buy
509,2024-07-25T00:00:00+05:30,5824.9,5865.0,5801.7,5829.6,303638,3.2417914936312813,5794.610288844089,5658.163841278903,136.44644756518574,132.51973728852607,63.30000000000018,35.5,27.800000000000182,63.30000000000018,109.6642857142856,282896.0,Buy
510,2024-07-26T00:00:00+05:30,5830.0,5882.65,5813.1,5872.8,146736,3.127394116130576,5806.639475175768,5674.062815998985,132.57665917678332,132.53112166617754,69.54999999999927,53.04999999999927,16.5,69.54999999999927,105.4714285714284,272354.15,Buy
511,2024-07-29T00:00:00+05:30,5898.0,5957.6,5840.05,5897.6,129350,3.053913478672966,5820.633402071804,5690.621125924986,130.0122761468183,132.0273525623057,117.55000000000018,84.80000000000018,32.75,117.55000000000018,108.01785714285701,268042.85,Sell
512,2024-07-30T00:00:00+05:30,5898.4,5989.4,5831.3,5842.2,191681,2.9404681369744936,5823.951340214603,5701.849190671283,122.10214954331968,130.04231195850852,158.09999999999945,91.79999999999927,66.30000000000018,158.09999999999945,109.56428571428556,266448.9,Sell
513,2024-07-31T00:00:00+05:30,5897.0,5897.0,5770.15,5784.45,271796,2.6230136008599585,5817.8742109508175,5707.9677691400775,109.90644181074003,126.01513792895483,126.85000000000036,54.80000000000018,72.05000000000018,126.85000000000036,109.25714285714275,271872.05,Sell
514,2024-08-01T00:00:00+05:30,5784.45,5839.9,5700.0,5730.15,304411,2.3193997491511573,5804.378178496846,5709.610897351924,94.76728114492198,119.76556657214826,139.89999999999964,55.44999999999982,84.44999999999982,139.89999999999964,113.1785714285713,276524.55,Sell
515,2024-08-02T00:00:00+05:30,5708.05,5808.0,5630.3,5720.35,406998,1.8423811407317046,5791.450766420408,5710.406386436966,81.04437998344201,112.02132925440702,177.69999999999982,77.85000000000036,99.84999999999945,177.69999999999982,119.31428571428556,289965.95,Sell
516,2024-08-05T00:00:00+05:30,5709.95,5842.95,5650.05,5697.9,1114298,1.6029261925714005,5777.058340817269,5709.479987441636,67.57835337563301,103.13273407865222,192.89999999999964,122.59999999999945,70.30000000000018,192.89999999999964,128.7571428571427,337064.35,Sell
517,2024-08-06T00:00:00+05:30,5724.55,5921.0,5710.15,5854.5,727869,1.2625462736005626,5788.972442229997,5720.222210594107,68.75023163588958,96.2562335900997,210.85000000000036,223.10000000000036,12.25,223.10000000000036,136.842857142857,364897.3,Sell
518,2024-08-07T00:00:00+05:30,5890.2,5924.8,5809.05,5836.8,314935,1.1238025513109624,5796.330528040767,5728.857602401951,67.47292563881547,90.49957199984286,115.75,70.30000000000018,45.44999999999982,115.75,137.967857142857,361153.45,Sell
519,2024-08-08T00:00:00+05:30,5844.75,5861.95,5725.0,5744.65,271628,1.1527872974448283,5788.379677572956,5730.027409631436,58.35226794152004,84.0701111881783,136.94999999999982,25.149999999999636,111.80000000000018,136.94999999999982,138.367857142857,348430.1,Sell
520,2024-08-09T00:00:00+05:30,5770.4,5785.55,5720.0,5740.3,232215,1.1740718966032226,5780.982804100194,5730.78834225133,50.194461848864194,77.29498132031549,65.55000000000018,40.900000000000546,24.649999999999636,65.55000000000018,136.49999999999986,341400.95,Sell
521,2024-08-12T00:00:00+05:30,5745.0,5774.5,5625.0,5645.75,622193,1.3773418026151587,5760.177757315549,5724.489205788268,35.68855152728065,68.97369536170852,149.5,34.19999999999982,115.30000000000018,149.5,135.43571428571417,361394.85,Sell
522,2024-08-13T00:00:00+05:30,5678.95,5714.95,5617.05,5666.5,236505,1.4909263068547276,5745.765794651618,5720.193709063211,25.57208558840739,60.2933734070483,97.89999999999964,69.19999999999982,28.699999999999818,97.89999999999964,131.04285714285703,366451.4,Sell
523,2024-08-14T00:00:00+05:30,5676.0,5695.2,5594.15,5659.15,164575,1.582009228723303,5732.4402877821385,5715.671952836306,16.768334945832066,51.58836571480506,101.05000000000018,28.699999999999818,72.35000000000036,101.05000000000018,133.73928571428561,366557.2,Sell
524,2024-08-16T00:00:00+05:30,5670.5,5742.45,5662.5,5729.65,144969,1.551723243866273,5732.0110127387325,5716.7073637373205,15.30364900141194,44.33142237212644,79.94999999999982,83.30000000000018,3.350000000000364,83.30000000000018,134.72142857142853,347647.8,Sell
525,2024-08-19T00:00:00+05:30,5745.0,5763.25,5718.1,5732.5,102452,1.5217767664340982,5732.086241548158,5717.877188645667,14.20905290249084,38.306948478199324,45.149999999999636,33.600000000000364,11.549999999999272,45.149999999999636,129.54999999999993,330205.7,Sell
526,2024-08-20T00:00:00+05:30,5740.45,5773.8,5728.25,5765.8,189035,1.4510191714816654,5737.2729736176725,5721.427026523766,15.845947093906943,33.81474820134085,45.55000000000018,41.30000000000018,4.25,45.55000000000018,121.51071428571426,322281.45,No Signal
527,2024-08-21T00:00:00+05:30,5773.8,5849.9,5756.5,5837.35,169215,1.2900973657223016,5752.669439214954,5730.013913447931,22.655525767022482,31.582903714477176,93.39999999999964,84.09999999999945,9.300000000000182,93.39999999999964,119.1214285714285,313907.4,No Signal
528,2024-08-22T00:00:00+05:30,5858.0,5858.0,5808.65,5836.8,160154,1.2956350076790155,5765.612602412653,5737.92399393327,27.68860847938322,30.80404466745839,49.350000000000364,20.649999999999636,28.700000000000728,49.350000000000364,112.6535714285714,310232.65,No Signal
529,2024-08-23T00:00:00+05:30,5837.0,5850.0,5784.35,5792.65,124435,1.2872657944815205,5769.772202041476,5741.977772160435,27.79442988104074,30.20212171017486,65.64999999999964,13.199999999999818,52.44999999999982,65.64999999999964,104.64999999999996,301272.5,No Signal
530,2024-08-26T00:00:00+05:30,5800.0,5860.0,5776.25,5796.95,265107,1.222501094152283,5773.953401727403,5746.04978903744,27.903612689962756,29.74241990613244,83.75,67.35000000000036,16.399999999999636,83.75,96.85357142857141,307191.05,No Signal
531,2024-08-27T00:00:00+05:30,5828.8,5845.4,5735.0,5764.3,175740,1.1051905394183505,5772.46826300011,5747.401656516148,25.06660648396155,28.807257221698265,110.39999999999964,48.44999999999982,61.94999999999982,110.39999999999964,88.80357142857136,309510.55,No Signal
532,2024-08-28T00:00:00+05:30,5746.55,5775.4,5690.05,5703.35,161445,1.0816228621658384,5761.834684077016,5744.138570848286,17.69611322873061,26.585028423104735,85.34999999999945,11.099999999999454,74.25,85.34999999999945,86.63214285714275,307998.75,No Signal
533,2024-08-29T00:00:00+05:30,5710.0,5845.0,5696.15,5831.4,351330,1.0948404958959375,5772.53704037286,5750.602380415079,21.93465995778115,25.654954730040018,148.85000000000036,141.64999999999964,7.200000000000728,148.85000000000036,87.48214285714279,311975.45,No Signal
534,2024-08-30T00:00:00+05:30,5842.95,5908.9,5793.25,5855.25,519387,1.1507641436067153,5785.262111084728,5758.354055939888,26.908055144839636,25.905574812999944,115.64999999999964,77.5,38.149999999999636,115.64999999999964,91.06071428571418,322724.25,No Signal
535,2024-09-02T00:00:00+05:30,5882.05,5933.95,5865.0,5922.15,307023,1.2772326022641844,5806.321786302462,5770.48708883323,35.8346974692322,27.891399344246395,68.94999999999982,78.69999999999982,9.75,78.69999999999982,86.0035714285713,317725.5,No Signal
536,2024-09-03T00:00:00+05:30,5933.0,5944.0,5870.0,5916.05,258133,1.355361430310803,5823.203049948237,5781.269526697435,41.933523250801954,30.69982412555751,74.0,21.850000000000364,52.149999999999636,74.0,84.29642857142848,274917.25,No Signal
537,2024-09-04T00:00:00+05:30,5849.95,5935.35,5828.0,5926.55,219283,1.435906060202249,5839.102580725432,5792.031043238366,47.07153748706605,33.97416679785922,107.35000000000036,19.300000000000182,88.05000000000018,107.35000000000036,84.7464285714285,249487.95,No Signal
538,2024-09-05T00:00:00+05:30,5911.75,5920.0,5833.3,5850.0,170014,1.462749848506812,5840.779106767673,5796.325040035524,44.45406673214893,36.07014678471716,86.69999999999982,6.550000000000182,93.25,93.25,85.45714285714277,242241.9,No Signal
539,2024-09-06T00:00:00+05:30,5846.7,5884.8,5827.1,5843.55,213556,1.4703611494601203,5841.205398034184,5799.823185218078,41.3822128161064,37.13255999099501,57.69999999999982,34.80000000000018,22.899999999999636,57.69999999999982,86.35357142857136,239338.3,No Signal
540,2024-09-09T00:00:00+05:30,5859.95,5961.2,5846.2,5939.45,321187,1.5345192247723989,5856.319952182771,5810.165912238961,46.15403994380995,38.936855981558004,115.0,117.64999999999964,2.649999999999636,117.64999999999964,91.5035714285713,243786.9,No Signal
541,2024-09-10T00:00:00+05:30,5980.05,6010.0,5930.05,5969.9,337831,1.5234396477684062,5873.793805693113,5821.998066887927,51.795738805186375,41.50863254628368,79.94999999999982,70.55000000000018,9.399999999999636,79.94999999999982,90.54285714285705,229568.8,No Signal
542,2024-09-11T00:00:00+05:30,5953.05,6047.05,5947.25,6008.65,437060,1.5528356361624582,5894.5409125095575,5835.82413600734,58.716776502217726,44.950261337470494,99.80000000000018,77.15000000000055,22.649999999999636,99.80000000000018,94.14642857142846,239596.55,No Signal
543,2024-09-12T00:00:00+05:30,6018.65,6128.7,6004.7,6109.25,548745,1.681080407429312,5927.573079815779,5856.077903710499,71.49517610527982,50.25924429103236,124.0,120.05000000000018,3.949999999999818,124.0,98.31428571428562,258805.05,No Signal
544,2024-09-13T00:00:00+05:30,6138.0,6148.8,6057.35,6133.1,274846,1.8800811244440108,5959.192605997967,5876.598058991203,82.5945470067636,56.72630483417861,91.44999999999982,39.55000000000018,51.899999999999636,91.44999999999982,98.86428571428561,265298.9,Buy
545,2024-09-16T00:00:00+05:30,6000.0,6130.0,5936.8,6063.0,352336,1.9332513379965448,5975.162974305972,5890.40561017704,84.75736412893184,62.332516693129264,193.19999999999982,3.100000000000364,196.30000000000018,196.30000000000018,104.99999999999993,277793.1,Buy
546,2024-09-17T00:00:00+05:30,6073.45,6204.65,6069.15,6111.05,527917,2.0085564542617997,5996.068670566592,5906.749639052815,89.31903151377719,67.72981965725886,135.5,141.64999999999964,6.149999999999636,141.64999999999964,109.02142857142852,294737.2,Buy
547,2024-09-18T00:00:00+05:30,6135.0,6166.55,6060.05,6123.25,218424,2.1262217271837334,6015.635028940963,5922.78670282668,92.84832611428283,72.75352094866366,106.5,55.5,51.0,106.5,105.9964285714285,297197.65,Buy
548,2024-09-19T00:00:00+05:30,6128.9,6225.0,6113.65,6134.5,362388,2.2245707021117176,6033.92194756543,5938.469169283963,95.45277828146664,77.29337241522427,111.35000000000036,101.75,9.600000000000364,111.35000000000036,105.68928571428569,307309.35,Buy
549,2024-09-20T00:00:00+05:30,6165.35,6258.65,6125.85,6210.55,663556,2.326986706067848,6061.095494093825,5958.623304892559,102.4721892012667,82.32913577243276,132.79999999999927,124.14999999999964,8.649999999999636,132.79999999999927,109.55357142857136,334265.4,Buy
550,2024-09-23T00:00:00+05:30,6235.25,6250.0,6190.8,6211.2,312563,2.405811457817252,6084.188495002468,5977.332689715332,106.85580528713581,87.23446967537338,59.19999999999982,39.44999999999982,19.75,59.19999999999982,108.4964285714285,336638.2,Buy
551,2024-09-24T00:00:00+05:30,6200.75,6245.9,6185.05,6203.15,234706,2.387480179427124,6102.490265002088,5994.059897884566,108.4303671175212,91.47364916380295,60.849999999999454,34.69999999999982,26.149999999999636,60.849999999999454,105.17499999999986,339586.5,Buy
552,2024-09-25T00:00:00+05:30,6203.0,6203.0,6101.55,6180.3,357145,2.1858537673303147,6114.460993463305,6007.855461004228,106.60553245907704,94.50002582285776,101.44999999999982,0.1499999999996362,101.59999999999945,101.59999999999945,105.77142857142839,349371.5,Buy
553,2024-09-26T00:00:00+05:30,6200.0,6270.4,6154.35,6254.1,327297,2.173362884120877,6135.943917545874,6026.095797226138,109.84812031973615,97.56964472223345,116.04999999999927,90.09999999999945,25.949999999999818,116.04999999999927,109.93928571428549,348169.85,Buy
554,2024-09-27T00:00:00+05:30,6237.7,6332.95,6180.8,6268.8,400543,2.177026407861555,6156.383314846508,6044.073886320498,112.30942852601038,100.51760148298884,152.14999999999964,78.84999999999945,73.30000000000018,152.14999999999964,112.40357142857121,342227.65,Buy
555,2024-09-30T00:00:00+05:30,6252.65,6362.9,6241.1,6338.15,442617,2.278219679970601,6184.347420254738,6065.857302148609,118.49011810612865,104.1121048076168,121.79999999999927,94.09999999999945,27.699999999999818,121.79999999999927,115.39285714285688,349007.35,Buy
556,2024-10-01T00:00:00+05:30,6306.9,6463.6,6306.9,6446.05,416639,2.462970773647987,6224.609355600162,6094.019724211675,130.58963138848776,109.407610123791,156.70000000000073,125.45000000000073,31.25,156.70000000000073,119.45714285714264,356932.65,Buy
557,2024-10-03T00:00:00+05:30,6444.2,6469.9,6290.0,6331.75,495791,2.5133492836199793,6241.092531661676,6111.629374270069,129.46315739160673,113.41871957735415,179.89999999999964,23.849999999999454,156.05000000000018,179.89999999999964,123.44999999999975,370758.05,Buy
558,2024-10-04T00:00:00+05:30,6278.25,6339.95,6179.85,6206.0,395753,2.3309567443644914,6235.693680636803,6118.619790990805,117.07388964599795,114.14975359108291,160.09999999999945,8.199999999999818,151.89999999999964,160.09999999999945,128.35357142857114,382045.0,Buy
559,2024-10-07T00:00:00+05:30,6222.65,6235.0,6105.0,6120.3,374593,2.0475096159999624,6217.94080669268,6118.7442509174125,99.19655577526737,111.15911402791981,130.0,29.0,101.0,130.0,123.61785714285686,390096.85,Sell
560,2024-10-08T00:00:00+05:30,6137.7,6234.8,6052.05,6204.4,708471,1.8260480641579535,6215.857605663036,6125.089121219827,90.76848444320967,107.08098811097778,182.75,114.5,68.25,182.75,126.55357142857117,409461.05,Sell
561,2024-10-09T00:00:00+05:30,6158.65,6185.0,6070.05,6097.25,551094,1.7053626899332996,6197.610281714877,6123.026964092432,74.58331762244507,100.58145401327124,114.94999999999982,19.399999999999636,134.34999999999945,134.34999999999945,128.54285714285683,420124.2,Sell
562,2024-10-10T00:00:00+05:30,6127.0,6159.85,5980.05,6002.15,287475,1.7423405115895378,6167.539469143358,6114.0731149004,53.466354242958005,91.1584340592086,179.80000000000018,62.600000000000364,117.19999999999982,179.80000000000018,133.43214285714254,412644.95,Sell
563,2024-10-11T00:00:00+05:30,6030.55,6039.5,5961.1,5978.5,94953,1.897353637662736,6138.456473890534,6104.030661944815,34.42581194571903,79.81190963651069,78.39999999999964,37.350000000000364,41.04999999999927,78.39999999999964,129.5464285714283,389955.35,Sell
564,2024-10-14T00:00:00+05:30,6005.1,6024.3,5900.0,5978.05,219597,2.038392513264892,6113.778554830452,6094.698761060014,19.0797937704383,67.66548646329622,124.30000000000018,45.80000000000018,78.5,124.30000000000018,134.1964285714283,387192.9,Sell
565,2024-10-15T00:00:00+05:30,6016.35,6082.95,5986.95,6068.7,426219,2.0035820322035436,6106.843392548843,6092.77292690742,14.070465641423652,56.94648229892171,96.0,104.89999999999964,8.899999999999636,104.89999999999964,137.3428571428569,390887.05,Sell
566,2024-10-16T00:00:00+05:30,6065.0,6114.0,6021.15,6090.1,276677,2.007280123468313,6104.267486002867,6092.574932321685,11.69255368118229,47.895696575373826,92.85000000000036,45.30000000000018,47.55000000000018,92.85000000000036,136.71785714285696,378325.05,Sell
567,2024-10-17T00:00:00+05:30,6090.1,6095.9,5966.25,5988.5,188121,2.148128924907755,6086.457103540888,6084.865678075635,1.591425465253451,38.634842353349754,129.64999999999964,5.799999999999272,123.85000000000036,129.64999999999964,137.68928571428555,376809.9,Sell
568,2024-10-18T00:00:00+05:30,5984.95,5998.0,5870.0,5887.2,354901,2.427069130498581,6055.802164534598,6070.223775995958,-14.421611461360044,28.023551590407795,128.0,9.5,118.5,128.0,135.96428571428558,376435.55,Sell
569,2024-10-21T00:00:00+05:30,5887.2,5895.5,5762.6,5778.3,296733,2.851671597141266,6013.109523836967,6048.5997925888505,-35.49026875188338,15.320787521949562,132.89999999999964,8.300000000000182,124.59999999999945,132.89999999999964,136.75714285714275,358094.4,Sell
570,2024-10-22T00:00:00+05:30,5787.4,5804.0,5711.8,5727.0,320607,3.258254700720389,5969.092674015896,6024.777585730417,-55.68491171452115,1.1196476746554194,92.19999999999982,25.699999999999818,66.5,92.19999999999982,132.14999999999984,358496.6,Sell
571,2024-10-23T00:00:00+05:30,5698.6,5797.6,5690.05,5748.85,123095,3.5033112607719588,5935.209185705758,6004.338505305942,-69.12931960018432,-12.930145780312529,107.55000000000018,70.60000000000036,36.94999999999982,107.55000000000018,126.98214285714273,352916.05,Sell
572,2024-10-24T00:00:00+05:30,5750.85,5780.5,5601.6,5612.4,269803,4.022775077429285,5885.546234058718,5975.306023431428,-89.75978937270975,-28.296074498791974,178.89999999999964,31.649999999999636,147.25,178.89999999999964,128.32499999999987,348548.95,Sell
573,2024-10-25T00:00:00+05:30,5612.4,5706.45,5610.0,5669.4,176680,4.170140257226006,5852.292967280454,5952.646317992063,-100.35335071160898,-42.70752974135538,96.44999999999982,94.05000000000018,2.399999999999636,96.44999999999982,125.9285714285713,341018.1,No Signal
574,2024-10-28T00:00:00+05:30,5677.0,5779.0,5669.4,5722.3,131887,4.169430146744455,5832.294049237307,5935.583627770428,-103.28957853312113,-54.82393949970853,109.60000000000036,109.60000000000036,0.0,109.60000000000036,120.70357142857132,327585.3,No Signal
575,2024-10-29T00:00:00+05:30,5730.8,5759.9,5611.05,5667.5,204751,4.157675551786089,5806.941118585414,5915.725581268915,-108.78446268350126,-65.61604413646708,148.84999999999945,37.599999999999454,111.25,148.84999999999945,121.73928571428561,315692.0,No Signal
576,2024-10-30T00:00:00+05:30,5666.6,5799.0,5641.6,5782.5,218180,3.6285809618386295,5803.18094649535,5905.857019693441,-102.67607319809031,-73.02804994879173,157.39999999999964,131.5,25.899999999999636,157.39999999999964,120.13928571428558,305769.05,No Signal
577,2024-10-31T00:00:00+05:30,5779.0,5781.0,5708.0,5726.9,208893,3.355763311757781,5791.445416265296,5892.600944160593,-101.15552789529647,-78.65354553809269,73.0,1.5,74.5,74.5,119.86071428571417,291424.15,No Signal
578,2024-11-01T00:00:00+05:30,5768.55,5768.55,5652.05,5693.05,31706,3.2254702487467632,5776.307659916789,5877.819392741289,-101.51173282450054,-83.22518299537425,116.5,41.650000000000546,74.84999999999945,116.5,119.3035714285713,273221.8,No Signal
579,2024-11-04T00:00:00+05:30,5685.0,5698.95,5541.85,5625.2,249780,3.244232473113775,5753.060327621898,5859.106845130824,-106.04651750892572,-87.78944989808456,157.09999999999945,5.899999999999636,151.19999999999982,157.09999999999945,123.03214285714272,266981.15,No Signal
580,2024-11-05T00:00:00+05:30,5634.15,5669.0,5584.55,5605.1,185870,3.041202150790799,5730.297200295452,5840.291523269281,-109.99432297382918,-92.23042451323349,84.44999999999982,43.80000000000018,40.649999999999636,84.44999999999982,122.43214285714268,240851.1,No Signal
581,2024-11-06T00:00:00+05:30,5636.3,5719.0,5608.05,5694.9,233799,2.804758997714837,5724.851477173075,5829.52178080489,-104.67030363181493,-94.71840033694978,110.94999999999982,113.89999999999964,2.949999999999818,113.89999999999964,121.30714285714268,224986.35,No Signal
582,2024-11-07T00:00:00+05:30,5710.0,5713.7,5606.0,5688.9,284538,2.7135574105794666,5719.32048068491,5819.10535259712,-99.78487191221029,-95.73169465200189,107.69999999999982,18.800000000000182,88.89999999999964,107.69999999999982,119.85714285714266,224839.5,No Signal
583,2024-11-08T00:00:00+05:30,5682.2,5792.85,5641.55,5747.15,306281,2.5711358176956054,5723.601945194924,5813.775326478815,-90.1733812838911,-94.62003197837974,151.30000000000018,103.95000000000073,47.349999999999454,151.30000000000018,121.17142857142842,235405.9,No Signal
584,2024-11-11T00:00:00+05:30,5801.65,5902.15,5401.15,5434.65,804824,2.9088155702394825,5679.14779978032,5785.691968961866,-106.54416918154584,-97.00485941901297,501.0,155.0,346.0,501.0,150.37142857142842,264667.25,Sell
585,2024-11-12T00:00:00+05:30,5420.0,5426.9,5005.0,5027.55,2441209,4.173928917064919,5578.901984429502,5729.533304594321,-150.63132016481904,-107.7301515681742,421.89999999999964,7.75,429.64999999999964,429.64999999999964,173.37857142857123,365416.75,Sell
586,2024-11-13T00:00:00+05:30,5009.0,5087.6,4938.45,5046.5,928244,4.654947629845233,5496.993986824963,5678.938244994742,-181.94425816977855,-122.57297288849507,149.15000000000055,60.05000000000018,89.10000000000036,149.15000000000055,171.25357142857132,397995.1,Sell
587,2024-11-14T00:00:00+05:30,5046.5,5050.5,4901.0,4915.6,479979,5.526438822551502,5407.548758082661,5622.394671291428,-214.84591320876643,-141.02756095254935,149.5,4.0,145.5,149.5,175.04285714285703,412588.0,Sell
588,2024-11-18T00:00:00+05:30,4970.0,4970.0,4791.65,4911.35,439087,6.138367557568863,5331.210487608406,5569.7246956402105,-238.51420803180463,-160.5248903684004,178.35000000000036,54.399999999999636,123.95000000000073,178.35000000000036,179.95357142857134,416797.3,Sell
589,2024-11-19T00:00:00+05:30,4924.95,4951.35,4878.6,4892.7,436205,6.7169687792682105,5263.747335668651,5519.57471818538,-255.8273825167289,-179.5853887980661,72.75,40.0,32.75,72.75,174.51785714285708,423770.9,Sell
590,2024-11-21T00:00:00+05:30,4875.0,4885.0,4746.9,4803.35,1036549,7.456997151912839,5192.916976335013,5466.521035356834,-273.60405902182083,-198.38912284281707,138.10000000000036,7.699999999999818,145.80000000000018,145.80000000000018,173.6892857142857,459568.0,Sell
591,2024-11-22T00:00:00+05:30,4789.05,4871.0,4765.6,4848.35,410476,7.733607593047324,5139.906672283472,5420.730588293364,-280.82391600989195,-214.87608147623206,105.39999999999964,67.64999999999964,37.75,105.39999999999964,175.89642857142852,473937.05,Sell
592,2024-11-25T00:00:00+05:30,4905.0,4980.0,4874.0,4903.95,722912,7.904917330998973,5103.6056457783225,5382.450544716078,-278.8448989377557,-227.6698449685368,106.0,131.64999999999964,25.649999999999636,131.64999999999964,176.97857142857134,496592.5,Sell
593,2024-11-26T00:00:00+05:30,4903.95,5030.3,4892.95,5013.6,314200,7.7541114906982065,5089.758623350888,5355.128282144517,-265.36965879362833,-235.20980773355512,137.35000000000036,126.35000000000036,11.0,137.35000000000036,175.56785714285712,503468.5,Sell
594,2024-11-27T00:00:00+05:30,5013.6,5025.0,4941.0,4984.15,255840,7.7312069906785945,5073.511142835367,5327.648409393071,-254.1372665577046,-238.99529949838504,84.0,11.399999999999636,72.60000000000036,84.0,175.53571428571428,509666.15,Sell
595,2024-11-28T00:00:00+05:30,4986.6,5012.55,4891.15,4923.65,321308,7.798248917981203,5050.455582399156,5297.722601289881,-247.267018890725,-240.64964337685305,121.40000000000055,28.400000000000546,93.0,121.40000000000055,176.07142857142864,515494.0,Sell
596,2024-11-29T00:00:00+05:30,4880.0,4955.95,4880.0,4941.15,212644,7.486749821102556,5033.639338953132,5271.309816009149,-237.67047705601635,-240.05381011268574,75.94999999999982,32.30000000000018,43.649999999999636,75.94999999999982,173.8035714285715,515217.2,Buy
597,2024-12-02T00:00:00+05:30,4930.5,4959.0,4866.2,4907.25,314800,7.257135232546805,5014.194825268035,5244.342422230693,-230.1475969626581,-238.07256748268023,92.80000000000018,17.850000000000364,74.94999999999982,92.80000000000018,169.62500000000006,520512.55,Buy
598,2024-12-03T00:00:00+05:30,4899.55,4919.8,4875.85,4909.6,289449,6.914363188500021,4998.103313688337,5219.546687250642,-221.44337356230517,-234.74672869860524,43.94999999999982,12.550000000000182,31.399999999999636,43.94999999999982,136.97857142857148,533399.7,No Signal
599,2024-12-04T00:00:00+05:30,4916.45,4973.9,4841.0,4851.55,392107,6.702921351466565,4975.556650043977,5192.287673380224,-216.73102333624684,-231.14358762613358,132.89999999999964,64.29999999999927,68.60000000000036,132.89999999999964,115.78214285714292,540516.05,No Signal
600,2024-12-05T00:00:00+05:30,4860.0,4893.0,4805.6,4872.0,526114,6.287725312471714,4959.624857729519,5168.5626605372445,-208.93780280772535,-226.70243066245195,87.39999999999964,41.44999999999982,45.94999999999982,87.39999999999964,111.37142857142855,557528.25,No Signal
601,2024-12-06T00:00:00+05:30,4872.0,4906.7,4840.0,4870.85,236965,5.555889184195827,4945.967187309593,5146.509870867819,-200.5426835582257,-221.4704812416067,66.69999999999982,34.69999999999982,32.0,66.69999999999982,105.45714285714283,557686.55,No Signal
602,2024-12-09T00:00:00+05:30,4844.95,4855.9,4750.05,4793.0,467154,4.699129904150339,4922.433773877348,5120.323954507239,-197.8901806298909,-216.75442111926355,105.84999999999945,14.950000000000728,120.80000000000018,120.80000000000018,101.34642857142853,566817.35,No Signal
603,2024-12-10T00:00:00+05:30,4799.85,4829.95,4783.05,4787.25,264213,2.8999992650617727,4901.6362702039105,5095.651809728925,-194.0155395250149,-212.20664480041384,46.899999999999636,36.94999999999982,9.949999999999818,46.899999999999636,99.49999999999993,564713.95,No Signal
604,2024-12-10T00:00:00+05:30,4799.85,4829.95,4783.05,4787.25,264213,1.6138890802833923,4884.038382480232,5072.807231230487,-188.76884875025462,-207.51908559038202,46.899999999999636,42.69999999999982,4.199999999999818,46.899999999999636,92.43571428571418,537683.4,No Signal
605,2024-12-11T00:00:00+05:30,4808.0,4915.0,4793.25,4889.5,358246,1.4550898319398902,4884.878631329427,5059.228917806006,-174.35028647657964,-200.88532576762157,121.75,127.75,6.0,127.75,94.03214285714277,433535.25,No Signal
606,2024-12-12T00:00:00+05:30,4900.0,4908.95,4810.0,4828.35,406271,1.2947232057440234,4876.181918817208,5042.126775746302,-165.94485692909439,-193.89723199991613,98.94999999999982,19.449999999999818,79.5,98.94999999999982,91.69642857142851,407436.6,No Signal
607,2024-12-13T00:00:00+05:30,4824.0,4863.1,4773.0,4850.1,284721,1.285769437828991,4872.169315922252,5027.902570135465,-155.7332542132126,-186.26443644257543,90.10000000000036,34.75,55.350000000000364,90.10000000000036,88.32142857142851,397673.7,No Signal
608,2024-12-16T00:00:00+05:30,4869.0,4869.0,4790.0,4846.5,208757,1.2843521797914255,4868.220190395752,5014.465342718023,-146.24515232227077,-178.2605796185145,79.0,18.899999999999636,60.100000000000364,79.0,87.96428571428565,386157.2,No Signal
609,2024-12-17T00:00:00+05:30,4816.5,4839.9,4765.15,4776.75,312523,1.3780828881439162,4854.1478534117905,4996.856798812984,-142.7089454011939,-171.15025277505038,74.75,6.600000000000364,81.35000000000036,81.35000000000036,85.10357142857136,379973.1,No Signal
610,2024-12-18T00:00:00+05:30,4775.0,4798.9,4752.55,4782.65,228821,1.4023987985863833,4843.148183656131,4980.989628530541,-137.84144487441063,-164.48849119492243,46.349999999999454,22.149999999999636,24.199999999999818,46.349999999999454,82.98928571428561,339586.7,No Signal
611,2024-12-19T00:00:00+05:30,4750.0,4803.8,4725.65,4785.75,247805,1.4516649770329408,4834.317693862879,4966.527433824575,-132.20973996169596,-158.03274094827714,78.15000000000055,21.150000000000546,57.0,78.15000000000055,81.94285714285706,331453.15,No Signal
612,2024-12-20T00:00:00+05:30,4790.0,4807.5,4680.5,4698.1,363168,1.6633109152240766,4813.361125576283,4946.64392020794,-133.28279463165745,-153.0827516849532,127.0,21.75,105.25,127.0,87.87499999999993,313465.95,No Signal
613,2024-12-23T00:00:00+05:30,4705.0,4735.0,4663.8,4704.35,332554,1.6082079294418603,4796.590183179931,4928.696222414759,-132.10603923482813,-148.88740919492818,71.19999999999982,36.899999999999636,34.30000000000018,71.19999999999982,83.46785714285708,314383.65,No Signal
614,2024-12-24T00:00:00+05:30,4702.05,4766.55,4690.05,4744.1,227672,1.482965568544674,4788.514770383019,4915.022428161814,-126.50765777879496,-144.41145891170154,76.5,62.19999999999982,14.300000000000182,76.5,82.68928571428569,312975.25,No Signal
615,2024-12-26T00:00:00+05:30,4754.9,4797.1,4708.0,4761.65,398117,1.4277567615608393,4784.381728785631,4903.661507557235,-119.27977877160447,-139.38512288368213,89.10000000000036,53.0,36.100000000000364,89.10000000000036,84.28928571428573,316815.7,No Signal
616,2024-12-27T00:00:00+05:30,4776.0,4807.35,4738.45,4769.3,131505,1.3087253506619736,4782.06146281861,4893.708803293736,-111.64734047512593,-133.8375664019709,68.90000000000055,45.70000000000073,23.199999999999818,68.90000000000055,80.5821428571429,312758.75,No Signal
617,2024-12-30T00:00:00+05:30,4759.7,4818.0,4738.0,4799.45,271403,1.2117704574434485,4784.736622384978,4886.726669716422,-101.99004733144466,-127.46806258786565,80.0,48.69999999999982,31.300000000000182,80.0,82.94642857142864,310588.9,No Signal
618,2024-12-31T00:00:00+05:30,4795.0,4795.0,4741.2,4762.75,255918,1.1208867850779562,4781.354065094981,4877.543212700391,-96.18914760541065,-121.21227959137465,53.80000000000018,4.449999999999818,58.25,58.25,83.75714285714295,308912.35,No Signal
619,2025-01-01T00:00:00+05:30,4752.2,4819.7,4752.2,4794.75,87260,1.0820018555745698,4783.414978157291,4871.410382129992,-87.99540397270084,-114.5689044676399,67.5,56.94999999999982,10.550000000000182,67.5,79.45357142857152,293670.0,No Signal
620,2025-01-02T00:00:00+05:30,4790.05,4806.95,4723.1,4787.8,402766,1.0158251092890624,4784.089596902323,4865.217020490733,-81.12742358841024,-107.88060829179398,83.84999999999945,12.199999999999818,71.64999999999964,83.84999999999945,78.37500000000007,287502.6,No Signal
621,2025-01-03T00:00:00+05:30,4800.0,4859.45,4785.75,4834.1,341848,0.9533932599177439,4791.7835050711965,4862.912056009938,-71.12855093874168,-100.53019682118352,73.69999999999982,71.64999999999964,2.050000000000182,73.69999999999982,77.20357142857145,292746.75,No Signal
622,2025-01-06T00:00:00+05:30,4873.5,4873.5,4773.3,4791.25,619930,0.9617948402864298,4791.701427367935,4857.603755564757,-65.90232819682205,-93.60462309631123,100.19999999999982,39.399999999999636,60.80000000000018,100.19999999999982,78.71785714285716,300385.55,No Signal
623,2025-01-07T00:00:00+05:30,4804.95,4885.8,4804.95,4832.25,450200,0.9741954213117221,4797.939669311329,4855.725699596997,-57.78603028566795,-86.44090453418258,80.85000000000036,94.55000000000018,13.699999999999818,94.55000000000018,79.66071428571429,309684.9,No Signal
624,2025-01-08T00:00:00+05:30,4850.0,4871.9,4760.15,4859.9,371105,1.0182317808824393,4807.472027878817,4856.034907034257,-48.56287915543999,-78.86529945843407,111.75,39.649999999999636,72.10000000000036,111.75,84.3321428571429,315029.5,Buy
625,2025-01-09T00:00:00+05:30,4860.55,5050.0,4840.05,4926.3,832814,1.0898749564436538,4825.753254359,4861.239728735423,-35.48647437642376,-70.18953444203201,209.94999999999982,190.10000000000036,19.849999999999454,209.94999999999982,93.74642857142855,338757.9,Buy
626,2025-01-10T00:00:00+05:30,4928.5,4958.4,4881.65,4939.2,305669,1.2587057424601318,4843.20659984223,4867.01456364391,-23.80796380167976,-60.91322031396157,76.75,32.099999999999454,44.650000000000546,76.75,90.15714285714284,333727.8,Buy
627,2025-01-13T00:00:00+05:30,4922.2,4997.9,4906.0,4927.05,448698,1.3687394640248916,4856.1055844818875,4871.461633003621,-15.3560485217331,-51.801785955515875,91.89999999999964,58.69999999999982,33.19999999999982,91.89999999999964,91.63571428571426,341926.65,Buy
628,2025-01-14T00:00:00+05:30,4948.95,4950.0,4850.1,4862.4,283367,1.3990975101956724,4857.073956100058,4870.790400929278,-13.716444829219654,-44.18471773025664,99.89999999999964,22.949999999999818,76.94999999999982,99.89999999999964,93.30714285714281,345657.15,Buy
629,2025-01-14T00:00:00+05:30,4948.95,4950.0,4850.1,4862.4,283367,1.4132549635961376,4857.89334746928,4870.168889749331,-12.275542280051013,-37.802882640215515,99.89999999999964,87.60000000000036,12.299999999999272,99.89999999999964,94.07857142857132,344199.35,Buy
630,2025-01-15T00:00:00+05:30,4871.0,4937.2,4804.1,4877.0,242422,1.4328141466568902,4860.832832474007,4870.6748979160475,-9.84206544204062,-32.210719200580535,133.09999999999945,74.80000000000018,58.29999999999927,133.09999999999945,98.66428571428553,344879.4,Buy
631,2025-01-16T00:00:00+05:30,4886.05,4900.0,4743.1,4844.55,454269,1.44029591894902,4858.327781324159,4868.739720292637,-10.411938968477443,-27.850963154159917,156.89999999999964,23.0,133.89999999999964,156.89999999999964,104.15714285714265,355202.6,Buy
632,2025-01-17T00:00:00+05:30,4846.1,4923.5,4815.7,4854.4,492847,1.3193796585229032,4857.723507274289,4867.677518789478,-9.95401151518945,-24.271572826365826,107.80000000000018,78.94999999999982,28.850000000000364,107.80000000000018,107.69642857142837,361686.55,Buy
633,2025-01-20T00:00:00+05:30,4860.0,4908.0,4836.65,4885.4,155962,1.195030176788685,4861.981429232091,4868.990295175443,-7.008865943352248,-20.819031449763113,71.35000000000036,53.600000000000364,17.75,71.35000000000036,107.9714285714284,352856.95,Buy
634,2025-01-21T00:00:00+05:30,4885.4,4944.15,4850.1,4903.85,377457,1.1431343183778024,4868.422747811769,4871.572495532818,-3.1497477210486977,-17.285174704020232,94.04999999999927,58.75,35.29999999999927,94.04999999999927,108.69999999999982,360346.2,Buy
635,2025-01-22T00:00:00+05:30,4930.0,4975.2,4883.2,4956.7,460132,1.1691357092396149,4882.003863533036,4877.878236604461,4.125626928575002,-13.003014377501186,92.0,71.34999999999945,20.650000000000546,92.0,110.00714285714268,363446.95,Buy
636,2025-01-23T00:00:00+05:30,4944.15,5042.95,4883.2,5012.6,361082,1.286808400525724,4902.095576835645,4887.857626485612,14.237950350033316,-7.554821431994286,159.75,86.25,73.5,159.75,114.26071428571413,374925.8,Buy
637,2025-01-24T00:00:00+05:30,5037.7,5108.0,5013.15,5101.55,509954,1.5945012290156844,4932.780872707084,4903.686691190382,29.09418151670252,-0.2250208422549253,94.85000000000036,95.39999999999964,0.5499999999992724,95.39999999999964,114.32142857142837,386853.35,Buy
638,2025-01-27T00:00:00+05:30,5103.65,5215.0,5103.05,5176.25,937878,1.93453451265247,4970.237661521379,4923.87656591702,46.361095604358525,9.092202447067764,111.94999999999982,113.44999999999982,1.5,113.44999999999982,114.44285714285694,420951.35,Buy
639,2025-01-28T00:00:00+05:30,5181.15,5216.25,5018.2,5060.75,456912,2.0321522831476426,4984.162636671936,4934.015338812056,50.14729785987947,17.303221529630108,198.05000000000018,40.0,158.05000000000018,198.05000000000018,113.59285714285696,439433.95,Buy
640,2025-01-29T00:00:00+05:30,5100.0,5100.0,4991.0,5037.05,298533,2.019840087536952,4992.299154107022,4941.647535937089,50.6516181699335,23.97290085769079,109.0,39.25,69.75,109.0,115.89642857142839,434222.3,Buy
641,2025-01-30T00:00:00+05:30,5037.1,5105.0,5034.95,5075.35,354016,2.0566576475241494,5005.076207321326,4951.551422163971,53.52478515735493,29.883277717623617,70.05000000000018,67.94999999999982,2.100000000000364,70.05000000000018,114.33571428571415,434830.7,Buy
642,2025-01-31T00:00:00+05:30,5104.0,5170.0,5040.1,5129.65,316771,2.076636029674429,5024.2414061949685,4964.743909411085,59.497496783883435,35.80612153087558,129.89999999999964,94.64999999999964,35.25,129.89999999999964,116.47857142857129,419672.75,Buy
643,2025-02-01T00:00:00+05:30,5160.0,5379.0,5051.0,5201.35,634040,2.2207386344684434,5051.488882164973,4982.2702864917455,69.21859567322736,42.48861635934594,328.0,249.35000000000036,78.64999999999964,328.0,132.77142857142846,428864.75,Buy
644,2025-02-03T00:00:00+05:30,5232.6,5232.6,5015.0,5105.55,517520,2.2665672146089877,5059.805977216515,4991.4021171219865,68.40386009452868,47.67166510638249,217.60000000000036,31.25,186.35000000000036,217.60000000000036,138.8071428571428,436185.5,Buy
645,2025-02-04T00:00:00+05:30,5118.0,5118.0,4990.3,5028.35,434664,2.290082668633176,5054.966596106282,4994.1389973351725,60.82759877110948,50.30285183932789,127.69999999999982,12.449999999999818,115.25,127.69999999999982,136.72142857142853,416278.0,Buy
646,2025-02-05T00:00:00+05:30,5058.0,5058.0,4924.35,4932.65,384948,2.3379084715968523,5036.148658243777,4989.584256791826,46.5644014519512,49.55516176185256,133.64999999999964,29.649999999999636,104.0,133.64999999999964,138.56785714285706,420241.95,Sell
647,2025-02-06T00:00:00+05:30,4932.1,4978.8,4906.05,4956.05,466931,2.3132322875923337,5023.825787744735,4987.10023777021,36.725549974525165,46.989239404387085,72.75,46.150000000000546,26.599999999999454,72.75,138.66785714285703,421153.6,Sell
648,2025-02-07T00:00:00+05:30,5010.0,5075.4,4844.0,4870.5,701024,2.3441519037035596,5000.237205014776,4978.463183120564,21.774021894211728,41.94619590235202,231.39999999999964,119.34999999999945,112.05000000000018,231.39999999999964,148.47857142857134,442036.45,Sell
649,2025-02-10T00:00:00+05:30,4915.0,5009.0,4877.0,4909.65,625074,2.276699865829665,4986.30071193558,4973.365910296819,12.9348016387612,36.143917049633856,132.0,138.5,6.5,138.5,151.79999999999993,459121.8,Sell
650,2025-02-11T00:00:00+05:30,4910.95,4939.55,4854.0,4904.05,279638,2.2515719781914156,4973.646756253183,4968.23139842298,5.415357830202993,29.998205205747684,85.55000000000018,29.900000000000546,55.649999999999636,85.55000000000018,146.49999999999994,460982.6,Sell
651,2025-02-12T00:00:00+05:30,4899.05,4932.95,4843.55,4918.3,336331,2.1592612412534335,4965.13187067577,4964.532776317575,0.5990943581955435,24.118383036237258,89.39999999999964,28.899999999999636,60.5,89.39999999999964,146.0714285714285,455085.7,Sell
652,2025-02-13T00:00:00+05:30,4915.95,4950.75,4867.25,4888.7,341650,2.1265421962225695,4953.3731213410365,4958.915533627384,-5.542412286347826,18.186223971720242,83.5,32.44999999999982,51.05000000000018,83.5,143.9321428571428,447525.85,Sell
653,2025-02-14T00:00:00+05:30,4891.7,4955.0,4873.75,4939.65,489241,2.0530764818710536,4951.261871903954,4957.488457062393,-6.226585158438866,13.30366214568842,81.25,66.30000000000018,14.949999999999818,81.25,135.58928571428564,464189.8,Sell
654,2025-02-17T00:00:00+05:30,4934.5,4969.0,4911.9,4963.7,275352,1.9968312756493996,4953.175430072576,4957.948571354067,-4.773141281491007,9.688301460252536,57.100000000000364,29.350000000000364,27.75,57.100000000000364,131.8821428571428,459084.55,Sell
655,2025-02-18T00:00:00+05:30,4963.7,4967.05,4859.4,4891.2,314216,2.0844988359515737,4943.640748522949,4953.004232735248,-9.363484212298317,5.877944325742366,107.65000000000055,3.350000000000364,104.30000000000018,107.65000000000055,134.56785714285712,451788.75,Sell
656,2025-02-19T00:00:00+05:30,4881.0,4899.0,4812.35,4837.5,215919,2.244662789266794,4927.311402596341,4944.448363643748,-17.136961047406658,1.2749632511125613,86.64999999999964,7.800000000000182,78.84999999999945,86.64999999999964,131.47857142857143,444530.6,No Signal
657,2025-02-20T00:00:00+05:30,4819.0,4847.0,4792.0,4832.4,319761,2.307463821067837,4912.70964835075,4936.148484855322,-23.438836504571555,-3.667796700024262,55.0,9.5,45.5,55.0,111.97857142857141,435020.95,No Signal
658,2025-02-21T00:00:00+05:30,4850.0,4850.2,4783.55,4831.9,334003,2.205355649584671,4900.277394758327,4928.426374866039,-28.148980107711395,-8.56403338156169,66.64999999999964,17.800000000000182,48.849999999999454,66.64999999999964,101.19642857142851,404827.2,No Signal
659,2025-02-24T00:00:00+05:30,4750.0,4829.5,4702.0,4804.3,259886,2.287537156134314,4885.5116417185845,4919.2318285796655,-33.72018686108095,-13.595264077465542,127.5,2.399999999999636,129.89999999999964,129.89999999999964,101.35357142857136,394975.9,No Signal
660,2025-02-24T00:00:00+05:30,4750.0,4829.5,4702.0,4804.3,259886,2.3479863374853047,4873.0175429926485,4910.7183597959865,-37.70081680333806,-18.416374622640046,127.5,25.199999999999818,102.30000000000018,127.5,100.91428571428567,393043.55,No Signal
661,2025-02-25T00:00:00+05:30,4785.9,4853.7,4760.0,4798.05,479647,2.3446250806319906,4861.484074839934,4902.3725553666545,-40.88848052672074,-22.910795803456185,93.69999999999982,49.399999999999636,44.30000000000018,93.69999999999982,102.41071428571422,399325.1,No Signal
