,Date,Open,High,Low,Close,Volume,Volatility,EMA12,EMA26,MACD,Signal Line,H-L,H-PC,L-PC,TR,ATR,Avg_Volume,Signal
0,2022-07-05T00:00:00+05:30,183.0,185.2,181.75,182.45,5313753,,182.45,182.45,0.0,0.0,3.4499999999999886,,,3.4499999999999886,,,No Signal
1,2022-07-06T00:00:00+05:30,182.5,182.85,178.0,181.7,9367397,,182.33461538461538,182.39444444444445,-0.059829059829070275,-0.011965811965814055,4.849999999999994,0.4000000000000057,4.449999999999989,4.849999999999994,,,No Signal
2,2022-07-07T00:00:00+05:30,183.95,186.6,181.45,186.0,6322630,,182.89852071005916,182.66152263374485,0.23699807631430758,0.037826965690210275,5.150000000000006,4.900000000000006,0.25,5.150000000000006,,,No Signal
3,2022-07-08T00:00:00+05:30,187.05,191.9,187.05,189.8,14647592,,183.96028675466545,183.19029873494893,0.7699880197165214,0.18425917649547252,4.849999999999994,5.900000000000006,1.0500000000000114,5.900000000000006,,,No Signal
4,2022-07-11T00:00:00+05:30,188.95,194.3,187.8,193.35,9048841,,185.40485802317846,183.94286919902677,1.461988824151689,0.43980510602671585,6.5,4.5,2.0,6.5,,,No Signal
5,2022-07-12T00:00:00+05:30,192.8,195.3,192.1,193.9,6942704,,186.71180294268947,184.6804344435433,2.0313684991461685,0.7581177846506064,3.200000000000017,1.950000000000017,1.25,3.200000000000017,,,No Signal
6,2022-07-13T00:00:00+05:30,193.9,196.15,193.0,193.45,7842930,,187.74844864381416,185.33003189216973,2.418416751644429,1.090177578049371,3.1500000000000057,2.25,0.9000000000000057,3.1500000000000057,,,No Signal
7,2022-07-14T00:00:00+05:30,194.0,195.45,190.3,192.0,6795141,,188.40253346784274,185.82410360386086,2.5784298639818815,1.3878280352358732,5.149999999999977,2.0,3.1499999999999773,5.149999999999977,,,No Signal
8,2022-07-15T00:00:00+05:30,193.0,193.9,189.4,193.4,5610793,,189.17137447279,186.385281114686,2.7860933581040115,1.6674810998095009,4.5,1.9000000000000057,2.5999999999999943,4.5,,,No Signal
9,2022-07-18T00:00:00+05:30,194.5,196.9,193.85,195.6,7600779,,190.16039378466846,187.0678528839685,3.0925409006999587,1.9524930599875925,3.0500000000000114,3.5,0.44999999999998863,3.5,,,No Signal
10,2022-07-19T00:00:00+05:30,194.95,199.6,194.0,198.25,9913955,,191.40494858702715,187.89616007774862,3.5087885092785314,2.2637521498457804,5.599999999999994,4.0,1.5999999999999943,5.599999999999994,,,No Signal
11,2022-07-20T00:00:00+05:30,199.6,200.4,197.4,197.85,5519522,,192.39649495825375,188.63348155347094,3.7630134047828108,2.563604400833187,3.0,2.1500000000000057,0.8499999999999943,3.0,,,No Signal
12,2022-07-21T00:00:00+05:30,197.85,199.45,196.3,198.6,6167419,,193.35088034929163,189.37174217913977,3.979138170151856,2.846711154696921,3.1499999999999773,1.5999999999999943,1.549999999999983,3.1499999999999773,,,No Signal
13,2022-07-22T00:00:00+05:30,198.6,199.85,196.8,197.1,4844223,,193.92766798786215,189.9442057214257,3.9834622664364474,3.0740613770448264,3.049999999999983,1.25,1.799999999999983,3.049999999999983,4.296428571428568,,No Signal
14,2022-07-25T00:00:00+05:30,197.5,201.7,194.6,200.9,10206700,,195.00033445126797,190.75574603835713,4.2445884129108435,3.30816678421803,7.099999999999994,4.599999999999994,2.5,7.099999999999994,4.557142857142854,,No Signal
15,2022-07-26T00:00:00+05:30,201.45,203.3,199.55,202.3,12845770,,196.12335992030367,191.6108759614418,4.512483958861878,3.5490302191468,3.75,2.4000000000000057,1.3499999999999943,3.75,4.478571428571426,,No Signal
16,2022-07-27T00:00:00+05:30,202.4,204.7,201.8,203.45,7342667,,197.25053531718004,192.4878481124461,4.762687204733936,3.7917616162642274,2.8999999999999773,2.3999999999999773,0.5,2.8999999999999773,4.317857142857138,,No Signal
17,2022-07-28T00:00:00+05:30,204.0,205.0,201.35,202.85,5095766,,198.11199142222927,193.25541491893156,4.856576503297703,4.004724593670923,3.6500000000000057,1.5500000000000114,2.0999999999999943,3.6500000000000057,4.157142857142852,,No Signal
18,2022-07-29T00:00:00+05:30,203.6,212.45,203.25,211.25,12473161,,200.13322351111708,194.58834714715886,5.544876363958224,4.312754947728383,9.199999999999989,9.599999999999994,0.4000000000000057,9.599999999999994,4.378571428571424,,No Signal
19,2022-08-01T00:00:00+05:30,212.5,213.7,209.8,212.75,7847921,3.8287376604760275,202.0742660478683,195.93365476588784,6.140611281980455,4.678326214578798,3.8999999999999773,2.4499999999999886,1.4499999999999886,3.8999999999999773,4.428571428571421,8087483.2,No Signal
20,2022-08-02T00:00:00+05:30,213.0,217.25,211.65,215.25,12614974,3.9464498376078447,204.10130204050395,197.36449515359985,6.736806886904105,5.090022349043859,5.599999999999994,4.5,1.0999999999999943,5.599999999999994,4.60357142857142,8452544.25,No Signal
21,2022-08-03T00:00:00+05:30,214.95,214.95,208.8,212.1,9948968,3.837490687937123,205.3318709573495,198.45601403111098,6.8758569262385265,5.447189264482793,6.149999999999977,0.30000000000001137,6.449999999999989,6.449999999999989,4.696428571428563,8481622.8,No Signal
22,2022-08-04T00:00:00+05:30,212.15,213.45,206.15,207.15,8057000,3.6936120666311543,205.61158311775728,199.10001299176943,6.511570125987845,5.660065436783803,7.299999999999983,1.3499999999999943,5.949999999999989,7.299999999999983,4.8964285714285625,8568341.3,No Signal
23,2022-08-05T00:00:00+05:30,207.5,210.25,205.75,208.45,31982793,3.551320905058022,206.0482626381023,199.79260462200872,6.255658016093577,5.7791839526457585,4.5,3.0999999999999943,1.4000000000000057,4.5,4.967857142857134,9435101.35,No Signal
24,2022-08-08T00:00:00+05:30,209.5,216.15,207.05,215.4,16356084,3.602065430808464,207.48699146300964,200.94870798334142,6.538283479668223,5.931003858050252,9.099999999999994,7.700000000000017,1.3999999999999773,9.099999999999994,5.217857142857134,9800463.5,No Signal
25,2022-08-10T00:00:00+05:30,215.85,220.45,215.45,219.85,14264151,3.8084513662841735,209.38899277639277,202.3488036882791,7.040189088113664,6.152840904062934,5.0,5.049999999999983,0.04999999999998295,5.049999999999983,5.364285714285704,10166535.85,No Signal
26,2022-08-11T00:00:00+05:30,226.0,226.8,218.0,218.6,28795491,3.9371269971832565,210.80607081079387,203.55259600766584,7.253474803128029,6.372967683875953,8.800000000000011,6.950000000000017,1.8499999999999943,8.800000000000011,5.767857142857134,11214163.9,No Signal
27,2022-08-12T00:00:00+05:30,219.0,222.25,217.75,221.65,8860928,3.958196671987523,212.47436760913328,204.89314445154244,7.581223157590841,6.614618778618931,4.5,3.6500000000000057,0.8499999999999943,4.5,5.871428571428565,11317453.25,No Signal
28,2022-08-16T00:00:00+05:30,224.4,224.4,220.45,222.9,7843439,3.9970570740716673,214.078311053882,206.22698560328004,7.851325450601962,6.861960113015538,3.950000000000017,2.75,1.200000000000017,3.950000000000017,5.646428571428566,11429085.55,No Signal
29,2022-08-17T00:00:00+05:30,223.5,223.5,220.15,221.45,6118573,4.007077607889154,215.21241704559247,207.35461629933337,7.857800746259102,7.061128239664251,3.3499999999999943,0.5999999999999943,2.75,3.3499999999999943,5.6178571428571376,11354975.25,No Signal
30,2022-08-18T00:00:00+05:30,221.45,222.65,220.6,221.75,4232956,4.002127926063276,216.21819903857826,208.42094101790127,7.797258020676992,7.2083541958668,2.0500000000000114,1.200000000000017,0.8499999999999943,2.0500000000000114,5.557142857142854,11070925.3,No Signal
31,2022-08-19T00:00:00+05:30,221.65,221.65,215.7,217.15,8783091,3.8946050890958888,216.36155303264314,209.0675379795382,7.294015053104943,7.225486367314429,5.950000000000017,0.09999999999999432,6.050000000000011,6.050000000000011,5.728571428571426,11234103.75,No Signal
32,2022-08-22T00:00:00+05:30,215.6,220.95,214.05,218.3,10390428,3.6670797660074057,216.65977564300573,209.75142405512796,6.908351587877775,7.162059411427098,6.899999999999977,3.799999999999983,3.0999999999999943,6.899999999999977,5.535714285714282,11445254.2,Sell
33,2022-08-23T00:00:00+05:30,217.0,223.7,216.6,222.85,9343559,3.340374246033731,217.6121178517741,210.7216889399333,6.890428911840786,7.107733311509836,7.099999999999994,5.399999999999977,1.700000000000017,7.099999999999994,5.764285714285712,11670221.0,Sell
34,2022-08-24T00:00:00+05:30,222.75,226.0,222.0,223.65,10824816,3.172952949045581,218.541022797655,211.67934161104935,6.861681186605637,7.058522886528997,4.0,3.1500000000000057,0.8499999999999943,4.0,5.649999999999998,11701126.8,Sell
35,2022-08-25T00:00:00+05:30,223.7,227.15,223.7,224.9,13077028,3.008818502781637,219.51932698263116,212.6586496398605,6.860677342770657,7.018953777777329,3.450000000000017,3.5,0.04999999999998295,3.5,5.439285714285712,11712689.7,Sell
36,2022-08-26T00:00:00+05:30,227.7,232.0,226.5,229.95,12671864,2.938480243533216,221.1240459083802,213.93949040727824,7.184555501101954,7.052074122442255,5.5,7.099999999999994,1.5999999999999943,7.099999999999994,5.424999999999999,11979149.55,Buy
37,2022-08-29T00:00:00+05:30,221.4,231.6,221.4,230.6,8756630,2.797979669336368,222.58188499939862,215.17360222896133,7.408282770437296,7.123315852041263,10.199999999999989,1.6500000000000057,8.549999999999983,10.199999999999989,5.8321428571428555,12162192.75,Buy
38,2022-08-30T00:00:00+05:30,231.8,235.5,230.85,234.8,12989266,3.0310515638161504,224.46159499949115,216.62740947126048,7.834185528230677,7.265489787279146,4.650000000000006,4.900000000000006,0.25,4.900000000000006,5.532142857142857,12187998.0,Buy
39,2022-09-01T00:00:00+05:30,234.35,236.8,229.55,230.3,9681677,3.1522807957501326,225.3598111534156,217.64019395487082,7.719617198544768,7.356315269532271,7.25,2.0,5.25,7.25,5.689285714285715,12279685.8,Buy
40,2022-09-02T00:00:00+05:30,231.0,232.45,228.2,229.3,4599371,3.213263105404581,225.96599405289012,218.50388329154706,7.4621107613430695,7.377474367894431,4.25,2.1499999999999773,2.1000000000000227,4.25,5.364285714285714,11878905.65,No Signal
41,2022-09-05T00:00:00+05:30,230.0,232.35,228.5,231.6,4908992,3.1697536025663546,226.83276419859934,219.47396601069173,7.35879818790761,7.373739131897067,3.8499999999999943,3.049999999999983,0.8000000000000114,3.8499999999999943,5.317857142857142,11626906.85,No Signal
42,2022-09-06T00:00:00+05:30,232.7,234.65,231.0,232.7,5305857,2.888161133060083,227.73541586035327,220.45367223212196,7.281743628231311,7.355340031163917,3.6500000000000057,3.0500000000000114,0.5999999999999943,3.6500000000000057,5.29642857142857,11489349.7,No Signal
43,2022-09-07T00:00:00+05:30,232.95,239.3,232.35,238.85,12750488,2.7208093785022918,229.44535188183738,221.8163631778907,7.628988703946675,7.410069765720468,6.950000000000017,6.600000000000023,0.3499999999999943,6.950000000000017,5.553571428571429,10527734.45,No Signal
44,2022-09-08T00:00:00+05:30,240.5,240.5,235.05,236.45,7672537,2.7535583072299534,230.5229900538624,222.9003362758247,7.622653778037687,7.4525865681839125,5.449999999999989,1.6500000000000057,3.799999999999983,5.449999999999989,5.79642857142857,10093557.1,Buy
45,2022-09-09T00:00:00+05:30,237.5,238.0,233.35,237.6,8436280,2.852737687698717,231.61176081480664,223.98920025539326,7.622560559413387,7.4865813664298075,4.650000000000006,1.5500000000000114,3.0999999999999943,4.650000000000006,5.696428571428569,9802163.55,Buy
46,2022-09-12T00:00:00+05:30,238.5,239.05,228.0,231.5,19052920,2.815859812166638,231.59456684329794,224.5455557920308,7.049011051267144,7.399067303397275,11.050000000000011,1.450000000000017,9.599999999999994,11.050000000000011,5.992857142857143,9315035.0,Sell
47,2022-09-13T00:00:00+05:30,232.7,235.3,230.65,231.3,9883182,2.761166998377933,231.54924886740596,225.0458849926211,6.503363874784867,7.219926617674794,4.650000000000006,3.8000000000000114,0.8499999999999943,4.650000000000006,5.817857142857144,9366147.7,Sell
48,2022-09-14T00:00:00+05:30,230.15,233.8,229.55,231.95,7704454,2.7146928394494263,231.61090288780505,225.55730091909362,6.053601968711433,6.986661687882123,4.25,2.5,1.75,4.25,5.835714285714287,9359198.45,Sell
49,2022-09-15T00:00:00+05:30,233.1,234.95,232.25,234.25,5386755,2.627174915034483,232.01691782814274,226.20120455471633,5.815713273426411,6.752472004990981,2.6999999999999886,3.0,0.30000000000001137,3.0,5.800000000000002,9322607.55,Sell
50,2022-09-16T00:00:00+05:30,233.85,234.0,229.55,231.05,8750592,2.5467117948773725,231.8681612391977,226.5603745877003,5.307786651497395,6.463534934292264,4.449999999999989,0.25,4.699999999999989,4.699999999999989,5.628571428571429,9548489.35,No Signal
51,2022-09-19T00:00:00+05:30,230.5,232.65,228.7,229.9,4011190,2.1994851246391525,231.56536720239805,226.80775424787063,4.757612954527417,6.122350538339295,3.950000000000017,1.5999999999999943,2.3500000000000227,3.950000000000017,5.18214285714286,9309894.3,No Signal
52,2022-09-20T00:00:00+05:30,231.0,233.8,228.7,229.85,6887568,1.809449297384949,231.30146455587527,227.0331057850654,4.2683587708098685,5.75155218483341,5.100000000000023,3.9000000000000057,1.200000000000017,5.100000000000023,5.196428571428576,9134751.3,No Signal
53,2022-09-21T00:00:00+05:30,229.85,232.7,227.15,231.55,5673155,1.5847332329978991,231.3397007780483,227.36769054172723,3.9720102363210685,5.395643795130942,5.549999999999983,2.8499999999999943,2.6999999999999886,5.549999999999983,5.075000000000003,8951231.1,No Signal
54,2022-09-22T00:00:00+05:30,229.95,231.3,225.5,227.05,7676719,1.4737492305001954,230.6797468121947,227.3441579090067,3.335588903188011,4.9836328167423565,5.800000000000011,0.25,6.050000000000011,6.050000000000011,5.203571428571432,8793826.25,No Signal
55,2022-09-23T00:00:00+05:30,225.0,226.95,221.0,222.85,5494908,1.6110579424934355,229.47517037954935,227.01125732315435,2.4639130563950005,4.479688864672886,5.949999999999989,0.10000000000002274,6.050000000000011,6.050000000000011,5.36071428571429,8414720.25,No Signal
56,2022-09-26T00:00:00+05:30,221.0,222.1,212.5,215.5,7829043,2.3636840194821143,227.32514416731098,226.15857159551328,1.1665725717977011,3.8170656060978487,9.599999999999994,0.75,10.349999999999994,10.349999999999994,5.839285714285718,8172579.2,Sell
57,2022-09-27T00:00:00+05:30,216.0,219.7,212.75,213.9,5793032,2.975260635290564,225.25973737234006,225.25052925510488,0.00920811723517545,3.0554941083253144,6.949999999999989,4.199999999999989,2.75,6.949999999999989,5.839285714285716,8024399.3,Sell
58,2022-09-28T00:00:00+05:30,211.7,213.4,208.9,210.8,6134321,3.595920577384691,223.03516239198004,224.18011968065267,-1.1449572886726287,2.215403828925726,4.5,0.5,5.0,5.0,5.80714285714286,7681652.05,Sell
59,2022-09-29T00:00:00+05:30,211.8,215.15,210.65,213.9,8960307,3.8696626103591205,221.62975279321387,223.41862933393764,-1.788876540723777,1.4145477549958254,4.5,4.349999999999994,0.15000000000000568,4.5,5.7964285714285735,7645583.55,Sell
60,2022-09-30T00:00:00+05:30,213.0,216.0,207.85,212.25,12873301,4.237144707089475,220.18671390195018,222.59132345734966,-2.4046095553994746,0.6507162929167655,8.150000000000006,2.0999999999999943,6.050000000000011,8.150000000000006,5.589285714285716,8059280.05,Sell
61,2022-10-03T00:00:00+05:30,213.0,218.0,212.3,214.95,11397295,4.341813377405895,219.38106560934247,222.02529949754597,-2.6442338882035017,-0.00827374330728791,5.699999999999989,5.75,0.05000000000001137,5.75,5.6678571428571445,8383695.2,Sell
62,2022-10-04T00:00:00+05:30,218.3,224.0,218.1,223.25,10861454,4.137111090723858,219.97628628482823,222.1160180532833,-2.1397317684550785,-0.43456534833684607,5.900000000000006,9.050000000000011,3.1500000000000057,9.050000000000011,6.010714285714288,8661475.05,Sell
63,2022-10-06T00:00:00+05:30,225.0,234.1,224.65,233.5,12794265,3.81765731379008,222.0568576256239,222.95927597526233,-0.9024183496384239,-0.5281359485971617,9.449999999999989,10.849999999999994,1.4000000000000057,10.849999999999994,6.571428571428574,8663663.9,Sell
64,2022-10-07T00:00:00+05:30,233.0,233.55,227.8,229.7,14641226,3.7470593465330335,223.23272568322022,223.45858886598364,-0.225863182763419,-0.4676813954304132,5.75,0.05000000000001137,5.699999999999989,5.75,6.646428571428574,9012098.35,Buy
65,2022-10-10T00:00:00+05:30,227.0,232.0,226.6,229.85,10850511,3.5631311432465194,224.25076788580174,223.93202672776263,0.31874115803910286,-0.31039688473651,5.400000000000006,2.3000000000000114,3.0999999999999943,5.400000000000006,6.750000000000002,9132809.9,Buy
66,2022-10-11T00:00:00+05:30,230.95,230.95,224.0,225.45,19154733,3.5685776253676527,224.43526513413994,224.04446919237282,0.3907959417671236,-0.1701583194357833,6.949999999999989,1.0999999999999943,5.849999999999994,6.949999999999989,6.882142857142857,9137900.55,Buy
67,2022-10-12T00:00:00+05:30,225.55,233.0,225.55,232.1,9256431,3.4821706217917803,225.61445511350303,224.64117517812298,0.9732799353800488,0.058529331527383106,7.449999999999989,7.550000000000011,0.10000000000002274,7.550000000000011,7.025000000000001,9106563.0,Buy
68,2022-10-13T00:00:00+05:30,232.2,235.6,231.1,234.55,7231788,3.506655135903859,226.98915432681025,225.3751622019657,1.6139921248445432,0.36962189019081515,4.5,3.5,1.0,4.5,6.9142857142857155,9082929.7,Buy
69,2022-10-14T00:00:00+05:30,238.95,238.95,235.35,236.35,6240532,3.5387956865820533,228.42928443037792,226.18811314996825,2.2411712804096737,0.743931768234587,3.5999999999999943,4.399999999999977,0.799999999999983,4.399999999999977,6.79642857142857,9125618.55,Buy
70,2022-10-17T00:00:00+05:30,236.35,238.55,232.9,238.0,5622995,3.6835805073921097,229.90170221031977,227.0630677314521,2.838634478867675,1.1628723103612046,5.650000000000006,2.200000000000017,3.4499999999999886,5.650000000000006,6.4607142857142845,8969238.7,Buy
71,2022-10-18T00:00:00+05:30,238.5,242.15,236.85,241.7,6673453,3.915901267249315,231.71682494719366,228.14728493652973,3.5695400106639283,1.6442058504217494,5.300000000000011,4.150000000000006,1.1500000000000057,5.300000000000011,6.342857142857143,9102351.85,Buy
72,2022-10-19T00:00:00+05:30,242.0,243.0,237.0,238.2,13885551,4.125758993850637,232.71423649377925,228.89193049678678,3.822305996992469,2.0798258797358935,6.0,1.3000000000000114,4.699999999999989,6.0,6.4142857142857155,9452251.0,Buy
73,2022-10-20T00:00:00+05:30,237.0,242.5,233.6,241.0,10753891,4.278051165980855,233.98896934089015,229.78882453406183,4.20014480682832,2.5038896651543787,8.900000000000006,4.300000000000011,4.599999999999994,8.900000000000006,6.7285714285714295,9706287.8,Buy
74,2022-10-21T00:00:00+05:30,241.0,241.35,238.05,238.7,3284933,4.462433329705093,234.7137432884455,230.4489116056128,4.264831682832693,2.8560780686900418,3.299999999999983,0.3499999999999943,2.9499999999999886,3.299999999999983,6.382142857142857,9486698.5,Buy
75,2022-10-24T00:00:00+05:30,240.9,241.7,240.0,240.5,729686,4.56857560524652,235.60393662868466,231.1934366718637,4.410499956820956,3.1669624463162247,1.6999999999999886,3.0,1.3000000000000114,3.0,6.185714285714285,9248437.4,No Signal
76,2022-10-25T00:00:00+05:30,240.5,240.95,237.95,239.95,6976305,4.525346637761898,236.27256176273318,231.8420709924664,4.430490770266772,3.4196681111063345,3.0,0.44999999999998863,2.5500000000000114,3.0,5.753571428571427,9205800.5,No Signal
77,2022-10-27T00:00:00+05:30,240.95,241.6,239.0,240.9,6417866,4.358074475140774,236.9844753376973,232.51302869672816,4.471446640969134,3.6300238170788948,2.5999999999999943,1.6500000000000057,0.9499999999999886,2.5999999999999943,5.164285714285713,9237042.2,No Signal
78,2022-10-28T00:00:00+05:30,242.0,247.8,240.55,244.4,14075395,4.009037598525955,238.12532528574386,233.3935450895631,4.73178019618075,3.850375092899266,7.25,6.900000000000006,0.3499999999999943,7.25,5.2714285714285705,9634095.9,No Signal
79,2022-10-31T00:00:00+05:30,246.0,247.5,243.55,245.95,8365022,3.742962923873551,239.32912139562941,234.32365286070657,5.005468534922841,4.081393781303981,3.9499999999999886,3.0999999999999943,0.8499999999999943,3.9499999999999886,5.16785714285714,9604331.65,No Signal
80,2022-11-01T00:00:00+05:30,247.0,247.0,243.25,245.65,8812774,3.2525140048597114,240.30156425784028,235.1626415376913,5.138922720148997,4.2928995690729845,3.75,1.0500000000000114,2.6999999999999886,3.75,4.939285714285712,9401305.3,No Signal
81,2022-11-02T00:00:00+05:30,245.65,249.6,242.15,245.8,14973519,2.696630770565298,241.14747744894177,235.95059401638082,5.196883432560952,4.473696341770578,7.449999999999989,3.9499999999999886,3.5,7.449999999999989,4.932142857142854,9580116.5,No Signal
82,2022-11-03T00:00:00+05:30,244.0,247.6,241.0,246.2,6754648,2.4501503362304127,241.92478861064305,236.70980927442668,5.214979336216373,4.621952940659738,6.599999999999994,1.799999999999983,4.800000000000011,6.599999999999994,5.082142857142854,9374776.2,No Signal
83,2022-11-04T00:00:00+05:30,246.7,248.7,245.5,246.05,5504798,2.4974433746984537,242.55943651669796,237.40167525409876,5.157761262599195,4.72911460504763,3.1999999999999886,2.5,0.6999999999999886,3.1999999999999886,4.996428571428568,9010302.85,No Signal
84,2022-11-07T00:00:00+05:30,247.3,251.35,246.75,249.55,10509982,2.4677754240567236,243.63490782182134,238.30155116120255,5.33335666061879,4.849963016161862,4.599999999999994,5.299999999999983,0.6999999999999886,5.299999999999983,4.971428571428567,8803740.65,No Signal
85,2022-11-09T00:00:00+05:30,255.5,263.4,254.55,255.8,40391223,2.5858674023143946,245.50646046461807,239.59773255666903,5.908727907949043,5.061715994519298,8.849999999999966,13.849999999999966,5.0,13.849999999999966,5.582142857142849,10280776.25,No Signal
86,2022-11-10T00:00:00+05:30,257.95,260.5,252.1,253.6,20832240,2.3754450188033798,246.75162039313838,240.6349375524713,6.1166828406670675,5.272709363748852,8.400000000000006,4.699999999999989,3.700000000000017,8.400000000000006,5.753571428571421,10364651.6,No Signal
87,2022-11-11T00:00:00+05:30,258.8,258.9,252.4,253.25,20164848,2.3344457315827944,247.75137110188632,241.5693866226586,6.181984479227708,5.454564386844623,6.499999999999972,5.299999999999983,1.1999999999999886,6.499999999999972,5.5821428571428475,10910072.45,No Signal
88,2022-11-14T00:00:00+05:30,254.55,256.25,246.25,247.2,18748609,2.2388105055764296,247.66654477851918,241.98646909505428,5.680075683464906,5.499666646168681,10.0,3.0,7.0,10.0,6.060714285714277,11485913.5,Buy
89,2022-11-15T00:00:00+05:30,234.4,238.85,230.6,232.15,20224409,2.551531707106149,245.2793840433624,241.25784175467987,4.021542288682525,5.20404177467145,8.25,8.349999999999994,16.599999999999994,16.599999999999994,7.032142857142849,12185107.35,Sell
90,2022-11-16T00:00:00+05:30,233.35,235.5,230.4,234.9,9763605,2.610390909417206,243.68255572899895,240.78689051359248,2.895665215406467,4.742366462818453,5.099999999999994,3.3499999999999943,1.75,5.099999999999994,7.182142857142848,12392137.85,Sell
91,2022-11-17T00:00:00+05:30,234.75,234.75,231.0,232.4,5737037,2.8622100166147213,241.94677792453757,240.16563936443748,1.7811385601000893,4.150120882274781,3.75,0.15000000000000568,3.9000000000000057,3.9000000000000057,7.2749999999999915,12345317.05,Sell
92,2022-11-18T00:00:00+05:30,232.45,233.55,228.2,229.55,6412364,3.1688038985949496,240.03958132076255,239.37929570781247,0.6602856129500765,3.45215382840984,5.350000000000023,1.1500000000000057,4.200000000000017,5.350000000000023,7.139285714285707,11971657.7,Sell
93,2022-11-21T00:00:00+05:30,229.0,230.4,226.7,229.45,6430376,3.437919831211163,238.41041496372216,238.6437923220486,-0.23337735832643602,2.715047591062585,3.700000000000017,0.8499999999999943,2.8500000000000227,3.700000000000017,7.121428571428567,11755481.95,Sell
94,2022-11-22T00:00:00+05:30,228.55,230.7,227.65,229.1,5885605,3.6720229157642335,236.97804343084184,237.9368447426376,-0.958801311795753,1.9802778104909173,3.049999999999983,1.25,1.799999999999983,3.049999999999983,7.071428571428565,11885515.55,Sell
95,2022-11-23T00:00:00+05:30,230.0,231.1,229.0,230.6,5693093,3.814111360400565,235.9968059799431,237.39337476170147,-1.3965687817583614,1.3049084920410616,2.0999999999999943,2.0,0.09999999999999432,2.0999999999999943,6.689285714285709,12133685.9,Sell
96,2022-11-24T00:00:00+05:30,230.75,231.8,227.35,228.5,8197537,4.056799476039052,234.843451213798,236.73460626083468,-1.8911550470366763,0.6656957842255141,4.450000000000017,1.200000000000017,3.25,4.450000000000017,6.535714285714282,12194747.5,Sell
97,2022-11-25T00:00:00+05:30,229.65,233.65,227.8,231.4,10045026,4.1132039536039695,234.3136894885983,236.3394502415136,-2.0257607529152892,0.12740447679735345,5.849999999999994,5.150000000000006,0.6999999999999886,5.849999999999994,6.724999999999996,12376105.5,Sell
98,2022-11-28T00:00:00+05:30,230.55,232.75,228.4,229.85,8146840,4.247599852038659,233.62696802881393,235.8587502236237,-2.2317821948097674,-0.3444328575240707,4.349999999999994,1.3499999999999943,3.0,4.349999999999994,6.657142857142854,12079677.75,Sell
99,2022-11-29T00:00:00+05:30,230.2,231.3,226.35,227.2,6625675,4.420118682437443,232.6382037166887,235.2173613181701,-2.5791576014813984,-0.7913778063155362,4.950000000000017,1.450000000000017,3.5,4.950000000000017,6.021428571428572,11992710.4,No Signal
100,2022-11-30T00:00:00+05:30,227.2,228.85,226.55,227.25,12154948,4.503215301312935,231.8092492987366,234.62718640571305,-2.8179371069764443,-1.1966896664477178,2.299999999999983,1.6500000000000057,0.6499999999999773,2.299999999999983,5.5857142857142845,12159819.1,No Signal
101,2022-12-01T00:00:00+05:30,228.4,230.4,224.9,226.1,22435760,4.594941675920948,230.9309032527771,233.99554296825283,-3.064639715475721,-1.5702796762533184,5.5,3.1500000000000057,2.3499999999999943,5.5,5.514285714285715,12532931.15,No Signal
102,2022-12-02T00:00:00+05:30,226.1,228.0,225.3,226.6,6324879,4.589839206515412,230.26461044465756,233.44772497060447,-3.1831145259469054,-1.892846646192036,2.6999999999999886,1.9000000000000057,0.799999999999983,2.6999999999999886,4.992857142857143,12511442.7,No Signal
103,2022-12-05T00:00:00+05:30,226.6,231.8,226.5,231.25,8729893,4.399478371574085,230.41620883778717,233.28493052833747,-2.868721690550302,-2.0880216550636894,5.300000000000011,5.200000000000017,0.09999999999999432,5.300000000000011,4.185714285714288,12672697.45,No Signal
104,2022-12-06T00:00:00+05:30,232.0,232.5,229.5,231.65,7394839,4.155147642236033,230.60602286274298,233.16382456327543,-2.557801700532451,-2.1819776641574418,3.0,1.25,1.75,3.0,4.035714285714287,12516940.3,No Signal
105,2022-12-07T00:00:00+05:30,232.15,232.15,228.7,229.75,4519199,3.585777182173317,230.4743270377056,232.91094866969948,-2.436621631993887,-2.232906457724731,3.450000000000017,0.5,2.950000000000017,3.450000000000017,4.003571428571432,10723339.1,No Signal
106,2022-12-08T00:00:00+05:30,229.65,231.25,229.0,230.4,3135300,2.9014451108986163,230.46289210882782,232.72495247194396,-2.2620603631161487,-2.2387372388030147,2.25,1.5,0.75,2.25,3.7821428571428584,9838492.1,No Signal
107,2022-12-09T00:00:00+05:30,231.2,232.35,227.8,228.85,4196447,1.939029193684199,230.21475486131584,232.43791895550368,-2.223164094187837,-2.235622609879979,4.549999999999983,1.9499999999999886,2.5999999999999943,4.549999999999983,3.8428571428571416,9040072.05,No Signal
108,2022-12-12T00:00:00+05:30,228.35,233.7,228.1,232.4,7881084,0.9572966982383005,230.5509464211134,232.4351101439849,-1.8841637228715058,-2.1653308324782845,5.599999999999994,4.849999999999994,0.75,5.599999999999994,4.0249999999999995,8496695.8,No Signal
109,2022-12-13T00:00:00+05:30,233.4,234.45,231.1,231.55,4878301,0.9491076407886696,230.70464697171133,232.36954642961564,-1.664899457904312,-2.06524455756349,3.3499999999999943,2.049999999999983,1.3000000000000114,3.3499999999999943,4.114285714285714,7729390.4,No Signal
110,2022-12-14T00:00:00+05:30,231.75,233.2,231.35,232.15,4730078,0.8365227600103834,230.92700897606343,232.3532837311256,-1.4262747550621668,-1.9374505970632254,1.8499999999999943,1.6499999999999773,0.20000000000001705,1.8499999999999943,3.9285714285714266,7477714.05,No Signal
111,2022-12-15T00:00:00+05:30,231.9,232.6,227.7,228.2,5220495,0.8202696133053726,230.50746913359214,232.04563308437557,-1.538163950783428,-1.857593267807266,4.900000000000006,0.44999999999998863,4.450000000000017,4.900000000000006,3.8607142857142844,7451886.95,No Signal
112,2022-12-16T00:00:00+05:30,228.0,229.9,223.3,224.65,7756519,0.9675942393562931,229.60632003611641,231.49780841145886,-1.8914883753424476,-1.8643722893143024,6.599999999999994,1.700000000000017,4.899999999999977,6.599999999999994,4.0214285714285705,7519094.7,No Signal
113,2022-12-19T00:00:00+05:30,224.65,227.85,224.5,227.3,4073194,0.9770726805629256,229.2515015690216,231.18685964023967,-1.9353580712180758,-1.8785694456950572,3.3499999999999943,3.1999999999999886,0.15000000000000568,3.3499999999999943,3.9071428571428544,7401235.6,No Signal
114,2022-12-20T00:00:00+05:30,226.9,226.9,223.35,226.1,3784138,1.0302190837920853,228.7666551737875,230.81005522244413,-2.043400048656622,-1.9115355662873703,3.5500000000000114,0.4000000000000057,3.950000000000017,3.950000000000017,4.0249999999999995,7296162.25,No Signal
115,2022-12-21T00:00:00+05:30,226.5,227.7,222.05,223.85,3674521,1.1502011750131609,228.0102466855125,230.29449557633717,-2.2842488908246708,-1.9860782311948304,5.649999999999977,1.5999999999999943,4.049999999999983,5.649999999999977,4.035714285714284,7195233.65,No Signal
116,2022-12-22T00:00:00+05:30,224.1,225.75,219.1,222.7,4753600,1.3063620615082356,227.1932856569721,229.73194034846034,-2.538654691488233,-2.096593523253511,6.650000000000006,1.9000000000000057,4.75,6.650000000000006,4.317857142857142,7023036.8,No Signal
117,2022-12-23T00:00:00+05:30,220.0,222.9,214.2,215.05,6559315,1.9042677897305744,225.3250878635918,228.64438921153734,-3.3193013479455544,-2.34113508819192,8.700000000000017,0.20000000000001705,8.5,8.700000000000017,4.560714285714285,6848751.25,Sell
118,2022-12-26T00:00:00+05:30,215.05,221.6,214.25,220.75,3116470,1.9639581716046122,224.62122819226997,228.05961964031235,-3.438391448042381,-2.5605863601620125,7.349999999999994,6.549999999999983,0.8000000000000114,7.349999999999994,4.871428571428571,6597232.75,Sell
119,2022-12-27T00:00:00+05:30,222.0,222.9,219.65,221.25,2961718,2.049323343432468,224.10257770115152,227.55520337065957,-3.452625669508052,-2.7389942220312204,3.25,2.1500000000000057,1.0999999999999943,3.25,4.857142857142855,6414034.9,Sell
120,2022-12-28T00:00:00+05:30,221.25,224.25,220.55,223.2,3015714,2.0640932929564806,223.96371959328204,227.2325957135737,-3.268876120291651,-2.8449706016833067,3.6999999999999886,3.0,0.6999999999999886,3.6999999999999886,4.960714285714283,5957073.2,Sell
121,2022-12-29T00:00:00+05:30,220.8,224.35,220.45,221.65,4784105,2.1395861946502475,223.6077627327771,226.81907010516082,-3.2113073723837147,-2.9182379558233884,3.9000000000000057,1.1500000000000057,2.75,3.9000000000000057,4.914285714285713,5074490.45,Sell
122,2022-12-30T00:00:00+05:30,222.25,226.45,222.25,225.05,4102247,2.1118526052059567,223.82964538927294,226.68802787514892,-2.8583824858759783,-2.9062668618339065,4.199999999999989,4.799999999999983,0.5999999999999943,4.799999999999983,4.857142857142855,4963358.85,Buy
123,2023-01-02T00:00:00+05:30,226.75,227.2,224.15,224.75,4210225,2.0570380883894948,223.97123840630786,226.54447025476753,-2.5732318484596703,-2.8396598591590596,3.049999999999983,2.1499999999999773,0.9000000000000057,3.049999999999983,4.835714285714283,4737375.45,Buy
124,2023-01-03T00:00:00+05:30,225.0,225.75,223.0,224.1,3643132,1.9847651672070563,223.9910478822605,226.36339838404402,-2.3723505017835294,-2.7461979876839537,2.75,1.0,1.75,2.75,4.899999999999998,4549790.1,Buy
125,2023-01-04T00:00:00+05:30,224.35,224.5,216.25,217.15,9550461,2.176127172837629,222.93857897729734,225.6809244296704,-2.7423454523730584,-2.7454274806217747,8.25,0.4000000000000057,7.849999999999994,8.25,5.139285714285712,4801353.2,Buy
126,2023-01-05T00:00:00+05:30,216.8,218.9,215.2,218.15,8815728,2.195581927924352,222.2018745192516,225.12307817562075,-2.9212036563691584,-2.7805827157712515,3.700000000000017,1.75,1.950000000000017,3.700000000000017,4.932142857142856,5085374.6,Sell
127,2023-01-06T00:00:00+05:30,219.0,219.9,212.0,214.25,12237065,2.417413252846209,220.9785092085975,224.31766497742663,-3.33915576882913,-2.8922973263828275,7.900000000000006,1.75,6.150000000000006,7.900000000000006,5.257142857142857,5487405.5,Sell
128,2023-01-09T00:00:00+05:30,215.35,217.7,214.0,214.95,6967190,2.376417849061367,220.05104625342867,223.62376386798763,-3.572717614558968,-3.028381384018056,3.6999999999999886,3.4499999999999886,0.25,3.6999999999999886,5.239285714285712,5441710.8,Sell
129,2023-01-10T00:00:00+05:30,215.0,217.3,214.2,216.75,5400260,2.23536559726557,219.5431929836704,223.11459617406263,-3.571403190392232,-3.1369857452928915,3.1000000000000227,2.3500000000000227,0.75,3.1000000000000227,5.057142857142858,5467808.75,Sell
130,2023-01-11T00:00:00+05:30,217.3,218.5,212.2,213.4,7637956,2.1585349587645632,218.59808637079803,222.3949964574654,-3.796910086667367,-3.2689706135677867,6.300000000000011,1.75,4.550000000000011,6.300000000000011,5.032142857142858,5613202.65,Sell
131,2023-01-12T00:00:00+05:30,215.5,217.0,212.8,213.9,7161675,2.134692502013173,217.8753038522137,221.7657374606161,-3.8904336084023896,-3.3932632125347073,4.199999999999989,3.5999999999999943,0.5999999999999943,4.199999999999989,4.7107142857142845,5710261.65,No Signal
132,2023-01-13T00:00:00+05:30,214.2,215.7,213.55,215.1,3671193,2.1397951821350887,217.4483340287962,221.2719791302001,-3.8236451014038835,-3.479339590308543,2.1499999999999773,1.799999999999983,0.3499999999999943,2.1499999999999773,4.339285714285713,5505995.35,No Signal
133,2023-01-16T00:00:00+05:30,215.5,215.9,212.45,213.75,3987352,2.0875183217588775,216.87935956282757,220.714795490926,-3.835435928098434,-3.5505588578665215,3.450000000000017,0.8000000000000114,2.6500000000000057,3.450000000000017,4.353571428571428,5501703.25,No Signal
134,2023-01-17T00:00:00+05:30,213.75,215.15,211.1,213.1,5871758,2.047867543273643,216.29791963008486,220.15073656567222,-3.852816935587356,-3.6110104734106887,4.050000000000011,1.4000000000000057,2.6500000000000057,4.050000000000011,4.378571428571429,5606084.25,No Signal
135,2023-01-18T00:00:00+05:30,213.85,217.35,213.2,216.85,6441530,1.9377799269107536,216.38285507161027,219.90623756080763,-3.5233824891973597,-3.593484876568023,4.150000000000006,4.25,0.09999999999999432,4.25,4.403571428571429,5744434.7,No Signal
136,2023-01-19T00:00:00+05:30,216.75,224.8,215.15,223.95,12938871,1.9109895965815236,217.54703121443944,220.20577551926633,-2.6587443048268824,-3.4065367622197953,9.650000000000006,7.950000000000017,1.6999999999999886,9.650000000000006,4.750000000000002,6153698.25,No Signal
137,2023-01-20T00:00:00+05:30,224.85,229.25,222.75,227.0,13444947,2.033042410770336,219.00133410452568,220.70905140672807,-1.7077173022023828,-3.066772870216313,6.5,5.300000000000011,1.1999999999999886,6.5,4.9964285714285745,6497979.85,Buy
138,2023-01-23T00:00:00+05:30,228.5,230.4,227.2,230.1,8736715,2.276479650492682,220.70882116536788,221.4046772284519,-0.6958560630840225,-2.592589508789855,3.200000000000017,3.4000000000000057,0.19999999999998863,3.4000000000000057,5.042857142857146,6778992.1,Buy
139,2023-01-24T00:00:00+05:30,230.2,232.0,227.2,227.6,4252051,2.433550068220809,221.76900252454206,221.86359002634435,-0.09458750180229458,-2.092989107392343,4.800000000000011,1.9000000000000057,2.9000000000000057,4.800000000000011,4.796428571428576,6843508.75,No Signal
140,2023-01-25T00:00:00+05:30,227.8,228.0,223.75,226.15,3855827,2.5087168509711164,222.44300213615097,222.18110187624478,0.2619002599061844,-1.6220112339326374,4.25,0.4000000000000057,3.8499999999999943,4.25,4.835714285714289,6885514.4,No Signal
141,2023-01-27T00:00:00+05:30,227.0,227.65,219.3,222.4,6171667,2.557645152653873,222.43638642289696,222.1973165520785,0.23906987081846864,-1.2497950129824162,8.349999999999994,1.5,6.849999999999994,8.349999999999994,4.8678571428571455,6954892.5,Buy
142,2023-01-30T00:00:00+05:30,222.4,226.8,220.75,225.85,6172517,2.536562067050895,222.96155774245128,222.46788569636897,0.49367204608230963,-0.9011016011694711,6.050000000000011,4.400000000000006,1.6500000000000057,6.050000000000011,5.03571428571429,7058406.0,Buy
143,2023-01-31T00:00:00+05:30,225.0,228.35,223.9,224.85,7424552,2.54981796518824,223.25208732053568,222.64433860774903,0.6077487127866448,-0.5993315383782479,4.449999999999989,2.5,1.9499999999999886,4.449999999999989,5.132142857142859,7219122.35,Buy
144,2023-02-01T00:00:00+05:30,228.0,228.0,214.15,220.65,24008324,2.5623087291164675,222.85176619429942,222.49660982198984,0.35515637230957964,-0.40843395624068246,13.849999999999994,3.1500000000000057,10.699999999999989,13.849999999999994,5.671428571428572,8237381.95,Buy
145,2023-02-02T00:00:00+05:30,221.0,221.7,217.0,217.65,6806578,2.5924728549424945,222.0514944720995,222.13760168702763,-0.0861072149281199,-0.34396860797816997,4.699999999999989,1.049999999999983,3.6500000000000057,4.699999999999989,5.707142857142857,8100187.8,Buy
146,2023-02-03T00:00:00+05:30,218.0,220.7,214.6,218.9,8776614,2.5734668773796017,221.5666491686996,221.89777933984038,-0.331130171140785,-0.341400920610693,6.099999999999994,3.049999999999983,3.0500000000000114,6.099999999999994,5.989285714285716,8098232.1,Buy
147,2023-02-06T00:00:00+05:30,219.2,220.35,215.65,219.6,5742322,2.4944946199742155,221.26408775813042,221.72757346281517,-0.46348570468475714,-0.36581787742550587,4.699999999999989,1.4499999999999886,3.25,4.699999999999989,6.078571428571428,7773494.95,Sell
148,2023-02-07T00:00:00+05:30,219.6,221.15,217.0,219.7,4907167,2.431972937677814,221.0234588722642,221.57738283593997,-0.5539239636757713,-0.403439094675559,4.150000000000006,1.5500000000000114,2.5999999999999943,4.150000000000006,6.0857142857142845,7670493.8,Sell
149,2023-02-08T00:00:00+05:30,214.75,217.15,214.15,215.5,6316867,2.5032890631985487,220.17369596883893,221.12720632957405,-0.9535103607351232,-0.5134533478874719,3.0,2.549999999999983,5.549999999999983,5.549999999999983,6.178571428571426,7716324.15,Sell
150,2023-02-09T00:00:00+05:30,216.0,216.8,213.2,214.55,4383159,2.4809240893343922,219.30851197363293,220.6400058607167,-1.3314938870837807,-0.6770614557267337,3.6000000000000227,1.3000000000000114,2.3000000000000114,3.6000000000000227,5.746428571428571,7553584.3,Sell
151,2023-02-10T00:00:00+05:30,214.0,214.4,210.95,211.5,4954439,2.600550577411516,218.10720243922788,219.96296838955251,-1.8557659503246384,-0.9128023546463147,3.450000000000017,0.15000000000000568,3.6000000000000227,3.6000000000000227,5.5392857142857155,7443222.5,Sell
152,2023-02-13T00:00:00+05:30,211.5,213.7,209.15,213.05,6142208,2.6373001138979557,217.32917129473128,219.45089665699308,-2.121725362261799,-1.1545869561694115,4.549999999999983,2.1999999999999886,2.3499999999999943,4.549999999999983,5.621428571428571,7566773.25,Sell
153,2023-02-14T00:00:00+05:30,213.05,214.3,211.1,211.75,6758731,2.7176117250906224,216.470837249388,218.88045986758618,-2.4096226181981706,-1.4055940885751634,3.200000000000017,1.25,1.950000000000017,3.200000000000017,5.507142857142857,7705342.2,Sell
154,2023-02-15T00:00:00+05:30,211.0,213.8,210.3,212.9,9612884,2.7089656633620898,215.9214776725591,218.43746284035757,-2.515985167798476,-1.627672304419826,3.5,2.0500000000000114,1.4499999999999886,3.5,5.453571428571428,7892398.5,Sell
155,2023-02-16T00:00:00+05:30,213.5,216.5,213.1,215.45,13093683,2.6995780334976094,215.84894264601152,218.21616929662738,-2.367226650615862,-1.7755831736590333,3.4000000000000057,3.5999999999999943,0.19999999999998863,3.5999999999999943,5.114285714285714,8225006.15,No Signal
156,2023-02-17T00:00:00+05:30,214.85,218.25,214.2,217.5,7243093,2.6490256026006773,216.10295146970205,218.16311971909943,-2.0601682493973783,-1.8325001888067023,4.050000000000011,2.8000000000000114,1.25,4.050000000000011,4.971428571428571,7940217.25,No Signal
157,2023-02-20T00:00:00+05:30,217.85,218.95,215.95,218.3,8479587,2.5187942799104643,216.44095893590173,218.17325899916614,-1.7323000632644039,-1.8124601636982427,3.0,1.4499999999999886,1.5500000000000114,3.0,4.867857142857143,7691949.25,No Signal
158,2023-02-21T00:00:00+05:30,218.8,219.2,213.35,214.05,4655766,2.3215841156240704,216.07311909960916,217.8678324066353,-1.794713307026143,-1.8089107923638228,5.849999999999994,0.8999999999999773,4.950000000000017,5.849999999999994,4.296428571428572,7487901.8,No Signal
159,2023-02-22T00:00:00+05:30,214.55,215.85,211.6,211.85,6003852,2.2057919699547375,215.42340846890005,217.42206704318085,-1.998658574280796,-1.8468603487472175,4.25,1.799999999999983,2.450000000000017,4.25,4.264285714285715,7575491.85,No Signal
160,2023-02-23T00:00:00+05:30,212.95,215.95,212.45,214.9,6219715,1.9769060981451105,215.34288408906926,217.2352472622045,-1.8923631731352373,-1.8559609136248216,3.5,4.099999999999994,0.5999999999999943,4.099999999999994,4.121428571428573,7693686.25,No Signal
161,2023-02-24T00:00:00+05:30,216.0,217.3,214.7,217.05,5154174,1.8694284296679586,215.60551730613554,217.22152524278195,-1.6160079366464117,-1.8079703182291398,2.6000000000000227,2.4000000000000057,0.20000000000001705,2.6000000000000227,3.971428571428575,7642811.6,No Signal
162,2023-02-27T00:00:00+05:30,217.0,218.0,215.1,216.95,4841279,1.5917353345143752,215.8123607974993,217.20141226183515,-1.3890514643358358,-1.7241865474504792,2.9000000000000057,0.9499999999999886,1.950000000000017,2.9000000000000057,3.8821428571428607,7576249.7,No Signal
163,2023-02-28T00:00:00+05:30,216.6,216.95,212.0,215.4,6054079,1.3063184442282434,215.7489206748071,217.067974316514,-1.3190536417069154,-1.6431599663017664,4.949999999999989,0.0,4.949999999999989,4.949999999999989,3.8392857142857184,7507726.05,No Signal
164,2023-03-01T00:00:00+05:30,215.4,219.0,214.5,218.75,4510175,1.2215235508078426,216.21062518637524,217.19256881158705,-0.9819436252118123,-1.5109166980837756,4.5,3.5999999999999943,0.9000000000000057,4.5,3.903571428571431,6532818.6,No Signal
165,2023-03-02T00:00:00+05:30,218.75,224.45,217.35,222.85,11354939,1.3848184942320063,217.23206746539444,217.61163778850653,-0.37957032311209105,-1.2846474230894387,7.099999999999994,5.699999999999989,1.4000000000000057,7.099999999999994,4.153571428571429,6760236.65,No Signal
166,2023-03-03T00:00:00+05:30,223.9,226.45,222.4,222.95,7087708,1.525638608795728,218.1117493937953,218.00707202639492,0.10467736740037026,-1.006782464991477,4.049999999999983,3.5999999999999943,0.44999999999998863,4.049999999999983,4.117857142857143,6675791.35,No Signal
167,2023-03-06T00:00:00+05:30,222.95,225.5,221.75,225.05,4768920,1.72033955396068,219.17917256398064,218.52877039481012,0.6504021691705191,-0.6753455381590778,3.75,2.5500000000000114,1.1999999999999886,3.75,4.157142857142857,6627121.25,No Signal
168,2023-03-08T00:00:00+05:30,224.85,225.15,222.65,224.85,4269980,1.889512405789022,220.05160755413746,218.9970096248242,1.0545979293132746,-0.3293568446646074,2.5,0.09999999999999432,2.4000000000000057,2.5,4.0857142857142845,6595261.9,No Signal
169,2023-03-09T00:00:00+05:30,224.85,226.95,223.65,224.8,4263402,2.0454803357674476,220.78212946888556,219.4268607637261,1.3552687051594603,0.00756826530020612,3.299999999999983,2.0999999999999943,1.1999999999999886,3.299999999999983,4.064285714285712,6492588.65,No Signal
170,2023-03-10T00:00:00+05:30,222.95,225.3,221.45,224.35,3670025,2.146417178718308,221.33103262751854,219.79153774419083,1.5394948833277056,0.313953588905706,3.8500000000000227,0.5,3.3500000000000227,3.8500000000000227,4.049999999999999,6456931.95,No Signal
171,2023-03-13T00:00:00+05:30,224.2,225.75,219.35,220.8,3877405,2.0966661400360556,221.249335300208,219.86623865202856,1.3830966481794462,0.5277822007604541,6.400000000000006,1.4000000000000057,5.0,6.400000000000006,4.292857142857143,6403080.25,No Signal
172,2023-03-14T00:00:00+05:30,220.8,222.8,218.85,221.05,5723697,2.0389433774518215,221.21866833094523,219.95392467780422,1.2647436531410108,0.6751744912365655,3.950000000000017,2.0,1.950000000000017,3.950000000000017,4.157142857142858,6382154.7,No Signal
173,2023-03-15T00:00:00+05:30,221.95,223.2,219.6,219.9,2992093,1.917396997341715,221.0157962800306,219.94993025722613,1.065866022804471,0.7533127975501466,3.5999999999999943,2.1499999999999773,1.450000000000017,3.5999999999999943,4.110714285714287,6193822.8,No Signal
174,2023-03-16T00:00:00+05:30,218.55,222.45,216.35,220.85,4988240,1.8024238385578946,220.9902891600259,220.01660209002418,0.9736870700017164,0.7973876520404606,6.099999999999994,2.549999999999983,3.5500000000000114,6.099999999999994,4.253571428571429,5962590.6,Buy
175,2023-03-17T00:00:00+05:30,222.0,225.95,220.1,221.65,15718726,1.7590173757997776,221.09178313540653,220.13759452780016,0.954188607606369,0.8287478431536424,5.849999999999994,5.099999999999994,0.75,5.849999999999994,4.485714285714285,6093842.75,Buy
176,2023-03-20T00:00:00+05:30,220.0,221.6,215.7,217.05,4243107,1.8030185831754395,220.469970345344,219.90888382203718,0.5610865233068125,0.7752155791842764,5.900000000000006,0.05000000000001137,5.950000000000017,5.950000000000017,4.703571428571428,5943843.45,Sell
177,2023-03-21T00:00:00+05:30,218.15,218.95,215.95,217.05,3998735,1.8181647422422058,219.9438210614449,219.69711465003442,0.24670641141048577,0.6695137456295184,3.0,1.8999999999999773,1.1000000000000227,3.0,4.564285714285715,5719800.85,Sell
178,2023-03-22T00:00:00+05:30,216.9,216.9,213.1,213.95,9674281,1.8479994450644817,219.02169474429954,219.27140245373556,-0.2497077094360236,0.48566945461641,3.8000000000000114,0.15000000000000568,3.950000000000017,3.950000000000017,4.525000000000001,5970726.6,Sell
179,2023-03-23T00:00:00+05:30,213.15,214.75,212.4,213.35,4730789,1.7860941027956114,218.14912632209962,218.83278004975514,-0.6836537276555248,0.25180481816202305,2.3499999999999943,0.8000000000000114,1.549999999999983,2.3499999999999943,4.185714285714288,5907073.45,Sell
180,2023-03-24T00:00:00+05:30,213.25,213.9,208.0,208.45,6607051,2.137078546927609,216.6569530417766,218.06368523125477,-1.4067321894781628,-0.07990258336601412,5.900000000000006,0.5500000000000114,5.349999999999994,5.900000000000006,4.317857142857146,5926440.25,Sell
181,2023-03-27T00:00:00+05:30,208.5,210.2,207.6,208.4,4001454,2.4318606057525356,215.38665257381098,217.34785669560625,-1.9612041217952765,-0.45616289105186664,2.5999999999999943,1.75,0.8499999999999943,2.5999999999999943,4.235714285714288,5868804.25,Sell
182,2023-03-28T00:00:00+05:30,209.4,211.25,208.45,208.9,6156441,2.647859925539483,214.3887060239939,216.72208953296877,-2.333383508974862,-0.8316070146364657,2.8000000000000114,2.8499999999999943,0.04999999999998295,2.8499999999999943,4.260714285714288,5934562.35,Sell
183,2023-03-29T00:00:00+05:30,209.95,214.9,208.4,212.95,16725719,2.643980518387585,214.16736663568716,216.4426754934896,-2.275308857802429,-1.1203473832696584,6.5,6.0,0.5,6.5,4.489285714285718,6468144.35,Sell
184,2023-03-31T00:00:00+05:30,212.2,214.3,211.15,213.25,5134824,2.6941970186864244,214.0262333071199,216.20618101249036,-2.1799477053704663,-1.33226744768982,3.1500000000000057,1.3500000000000227,1.799999999999983,3.1500000000000057,4.439285714285717,6499376.8,Sell
185,2023-04-03T00:00:00+05:30,214.1,220.85,213.8,220.15,7753796,2.570758856117494,214.96835125987067,216.4983157523059,-1.5299644924352265,-1.3718068566389015,7.049999999999983,7.599999999999994,0.5500000000000114,7.599999999999994,4.525000000000001,6319319.65,Sell
186,2023-04-05T00:00:00+05:30,220.3,224.25,220.3,222.5,6490454,2.5346597070542676,216.1270664506598,216.9428849558388,-0.8158185051789815,-1.2606091863469175,3.9499999999999886,4.099999999999994,0.15000000000000568,4.099999999999994,4.535714285714286,6289456.95,Buy
187,2023-04-06T00:00:00+05:30,222.45,223.15,220.3,221.7,4588948,2.4651169149099563,216.984440842866,217.29526384799888,-0.31082300513287464,-1.070651950104109,2.8499999999999943,0.6500000000000057,2.1999999999999886,2.8499999999999943,4.482142857142857,6280458.35,Buy
188,2023-04-10T00:00:00+05:30,221.45,224.45,221.15,222.05,3497250,2.3907293507702896,217.76375763627124,217.6474665259249,0.11629111034633866,-0.8332633380140195,3.299999999999983,2.75,0.549999999999983,3.299999999999983,4.282142857142857,6241821.85,No Signal
189,2023-04-11T00:00:00+05:30,222.75,224.3,222.0,223.65,3995855,2.33975711154194,218.6693333845372,218.09209863511563,0.5772347494215637,-0.5511637205269029,2.3000000000000114,2.25,0.05000000000001137,2.3000000000000114,4.028571428571429,6228444.5,No Signal
190,2023-04-12T00:00:00+05:30,224.0,228.0,223.65,227.7,5135033,2.418422858935885,220.05866670999302,218.80379503251447,1.2548716774785476,-0.1899566409258128,4.349999999999994,4.349999999999994,0.0,4.349999999999994,3.9142857142857133,6301694.9,No Signal
191,2023-04-13T00:00:00+05:30,227.9,229.65,224.45,225.5,3478021,2.5447387440609024,220.89579490845563,219.2998102152912,1.5959846931644392,0.16723162589223764,5.200000000000017,1.950000000000017,3.25,5.200000000000017,4.071428571428571,6281725.7,No Signal
192,2023-04-17T00:00:00+05:30,225.5,229.95,225.4,229.25,6263434,2.7213581214361136,222.1810572302317,220.0368613104548,2.1441959197768767,0.5626244846691655,4.549999999999983,4.449999999999989,0.09999999999999432,4.549999999999983,4.114285714285712,6308712.55,No Signal
193,2023-04-18T00:00:00+05:30,229.6,232.4,229.25,232.2,8004714,2.9964990845959485,223.72243304096529,220.93783454671743,2.7845984942478594,1.0070192865849044,3.1500000000000057,3.1500000000000057,0.0,3.1500000000000057,4.17142857142857,6559343.6,No Signal
194,2023-04-19T00:00:00+05:30,233.6,234.6,229.0,230.4,7424141,3.213101049332318,224.74975103466292,221.63873569140503,3.1110153432578898,1.4278184979195017,5.599999999999994,2.4000000000000057,3.1999999999999886,5.599999999999994,4.149999999999998,6681138.65,No Signal
195,2023-04-20T00:00:00+05:30,229.9,231.5,229.1,229.55,2588660,3.366204500233643,225.488250875484,222.22475526981947,3.263495605664531,1.7949539194685076,2.4000000000000057,1.0999999999999943,1.3000000000000114,2.4000000000000057,4.135714285714284,6024635.35,No Signal
196,2023-04-21T00:00:00+05:30,230.0,230.45,227.45,230.05,2459508,3.4845186022867507,226.19005843310185,222.80440302761062,3.385655405491235,2.113094216673053,3.0,0.8999999999999773,2.1000000000000227,3.0,4.1464285714285705,5935455.4,No Signal
197,2023-04-24T00:00:00+05:30,229.55,232.0,229.55,231.55,2587030,3.5985297176722963,227.01466482800927,223.45222502556538,3.5624398024438904,2.4029633338272207,2.4499999999999886,1.9499999999999886,0.5,2.4499999999999886,3.857142857142855,5864870.15,No Signal
198,2023-04-25T00:00:00+05:30,231.15,232.3,229.9,230.25,2570946,3.6374682372244282,227.51240870062324,223.95576391256054,3.556644788062698,2.6336996246743163,2.4000000000000057,0.75,1.6500000000000057,2.4000000000000057,3.8035714285714266,5509703.4,No Signal
199,2023-04-26T00:00:00+05:30,230.0,230.65,228.0,229.75,3439487,3.60251763768207,227.85665351591197,224.3849665857042,3.471686930207767,2.8012970857810067,2.6500000000000057,0.4000000000000057,2.25,2.6500000000000057,3.449999999999999,5445138.3,No Signal
200,2023-04-27T00:00:00+05:30,229.75,232.5,229.15,231.75,3349374,3.3475183426822417,228.45562989807937,224.93052461639277,3.525105281686592,2.946058724962124,3.3499999999999943,2.75,0.5999999999999943,3.3499999999999943,3.39642857142857,5282254.45,No Signal
201,2023-04-28T00:00:00+05:30,232.5,234.75,231.6,233.1,4771074,3.0314915547646852,229.1701483752979,225.53567094110443,3.634477434193485,3.0837424668083964,3.1500000000000057,3.0,0.15000000000000568,3.1500000000000057,3.4178571428571423,5320735.45,No Signal
202,2023-05-02T00:00:00+05:30,233.2,237.45,233.1,236.1,3773537,2.6768078656637484,230.23627939448286,226.31821383435596,3.918065560126905,3.2506070854720983,4.349999999999994,4.349999999999994,0.0,4.349999999999994,3.4928571428571433,5201590.25,No Signal
203,2023-05-03T00:00:00+05:30,236.05,238.95,234.6,236.9,4523385,2.462548803661837,231.26146717994703,227.10204984662587,4.159417333321159,3.4323691350419105,4.349999999999994,2.8499999999999943,1.5,4.349999999999994,3.6392857142857133,4591473.55,No Signal
204,2023-05-04T00:00:00+05:30,236.85,238.0,234.15,237.45,7248108,2.1506597369142786,232.21354915226289,227.86856467280174,4.3449844794611465,3.614892203925758,3.8499999999999943,1.0999999999999943,2.75,3.8499999999999943,3.6035714285714278,4697137.75,No Signal
205,2023-05-05T00:00:00+05:30,237.85,238.0,236.0,237.4,3043479,2.095443456123148,233.01146466729938,228.57459691926087,4.436867748038509,3.779287312748308,2.0,0.5500000000000114,1.4499999999999886,2.0,3.374999999999998,4461621.9,No Signal
206,2023-05-08T00:00:00+05:30,232.5,233.4,230.0,232.85,9711437,2.0142095040064327,232.98662394925333,228.89129344376008,4.095330505493251,3.842495951297297,3.4000000000000057,4.0,7.400000000000006,7.400000000000006,3.5785714285714283,4622671.05,No Signal
207,2023-05-09T00:00:00+05:30,234.8,238.8,233.5,236.35,7318928,1.8550497908102899,233.50406641859897,229.44379022570376,4.060276192895202,3.8860519996168783,5.300000000000011,5.950000000000017,0.6500000000000057,5.950000000000017,3.778571428571429,4759170.05,No Signal
208,2023-05-10T00:00:00+05:30,236.95,237.25,234.55,236.55,3650159,1.6795761643888858,233.97267158496837,229.9701761349109,4.0024954500574665,3.909340689704996,2.6999999999999886,0.9000000000000057,1.799999999999983,2.6999999999999886,3.5714285714285716,4766815.5,No Signal
209,2023-05-11T00:00:00+05:30,236.55,238.15,235.7,236.15,2675726,1.5104234826710743,234.30764518728094,230.42794086565826,3.8797043216226825,3.9034134160885334,2.450000000000017,1.5999999999999943,0.8500000000000227,2.450000000000017,3.5750000000000006,4700809.05,No Signal
210,2023-05-12T00:00:00+05:30,236.15,237.25,234.25,235.05,2348435,1.4539281349548467,234.42185362000694,230.77031561635025,3.6515380036566967,3.853038333602166,3.0,1.0999999999999943,1.9000000000000057,3.0,3.5750000000000006,4561479.15,No Signal
211,2023-05-15T00:00:00+05:30,234.6,239.6,233.85,237.7,4217892,1.3040448234877262,234.92618383231357,231.28362557069468,3.6425582616188876,3.8109423192055107,5.75,4.549999999999983,1.200000000000017,5.75,3.8107142857142873,4598472.7,Sell
212,2023-05-16T00:00:00+05:30,238.75,241.7,237.45,240.95,6016484,1.3887474372838846,235.8529247811884,231.99965330619878,3.8532714749896115,3.819408150362331,4.25,4.0,0.25,4.25,3.942857142857144,4586125.2,Buy
213,2023-05-17T00:00:00+05:30,240.95,243.7,240.75,241.6,4968232,1.5338319143487051,236.7370901994671,232.7107900983322,4.026300101134893,3.860786540516844,2.9499999999999886,2.75,0.19999999999998863,2.9499999999999886,3.9642857142857144,4434301.1,Buy
214,2023-05-18T00:00:00+05:30,242.0,242.9,238.95,239.6,3512113,1.557368539939934,237.17753786108756,233.2211019429002,3.956435918187367,3.8799164160509485,3.950000000000017,1.3000000000000114,2.6500000000000057,3.950000000000017,4.007142857142859,4238699.7,Buy
215,2023-05-19T00:00:00+05:30,240.0,241.6,236.3,239.9,3810543,1.5205729271832165,237.596378190151,233.715835132315,3.8805430578360074,3.8800417444079605,5.299999999999983,2.0,3.299999999999983,5.299999999999983,4.160714285714286,4299793.85,Buy
216,2023-05-22T00:00:00+05:30,239.4,241.2,237.45,238.7,2891415,1.4536576215663681,237.766166160897,234.08503252992128,3.6811336309757223,3.840260121721513,3.75,1.299999999999983,2.450000000000017,3.75,4.117857142857143,4321389.2,Sell
217,2023-05-23T00:00:00+05:30,238.95,240.2,236.8,239.3,3213453,1.4126267165744009,238.0021405976821,234.47132641659377,3.530814181088317,3.778370933594874,3.3999999999999773,1.5,1.8999999999999773,3.3999999999999773,4.049999999999999,4352710.35,Sell
218,2023-05-24T00:00:00+05:30,238.3,241.5,238.0,241.0,2422138,1.3303963460167716,238.46334973650022,234.95493186721646,3.508417869283761,3.7243803207326516,3.5,2.1999999999999886,1.3000000000000114,3.5,4.0249999999999995,4345269.95,Sell
219,2023-05-25T00:00:00+05:30,241.25,242.2,237.9,240.05,3810138,1.1652578104263944,238.70744977703865,235.33234432149672,3.3751054555419273,3.654525347694507,4.299999999999983,1.1999999999999886,3.0999999999999943,4.299999999999983,4.189285714285712,4363802.5,Sell
220,2023-05-26T00:00:00+05:30,239.8,242.45,239.1,241.5,2646742,1.0762608314592512,239.13707288826348,235.78920770508955,3.347865183173923,3.5931933147903905,3.3499999999999943,2.3999999999999773,0.950000000000017,3.3499999999999943,3.8999999999999977,4328670.9,Sell
221,2023-05-29T00:00:00+05:30,241.55,247.65,240.8,246.1,8069985,1.1932519646824136,240.20829244391524,236.55297009730515,3.6553223466100917,3.605619121154331,6.849999999999994,6.150000000000006,0.6999999999999886,6.849999999999994,3.9642857142857104,4493616.45,Buy
222,2023-05-30T00:00:00+05:30,246.25,247.15,243.3,244.3,4657906,1.2854750967623914,240.83778591408213,237.12682416417144,3.7109617499106946,3.6266876469056037,3.8499999999999943,1.0500000000000114,2.799999999999983,3.8499999999999943,4.046428571428568,4537834.9,Buy
223,2023-05-31T00:00:00+05:30,247.9,247.9,239.3,241.25,15727646,1.3016133725491108,240.9012034657618,237.43224459645504,3.4689588693067606,3.5951418913858353,8.599999999999994,3.5999999999999943,5.0,8.599999999999994,4.48571428571428,5098047.95,Sell
224,2023-06-01T00:00:00+05:30,230.4,231.9,229.15,230.35,35509867,1.6056379572889417,239.27794139410614,236.90763388560651,2.3703075084996215,3.3501750148085927,2.75,9.349999999999994,12.099999999999994,12.099999999999994,5.13571428571428,6511135.9,Sell
225,2023-06-02T00:00:00+05:30,228.5,233.4,228.1,230.9,36400588,1.7736617230874978,237.98902733347444,236.4626239681542,1.526403365320249,2.985420684910924,5.300000000000011,3.0500000000000114,2.25,5.300000000000011,5.103571428571423,8178991.35,Sell
226,2023-06-05T00:00:00+05:30,230.5,231.2,229.45,229.7,19807347,1.9048366370250842,236.71379235909376,235.96168885940202,0.7521034996917422,2.5387572478670877,1.75,0.29999999999998295,1.450000000000017,1.75,4.924999999999995,8683786.85,Sell
227,2023-06-06T00:00:00+05:30,229.8,230.65,226.75,227.8,13495524,2.1772483411717047,235.34243968846394,235.35711931426113,-0.014679625797185736,2.0280698731342333,3.9000000000000057,0.950000000000017,2.9499999999999886,3.9000000000000057,4.992857142857139,8992616.65,Sell
228,2023-06-07T00:00:00+05:30,228.75,231.5,228.1,230.7,21853324,2.2588238231163444,234.62821819793103,235.01214751320475,-0.38392931527371843,1.545670035452643,3.4000000000000057,3.6999999999999886,0.29999999999998295,3.6999999999999886,4.974999999999994,9902774.9,Sell
229,2023-06-08T00:00:00+05:30,231.4,231.4,227.65,228.1,8538256,2.4663836004897806,233.62387693671087,234.5001365863007,-0.8762596495898265,1.0612840984441492,3.75,0.700000000000017,3.049999999999983,3.75,4.864285714285709,10195901.4,Sell
230,2023-06-09T00:00:00+05:30,228.95,229.45,227.35,227.65,5137982,2.6386986884445833,232.70481894644766,233.99271906138955,-1.2879001149418912,0.5914472557669411,2.0999999999999943,1.3499999999999943,0.75,2.0999999999999943,4.746428571428567,10335378.75,Sell
231,2023-06-12T00:00:00+05:30,228.25,229.25,226.65,229.0,4261576,2.7304614674420136,232.13484680084034,233.62288801980515,-1.4880412189648098,0.17554956082059095,2.5999999999999943,1.5999999999999943,1.0,2.5999999999999943,4.6892857142857105,10337562.95,Sell
232,2023-06-13T00:00:00+05:30,230.0,230.3,228.0,228.95,5574798,2.7823052591504616,231.64487036994183,233.27674816648624,-1.6318777965444156,-0.18593591065241036,2.3000000000000114,1.3000000000000114,1.0,2.3000000000000114,4.603571428571426,10315478.65,Sell
233,2023-06-14T00:00:00+05:30,229.9,229.9,227.55,228.95,7034468,2.7928421143983577,231.2302749284123,232.95624830230207,-1.725973373889758,-0.4939434032998799,2.3499999999999943,0.950000000000017,1.3999999999999773,2.3499999999999943,4.464285714285713,10418790.45,No Signal
234,2023-06-15T00:00:00+05:30,229.2,229.65,227.9,228.6,6363240,2.829213968828934,230.82561724711812,232.6335632428723,-1.8079459957541815,-0.7567439217907402,1.75,0.700000000000017,1.049999999999983,1.75,4.349999999999999,10561346.8,No Signal
235,2023-06-16T00:00:00+05:30,228.5,229.7,228.1,228.8,8493983,2.827234330028255,230.51398382448457,232.34959559525214,-1.8356117707675708,-0.9725174915861065,1.5999999999999943,1.0999999999999943,0.5,1.5999999999999943,3.9749999999999983,10795518.8,No Signal
236,2023-06-19T00:00:00+05:30,228.5,228.8,226.6,227.5,8170958,2.8714904250357725,230.0502940053331,231.99036629190013,-1.9400722865670446,-1.1660284505822942,2.200000000000017,0.0,2.200000000000017,2.200000000000017,3.857142857142857,11059495.95,No Signal
237,2023-06-20T00:00:00+05:30,227.75,227.75,225.65,227.4,5012618,2.86758376176783,229.64255646605108,231.65033915916678,-2.0077826931157006,-1.3343792990889756,2.0999999999999943,0.25,1.8499999999999943,2.0999999999999943,3.392857142857143,11149454.2,No Signal
238,2023-06-21T00:00:00+05:30,227.8,228.8,226.5,228.5,4630720,2.7580154232419662,229.46677854819706,231.4169807029322,-1.9502021547351376,-1.457543870218208,2.3000000000000114,1.4000000000000057,0.9000000000000057,2.3000000000000114,2.692857142857144,11259883.3,No Signal
239,2023-06-22T00:00:00+05:30,228.4,229.6,226.6,227.1,6553159,2.6980513213622164,229.10265877155135,231.09720435456686,-1.9945455830155083,-1.564944212777668,3.0,1.0999999999999943,1.9000000000000057,3.0,2.528571428571429,11397034.35,No Signal
240,2023-06-23T00:00:00+05:30,227.1,227.4,224.85,226.05,3873163,2.5593740321763137,228.63301896054344,230.7233373653397,-2.0903184047962498,-1.6700190511813844,2.5500000000000114,0.30000000000001137,2.25,2.5500000000000114,2.5857142857142867,11458355.4,No Signal
241,2023-06-26T00:00:00+05:30,226.0,226.05,223.25,224.3,6129583,2.1062498376335865,227.96640065892137,230.24753459753674,-2.281133938615369,-1.7922420286681815,2.8000000000000114,0.0,2.8000000000000114,2.8000000000000114,2.507142857142859,11361335.3,No Signal
242,2023-06-27T00:00:00+05:30,226.35,226.45,223.9,225.4,6138997,1.4928450398795152,227.5715697883181,229.88845796068216,-2.3168881723640595,-1.8971712574073571,2.549999999999983,2.1499999999999773,0.4000000000000057,2.549999999999983,2.425000000000001,11435389.85,No Signal
243,2023-06-28T00:00:00+05:30,225.15,227.65,224.2,227.55,19486078,0.7386082942836518,227.56825135934608,229.71523885248348,-2.1469874931374022,-1.9471345045533663,3.450000000000017,2.25,1.200000000000017,3.450000000000017,2.403571428571431,11623311.45,No Signal
244,2023-06-30T00:00:00+05:30,227.9,231.35,226.9,230.7,7830753,0.7396094662746181,228.0500588425236,229.7881841226699,-1.7381252801462779,-1.9053326596719486,4.449999999999989,3.799999999999983,0.6500000000000057,4.449999999999989,2.5714285714285734,10239355.75,No Signal
245,2023-07-03T00:00:00+05:30,231.5,233.7,229.9,231.65,7830067,0.7666588679296438,228.60389594367382,229.92609640987953,-1.3222004662057145,-1.788706220978702,3.799999999999983,3.0,0.799999999999983,3.799999999999983,2.6571428571428584,8810829.7,No Signal
246,2023-07-04T00:00:00+05:30,232.25,232.8,230.35,231.55,3637838,0.8209420908610692,229.05714272157016,230.0463855647033,-0.9892428431331268,-1.628813545409587,2.450000000000017,1.1500000000000057,1.3000000000000114,2.450000000000017,2.6678571428571445,8002354.25,No Signal
247,2023-07-05T00:00:00+05:30,231.8,232.85,230.1,231.55,4845075,0.8759886319060517,229.440659225944,230.15776441176232,-0.7171051858183262,-1.4464718734913349,2.75,1.299999999999983,1.450000000000017,2.75,2.6964285714285734,7569831.8,No Signal
248,2023-07-06T00:00:00+05:30,231.4,235.85,231.0,234.2,7239769,1.0047538041542998,230.1728654988757,230.45718927015028,-0.2843237712745861,-1.214042253047985,4.849999999999994,4.299999999999983,0.5500000000000114,4.849999999999994,2.9178571428571445,6839154.05,No Signal
249,2023-07-07T00:00:00+05:30,232.0,235.8,232.0,234.4,6256468,1.1399985620771647,230.82319388366406,230.74924932421322,0.07394455945083678,-0.9564448905482208,3.8000000000000114,1.6000000000000227,2.1999999999999886,3.8000000000000114,3.075000000000003,6725064.65,No Signal
250,2023-07-10T00:00:00+05:30,235.0,235.55,232.85,233.8,6208469,1.222106111870764,231.28116405540806,230.97523085575298,0.3059331996550725,-0.7039692725075621,2.700000000000017,1.1500000000000057,1.5500000000000114,2.700000000000017,3.1107142857142884,6778589.0,No Signal
251,2023-07-11T00:00:00+05:30,233.8,235.75,233.55,234.1,10767906,1.3030274082259021,231.71483112380682,231.20669523680832,0.5081358869985024,-0.46154824060634925,2.1999999999999886,1.9499999999999886,0.25,2.1999999999999886,3.117857142857145,7103905.5,No Signal
252,2023-07-12T00:00:00+05:30,235.0,237.25,233.65,233.95,11296897,1.3676637940836502,232.05870325860576,231.40990299704472,0.6488002615610355,-0.23947854017287232,3.5999999999999943,3.1500000000000057,0.44999999999998863,3.5999999999999943,3.2107142857142867,7390010.45,Buy
253,2023-07-13T00:00:00+05:30,235.0,235.2,229.05,230.05,20187509,1.3882516042276416,231.74967198805103,231.3091694417081,0.44050254634294106,-0.10348232286970965,6.149999999999977,1.25,4.899999999999977,6.149999999999977,3.4357142857142855,8047662.5,Buy
254,2023-07-14T00:00:00+05:30,230.0,232.05,229.8,231.4,7375591,1.3815974484376583,231.69587629758163,231.3158976312112,0.3799786663704481,-0.006790125021678105,2.25,2.0,0.25,2.25,3.4142857142857133,8098280.05,Buy
255,2023-07-17T00:00:00+05:30,231.0,232.65,229.9,230.4,4946620,1.382583224356722,231.4965107133383,231.24805336223258,0.24845735110571354,0.044259370203800226,2.75,1.25,1.5,2.75,3.410714285714284,7920911.9,Buy
256,2023-07-18T00:00:00+05:30,229.7,232.45,227.55,228.2,6141666,1.3844873508334274,230.98935521897855,231.02227163169684,-0.032916412718293486,0.028824213619381485,4.899999999999977,2.049999999999983,2.8499999999999943,4.899999999999977,3.578571428571426,7819447.3,Sell
257,2023-07-19T00:00:00+05:30,229.2,229.9,228.2,228.7,5221454,1.3614777297933358,230.63714672375107,230.85025151083042,-0.21310478707934521,-0.01956158652036386,1.700000000000017,1.700000000000017,0.0,1.700000000000017,3.453571428571426,7829889.1,Sell
258,2023-07-20T00:00:00+05:30,228.65,230.7,227.75,229.65,3140591,1.3462361500807651,230.48527799702015,230.76134399150965,-0.27606599448949964,-0.07086246811419102,2.9499999999999886,2.0,0.9499999999999886,2.9499999999999886,3.346428571428569,7755382.65,Sell
259,2023-07-21T00:00:00+05:30,229.6,230.5,228.55,229.15,3884428,1.3158466986838806,230.2798506128632,230.64198517732376,-0.3621345644605469,-0.1291168873834622,1.9499999999999886,0.8499999999999943,1.0999999999999943,1.9499999999999886,3.214285714285712,7621946.1,Sell
260,2023-07-24T00:00:00+05:30,229.0,232.0,228.55,231.1,3445839,1.2305945107243743,230.4060274416535,230.6759122012257,-0.26988475957222136,-0.15727046182121404,3.4499999999999886,2.8499999999999943,0.5999999999999943,3.4499999999999886,3.2857142857142816,7600579.9,Sell
261,2023-07-25T00:00:00+05:30,232.3,232.3,228.85,229.9,11001025,1.060831748169702,230.3281770660145,230.61843722335715,-0.290260157342658,-0.18386840092550283,3.450000000000017,1.200000000000017,2.25,3.450000000000017,3.3357142857142827,7844152.0,Sell
262,2023-07-26T00:00:00+05:30,230.55,231.15,228.9,230.75,7559218,0.8985130718043185,230.39307290201225,230.62818261421958,-0.23510971220733268,-0.19411666318186882,2.25,1.25,1.0,2.25,3.1499999999999977,7915163.05,Sell
263,2023-07-27T00:00:00+05:30,231.0,231.65,228.2,229.65,7824611,0.8405474989871092,230.27875399401037,230.55572464279592,-0.2769706487855501,-0.2106874603026051,3.450000000000017,0.9000000000000057,2.5500000000000114,3.450000000000017,3.124999999999998,7332089.7,No Signal
264,2023-07-28T00:00:00+05:30,229.6,229.9,226.85,227.5,8808862,0.924212994467602,229.85125337954725,230.3293746692555,-0.4781212897082412,-0.2641742261837323,3.0500000000000114,0.25,2.8000000000000114,3.0500000000000114,3.1499999999999977,7380995.15,No Signal
265,2023-07-31T00:00:00+05:30,228.5,229.95,226.9,229.25,19403536,0.932039925104484,229.7587528596169,230.24942099005136,-0.49066813043447155,-0.3094730070338802,3.049999999999983,2.4499999999999886,0.5999999999999943,3.049999999999983,3.2107142857142827,7959668.6,Sell
266,2023-08-01T00:00:00+05:30,230.0,241.25,229.05,241.2,22342934,1.2991010707713408,231.51894472736814,231.0605749907883,0.45836973657984004,-0.15590445831113617,12.199999999999989,12.0,0.19999999999998863,12.199999999999989,3.8249999999999966,8894923.4,Buy
267,2023-08-02T00:00:00+05:30,241.15,243.15,232.4,234.8,24944433,1.3723081384982492,232.0237224616192,231.3375694359151,0.6861530257041011,0.01250703849191128,10.75,1.950000000000017,8.799999999999983,10.75,4.153571428571427,9899891.3,Buy
268,2023-08-03T00:00:00+05:30,234.55,235.1,229.45,230.7,13927987,1.3734572159060354,231.82007285213933,231.29034207029176,0.5297307818475758,0.11595178716304419,5.650000000000006,0.29999999999998295,5.350000000000023,5.650000000000006,4.3964285714285705,10234302.2,Buy
269,2023-08-04T00:00:00+05:30,232.8,236.5,230.55,234.4,6692705,1.3517772171907951,232.21698472104097,231.520687102122,0.696297618918976,0.23202095351423058,5.949999999999989,5.800000000000011,0.14999999999997726,5.949999999999989,4.624999999999998,10256114.05,Buy
270,2023-08-07T00:00:00+05:30,234.75,235.9,232.3,233.0,6719018,1.3485167581082675,232.33744861011158,231.63026583529813,0.7071827748134467,0.3270533177740738,3.5999999999999943,1.5,2.0999999999999943,3.5999999999999943,4.532142857142857,10281641.5,Buy
271,2023-08-08T00:00:00+05:30,233.0,235.2,229.4,230.4,13785695,1.3379352970450715,232.03937959317133,231.53913503268345,0.5002445604878858,0.36169156631683624,5.799999999999983,2.1999999999999886,3.5999999999999943,5.799999999999983,4.824999999999997,10432530.95,Buy
272,2023-08-09T00:00:00+05:30,233.25,235.65,230.65,234.7,34995276,1.330222079844395,232.4487058096065,231.7732731784106,0.6754326311959176,0.42443977929265253,5.0,5.25,0.25,5.25,4.989285714285712,11617449.9,Buy
273,2023-08-10T00:00:00+05:30,234.75,236.8,234.45,234.8,10715815,1.3653687516225912,232.81044337735935,231.997475165195,0.8129682121643498,0.502145465866992,2.3500000000000227,2.1000000000000227,0.25,2.3500000000000227,5.017857142857143,11143865.2,Buy
274,2023-08-11T00:00:00+05:30,234.0,235.6,233.8,235.25,6055104,1.408893616464778,233.18575978084252,232.2384029307361,0.9473568501064165,0.591187742714877,1.799999999999983,0.799999999999983,1.0,1.799999999999983,4.8999999999999995,11077840.85,Buy
275,2023-08-14T00:00:00+05:30,236.0,236.15,230.75,234.15,6065410,1.4283291593678415,233.33410442994366,232.38000271364453,0.9541017162991352,0.6637705374317286,5.400000000000006,0.9000000000000057,4.5,5.400000000000006,5.039285714285713,11133780.35,Buy
276,2023-08-16T00:00:00+05:30,234.0,234.8,232.1,233.05,4499328,1.3898590987729764,233.29039605610618,232.42963214226344,0.8607639138427317,0.7031692127139293,2.700000000000017,0.6500000000000057,2.0500000000000114,2.700000000000017,5.071428571428571,11051663.45,Buy
277,2023-08-17T00:00:00+05:30,233.7,233.75,231.1,232.25,5579964,1.3512838401924498,233.13033512439753,232.41632605765133,0.7140090667462005,0.7053371835203835,2.6500000000000057,0.6999999999999886,1.950000000000017,2.6500000000000057,5.014285714285713,11069588.95,Buy
278,2023-08-18T00:00:00+05:30,228.5,228.95,227.0,227.25,6782572,1.4462885213793606,232.22566818218255,232.03363523856603,0.19203294361651047,0.602676335539609,1.9499999999999886,3.3000000000000114,5.25,5.25,5.17142857142857,11251688.0,Sell
279,2023-08-21T00:00:00+05:30,227.45,230.8,227.1,230.35,4944200,1.406301258433656,231.93710384646215,231.90892151719078,0.028182329271373874,0.487777534285962,3.700000000000017,3.5500000000000114,0.15000000000000568,3.700000000000017,5.217857142857143,11304676.6,Sell
280,2023-08-22T00:00:00+05:30,230.4,232.0,229.7,230.9,4265688,1.4046638115648833,231.7775494085449,231.83418658999148,-0.05663718144657537,0.37889459113945456,2.3000000000000114,1.6500000000000057,0.6500000000000057,2.3000000000000114,4.510714285714288,11345669.05,Sell
281,2023-08-23T00:00:00+05:30,231.25,231.5,230.45,230.8,2510189,1.3932933472453506,231.6271571918457,231.75758017591804,-0.13042298407233943,0.27703107609709576,1.0500000000000114,0.5999999999999943,0.45000000000001705,1.0500000000000114,3.817857142857146,10921127.25,No Signal
282,2023-08-24T00:00:00+05:30,231.85,232.6,228.5,229.75,6355428,1.4137133726277191,231.33836377771559,231.60887053325743,-0.2705067555418452,0.16752350976930758,4.099999999999994,1.799999999999983,2.3000000000000114,4.099999999999994,3.7071428571428595,10860937.75,No Signal
283,2023-08-25T00:00:00+05:30,229.0,230.05,227.5,227.8,3870379,1.4703399293935073,230.7940001196055,231.32673197523837,-0.5327318556328748,0.027472436688871095,2.5500000000000114,0.30000000000001137,2.25,2.5500000000000114,3.4642857142857184,10663226.15,No Signal
284,2023-08-28T00:00:00+05:30,228.5,230.0,227.5,229.4,3343245,1.4109404848141658,230.57953856274312,231.1840110881837,-0.6044725254405705,-0.09891655573701724,2.5,2.1999999999999886,0.30000000000001137,2.5,3.38571428571429,10389945.3,No Signal
285,2023-08-29T00:00:00+05:30,229.45,230.4,228.8,230.05,3097131,1.392288266939217,230.49807109155188,231.10001026683676,-0.6019391752848833,-0.19952107964659047,1.5999999999999943,1.0,0.5999999999999943,1.5999999999999943,3.085714285714291,9574625.05,No Signal
286,2023-08-30T00:00:00+05:30,230.1,230.45,228.5,228.65,4070913,1.0986665105754834,230.21375246208237,230.91852802484885,-0.7047755627664856,-0.30057197627056953,1.9499999999999886,0.39999999999997726,1.5500000000000114,1.9499999999999886,2.8500000000000045,8661024.0,No Signal
287,2023-08-31T00:00:00+05:30,229.0,230.4,228.4,230.3,10390144,1.0473543893618462,230.2270213140697,230.8727111341193,-0.6456898200495971,-0.36959554502637504,2.0,1.75,0.25,2.0,2.825000000000003,7933309.55,No Signal
288,2023-09-01T00:00:00+05:30,230.7,237.25,230.65,236.9,14869577,1.1393155641681019,231.25363341959743,231.3191769760364,-0.0655435564389677,-0.3087851473088936,6.599999999999994,6.949999999999989,0.3499999999999943,6.949999999999989,3.192857142857146,7980389.05,No Signal
289,2023-09-04T00:00:00+05:30,238.75,248.95,238.15,247.8,24785966,1.8074704782309012,233.79922827812092,232.53997868151518,1.2592495966057413,0.004821801474033347,10.799999999999983,12.049999999999983,1.25,12.049999999999983,3.6678571428571445,8885052.1,No Signal
290,2023-09-05T00:00:00+05:30,249.35,255.9,247.5,255.35,19654487,2.670524925253536,237.11473161994846,234.22960989029184,2.8851217296566176,0.5808817871105503,8.400000000000006,8.099999999999994,0.30000000000001137,8.400000000000006,4.075000000000001,9531825.55,No Signal
291,2023-09-06T00:00:00+05:30,255.95,257.8,252.55,255.8,13346191,3.2820520238484545,239.98938829380253,235.82741656508503,4.1619717287175035,1.297099775431941,5.25,2.450000000000017,2.799999999999983,5.25,4.260714285714286,9509850.35,Buy
292,2023-09-07T00:00:00+05:30,256.0,274.75,254.8,274.0,72255521,4.43156236773009,245.221790094756,238.6550153380417,6.566774756714295,2.351034771688412,19.94999999999999,18.94999999999999,1.0,19.94999999999999,5.310714285714285,11372862.6,Buy
293,2023-09-08T00:00:00+05:30,274.6,284.45,270.9,282.1,41855413,5.601467415025555,250.89536084940892,241.8731623500386,9.022198499370319,3.6852675172247937,13.550000000000011,10.449999999999989,3.1000000000000227,13.550000000000011,6.014285714285713,12929842.5,Buy
294,2023-09-11T00:00:00+05:30,284.0,284.2,277.25,278.95,14505153,6.487454068997966,255.2114591802691,244.61959476855426,10.591864411714823,5.0665868961228,6.949999999999989,2.099999999999966,4.850000000000023,6.949999999999989,6.346428571428569,13352344.95,Buy
295,2023-09-12T00:00:00+05:30,280.0,280.05,269.0,270.75,17547706,7.075632744273825,257.60200392176614,246.55518034125396,11.046823580512182,6.262634233000677,11.050000000000011,1.1000000000000227,9.949999999999989,11.050000000000011,7.060714285714283,13926459.75,Buy
296,2023-09-13T00:00:00+05:30,271.5,281.5,269.0,279.65,17607568,7.38258296699911,260.9940033184175,249.00664846412403,11.9873548542935,7.407578357259242,12.5,10.75,1.75,12.5,7.660714285714284,14581871.75,Buy
297,2023-09-14T00:00:00+05:30,281.3,282.2,276.7,277.55,12033796,7.777219688626228,263.5410797309687,251.12097080011483,12.420108930853871,8.410084471978168,5.5,2.5500000000000114,2.9499999999999886,5.5,7.871428571428568,14904563.35,Buy
298,2023-09-15T00:00:00+05:30,278.5,284.15,277.55,279.3,13288180,7.920083933528489,265.96552900312736,253.2083062964026,12.757222706724747,9.279512118927483,6.599999999999966,6.599999999999966,0.0,6.599999999999966,8.16428571428571,15229843.75,Buy
299,2023-09-18T00:00:00+05:30,279.3,282.75,274.45,281.25,8754852,8.044831317633271,268.3169860795693,255.2854687929654,13.0315172866039,10.029913152462768,8.300000000000011,3.4499999999999886,4.850000000000023,8.300000000000011,8.642857142857139,15420376.35,Buy
300,2023-09-20T00:00:00+05:30,279.5,288.0,279.1,284.3,18615797,8.106253198395255,270.77591129809707,257.4346933268198,13.341217971277274,10.69217411622567,8.899999999999977,6.75,2.1499999999999773,8.899999999999977,9.139285714285709,16137881.8,Buy
301,2023-09-21T00:00:00+05:30,284.9,286.8,278.6,280.45,11071899,8.17136496563858,272.2642326368514,259.1395308581665,13.12470177868488,11.178679648717512,8.199999999999989,2.5,5.699999999999989,8.199999999999989,9.582142857142852,16565967.3,Buy
302,2023-09-22T00:00:00+05:30,280.0,286.1,279.2,283.35,8691024,7.965379809858353,273.969735308105,260.93289894274676,13.036836365358226,11.550310992045656,6.900000000000034,5.650000000000034,1.25,6.900000000000034,9.578571428571426,16682747.1,Buy
303,2023-09-25T00:00:00+05:30,284.3,289.0,281.15,288.05,9118957,7.624482226488428,276.1359298760888,262.9415730951359,13.194356780952944,11.879120149827115,7.850000000000023,5.649999999999977,2.2000000000000455,7.850000000000023,9.278571428571428,16945176.0,Buy
304,2023-09-26T00:00:00+05:30,288.45,291.4,286.15,286.75,11256196,7.31303347316942,277.76886374130595,264.705160273274,13.063703468031974,12.116036813468087,5.25,3.349999999999966,1.900000000000034,5.25,9.053571428571429,17340823.55,Buy
305,2023-09-27T00:00:00+05:30,288.0,293.4,284.5,291.55,12805340,6.795028669972219,279.8890385503358,266.6936669196981,13.19537163063768,12.331903776902006,8.899999999999977,6.649999999999977,2.25,8.899999999999977,9.314285714285713,17826234.0,Buy
306,2023-09-28T00:00:00+05:30,291.55,294.15,289.0,290.2,12432497,6.1286661939430855,281.4753403118226,268.43487677749823,13.040463534324374,12.47361572838648,5.149999999999977,2.599999999999966,2.5500000000000114,5.149999999999977,8.257142857142854,18244313.2,Buy
307,2023-09-29T00:00:00+05:30,292.8,297.5,291.4,295.2,8640829,5.216604987479144,283.58682641769605,270.41747849768353,13.169347920012513,12.612762166711688,6.100000000000023,7.300000000000011,1.1999999999999886,7.300000000000011,7.810714285714283,18156847.45,Buy
308,2023-10-03T00:00:00+05:30,297.05,297.1,290.1,291.9,9348540,4.363609579196178,284.86577619958894,272.008776386744,12.856999812844947,12.66160969593834,7.0,1.900000000000034,5.099999999999966,7.0,7.814285714285712,17880795.6,Buy
309,2023-10-04T00:00:00+05:30,290.8,291.5,285.9,287.95,6338888,3.678505420110487,285.34027216888296,273.1896077655037,12.150664403379267,12.559420637426527,5.600000000000023,0.39999999999997726,6.0,6.0,7.4535714285714265,16958441.7,No Signal
310,2023-10-05T00:00:00+05:30,288.8,290.55,283.9,289.35,8687014,3.075626686421349,285.9571533736702,274.3866738569479,11.570479516722344,12.36163241328569,6.650000000000034,2.6000000000000227,4.050000000000011,6.650000000000034,7.035714285714286,16410068.05,No Signal
311,2023-10-06T00:00:00+05:30,290.95,291.0,287.0,287.8,3741467,2.2175314229585745,286.24066823925943,275.38025357124803,10.860414668011401,12.061388864230834,4.0,1.6499999999999773,2.3500000000000227,4.0,6.928571428571429,15929831.85,No Signal
312,2023-10-09T00:00:00+05:30,286.05,288.95,283.05,287.8,4647845,2.0759967573576352,286.4805654332195,276.30023478819265,10.180330645026856,11.685177220390038,5.899999999999977,1.1499999999999773,4.75,5.899999999999977,6.878571428571429,12549448.05,No Signal
313,2023-10-10T00:00:00+05:30,288.25,303.9,287.8,303.25,23283411,2.383710859333639,289.0604784434934,278.296513692771,10.763964750722437,11.500934726456519,16.099999999999966,16.099999999999966,0.0,16.099999999999966,7.435714285714283,11620847.95,No Signal
314,2023-10-11T00:00:00+05:30,304.55,305.0,299.45,301.85,12321154,2.60941261171762,291.02809714449444,280.0412163821954,10.986880762299052,11.398123933625026,5.550000000000011,1.75,3.8000000000000114,5.550000000000011,7.196428571428571,11511648.0,No Signal
315,2023-10-12T00:00:00+05:30,302.55,309.1,301.9,307.2,15375295,2.6536758069388795,293.5160821991876,282.05297813166237,11.46310406752525,11.411119960405072,7.2000000000000455,7.25,0.049999999999954525,7.25,7.128571428571429,11403027.45,No Signal
316,2023-10-13T00:00:00+05:30,305.0,310.85,304.45,307.95,9516879,2.8942245018672352,295.73668493777416,283.97127604783554,11.765408889938612,11.481977746311781,6.400000000000034,3.650000000000034,2.75,6.400000000000034,7.092857142857143,10998493.0,No Signal
317,2023-10-16T00:00:00+05:30,307.85,313.65,306.55,312.0,10535107,3.092341086747056,298.2387334088858,286.04747782206994,12.191255586815885,11.623833314412602,7.099999999999966,5.699999999999989,1.3999999999999773,7.099999999999966,7.039285714285711,10923558.55,No Signal
318,2023-10-17T00:00:00+05:30,313.0,318.35,312.1,317.4,7760527,3.3822240692861474,301.18662057674953,288.369886872287,12.816733704462536,11.862413392422589,6.25,6.350000000000023,0.10000000000002274,6.350000000000023,7.117857142857141,10647175.9,No Signal
319,2023-10-18T00:00:00+05:30,317.35,319.75,315.25,316.95,9662837,3.623412043211772,303.6117558726342,290.48693228915465,13.124823583479554,12.114895430633982,4.5,2.3500000000000227,2.1499999999999773,4.5,6.803571428571429,10692575.15,No Signal
320,2023-10-19T00:00:00+05:30,315.3,315.7,308.85,314.8,8977527,3.7886504176497295,305.3330241999212,292.2879002677358,13.045123932185447,12.300941130944276,6.849999999999966,1.25,8.099999999999966,8.099999999999966,7.014285714285713,10210661.65,No Signal
321,2023-10-20T00:00:00+05:30,312.5,316.7,309.6,312.4,6009115,3.751227390562075,306.42025124608716,293.77768543308866,12.642565812998498,12.36926606735512,7.099999999999966,1.8999999999999773,5.199999999999989,7.099999999999966,6.999999999999996,9957522.45,No Signal
322,2023-10-23T00:00:00+05:30,312.55,312.85,305.0,306.1,8086150,3.6741573615634855,306.3709818236122,294.6904494750821,11.680532348530107,12.231519323590119,7.850000000000023,0.4500000000000455,7.399999999999977,7.850000000000023,7.060714285714283,9927278.75,No Signal
323,2023-10-25T00:00:00+05:30,306.1,312.7,305.0,310.3,7253336,3.5838056024043734,306.9754461584411,295.8467124769279,11.12873368151321,12.010962195174738,7.699999999999989,6.599999999999966,1.1000000000000227,7.699999999999989,7.182142857142854,9833997.7,No Signal
324,2023-10-26T00:00:00+05:30,309.15,309.15,302.9,305.25,8329092,3.484837366599048,306.7099929032963,296.54325229345176,10.166740609844567,11.642117878108705,6.25,1.150000000000034,7.400000000000034,7.400000000000034,7.235714285714282,9687642.5,No Signal
325,2023-10-27T00:00:00+05:30,306.0,317.15,306.0,313.95,10503070,3.3998971841762318,307.823840148943,297.8326410124553,9.991199136487694,11.311934129784502,11.149999999999977,11.899999999999977,0.75,11.899999999999977,7.799999999999995,9572529.0,Sell
326,2023-10-30T00:00:00+05:30,315.0,315.8,311.95,314.55,6229982,3.3467616568966254,308.85863397218253,299.0709639004216,9.787670071760942,11.007081318179791,3.8500000000000227,1.8500000000000227,2.0,3.8500000000000227,7.653571428571427,9262403.25,Sell
327,2023-10-31T00:00:00+05:30,316.75,316.8,310.75,314.25,7446586,3.3515095609160146,309.68807489953906,300.1953369448348,9.49273795470424,10.70421264548468,6.050000000000011,2.25,3.8000000000000114,6.050000000000011,6.935714285714288,9202691.1,No Signal
328,2023-11-01T00:00:00+05:30,313.2,315.8,305.85,306.65,9593653,3.2810617300904856,309.2206787611484,300.67346013410634,8.54721862704207,10.27281384179616,9.949999999999989,1.5500000000000114,8.399999999999977,9.949999999999989,7.25,9214946.75,Sell
329,2023-11-02T00:00:00+05:30,308.95,312.8,307.3,308.85,7071960,2.9605993783249684,309.16365125943327,301.2791297538022,7.884521505631085,9.795155374563144,5.5,6.150000000000034,0.6500000000000341,6.150000000000034,7.1714285714285735,9251600.35,Sell
330,2023-11-03T00:00:00+05:30,310.6,314.7,310.3,312.0,4658440,2.630159262499519,309.6000126041358,302.07326829055756,7.526744313578263,9.341473162366169,4.399999999999977,5.849999999999966,1.4499999999999886,5.849999999999966,7.1321428571428545,9050171.65,No Signal
331,2023-11-06T00:00:00+05:30,313.2,319.55,313.0,316.55,10340818,2.1735577080230635,310.66924143426877,303.1456187875533,7.5236226467154665,8.977903059236029,6.550000000000011,7.550000000000011,1.0,7.550000000000011,7.1642857142857155,9380139.2,No Signal
332,2023-11-07T00:00:00+05:30,316.5,318.8,313.65,314.25,6826885,1.4890309098372971,311.2201273674582,303.96816554403085,7.251961823427337,8.63271481207429,5.150000000000034,2.25,2.900000000000034,5.150000000000034,7.07857142857143,9489091.2,No Signal
333,2023-11-08T00:00:00+05:30,316.0,318.15,314.55,317.4,6424833,1.4308026485311856,312.17087700323384,304.963116244473,7.207760758760855,8.347724001411605,3.599999999999966,3.8999999999999773,0.30000000000001137,3.8999999999999773,7.035714285714286,8646162.3,No Signal
334,2023-11-09T00:00:00+05:30,318.45,324.5,315.7,323.55,15503280,1.4513733829743556,313.9215113104286,306.3399224485861,7.581588861842533,8.194496973497792,8.800000000000011,7.100000000000023,1.6999999999999886,8.800000000000011,7.085714285714289,8805268.6,No Signal
335,2023-11-10T00:00:00+05:30,324.45,326.15,321.55,323.4,8445203,1.574730940055077,315.37974033959347,307.603631896839,7.7761084427544915,8.110819267349132,4.599999999999966,2.599999999999966,2.0,4.599999999999966,6.90714285714286,8458764.0,No Signal
336,2023-11-12T00:00:00+05:30,330.0,336.7,328.25,331.8,10263484,1.9209712626594557,317.90593413350217,309.3959554600361,8.509978673466094,8.190651148572526,8.449999999999989,13.300000000000011,4.850000000000023,13.300000000000011,7.2964285714285735,8496094.25,Buy
337,2023-11-13T00:00:00+05:30,333.0,350.0,330.3,349.35,42178783,2.863539132363639,322.743482728348,312.3555143148482,10.387968413499777,8.630114601557976,19.69999999999999,18.19999999999999,1.5,19.69999999999999,8.15357142857143,10078278.05,Buy
338,2023-11-15T00:00:00+05:30,359.0,359.0,348.6,350.6,35092206,3.5894952059778116,327.02910077014064,315.188439180415,11.840661589725642,9.27222399919151,10.399999999999977,9.649999999999977,0.75,10.399999999999977,8.367857142857142,11444862.0,Buy
339,2023-11-16T00:00:00+05:30,353.0,354.5,344.85,345.8,17617280,4.052257559176339,329.91693142088826,317.45596220408794,12.460969216800322,9.909973042713274,9.649999999999977,3.8999999999999773,5.75,9.649999999999977,8.207142857142856,11842584.15,Buy
340,2023-11-17T00:00:00+05:30,348.0,348.55,342.3,345.25,13542916,4.367431240556876,332.2758650484439,319.51477981859995,12.761085229843957,10.480195480139411,6.25,2.75,3.5,6.25,8.378571428571425,12070853.6,Buy
341,2023-11-20T00:00:00+05:30,348.0,352.4,343.95,347.75,19032608,4.613788103461451,334.6565011948371,321.60627760981475,13.050223585022366,10.994201101116003,8.449999999999989,7.149999999999977,1.3000000000000114,8.449999999999989,8.549999999999995,12722028.25,Buy
342,2023-11-21T00:00:00+05:30,335.0,338.5,328.85,334.2,15148068,4.705225559047354,334.58627024178526,322.53914593501366,12.047124306771593,11.204785742247122,9.649999999999977,9.25,18.899999999999977,18.899999999999977,9.189285714285708,13075124.15,Buy
343,2023-11-22T00:00:00+05:30,335.8,337.9,330.0,332.15,7599447,4.6541863250751225,334.21145943535674,323.2510610509386,10.96039838441817,11.155908270681332,7.899999999999977,3.6999999999999886,4.199999999999989,7.899999999999977,9.314285714285704,13092429.7,Sell
344,2023-11-23T00:00:00+05:30,332.5,336.05,330.0,334.45,6186567,4.432275098458778,334.2481579837634,324.08061208420236,10.167545899561048,10.958235796457275,6.050000000000011,3.900000000000034,2.1499999999999773,6.050000000000011,9.328571428571422,12985303.45,Sell
345,2023-11-24T00:00:00+05:30,335.35,337.45,332.1,332.8,7054445,4.374426242226879,334.0253644477998,324.7264926705577,9.298871777242084,10.626362992614238,5.349999999999966,3.0,2.349999999999966,5.349999999999966,9.171428571428562,12812872.2,Sell
346,2023-11-28T00:00:00+05:30,334.8,342.5,333.3,341.95,10791886,4.251141194929901,335.2445391481383,326.0023080282942,9.24223111984412,10.349536618060215,9.199999999999989,9.699999999999989,0.5,9.699999999999989,9.496428571428558,13040967.4,Sell
347,2023-11-29T00:00:00+05:30,343.0,345.0,338.1,342.35,14149513,4.19978414554337,336.3376869715016,327.21324817434646,9.124438797155165,10.104517053879206,6.899999999999977,3.0500000000000114,3.849999999999966,6.899999999999977,9.710714285714273,13376113.75,Sell
348,2023-11-30T00:00:00+05:30,345.0,345.0,338.05,342.15,11959336,3.925659419991622,337.23188897588597,328.319674235506,8.912214740379966,9.866056591179358,6.949999999999989,2.6499999999999773,4.300000000000011,6.949999999999989,9.578571428571413,13494397.9,Sell
349,2023-12-01T00:00:00+05:30,343.8,351.1,342.45,346.65,15105221,3.630957439600623,338.680829133442,329.677476143987,9.003352989454982,9.693515870834483,8.650000000000034,8.950000000000045,0.30000000000001137,8.950000000000045,9.889285714285705,13896060.95,Sell
350,2023-12-04T00:00:00+05:30,351.1,360.0,350.65,354.7,22705896,3.4496426008771293,341.1453169590663,331.5309964296176,9.614320529448719,9.67767680255733,9.350000000000023,13.350000000000023,4.0,13.350000000000023,9.892857142857135,14798433.75,Sell
351,2023-12-05T00:00:00+05:30,355.7,356.45,350.0,355.55,15782945,3.380463470347872,343.36142204228685,333.31018187927555,10.0512401630113,9.752389474648126,6.449999999999989,1.75,4.699999999999989,6.449999999999989,8.946428571428564,15070540.1,Buy
352,2023-12-06T00:00:00+05:30,355.8,362.5,349.45,352.15,14817158,3.1148247710748227,344.7135109588581,334.70572396229215,10.007786996565926,9.803468979031686,13.050000000000011,6.949999999999989,6.100000000000023,13.050000000000011,9.13571428571428,15470053.75,Buy
353,2023-12-07T00:00:00+05:30,353.8,353.8,348.4,351.95,8507659,2.799535375913039,345.8268169651876,335.9830777428631,9.84373922232453,9.811523027690255,5.400000000000034,1.650000000000034,3.75,5.400000000000034,8.832142857142856,15574195.05,Buy
354,2023-12-08T00:00:00+05:30,352.0,358.4,346.9,351.0,13444251,2.5744447463615043,346.62269127823566,337.09544235450284,9.527248923732827,9.754668206898769,11.5,6.449999999999989,5.050000000000011,11.5,9.207142857142856,15471243.6,Sell
355,2023-12-11T00:00:00+05:30,351.0,358.6,351.0,353.65,11420609,2.2628669845937583,347.70381569696866,338.3217058837989,9.382109813169734,9.680156528152962,7.600000000000023,7.600000000000023,0.0,7.600000000000023,9.146428571428572,15620013.9,Sell
356,2023-12-12T00:00:00+05:30,354.15,354.6,345.15,347.5,8789103,2.1314730073550994,347.67245943589654,339.001579522036,8.670879913860517,9.478301205294473,9.450000000000045,0.9500000000000455,8.5,9.450000000000045,8.471428571428577,15546294.85,No Signal
357,2023-12-13T00:00:00+05:30,349.4,349.8,343.7,345.2,8091533,2.1304037823443576,347.2920810611432,339.460721779663,7.831359281480218,9.148912820531622,6.100000000000023,2.3000000000000114,3.8000000000000114,6.100000000000023,8.342857142857152,13841932.35,No Signal
358,2023-12-14T00:00:00+05:30,349.2,351.2,345.8,347.6,13142466,2.0921850808479494,347.33945320558274,340.06363127746573,7.275821928117011,8.774294642048702,5.399999999999977,6.0,0.6000000000000227,6.0,8.339285714285722,12744445.35,No Signal
359,2023-12-15T00:00:00+05:30,350.0,354.35,348.45,350.0,14331890,2.0999104886033675,347.74876809703153,340.79965859024605,6.949109506785476,8.409257614996056,5.900000000000034,6.75,0.8499999999999659,6.75,8.439285714285726,12580175.85,No Signal
360,2023-12-18T00:00:00+05:30,351.0,351.25,342.3,347.65,7959685,2.1187471176404,347.7335730051805,341.3070912872649,6.426481717915635,8.012702435579973,8.949999999999989,1.25,7.699999999999989,8.949999999999989,8.385714285714297,12301014.3,No Signal
361,2023-12-19T00:00:00+05:30,346.5,369.75,346.5,366.95,28937243,2.3927720236653474,350.6899463889989,343.20656600672675,7.483380382272173,7.906838024918414,23.25,22.100000000000023,1.1499999999999773,23.25,9.553571428571441,12796246.05,Sell
362,2023-12-20T00:00:00+05:30,369.0,371.8,350.0,352.15,23224408,2.37426989247535,350.91457002146063,343.86904259882107,7.045527422639566,7.734575904462645,21.80000000000001,4.850000000000023,16.94999999999999,21.80000000000001,10.614285714285728,13200063.05,Sell
363,2023-12-21T00:00:00+05:30,351.1,356.8,346.1,355.5,10028664,2.1719247933479546,351.62002078738976,344.7305949989084,6.88942578848139,7.565545881266394,10.699999999999989,4.650000000000034,6.0499999999999545,10.699999999999989,10.739285714285725,13321523.9,Sell
364,2023-12-22T00:00:00+05:30,359.0,367.4,356.4,363.25,13916380,2.1003055308192407,353.40924835856055,346.102402776767,7.306845581793539,7.5138058213718235,11.0,11.899999999999977,0.8999999999999773,11.899999999999977,10.635714285714291,13708014.55,Sell
365,2023-12-26T00:00:00+05:30,363.8,371.8,362.5,366.05,11910267,1.9918807508439482,355.3539793803205,347.58000257108057,7.773976809239912,7.565840018945441,9.300000000000011,8.550000000000011,0.75,9.300000000000011,10.839285714285722,13950805.65,Buy
366,2023-12-27T00:00:00+05:30,367.0,369.2,362.4,365.6,7890042,2.0625652300912884,356.9302902448866,348.914817195445,8.015473049441596,7.655766625044673,6.800000000000011,3.1499999999999773,3.650000000000034,6.800000000000011,10.392857142857151,13805713.45,Buy
367,2023-12-28T00:00:00+05:30,366.8,382.5,365.8,380.95,28310022,2.4705251533978725,360.6256302072117,351.2877936994861,9.337836507725626,7.992180601580864,16.69999999999999,16.899999999999977,0.19999999999998863,16.899999999999977,11.214285714285719,14513738.9,Buy
368,2023-12-29T00:00:00+05:30,381.5,381.7,374.25,376.0,8859317,2.6696250288671197,362.9909178676407,353.1183274995241,9.872590368116562,8.368262554888004,7.449999999999989,0.75,6.699999999999989,7.449999999999989,10.925000000000002,14358737.95,Buy
369,2024-01-01T00:00:00+05:30,377.8,386.8,377.45,381.8,11124690,2.940936415904,365.8846228110806,355.2428958328927,10.641726978187876,8.822955439547979,9.350000000000023,10.800000000000011,1.4499999999999886,10.800000000000011,11.15357142857143,14159711.4,Buy
370,2024-01-02T00:00:00+05:30,387.4,395.85,384.25,392.65,28363847,3.453404379421686,370.00237314783743,358.01379243786363,11.988580709973803,9.456080493633145,11.600000000000023,14.050000000000011,2.4499999999999886,14.050000000000011,11.482142857142858,14442608.95,Buy
371,2024-01-03T00:00:00+05:30,394.8,394.8,383.85,384.55,12903439,3.784987588730431,372.24046958663166,359.97943744246635,12.261032144165313,10.01707082373958,10.949999999999989,2.150000000000034,8.799999999999955,10.949999999999989,11.828571428571426,14298633.65,Buy
372,2024-01-04T00:00:00+05:30,387.8,389.8,383.9,384.75,11039940,3.9633938026688535,374.1650127271499,361.81429392820957,12.350718798940306,10.483800418779726,5.900000000000034,5.25,0.6500000000000341,5.900000000000034,11.821428571428571,14109772.75,Buy
373,2024-01-05T00:00:00+05:30,386.8,388.5,382.5,384.25,8369460,4.084503944638259,375.7165492306653,363.47619808167553,12.24035114898976,10.835110564821733,6.0,3.75,2.25,6.0,11.767857142857142,14102862.8,Buy
374,2024-01-08T00:00:00+05:30,386.45,388.65,379.25,380.4,9424716,4.128757639746195,376.43708011825527,364.7298130385885,11.707267079666792,11.009541867790745,9.399999999999977,4.399999999999977,5.0,9.399999999999977,11.799999999999999,13901886.05,Buy
375,2024-01-09T00:00:00+05:30,383.65,387.95,382.1,385.35,9473743,4.140947341673851,377.8082985616006,366.2572342949893,11.55106426661132,11.11784634755486,5.849999999999966,7.550000000000011,1.7000000000000455,7.550000000000011,10.678571428571429,13804542.75,Buy
376,2024-01-10T00:00:00+05:30,385.85,385.85,375.85,382.05,9670366,4.055765212038952,378.4608680136621,367.4270687916568,11.033799222005314,11.101036922444951,10.0,0.5,9.5,10.0,9.835714285714285,13848605.9,No Signal
377,2024-01-11T00:00:00+05:30,385.5,388.9,383.3,384.35,9163771,3.8241505508992635,379.36688831925255,368.68061925153404,10.686269067718513,11.018083351499664,5.599999999999966,6.849999999999966,1.25,6.849999999999966,9.560714285714283,13902217.8,No Signal
378,2024-01-12T00:00:00+05:30,385.8,385.8,379.55,381.1,7471050,3.5934410811796416,379.6335208855214,369.60057338105,10.032947504471394,10.82105618209401,6.25,1.4499999999999886,4.800000000000011,6.25,9.157142857142857,13618647.0,No Signal
379,2024-01-15T00:00:00+05:30,382.5,387.9,381.4,384.65,7490747,3.316186350020367,380.4052869031335,370.71534572319445,9.68994117993907,10.594833181663022,6.5,6.7999999999999545,0.2999999999999545,6.7999999999999545,8.978571428571424,13276589.85,No Signal
380,2024-01-16T00:00:00+05:30,385.4,386.95,377.05,381.9,10165133,2.901175948101831,380.6352427641899,371.54383863258744,9.091404131602474,10.294147371650913,9.899999999999977,2.3000000000000114,7.599999999999966,9.899999999999977,9.199999999999992,13386862.25,No Signal
381,2024-01-17T00:00:00+05:30,381.8,385.35,377.2,379.65,10996538,2.858483037638224,380.4836669543145,372.14429503017357,8.339371924140949,9.903192282148922,8.150000000000034,3.4500000000000455,4.699999999999989,8.150000000000034,8.574999999999998,12489827.0,No Signal
382,2024-01-18T00:00:00+05:30,380.8,382.55,368.0,375.65,12493835,2.426015842571141,379.74002588442,372.4039768797903,7.336049004629672,9.389763626645072,14.550000000000011,2.900000000000034,11.649999999999977,14.550000000000011,9.082142857142856,11953298.35,No Signal
383,2024-01-19T00:00:00+05:30,380.65,384.9,379.1,383.25,15893456,1.9228328525703233,380.28002190220155,373.20738599980587,7.072635902395689,8.926338081795196,5.7999999999999545,9.25,3.4500000000000455,9.25,8.97142857142857,12246537.95,No Signal
384,2024-01-20T00:00:00+05:30,386.5,401.5,384.45,398.8,26121433,1.8622065100193792,383.12924930186284,375.10313518500544,8.0261141168574,8.746293288807637,17.05000000000001,18.25,1.1999999999999886,18.25,9.271428571428569,12856790.6,No Signal
385,2024-01-23T00:00:00+05:30,403.5,404.8,373.65,375.3,16406737,1.7715598961020276,381.92474940926854,375.11771776389395,6.807031645374593,8.358440960121028,31.150000000000034,6.0,25.150000000000034,31.150000000000034,10.714285714285714,13081614.1,Sell
386,2024-01-24T00:00:00+05:30,379.8,387.8,374.25,382.6,22938994,1.4084630857760034,382.02863411553494,375.6719608924944,6.356673223040559,7.958087412704935,13.550000000000011,12.5,1.0500000000000114,13.550000000000011,11.260714285714284,13834061.7,Sell
387,2024-01-25T00:00:00+05:30,386.8,391.7,385.35,389.4,13440949,1.4248797875942043,383.1626904054526,376.68885267823555,6.473837727217074,7.661237475607363,6.349999999999966,9.099999999999966,2.75,9.099999999999966,11.482142857142852,13090608.05,Sell
388,2024-01-29T00:00:00+05:30,392.9,414.7,391.5,412.8,27149058,2.0231010132473912,387.72227649692144,379.36375247984773,8.358524017073705,7.8006947839006315,23.19999999999999,25.30000000000001,2.1000000000000227,25.30000000000001,12.617857142857142,14005095.1,Buy
389,2024-01-30T00:00:00+05:30,415.75,415.8,401.6,402.55,14159072,2.27284701948046,390.0034647281643,381.0812522961553,8.922212432009019,8.024998313522309,14.199999999999989,3.0,11.199999999999989,14.199999999999989,13.09285714285714,14156814.2,Buy
390,2024-01-31T00:00:00+05:30,405.05,409.15,400.4,406.15,23750822,2.4847748677052093,392.4875470776775,382.93819657051415,9.549350507163354,8.329868752250519,8.75,6.599999999999966,2.150000000000034,8.75,13.003571428571425,13926162.95,Buy
391,2024-02-01T00:00:00+05:30,408.8,411.9,402.5,406.7,8862155,2.7016071566321025,394.67407829649636,384.69833015788345,9.975748138612914,8.659044629522999,9.399999999999977,5.75,3.6499999999999773,9.399999999999977,13.185714285714283,13724098.75,Buy
392,2024-02-02T00:00:00+05:30,410.8,422.9,409.65,419.8,25177075,3.1045244539733683,398.53960471242,387.2984538498921,11.241150862527888,9.175465876123978,13.25,16.19999999999999,2.9499999999999886,16.19999999999999,13.896428571428569,14430955.5,Buy
393,2024-02-05T00:00:00+05:30,423.25,450.0,417.1,440.25,31418925,3.8929244436055845,404.9565886028169,391.22079060175196,13.73579800106495,10.087532301112173,32.89999999999998,30.19999999999999,2.6999999999999886,32.89999999999998,15.760714285714284,15583428.75,Buy
394,2024-02-06T00:00:00+05:30,444.8,451.0,437.25,448.65,13386526,4.668677997204303,411.67865189469126,395.4748061127333,16.203845781957966,11.310794997281333,13.75,10.75,3.0,13.75,16.035714285714285,15781519.25,Buy
395,2024-02-07T00:00:00+05:30,454.0,460.55,447.8,453.4,11866445,5.373819147881945,418.09732083396955,399.7655612154938,18.331759618475758,12.714987921520219,12.75,11.900000000000034,0.8499999999999659,12.75,16.36428571428571,15901154.35,Buy
396,2024-02-08T00:00:00+05:30,454.8,468.6,450.0,459.2,18790158,5.9636711394688335,424.4208099364358,404.16811223656833,20.25269769986744,14.222529877189663,18.600000000000023,15.200000000000045,3.3999999999999773,18.600000000000023,16.65357142857143,16357143.95,Buy
397,2024-02-09T00:00:00+05:30,462.2,463.8,435.65,456.2,17472069,6.44577392778838,429.30991610006106,408.0223261449707,21.287589955090368,15.635541892769805,28.150000000000034,4.600000000000023,23.55000000000001,28.150000000000034,18.00357142857143,16772558.85,Buy
398,2024-02-12T00:00:00+05:30,457.0,457.45,430.05,432.8,19472346,6.767657143073789,429.84685208466703,409.8577093934914,19.98914269117563,16.50626205245097,27.399999999999977,1.25,26.149999999999977,27.399999999999977,18.657142857142855,17372623.65,Buy
399,2024-02-13T00:00:00+05:30,443.8,457.85,434.0,452.35,35665854,6.669182850867826,433.30887484087214,413.005286475455,20.303588365417113,17.265727315044202,23.850000000000023,25.05000000000001,1.1999999999999886,25.05000000000001,18.221428571428568,18781379.0,Buy
400,2024-02-14T00:00:00+05:30,451.65,468.0,443.0,466.35,18592696,6.7516702603377095,438.39212486535337,416.9567467365324,21.435378128820957,18.099657477799553,25.0,15.649999999999977,9.350000000000023,25.0,19.03928571428571,19202757.15,Buy
401,2024-02-15T00:00:00+05:30,469.0,481.25,467.55,476.85,18501875,6.893961558878519,444.3087210399144,421.3932840153078,22.915437024606604,19.062813387160965,13.699999999999989,14.899999999999977,1.1999999999999886,14.899999999999977,19.453571428571426,19578024.0,Buy
402,2024-02-16T00:00:00+05:30,482.4,487.6,477.5,480.0,14513583,6.9613893777544344,449.79968703377375,425.7345222363961,24.065164797377633,20.0632836692043,10.100000000000023,10.75,0.6499999999999773,10.75,18.41428571428571,19679011.4,Buy
403,2024-02-19T00:00:00+05:30,482.8,487.45,455.45,461.0,19798448,7.060205050536992,451.52281210550086,428.3467798485149,23.176032256985934,20.685833386760628,32.0,7.449999999999989,24.55000000000001,32.0,19.685714285714283,19874261.0,Buy
404,2024-02-20T00:00:00+05:30,457.95,457.95,441.0,446.5,27899165,7.121710425043724,450.7500717815777,429.691462822699,21.058608958878665,20.760388501184234,16.94999999999999,3.0500000000000114,20.0,20.0,20.48928571428571,19963147.6,Buy
405,2024-02-21T00:00:00+05:30,450.95,450.95,431.0,432.95,19032050,6.632133417382831,448.0115991997965,429.93283594694356,18.078763252852923,20.224063451517974,19.94999999999999,4.449999999999989,15.5,19.94999999999999,21.24285714285714,20094413.25,Sell
406,2024-02-22T00:00:00+05:30,438.0,448.0,427.95,445.15,22083710,5.798984951462121,447.57135316905857,431.060033284207,16.51131988485156,19.481514738184693,20.05000000000001,15.050000000000011,5.0,20.05000000000001,21.517857142857142,20051649.05,Sell
407,2024-02-23T00:00:00+05:30,448.0,449.6,441.65,443.9,9625544,5.175178643140667,447.006529604588,432.0111419298213,14.995387674766732,18.584289325501103,7.9500000000000455,4.4500000000000455,3.5,7.9500000000000455,19.73571428571429,19860878.8,Sell
408,2024-02-26T00:00:00+05:30,443.9,447.25,440.55,442.3,7570244,4.953551835317825,446.2824481269591,432.77327956464933,13.509168562309753,17.569265172862835,6.699999999999989,3.3500000000000227,3.349999999999966,6.699999999999989,19.23214285714286,18881938.1,Sell
409,2024-02-27T00:00:00+05:30,442.3,445.3,435.05,441.4,8343526,4.459145000326483,445.5313022612731,433.4122958931938,12.119006368079283,16.479213411906127,10.25,3.0,7.25,10.25,19.053571428571434,18591160.8,Sell
410,2024-02-28T00:00:00+05:30,440.3,442.85,430.35,434.2,8893614,4.056838436256202,443.788024990308,433.47064434554983,10.317380644758146,15.24684685847653,12.5,1.4500000000000455,11.049999999999955,12.5,18.617857142857144,17848300.4,Sell
411,2024-02-29T00:00:00+05:30,444.0,444.0,429.65,436.7,11711699,3.457869990060868,442.6975596071837,433.7098558755091,8.987703731674571,13.99501823311614,14.350000000000023,9.800000000000011,4.550000000000011,14.350000000000023,17.63214285714286,17990777.6,No Signal
412,2024-03-01T00:00:00+05:30,438.0,448.8,438.0,446.35,8411615,3.0313190375634282,443.2594735137708,434.64616284769363,8.613310666077155,12.918676719708344,10.800000000000011,12.100000000000023,1.3000000000000114,12.100000000000023,16.539285714285718,17152504.6,No Signal
413,2024-03-02T00:00:00+05:30,447.2,450.0,446.45,448.5,1085461,2.976040009821965,444.06570835780605,435.6723730071237,8.393335350682321,12.01360844590314,3.5500000000000114,3.6499999999999773,0.0999999999999659,3.6499999999999773,15.010714285714288,15635831.4,No Signal
414,2024-03-04T00:00:00+05:30,451.85,458.0,448.05,455.4,11977226,2.940394244878699,445.80944553352816,437.13367871029976,8.6757668232284,11.346040121368192,9.949999999999989,9.5,0.44999999999998863,9.949999999999989,13.935714285714287,15565366.4,No Signal
415,2024-03-05T00:00:00+05:30,456.0,461.75,453.55,460.65,9605493,2.9454064004025287,448.0926077591392,438.8756284354627,9.216979323676469,10.920227961829848,8.199999999999989,6.350000000000023,1.849999999999966,8.199999999999989,13.457142857142859,15452318.8,No Signal
416,2024-03-06T00:00:00+05:30,462.45,464.95,444.55,461.6,14061966,2.9582473161441674,450.170668103887,440.558915218021,9.611752885865997,10.658532946637079,20.399999999999977,4.300000000000011,16.099999999999966,20.399999999999977,14.146428571428572,15215909.2,No Signal
417,2024-03-07T00:00:00+05:30,461.6,465.4,456.05,458.6,9680802,2.990244589056481,451.4674883955967,441.895291868538,9.572196527058736,10.441265662721412,9.349999999999966,3.7999999999999545,5.550000000000011,9.349999999999966,12.528571428571427,14826345.85,No Signal
418,2024-03-11T00:00:00+05:30,461.0,462.85,452.4,453.9,7824738,2.868272297909996,451.8417209501203,442.7845295079055,9.057191442214787,10.164450818620088,10.450000000000045,4.25,6.2000000000000455,10.450000000000045,11.846428571428573,14243965.45,No Signal
419,2024-03-12T00:00:00+05:30,453.9,455.8,446.7,449.3,8409613,2.901289124509198,451.4506869577941,443.2671569517644,8.183530006029741,9.76826665610202,9.100000000000023,1.900000000000034,7.199999999999989,9.100000000000023,11.071428571428575,12881153.4,No Signal
420,2024-03-13T00:00:00+05:30,449.3,449.9,410.0,417.05,17803423,3.535382546212399,446.15827357967197,441.32514532570775,4.833128253964219,8.78123897567446,39.89999999999998,0.5999999999999659,39.30000000000001,39.89999999999998,12.489285714285716,12841689.75,No Signal
421,2024-03-14T00:00:00+05:30,419.0,428.85,412.2,427.7,20478918,3.2839567951629727,443.3185391827993,440.31587530158123,3.0026638812180977,7.625523956783188,16.650000000000034,11.800000000000011,4.850000000000023,16.650000000000034,13.110714285714286,12940541.9,No Signal
422,2024-03-15T00:00:00+05:30,427.7,428.05,401.2,415.25,25435001,3.2582359433515853,439.0003023854456,438.4591437977604,0.5411585876851746,6.208650882963585,26.850000000000023,0.35000000000002274,26.5,26.850000000000023,14.550000000000002,13486612.8,No Signal
423,2024-03-18T00:00:00+05:30,416.0,423.5,413.55,421.85,9803914,3.261539551339141,436.36179432614625,437.2288368497782,-0.8670425236319375,4.793512201644481,9.949999999999989,8.25,1.6999999999999886,9.949999999999989,14.52857142857143,12986886.1,No Signal
424,2024-03-19T00:00:00+05:30,417.0,424.6,414.0,419.05,8373676,3.4898592689864416,433.698441352893,435.8822563423872,-2.1838149894942376,3.3980467634167377,10.600000000000023,2.75,7.850000000000023,10.600000000000023,14.392857142857148,12010611.65,No Signal
425,2024-03-20T00:00:00+05:30,419.8,422.8,412.7,419.5,6950340,3.644398175776116,431.5140657601402,434.6687558725808,-3.154690112440562,2.087499388245278,10.100000000000023,3.75,6.350000000000023,10.100000000000023,14.089285714285719,11406526.15,No Signal
426,2024-03-21T00:00:00+05:30,424.0,433.55,423.15,432.05,9911230,3.5488560661709108,431.59651718165713,434.4747739560933,-2.8782567744361813,1.0943481557089862,10.400000000000034,14.050000000000011,3.6499999999999773,14.050000000000011,14.228571428571431,10797902.15,No Signal
427,2024-03-22T00:00:00+05:30,430.9,436.2,428.3,431.95,9172888,3.5595283599733243,431.6508991537099,434.2877536630494,-2.636854509339514,0.34810762269928625,7.899999999999977,4.149999999999977,3.75,7.899999999999977,14.53214285714286,10775269.35,No Signal
428,2024-03-26T00:00:00+05:30,433.8,440.95,430.9,435.95,9389403,3.5237819158722163,432.3122992839084,434.41088302134204,-2.098583737433671,-0.14123064932730525,10.050000000000011,9.0,1.0500000000000114,10.050000000000011,14.53928571428572,10866227.3,Sell
429,2024-03-27T00:00:00+05:30,439.8,439.8,426.05,429.45,17985246,3.6020434841394886,431.87194554792245,434.0434102049463,-2.1714646570238756,-0.5472774508666194,13.75,3.8500000000000227,9.899999999999977,13.75,14.935714285714292,11348313.3,Sell
430,2024-03-28T00:00:00+05:30,430.0,438.45,430.0,434.1,10332853,3.563741005787506,432.2147231559344,434.047602041617,-1.8328788856825895,-0.8043977378298134,8.449999999999989,9.0,0.5500000000000114,9.0,14.121428571428579,11420275.25,Sell
431,2024-04-01T00:00:00+05:30,436.7,443.8,434.8,442.05,7256592,3.5058046800800735,433.727842670406,434.64037226075646,-0.9125295903504593,-0.8260241083339426,9.0,9.699999999999989,0.6999999999999886,9.699999999999989,14.146428571428581,11197519.9,Sell
432,2024-04-02T00:00:00+05:30,442.05,448.3,436.05,443.2,11530800,3.4801554743268266,435.1850976441897,435.2744187599597,-0.08932111577001933,-0.678683509821158,12.25,6.25,6.0,12.25,14.275000000000006,11353479.15,Buy
433,2024-04-03T00:00:00+05:30,443.2,447.0,440.9,445.5,6972648,3.440936948923543,436.7720056989297,436.0318692221849,0.7401364767447944,-0.39491951250796753,6.100000000000023,3.8000000000000114,2.3000000000000114,6.100000000000023,14.060714285714292,11647838.5,Buy
434,2024-04-04T00:00:00+05:30,450.0,453.5,442.55,448.85,14743020,3.341387946462481,438.6301586683252,436.98136039091196,1.6487982774132206,0.013824045476270091,10.949999999999989,8.0,2.9499999999999886,10.949999999999989,11.992857142857149,11786128.2,No Signal
435,2024-04-05T00:00:00+05:30,448.75,448.85,444.0,446.95,4820138,3.170130703455533,439.91013425781364,437.7197781397333,2.190356118080331,0.4491304599970823,4.850000000000023,0.0,4.850000000000023,4.850000000000023,11.150000000000006,11546860.45,No Signal
436,2024-04-08T00:00:00+05:30,449.0,450.45,444.55,447.4,3980972,2.9450374446669385,441.0624212950731,438.43683161086415,2.625589684208933,0.8844223048394524,5.899999999999977,3.5,2.3999999999999773,5.899999999999977,9.65357142857143,11042810.75,No Signal
437,2024-04-09T00:00:00+05:30,448.7,450.3,437.25,439.85,8005012,2.7522327388094388,440.87589494198494,438.5415107508001,2.3343841911848244,1.1744146821085268,13.050000000000011,2.900000000000034,10.149999999999977,13.050000000000011,9.875000000000004,10959021.25,No Signal
438,2024-04-10T00:00:00+05:30,442.55,458.6,442.1,456.35,15825331,2.6990436377465072,443.2565264893719,439.8606581025927,3.3958683867791706,1.6187054230426556,16.5,18.75,2.25,18.75,10.457142857142859,11359050.9,No Signal
439,2024-04-12T00:00:00+05:30,455.0,463.45,452.55,455.6,11259294,2.802848099843665,445.1555224140839,441.02653528017845,4.1289871339054685,2.120761765215218,10.899999999999977,7.099999999999966,3.8000000000000114,10.899999999999977,10.514285714285714,11501534.95,No Signal
440,2024-04-15T00:00:00+05:30,448.95,455.8,441.1,451.0,7680715,2.7589543788200244,446.05467281191716,441.76531044460967,4.28936236730749,2.5544818856336726,14.699999999999989,0.19999999999998863,14.5,14.699999999999989,10.560714285714283,10995399.55,No Signal
441,2024-04-16T00:00:00+05:30,449.0,456.4,446.35,450.6,3083749,2.791283348140139,446.7539539177761,442.4197318931571,4.334222024618953,2.910429913430729,10.049999999999955,5.399999999999977,4.649999999999977,10.049999999999955,10.71428571428571,10125641.1,No Signal
442,2024-04-18T00:00:00+05:30,454.95,456.8,435.15,438.6,10945138,2.586943332421049,445.49949946888745,442.1367887899603,3.362710678927158,3.0008860665300148,21.650000000000034,6.199999999999989,15.450000000000045,21.650000000000034,11.542857142857141,9401147.95,No Signal
443,2024-04-19T00:00:00+05:30,436.0,438.6,428.05,434.2,3701232,2.4528695346626597,443.76111493521245,441.5488785092225,2.2122364259899427,2.8431561384220005,10.550000000000011,0.0,10.550000000000011,10.550000000000011,11.314285714285713,9096013.85,No Signal
444,2024-04-22T00:00:00+05:30,440.9,444.5,438.0,442.95,6396926,2.129904525349186,443.6363280221028,441.65266528631713,1.9836627357856855,2.671257457894738,6.5,10.300000000000011,3.8000000000000114,10.300000000000011,11.407142857142857,8997176.35,No Signal
445,2024-04-23T00:00:00+05:30,445.75,445.75,439.25,440.95,5390120,1.7968872655505133,443.22304678793313,441.6006160058492,1.6224307820839385,2.461492122732578,6.5,2.8000000000000114,3.6999999999999886,6.5,11.178571428571429,8919165.35,No Signal
446,2024-04-24T00:00:00+05:30,441.55,448.7,441.15,443.85,6538090,1.6997044281412261,443.3195011282511,441.76723704245296,1.5522640857981287,2.2796465153456884,7.550000000000011,7.75,0.19999999999998863,7.75,10.857142857142858,8750508.35,No Signal
447,2024-04-25T00:00:00+05:30,443.0,454.0,441.75,452.45,10858594,1.62643351520225,444.7241932623663,442.5585528170861,2.1656404452802462,2.2568453013326,12.25,10.149999999999977,2.1000000000000227,12.25,11.296428571428569,8834793.65,No Signal
448,2024-04-26T00:00:00+05:30,454.0,460.45,452.2,455.8,7209435,1.6570957128440822,446.4281635296946,443.5394007565612,2.888762773133408,2.383228795692762,8.25,8.0,0.25,8.25,11.103571428571428,8725795.25,No Signal
449,2024-04-29T00:00:00+05:30,458.7,458.7,450.55,453.25,5305655,1.503697862382807,447.4776768328185,444.2587044042233,3.2189724285951797,2.5503775222732457,8.149999999999977,2.8999999999999773,5.25,8.149999999999977,11.33928571428571,8091815.7,No Signal
450,2024-04-30T00:00:00+05:30,456.4,458.4,452.05,454.3,6021793,1.412503301227457,448.5272650123849,445.00250407798455,3.5247609344003195,2.7452542046986603,6.349999999999966,5.149999999999977,1.1999999999999886,6.349999999999966,11.371428571428567,7876262.7,No Signal
451,2024-05-02T00:00:00+05:30,457.55,459.55,449.4,453.9,14980896,1.4242813750384724,449.3538396258641,445.6615778499857,3.6922617758784213,2.9346557189346125,10.150000000000034,5.25,4.900000000000034,10.150000000000034,11.164285714285711,8262477.9,No Signal
452,2024-05-03T00:00:00+05:30,457.9,475.8,449.4,474.6,51071947,1.836413037925621,453.2378642988081,447.8051646759127,5.432699622895427,3.4342644997267757,26.400000000000034,21.900000000000034,4.5,26.400000000000034,11.710714285714285,10239535.25,Buy
453,2024-05-06T00:00:00+05:30,479.0,481.45,444.05,460.6,36408390,1.9569496205729053,454.37050056052993,448.7529302554747,5.61757030505521,3.8709256607924627,37.39999999999998,6.849999999999966,30.55000000000001,37.39999999999998,13.603571428571428,11711322.35,Buy
454,2024-05-07T00:00:00+05:30,463.0,469.5,452.85,456.0,13728379,1.9962214837563819,454.62119278198685,449.2897502365507,5.331442545436175,4.163029037721206,16.649999999999977,8.899999999999977,7.75,16.649999999999977,13.742857142857142,11660590.3,Buy
455,2024-05-08T00:00:00+05:30,456.7,471.4,455.1,464.45,16978094,2.06187620960841,456.1333169693735,450.4127317005099,5.720585268863601,4.474540283949685,16.299999999999955,15.399999999999977,0.8999999999999773,16.299999999999955,14.189285714285713,12268488.1,Buy
456,2024-05-09T00:00:00+05:30,465.35,467.7,441.35,443.5,15601338,2.18706694061205,454.18972974331604,449.9006775004721,4.289052242843923,4.437442675728533,26.349999999999966,3.25,23.099999999999966,26.349999999999966,14.524999999999993,12849506.4,Sell
457,2024-05-10T00:00:00+05:30,447.2,451.15,440.25,449.4,9190621,2.079019312086417,453.45284824434435,449.86359027821493,3.5892579661294235,4.267805733808711,10.899999999999977,7.649999999999977,3.25,10.899999999999977,14.549999999999992,12908786.85,Sell
458,2024-05-13T00:00:00+05:30,451.25,451.8,434.7,444.0,11107909,2.1219949507392926,451.9985638990606,449.42925025760644,2.569313641454187,3.9281073153378063,17.100000000000023,2.400000000000034,14.699999999999989,17.100000000000023,15.035714285714278,12672915.75,Sell
459,2024-05-14T00:00:00+05:30,446.7,450.65,445.1,448.7,6592194,2.088376008722753,451.49109252997437,449.37523172000596,2.11586080996841,3.5656580142639274,5.5499999999999545,6.649999999999977,1.1000000000000227,6.649999999999977,15.046428571428562,12439560.75,Sell
460,2024-05-15T00:00:00+05:30,450.0,464.6,449.5,463.8,12788318,2.1176379496438824,453.384770602286,450.4437330740796,2.9410375282063796,3.4407339170524183,15.100000000000023,15.900000000000034,0.8000000000000114,15.900000000000034,15.628571428571421,12694940.9,Sell
461,2024-05-16T00:00:00+05:30,468.65,475.0,457.85,468.3,17232651,2.248078218447653,455.6794212788574,451.7664195130367,3.9130017658206953,3.5351874868060738,17.149999999999977,11.199999999999989,5.949999999999989,17.149999999999977,15.978571428571419,13402386.0,Buy
462,2024-05-17T00:00:00+05:30,469.05,473.7,466.8,470.25,10625019,2.287148409006714,457.9210487744178,453.1355736231821,4.785475151235687,3.7852450196919967,6.899999999999977,5.399999999999977,1.5,6.899999999999977,15.882142857142847,13386380.05,Buy
463,2024-05-18T00:00:00+05:30,472.9,473.0,468.55,469.6,985492,2.1866136235534213,459.71781050143045,454.3551607622056,5.362649739224821,4.100725963598562,4.449999999999989,2.75,1.6999999999999886,4.449999999999989,15.617857142857133,13250593.05,Buy
464,2024-05-21T00:00:00+05:30,469.7,493.9,469.7,490.65,27356982,2.5458129534595817,464.4766088858258,457.04366737241264,7.432941513413141,4.767169073561478,24.19999999999999,24.299999999999955,0.0999999999999659,24.299999999999955,16.899999999999988,14298595.85,Buy
465,2024-05-22T00:00:00+05:30,494.5,507.35,491.6,501.7,28346931,3.036322459266972,470.2032844418526,460.35154386334506,9.851740578507531,5.784083374550689,15.75,16.700000000000045,0.9500000000000455,16.700000000000045,17.367857142857133,15446436.4,Buy
466,2024-05-23T00:00:00+05:30,503.4,503.8,492.1,497.3,14378840,3.3567385723861873,474.3720099123368,463.08846654013433,11.283543372202473,6.8839753740810465,11.699999999999989,2.1000000000000227,9.599999999999966,11.699999999999989,16.31785714285713,15838473.9,Buy
467,2024-05-24T00:00:00+05:30,495.95,505.4,489.15,501.0,12190536,3.677156509329435,478.4686237719773,465.8967282779022,12.571895494075136,8.021559398079864,16.25,8.099999999999966,8.150000000000034,16.25,14.807142857142846,15905071.0,Buy
468,2024-05-27T00:00:00+05:30,502.95,503.0,490.75,494.45,8811105,3.90264556135258,480.927297037827,468.011785442502,12.915511595324972,9.000349837528887,12.25,2.0,10.25,12.25,14.492857142857133,15985154.5,Buy
469,2024-05-28T00:00:00+05:30,496.0,496.2,484.1,487.65,8165238,3.9877793374504713,481.9615590320074,469.4664680023167,12.495091029690741,9.699298075961257,12.099999999999966,1.75,10.349999999999966,12.099999999999966,14.192857142857134,16128133.65,No Signal
470,2024-05-29T00:00:00+05:30,482.1,491.9,482.1,486.45,8014727,3.995178681384027,482.65208841169857,470.7245074095525,11.927581002146098,10.144954661198227,9.799999999999955,4.25,5.5499999999999545,9.799999999999955,13.010714285714275,16227780.35,No Signal
471,2024-05-30T00:00:00+05:30,486.0,487.95,479.5,482.15,7725080,3.9668919937759464,482.57484404066804,471.57084019403004,11.004003846638,10.316764498286181,8.449999999999989,1.5,6.949999999999989,8.449999999999989,12.835714285714277,15864989.55,No Signal
472,2024-05-31T00:00:00+05:30,484.4,493.1,479.0,491.2,11223848,3.9835122591875063,483.9017911113345,473.0248520315093,10.876939079825206,10.428799414593987,14.100000000000023,10.950000000000045,3.1499999999999773,14.100000000000023,12.621428571428563,13872584.6,No Signal
473,2024-06-03T00:00:00+05:30,515.0,527.4,505.55,512.35,24416215,4.122793912536968,488.27843863266764,475.9378259551012,12.340612677566469,10.811162067188484,21.849999999999966,36.19999999999999,14.350000000000023,36.19999999999999,14.732142857142849,13272975.85,No Signal
474,2024-06-04T00:00:00+05:30,512.35,512.4,410.8,441.9,48046493,4.9889147048206475,481.14329422764183,473.41650551398254,7.726788713659289,10.194287396482645,101.59999999999997,0.049999999999954525,101.55000000000001,101.59999999999997,20.853571428571417,14988881.55,Sell
475,2024-06-05T00:00:00+05:30,452.0,462.85,425.1,460.55,18966089,4.812781204864565,477.97509511569694,472.4634310314653,5.511664084231654,9.257762734032447,37.75,20.950000000000045,16.799999999999955,37.75,22.32499999999999,15088281.3,Sell
476,2024-06-06T00:00:00+05:30,470.0,484.4,464.65,472.95,21757857,4.416261211744158,477.20200355943587,472.49947317728265,4.702530382153213,8.346716263656601,19.75,23.849999999999966,4.099999999999966,23.849999999999966,23.535714285714274,15396107.25,Sell
477,2024-06-07T00:00:00+05:30,473.0,481.3,467.6,479.15,8317343,4.147682308243205,477.50169531952264,472.99210479378024,4.5095905257423965,7.579291116073761,13.699999999999989,8.350000000000023,5.349999999999966,13.699999999999989,24.19642857142856,15352443.35,Sell
478,2024-06-10T00:00:00+05:30,485.0,488.0,475.5,477.7,10958537,3.805131977478361,477.5322037319038,473.34083777201874,4.191365959885047,6.901706084836018,12.5,8.850000000000023,3.6499999999999773,12.5,23.35357142857142,15344974.75,Sell
479,2024-06-11T00:00:00+05:30,482.0,483.5,475.2,476.35,11169021,3.4993100117341975,477.3503262346878,473.56373867779513,3.786587556892698,6.278682379247354,8.300000000000011,5.800000000000011,2.5,8.300000000000011,22.753571428571416,15573816.1,Sell
480,2024-06-12T00:00:00+05:30,481.0,494.3,479.35,488.7,15412796,3.3188209677498097,479.0964298908897,474.6849432201807,4.411486670708996,5.905243237539683,14.949999999999989,17.94999999999999,3.0,17.94999999999999,23.19999999999999,15705040.0,Sell
481,2024-06-13T00:00:00+05:30,493.9,493.9,483.5,487.9,7438571,3.2596607135597906,480.45082529229126,475.6638363149821,4.786988977309136,5.681592385493573,10.399999999999977,5.199999999999989,5.199999999999989,10.399999999999977,22.782142857142844,15215336.0,Sell
482,2024-06-14T00:00:00+05:30,487.9,492.4,485.25,486.95,5974636,3.205130055013343,481.45069832424645,476.49984843979826,4.950849884448189,5.535443885284497,7.149999999999977,4.5,2.6499999999999773,7.149999999999977,22.417857142857127,14982816.85,Sell
483,2024-06-18T00:00:00+05:30,492.0,492.9,485.2,489.05,6946544,3.1168159966167077,482.61982165897774,477.4294892961095,5.190332362868219,5.466421580801241,7.699999999999989,5.949999999999989,1.75,7.699999999999989,22.103571428571417,15280869.45,Sell
484,2024-06-19T00:00:00+05:30,489.4,491.2,476.5,477.95,8962510,3.1955030585607718,481.90138755759654,477.46804564454584,4.433341913050697,5.259805647251133,14.699999999999989,2.1499999999999773,12.550000000000011,14.699999999999989,22.45357142857142,14361145.85,Sell
485,2024-06-20T00:00:00+05:30,481.05,487.4,471.55,483.15,7864157,3.0504324785438213,482.09348177950477,477.88893115235726,4.204550627147512,5.048754643230409,15.849999999999966,9.449999999999989,6.399999999999977,15.849999999999966,22.982142857142843,13337007.15,Sell
486,2024-06-21T00:00:00+05:30,483.15,491.4,479.0,480.2,10340882,2.999260199966712,481.8021768903502,478.06012143736785,3.742055452982356,4.7874148051807985,12.399999999999977,8.25,4.149999999999977,12.399999999999977,22.86071428571427,13135109.25,Sell
487,2024-06-24T00:00:00+05:30,480.0,480.05,472.0,473.7,11124175,2.9300560190252734,480.5556881379886,477.7371494790443,2.8185386589443056,4.3936395759335,8.050000000000011,0.14999999999997726,8.199999999999989,8.199999999999989,20.86071428571427,13081791.2,Sell
488,2024-06-25T00:00:00+05:30,475.9,477.95,465.3,469.25,7951999,2.938279141107741,478.816351501375,477.1084717398559,1.7078797615191093,3.8564876130506223,12.649999999999977,4.25,8.399999999999977,12.649999999999977,14.507142857142842,13038835.9,No Signal
489,2024-06-26T00:00:00+05:30,470.25,471.85,465.05,468.75,6655899,2.9657841888734318,477.26768203962496,476.4893256850517,0.7783563545732477,3.2408613613551474,6.800000000000011,2.6000000000000227,4.199999999999989,6.800000000000011,12.296428571428558,12963368.95,No Signal
490,2024-06-27T00:00:00+05:30,468.75,469.0,461.5,467.05,14857335,3.009149369641282,475.69573095660576,475.7901163750479,-0.09438541844212978,2.573812005395692,7.5,0.25,7.25,7.5,11.128571428571417,13305499.35,No Signal
491,2024-06-28T00:00:00+05:30,470.0,476.0,468.0,473.15,8302706,2.973718328440936,475.30408004020484,475.5945521991184,-0.29047215891358746,2.0009551725338364,8.0,8.949999999999989,0.9499999999999886,8.949999999999989,10.789285714285702,13334380.65,No Signal
492,2024-07-01T00:00:00+05:30,473.35,476.3,471.25,474.8,8579861,2.8912825623449425,475.2265292647887,475.5356964806652,-0.3091672158764709,1.538930694851775,5.050000000000011,3.150000000000034,1.8999999999999773,5.050000000000011,10.257142857142847,13202181.3,No Signal
493,2024-07-02T00:00:00+05:30,478.0,485.0,473.35,479.1,14629287,2.2891031357701,475.8224478394366,475.79971896357887,0.022728875857751518,1.2356903310529703,11.649999999999977,10.199999999999989,1.4499999999999886,11.649999999999977,10.496428571428558,12712834.9,No Signal
494,2024-07-03T00:00:00+05:30,481.9,487.65,479.4,484.95,7244652,1.6114029459672374,477.22668663336947,476.4775175588693,0.7491690745001733,1.138386079742411,8.25,8.549999999999955,0.2999999999999545,8.549999999999955,9.824999999999985,10672742.85,No Signal
495,2024-07-04T00:00:00+05:30,488.75,492.8,485.3,489.55,7796954,1.4611780626428401,479.12258099746646,477.44584959154565,1.6767314059208047,1.24605514497809,7.5,7.850000000000023,0.35000000000002274,7.850000000000023,9.64285714285713,10114286.1,No Signal
496,2024-07-05T00:00:00+05:30,489.5,493.3,486.9,491.5,5754517,1.5296768532336678,481.02679930554854,478.4868977699497,2.539901535598858,1.5048244231022436,6.400000000000034,3.75,2.650000000000034,6.400000000000034,9.589285714285706,9314119.1,No Signal
497,2024-07-08T00:00:00+05:30,492.7,496.0,487.2,493.3,7477292,1.638780697565899,482.9149840277718,479.58416460180524,3.330819425966581,1.8700234236751112,8.800000000000011,4.5,4.300000000000011,8.800000000000011,9.667857142857136,9272116.55,No Signal
498,2024-07-09T00:00:00+05:30,496.95,496.95,491.1,493.8,6444684,1.7339204931476577,484.5896018696531,480.63718944611594,3.9524124235371687,2.2865012236475226,5.849999999999966,3.6499999999999773,2.1999999999999886,5.849999999999966,9.035714285714278,9046423.9,No Signal
499,2024-07-10T00:00:00+05:30,493.8,494.9,480.55,490.75,5981477,1.7756712084333504,485.537355428168,481.3862865241814,4.151068903986584,2.659414759715335,14.349999999999966,1.099999999999966,13.25,14.349999999999966,8.92857142857142,8787046.7,No Signal
500,2024-07-11T00:00:00+05:30,492.0,506.0,488.55,500.05,20146927,1.898961992075596,487.77006997768063,482.7687838186865,5.001286158994162,3.1277890395711005,17.44999999999999,15.25,2.1999999999999886,17.44999999999999,9.289285714285707,9023753.25,No Signal
501,2024-07-12T00:00:00+05:30,504.0,508.6,495.5,496.2,8198389,1.9962600598264602,489.0669822888067,483.763688721006,5.303293567800665,3.5628899452170137,13.100000000000023,8.550000000000011,4.550000000000011,13.100000000000023,9.639285714285709,9061744.15,No Signal
502,2024-07-15T00:00:00+05:30,500.0,503.6,492.55,497.75,7106020,2.090352728364963,490.40283116745184,484.79971177870925,5.603119388742584,3.970935833922128,11.050000000000011,7.400000000000034,3.6499999999999773,11.050000000000011,9.524999999999997,9118313.35,No Signal
503,2024-07-16T00:00:00+05:30,498.0,518.4,498.0,512.45,23169665,2.3805146498208534,493.7947032955362,486.84788127658265,6.946822018953526,4.566113070928408,20.399999999999977,20.649999999999977,0.25,20.649999999999977,10.514285714285709,9929469.4,No Signal
504,2024-07-18T00:00:00+05:30,515.35,515.8,501.25,505.25,12540956,2.5515256489996045,495.55705663468444,488.211001182021,7.34605545266345,5.122101547275417,14.549999999999955,3.349999999999909,11.200000000000045,14.549999999999955,11.017857142857135,10108391.7,No Signal
505,2024-07-19T00:00:00+05:30,505.3,506.4,486.75,488.0,9971704,2.6385460460613968,494.3944325370407,488.19537146483424,6.199061072206462,5.337493452261626,19.649999999999977,1.1499999999999773,18.5,19.649999999999977,11.782142857142848,10213769.05,Buy
506,2024-07-22T00:00:00+05:30,488.0,496.0,483.55,491.2,7281653,2.6117047919622642,493.90298137749596,488.4179365415132,5.485044835982762,5.367003729005853,12.449999999999989,8.0,4.449999999999989,12.449999999999989,12.310714285714274,10060807.6,Buy
507,2024-07-23T00:00:00+05:30,494.0,495.8,464.55,487.0,11311831,2.554479060557931,492.8409842424966,488.3129042051048,4.52808003739176,5.199218990683035,31.25,4.600000000000023,26.649999999999977,31.25,13.710714285714277,10070190.4,Sell
508,2024-07-24T00:00:00+05:30,486.7,499.4,485.1,493.8,6823248,2.3723832846717774,492.98852512826636,488.7193557454674,4.269169382798964,5.013209069106221,14.299999999999955,12.399999999999977,1.8999999999999773,14.299999999999955,14.121428571428563,10013752.85,Sell
509,2024-07-25T00:00:00+05:30,491.0,503.55,484.0,494.0,10281157,2.1755775508725006,493.1441366469946,489.11051457913646,4.0336220678581185,4.8172916688566,19.55000000000001,9.75,9.800000000000011,19.55000000000001,14.957142857142847,10195015.75,Sell
510,2024-07-26T00:00:00+05:30,498.25,511.7,498.25,509.85,20437968,1.9894004282690676,495.7142694705339,490.6467727584597,5.067496712074217,4.867332677500124,13.449999999999989,17.69999999999999,4.25,17.69999999999999,15.764285714285702,10474047.4,Buy
511,2024-07-29T00:00:00+05:30,514.5,515.7,507.5,512.15,7259754,1.9547136418529245,498.2428433981441,492.2396044059812,6.003238992162892,5.094513940432678,8.200000000000045,5.850000000000023,2.3500000000000227,8.200000000000045,15.72142857142856,10421899.8,Buy
512,2024-07-30T00:00:00+05:30,512.15,525.6,509.95,519.35,13197520,2.0023252866067835,501.4900982599681,494.24778185739,7.242316402578069,5.524074432861756,15.650000000000034,13.450000000000045,2.1999999999999886,15.650000000000034,16.421428571428567,10652782.75,Buy
513,2024-07-31T00:00:00+05:30,523.45,525.4,510.5,522.2,11972565,2.1158545713075467,504.67623698920374,496.3183165346204,8.357920454583336,6.090843637206072,14.899999999999977,6.0499999999999545,8.850000000000023,14.899999999999977,16.460714285714282,10519946.65,Buy
514,2024-08-01T00:00:00+05:30,535.0,542.25,528.0,540.4,34763894,2.589493233209466,510.17220052932623,499.5836264209448,10.588574108381408,6.99038973144114,14.25,20.049999999999955,5.7999999999999545,20.049999999999955,16.646428571428565,11895908.75,Buy
515,2024-08-02T00:00:00+05:30,534.0,537.2,522.3,524.5,10985150,2.7838637355672917,512.3764773709684,501.42928372309706,10.947193647871302,7.781750514727173,14.900000000000091,3.199999999999932,18.100000000000023,18.100000000000023,17.003571428571423,12055318.55,Buy
516,2024-08-05T00:00:00+05:30,515.0,515.0,497.55,506.8,11835031,2.832721914459797,511.5185577754348,501.8271145584232,9.691443217011567,8.163689055184053,17.44999999999999,9.5,26.94999999999999,26.94999999999999,18.139285714285705,12359344.25,Buy
517,2024-08-06T00:00:00+05:30,508.1,517.2,498.0,499.6,7142269,2.837971162868453,509.68493350229096,501.66214310965114,8.02279039263982,8.135509322675206,19.200000000000045,10.400000000000034,8.800000000000011,19.200000000000045,18.03571428571428,12342593.1,Sell
518,2024-08-07T00:00:00+05:30,507.7,532.8,507.7,531.5,18293730,2.8571348856577807,513.0410975788616,503.87235473115845,9.168742847703129,8.342156027680792,25.099999999999966,33.19999999999993,8.099999999999966,33.19999999999993,19.367857142857137,12935045.4,Buy
519,2024-08-08T00:00:00+05:30,534.0,535.0,521.25,523.45,13624148,2.904157690439867,514.6424671821136,505.32255067699856,9.319916505115032,8.53770812316764,13.75,3.5,10.25,13.75,18.946428571428566,13317178.95,Buy
520,2024-08-09T00:00:00+05:30,530.0,531.35,521.85,529.8,6468264,2.991303812734145,516.9743953079422,507.13569507129495,9.838700236647298,8.797906545863572,9.5,7.899999999999977,1.6000000000000227,9.5,18.735714285714284,12633245.8,Buy
521,2024-08-12T00:00:00+05:30,529.0,530.5,523.3,523.95,5238736,3.0267902822304675,518.0475652605666,508.3811991400879,9.666366120478642,8.971598460786586,7.2000000000000455,0.7000000000000455,6.5,7.2000000000000455,17.017857142857142,12485263.15,Buy
522,2024-08-13T00:00:00+05:30,525.0,529.9,520.0,521.75,5201294,3.016567188795054,518.6171706050948,509.3714806852666,9.24568991982818,9.026416752594905,9.899999999999977,5.949999999999932,3.9500000000000455,9.899999999999977,16.70357142857143,12390026.85,Buy
523,2024-08-14T00:00:00+05:30,522.9,527.9,499.05,504.7,14766889,3.1342564461726967,516.4760674350802,509.02544507895055,7.4506223561296,8.711257873301845,28.849999999999966,6.149999999999977,22.69999999999999,28.849999999999966,17.36785714285714,11969888.05,Sell
524,2024-08-16T00:00:00+05:30,507.7,515.75,502.5,512.3,7313429,3.07461932504622,515.8335955219909,509.268004702732,6.565590819258887,8.282124462493254,13.25,11.050000000000011,2.1999999999999886,13.25,17.05,11708511.7,Sell
525,2024-08-19T00:00:00+05:30,513.8,523.45,513.15,522.0,10737456,2.8457790010633874,516.7822731339922,510.2111154654926,6.571157668499666,7.939931103694537,10.300000000000068,11.150000000000091,0.8500000000000227,11.150000000000091,17.26071428571429,11746799.3,Sell
526,2024-08-20T00:00:00+05:30,524.35,528.45,521.05,524.6,8191127,2.682235053155752,517.9850003441472,511.276958764345,6.708041579802227,7.693553198916075,7.400000000000091,6.4500000000000455,0.9500000000000455,7.400000000000091,16.671428571428578,11792273.0,No Signal
527,2024-08-21T00:00:00+05:30,526.5,535.25,524.4,532.2,9067794,2.421233198309456,520.1719233681246,512.8268136706898,7.3451096974347365,7.623864498619808,10.850000000000023,10.649999999999977,0.20000000000004547,10.850000000000023,16.382142857142867,11680071.15,No Signal
528,2024-08-22T00:00:00+05:30,534.0,535.45,526.8,528.85,8531700,2.239186099257451,521.5070120807208,514.0137163617499,7.493295718970899,7.597750742690026,8.650000000000091,3.25,5.400000000000091,8.650000000000091,15.567857142857163,11765493.75,No Signal
529,2024-08-23T00:00:00+05:30,528.95,541.15,528.85,538.85,12566904,2.0485323002687865,524.1751640683021,515.8534410756943,8.321722992607874,7.742545192673597,12.299999999999955,12.299999999999955,0.0,12.299999999999955,15.153571428571443,11879781.1,No Signal
530,2024-08-26T00:00:00+05:30,542.0,543.55,534.7,538.1,7193307,2.096664670475703,526.3174465193326,517.5013343293465,8.816112189986143,7.957258592136107,8.849999999999909,4.699999999999932,4.149999999999977,8.849999999999909,13.860714285714295,11217548.05,No Signal
531,2024-08-27T00:00:00+05:30,539.1,541.7,530.0,531.4,7865530,2.096592903642859,527.0993778240506,518.5308651197653,8.568512704285354,8.079509414565957,11.700000000000045,3.6000000000000227,8.100000000000023,11.700000000000045,13.325000000000008,11247836.85,No Signal
532,2024-08-28T00:00:00+05:30,533.9,535.55,525.45,526.35,6066259,2.109534169841031,526.9840889280429,519.1100602960789,7.874028631963938,8.038413258045553,10.099999999999909,4.149999999999977,5.949999999999932,10.099999999999909,11.675000000000008,10891273.8,No Signal
533,2024-08-29T00:00:00+05:30,526.35,530.0,516.1,527.55,9147836,2.107503905610395,527.0711521698825,519.735241014888,7.3359111549945055,7.897912837435344,13.899999999999977,3.6499999999999773,10.25,13.899999999999977,11.685714285714292,10750037.35,No Signal
534,2024-08-30T00:00:00+05:30,530.0,537.0,522.0,524.95,30921282,1.9941025984058551,526.7448210668236,520.1215194582296,6.6233016085940335,7.642990591667083,15.0,9.450000000000045,5.5499999999999545,15.0,12.078571428571435,10557906.75,No Signal
535,2024-09-02T00:00:00+05:30,527.0,529.0,517.65,520.85,6370038,2.0129462415872736,525.8379255180815,520.1754809798423,5.662444538239242,7.246881380981515,11.350000000000023,4.0499999999999545,7.300000000000068,11.350000000000023,12.375000000000004,10327151.15,No Signal
536,2024-09-03T00:00:00+05:30,521.0,523.6,518.25,519.6,5526155,1.8821791697353134,524.8782446691459,520.1328527591132,4.745391910032708,6.746583486791754,5.350000000000023,2.75,2.6000000000000227,5.350000000000023,12.050000000000008,10011707.35,No Signal
537,2024-09-04T00:00:00+05:30,516.85,516.85,500.55,503.65,16783593,1.8414158656000819,521.6123608738927,518.9119007028826,2.7004601710101497,5.937358823635433,16.30000000000001,2.75,19.05000000000001,19.05000000000001,11.35000000000001,10493773.55,No Signal
538,2024-09-05T00:00:00+05:30,507.5,507.5,495.15,497.0,10830621,2.199060201945485,517.8258438163708,517.2887969471135,0.537046869257324,4.857296432759812,12.350000000000023,3.8500000000000227,8.5,12.350000000000023,11.285714285714297,10120618.1,No Signal
539,2024-09-06T00:00:00+05:30,499.0,499.0,481.05,488.55,13110103,2.7248008914505326,513.3218678446215,515.1599971732533,-1.8381293286317941,3.518211280481491,17.94999999999999,2.0,15.949999999999989,17.94999999999999,11.771428571428576,10094915.85,No Signal
540,2024-09-09T00:00:00+05:30,488.0,488.5,478.05,484.45,10189742,3.1799105585331686,508.88004202237204,512.8851825678271,-4.005140545455049,2.013540915294183,10.449999999999989,0.05000000000001137,10.5,10.5,11.992857142857142,10280989.75,No Signal
541,2024-09-10T00:00:00+05:30,487.3,492.0,481.8,491.1,9809547,3.362655677736565,506.1446509420071,511.2714653405806,-5.126814398573515,0.5854698525206435,10.199999999999989,7.550000000000011,2.6499999999999773,10.199999999999989,11.946428571428568,10509530.3,No Signal
542,2024-09-11T00:00:00+05:30,492.85,493.55,481.95,483.95,8134497,3.7252168601507423,502.7300892586214,509.2476530931302,-6.517563834508849,-0.8351368848852551,11.600000000000023,2.4499999999999886,9.150000000000034,11.600000000000023,12.157142857142848,10656190.45,No Signal
543,2024-09-12T00:00:00+05:30,487.0,497.25,482.25,495.65,12058489,3.7145462472942286,501.640844757295,508.24041953067615,-6.599574773381164,-1.988024462584437,15.0,13.300000000000011,1.6999999999999886,15.0,12.349999999999994,10520770.45,No Signal
544,2024-09-13T00:00:00+05:30,497.0,497.85,489.5,490.25,8093877,3.9162264740003736,499.88840710232654,506.90779586173716,-7.019388759410617,-2.994297321949673,8.350000000000023,2.2000000000000455,6.149999999999977,8.350000000000023,12.314285714285717,10559792.85,No Signal
545,2024-09-16T00:00:00+05:30,492.5,494.9,487.35,493.25,5244657,3.9738636884544367,498.8671137019686,505.8961072793863,-7.02899357741768,-3.801236573043275,7.5499999999999545,4.649999999999977,2.8999999999999773,7.5499999999999545,12.017857142857139,10285152.9,No Signal
546,2024-09-17T00:00:00+05:30,493.25,494.8,487.65,488.5,5063902,4.1028640497155004,497.272173132435,504.6075067401725,-7.335333607737482,-4.5080559799821165,7.150000000000034,1.5500000000000114,5.600000000000023,7.150000000000034,11.807142857142862,10128791.65,No Signal
547,2024-09-18T00:00:00+05:30,489.8,493.6,486.15,487.1,6527832,4.1018716947361105,495.7072234197527,503.3106543890486,-7.603430969295857,-5.127130977844865,7.4500000000000455,5.100000000000023,2.3500000000000227,7.4500000000000455,11.34642857142858,10001793.55,No Signal
548,2024-09-19T00:00:00+05:30,489.0,491.6,476.25,477.95,10014450,4.27265765511751,492.97534289363693,501.4320873972672,-8.456744503630262,-5.793053683001944,15.350000000000023,4.5,10.850000000000023,15.350000000000023,11.371428571428583,10075931.05,No Signal
549,2024-09-20T00:00:00+05:30,480.95,498.0,480.3,490.95,12982128,3.882628453973235,492.66375167923127,500.6556364789511,-7.991884799719855,-6.232819906345527,17.69999999999999,20.05000000000001,2.3500000000000227,20.05000000000001,11.992857142857153,10096692.25,No Signal
550,2024-09-23T00:00:00+05:30,493.5,502.5,490.5,500.6,6123879,3.4329588828211524,493.88471295934954,500.6515152582881,-6.766802298938558,-6.339616384864133,12.0,11.550000000000011,0.44999999999998863,12.0,12.467857142857152,10043220.85,Sell
551,2024-09-24T00:00:00+05:30,505.0,506.65,501.55,504.3,7306001,3.1092376556352113,495.4870648117573,500.9217733873038,-5.434708575546495,-6.158634823000606,5.099999999999966,6.0499999999999545,0.9499999999999886,6.0499999999999545,11.53928571428572,10015244.4,No Signal
552,2024-09-25T00:00:00+05:30,506.5,507.0,502.0,505.3,5059851,2.862720375143292,496.99674714841,501.24608646972575,-4.249339321315745,-5.776775722663634,5.0,2.6999999999999886,2.3000000000000114,5.0,11.014285714285718,9964924.0,No Signal
553,2024-09-26T00:00:00+05:30,506.0,507.45,500.05,506.55,6877039,2.556397393635167,498.46647835634695,501.63896895344976,-3.172490597102808,-5.2559186975514685,7.399999999999977,2.1499999999999773,5.25,7.399999999999977,10.260714285714288,9851384.15,No Signal
554,2024-09-27T00:00:00+05:30,506.55,517.85,504.9,516.1,15443031,2.3431585820410405,501.1793278399859,502.7101564383794,-1.530828598393498,-4.510900677719874,12.950000000000045,11.300000000000011,1.650000000000034,12.950000000000045,10.435714285714292,9077471.6,No Signal
555,2024-09-30T00:00:00+05:30,513.0,513.45,502.5,510.15,8881502,2.195272602597905,502.55943124921885,503.2612559614624,-0.7018247122435355,-3.7490854846246067,10.950000000000045,2.6499999999999773,13.600000000000023,13.600000000000023,10.678571428571436,9203044.8,No Signal
556,2024-10-01T00:00:00+05:30,512.0,516.0,506.15,508.5,4743517,2.013989335132708,503.4733649031852,503.64931107542816,-0.17594617224295916,-3.0344576221482775,9.850000000000023,5.850000000000023,4.0,9.850000000000023,10.553571428571436,9163912.9,No Signal
557,2024-10-03T00:00:00+05:30,499.5,509.9,499.5,502.35,11285134,2.0295282767338283,503.3005395334644,503.55306581058164,-0.2525262771172265,-2.4780713531420675,10.399999999999977,1.3999999999999773,9.0,10.399999999999977,10.225000000000007,8888989.95,No Signal
558,2024-10-04T00:00:00+05:30,499.6,504.65,494.05,497.2,7170285,2.0507510374254205,502.3619949898545,503.08246834313115,-0.7204733532766454,-2.1265517531689833,10.599999999999966,2.2999999999999545,8.300000000000011,10.599999999999966,10.385714285714288,8705973.15,No Signal
559,2024-10-07T00:00:00+05:30,498.1,500.55,475.35,480.45,8940891,2.219528971904199,498.9909188375692,501.4059892066029,-2.4150703690336854,-2.184255476341924,25.19999999999999,3.3500000000000227,21.849999999999966,25.19999999999999,11.646428571428576,8497512.55,Sell
560,2024-10-08T00:00:00+05:30,480.8,492.75,476.45,491.85,6049075,2.109617829410337,497.89231593948165,500.6981381542619,-2.805822214780278,-2.308568824029595,16.30000000000001,12.300000000000011,4.0,16.30000000000001,12.300000000000002,8290479.2,Sell
561,2024-10-09T00:00:00+05:30,492.0,496.0,485.65,486.95,6874313,2.1607825713881383,496.20888271802295,499.6797575502425,-3.470874832219579,-2.5410300256675917,10.350000000000023,4.149999999999977,6.2000000000000455,10.350000000000023,12.507142857142858,8143717.5,Sell
562,2024-10-10T00:00:00+05:30,488.7,493.95,486.05,488.1,4700891,2.1128479983282604,494.9613622998656,498.82199773170606,-3.8606354318404783,-2.8049511069021693,7.899999999999977,7.0,0.8999999999999773,7.899999999999977,11.974999999999998,7972037.2,Sell
563,2024-10-11T00:00:00+05:30,487.5,493.9,487.45,492.95,4364566,2.0969045228351155,494.6519219460401,498.38703493676485,-3.735112990724758,-2.990983483666687,6.449999999999989,5.7999999999999545,0.6500000000000341,6.449999999999989,11.003571428571425,7587341.05,No Signal
564,2024-10-14T00:00:00+05:30,494.95,502.45,492.95,498.3,5369297,2.0587548560303532,495.2131647235724,498.3805879044119,-3.167423180839535,-3.0262714231012566,9.5,9.5,0.0,9.5,10.824999999999998,7451112.05,No Signal
565,2024-10-15T00:00:00+05:30,498.3,499.35,490.05,494.45,4279311,2.071607726926348,495.09575476609973,498.08943324482584,-2.9936784787261104,-3.0197528342262276,9.300000000000011,1.0500000000000114,8.25,9.300000000000011,11.057142857142859,7402844.75,No Signal
566,2024-10-16T00:00:00+05:30,495.0,499.4,492.9,495.75,8000451,2.032184497434187,495.19640787900744,497.91614189335723,-2.719734014349797,-2.9597490702509415,6.5,4.949999999999989,1.5500000000000114,6.5,11.164285714285715,7549672.2,No Signal
567,2024-10-17T00:00:00+05:30,495.75,497.25,487.2,489.9,4334990,2.031328435289757,494.3815758976217,497.3223536049604,-2.940777707338725,-2.9559547976684986,10.050000000000011,1.5,8.550000000000011,10.050000000000011,11.353571428571431,7440030.1,Buy
568,2024-10-18T00:00:00+05:30,488.0,493.75,483.35,492.2,4573163,1.8252633499199933,494.04594883644916,496.94292000459296,-2.896971168143807,-2.9441580717635603,10.399999999999977,3.8500000000000227,6.5499999999999545,10.399999999999977,11.171428571428569,7167965.75,No Signal
569,2024-10-21T00:00:00+05:30,492.0,494.75,482.35,485.4,4737527,1.9123170084884233,492.7158028616108,496.0878888931416,-3.3720860315307846,-3.029743663717005,12.399999999999977,2.5500000000000114,9.849999999999966,12.399999999999977,11.08571428571428,6755735.7,No Signal
570,2024-10-22T00:00:00+05:30,485.0,487.5,467.2,468.35,8671135,2.4080192680405608,488.9672178059784,494.0332304566126,-5.066012650634207,-3.4369974611004457,20.30000000000001,2.1000000000000227,18.19999999999999,20.30000000000001,11.832142857142852,6883098.5,Sell
571,2024-10-23T00:00:00+05:30,468.35,476.05,458.95,474.1,10686743,2.5453987270835396,486.67995352813557,492.5566948672339,-5.8767413390983165,-3.9249462367000203,17.100000000000023,7.699999999999989,9.400000000000034,17.100000000000023,12.310714285714283,7052135.6,Sell
572,2024-10-24T00:00:00+05:30,474.1,483.8,473.05,477.25,5045880,2.586100430636747,485.22919144688393,491.4228656178092,-6.193674170925249,-4.378691823545067,10.75,9.699999999999989,1.0500000000000114,10.75,12.321428571428571,7051437.05,Sell
573,2024-10-25T00:00:00+05:30,478.1,479.05,459.0,461.1,10330954,2.989655824177276,481.51700814736336,489.1767274238974,-7.65971927653402,-5.0348973141428575,20.05000000000001,1.8000000000000114,18.25,20.05000000000001,11.953571428571431,7224132.8,Sell
574,2024-10-28T00:00:00+05:30,452.0,458.0,435.25,441.65,21378247,3.7004863866046342,475.3836222785382,485.6562290962013,-10.272606817663075,-6.082439214846901,22.75,3.1000000000000227,25.850000000000023,25.850000000000023,12.635714285714288,7520893.6,Sell
575,2024-10-29T00:00:00+05:30,444.2,446.6,438.8,445.55,7680865,3.9979684075806556,470.7938342356862,482.6853973112975,-11.891563075611316,-7.244263986999784,7.800000000000011,4.9500000000000455,2.849999999999966,7.800000000000011,12.453571428571431,7460861.75,Sell
576,2024-10-30T00:00:00+05:30,448.0,455.8,445.0,449.15,7818123,4.0930686092326765,467.46401358404216,480.20129380675695,-12.737280222714787,-8.342867234142785,10.800000000000011,10.25,0.5500000000000114,10.800000000000011,12.66071428571429,7614592.05,Sell
577,2024-10-31T00:00:00+05:30,452.0,454.5,443.2,452.05,8475238,4.136064684917288,465.09262687880494,478.11601278403424,-13.023385905229304,-9.27897096836009,11.300000000000011,5.350000000000023,5.949999999999989,11.300000000000011,13.007142857142863,7474097.25,Sell
578,2024-11-01T00:00:00+05:30,454.65,459.55,452.35,454.15,3095957,4.153698920420402,463.40914582052727,476.3407525778095,-12.931606757282225,-10.009498126144518,7.199999999999989,7.5,0.30000000000001137,7.5,12.86428571428572,7270380.85,Sell
579,2024-11-04T00:00:00+05:30,458.0,458.15,435.5,443.3,15720990,4.553087306319786,460.3154310789077,473.89328942389767,-13.577858344989977,-10.72317016991361,22.649999999999977,4.0,18.649999999999977,22.649999999999977,13.817857142857147,7609385.8,Sell
580,2024-11-05T00:00:00+05:30,429.1,436.25,427.0,434.9,10186343,4.949253560798557,456.4053647590757,471.00489761472005,-14.599532855644327,-11.498442707059754,9.25,7.050000000000011,16.30000000000001,16.30000000000001,14.517857142857148,7816249.2,Sell
581,2024-11-06T00:00:00+05:30,437.8,438.9,431.2,435.8,9130749,5.180622021319696,453.23530864229485,468.39712742103706,-15.161818778742202,-12.231117921396244,7.699999999999989,4.0,3.6999999999999886,7.699999999999989,14.350000000000003,7929071.0,Sell
582,2024-11-07T00:00:00+05:30,437.8,440.35,434.65,435.35,5861077,5.343905205464393,450.4837226973264,465.9491920565158,-15.465469359189399,-12.877988208954875,5.7000000000000455,4.550000000000011,1.150000000000034,5.7000000000000455,14.014285714285721,7987080.3,Sell
583,2024-11-08T00:00:00+05:30,435.35,436.0,421.25,424.05,9934413,5.697639885073873,446.416996128507,462.8455482004776,-16.428552071970614,-13.588100981558023,14.75,0.6499999999999773,14.100000000000023,14.75,14.182142857142866,8265572.65,Sell
584,2024-11-11T00:00:00+05:30,423.0,425.75,417.35,421.55,7201246,5.762824638227947,442.591304416429,459.7866187041459,-17.195314287716883,-14.309543642789796,8.399999999999977,1.6999999999999886,6.699999999999989,8.399999999999977,13.332142857142864,8357170.1,Sell
585,2024-11-12T00:00:00+05:30,422.5,424.8,412.8,414.05,6564348,5.973111295707597,438.2003345062092,456.39872102235734,-18.19838651614816,-15.08731221746147,12.0,3.25,8.75,12.0,12.967857142857147,8471421.95,Sell
586,2024-11-13T00:00:00+05:30,414.0,415.5,405.7,406.9,7170870,6.135133307181231,433.3848984283308,452.7321490947753,-19.347250666444495,-15.939299907258075,9.800000000000011,1.4499999999999886,8.350000000000023,9.800000000000011,12.900000000000006,8429942.9,Sell
587,2024-11-14T00:00:00+05:30,407.2,413.35,402.6,409.75,8776485,6.0306478222740445,429.7487602085876,449.54828619886604,-19.799525990278426,-16.711345123862145,10.75,6.4500000000000455,4.2999999999999545,10.75,12.235714285714291,8652017.65,No Signal
588,2024-11-18T00:00:00+05:30,413.95,418.5,411.0,413.35,7352509,5.625789512619269,427.22587402265106,446.8669316656167,-19.64105764296562,-17.29728762768284,7.5,8.75,1.25,8.75,11.014285714285718,8790984.95,No Signal
589,2024-11-19T00:00:00+05:30,415.95,422.0,410.7,412.25,6291292,5.298434443699616,424.92189340378167,444.30271450520064,-19.380821101418974,-17.713994322430068,11.300000000000011,8.649999999999977,2.650000000000034,11.300000000000011,11.264285714285718,8868673.2,No Signal
590,2024-11-21T00:00:00+05:30,413.05,413.9,404.15,406.0,14141967,5.379860246573336,422.01083288012296,441.4654763937043,-19.454643513581345,-18.062124160660325,9.75,1.6499999999999773,8.100000000000023,9.75,11.189285714285717,9142214.8,No Signal
591,2024-11-22T00:00:00+05:30,407.4,415.75,406.4,414.05,8155453,4.9147421428103355,420.78608936010403,439.434700364541,-18.648611004436987,-18.17942152941566,9.350000000000023,9.75,0.39999999999997726,9.75,11.078571428571431,9015650.3,No Signal
592,2024-11-25T00:00:00+05:30,421.0,427.45,415.7,417.45,10903727,4.230657576232675,420.27284484316493,437.8062040412417,-17.533359198076766,-18.050209063147882,11.75,13.399999999999977,1.6499999999999773,13.399999999999977,11.5,9308542.65,No Signal
593,2024-11-26T00:00:00+05:30,418.45,420.0,409.7,411.5,5798977,3.997225994054756,418.92317640575493,435.85759633448305,-16.93441992872812,-17.82705123626393,10.300000000000011,2.5500000000000114,7.75,10.300000000000011,10.617857142857146,9081943.8,No Signal
594,2024-11-27T00:00:00+05:30,420.0,421.0,412.7,417.15,9219932,3.8887294020306467,418.65038003563876,434.47184845785466,-15.8214684222159,-17.425934673454325,8.300000000000011,9.5,1.1999999999999886,9.5,10.132142857142858,8474028.05,No Signal
595,2024-11-28T00:00:00+05:30,420.0,424.9,413.5,415.2,7788912,3.7811981329031354,418.1195523378482,433.0443041276432,-14.924751789795039,-16.925698096722467,11.399999999999977,7.75,3.6499999999999773,11.399999999999977,10.396428571428572,8479430.4,No Signal
596,2024-11-29T00:00:00+05:30,415.3,418.0,411.0,416.4,7057742,3.5194811377462143,417.8550058243331,431.81139271078075,-13.95638688644766,-16.331835854667506,7.0,2.8000000000000114,4.199999999999989,7.0,10.489285714285712,8441411.35,No Signal
597,2024-12-02T00:00:00+05:30,418.4,423.4,416.8,421.7,6404844,3.0668017761115456,418.4465433898203,431.06240065813034,-12.615857268310037,-15.588640137396013,6.599999999999966,7.0,0.4000000000000341,7.0,9.935714285714283,8337891.65,No Signal
598,2024-12-03T00:00:00+05:30,425.0,425.5,419.35,422.1,7928558,2.4574321885211488,419.00861363754024,430.39851912789845,-11.389905490358217,-14.748893207988454,6.149999999999977,3.8000000000000114,2.349999999999966,6.149999999999977,9.774999999999997,8579521.7,No Signal
599,2024-12-04T00:00:00+05:30,422.1,425.9,415.0,416.65,6836472,2.1024350521293327,418.6457500009956,429.3801103036097,-10.734360302614107,-13.945986626913585,10.899999999999977,3.7999999999999545,7.100000000000023,10.899999999999977,9.696428571428568,8135295.8,No Signal
600,2024-12-05T00:00:00+05:30,418.15,421.25,412.0,418.4,9500273,1.8747553741664327,418.6079423085347,428.5667687996386,-9.958826491103935,-13.148554599751655,9.25,4.600000000000023,4.649999999999977,9.25,9.657142857142853,8100992.3,No Signal
601,2024-12-06T00:00:00+05:30,420.0,421.5,416.4,417.15,4252732,1.5712112053255094,418.38364349183706,427.7210822218876,-9.337438730050565,-12.386331425811438,5.100000000000023,3.1000000000000227,2.0,5.100000000000023,9.253571428571425,7857091.45,No Signal
602,2024-12-09T00:00:00+05:30,418.0,420.95,412.5,414.0,6662023,1.1709258541291843,417.7092368007852,426.70470576100706,-8.995468960221842,-11.70815893269352,8.449999999999989,3.8000000000000114,4.649999999999977,8.449999999999989,9.232142857142852,7897138.75,No Signal
603,2024-12-10T00:00:00+05:30,415.5,417.2,411.5,414.05,6035289,1.0659926923907184,417.1462772929721,425.7673201490806,-8.621042856108488,-11.090735717376514,5.699999999999989,3.1999999999999886,2.5,5.699999999999989,8.832142857142852,7702182.55,No Signal
604,2024-12-10T00:00:00+05:30,415.5,417.2,411.5,414.05,6035289,0.9989791744459572,416.6699269402072,424.89937050840797,-8.229443568200793,-10.518477287541371,5.699999999999989,3.1499999999999773,2.5500000000000114,5.699999999999989,8.542857142857136,7643884.7,No Signal
605,2024-12-11T00:00:00+05:30,416.0,419.65,415.55,416.95,5353413,0.9992617844733813,416.71301510325225,424.3105282485259,-7.597513145273638,-9.934284459087825,4.099999999999966,5.599999999999966,1.5,5.599999999999966,8.246428571428563,7583337.95,No Signal
606,2024-12-12T00:00:00+05:30,416.5,417.85,407.1,409.1,9409378,0.9710906604281435,415.5417820104442,423.1838224523388,-7.642040441894608,-9.475835655649183,10.75,0.9000000000000341,9.849999999999966,10.75,8.05714285714285,7695263.35,No Signal
607,2024-12-13T00:00:00+05:30,409.1,411.25,402.0,410.3,9439175,0.9595965171815117,414.7353540088374,422.22946523364703,-7.494111224809615,-9.07949076948127,9.25,2.1499999999999773,7.100000000000023,9.25,7.982142857142849,7728397.85,No Signal
608,2024-12-16T00:00:00+05:30,410.5,412.85,406.5,410.45,5434635,0.9864163100755934,414.0760687767086,421.3569122533769,-7.280843476668281,-8.719761310918672,6.350000000000023,2.5500000000000114,3.8000000000000114,6.350000000000023,7.757142857142851,7632504.15,No Signal
609,2024-12-17T00:00:00+05:30,410.45,410.95,402.0,402.9,5070262,1.195983436899824,412.3566735802919,419.9897335679416,-7.633059987649688,-8.502421046264876,8.949999999999989,0.5,8.449999999999989,8.949999999999989,7.582142857142851,7571452.65,No Signal
610,2024-12-18T00:00:00+05:30,403.5,404.8,394.55,395.8,7176597,1.5432207922968544,409.8094930294778,418.19790145179775,-8.38840842231997,-8.479618521475896,10.25,1.900000000000034,8.349999999999966,10.25,7.814285714285709,7223184.15,No Signal
611,2024-12-19T00:00:00+05:30,390.95,394.5,387.0,391.95,5745829,1.9938373357328967,407.0618787172504,416.2536124553683,-9.191733738117875,-8.622041564804292,7.5,1.3000000000000114,8.800000000000011,8.800000000000011,7.942857142857138,7102702.95,No Signal
612,2024-12-20T00:00:00+05:30,393.0,393.7,380.5,382.0,7923854,2.6957250364639704,403.20620506844267,413.7163078290447,-10.510102760602024,-8.999653803963838,13.199999999999989,1.75,11.449999999999989,13.199999999999989,8.446428571428568,6953709.3,No Signal
613,2024-12-23T00:00:00+05:30,386.0,388.6,382.4,382.95,5163415,3.144038677538389,400.0898658271438,411.43732206393025,-11.347456236786456,-9.469214290528363,6.2000000000000455,6.600000000000023,0.39999999999997726,6.600000000000023,8.139285714285714,6921931.2,No Signal
614,2024-12-24T00:00:00+05:30,384.85,386.75,381.4,384.5,4242999,3.4093472821897293,397.69142493066016,409.4419648740095,-11.750539943349338,-9.92547942109256,5.350000000000023,3.8000000000000114,1.5500000000000114,5.350000000000023,7.860714285714287,6673084.55,No Signal
615,2024-12-26T00:00:00+05:30,386.4,390.3,385.05,386.6,4190081,3.5706561060524318,395.98505186440474,407.74996747593474,-11.76491561153,-10.293366659180048,5.25,5.800000000000011,0.5500000000000114,5.800000000000011,7.910714285714286,6493143.0,No Signal
616,2024-12-27T00:00:00+05:30,387.5,388.45,379.55,380.5,5909271,3.8732988868588656,393.6027361929579,405.7314513666062,-12.128715173648345,-10.660436362073709,8.899999999999977,1.849999999999966,7.050000000000011,8.899999999999977,7.942857142857142,6435719.45,No Signal
617,2024-12-30T00:00:00+05:30,380.5,382.3,375.7,377.9,22328728,4.05059923295096,391.1869306248105,403.66986237648723,-12.482931751676745,-11.024935439994316,6.600000000000023,1.8000000000000114,4.800000000000011,6.600000000000023,8.007142857142858,7231913.65,No Signal
618,2024-12-31T00:00:00+05:30,377.9,384.7,376.1,384.15,7686615,3.927949897417935,390.1043259133012,402.2239466448956,-12.11962073159441,-11.243872498314335,8.599999999999966,6.800000000000011,1.7999999999999545,8.599999999999966,8.214285714285714,7219816.5,No Signal
619,2025-01-01T00:00:00+05:30,383.55,388.15,382.5,386.4,3584876,3.8566147583049215,389.5344296189472,401.0518024489774,-11.51737283003024,-11.298572564657517,5.649999999999977,4.0,1.6499999999999773,5.649999999999977,8.217857142857143,7057236.7,No Signal
620,2025-01-02T00:00:00+05:30,388.4,393.95,384.05,392.95,7538972,3.6213476464981733,390.05990198526297,400.45166893423834,-10.391766948975373,-11.11721144152109,9.899999999999977,7.550000000000011,2.349999999999966,9.899999999999977,8.157142857142857,6959171.65,No Signal
621,2025-01-03T00:00:00+05:30,393.0,399.3,389.5,393.65,7122319,3.427796175145207,390.61222475676095,399.94784160577626,-9.33561684901531,-10.760892523019933,9.800000000000011,6.350000000000023,3.4499999999999886,9.800000000000011,8.196428571428571,7102651.0,Buy
622,2025-01-06T00:00:00+05:30,394.05,394.05,377.15,378.75,8774141,3.53718864791761,388.78726710187465,398.3776311164595,-9.59036401458485,-10.526786821332918,16.900000000000034,0.4000000000000341,16.5,16.900000000000034,8.950000000000001,7208256.9,Buy
623,2025-01-07T00:00:00+05:30,380.55,384.25,376.5,379.8,6542121,3.4199781837724927,387.4046106246632,397.00151029301804,-9.596899668354865,-10.340809390737308,7.75,5.5,2.25,7.75,8.864285714285716,7233598.5,Buy
624,2025-01-08T00:00:00+05:30,380.05,382.05,376.0,380.35,7407778,3.232058731834005,386.31928591317654,395.7680650861278,-9.448779172951276,-10.162403347180103,6.050000000000011,2.25,3.8000000000000114,6.050000000000011,8.564285714285717,7302222.95,Buy
625,2025-01-09T00:00:00+05:30,381.55,381.55,370.8,372.2,6247612,3.073733512759453,384.1470880803802,394.0222824871554,-9.875194406775222,-10.104961559099127,10.75,1.1999999999999886,9.550000000000011,10.75,8.703571428571431,7346932.9,Buy
626,2025-01-10T00:00:00+05:30,371.4,373.2,364.7,368.5,4893721,3.0712168662696304,381.73984376032166,392.1317430436624,-10.391899283340763,-10.162349103947456,8.5,1.0,7.5,8.5,8.367857142857146,7121150.05,Sell
627,2025-01-13T00:00:00+05:30,366.1,370.4,361.25,362.9,8661589,3.0785664229523233,378.8414062587337,389.96642874413186,-11.125022485398176,-10.3548837802376,9.149999999999977,1.8999999999999773,7.25,9.149999999999977,8.549999999999999,7082270.75,Sell
628,2025-01-14T00:00:00+05:30,365.0,374.0,363.0,369.25,5698113,2.684728918317712,377.3658052958516,388.43187846678876,-11.066073170937159,-10.497121658377512,11.0,11.100000000000023,0.10000000000002274,11.100000000000023,8.960714285714285,7095444.65,Sell
629,2025-01-14T00:00:00+05:30,365.0,374.0,363.0,369.25,5698113,2.4723338685445277,376.1172198657206,387.01099858035997,-10.893778714639382,-10.576453069629887,11.0,4.75,6.25,11.0,9.332142857142856,7126837.2,Sell
630,2025-01-15T00:00:00+05:30,371.9,381.45,369.3,374.6,11117714,2.2780830393176603,375.8838014248405,386.09166535218515,-10.207863927344647,-10.50273524117284,12.149999999999977,12.199999999999989,0.05000000000001137,12.199999999999989,9.567857142857141,7323893.05,Buy
631,2025-01-16T00:00:00+05:30,378.45,381.5,374.8,378.85,6923722,2.125916813189625,376.3401396671727,385.55524569646775,-9.215106029295043,-10.24520939879728,6.699999999999989,6.899999999999977,0.19999999999998863,6.899999999999977,9.58928571428571,7382787.7,Buy
632,2025-01-17T00:00:00+05:30,380.0,389.3,378.55,387.65,8380692,2.1282931876955167,378.08011817991536,385.7104126819146,-7.630294501999231,-9.722226419437671,10.75,10.449999999999989,0.30000000000001137,10.75,9.742857142857142,7405629.6,Buy
633,2025-01-20T00:00:00+05:30,389.6,391.0,382.65,387.05,14597375,2.167194826188805,379.4600999983899,385.8096413721431,-6.349541373753198,-9.047689410300777,8.350000000000023,3.3500000000000227,5.0,8.350000000000023,9.935714285714287,7877327.6,Buy
634,2025-01-21T00:00:00+05:30,388.0,389.65,381.0,381.55,20854879,2.182324153766885,379.78162307556073,385.494112381614,-5.712489306053271,-8.380649389451277,8.649999999999977,2.599999999999966,6.050000000000011,8.649999999999977,9.846428571428573,8707921.6,Buy
635,2025-01-22T00:00:00+05:30,381.5,383.9,374.65,379.2,10653690,2.1529666355939026,379.69214260239755,385.0278818348278,-5.335739232430228,-7.771667358047067,9.25,2.349999999999966,6.900000000000034,9.25,9.807142857142859,9031102.05,Buy
636,2025-01-23T00:00:00+05:30,377.5,388.2,376.2,385.8,5844752,2.14904624882288,380.6318129712595,385.08507577298866,-4.453262801729181,-7.107986446783491,12.0,9.0,3.0,12.0,9.457142857142856,9027876.1,Buy
637,2025-01-24T00:00:00+05:30,386.05,392.25,381.7,383.05,5351964,2.1713662215104774,381.0038417449119,384.93432941943394,-3.9304876745220554,-6.472486692331204,10.550000000000011,6.449999999999989,4.100000000000023,10.550000000000011,9.657142857142857,8179037.9,Buy
638,2025-01-27T00:00:00+05:30,380.9,383.0,372.75,375.75,6645109,2.208381734582893,380.1955583995408,384.2540087216981,-4.0584503221572845,-5.98967941829642,10.25,0.05000000000001137,10.300000000000011,10.300000000000011,9.960714285714285,8126962.6,Buy
639,2025-01-28T00:00:00+05:30,376.0,377.6,367.75,370.65,10866038,2.2510314388891426,378.7270109534576,383.24630437194264,-4.519293418485063,-5.695602218334149,9.850000000000023,1.8500000000000227,8.0,9.850000000000023,9.896428571428572,8491020.7,Buy
640,2025-01-29T00:00:00+05:30,372.5,385.0,370.8,379.45,6680927,2.012511636022993,378.838240037541,382.96509664068765,-4.126856603146621,-5.381853095296644,14.199999999999989,14.350000000000023,0.1500000000000341,14.350000000000023,10.314285714285717,8448118.45,Buy
641,2025-01-30T00:00:00+05:30,381.7,387.35,380.4,385.05,6300164,1.7949306060452932,379.79389541638085,383.1195339265626,-3.3256385101817614,-4.970610178273668,6.9500000000000455,7.900000000000034,0.9499999999999886,7.900000000000034,10.225000000000007,8407010.7,Buy
642,2025-01-31T00:00:00+05:30,379.5,396.95,374.65,395.9,10339434,2.0326979990354985,382.27175766001454,384.0662351171876,-1.794477457173059,-4.335383634053546,22.30000000000001,11.899999999999977,10.400000000000034,22.30000000000001,11.025000000000006,8485275.35,Buy
643,2025-02-01T00:00:00+05:30,395.9,399.45,379.05,385.3,7015540,2.126299788106721,382.73764109693536,384.15762510850703,-1.419984011571671,-3.752303709557171,20.399999999999977,3.5500000000000114,16.849999999999966,20.399999999999977,11.696428571428575,8508946.3,Buy
644,2025-02-03T00:00:00+05:30,384.0,384.15,366.5,374.0,7689700,2.2044745356191293,381.3933886204838,383.4052084338028,-2.0118198133189935,-3.404206930309536,17.649999999999977,1.150000000000034,18.80000000000001,18.80000000000001,12.167857142857148,8523042.4,Buy
645,2025-02-04T00:00:00+05:30,377.5,380.7,374.9,376.55,4649921,2.1596124958867406,380.6482519096401,382.89741521648403,-2.2491633068439114,-3.173198205616411,5.800000000000011,6.699999999999989,0.8999999999999773,6.699999999999989,12.153571428571436,8443157.85,Buy
646,2025-02-05T00:00:00+05:30,378.0,385.1,377.9,382.85,5914200,2.04500504830769,380.9869823850801,382.893902978226,-1.9069205931458555,-2.9199426831223003,7.2000000000000455,8.550000000000011,1.349999999999966,8.550000000000011,11.996428571428579,8494181.8,Buy
647,2025-02-06T00:00:00+05:30,382.8,384.65,377.2,379.6,4652107,1.7969997999934997,380.7736004796832,382.64991016502404,-1.876309685340857,-2.7112160835660117,7.449999999999989,1.7999999999999545,5.650000000000034,7.449999999999989,11.932142857142862,8293707.7,Buy
648,2025-02-07T00:00:00+05:30,379.5,383.0,376.0,378.25,3006598,1.67901270712798,380.38535425203963,382.3239908935408,-1.938636641501148,-2.5567001951530393,7.0,3.3999999999999773,3.6000000000000227,7.0,11.81428571428572,8159131.95,Buy
649,2025-02-10T00:00:00+05:30,377.0,379.85,369.0,370.5,3380494,1.6840256618405132,378.86453052095663,381.4481397162415,-2.5836091952848506,-2.5620819951794016,10.850000000000023,1.6000000000000227,9.25,10.850000000000023,11.928571428571436,8043251.0,Sell
650,2025-02-11T00:00:00+05:30,370.0,370.5,357.5,359.0,6803431,2.1740735993373836,375.80844890234795,379.7853145520755,-3.9768656497275288,-2.8450387260890273,13.0,0.0,13.0,13.0,12.000000000000009,7827536.85,Sell
651,2025-02-12T00:00:00+05:30,359.9,361.8,351.55,360.35,4565992,2.480234323151701,373.4302259942944,378.3456616222921,-4.915435627997681,-3.2591181064707584,10.25,2.8000000000000114,7.449999999999989,10.25,11.978571428571437,7709650.35,Sell
652,2025-02-13T00:00:00+05:30,362.0,367.55,358.6,361.65,3712240,2.6183005790015885,371.61788353363374,377.10894594656673,-5.49106241293299,-3.705506967763205,8.949999999999989,7.199999999999989,1.75,8.949999999999989,11.882142857142863,7476227.75,Sell
653,2025-02-14T00:00:00+05:30,363.9,365.0,350.5,354.2,4464446,2.9725645210386777,368.93820914384395,375.4119869875618,-6.473777843717869,-4.259161142954138,14.5,3.3500000000000227,11.149999999999977,14.5,12.214285714285719,6969581.3,Sell
654,2025-02-17T00:00:00+05:30,354.2,362.0,349.25,360.1,6017586,3.0569470759212614,367.57848466017566,374.2777657292239,-6.699281069048254,-4.747185128172962,12.75,7.800000000000011,4.949999999999989,12.75,12.100000000000003,6227716.65,Sell
655,2025-02-18T00:00:00+05:30,360.25,362.35,353.8,361.1,3843725,3.1488618637265544,366.5817947124563,373.30163493446656,-6.719840222010248,-5.14171614694042,8.550000000000011,2.25,6.300000000000011,8.550000000000011,12.146428571428572,5887218.4,Sell
656,2025-02-19T00:00:00+05:30,360.0,365.3,358.0,362.3,3097726,3.117873751357832,365.9230570643861,372.48669901339497,-6.563641949008854,-5.426101307354107,7.300000000000011,4.199999999999989,3.1000000000000227,7.300000000000011,11.075000000000001,5749867.1,No Signal
657,2025-02-20T00:00:00+05:30,360.0,369.45,360.0,367.95,4624287,3.010188215958829,366.23489443909597,372.15064723462496,-5.915752795528988,-5.524031604989083,9.449999999999989,7.149999999999977,2.3000000000000114,9.449999999999989,10.292857142857144,5713483.25,No Signal
658,2025-02-21T00:00:00+05:30,367.55,371.2,365.3,369.95,5235241,2.9866796095982133,366.8064491407735,371.9876363283564,-5.181187187582907,-5.455462721507848,5.899999999999977,3.25,2.6499999999999773,5.899999999999977,9.37142857142857,5642989.85,No Signal
659,2025-02-24T00:00:00+05:30,368.05,368.5,361.15,364.8,4533486,3.0582149012383595,366.4977646575776,371.45521882255224,-4.957454164974649,-5.355861010201209,7.350000000000023,1.4499999999999886,8.800000000000011,8.800000000000011,9.521428571428572,5326362.25,No Signal
660,2025-02-24T00:00:00+05:30,368.05,368.5,361.15,364.8,4533486,3.038280827517171,366.23657009487334,370.9622396505113,-4.725669555637978,-5.229822719288563,7.350000000000023,3.6999999999999886,3.650000000000034,7.350000000000023,9.435714285714287,5218990.2,No Signal
661,2025-02-25T00:00:00+05:30,364.0,365.4,358.7,361.15,4525493,2.973624003349622,365.4540208495082,370.23540708380676,-4.781386234298566,-5.140135422290564,6.699999999999989,0.5999999999999659,6.100000000000023,6.699999999999989,9.382142857142858,5130256.65,No Signal
