,Date,Open,High,Low,Close,Volume,Volatility,EMA12,EMA26,MACD,Signal Line,H-L,H-PC,L-PC,TR,ATR,Avg_Volume,Signal
0,2022-07-05T00:00:00+05:30,581.0,581.2,563.25,564.85,2528269,,564.85,564.85,0.0,0.0,17.950000000000045,,,17.950000000000045,,,No Signal
1,2022-07-06T00:00:00+05:30,563.25,571.9,555.0,557.45,3309296,,563.7115384615385,564.3018518518519,-0.5903133903134403,-0.11806267806268807,16.899999999999977,7.0499999999999545,9.850000000000023,16.899999999999977,,,No Signal
2,2022-07-07T00:00:00+05:30,563.8,565.65,551.2,554.6,4548159,,562.3097633136094,563.5831961591222,-1.2734328455127297,-0.3491367115526964,14.449999999999932,8.199999999999932,6.25,14.449999999999932,,,No Signal
3,2022-07-08T00:00:00+05:30,558.0,558.85,543.45,545.35,3509988,,559.7005689576695,562.2325890362242,-2.5320200785547513,-0.7857133849531074,15.399999999999977,4.25,11.149999999999977,15.399999999999977,,,No Signal
4,2022-07-11T00:00:00+05:30,543.0,549.1,540.2,546.65,1848324,,557.692789118028,561.0783231816891,-3.3855340636611118,-1.3056775206947084,8.899999999999977,3.75,5.149999999999977,8.899999999999977,,,No Signal
5,2022-07-12T00:00:00+05:30,546.55,546.65,537.45,539.75,2088278,,554.9323600229468,559.498447390453,-4.566087367506157,-1.9577594900569981,9.199999999999932,0.0,9.199999999999932,9.199999999999932,,,No Signal
6,2022-07-13T00:00:00+05:30,542.45,545.75,538.55,539.5,1169625,,552.5581507886473,558.0170809170861,-5.458930128438851,-2.6579936177333687,7.2000000000000455,6.0,1.2000000000000455,7.2000000000000455,,,No Signal
7,2022-07-14T00:00:00+05:30,540.8,543.45,532.6,537.15,1770641,,550.1876660519323,556.4713712195241,-6.283705167591847,-3.3831359277050645,10.850000000000023,3.9500000000000455,6.899999999999977,10.850000000000023,,,No Signal
8,2022-07-15T00:00:00+05:30,537.1,541.7,534.0,539.9,1079168,,548.6049481977889,555.2438622403001,-6.63891404251126,-4.034291550666304,7.7000000000000455,4.550000000000068,3.1499999999999773,7.7000000000000455,,,No Signal
9,2022-07-18T00:00:00+05:30,544.4,545.95,540.45,542.75,1543573,,547.7041869365905,554.3183909632409,-6.614204026650327,-4.550274045863109,5.5,6.050000000000068,0.5500000000000682,6.050000000000068,,,No Signal
10,2022-07-19T00:00:00+05:30,541.0,544.8,535.0,535.9,4654412,,545.8881581771151,552.9540657067045,-7.065907529589367,-5.0534007426083605,9.799999999999955,2.0499999999999545,7.75,9.799999999999955,,,No Signal
11,2022-07-20T00:00:00+05:30,540.0,541.1,522.0,525.2,9053768,,542.7053646114051,550.8982089876893,-8.192844376284143,-5.681289469343517,19.100000000000023,5.2000000000000455,13.899999999999977,19.100000000000023,,,No Signal
12,2022-07-21T00:00:00+05:30,525.3,532.35,519.05,529.1,5528757,,540.6122315942658,549.283526840453,-8.671295246187128,-6.27929062471224,13.300000000000068,7.149999999999977,6.150000000000091,13.300000000000068,,,No Signal
13,2022-07-22T00:00:00+05:30,530.0,536.95,528.55,535.0,2944287,,539.7488113489942,548.2254878152343,-8.476676466240065,-6.718767793017805,8.400000000000091,7.850000000000023,0.5500000000000682,8.400000000000091,11.800000000000011,,No Signal
14,2022-07-25T00:00:00+05:30,534.0,536.0,526.0,526.75,3799047,,537.7489942183797,546.6347109400317,-8.885716721651988,-7.152157578744642,10.0,1.0,9.0,10.0,11.232142857142865,,No Signal
15,2022-07-26T00:00:00+05:30,525.0,531.0,520.1,522.55,7812215,,535.410687415552,544.8506582778072,-9.439970862255109,-7.609720235446736,10.899999999999977,4.25,6.649999999999977,10.899999999999977,10.803571428571436,,No Signal
16,2022-07-27T00:00:00+05:30,525.0,532.55,520.05,521.25,8669989,,533.2321201208517,543.10246136834,-9.870341247488227,-8.061844437855035,12.5,10.0,2.5,12.5,10.664285714285727,,No Signal
17,2022-07-28T00:00:00+05:30,524.0,536.0,519.65,531.6,11504264,,532.9810247176438,542.2504271929074,-9.269402475263632,-8.303356045336754,16.350000000000023,14.75,1.6000000000000227,16.350000000000023,10.732142857142874,,No Signal
18,2022-07-29T00:00:00+05:30,540.0,560.0,534.2,555.5,14235173,,536.4454824533909,543.2318770304698,-6.786394577078909,-7.999963751685185,25.799999999999955,28.399999999999977,2.6000000000000227,28.399999999999977,12.125000000000016,,No Signal
19,2022-08-01T00:00:00+05:30,560.0,560.2,544.4,546.05,4481776,2.216094064096206,537.9231005374846,543.4406268800647,-5.517526342580027,-7.503476269864154,15.800000000000068,4.7000000000000455,11.100000000000023,15.800000000000068,12.596428571428598,4803950.45,No Signal
20,2022-08-02T00:00:00+05:30,545.0,545.0,534.65,538.5,5856131,1.963404996575532,538.0118543009486,543.0746545185784,-5.062800217629842,-7.015341059417292,10.350000000000023,1.0499999999999545,11.399999999999977,11.399999999999977,12.896428571428592,4970343.55,No Signal
21,2022-08-03T00:00:00+05:30,540.0,540.55,526.5,535.35,4151835,1.7934328988620754,537.6023382546488,542.5024578875726,-4.900119632923861,-6.592296774118606,14.049999999999955,2.0499999999999545,12.0,14.049999999999955,13.125000000000016,5012470.5,No Signal
22,2022-08-04T00:00:00+05:30,536.3,539.4,529.4,534.9,4868407,1.6293765435935108,537.1865939077798,541.9393128588636,-4.752718951083807,-6.224381209511646,10.0,4.0499999999999545,5.9500000000000455,10.0,13.289285714285727,5028482.9,No Signal
23,2022-08-05T00:00:00+05:30,537.6,545.55,536.55,539.25,5466003,1.5745900110655127,537.5040409988906,541.7401044989477,-4.236063500057185,-5.826717667620755,9.0,10.649999999999977,1.6499999999999773,10.649999999999977,13.617857142857149,5126283.65,No Signal
24,2022-08-08T00:00:00+05:30,541.0,543.4,535.8,536.75,2559969,1.513953472457175,537.388034691369,541.3704671286554,-3.982432437286434,-5.45786062155389,7.600000000000023,4.149999999999977,3.4500000000000455,7.600000000000023,13.460714285714298,5161865.9,No Signal
25,2022-08-10T00:00:00+05:30,538.4,543.95,537.0,540.9,3596611,1.5087428359795179,537.928337046543,541.335617711718,-3.4072806651749943,-5.047744630278111,6.9500000000000455,7.2000000000000455,0.25,7.2000000000000455,12.610714285714298,5237282.55,No Signal
26,2022-08-11T00:00:00+05:30,543.65,545.5,539.25,541.55,2333200,1.5185597830134192,538.4855159624594,541.3514978812203,-2.8659819187608946,-4.611392087974668,6.25,4.600000000000023,1.6499999999999773,6.25,12.107142857142865,5295461.3,No Signal
27,2022-08-12T00:00:00+05:30,542.0,548.35,540.15,544.95,2904136,1.5547461104480609,539.4800519682349,541.6180535937225,-2.138001625487618,-4.116713995477258,8.200000000000045,6.800000000000068,1.3999999999999773,8.200000000000045,12.092857142857147,5352136.05,No Signal
28,2022-08-16T00:00:00+05:30,547.7,572.9,546.0,570.6,9779754,2.0052209775200844,544.2677362808141,543.7648644386319,0.5028718421822305,-3.1927968279453602,26.899999999999977,27.949999999999932,1.0499999999999545,27.949999999999932,13.375,5787165.35,No Signal
29,2022-08-17T00:00:00+05:30,572.0,591.7,570.0,589.35,8774559,2.757815546365828,551.2034691606889,547.1415411468814,4.06192801380746,-1.7418518595947963,21.700000000000045,21.100000000000023,0.6000000000000227,21.700000000000045,14.146428571428576,6148714.65,No Signal
30,2022-08-18T00:00:00+05:30,590.2,598.95,583.0,586.75,7122756,3.283776241910192,556.6721662128906,550.0755010619273,6.596665150963304,-0.0741484574831762,15.950000000000045,9.600000000000023,6.350000000000023,15.950000000000045,14.392857142857151,6272131.85,No Signal
31,2022-08-19T00:00:00+05:30,586.5,594.4,573.8,576.65,3992275,3.5088232914672703,559.7456791032151,552.0439824647475,7.701696638467638,1.4810205617069867,20.600000000000023,7.649999999999977,12.950000000000045,20.600000000000023,14.69642857142858,6019057.2,No Signal
32,2022-08-22T00:00:00+05:30,576.65,576.65,565.6,566.65,2574913,3.6011475553829295,560.8078823181052,553.125909689581,7.681972628524136,2.7212109750704165,11.049999999999955,0.0,11.049999999999955,11.049999999999955,13.457142857142864,5871365.0,Buy
33,2022-08-23T00:00:00+05:30,560.0,571.3,560.0,565.85,2725458,3.6427729787558283,561.5835927307044,554.0684348977602,7.515157832944169,3.6800003466451674,11.299999999999955,4.649999999999977,6.649999999999977,11.299999999999955,13.135714285714284,5860423.55,Buy
34,2022-08-24T00:00:00+05:30,567.9,574.25,563.15,566.65,3475177,3.585430442211215,562.3630400029037,555.0004026831112,7.362637319792498,4.416527741274634,11.100000000000023,8.399999999999977,2.7000000000000455,11.100000000000023,13.114285714285716,5844230.05,Buy
35,2022-08-25T00:00:00+05:30,569.5,579.75,568.35,571.05,2146538,3.4462103139005205,563.6994953870724,556.1892617436215,7.510233643450874,5.035268921709882,11.399999999999977,13.100000000000023,1.7000000000000455,13.100000000000023,13.046428571428578,5560946.2,Buy
36,2022-08-26T00:00:00+05:30,574.9,581.5,564.35,566.9,4009687,3.2473086794721153,564.1918807121382,556.9826497626125,7.209230949525704,5.470061327273047,17.149999999999977,10.450000000000045,6.699999999999932,17.149999999999977,13.557142857142862,5327931.1,Buy
37,2022-08-29T00:00:00+05:30,555.0,565.0,554.1,560.95,2582205,3.1325686379884767,563.6931298333477,557.2765275579745,6.4166022753731795,5.659369516893074,10.899999999999977,1.8999999999999773,12.799999999999955,12.799999999999955,13.710714285714289,4881828.15,Buy
38,2022-08-30T00:00:00+05:30,563.5,576.5,562.15,575.2,3056902,3.136978133710678,565.4634175512942,558.6041921833098,6.859225367984436,5.899340687111347,14.350000000000023,15.549999999999955,1.1999999999999318,15.549999999999955,14.278571428571427,4322914.6,Buy
39,2022-09-01T00:00:00+05:30,576.85,581.0,569.05,575.6,3491217,3.1697374061674934,567.0228917741721,559.863140910472,7.159750863700083,6.1514227224290945,11.950000000000045,5.7999999999999545,6.150000000000091,11.950000000000045,14.617857142857142,4273386.65,Buy
40,2022-09-02T00:00:00+05:30,575.0,586.1,571.25,574.85,3282604,3.1102810929587688,568.2270622704533,560.9732786208074,7.253783649645925,6.371894907872461,14.850000000000023,10.5,4.350000000000023,14.850000000000023,15.232142857142858,4144710.3,Buy
41,2022-09-05T00:00:00+05:30,574.0,578.85,570.05,573.65,1218126,2.9658788072926474,569.0613603826913,561.9122950192661,7.149065363425166,6.527328998983003,8.800000000000068,4.0,4.800000000000068,8.800000000000068,15.275000000000002,3998024.85,Buy
42,2022-09-06T00:00:00+05:30,576.4,580.8,571.65,573.5,3339164,2.7569689400482553,569.7442280161234,562.7706435363575,6.973584479765918,6.616580095139586,9.149999999999977,7.149999999999977,2.0,9.149999999999977,13.932142857142862,3921562.7,Buy
43,2022-09-07T00:00:00+05:30,570.0,578.5,568.9,576.95,3210162,2.5670191270123035,570.8528083213353,563.8209662373681,7.031842083967149,6.699632492905099,9.600000000000023,5.0,4.600000000000023,9.600000000000023,13.067857142857147,3808770.65,No Signal
44,2022-09-08T00:00:00+05:30,579.85,586.0,578.0,584.35,2397128,2.3102307405331075,572.9292993488222,565.3416354049705,7.58766394385168,6.877238783094416,8.0,9.049999999999955,1.0499999999999545,9.049999999999955,12.574999999999998,3800628.6,No Signal
45,2022-09-09T00:00:00+05:30,586.0,588.9,575.0,575.95,1230807,2.050417459268934,573.3940225259264,566.1274401897875,7.2665823361388675,6.955107493703307,13.899999999999977,4.5499999999999545,9.350000000000023,13.899999999999977,12.096428571428564,3682338.4,No Signal
46,2022-09-12T00:00:00+05:30,578.0,584.0,572.8,578.55,2014079,1.672329056163872,574.18724982963,567.0476298053588,7.139620024271153,6.992009999816877,11.200000000000045,8.049999999999955,3.150000000000091,11.200000000000045,12.107142857142858,3666382.35,No Signal
47,2022-09-13T00:00:00+05:30,605.0,605.9,585.0,587.05,10169332,1.308922783893668,576.1661344712254,568.5292868568138,7.636847614411636,7.120977522735829,20.899999999999977,27.350000000000023,6.4500000000000455,27.350000000000023,13.253571428571433,4029642.15,No Signal
48,2022-09-14T00:00:00+05:30,580.0,586.2,575.05,576.35,3031759,1.3227868732744568,576.1944214756522,569.1085989414943,7.0858225341579555,7.113946525020254,11.150000000000091,0.849999999999909,12.0,12.0,13.317857142857147,3692242.4,No Signal
49,2022-09-15T00:00:00+05:30,578.4,583.4,566.1,566.75,2650476,1.245863310094588,574.7414335563211,568.933887908791,5.807545647530105,6.852666349522225,17.299999999999955,7.0499999999999545,10.25,17.299999999999955,13.617857142857142,3386038.25,No Signal
50,2022-09-16T00:00:00+05:30,568.0,568.85,544.9,546.75,7125663,1.5967259576570314,570.4350591630409,567.2906369525842,3.144422210456696,6.111017521709119,23.950000000000045,2.1000000000000227,21.850000000000023,23.950000000000045,14.103571428571431,3386183.6,Sell
51,2022-09-19T00:00:00+05:30,550.0,557.0,543.0,548.1,4657237,1.8518773362778935,566.9988962148808,565.8691082894298,1.1297879254509553,5.114771602457487,14.0,10.25,3.75,14.0,14.18928571428572,3419431.7,Sell
52,2022-09-20T00:00:00+05:30,550.8,564.55,547.2,559.75,8499171,1.8588488018170364,565.8836814125914,565.4158410087314,0.46784040386000925,4.185385362737992,17.34999999999991,16.449999999999932,0.8999999999999773,17.34999999999991,14.317857142857147,3715644.6,Sell
53,2022-09-21T00:00:00+05:30,558.0,561.8,549.5,551.4,2075129,2.030673606607415,563.6554227337311,564.3776305636402,-0.7222078299090526,3.203866724208583,12.299999999999955,2.0499999999999545,10.25,12.299999999999955,14.34285714285714,3683128.15,Sell
54,2022-09-22T00:00:00+05:30,545.1,551.45,540.1,545.8,3492553,2.269232280486695,560.9084346208494,563.0015097811483,-2.093075160298895,2.1444783473070874,11.350000000000023,0.05000000000006821,11.299999999999955,11.350000000000023,14.09285714285714,3683996.95,Sell
55,2022-09-23T00:00:00+05:30,542.75,545.0,537.1,539.45,2117696,2.586975472562497,557.6071369868727,561.2569535010633,-3.649816514190661,0.9856193750075377,7.899999999999977,0.7999999999999545,8.699999999999932,8.699999999999932,14.085714285714273,3682554.85,Sell
56,2022-09-26T00:00:00+05:30,535.0,536.45,520.0,522.75,3974584,3.2698784688677693,552.2445005273538,558.4045865750586,-6.1600860477047945,-0.44352170953492875,16.450000000000045,3.0,19.450000000000045,19.450000000000045,14.821428571428564,3680799.7,Sell
57,2022-09-27T00:00:00+05:30,525.4,526.9,515.25,520.85,2993170,3.7835295672077898,547.4145773692994,555.6227653472765,-8.208187977977104,-1.996454963223364,11.649999999999977,4.149999999999977,7.5,11.649999999999977,14.967857142857131,3701347.95,Sell
58,2022-09-28T00:00:00+05:30,518.35,520.25,510.0,514.45,3564212,4.3151686685834285,542.3431039278687,552.5729308771079,-10.229826949239168,-3.643129360426525,10.25,0.6000000000000227,10.850000000000023,10.850000000000023,15.096428571428564,3726713.45,Sell
59,2022-09-29T00:00:00+05:30,518.0,529.75,517.0,528.0,5428215,4.344290877658939,540.1364725543505,550.7527137750999,-10.61624122074943,-5.037751732491106,12.75,15.299999999999955,2.5499999999999545,15.299999999999955,15.196428571428564,3823563.35,Sell
60,2022-09-30T00:00:00+05:30,526.0,532.4,521.5,530.45,3215795,4.39097884889467,538.6462460075273,549.2488090510184,-10.602563043491045,-6.1507139946910945,10.899999999999977,4.399999999999977,6.5,10.899999999999977,15.174999999999986,3820222.9,Sell
61,2022-10-03T00:00:00+05:30,530.55,530.55,518.05,518.7,2950573,4.666387106276237,535.5775927756,546.9859343064985,-11.408341530898497,-7.202239501932575,12.5,0.09999999999990905,12.400000000000091,12.5,14.1142857142857,3906845.25,Sell
62,2022-10-04T00:00:00+05:30,522.2,533.1,522.2,531.95,2257438,4.525140513121746,535.0195015793538,545.872161394906,-10.852659815552215,-7.932323564656503,10.899999999999977,14.399999999999977,3.5,14.399999999999977,14.285714285714269,3852758.95,Sell
63,2022-10-06T00:00:00+05:30,535.0,539.2,528.8,529.65,3033683,4.46073473093924,534.1934244132993,544.6705198100982,-10.477095396798859,-8.441277931084974,10.400000000000091,7.25,3.150000000000091,10.400000000000091,13.792857142857136,3843935.0,No Signal
64,2022-10-07T00:00:00+05:30,529.95,533.5,525.9,526.85,2762212,4.255274774925692,533.0636668112533,543.3504813056464,-10.286814494393184,-8.810385243746616,7.600000000000023,3.8500000000000227,3.75,7.600000000000023,12.624999999999991,3862189.2,No Signal
65,2022-10-10T00:00:00+05:30,525.8,534.5,520.0,533.2,2979542,3.998795323947059,533.0846411479836,542.5985938015245,-9.513952653540969,-8.951098725705487,14.5,7.649999999999977,6.850000000000023,14.5,12.660714285714278,3949625.95,No Signal
66,2022-10-11T00:00:00+05:30,534.0,535.0,521.3,522.55,2357945,3.83172932535255,531.4639271252169,541.1135127791894,-9.649585653972508,-9.090796111358891,13.700000000000045,1.7999999999999545,11.900000000000091,13.700000000000045,12.400000000000002,3966819.25,No Signal
67,2022-10-12T00:00:00+05:30,520.1,528.6,520.1,526.6,1768392,3.2029495039169817,530.7156306444142,540.0384377585086,-9.322807114094417,-9.137198311905996,8.5,6.050000000000068,2.449999999999932,8.5,12.128571428571433,3546772.25,No Signal
68,2022-10-13T00:00:00+05:30,525.0,526.0,518.0,520.65,1462002,2.7766791872820917,529.1670720837351,538.6022571838042,-9.435185100069134,-9.196795669538623,8.0,0.6000000000000227,8.600000000000023,8.600000000000023,11.932142857142862,3468284.4,No Signal
69,2022-10-14T00:00:00+05:30,534.4,534.4,521.8,523.0,2213970,2.380093753472719,528.2182917631604,537.4465344294483,-9.228242666287883,-9.203085068888475,12.600000000000023,13.75,1.1499999999999773,13.75,12.292857142857153,3446459.1,No Signal
70,2022-10-17T00:00:00+05:30,522.0,525.9,518.6,523.75,1485962,2.305432096708147,527.5308622611358,536.4319763235633,-8.901114062427496,-9.14269086759628,7.2999999999999545,2.8999999999999773,4.399999999999977,7.2999999999999545,11.425000000000002,3164474.05,No Signal
71,2022-10-18T00:00:00+05:30,526.1,532.4,523.75,531.25,2757258,2.1419016361239005,528.1030372978842,536.0481262255215,-7.945088927637357,-8.903170479604496,8.649999999999977,8.649999999999977,0.0,8.649999999999977,11.210714285714289,3069475.1,No Signal
72,2022-10-19T00:00:00+05:30,533.2,535.4,529.3,531.55,2134847,1.6940559169882745,528.6333392520559,535.7149316902977,-7.081592438241842,-8.538854871331965,6.100000000000023,4.149999999999977,1.9500000000000455,6.100000000000023,10.871428571428575,2751258.9,No Signal
73,2022-10-20T00:00:00+05:30,531.0,538.0,527.0,537.2,2285765,1.407266624674322,529.9512870594319,535.8249367502757,-5.873649690843763,-8.005813835234326,11.0,6.4500000000000455,4.5499999999999545,11.0,10.56428571428572,2761790.7,No Signal
74,2022-10-21T00:00:00+05:30,539.9,548.3,536.7,541.95,4221620,1.313214574236687,531.7972428964424,536.2786451391441,-4.4814022427017335,-7.3009315167278075,11.599999999999909,11.099999999999909,0.5,11.599999999999909,10.614285714285716,2798244.05,No Signal
75,2022-10-24T00:00:00+05:30,546.8,547.0,539.7,541.55,388711,1.350134015400611,533.2976670662205,536.6691158695779,-3.3714488033574526,-6.515034974053737,7.2999999999999545,5.0499999999999545,2.25,7.2999999999999545,10.242857142857142,2711794.8,No Signal
76,2022-10-25T00:00:00+05:30,544.35,544.8,531.5,533.45,2362477,1.3704541985426981,533.3211029021866,536.4306628422017,-3.109559940015174,-5.833939967246025,13.299999999999955,3.25,10.049999999999955,13.299999999999955,10.164285714285711,2631189.45,No Signal
77,2022-10-27T00:00:00+05:30,533.0,537.95,529.65,533.0,4849090,1.3424380040021757,533.2717024556963,536.1765396687053,-2.9048372130090456,-5.248119416398629,8.300000000000068,4.5,3.800000000000068,8.300000000000068,10.014285714285709,2723985.45,No Signal
78,2022-10-28T00:00:00+05:30,532.7,536.5,528.3,530.1,1206926,1.1855216595374694,532.7837482317431,535.7264256191717,-2.9426773874286027,-4.7870310106046245,8.200000000000045,3.5,4.7000000000000455,8.200000000000045,10.057142857142853,2606121.15,No Signal
79,2022-10-31T00:00:00+05:30,532.8,541.3,532.1,540.45,1625227,1.2401882133195863,533.9631715807056,536.0763200177515,-2.1131484370458793,-4.252254495892876,9.199999999999932,11.199999999999932,2.0,11.199999999999932,9.821428571428564,2415971.75,No Signal
80,2022-11-01T00:00:00+05:30,543.05,550.9,539.9,544.55,2726913,1.3612837485708458,535.5919144144432,536.7040000164366,-1.1120856019933854,-3.624220717112978,11.0,10.449999999999932,0.5500000000000682,11.0,9.628571428571417,2391527.65,No Signal
81,2022-11-02T00:00:00+05:30,545.85,548.15,540.15,542.25,1479709,1.3291835727795684,536.6162352737596,537.1148148300339,-0.49857955627430783,-2.999092484945244,8.0,3.6000000000000227,4.399999999999977,8.0,9.592857142857131,2317984.45,No Signal
82,2022-11-03T00:00:00+05:30,540.4,548.3,538.15,545.4,1782681,1.426530416682963,537.9675836931812,537.7285322500313,0.23905144314983318,-2.351463699326229,10.149999999999977,6.0499999999999545,4.100000000000023,10.149999999999977,9.703571428571413,2294246.6,No Signal
83,2022-11-04T00:00:00+05:30,545.4,546.9,536.5,539.3,1514293,1.4581521470524057,538.1725708173071,537.8449372685475,0.3276335487596498,-1.8156442497090532,10.399999999999977,1.5,8.899999999999977,10.399999999999977,9.464285714285698,2218277.1,No Signal
84,2022-11-07T00:00:00+05:30,540.0,543.5,534.7,536.0,2975607,1.441382279687423,537.8383291531061,537.7082752486551,0.13005390445096054,-1.4265046188770505,8.799999999999955,4.2000000000000455,4.599999999999909,8.799999999999955,9.571428571428555,2228946.85,No Signal
85,2022-11-09T00:00:00+05:30,536.75,538.2,530.9,531.75,2253080,1.4554568351599735,536.9016631295513,537.2669215265325,-0.3652583969812895,-1.2142553744978983,7.300000000000068,2.2000000000000455,5.100000000000023,7.300000000000068,9.47499999999999,2192623.75,No Signal
86,2022-11-10T00:00:00+05:30,531.75,534.5,527.0,528.25,1377261,1.40089899270344,535.5706380326972,536.5990014134561,-1.0283633807589467,-1.177076975750108,7.5,2.75,4.75,7.5,9.574999999999989,2143589.55,No Signal
87,2022-11-11T00:00:00+05:30,535.0,553.0,532.45,542.65,6425508,1.3663247965565393,536.6597706430514,537.0472235309778,-0.38745288792642896,-1.0191521581853722,20.549999999999955,24.75,4.2000000000000455,24.75,10.557142857142846,2376445.35,Buy
88,2022-11-14T00:00:00+05:30,545.0,545.2,536.35,538.85,2050077,1.2342138652290957,536.9967290056588,537.1807625286832,-0.18403352302436815,-0.8521284311531714,8.850000000000023,2.550000000000068,6.2999999999999545,8.850000000000023,10.360714285714282,2405849.1,Buy
89,2022-11-15T00:00:00+05:30,539.8,540.95,530.15,532.9,2528973,1.1224456064057213,536.3664630047882,536.86366900804,-0.4972060032517902,-0.7811439455728952,10.800000000000068,2.1000000000000227,8.700000000000045,10.800000000000068,10.610714285714291,2421599.25,Buy
90,2022-11-16T00:00:00+05:30,527.1,532.15,525.6,528.1,2993579,1.0538692256971185,535.09469946559,536.2145083407778,-1.1198088751878004,-0.8488769314958763,6.5499999999999545,0.75,7.2999999999999545,7.2999999999999545,10.182142857142862,2496980.1,Sell
91,2022-11-17T00:00:00+05:30,528.55,535.55,525.05,531.2,2836501,1.0481905636572328,534.4955149324223,535.843063278498,-1.347548346075655,-0.948611214411832,10.5,7.449999999999932,3.050000000000068,10.5,10.339285714285714,2500942.25,Sell
92,2022-11-18T00:00:00+05:30,533.0,534.75,528.05,531.55,1946556,1.0475003808009071,534.0423587889727,535.5250585912019,-1.482699802229149,-1.0554289319752954,6.7000000000000455,3.5499999999999545,3.150000000000091,6.7000000000000455,10.232142857142858,2491527.7,Sell
93,2022-11-21T00:00:00+05:30,531.5,534.9,528.55,532.35,2063252,1.0598385959693912,533.7819958983615,535.2898690659276,-1.5078731675661174,-1.1459177790934598,6.350000000000023,3.3500000000000227,3.0,6.350000000000023,9.885714285714291,2480402.05,No Signal
94,2022-11-22T00:00:00+05:30,533.8,540.6,532.3,539.95,2912495,1.0284826471912343,534.7309196063059,535.635063949933,-0.9041443436271948,-1.0975630920002069,8.300000000000068,8.25,0.05000000000006821,8.300000000000068,9.692857142857154,2414945.8,No Signal
95,2022-11-23T00:00:00+05:30,542.65,549.1,541.0,547.65,5516807,1.0978347910121062,536.718470436105,536.5250592129009,0.19341122320406612,-0.8393682289593523,8.100000000000023,9.149999999999977,1.0499999999999545,9.149999999999977,9.77500000000001,2671350.6,No Signal
96,2022-11-24T00:00:00+05:30,551.9,573.55,550.1,572.55,10593033,1.7474169370217705,542.231013445935,539.1935733452787,3.0374401006563403,-0.06400656303621372,23.449999999999932,25.899999999999977,2.4500000000000455,25.899999999999977,10.90000000000001,3082878.4,Buy
97,2022-11-25T00:00:00+05:30,575.0,590.0,574.0,586.6,9556042,2.48828675141541,549.0570113773297,542.7051605048877,6.351850872442014,1.219164924059432,16.0,17.450000000000045,1.4500000000000455,17.450000000000045,11.403571428571443,3318226.0,Buy
98,2022-11-28T00:00:00+05:30,584.7,593.0,582.15,586.0,5799007,2.977550103113506,554.7405480885097,545.9121856526738,8.82836243583597,2.7410044264147397,10.850000000000023,6.399999999999977,4.4500000000000455,10.850000000000023,11.55000000000002,3547830.05,Buy
99,2022-11-29T00:00:00+05:30,583.5,587.5,582.55,584.85,3215168,3.362877247718347,559.3727714595083,548.7964681969202,10.576303262588112,4.308064193649415,4.9500000000000455,1.5,3.4500000000000455,4.9500000000000455,11.382142857142876,3627327.1,Buy
100,2022-11-30T00:00:00+05:30,586.2,593.0,585.05,590.6,3502958,3.729520863065488,564.1769604657378,551.8930261082594,12.283934357478415,5.9032382264152155,7.9500000000000455,8.149999999999977,0.1999999999999318,8.149999999999977,11.428571428571445,3666129.35,Buy
101,2022-12-01T00:00:00+05:30,590.6,600.9,589.1,596.45,3187110,4.095642348312513,569.142043471009,555.1935426928328,13.94850077817614,7.512290736767401,11.799999999999955,10.299999999999955,1.5,11.799999999999955,10.503571428571442,3751499.4,Buy
102,2022-12-02T00:00:00+05:30,594.95,594.95,586.95,589.85,2788182,4.383863471624502,572.3278829370075,557.760687678549,14.567195258458582,8.923271641105638,8.0,1.5,9.5,9.5,10.550000000000011,3801774.45,Buy
103,2022-12-05T00:00:00+05:30,591.9,593.8,584.8,588.9,2199623,4.550715799698834,574.8774394082371,560.0673034060638,14.810136002173294,10.10064451331917,9.0,3.949999999999932,5.050000000000068,9.0,10.421428571428578,3836040.95,Buy
104,2022-12-06T00:00:00+05:30,588.0,595.4,585.1,586.8,2751347,4.639199268677726,576.7116794992776,562.0475031537628,14.664176345514761,11.013350879758288,10.299999999999955,6.5,3.7999999999999545,10.299999999999955,10.635714285714291,3824827.95,Buy
105,2022-12-07T00:00:00+05:30,590.9,590.9,580.1,581.8,2831203,4.631151906716744,577.4944980378502,563.5106510682989,13.983846969551337,11.607450097716898,10.799999999999955,4.100000000000023,6.699999999999932,10.799999999999955,10.65714285714286,3853734.1,Buy
106,2022-12-08T00:00:00+05:30,580.0,580.8,573.5,577.5,3171515,4.50893237913863,577.4953444935655,564.5468991373137,12.948445356251796,11.875649149423879,7.2999999999999545,1.0,8.299999999999955,8.299999999999955,10.771428571428569,3943446.8,Buy
107,2022-12-09T00:00:00+05:30,581.0,581.9,571.55,579.6,3243463,4.451772029750516,577.8191376484016,565.6619436456609,12.157194002740653,11.931958120087234,10.350000000000023,4.399999999999977,5.9500000000000455,10.350000000000023,11.057142857142853,3784344.55,Buy
108,2022-12-12T00:00:00+05:30,575.2,578.0,571.55,576.5,1746977,4.36143575673948,577.6161933948014,566.4647626348712,11.151430759930122,11.775852648055812,6.4500000000000455,1.6000000000000227,8.050000000000068,8.050000000000068,11.039285714285711,3769189.55,Sell
109,2022-12-13T00:00:00+05:30,578.2,583.8,577.3,582.35,3212088,4.123120342643253,578.3444713340627,567.64144688414,10.703024449922736,11.561287008429197,6.5,7.2999999999999545,0.7999999999999545,7.2999999999999545,10.907142857142853,3803345.3,Sell
110,2022-12-14T00:00:00+05:30,583.0,585.55,579.1,580.35,2800824,3.7947870321371453,578.6530142057454,568.5828211890185,10.070193016726876,11.263068210088733,6.449999999999932,3.199999999999932,3.25,6.449999999999932,9.517857142857135,3793707.55,No Signal
111,2022-12-15T00:00:00+05:30,582.9,587.25,576.15,580.2,1991516,3.4200318439875863,578.8910120202462,569.443352952795,9.44765906745124,10.899986381561234,11.100000000000023,6.899999999999977,4.2000000000000455,11.100000000000023,9.064285714285704,3751458.3,No Signal
112,2022-12-16T00:00:00+05:30,579.2,585.7,573.6,575.2,2787085,2.9662960201443536,578.3231640171314,569.869771252588,8.453392764543423,10.410667658157672,12.100000000000023,5.5,6.600000000000023,12.100000000000023,9.15357142857142,3793484.75,No Signal
113,2022-12-19T00:00:00+05:30,574.95,586.75,574.2,584.45,1960028,2.3149285413431393,579.2657541683419,570.9497881968407,8.315965971501214,9.991727320826381,12.549999999999955,11.549999999999955,1.0,12.549999999999955,9.696428571428555,3788323.55,No Signal
114,2022-12-20T00:00:00+05:30,583.0,585.0,578.55,579.8,2166191,1.698116186908526,579.3479458347508,571.6053594415191,7.742586393231704,9.541899135307446,6.4500000000000455,0.5499999999999545,5.900000000000091,6.4500000000000455,9.574999999999989,3751008.35,No Signal
115,2022-12-21T00:00:00+05:30,585.0,589.9,571.3,575.4,2694313,1.0550624251326346,578.7405695524815,571.8864439273325,6.854125625148981,9.004344433275753,18.600000000000023,10.100000000000023,8.5,18.600000000000023,10.06071428571428,3609883.65,No Signal
116,2022-12-22T00:00:00+05:30,576.4,582.8,574.0,577.85,3424464,0.9872955231428809,578.6035588520997,572.3281888216042,6.275370030495537,8.45854955271971,8.799999999999955,7.399999999999977,1.3999999999999773,8.799999999999955,10.010714285714275,3251455.2,No Signal
117,2022-12-23T00:00:00+05:30,574.95,578.95,564.15,565.45,3234488,1.212634632496974,576.5799344133152,571.8186933533372,4.761241059978033,7.7190878541713746,14.800000000000068,1.1000000000000227,13.700000000000045,14.800000000000068,10.424999999999995,2935377.5,Sell
118,2022-12-26T00:00:00+05:30,562.5,570.75,562.5,569.3,1962016,1.2898388495467086,575.4599445035743,571.6321234753121,3.8278210282621785,6.940834488989536,8.25,5.2999999999999545,2.9500000000000455,8.25,10.278571428571427,2743527.95,No Signal
119,2022-12-27T00:00:00+05:30,572.0,574.2,567.45,569.8,1511357,1.3526021708918452,574.5891838107167,571.4964106252891,3.0927731854276317,6.171222228277156,6.75,4.900000000000091,1.849999999999909,6.75,9.989285714285716,2658337.4,No Signal
120,2022-12-28T00:00:00+05:30,569.7,571.75,566.35,568.2,1452719,1.3684053555180962,573.6062324552219,571.2522320604528,2.3540003947690593,5.4077778615755365,5.399999999999977,1.9500000000000455,3.449999999999932,5.399999999999977,9.78214285714286,2555825.45,No Signal
121,2022-12-29T00:00:00+05:30,566.0,573.2,559.15,571.0,3393061,1.198884513056307,573.2052736159569,571.2335482041229,1.9717254118339724,4.720567371627224,14.050000000000068,5.0,9.050000000000068,14.050000000000068,10.046428571428578,2566123.0,No Signal
122,2022-12-30T00:00:00+05:30,572.05,573.0,565.2,566.25,1690896,1.1887456539978671,572.1352315211943,570.864396485299,1.2708350358952885,4.030620904480837,7.7999999999999545,2.0,5.7999999999999545,7.7999999999999545,10.028571428571427,2511258.7,No Signal
123,2023-01-02T00:00:00+05:30,565.0,571.4,561.25,570.3,841928,1.094841155188632,571.8528882102413,570.8225893382398,1.030298872001481,3.430556497984966,10.149999999999977,5.149999999999977,5.0,10.149999999999977,10.232142857142858,2443373.95,Sell
124,2023-01-03T00:00:00+05:30,570.0,600.0,569.5,595.6,10096217,1.221741326214888,575.5062900240504,572.6579530909628,2.8483369330875803,3.3141125850054887,30.5,29.700000000000045,0.7999999999999545,30.5,11.950000000000005,2810617.45,Sell
125,2023-01-04T00:00:00+05:30,599.0,609.9,595.0,598.6,7722662,1.463141651429927,579.0591684818888,574.5795861953359,4.479582286552954,3.547206525314982,14.899999999999977,14.299999999999955,0.6000000000000227,14.899999999999977,12.221428571428573,3055190.4,Buy
126,2023-01-05T00:00:00+05:30,600.0,612.4,598.0,609.45,5704967,1.8622336456344768,583.7346810231368,577.1625798104961,6.572101212640632,4.152185462780112,14.399999999999977,13.799999999999955,0.6000000000000227,14.399999999999977,12.385714285714284,3181863.0,Buy
127,2023-01-06T00:00:00+05:30,608.0,620.6,605.65,611.65,5415866,2.211237838451213,588.0293454811157,579.7172035282372,8.312141952878505,4.984176760799791,14.950000000000045,11.149999999999977,3.800000000000068,14.950000000000045,12.557142857142862,3290483.15,Buy
128,2023-01-09T00:00:00+05:30,615.05,618.05,601.75,608.45,3969535,2.4427206830819066,591.1709846378672,581.8455588224418,9.32542581542532,5.852426571724897,16.299999999999955,6.399999999999977,9.899999999999977,16.299999999999955,13.260714285714284,3401611.05,Buy
129,2023-01-10T00:00:00+05:30,608.5,613.05,599.55,600.2,4073524,2.5677715738971187,592.5600639243492,583.2051470578165,9.354916866532676,6.552924630686453,13.5,4.599999999999909,8.900000000000091,13.5,12.896428571428569,3444682.85,Buy
130,2023-01-11T00:00:00+05:30,600.0,605.55,594.35,599.85,3576811,2.6430087466752763,593.6815925513723,584.4380991276079,9.243493423764448,7.091038389302053,11.199999999999932,5.349999999999909,5.850000000000023,11.199999999999932,13.067857142857138,3483482.2,Buy
131,2023-01-12T00:00:00+05:30,602.45,605.8,594.6,598.4,2358813,2.699375653428313,594.4075013896228,585.4723140070444,8.93518738257842,7.459868187957326,11.199999999999932,5.949999999999932,5.25,11.199999999999932,12.81071428571427,3501847.05,Buy
132,2023-01-13T00:00:00+05:30,599.45,607.6,596.35,604.5,3272285,2.740089956755358,595.960193483527,586.8817722287448,9.078421254782143,7.78357880132229,11.25,9.200000000000045,2.0499999999999545,11.25,13.024999999999986,3526107.05,Buy
133,2023-01-16T00:00:00+05:30,605.0,612.6,599.85,604.2,2170216,2.8193465583182538,597.2278560245228,588.1646039155045,9.063252109018322,8.039513462861496,12.75,8.100000000000023,4.649999999999977,12.75,13.453571428571413,3536616.45,Buy
134,2023-01-17T00:00:00+05:30,607.0,610.6,601.2,609.45,1807515,2.8936019429125324,599.1081858669039,589.7412999217634,9.366885945140552,8.304987959317307,9.399999999999977,6.399999999999977,3.0,9.399999999999977,13.7392857142857,3518682.65,Buy
135,2023-01-18T00:00:00+05:30,610.0,610.05,598.45,601.05,3291651,2.9198539867426043,599.4069265027648,590.5789814090401,8.82794509372468,8.409579386198782,11.599999999999909,0.599999999999909,11.0,11.599999999999909,13.564285714285688,3548549.55,Buy
136,2023-01-19T00:00:00+05:30,601.15,611.0,600.75,605.25,3615736,2.9116165829258045,600.3058608869549,591.665723526889,8.640137360065864,8.455690980972198,10.25,9.950000000000045,0.2999999999999545,10.25,13.73928571428569,3558113.15,Buy
137,2023-01-20T00:00:00+05:30,608.0,608.4,588.25,590.55,4255202,2.801083891056052,598.8049592120387,591.5830773397121,7.221881872326662,8.208929159243091,20.149999999999977,3.1499999999999773,17.0,20.149999999999977,14.453571428571406,3609148.85,Sell
138,2023-01-23T00:00:00+05:30,595.0,596.45,585.2,589.2,3884783,2.654498102876391,597.3272731794174,591.406553092326,5.920720087091354,7.751287344812744,11.25,5.900000000000091,5.349999999999909,11.25,13.078571428571406,3705287.2,Sell
139,2023-01-24T00:00:00+05:30,591.0,594.75,588.15,589.55,2219052,2.4850963529728975,596.1307696133532,591.2690306410426,4.861738972310604,7.173377670312316,6.600000000000023,5.5499999999999545,1.0500000000000682,6.600000000000023,12.485714285714266,3740671.95,Sell
140,2023-01-25T00:00:00+05:30,590.0,591.75,580.1,585.05,1443501,2.3062027449849998,594.4260358266835,590.8083617046691,3.617674122014364,6.462236960652726,11.649999999999977,2.2000000000000455,9.449999999999932,11.649999999999977,12.289285714285695,3740211.05,No Signal
141,2023-01-27T00:00:00+05:30,586.45,593.9,578.05,587.7,3632289,2.1050391766024172,593.3912610841168,590.5781126895084,2.8131483946083335,5.732419247443848,15.850000000000023,8.850000000000023,7.0,15.850000000000023,12.353571428571408,3752172.45,No Signal
142,2023-01-30T00:00:00+05:30,586.8,592.35,583.3,587.95,2843943,1.7678687891187717,592.5541439942526,590.3834376754708,2.1707063187818676,5.020076661711452,9.050000000000068,4.649999999999977,4.400000000000091,9.050000000000068,11.835714285714273,3809824.8,No Signal
143,2023-01-31T00:00:00+05:30,587.95,589.5,572.95,578.85,3073978,1.6146151199257788,590.445814148983,589.5291089587693,0.9167051902137473,4.199402367411912,16.549999999999955,1.5499999999999545,15.0,16.549999999999955,12.053571428571413,3921427.3,No Signal
144,2023-02-01T00:00:00+05:30,582.85,584.65,502.35,515.7,22671272,3.9968517845395666,578.9464581260626,584.0602860729344,-5.113827946871879,2.336756304555154,82.29999999999995,5.7999999999999545,76.5,82.29999999999995,17.132142857142842,4550180.05,Sell
145,2023-02-02T00:00:00+05:30,499.0,505.25,483.05,492.7,17269387,6.195717590247162,565.6777722605144,577.2928574749393,-11.61508521442488,-0.453611999240853,22.19999999999999,10.450000000000045,32.650000000000034,32.650000000000034,18.664285714285707,5027516.3,Sell
146,2023-02-03T00:00:00+05:30,496.0,499.0,481.0,488.9,10593983,7.632511733425811,553.8658072973584,570.7452384027216,-16.87943110536321,-3.738775820465325,18.0,6.300000000000011,11.699999999999989,18.0,19.146428571428565,5271967.1,Sell
147,2023-02-06T00:00:00+05:30,487.0,489.75,473.7,482.05,7440672,8.883970870899633,542.8172215593032,564.1752207432608,-21.35799918395753,-7.262620493163767,16.05000000000001,0.8500000000000227,15.199999999999989,16.05000000000001,19.38214285714285,5373207.4,Sell
148,2023-02-07T00:00:00+05:30,483.9,491.5,482.0,482.95,7117626,9.695508426336088,533.6068797809488,558.1585377252414,-24.55165794429263,-10.72042798338954,9.5,9.449999999999989,0.05000000000001137,9.5,19.38928571428571,5530611.95,Sell
149,2023-02-08T00:00:00+05:30,484.8,510.3,483.5,508.55,10571918,9.467835968956228,529.7519751992644,554.4838312270754,-24.731856027810977,-13.522713592273828,26.80000000000001,27.350000000000023,0.5500000000000114,27.350000000000023,20.514285714285716,5855531.65,Sell
150,2023-02-09T00:00:00+05:30,508.55,522.7,502.2,518.65,9516815,9.348948403431248,528.0439790147622,551.8294733584031,-23.78549434364095,-15.575269742547253,20.500000000000057,14.150000000000034,6.350000000000023,20.500000000000057,21.246428571428577,6152531.85,Sell
151,2023-02-10T00:00:00+05:30,519.8,528.4,518.3,522.55,7239045,9.258490778272742,527.1987514740296,549.6606234800029,-22.461872005973305,-16.952590195232464,10.100000000000023,9.75,0.35000000000002274,10.100000000000023,20.52857142857144,6396543.45,Sell
152,2023-02-13T00:00:00+05:30,522.55,526.0,512.15,514.5,3063664,9.317659743170257,525.2450974011019,547.0561328518545,-21.81103545075257,-17.924279246336486,13.850000000000023,3.4500000000000455,10.399999999999977,13.850000000000023,20.714285714285726,6386112.4,Sell
153,2023-02-14T00:00:00+05:30,515.4,517.45,507.65,512.05,2233957,9.209629043207036,523.215082416317,544.4630859739393,-21.24800355762227,-18.589024108593645,9.800000000000068,2.9500000000000455,6.850000000000023,9.800000000000068,20.942857142857157,6389299.45,Sell
154,2023-02-15T00:00:00+05:30,510.75,520.0,509.65,519.1,2497424,8.720333475889195,522.5819928138068,542.5843388647586,-20.002346050951815,-18.87168849706528,10.350000000000023,7.9500000000000455,2.3999999999999773,10.350000000000023,20.85000000000002,6423794.9,Sell
155,2023-02-16T00:00:00+05:30,519.0,522.0,512.7,514.6,1983991,8.471342872707417,521.353993919375,540.5114248747765,-19.157430955401537,-18.92883698873253,9.299999999999955,2.8999999999999773,6.399999999999977,9.299999999999955,20.38214285714287,6358411.9,Sell
156,2023-02-17T00:00:00+05:30,514.55,514.55,501.5,504.25,4312084,8.199538217962758,518.7226102394711,537.8253934025709,-19.10278316309973,-18.96362622360597,13.049999999999955,0.05000000000006821,13.100000000000023,13.100000000000023,20.67142857142858,6393229.3,Sell
157,2023-02-20T00:00:00+05:30,506.3,522.75,500.25,507.95,6129396,7.778982350961138,517.0652855872448,535.6124012986767,-18.547115711431843,-18.880324121171146,22.5,18.5,4.0,22.5,21.096428571428586,6486939.0,Buy
158,2023-02-21T00:00:00+05:30,510.9,514.8,500.05,501.05,2669387,7.472460072375845,514.6013954968995,533.0522234247006,-18.45082792780113,-18.794424882497143,14.749999999999943,6.849999999999966,7.899999999999977,14.749999999999943,16.271428571428583,6426169.2,No Signal
159,2023-02-22T00:00:00+05:30,500.6,501.75,492.5,494.45,2728046,7.050097548357652,511.5011808050688,530.1927994673154,-18.691618662246526,-18.773863638447022,9.25,0.6999999999999886,8.550000000000011,9.25,14.60000000000001,6451618.9,No Signal
160,2023-02-23T00:00:00+05:30,494.45,494.95,486.15,486.85,4158416,6.6081362807574,507.70869145044287,526.9822217289957,-19.273530278552812,-18.87379696646818,8.800000000000011,0.5,8.300000000000011,8.800000000000011,13.942857142857154,6587364.65,No Signal
161,2023-02-24T00:00:00+05:30,488.5,490.0,482.0,482.85,2436219,5.836130124046967,503.884277381144,523.7131682675886,-19.828890886444583,-19.064815750463463,8.0,3.1499999999999773,4.850000000000023,8.0,13.367857142857153,6527561.15,No Signal
162,2023-02-27T00:00:00+05:30,482.85,490.9,478.0,488.7,2587409,4.487175262522043,501.5482347071218,521.1196002477672,-19.57136554064533,-19.166125708499838,12.899999999999977,8.049999999999955,4.850000000000023,12.899999999999977,13.610714285714295,6514734.45,No Signal
163,2023-02-28T00:00:00+05:30,490.9,491.7,484.55,488.8,3271808,2.8530210951462487,499.58696782910306,518.7255557849696,-19.13858795586657,-19.160618157973186,7.149999999999977,3.0,4.149999999999977,7.149999999999977,12.167857142857148,6524625.95,No Signal
164,2023-03-01T00:00:00+05:30,488.9,490.85,484.4,489.75,1591916,2.806928325837268,498.0735881630872,516.5792183194163,-18.50563015632912,-19.029620557644375,6.4500000000000455,2.0500000000000114,4.400000000000034,6.4500000000000455,11.16428571428572,5470658.15,No Signal
165,2023-03-02T00:00:00+05:30,490.0,491.25,481.65,482.8,2618651,2.9405282215589454,495.7238053687661,514.0770539994595,-18.35324863069343,-18.89434617225419,9.600000000000023,1.5,8.100000000000023,9.600000000000023,11.128571428571433,4738121.35,No Signal
166,2023-03-03T00:00:00+05:30,485.3,492.55,481.6,489.95,2983326,2.8895258168210756,494.83552761972516,512.2898648143143,-17.454337194589186,-18.60634437672119,10.949999999999989,9.75,1.1999999999999886,10.949999999999989,10.921428571428574,4357588.5,No Signal
167,2023-03-06T00:00:00+05:30,492.0,496.75,489.0,490.0,3006978,2.8047976073794065,494.09160029361357,510.6387637169577,-16.54716342334416,-18.194508186045784,7.75,6.800000000000011,0.9499999999999886,7.75,10.774999999999997,4135903.8,No Signal
168,2023-03-08T00:00:00+05:30,490.0,496.35,488.0,495.2,5589692,2.6666530885886117,494.26212332536534,509.4951515897757,-15.233028264410336,-17.602212201718697,8.350000000000023,6.350000000000023,2.0,8.350000000000023,10.632142857142854,4059507.1,No Signal
169,2023-03-09T00:00:00+05:30,495.0,496.6,490.0,491.25,2336076,2.692267345516711,493.7987197368476,508.14365887942193,-14.344939142574333,-16.950757589889825,6.600000000000023,1.400000000000034,5.199999999999989,6.600000000000023,10.439285714285717,3647715.0,No Signal
170,2023-03-10T00:00:00+05:30,487.55,491.15,484.2,490.25,2383516,2.5703811918867716,493.25276285425565,506.8182026661314,-13.565439811875763,-16.273694034287015,6.949999999999989,0.10000000000002274,7.050000000000011,7.050000000000011,10.007142857142858,3291050.05,No Signal
171,2023-03-13T00:00:00+05:30,490.0,495.5,477.3,478.95,2849054,2.494603478765297,491.05233779975475,504.7538913575291,-13.701553557774332,-15.759265938984479,18.19999999999999,5.25,12.949999999999989,18.19999999999999,9.700000000000001,3071550.5,No Signal
172,2023-03-14T00:00:00+05:30,480.45,485.35,468.75,470.55,8529848,2.6416248467511,487.8981319844079,502.2202697754899,-14.322137791082014,-15.471840309403987,16.600000000000023,6.400000000000034,10.199999999999989,16.600000000000023,9.832142857142864,3344859.7,No Signal
173,2023-03-15T00:00:00+05:30,473.05,478.45,465.1,466.7,6095378,2.8021130335068114,484.6368809098836,499.58913868100916,-14.952257771125574,-15.367923801748304,13.349999999999966,7.899999999999977,5.449999999999989,13.349999999999966,10.125000000000004,3537930.75,No Signal
174,2023-03-16T00:00:00+05:30,466.7,469.0,457.8,461.4,6790099,2.8346777325463686,481.06197615451686,496.760313593527,-15.698337439010118,-15.434006529200667,11.199999999999989,2.3000000000000114,8.899999999999977,11.199999999999989,10.296428571428574,3752564.5,No Signal
175,2023-03-17T00:00:00+05:30,464.05,477.3,464.0,471.25,7640011,2.57600540979235,479.55244136151424,494.8706607347472,-15.318219373232978,-15.41084909800713,13.300000000000011,15.900000000000034,2.6000000000000227,15.900000000000034,10.860714285714291,4035365.5,No Signal
176,2023-03-20T00:00:00+05:30,470.0,471.4,458.1,465.25,3937699,2.642540512265665,477.35206576743514,492.67653771735854,-15.324471949923407,-15.393573668390387,13.299999999999955,0.14999999999997726,13.149999999999977,13.299999999999955,10.889285714285718,4016646.25,No Signal
177,2023-03-21T00:00:00+05:30,467.0,484.0,466.5,482.75,4362602,2.2807244179470225,478.1825171878297,491.94123862718385,-13.758721439354133,-15.066603222583137,17.5,18.75,1.25,18.75,11.717857142857147,3928306.55,Buy
178,2023-03-22T00:00:00+05:30,483.0,498.5,483.0,497.45,5604095,2.157612594016467,481.146745312779,492.34929502517025,-11.20254971239126,-14.293792520544763,15.5,15.75,0.25,15.75,12.382142857142858,4075041.95,Buy
179,2023-03-23T00:00:00+05:30,497.45,505.0,494.15,498.55,4489093,2.2052054800004703,483.824169110813,492.8086065047873,-8.984437393974304,-13.231921495230672,10.850000000000023,7.550000000000011,3.3000000000000114,10.850000000000023,12.471428571428573,4163094.3,Buy
180,2023-03-24T00:00:00+05:30,494.5,501.9,481.6,492.25,6424410,2.2644732743036986,485.1204507860725,492.76722824517344,-7.646777459100917,-12.114892688004723,20.299999999999955,3.349999999999966,16.94999999999999,20.299999999999955,13.139285714285714,4276394.0,Buy
181,2023-03-27T00:00:00+05:30,486.65,499.45,486.65,492.95,2412348,2.2988199184229225,486.32499681898446,492.78076689367913,-6.455770074694669,-10.983068165342713,12.800000000000011,7.199999999999989,5.600000000000023,12.800000000000011,13.5,4275200.45,Buy
182,2023-03-28T00:00:00+05:30,495.45,498.5,486.85,489.7,2494002,2.318754712951953,486.8442280776022,492.5525619385918,-5.708333860989569,-9.928121304472086,11.649999999999977,5.550000000000011,6.099999999999966,11.649999999999977,13.735714285714282,4270530.1,Buy
183,2023-03-29T00:00:00+05:30,491.3,498.0,486.7,495.95,3136414,2.3417864046054735,488.2451160656634,492.8042240172146,-4.559107951551198,-8.854318633887909,11.300000000000011,8.300000000000011,3.0,11.300000000000011,14.071428571428568,4263760.4,Buy
184,2023-03-31T00:00:00+05:30,497.0,501.2,495.0,501.0,3458502,2.422175210145411,490.2074059017152,493.41131853445796,-3.2039126327427425,-7.7242374336588755,6.199999999999989,5.25,0.9499999999999886,6.199999999999989,14.01071428571428,4357089.7,Buy
185,2023-04-03T00:00:00+05:30,502.05,508.5,501.25,503.7,2394668,2.540920599840048,492.2831896091436,494.17344308746107,-1.8902534783174474,-6.55744064259059,7.25,7.5,0.25,7.5,13.246428571428567,4345890.55,Buy
186,2023-04-05T00:00:00+05:30,503.7,511.95,503.7,507.75,4269883,2.690148564445186,494.6626989000446,495.17911396987137,-0.5164150698267918,-5.3492355280378305,8.25,8.25,0.0,8.25,12.649999999999993,4410218.4,Buy
187,2023-04-06T00:00:00+05:30,506.1,516.9,505.25,514.65,2416693,2.910519706888486,497.7376683000377,496.62140182395495,1.1162664760827283,-4.056135127213719,11.649999999999977,9.149999999999977,2.5,11.649999999999977,12.528571428571423,4380704.15,Buy
188,2023-04-10T00:00:00+05:30,514.65,520.3,511.65,513.7,2375203,3.107187732917926,500.19341163849344,497.8864831703287,2.306928468164756,-2.7835224081380243,8.649999999999977,5.649999999999977,3.0,8.649999999999977,12.346428571428564,4219979.7,Buy
189,2023-04-11T00:00:00+05:30,516.8,522.8,512.75,513.55,3671365,3.28277399985175,502.2482713864175,499.0467436762303,3.2015277101872357,-1.5865123844729725,10.049999999999955,9.099999999999909,0.9500000000000455,10.049999999999955,11.928571428571416,4286744.15,No Signal
190,2023-04-12T00:00:00+05:30,514.0,518.45,509.55,517.05,1950262,3.457903256012297,504.5254604038917,500.38031821873176,4.145142185159955,-0.440181470546387,8.900000000000034,4.900000000000091,3.999999999999943,8.900000000000034,11.614285714285709,4265081.45,No Signal
191,2023-04-13T00:00:00+05:30,519.65,533.5,518.5,531.85,4153155,3.7049522153643615,508.7292357263699,502.711405758085,6.0178299682849,0.8514208172198704,15.0,16.450000000000045,1.4500000000000455,16.450000000000045,11.449999999999998,4330286.5,No Signal
192,2023-04-17T00:00:00+05:30,542.5,542.5,529.3,532.9,3417485,3.873664639082395,512.4478148453899,504.9475979241528,7.500216921237097,2.181180038023316,13.200000000000045,10.649999999999977,2.550000000000068,13.200000000000045,11.267857142857142,4074668.35,No Signal
193,2023-04-18T00:00:00+05:30,537.0,540.0,529.5,532.3,2514013,3.8887779223123635,515.5019971768684,506.97370178162294,8.528295395245436,3.4506031094677403,10.5,7.100000000000023,3.3999999999999773,10.5,11.242857142857142,3895600.1,No Signal
194,2023-04-19T00:00:00+05:30,532.5,532.95,523.35,524.8,1622200,3.6481014260583042,516.9324591496578,508.29416831631755,8.63829083334025,4.488140654242242,9.600000000000023,0.650000000000091,8.949999999999932,9.600000000000023,10.478571428571431,3637205.15,No Signal
195,2023-04-20T00:00:00+05:30,525.0,531.6,522.8,530.25,1561634,3.4640970084466254,518.9813115881719,509.92052621881254,9.060785369359394,5.402669597265673,8.800000000000068,6.800000000000068,2.0,8.800000000000068,10.19285714285715,3333286.3,No Signal
196,2023-04-21T00:00:00+05:30,536.0,541.25,511.4,513.3,4452849,3.0312021123673394,518.10726365153,510.17085761001164,7.93640604151841,5.909416886116221,29.850000000000023,11.0,18.850000000000023,29.850000000000023,11.492857142857153,3359043.8,No Signal
197,2023-04-24T00:00:00+05:30,551.0,555.55,532.0,547.55,23496385,3.0054107713690903,522.6369153974485,512.939682972233,9.697232425215589,6.666979993936095,23.549999999999955,42.25,18.700000000000045,42.25,13.703571428571438,4315732.95,Buy
198,2023-04-25T00:00:00+05:30,546.15,546.85,528.0,529.75,6700461,3.1109254528313395,523.7312361055334,514.1848916409565,9.546344464576919,7.2428528880642595,18.850000000000023,0.6999999999999318,19.549999999999955,19.549999999999955,14.657142857142864,4370551.25,Buy
199,2023-04-26T00:00:00+05:30,529.0,536.9,528.6,531.6,4165761,3.1015632137661067,524.9418151662206,515.4748996675523,9.4669154986683,7.687665410185068,8.299999999999955,7.149999999999977,1.1499999999999773,8.299999999999955,14.714285714285719,4354384.65,Buy
200,2023-04-27T00:00:00+05:30,530.1,530.1,516.05,517.85,7978904,2.998335532288711,523.8507666791098,515.6508330255115,8.19993365359835,7.790119058867725,14.050000000000068,1.5,15.550000000000068,15.550000000000068,15.235714285714295,4432109.35,Buy
201,2023-04-28T00:00:00+05:30,517.1,531.0,516.45,529.75,4031679,2.769286057205529,524.7583410361699,516.6952157643625,8.063125271807394,7.844720301455659,14.549999999999955,13.149999999999977,1.3999999999999773,14.549999999999955,15.44285714285715,4513075.9,Buy
202,2023-05-02T00:00:00+05:30,530.0,545.85,529.55,544.5,4239067,2.575475849606529,527.7955193382976,518.7548294114467,9.04068992685086,8.0839142265347,16.300000000000068,16.100000000000023,0.20000000000004547,16.300000000000068,15.989285714285728,4600329.15,Buy
203,2023-05-03T00:00:00+05:30,544.0,547.85,535.1,538.7,2875460,2.436076941834959,529.4731317477903,520.2322494550433,9.24088229274696,8.315307839777153,12.75,3.3500000000000227,9.399999999999977,12.75,16.182142857142875,4587281.45,Buy
204,2023-05-04T00:00:00+05:30,539.8,549.75,536.55,546.5,2312821,2.360473888394864,532.0926499404379,522.1780087546697,9.914641185768232,8.63517450897537,13.200000000000045,11.049999999999955,2.150000000000091,13.200000000000045,16.48928571428573,4529997.4,Buy
205,2023-05-05T00:00:00+05:30,543.0,548.75,537.5,539.7,2159574,2.2413394197239866,533.2630114880628,523.4759340321016,9.787077455961253,8.865555098372546,11.25,2.25,9.0,11.25,16.117857142857158,4518242.7,Buy
206,2023-05-08T00:00:00+05:30,542.0,551.0,540.0,549.55,1970280,2.1913815835875177,535.7687020283608,525.4073463260199,10.361355702340916,9.16471521916622,11.0,11.299999999999955,0.2999999999999545,11.299999999999955,15.982142857142865,4403262.55,Buy
207,2023-05-09T00:00:00+05:30,552.5,557.45,549.6,552.05,1927306,2.252113770739744,538.2735171009207,527.3808762277962,10.892640873124492,9.510300349957875,7.850000000000023,7.900000000000091,0.05000000000006821,7.900000000000091,15.796428571428587,4378793.2,Buy
208,2023-05-10T00:00:00+05:30,553.4,563.5,551.15,562.65,3191516,2.389847244537702,542.0237452392406,529.9934039146261,12.030341324614483,10.014308544889197,12.350000000000023,11.450000000000045,0.8999999999999773,12.350000000000023,15.992857142857158,4419608.85,Buy
209,2023-05-11T00:00:00+05:30,562.05,569.4,561.05,567.4,1620276,2.5426399978637493,545.9277844332036,532.764262883913,13.163521549290522,10.644151145769463,8.350000000000023,6.75,1.6000000000000227,8.350000000000023,15.960714285714298,4317054.4,Buy
210,2023-05-12T00:00:00+05:30,567.4,569.0,558.65,560.65,1433810,2.594724347481935,548.1927406742492,534.8298730406602,13.362867633588962,11.187894443333363,10.350000000000023,1.6000000000000227,8.75,10.350000000000023,14.567857142857154,4291231.8,Buy
211,2023-05-15T00:00:00+05:30,559.9,563.05,556.3,559.3,1984609,2.7004536690946668,549.9015498012877,536.6424750376484,13.259074763639319,11.602130507394556,6.75,2.3999999999999773,4.350000000000023,6.75,12.032142857142869,4182804.5,No Signal
212,2023-05-16T00:00:00+05:30,562.2,563.5,554.0,559.5,3027008,2.7808090447304217,551.3782344472435,538.3356250348596,13.042609412383854,11.890226288392416,9.5,4.2000000000000455,5.2999999999999545,9.5,11.31428571428573,4163280.65,No Signal
213,2023-05-17T00:00:00+05:30,562.0,562.75,552.4,560.1,1395385,2.838000748962262,552.7200445322829,539.9478009582034,12.772243574079539,12.066629745529841,10.350000000000023,3.25,7.100000000000023,10.350000000000023,11.460714285714305,4107349.25,No Signal
214,2023-05-18T00:00:00+05:30,564.0,568.8,559.3,561.55,1745334,2.808565270552679,554.0784992196241,541.5479638501884,12.530535369435711,12.159410870311016,9.5,8.699999999999932,0.8000000000000682,9.5,11.028571428571443,4113505.95,No Signal
215,2023-05-19T00:00:00+05:30,564.9,564.9,554.95,557.6,1484899,2.7977051661423955,554.6202685704511,542.7370035649892,11.883265005461908,12.104181697341195,9.949999999999932,3.3500000000000227,6.599999999999909,9.949999999999932,10.700000000000014,4109669.2,No Signal
216,2023-05-22T00:00:00+05:30,557.0,569.2,554.5,567.0,1975841,2.4942315041406076,556.5248426365356,544.5342625601752,11.990580076360402,12.081461373145038,14.700000000000045,11.600000000000023,3.1000000000000227,14.700000000000045,10.585714285714298,3985818.8,No Signal
217,2023-05-23T00:00:00+05:30,567.7,573.75,561.15,562.7,3425506,2.568630970681466,557.4748668462994,545.879872740903,11.594994105396381,11.984167919595308,12.600000000000023,6.75,5.850000000000023,12.600000000000023,10.575000000000014,2982274.85,No Signal
218,2023-05-24T00:00:00+05:30,562.6,571.95,558.9,566.0,1529396,2.483873394171983,558.7864257930225,547.3702525378732,11.416173255149374,11.870568986706122,13.050000000000068,9.25,3.800000000000068,13.050000000000068,10.56428571428573,2723721.6,No Signal
219,2023-05-25T00:00:00+05:30,566.0,573.7,563.05,572.05,1307797,2.433161348695962,560.8269756710191,549.1983819795122,11.628593691506921,11.822173927666283,10.650000000000091,7.7000000000000455,2.9500000000000455,10.650000000000091,10.521428571428592,2580823.4,No Signal
220,2023-05-26T00:00:00+05:30,572.0,578.85,569.35,577.2,1467444,2.0901262003187226,563.3459024908624,551.2725759069557,12.073326583906692,11.872404458914366,9.5,6.800000000000068,2.699999999999932,9.5,10.392857142857167,2255250.4,No Signal
221,2023-05-29T00:00:00+05:30,577.3,588.45,575.0,579.05,2794717,1.9469321119446352,565.7619174922681,553.3301628768108,12.431754615457294,11.984274490222951,13.450000000000045,11.25,2.2000000000000455,13.450000000000045,10.789285714285736,2193402.3,No Signal
222,2023-05-30T00:00:00+05:30,576.0,589.0,571.0,585.15,2653926,2.071096200104182,568.7446994165346,555.6871878488989,13.057511567635629,12.198921905705488,18.0,9.950000000000045,8.049999999999955,18.0,11.192857142857163,2114145.25,No Signal
223,2023-05-31T00:00:00+05:30,603.0,603.7,584.25,592.35,10027475,2.159354277215049,572.376284121683,558.4029517119435,13.973332409739555,12.553804006512301,19.450000000000045,18.550000000000068,0.8999999999999773,19.450000000000045,11.985714285714307,2471746.0,No Signal
224,2023-06-01T00:00:00+05:30,593.45,594.45,581.0,582.2,1659264,2.18574340281312,573.8876250260395,560.1656960295774,13.721928996462111,12.787429004502265,13.450000000000045,2.1000000000000227,11.350000000000023,13.450000000000045,12.20714285714288,2439068.15,No Signal
225,2023-06-02T00:00:00+05:30,585.3,586.0,572.95,576.4,3192761,1.969607291018158,574.2741442528027,561.3682370644235,12.90590718837916,12.811124641277646,13.049999999999955,3.7999999999999545,9.25,13.049999999999955,12.657142857142876,2490727.5,Buy
226,2023-06-05T00:00:00+05:30,578.05,580.95,573.0,574.15,2230529,1.8482201864793977,574.2550451369868,562.3150343189106,11.940010818076189,12.636901876637355,7.9500000000000455,4.550000000000068,3.3999999999999773,7.9500000000000455,12.546428571428594,2503739.95,Sell
227,2023-06-06T00:00:00+05:30,574.15,582.75,567.9,579.7,3334157,1.744057425589489,575.0927305005273,563.6028095545469,11.48992094598043,12.407505690505971,14.850000000000023,8.600000000000023,6.25,14.850000000000023,12.867857142857165,2574082.5,Sell
228,2023-06-07T00:00:00+05:30,583.0,595.5,582.7,594.45,3440284,1.9011782972051579,578.0707719619846,565.8877866245805,12.182985337404148,12.362601619885607,12.799999999999955,15.799999999999955,3.0,15.799999999999955,13.317857142857163,2586520.9,Sell
229,2023-06-08T00:00:00+05:30,594.45,597.4,589.8,593.9,1675907,2.0675151008539308,580.506037813987,567.9627653931301,12.543272420856852,12.398735780079857,7.600000000000023,2.949999999999932,4.650000000000091,7.600000000000023,13.150000000000025,2589302.45,Buy
230,2023-06-09T00:00:00+05:30,587.95,593.7,576.75,581.7,3023579,2.073297010485895,580.6897243041428,568.9803383269723,11.709385977170541,12.260865819497994,16.950000000000045,0.1999999999999318,17.149999999999977,17.149999999999977,13.32500000000002,2668790.9,Sell
231,2023-06-12T00:00:00+05:30,585.95,591.0,581.45,584.4,3327440,2.009011920816123,581.2605359496594,570.1225354879373,11.138000461722072,12.03629274794281,9.549999999999955,9.299999999999955,0.25,9.549999999999955,13.107142857142874,2735932.45,Sell
232,2023-06-13T00:00:00+05:30,582.25,587.0,581.0,584.8,3288950,1.9317298813760369,581.805068880481,571.2097550814234,10.595313799057635,11.748096958165775,6.0,2.6000000000000227,3.3999999999999773,6.0,12.60357142857144,2749029.55,Sell
233,2023-06-14T00:00:00+05:30,584.8,589.45,581.8,585.05,5344073,1.8357479060738424,582.3042890527147,572.2349584087253,10.06933064398936,11.412343695330492,7.650000000000091,4.650000000000091,3.0,7.650000000000091,12.389285714285725,2946463.95,Sell
234,2023-06-15T00:00:00+05:30,585.05,585.05,574.0,578.15,2074065,1.7349178228658655,581.6651676599894,572.6731096377086,8.99205802228073,10.92828656072054,11.049999999999955,0.0,11.049999999999955,11.049999999999955,12.500000000000009,2962900.5,Sell
235,2023-06-16T00:00:00+05:30,577.8,615.0,576.6,611.0,11418139,1.826790063816262,586.1782187892218,575.5121385534339,10.666080235787831,10.875845295733999,38.39999999999998,36.85000000000002,1.5499999999999545,38.39999999999998,14.28214285714286,3459562.5,Sell
236,2023-06-19T00:00:00+05:30,609.95,628.95,602.3,627.8,7068397,2.3488520466650704,592.5815697447262,579.3853134754017,13.196256269324408,11.339927490452082,26.65000000000009,17.950000000000045,8.700000000000045,26.65000000000009,14.90000000000001,3714190.3,Buy
237,2023-06-20T00:00:00+05:30,627.0,644.85,624.75,643.9,10378744,2.9530397859238176,600.4767128609221,584.1641791438905,16.31253371703167,12.334448735768,20.100000000000023,17.050000000000068,3.0499999999999545,20.100000000000023,14.94642857142858,4061852.2,Buy
238,2023-06-21T00:00:00+05:30,645.0,659.95,640.4,641.45,7608894,3.3715972618715924,606.7802954977034,588.4075732813801,18.372722216323268,13.542103431879054,19.550000000000068,16.050000000000068,3.5,19.550000000000068,15.382142857142867,4365827.1,Buy
239,2023-06-22T00:00:00+05:30,642.5,655.8,637.35,640.0,4563407,3.6782276374134053,611.8910192672874,592.2292345197964,19.661784747491083,14.76603969500146,18.449999999999932,14.349999999999909,4.100000000000023,18.449999999999932,15.767857142857151,4528607.6,Buy
240,2023-06-23T00:00:00+05:30,642.45,642.45,623.8,629.8,4149700,3.858077469733067,614.6462470723202,595.0122541849967,19.63399288732353,15.739630333465875,18.65000000000009,2.4500000000000455,16.200000000000045,18.65000000000009,16.53214285714287,4662720.4,Buy
241,2023-06-26T00:00:00+05:30,619.95,632.35,617.0,631.0,3735438,3.946843504807567,617.1622090611941,597.6780131342562,19.4841959269379,16.488543452160282,15.350000000000023,2.550000000000068,12.799999999999955,15.350000000000023,16.567857142857154,4709756.45,Buy
242,2023-06-27T00:00:00+05:30,641.0,672.45,637.2,664.95,29967565,4.271138752847408,624.5141768979335,602.6611232724595,21.85305362547399,17.561445486823025,35.25,41.450000000000045,6.2000000000000455,41.450000000000045,18.400000000000016,6075438.4,Buy
243,2023-06-28T00:00:00+05:30,667.2,671.9,641.75,659.7,21850669,4.6591887305689905,629.9273804520975,606.8862252522773,23.041155199820196,18.65738742942246,30.149999999999977,6.949999999999932,23.200000000000045,30.149999999999977,20.0107142857143,6666598.1,Buy
244,2023-06-30T00:00:00+05:30,652.0,657.35,638.5,648.5,8625384,4.834423830138675,632.7847065363902,609.968727085442,22.815979450948248,19.489105833727617,18.850000000000023,2.3500000000000227,21.200000000000045,21.200000000000045,20.30000000000002,7014904.1,Buy
245,2023-07-03T00:00:00+05:30,651.0,657.0,644.3,649.6,2777197,4.819233014382827,635.3716747615609,612.9043769309648,22.46729783059618,20.084744233101333,12.700000000000045,8.5,4.2000000000000455,12.700000000000045,20.525000000000027,6994125.9,Buy
246,2023-07-04T00:00:00+05:30,654.4,657.0,644.6,648.0,3323137,4.7153347827227545,637.3144940290131,615.5040527138563,21.810441315156822,20.429883649512433,12.399999999999977,7.399999999999977,5.0,12.399999999999977,20.982142857142883,7048756.3,Buy
247,2023-07-05T00:00:00+05:30,647.0,675.95,645.05,675.0,5865379,4.672124828719033,643.1122641783957,619.9111599202373,23.201104258158352,20.984127771241617,30.90000000000009,27.950000000000045,2.9500000000000455,30.90000000000009,22.642857142857167,7175317.4,Buy
248,2023-07-06T00:00:00+05:30,674.55,677.55,659.7,660.6,4772304,4.8108226923502455,645.8026850740271,622.9251480742938,22.877536999733252,21.362809616939945,17.84999999999991,2.5499999999999545,15.299999999999955,17.84999999999991,23.12857142857145,7241918.4,Buy
249,2023-07-07T00:00:00+05:30,660.6,678.85,656.85,658.0,5420290,4.78741712087052,647.6791950626383,625.5232852539758,22.1559098086625,21.521429655284457,22.0,18.25,3.75,22.0,21.95714285714288,7429137.55,Buy
250,2023-07-10T00:00:00+05:30,660.0,674.75,660.0,668.55,3663859,4.552549106666707,650.8900881299247,628.7104493092369,22.179638820687842,21.653071488365136,14.75,16.75,2.0,16.75,21.250000000000018,7461151.55,Buy
251,2023-07-11T00:00:00+05:30,671.0,684.6,670.75,671.2,4995891,4.33138526065485,654.0146899560901,631.8578234344786,22.156866521611505,21.753830495014412,13.850000000000023,16.050000000000068,2.2000000000000455,16.050000000000068,20.960714285714307,7544574.1,Buy
252,2023-07-12T00:00:00+05:30,675.9,677.5,669.85,672.35,2905125,4.019371673878709,656.8355068859224,634.8572439208135,21.97826296510891,21.798716989033313,7.649999999999977,6.2999999999999545,1.3500000000000227,7.649999999999977,20.110714285714298,7525382.85,Buy
253,2023-07-13T00:00:00+05:30,676.0,690.65,676.0,680.5,3989816,3.6034087273208915,660.476198134242,638.238188815568,22.238009318674017,21.886575454961456,14.649999999999977,18.299999999999955,3.6499999999999773,18.299999999999955,20.100000000000016,7457670.0,Buy
254,2023-07-14T00:00:00+05:30,683.85,684.35,660.55,670.0,6266344,2.783279227209512,661.9413984212817,640.5909155699704,21.350482851311313,21.77935693423143,23.800000000000068,3.8500000000000227,19.950000000000045,23.800000000000068,20.467857142857156,7667283.95,Sell
255,2023-07-17T00:00:00+05:30,672.95,674.65,662.25,667.0,2432546,2.414469239775588,662.7196448180076,642.547144046269,20.17250077173867,21.45798570173288,12.399999999999977,4.649999999999977,7.75,12.399999999999977,20.257142857142867,7218004.3,Sell
256,2023-07-18T00:00:00+05:30,667.0,667.0,653.4,657.4,5846840,2.2417296731414,661.9012379229296,643.6473555983972,18.253882324532356,20.817165026292777,13.600000000000023,0.0,13.600000000000023,13.600000000000023,18.26785714285715,7156926.45,No Signal
257,2023-07-19T00:00:00+05:30,658.0,660.45,649.1,659.35,4857995,2.1874246144552334,661.5087397809405,644.8105144429604,16.698225337980034,19.99337708863023,11.350000000000023,3.050000000000068,8.299999999999955,11.350000000000023,16.92500000000001,6880889.0,No Signal
258,2023-07-20T00:00:00+05:30,660.0,662.8,651.9,661.7,2749463,2.104905209750825,661.5381644300265,646.0615874471856,15.476576982840925,19.09001706747237,10.899999999999977,3.449999999999932,7.4500000000000455,10.899999999999977,16.18928571428572,6637917.45,No Signal
259,2023-07-21T00:00:00+05:30,662.5,662.5,633.75,648.0,5956699,2.0789270661021195,659.4553699023302,646.2051735622089,13.250196340121306,17.92205292200216,28.75,0.7999999999999545,27.950000000000045,28.75,17.33571428571429,6707582.05,No Signal
260,2023-07-24T00:00:00+05:30,653.6,660.0,646.15,652.0,7773608,1.8000797090357008,658.3083899173563,646.6344199650082,11.673969952348102,16.67243632807135,13.850000000000023,12.0,1.8500000000000227,13.850000000000023,17.43928571428572,6888777.45,No Signal
261,2023-07-25T00:00:00+05:30,653.15,660.0,650.0,651.8,4749864,1.4993817494463495,657.3070991608399,647.0170555231557,10.29004363768422,15.395957789993924,10.0,8.0,2.0,10.0,15.946428571428571,6939498.75,No Signal
262,2023-07-26T00:00:00+05:30,652.0,660.0,648.0,656.4,1836618,1.4911260114994496,657.1675454437876,647.7120884473663,9.455456996421276,14.207857631279396,12.0,8.200000000000045,3.7999999999999545,12.0,15.528571428571436,5532951.4,No Signal
263,2023-07-27T00:00:00+05:30,658.6,668.25,657.4,664.3,3359051,1.4774927263317004,658.2648461447434,648.9408226364503,9.324023508293067,13.231090806682131,10.850000000000023,11.850000000000023,1.0,11.850000000000023,14.803571428571436,4608370.5,No Signal
264,2023-07-28T00:00:00+05:30,663.0,664.35,654.55,658.4,1660747,1.4263704672146125,658.2856390455521,649.6415024411577,8.644136604394362,12.313699966224577,9.800000000000068,0.05000000000006821,9.75,9.800000000000068,14.30714285714287,4260138.65,No Signal
265,2023-07-31T00:00:00+05:30,652.0,654.25,644.6,647.0,3708461,1.4808056329132235,656.5493868846979,649.4458355936646,7.103551291033341,11.27167023118633,9.649999999999977,4.149999999999977,13.799999999999955,13.799999999999955,14.146428571428576,4306701.85,No Signal
266,2023-08-01T00:00:00+05:30,641.15,646.75,638.0,642.0,3343561,1.573447087781632,654.3110196716675,648.8942922163561,5.416727455311388,10.100681676011343,8.75,0.25,9.0,9.0,14.242857142857149,4307723.05,No Signal
267,2023-08-02T00:00:00+05:30,642.75,644.9,637.0,641.5,2529283,1.6279185316158364,652.340093568334,648.3465668669965,3.9935267013376006,8.879250681076595,7.899999999999977,2.8999999999999773,5.0,7.899999999999977,13.500000000000009,4140918.25,No Signal
268,2023-08-03T00:00:00+05:30,637.1,640.95,629.1,633.5,2663627,1.8834390698037922,649.4416176347441,647.2468211731449,2.1947964615992532,7.542359837181127,11.850000000000023,0.5499999999999545,12.399999999999977,12.399999999999977,12.685714285714287,4035484.4,No Signal
269,2023-08-04T00:00:00+05:30,635.95,644.25,635.15,641.65,2029082,1.9453616287543556,648.2429072293988,646.832241826986,1.4106654024128602,6.3160209502274745,9.100000000000023,10.75,1.6499999999999773,10.75,12.567857142857147,3865924.0,No Signal
270,2023-08-07T00:00:00+05:30,645.0,649.75,639.25,648.45,1673033,1.9016542667432166,648.2747676556452,646.9520757657277,1.3226918899174507,5.31735513816547,10.5,8.100000000000023,2.3999999999999773,10.5,12.346428571428573,3766382.7,No Signal
271,2023-08-08T00:00:00+05:30,650.0,654.85,642.15,647.2,3538343,1.8478778632720456,648.1094187855459,646.9704405238219,1.1389782617239916,4.4816797628771745,12.700000000000045,6.399999999999977,6.300000000000068,12.700000000000045,12.442857142857147,3693505.3,No Signal
272,2023-08-09T00:00:00+05:30,646.0,651.8,643.15,647.0,2175063,1.7549790890126231,647.9387389723851,646.97263011465,0.9661088577350938,3.7785655818487585,8.649999999999977,4.599999999999909,4.050000000000068,8.649999999999977,12.28214285714286,3657002.2,No Signal
273,2023-08-10T00:00:00+05:30,645.0,651.5,638.25,640.0,1470318,1.5383647375503695,646.7173945150951,646.4561389950462,0.26125552004884867,3.0751035694887765,13.25,4.5,8.75,13.25,11.175000000000002,3531027.3,No Signal
274,2023-08-11T00:00:00+05:30,640.0,641.9,632.05,632.05,1283949,1.5499516743013244,644.4608722820035,645.3890175880058,-0.9281453060023068,2.27445379439056,9.850000000000023,1.8999999999999773,7.9500000000000455,9.850000000000023,10.889285714285718,3281907.55,No Signal
275,2023-08-14T00:00:00+05:30,632.1,638.0,625.75,632.0,1924885,1.533923648675586,642.5438150078492,644.3972385074128,-1.8534234995636325,1.4488783355997215,12.25,5.9500000000000455,6.2999999999999545,12.25,11.050000000000002,3256524.5,No Signal
276,2023-08-16T00:00:00+05:30,627.1,629.75,619.65,624.2,1797141,1.729471849314696,639.7216896220262,642.901146766123,-3.179457144096773,0.5232112396604226,10.100000000000023,2.25,12.350000000000023,12.350000000000023,11.075000000000005,3054039.55,No Signal
277,2023-08-17T00:00:00+05:30,625.15,630.95,622.2,627.4,1797109,1.7756645888160922,637.8260450647914,641.7529136723361,-3.9268686075447476,-0.36680472978061146,8.75,6.75,2.0,8.75,10.853571428571431,2900995.25,No Signal
278,2023-08-18T00:00:00+05:30,623.0,627.45,617.0,623.9,2385650,1.8163461665290863,635.683576593285,640.4304756225334,-4.746899029248425,-1.2428235896741742,10.450000000000045,0.05000000000006821,10.399999999999977,10.450000000000045,10.900000000000002,2882804.6,No Signal
279,2023-08-21T00:00:00+05:30,625.0,629.3,623.0,625.3,1204907,1.9062834915180245,634.0861032712412,639.3096996504939,-5.22359637925274,-2.0389781475898876,6.2999999999999545,5.399999999999977,0.8999999999999773,6.2999999999999545,10.364285714285716,2645215.0,No Signal
280,2023-08-22T00:00:00+05:30,625.0,653.8,624.8,634.7,8178643,1.8540686169263638,634.1805489218195,638.968240417124,-4.787691495304443,-2.588720817132799,29.0,28.5,0.5,29.0,11.792857142857144,2665466.75,No Signal
281,2023-08-23T00:00:00+05:30,638.0,638.5,630.3,633.0,1538696,1.833198238082391,633.9989260107703,638.5261485343741,-4.527222523603768,-2.976421158426993,8.200000000000045,3.7999999999999545,4.400000000000091,8.200000000000045,11.81428571428572,2504908.35,No Signal
282,2023-08-24T00:00:00+05:30,635.0,637.45,628.5,631.0,1516211,1.7580347662078122,633.5375527783441,637.9686560503463,-4.431103272002247,-3.267357581142044,8.950000000000045,4.4500000000000455,4.5,8.950000000000045,11.567857142857154,2488888.0,No Signal
283,2023-08-25T00:00:00+05:30,630.0,635.6,626.2,627.25,1934425,1.528840676156986,632.5702369662912,637.1746815280985,-4.604444561807327,-3.5347749772751005,9.399999999999977,4.600000000000023,4.7999999999999545,9.399999999999977,11.47142857142858,2417656.7,No Signal
284,2023-08-28T00:00:00+05:30,629.0,631.65,624.65,628.3,2527700,1.3226700599428762,631.9132774330157,636.5172977112023,-4.604020278186681,-3.7486240374574167,7.0,4.399999999999977,2.6000000000000227,7.0,11.22142857142858,2461004.35,No Signal
285,2023-08-29T00:00:00+05:30,628.4,636.0,626.1,634.95,3653381,1.2357917867296715,632.380465520244,636.4012015844467,-4.0207360642026515,-3.803046442806464,9.899999999999977,7.7000000000000455,2.199999999999932,9.899999999999977,11.021428571428576,2458250.35,No Signal
286,2023-08-30T00:00:00+05:30,636.5,639.9,634.15,637.0,1857192,1.205969237763063,633.0911631325141,636.4455570226357,-3.354393890121628,-3.713315932269497,5.75,4.949999999999932,0.8000000000000682,5.75,10.81428571428572,2383931.9,No Signal
287,2023-08-31T00:00:00+05:30,635.0,647.9,631.3,646.05,4466164,1.2324067571462562,635.0848303428966,637.1569972431812,-2.0721669002846284,-3.3850861258725233,16.600000000000023,10.899999999999977,5.7000000000000455,16.600000000000023,11.053571428571436,2480775.95,No Signal
288,2023-09-01T00:00:00+05:30,644.75,648.0,638.55,641.35,1271599,1.2613740757526255,636.0487025978356,637.4675900399826,-1.4188874421470246,-2.991846389127424,9.450000000000045,1.9500000000000455,7.5,9.450000000000045,11.02500000000001,2411174.55,No Signal
289,2023-09-04T00:00:00+05:30,645.0,645.85,634.0,640.05,1384829,1.2545455915110302,636.6642868135532,637.6588796666506,-0.9945928530974015,-2.5923956819214196,11.850000000000023,4.5,7.350000000000023,11.850000000000023,10.996428571428583,2378961.9,No Signal
290,2023-09-05T00:00:00+05:30,644.0,648.1,636.0,640.95,3759460,1.174973619889542,637.3236273037758,637.9026663580098,-0.5790390542340447,-2.1897243563839446,12.100000000000023,8.050000000000068,4.0499999999999545,12.100000000000023,10.97857142857144,2483283.25,No Signal
291,2023-09-06T00:00:00+05:30,643.5,651.2,639.3,647.55,2898323,1.1677792656216943,638.8969154108872,638.6172836648238,0.27963174606338725,-1.6958531358944784,11.900000000000091,10.25,1.650000000000091,11.900000000000091,11.203571428571447,2451282.25,Buy
292,2023-09-07T00:00:00+05:30,648.0,657.75,643.05,656.75,2349089,1.3147790412173648,641.6435438092122,639.9604478377998,1.6830959714123992,-1.0200633144331028,14.700000000000045,10.200000000000045,4.5,14.700000000000045,11.507142857142876,2459983.55,Buy
293,2023-09-08T00:00:00+05:30,659.2,660.8,652.95,657.45,1693851,1.5105341445432796,644.0753063001027,641.2559702201851,2.8193360799176617,-0.2521834355629499,7.849999999999909,4.0499999999999545,3.7999999999999545,7.849999999999909,11.617857142857158,2471160.2,Buy
294,2023-09-11T00:00:00+05:30,658.0,677.55,656.4,668.65,4083029,1.8326071460445275,647.8560284077793,643.2851576112824,4.57087079649682,0.712427410849004,21.149999999999977,20.09999999999991,1.0500000000000682,21.149999999999977,11.05714285714287,2611114.2,No Signal
295,2023-09-12T00:00:00+05:30,668.65,670.3,656.5,660.95,4061914,1.996379997316628,649.8704855758132,644.5936644548912,5.276821120922023,1.6253061528636077,13.799999999999955,1.6499999999999773,12.149999999999977,13.799999999999955,11.457142857142864,2717965.65,Buy
296,2023-09-13T00:00:00+05:30,656.0,658.95,642.7,650.2,4423644,1.9844282389025933,649.9211801026112,645.0089485693437,4.912231533267459,2.282691228944378,16.25,2.0,18.25,18.25,12.121428571428575,2849290.8,Buy
297,2023-09-14T00:00:00+05:30,650.3,655.4,643.0,645.45,3735579,1.9451043783339672,649.233306240671,645.0416190456887,4.191687194982364,2.6644904221519754,12.399999999999977,5.199999999999932,7.2000000000000455,12.399999999999977,12.335714285714289,2946214.3,Buy
298,2023-09-15T00:00:00+05:30,641.2,646.85,640.3,644.9,6827895,1.8391533965680644,648.5666437421063,645.031128746008,3.5355149960983,2.8386953369412407,6.550000000000068,1.3999999999999773,5.150000000000091,6.550000000000068,12.303571428571436,3168326.55,Buy
299,2023-09-18T00:00:00+05:30,644.7,665.55,644.6,659.95,4012209,1.7777395670605445,650.3179293202438,646.1362303203778,4.181698999866057,3.107296069526204,20.949999999999932,20.649999999999977,0.2999999999999545,20.949999999999932,13.092857142857147,3308691.65,Buy
300,2023-09-20T00:00:00+05:30,659.35,659.35,645.75,648.2,1596867,1.7797207635674717,649.9920940402063,646.2891021484979,3.7029918917083933,3.226435233962642,13.600000000000023,0.6000000000000227,14.200000000000045,14.200000000000045,13.69642857142858,2979602.85,Buy
301,2023-09-21T00:00:00+05:30,646.05,653.9,641.4,644.25,2420603,1.7368147072883275,649.1086949570977,646.1380575449055,2.970637412192218,3.1752756696085576,12.5,5.699999999999932,6.800000000000068,12.5,13.403571428571436,3023698.2,Sell
302,2023-09-22T00:00:00+05:30,643.4,656.0,642.25,649.45,1925717,1.64363189656765,649.1612034252365,646.3833866156532,2.777816809583328,3.095783897603512,13.75,11.75,2.0,13.75,13.710714285714289,3044173.5,Sell
303,2023-09-25T00:00:00+05:30,652.2,653.0,640.05,642.1,2079256,1.5172292597282633,648.0748644367386,646.0660987181974,2.0087657185412127,2.8783802617910523,12.950000000000045,3.5499999999999545,9.400000000000091,12.950000000000045,13.78928571428572,3051415.05,Sell
304,2023-09-26T00:00:00+05:30,640.05,648.85,638.15,644.25,1968753,1.3518796697496815,647.4864237541634,645.9315728872198,1.5548508669436387,2.6136743828215696,10.700000000000045,6.75,3.9500000000000455,10.700000000000045,13.68928571428572,3023467.7,Sell
305,2023-09-27T00:00:00+05:30,647.9,649.55,639.8,648.2,1452570,1.257120244436455,647.5962047150614,646.0996045252035,1.4966001898578725,2.3902595442288304,9.75,5.2999999999999545,4.4500000000000455,9.75,13.535714285714286,2913427.15,Sell
306,2023-09-28T00:00:00+05:30,645.2,650.65,633.35,634.7,2418577,1.3134251289084398,645.6121732204366,645.2551893751885,0.35698384524812354,1.983604404432689,17.299999999999955,2.449999999999932,14.850000000000023,17.299999999999955,13.721428571428564,2941496.4,Sell
307,2023-09-29T00:00:00+05:30,635.55,639.4,630.65,637.4,1830734,1.3634739097119553,644.3487619557541,644.6733234955449,-0.3245615397908068,1.5219712155879899,8.75,4.699999999999932,4.050000000000068,8.75,13.785714285714286,2809724.9,Sell
308,2023-10-03T00:00:00+05:30,634.45,637.5,628.55,633.55,3454441,1.4478788576966912,642.6874139625611,643.849373606986,-1.1619596444248828,0.9851850435854154,8.950000000000045,0.10000000000002274,8.850000000000023,8.950000000000045,12.91428571428572,2918867.0,Sell
309,2023-10-04T00:00:00+05:30,631.0,632.0,624.25,625.5,2357914,1.6500090778593615,640.0431964298593,642.4901607472092,-2.4469643173498525,0.29875517139836183,7.75,1.5499999999999545,9.299999999999955,9.299999999999955,12.592857142857147,2967521.25,No Signal
310,2023-10-05T00:00:00+05:30,626.0,627.75,619.9,624.35,4050085,1.8325154470493483,637.6288585175732,641.1464451363048,-3.5175866187315705,-0.4645131866276247,7.850000000000023,2.25,5.600000000000023,7.850000000000023,11.850000000000007,2982052.5,No Signal
311,2023-10-06T00:00:00+05:30,624.55,636.2,622.75,630.9,3713370,1.8913229072175932,636.5936495148696,640.3874492002823,-3.793799685412637,-1.1303704863846271,13.450000000000045,11.850000000000023,1.6000000000000227,13.450000000000045,11.925000000000011,3022804.85,No Signal
312,2023-10-09T00:00:00+05:30,625.0,629.55,613.35,615.15,3308557,2.17506446953468,633.294626512582,638.5180085187799,-5.22338200619788,-1.948972790347278,16.199999999999932,1.3500000000000227,17.549999999999955,17.549999999999955,12.710714285714289,3070778.25,No Signal
313,2023-10-10T00:00:00+05:30,616.1,624.75,615.15,621.25,4054232,2.2219069195359107,631.4416070491078,637.2388967766481,-5.79728972754026,-2.7186361777858745,9.600000000000023,9.600000000000023,0.0,9.600000000000023,11.90000000000001,3188797.3,No Signal
314,2023-10-11T00:00:00+05:30,626.95,627.0,619.0,621.5,3102088,2.0779569190926153,629.9121290415528,636.0730525709704,-6.160923529417573,-3.4070936481122143,8.0,5.75,2.25,8.0,11.457142857142864,3139750.25,No Signal
315,2023-10-12T00:00:00+05:30,622.05,626.3,619.0,624.65,2810053,1.955566201804845,629.1025707274678,635.2269005286763,-6.124329801208546,-3.950540878731481,7.2999999999999545,4.7999999999999545,2.5,7.2999999999999545,11.085714285714289,3077157.2,No Signal
316,2023-10-13T00:00:00+05:30,623.25,633.0,614.5,625.25,5462771,1.9354875967435958,628.5098675386266,634.4878708598854,-5.978003321258825,-4.35603336723695,18.5,8.350000000000023,10.149999999999977,18.5,11.425000000000002,3129113.55,No Signal
317,2023-10-16T00:00:00+05:30,633.0,635.0,619.65,630.05,3399593,1.8984216248754995,628.7468109942225,634.1591396850791,-5.4123286908566115,-4.567292431960882,15.350000000000023,9.75,5.600000000000023,15.350000000000023,11.596428571428573,3112314.25,No Signal
318,2023-10-17T00:00:00+05:30,632.5,645.9,630.55,641.8,4443295,1.846262273676752,630.7549939181882,634.7251293380363,-3.9701354198480203,-4.44786102953831,15.350000000000023,15.850000000000023,0.5,15.850000000000023,11.964285714285714,2993084.25,No Signal
319,2023-10-18T00:00:00+05:30,641.65,648.45,637.75,645.0,2187089,1.6445122672675683,632.9465333153901,635.4862308685521,-2.539697553162,-4.066228334263048,10.700000000000045,6.650000000000091,4.0499999999999545,10.700000000000045,12.03214285714286,2901828.25,No Signal
320,2023-10-19T00:00:00+05:30,639.0,644.25,629.15,639.0,3371397,1.590974739005015,633.8778358822532,635.7465100634741,-1.8686741812209675,-3.626717503654632,15.100000000000023,0.75,15.850000000000023,15.850000000000023,11.928571428571436,2990554.75,No Signal
321,2023-10-20T00:00:00+05:30,636.95,641.95,630.0,639.95,1853937,1.5594998847864476,634.8120149772911,636.057879688402,-1.245864711110812,-3.150546945145868,11.950000000000045,2.9500000000000455,9.0,11.950000000000045,12.157142857142869,2962221.45,No Signal
322,2023-10-23T00:00:00+05:30,638.0,644.7,621.8,625.25,2502483,1.5068124345486165,633.3409357500155,635.2572960077796,-1.9163602577640404,-2.903709607669503,22.90000000000009,4.75,18.15000000000009,22.90000000000009,13.153571428571443,2991059.75,Buy
323,2023-10-25T00:00:00+05:30,625.25,627.95,607.7,616.45,2821496,1.5870213033561484,630.7423302500132,633.8641629701663,-3.1218327201530656,-2.9473342301662155,20.25,2.7000000000000455,17.549999999999955,20.25,13.935714285714303,3028171.75,Sell
324,2023-10-26T00:00:00+05:30,611.85,614.95,602.7,605.85,2011512,1.7832284174968551,626.9127409807804,631.789039787191,-4.876298806410546,-3.333127145415082,12.25,1.5,13.75,13.75,14.357142857142874,3030309.7,Sell
325,2023-10-27T00:00:00+05:30,606.05,615.6,606.05,608.65,1348147,1.7710238985328364,624.1030885221988,630.0750368399916,-5.971948317792794,-3.860891379890625,9.550000000000068,9.75,0.1999999999999318,9.75,14.092857142857156,3025088.55,Sell
326,2023-10-30T00:00:00+05:30,609.8,618.0,600.75,607.6,1882245,1.8897109776287537,621.564151826476,628.4102192962886,-6.846067469812624,-4.457926597875025,17.25,9.350000000000023,7.899999999999977,17.25,14.071428571428587,2998271.95,Sell
327,2023-10-31T00:00:00+05:30,607.1,621.0,604.45,618.35,2661284,1.8227046372934173,621.0696669300951,627.6650178669339,-6.595350936838827,-4.885411465667786,16.549999999999955,13.399999999999977,3.1499999999999773,16.549999999999955,14.567857142857154,3039799.45,Sell
328,2023-11-01T00:00:00+05:30,621.8,623.95,616.9,620.05,1947740,1.7958690745553734,620.9127950946959,627.1009424693832,-6.188147374687333,-5.145958647471695,7.050000000000068,5.600000000000023,1.4500000000000455,7.050000000000068,14.500000000000016,2964464.4,Sell
329,2023-11-02T00:00:00+05:30,622.0,626.8,618.0,619.3,1651263,1.8064117750845308,620.664672772435,626.5230948790585,-5.858422106623493,-5.288451339302055,8.799999999999955,6.75,2.0499999999999545,8.799999999999955,14.607142857142874,2929131.85,Sell
330,2023-11-03T00:00:00+05:30,622.0,625.0,619.6,622.1,1450553,1.7995336729387548,620.8854923459065,626.1954582213505,-5.309965875443936,-5.292754246530431,5.399999999999977,5.7000000000000455,0.3000000000000682,5.7000000000000455,13.692857142857163,2799155.25,Sell
331,2023-11-06T00:00:00+05:30,622.1,626.3,619.4,622.75,1789823,1.7783318495132157,621.1723396773056,625.940239093843,-4.767899416537489,-5.187783280531843,6.899999999999977,4.199999999999932,2.7000000000000455,6.899999999999977,13.089285714285731,2702977.9,Buy
332,2023-11-07T00:00:00+05:30,623.4,624.0,614.7,622.45,2747838,1.75177847948194,621.368902803874,625.6817028646695,-4.312800060795553,-5.012786636584585,9.299999999999955,1.25,8.049999999999955,9.299999999999955,12.621428571428583,2674941.95,No Signal
333,2023-11-08T00:00:00+05:30,624.0,624.85,617.5,618.75,1332249,1.7696491464362931,620.9659946802011,625.1682433932125,-4.202248713011386,-4.850679051869946,7.350000000000023,2.3999999999999773,4.9500000000000455,7.350000000000023,12.382142857142867,2538842.8,No Signal
334,2023-11-09T00:00:00+05:30,618.75,625.0,613.2,621.35,2235630,1.7625120424647034,621.0250724217086,624.8854105492708,-3.8603381275621587,-4.652610867008389,11.799999999999955,6.25,5.5499999999999545,11.799999999999955,12.092857142857147,2495519.9,No Signal
335,2023-11-10T00:00:00+05:30,620.85,631.5,620.05,626.75,2449660,1.7504114576535927,621.9058305106765,625.0235282863619,-3.117697775685315,-4.3456282487437745,11.450000000000045,10.149999999999977,1.3000000000000682,11.450000000000045,12.057142857142862,2477500.25,No Signal
336,2023-11-12T00:00:00+05:30,629.0,629.9,624.55,626.9,190819,1.7527667783215117,622.6741642782648,625.1625261910758,-2.4883619128110013,-3.97417498155722,5.350000000000023,3.1499999999999773,2.2000000000000455,5.350000000000023,10.803571428571429,2213902.65,No Signal
337,2023-11-13T00:00:00+05:30,625.15,628.2,617.0,621.05,2047300,1.7563362559638889,622.4242928508395,624.8578946213665,-2.433601770527048,-3.6660603393511857,11.200000000000045,1.3000000000000682,9.899999999999977,11.200000000000045,10.15714285714286,2146288.0,No Signal
338,2023-11-15T00:00:00+05:30,632.95,639.4,627.0,636.15,2033627,1.6462188438004048,624.5359401045565,625.6943468716357,-1.1584067670792138,-3.1645296248967916,12.399999999999977,18.350000000000023,5.9500000000000455,18.350000000000023,10.485714285714291,2025804.6,No Signal
339,2023-11-16T00:00:00+05:30,636.9,639.7,632.0,634.95,1753550,1.5076895129518337,626.138103165394,626.3799508070701,-0.24184764167614503,-2.5799932282526625,7.7000000000000455,3.550000000000068,4.149999999999977,7.7000000000000455,10.339285714285722,2004127.65,No Signal
340,2023-11-17T00:00:00+05:30,632.85,660.0,632.0,651.8,4306473,1.6933530318784635,630.0860872937949,628.2629174139538,1.823169879841089,-1.6993606066339124,28.0,25.049999999999955,2.9500000000000455,28.0,11.107142857142865,2050881.45,No Signal
341,2023-11-20T00:00:00+05:30,654.95,655.2,647.5,652.4,2178344,1.885797115960854,633.5189969409033,630.0508494573646,3.4681474835387007,-0.6658589885993897,7.7000000000000455,3.400000000000091,4.2999999999999545,7.7000000000000455,10.475000000000014,2067101.8,No Signal
342,2023-11-21T00:00:00+05:30,655.0,672.05,654.25,667.9,5077816,2.3586589482365703,638.8083820269181,632.8544902383005,5.953891788617625,0.6580911668440134,17.799999999999955,19.649999999999977,1.8500000000000227,19.649999999999977,11.375000000000009,2195868.45,No Signal
343,2023-11-22T00:00:00+05:30,669.75,675.35,665.3,668.5,2664154,2.721048820371587,643.3763232535462,635.4948983687967,7.8814248847494355,2.102757910425098,10.050000000000068,7.4500000000000455,2.6000000000000227,10.050000000000068,11.464285714285731,2188001.35,No Signal
344,2023-11-23T00:00:00+05:30,668.05,677.0,659.5,665.0,2184014,2.867701601750197,646.7030427530005,637.6804614525896,9.022581300410934,3.4867225884222655,17.5,8.5,9.0,17.5,12.30714285714287,2196626.45,No Signal
345,2023-11-24T00:00:00+05:30,666.05,672.25,663.05,668.0,1511079,2.9796920589467475,649.9794977140774,639.9263531968422,10.053144517235182,4.800006974184849,9.200000000000045,7.25,1.9500000000000455,9.200000000000045,12.47142857142859,2204773.05,Buy
346,2023-11-28T00:00:00+05:30,668.05,676.7,668.05,673.3,1900825,3.0627513926255077,653.567267296527,642.3984751822613,11.16879211426567,6.073764002201013,8.650000000000091,8.700000000000045,0.049999999999954525,8.700000000000045,12.428571428571454,2205702.05,Buy
347,2023-11-29T00:00:00+05:30,677.0,680.45,671.3,675.65,1829510,3.2139853965416494,656.964610789369,644.8615510946864,12.103059694682543,7.2796231406973195,9.150000000000091,7.150000000000091,2.0,9.150000000000091,12.557142857142887,2164113.35,Buy
348,2023-11-30T00:00:00+05:30,676.9,693.0,674.55,690.75,4637116,3.448417211531877,662.1623629756199,648.260695458043,13.901667517576925,8.60403201607324,18.450000000000045,17.350000000000023,1.1000000000000227,18.450000000000045,13.032142857142892,2298582.15,Buy
349,2023-12-01T00:00:00+05:30,694.05,695.0,680.05,682.15,2106753,3.589542019253826,665.2373840562938,650.7710143130028,14.466369743291011,9.776499561516795,14.950000000000045,4.25,10.700000000000045,14.950000000000045,13.282142857142892,2321356.65,Buy
350,2023-12-04T00:00:00+05:30,689.8,689.8,672.25,674.95,4817286,3.623981247814219,666.7316326630178,652.5620502898173,14.169582373200456,10.655116123853528,17.549999999999955,7.649999999999977,9.899999999999977,17.549999999999955,14.153571428571459,2489693.3,Buy
351,2023-12-05T00:00:00+05:30,679.0,681.3,667.7,672.75,4028068,3.5782038242246537,667.6575353302458,654.057453972053,13.60008135819271,11.244109170721364,13.599999999999909,6.349999999999909,7.25,13.599999999999909,14.32500000000002,2601605.55,Buy
352,2023-12-06T00:00:00+05:30,677.0,681.8,675.05,677.35,1627777,3.48143933659331,669.1486837409772,655.782827751901,13.36585598907618,11.668458534392327,6.75,9.049999999999955,2.2999999999999545,9.049999999999955,13.660714285714302,2545602.5,Buy
353,2023-12-07T00:00:00+05:30,680.9,685.7,675.55,678.3,3853936,3.3102702410611786,670.5565785500576,657.4507664369454,13.105812113112165,11.955929250136295,10.150000000000091,8.350000000000023,1.8000000000000682,10.150000000000091,13.835714285714305,2671686.85,Buy
354,2023-12-08T00:00:00+05:30,680.45,684.0,667.0,671.25,2713075,3.1056768110272177,670.6632587731257,658.4729318860606,12.190326887065112,12.002808777522059,17.0,5.7000000000000455,11.299999999999955,17.0,13.05000000000002,2695559.1,Buy
355,2023-12-11T00:00:00+05:30,671.05,674.5,667.25,672.5,1897948,2.8807046212198384,670.945834346491,659.5119739685746,11.433860377916403,11.889019097600928,7.25,3.25,4.0,7.25,13.017857142857158,2667973.5,Sell
356,2023-12-12T00:00:00+05:30,676.9,710.6,675.35,707.35,10749420,2.800913285699045,676.5464752162616,663.0555314523839,13.49094376387768,12.209404030856279,35.25,38.10000000000002,2.8500000000000227,38.10000000000002,14.335714285714305,3195903.55,Buy
357,2023-12-13T00:00:00+05:30,706.5,707.0,689.2,698.2,4757264,2.546582905059557,679.8777867214521,665.658825418874,14.218961302578123,12.611315485200649,17.799999999999955,0.35000000000002274,18.149999999999977,18.149999999999977,14.914285714285727,3331401.75,Buy
358,2023-12-14T00:00:00+05:30,702.0,704.0,679.1,684.55,6251731,2.3369239091000615,680.5965887643057,667.0581716841426,13.538417080163072,12.796735804193133,24.899999999999977,5.7999999999999545,19.100000000000023,24.899999999999977,15.442857142857154,3542306.95,Buy
359,2023-12-15T00:00:00+05:30,688.0,688.0,663.25,673.1,8720610,1.9617595029729742,679.443267415951,667.5057145223543,11.937552893596717,12.62489922207385,24.75,3.4500000000000455,21.299999999999955,24.75,16.553571428571438,3890659.95,Sell
360,2023-12-18T00:00:00+05:30,673.8,674.8,666.8,672.25,2050286,1.7894561766966153,678.3366108904202,667.857143076254,10.479467814166128,12.195812940492306,8.0,1.6999999999999318,6.300000000000068,8.0,16.503571428571433,3777850.6,Sell
361,2023-12-19T00:00:00+05:30,673.0,674.05,664.3,666.05,3794818,1.6424463666538096,676.4463630611248,667.7232806261611,8.723082434963658,11.501266839386577,9.75,1.7999999999999545,7.9500000000000455,9.75,16.54642857142857,3858674.3,Sell
362,2023-12-20T00:00:00+05:30,671.9,674.0,640.3,644.1,3772684,2.028886107202374,671.4699995132594,665.9734079871862,5.496591526073189,10.3003317767239,33.700000000000045,7.9500000000000455,25.75,33.700000000000045,17.635714285714283,3793417.7,Sell
363,2023-12-21T00:00:00+05:30,641.0,648.7,637.15,644.2,2755102,2.297095885947555,667.274614972758,664.3605629510984,2.914052021659586,8.823075825711037,11.550000000000068,4.600000000000023,6.9500000000000455,11.550000000000068,17.392857142857142,3797965.1,Sell
364,2023-12-22T00:00:00+05:30,646.0,649.0,637.1,639.85,2854029,2.596359671989175,663.0554434384875,662.5449656954614,0.5104777430260583,7.160556209174041,11.899999999999977,4.7999999999999545,7.100000000000023,11.899999999999977,16.989285714285717,3831465.85,Sell
365,2023-12-26T00:00:00+05:30,641.0,645.9,634.0,638.0,2202221,2.880845965729415,659.2007598325663,660.7268200883902,-1.5260602558239498,5.4232329161744435,11.899999999999977,6.0499999999999545,5.850000000000023,11.899999999999977,16.86785714285715,3866022.95,Sell
366,2023-12-27T00:00:00+05:30,643.0,646.0,638.4,643.8,2353373,3.0149779249881274,656.8314121660176,659.4729815633243,-2.641569397306739,3.8102724534782073,7.600000000000023,8.0,0.39999999999997726,8.0,16.79285714285715,3888650.35,Sell
367,2023-12-28T00:00:00+05:30,647.0,650.95,644.25,648.1,3566880,3.0834712189047138,655.4881179866303,658.6305384845596,-3.1424204979292654,2.4197338631967127,6.7000000000000455,7.150000000000091,0.4500000000000455,7.150000000000091,16.57857142857144,3975518.85,Sell
368,2023-12-29T00:00:00+05:30,648.1,649.85,643.0,646.7,1653662,3.0748826811791083,654.136099834841,657.7467948931107,-3.610695058269698,1.2136480789034305,6.850000000000023,1.75,5.100000000000023,6.850000000000023,15.85357142857144,3826346.15,Sell
369,2024-01-01T00:00:00+05:30,647.0,652.35,644.35,648.7,1343888,3.072406173613964,653.299776783327,657.0766619380655,-3.7768851547384656,0.2155414321750513,8.0,5.649999999999977,2.3500000000000227,8.0,15.907142857142869,3788202.9,Sell
370,2024-01-02T00:00:00+05:30,649.5,654.3,642.6,645.5,3005450,3.1371341252877945,652.0998111243537,656.2191314241347,-4.119320299781066,-0.6514309142161722,11.699999999999932,5.599999999999909,6.100000000000023,11.699999999999932,14.021428571428576,3697611.1,No Signal
371,2024-01-03T00:00:00+05:30,644.0,648.45,636.1,637.2,1893956,3.2886840337711907,649.8075324898377,654.8103068741989,-5.002774384361146,-1.521699608245167,12.350000000000023,2.9500000000000455,9.399999999999977,12.350000000000023,13.607142857142865,3590905.5,No Signal
372,2024-01-04T00:00:00+05:30,638.0,649.0,638.0,647.95,4412550,3.2166103232911016,649.5217582606319,654.3021359946287,-4.7803777339967155,-2.1734352333954767,11.0,11.799999999999955,0.7999999999999545,11.799999999999955,12.671428571428578,3730144.15,No Signal
373,2024-01-05T00:00:00+05:30,648.5,654.55,642.45,646.75,1394951,3.186264352041242,649.0953339128424,653.742718513545,-4.647384600702594,-2.6682251068569003,12.099999999999909,6.599999999999909,5.5,12.099999999999909,11.767857142857142,3607194.9,No Signal
374,2024-01-08T00:00:00+05:30,647.0,654.15,641.7,645.85,2064691,3.1868852386639017,648.5960517724051,653.1580726977269,-4.562020925321804,-3.046984270549881,12.449999999999932,7.399999999999977,5.0499999999999545,12.449999999999932,12.08571428571428,3574775.7,No Signal
375,2024-01-09T00:00:00+05:30,647.0,650.8,638.6,640.9,3648496,3.212066499295174,647.4120438074196,652.25006731271,-4.83802350529038,-3.4051921174979807,12.199999999999932,4.949999999999932,7.25,12.199999999999932,12.260714285714275,3662303.1,No Signal
376,2024-01-10T00:00:00+05:30,642.0,650.35,641.45,644.95,3288472,2.598629415099521,647.0332678370474,651.7093215858426,-4.676053748795198,-3.659364443757424,8.899999999999977,9.450000000000045,0.5500000000000682,9.450000000000045,10.52857142857142,3289255.7,No Signal
377,2024-01-11T00:00:00+05:30,646.0,653.1,639.9,644.0,2800658,2.01836869915058,646.5666112467325,651.1382607276321,-4.571649480899623,-3.841821451185864,13.200000000000045,8.149999999999977,5.050000000000068,13.200000000000045,10.64642857142856,3191425.4,No Signal
378,2024-01-12T00:00:00+05:30,646.85,648.6,621.3,637.6,7076942,1.6377297627978638,645.187132593389,650.1354265996594,-4.9482940062703165,-4.063115962202755,27.300000000000068,4.600000000000023,22.700000000000045,27.300000000000068,11.746428571428567,3232685.95,No Signal
379,2024-01-15T00:00:00+05:30,637.0,637.0,611.85,614.45,12433539,1.8173607040102933,640.4583429636368,647.4920616663512,-7.0337187027143955,-4.657236510305083,25.149999999999977,0.6000000000000227,25.75,25.75,12.735714285714282,3418332.4,No Signal
380,2024-01-16T00:00:00+05:30,615.75,616.85,609.05,611.25,8761562,1.8992862301936981,635.9647517384619,644.8074645058807,-8.842712767418789,-5.494331761727824,7.800000000000068,2.3999999999999773,5.400000000000091,7.800000000000068,12.721428571428573,3753896.2,No Signal
381,2024-01-17T00:00:00+05:30,611.0,618.5,605.1,606.6,10183042,2.083342140680127,631.4470976248524,641.9772819498895,-10.530184325037112,-6.501502274389682,13.399999999999977,7.25,6.149999999999977,13.399999999999977,13.167857142857136,4073307.4,No Signal
382,2024-01-18T00:00:00+05:30,608.0,612.3,600.6,607.8,3658639,2.3581297514576995,627.8090826056443,639.4456314350829,-11.636548829438539,-7.528511585399454,11.699999999999932,5.699999999999932,6.0,11.699999999999932,13.514285714285702,4067605.15,No Signal
383,2024-01-19T00:00:00+05:30,614.5,618.4,609.8,615.9,2563065,2.4302866104080745,625.9769160509298,637.7015105880397,-11.724594537109851,-8.367728175741535,8.600000000000023,10.600000000000023,2.0,10.600000000000023,13.699999999999989,4058003.3,No Signal
384,2024-01-20T00:00:00+05:30,618.0,619.5,607.35,608.0,1194291,2.654568416420498,623.2112366584792,635.5013986926293,-12.290162034150171,-9.152214947423262,12.149999999999977,3.6000000000000227,8.549999999999955,12.149999999999977,13.732142857142849,3975016.4,Sell
385,2024-01-23T00:00:00+05:30,600.25,613.75,582.8,586.15,5994679,3.295287637080561,617.50950794179,631.8457395302123,-14.336231588422265,-10.189018275623063,30.950000000000045,5.75,25.200000000000045,30.950000000000045,15.06071428571428,4164639.3,Sell
386,2024-01-24T00:00:00+05:30,590.0,591.0,576.7,581.65,6144401,3.7867951263585033,611.99266056613,628.1275366020484,-16.13487603591841,-11.378189827682133,14.299999999999955,4.850000000000023,9.449999999999932,14.299999999999955,15.239285714285709,4354190.7,Sell
387,2024-01-25T00:00:00+05:30,584.15,586.55,577.3,579.0,3725167,4.158948986010253,606.9168666328792,624.4884598167115,-17.571593183832306,-12.616870498912169,9.25,4.899999999999977,4.350000000000023,9.25,15.035714285714286,4362105.05,Sell
388,2024-01-29T00:00:00+05:30,575.05,584.0,575.05,578.55,4399011,4.424658791100766,602.5527333047439,621.0856109413995,-18.5328776366556,-13.800071926460856,8.950000000000045,5.0,3.9500000000000455,8.950000000000045,14.785714285714294,4499372.5,Sell
389,2024-01-30T00:00:00+05:30,583.0,583.6,571.55,575.0,5895638,4.651602415762292,598.3138512578603,617.6718619827774,-19.358010724917108,-14.911659686152108,12.050000000000068,5.050000000000068,7.0,12.050000000000068,14.775000000000018,4726960.0,Sell
390,2024-01-31T00:00:00+05:30,573.5,578.0,571.3,576.6,4068280,4.75435103012539,594.973258756651,614.629501835905,-19.656243079253954,-15.860576364772477,6.7000000000000455,3.0,3.7000000000000455,6.7000000000000455,14.578571428571447,4780101.5,Sell
391,2024-02-01T00:00:00+05:30,577.2,591.4,567.2,587.1,8911872,4.684125340800537,593.7619881787048,612.5902794776898,-18.82829129898505,-16.45411935161499,24.199999999999932,14.799999999999955,9.399999999999977,24.199999999999932,15.364285714285725,5130997.3,Sell
392,2024-02-02T00:00:00+05:30,589.95,589.95,576.5,578.8,3006965,4.675203674750182,591.4601438435194,610.0872958126757,-18.62715196915633,-16.88872587512326,13.450000000000045,2.8500000000000227,10.600000000000023,13.450000000000045,14.375000000000009,5060718.05,Sell
393,2024-02-05T00:00:00+05:30,578.8,581.95,561.55,563.35,3750294,4.838137722413357,587.1355063291318,606.6252739006256,-19.48976757149387,-17.408934214397384,20.40000000000009,3.150000000000091,17.25,20.40000000000009,13.992857142857158,5178485.2,Sell
394,2024-02-06T00:00:00+05:30,564.0,595.05,562.25,592.75,15915028,4.30416358373395,587.9992745861884,605.5974758339127,-17.598201247724205,-17.44678762106275,32.799999999999955,31.699999999999932,1.1000000000000227,32.799999999999955,15.778571428571436,5871002.05,Sell
395,2024-02-07T00:00:00+05:30,597.0,614.0,596.0,604.0,6122775,3.938970567905549,590.4609246498518,605.4791442906599,-15.01821964080807,-16.961074025011815,18.0,21.25,3.25,21.25,16.339285714285722,5994716.0,Buy
396,2024-02-08T00:00:00+05:30,605.15,616.05,590.1,591.7,7782663,3.6011446305432724,590.6515516267976,604.4584669357962,-13.806915308998555,-16.330242281809163,25.949999999999932,12.049999999999955,13.899999999999977,25.949999999999932,17.357142857142865,6219425.55,Buy
397,2024-02-09T00:00:00+05:30,591.7,594.15,582.25,584.0,2453771,3.1446606438486047,589.6282359919057,602.943024940552,-13.31478894864631,-15.727151615176593,11.899999999999977,2.449999999999932,9.450000000000045,11.899999999999977,17.450000000000006,6202081.2,Buy
398,2024-02-12T00:00:00+05:30,584.0,586.5,572.4,577.2,2799522,2.698200051568077,587.7161996854587,601.0361342042148,-13.3199345187561,-15.245708195892496,14.100000000000023,2.5,11.600000000000023,14.100000000000023,17.589285714285722,5988210.2,Buy
399,2024-02-13T00:00:00+05:30,577.25,594.0,574.7,589.55,5011128,2.4701075832110937,587.9983228107727,600.1853094483471,-12.186986637574364,-14.63396388422887,19.299999999999955,16.799999999999955,2.5,19.299999999999955,16.75714285714286,5617089.65,Buy
400,2024-02-14T00:00:00+05:30,582.4,586.95,578.4,585.35,1572158,2.3360794078935023,587.5908885321923,599.0863976373585,-11.495509105166207,-14.006272928416337,8.550000000000068,2.599999999999909,11.149999999999977,11.149999999999977,16.532142857142862,5257619.45,Buy
401,2024-02-15T00:00:00+05:30,586.85,589.35,582.0,585.1,1737411,2.22201795151774,587.207674911855,598.0503681827394,-10.84269327088441,-13.373556996909953,7.350000000000023,4.0,3.3500000000000227,7.350000000000023,16.396428571428576,4835337.9,Buy
402,2024-02-16T00:00:00+05:30,588.5,594.0,583.7,592.45,2973324,2.052103574377248,588.0141864638773,597.6355260951291,-9.621339631251772,-12.623113523778317,10.299999999999955,8.899999999999977,1.3999999999999773,10.299999999999955,16.49285714285714,4801072.15,Buy
403,2024-02-19T00:00:00+05:30,594.3,594.3,584.4,585.2,2785107,1.7112160290301284,587.5812347002038,596.7143760140084,-9.133141313804572,-11.925119081783569,9.899999999999977,1.849999999999909,8.050000000000068,9.899999999999977,16.339285714285705,4812174.25,Buy
404,2024-02-20T00:00:00+05:30,580.2,589.5,576.25,587.95,3523966,1.4431700254037563,587.6379678232494,596.0651629759337,-8.427195152684362,-11.225534295963728,13.25,4.2999999999999545,8.950000000000045,13.25,16.807142857142846,4928658.0,Buy
405,2024-02-21T00:00:00+05:30,587.95,591.25,574.5,577.45,3321288,1.4884924652608431,586.0705881581341,594.6862620147534,-8.61567385661931,-10.703562208094844,16.75,3.2999999999999545,13.450000000000045,16.75,16.274999999999995,4794988.45,Buy
406,2024-02-22T00:00:00+05:30,578.0,579.4,567.05,574.65,4195869,1.5348596425624221,584.3135745953442,593.202094458105,-8.888519862760745,-10.340553739028024,12.350000000000023,1.9499999999999318,10.400000000000091,12.350000000000023,16.196428571428562,4697561.85,Buy
407,2024-02-23T00:00:00+05:30,577.2,583.35,575.75,580.7,2561028,1.512777293809763,583.7576400422143,592.2760133871342,-8.518373344919837,-9.976117660206388,7.600000000000023,8.700000000000045,1.1000000000000227,8.700000000000045,15.360714285714275,4639354.9,No Signal
408,2024-02-26T00:00:00+05:30,568.75,580.95,567.25,576.35,4199991,1.5375550803363138,582.6180031126429,591.0963086917909,-8.478305579148014,-9.676555243994713,13.700000000000045,0.25,13.450000000000045,13.700000000000045,13.996428571428567,4629403.9,No Signal
409,2024-02-27T00:00:00+05:30,576.05,592.0,572.85,581.6,6321068,1.4887163044855787,582.4613872491594,590.3928784183249,-7.931491169165497,-9.32754242902887,19.149999999999977,15.649999999999977,3.5,19.149999999999977,13.846428571428564,4650675.4,No Signal
410,2024-02-28T00:00:00+05:30,582.0,590.9,578.15,580.6,3434747,1.4697989681225003,582.175019980058,589.6674800169675,-7.492460036909506,-8.960525950604998,12.75,9.299999999999955,3.4500000000000455,12.75,12.903571428571427,4618998.75,No Signal
411,2024-02-29T00:00:00+05:30,581.0,585.9,575.55,582.0,2750947,1.4614725258334258,582.1480938292798,589.0995185342291,-6.951424704949318,-8.558705701473862,10.350000000000023,5.2999999999999545,5.050000000000068,10.350000000000023,12.792857142857144,4310952.5,No Signal
412,2024-03-01T00:00:00+05:30,584.9,596.8,583.0,589.95,3460443,1.448297856510968,583.3483870863137,589.1625171613232,-5.81413007500953,-8.009790576180995,13.799999999999955,14.799999999999955,1.0,14.799999999999955,12.84285714285714,4333626.4,No Signal
413,2024-03-02T00:00:00+05:30,594.45,597.0,591.05,592.3,171935,1.2138565467136815,584.7255583038038,589.3949232975215,-4.669364993717636,-7.341705459688324,5.9500000000000455,7.0499999999999545,1.099999999999909,7.0499999999999545,11.96785714285714,4154708.45,No Signal
414,2024-03-04T00:00:00+05:30,595.0,620.5,587.6,610.3,7272987,1.4692713018470294,588.6600877955264,590.943447497705,-2.2833597021787,-6.3300363081864,32.89999999999998,28.200000000000045,4.699999999999932,32.89999999999998,13.521428571428569,3722606.4,No Signal
415,2024-03-05T00:00:00+05:30,611.8,615.6,603.75,607.7,4342310,1.5431165559685762,591.5893050577531,592.1846736089861,-0.5953685512330367,-5.183102756795727,11.850000000000023,5.300000000000068,6.5499999999999545,11.850000000000023,13.84285714285714,3633583.15,No Signal
416,2024-03-06T00:00:00+05:30,611.25,618.1,604.7,613.95,4896598,1.818309777048623,595.0294119719449,593.7969200083205,1.2324919636243976,-3.8999838127117026,13.399999999999977,10.399999999999977,3.0,13.399999999999977,14.064285714285713,3489279.9,No Signal
417,2024-03-07T00:00:00+05:30,611.55,624.15,611.55,621.95,3682063,2.167813965585868,599.171040899338,595.8823333410376,3.288707558300416,-2.4622455385092787,12.600000000000023,10.199999999999932,2.400000000000091,12.600000000000023,14.257142857142858,3550694.5,No Signal
418,2024-03-11T00:00:00+05:30,625.0,629.0,618.9,620.85,3777242,2.389080328686179,602.5062653763629,597.7317901305903,4.774475245772578,-1.0149013816529076,10.100000000000023,7.0499999999999545,3.050000000000068,10.100000000000023,14.03214285714286,3599580.5,No Signal
419,2024-03-12T00:00:00+05:30,618.25,629.8,615.05,621.55,4975736,2.6123177350885776,605.4360707030763,599.4961019727688,5.939968730307555,0.376072640739185,14.75,8.949999999999932,5.800000000000068,14.75,13.889285714285718,3597810.9,No Signal
420,2024-03-13T00:00:00+05:30,623.25,626.7,604.05,610.05,2840155,2.7094937314491268,606.1459059795261,600.2778721970082,5.868033782517955,1.4744648690949391,22.65000000000009,5.150000000000091,17.5,22.65000000000009,14.625000000000009,3661210.75,Buy
421,2024-03-14T00:00:00+05:30,603.0,624.5,598.2,622.25,3750622,2.8063791194544874,608.6234589057528,601.905437219452,6.718021686300858,2.523176232536123,26.299999999999955,14.450000000000045,11.849999999999909,26.299999999999955,15.882142857142858,3761871.3,Buy
422,2024-03-15T00:00:00+05:30,620.0,634.8,611.3,632.35,4896049,3.031917230471946,612.2736959971755,604.1605900180111,8.113105979164402,3.641162181861779,23.5,12.549999999999955,10.950000000000045,23.5,16.582142857142856,3858007.55,Buy
423,2024-03-18T00:00:00+05:30,634.95,636.55,628.25,634.1,2911589,3.227176464362042,615.631588920687,606.3783240907511,9.253264829935915,4.763582711476606,8.299999999999955,4.199999999999932,4.100000000000023,8.299999999999955,15.807142857142853,3864331.65,Buy
424,2024-03-19T00:00:00+05:30,634.0,636.5,623.35,632.5,3861068,3.3803009393472783,618.2267290867352,608.3132630469918,9.913466039743412,5.793559377129967,13.149999999999977,2.3999999999999773,10.75,13.149999999999977,15.83571428571428,3881186.75,Buy
425,2024-03-20T00:00:00+05:30,630.0,632.5,619.4,626.4,1712459,3.365637043138977,619.4841553810836,609.6530213398072,9.831134041276414,6.601074309959257,13.100000000000023,0.0,13.100000000000023,13.100000000000023,16.03214285714285,3800745.3,Buy
426,2024-03-21T00:00:00+05:30,629.0,639.0,620.0,622.25,7197320,3.2247821395980925,619.90966993784,610.5861308701918,9.323539067648198,7.145567261497046,19.0,12.600000000000023,6.399999999999977,19.0,16.332142857142856,3950817.85,Buy
427,2024-03-22T00:00:00+05:30,623.9,628.65,616.0,623.85,3636733,3.090898182919055,620.5158745627878,611.5686396946221,8.947234868165651,7.505900782830768,12.649999999999977,6.399999999999977,6.25,12.649999999999977,16.732142857142858,4004603.1,Buy
428,2024-03-26T00:00:00+05:30,638.85,642.8,625.5,626.9,13822598,2.852470726849888,621.4980477069743,612.704296013539,8.793751693435297,7.763470964951674,17.299999999999955,18.949999999999932,1.6499999999999773,18.949999999999932,15.735714285714282,4485733.45,Buy
429,2024-03-27T00:00:00+05:30,627.5,638.4,624.05,626.35,13848953,2.6405579008883433,622.2445019059013,613.715088901425,8.529413004476282,7.916659372856596,14.350000000000023,11.5,2.8500000000000227,14.350000000000023,15.914285714285711,4862127.7,Buy
430,2024-03-28T00:00:00+05:30,626.35,638.75,626.35,633.35,6878964,2.3534394124921496,623.9530400742242,615.1695267605787,8.783513313645471,8.090030161014372,12.399999999999977,12.399999999999977,0.0,12.399999999999977,15.84285714285714,5034338.55,Buy
431,2024-04-01T00:00:00+05:30,638.0,638.0,628.0,634.75,3874744,2.017120459903041,625.6141108320359,616.619932185721,8.994178646314822,8.270859858074463,10.0,4.649999999999977,5.350000000000023,10.0,15.657142857142853,5090528.4,Buy
432,2024-04-02T00:00:00+05:30,631.1,641.65,631.1,631.9,5179918,1.7221505776454056,626.5811707040303,617.7517890608528,8.829381643177499,8.382564215095071,10.549999999999955,6.899999999999977,3.6499999999999773,10.549999999999955,15.689285714285704,5176502.15,Buy
433,2024-04-03T00:00:00+05:30,629.85,630.0,620.4,624.1,3822465,1.3274193547603557,626.1994521341795,618.2220269081971,7.977425225982415,8.30153641727254,9.600000000000023,1.8999999999999773,11.5,11.5,15.457142857142847,5359028.65,Sell
434,2024-04-04T00:00:00+05:30,625.0,626.5,618.1,622.4,3858229,1.2306431228687555,625.6149210366134,618.5315063964788,7.083414640134606,8.057912061844954,8.399999999999977,2.3999999999999773,6.0,8.399999999999977,14.439285714285697,5188290.75,No Signal
435,2024-04-05T00:00:00+05:30,621.0,630.45,616.3,629.4,3860995,1.052644120818601,626.1972408771344,619.3365799967396,6.860660880394789,7.818461825554921,14.150000000000091,8.050000000000068,6.100000000000023,14.150000000000091,13.571428571428564,5164225.0,No Signal
436,2024-04-08T00:00:00+05:30,630.0,635.9,626.55,634.6,3403360,0.9963691926873682,627.4899730498829,620.4672037006848,7.022769349198143,7.659323330283566,9.350000000000023,6.5,2.8500000000000227,9.350000000000023,12.56071428571428,5089563.1,No Signal
437,2024-04-09T00:00:00+05:30,639.0,639.15,632.65,633.95,2873703,1.0139160992613419,628.483823349901,621.4659293524859,7.017893997415058,7.531037463709866,6.5,4.5499999999999545,1.9500000000000455,6.5,12.432142857142853,5049145.1,No Signal
438,2024-04-10T00:00:00+05:30,636.0,637.1,620.0,621.5,6753666,1.029046952288727,627.4093889883777,621.4684531041536,5.940935884224132,7.213017147812719,17.100000000000023,3.1499999999999773,13.950000000000045,17.100000000000023,12.714285714285714,5197966.3,No Signal
439,2024-04-12T00:00:00+05:30,621.0,624.0,616.25,618.5,5081775,1.0625544719496294,626.0387137593965,621.2485676890311,4.790146070365381,6.728442932323252,7.75,2.5,5.25,7.75,12.332142857142856,5203268.25,No Signal
440,2024-04-15T00:00:00+05:30,610.05,616.5,604.1,612.95,2594888,1.0111598765566383,624.0250654887201,620.6338589713251,3.3912065173949486,6.060995649337592,12.399999999999977,2.0,14.399999999999977,14.399999999999977,12.003571428571425,5191004.9,No Signal
441,2024-04-16T00:00:00+05:30,609.05,611.1,602.2,604.85,1943187,1.3086219422897976,621.0750554135324,619.4646842327085,1.610371180823904,5.170870755634855,8.899999999999977,1.8500000000000227,10.75,10.75,11.867857142857142,5100633.15,No Signal
442,2024-04-18T00:00:00+05:30,618.0,624.0,604.15,605.65,11984298,1.4898974352068814,618.7019699652966,618.4413742895449,0.26059567575168785,4.188815739658222,19.850000000000023,19.149999999999977,0.7000000000000455,19.850000000000023,11.932142857142862,5455045.6,No Signal
443,2024-04-19T00:00:00+05:30,600.0,600.85,581.1,595.1,6224194,1.842063902772315,615.0708976629433,616.7123836014305,-1.6414859384872216,3.0227554040291333,19.75,4.7999999999999545,24.549999999999955,24.549999999999955,12.660714285714286,5620675.85,No Signal
444,2024-04-22T00:00:00+05:30,601.85,608.85,598.1,605.95,3076888,1.87465730674047,613.667682637875,615.9151700013246,-2.2474873634495225,1.9687068505334022,10.75,13.75,3.0,13.75,12.757142857142858,5581466.85,No Signal
445,2024-04-23T00:00:00+05:30,606.05,609.15,598.0,601.15,4527775,2.027240082480569,611.7418853089712,614.8214537049301,-3.0795683959589724,0.9590518012349274,11.149999999999977,3.199999999999932,7.9500000000000455,11.149999999999977,12.839285714285714,5722232.65,No Signal
446,2024-04-24T00:00:00+05:30,600.05,601.1,593.0,594.2,4095087,2.2741975707337767,609.0431337229757,613.2939386156761,-4.250804892700444,-0.0829195375521468,8.100000000000023,0.049999999999954525,8.149999999999977,8.149999999999977,12.667857142857144,5567121.0,No Signal
447,2024-04-25T00:00:00+05:30,595.45,596.4,585.6,594.7,6150372,2.439235222872681,606.8364977655948,611.9166098293297,-5.080112063734873,-1.082358042788692,10.799999999999955,2.199999999999932,8.600000000000023,10.799999999999955,12.617857142857142,5692802.95,No Signal
448,2024-04-26T00:00:00+05:30,597.0,603.4,587.0,587.85,3094364,2.6815975031203885,603.9154981093494,610.1338979901201,-6.218399880770676,-2.109566410385089,16.399999999999977,8.699999999999932,7.7000000000000455,16.399999999999977,13.189285714285713,5156391.25,No Signal
449,2024-04-29T00:00:00+05:30,590.0,591.95,571.0,575.1,8879207,3.120965568207592,599.4823445540649,607.5387944352964,-8.056449881231515,-3.2989431045543745,20.950000000000045,4.100000000000023,16.850000000000023,20.950000000000045,13.674999999999995,4907903.95,Sell
450,2024-04-30T00:00:00+05:30,576.55,588.5,576.05,583.65,9926485,3.1579091833113164,597.0465992380549,605.7692541067559,-8.722654868700943,-4.383685457383688,12.450000000000045,13.399999999999977,0.9499999999999318,13.399999999999977,13.964285714285706,5060280.0,Sell
451,2024-05-02T00:00:00+05:30,584.3,586.55,573.4,576.35,8292342,3.300499061729487,593.8625070475849,603.590050098848,-9.72754305126307,-5.4524569761595645,13.149999999999977,2.8999999999999773,10.25,13.149999999999977,14.439285714285704,5281159.9,Sell
452,2024-05-03T00:00:00+05:30,581.8,581.8,565.25,565.9,8574215,3.5845253375199273,589.560582886418,600.7981945359704,-11.237611649552377,-6.609487910838127,16.549999999999955,5.449999999999932,11.100000000000023,16.549999999999955,14.399999999999986,5450874.75,Sell
453,2024-05-06T00:00:00+05:30,569.9,569.9,550.2,555.05,8759027,4.055197949489951,584.2512624423538,597.4094393851578,-13.158176942804062,-7.919225717231314,19.699999999999932,4.0,15.699999999999932,19.699999999999932,15.253571428571409,5697702.85,Sell
454,2024-05-07T00:00:00+05:30,559.5,561.95,549.6,552.35,7783593,4.411466785734606,579.3433759127608,594.0717031344054,-14.728327221644577,-9.281046018113967,12.350000000000023,6.900000000000091,5.449999999999932,12.350000000000023,15.107142857142842,5893971.05,Sell
455,2024-05-08T00:00:00+05:30,552.1,553.95,548.0,550.45,6715043,4.595082460073634,574.8982411569515,590.8404658651903,-15.942224708238768,-10.613281756138928,5.9500000000000455,1.6000000000000227,4.350000000000023,5.9500000000000455,14.764285714285702,6036673.45,Sell
456,2024-05-09T00:00:00+05:30,551.05,551.9,538.0,539.55,13570152,4.83369372943287,569.4600502097281,587.0411720973984,-17.581121887670292,-12.006849782445201,13.899999999999977,1.4499999999999318,12.450000000000045,13.899999999999977,14.339285714285698,6545013.05,Sell
457,2024-05-10T00:00:00+05:30,542.8,553.8,539.55,548.55,7524779,4.606059335850241,566.2431194082315,584.1899741642578,-17.94685475602637,-13.194850777161435,14.25,14.25,0.0,14.25,13.603571428571415,6777566.85,Sell
458,2024-05-13T00:00:00+05:30,553.8,568.45,547.15,559.65,7867089,4.334927362439866,565.2287933454267,582.3721983002387,-17.143404954812013,-13.98456161269155,21.300000000000068,19.90000000000009,1.3999999999999773,21.300000000000068,14.142857142857135,6833238.0,Sell
459,2024-05-14T00:00:00+05:30,566.0,568.0,560.0,561.55,5348599,4.092624943024732,564.6628251384379,580.8298132409617,-16.16698810252376,-14.421046910657992,8.0,8.350000000000023,0.35000000000002274,8.350000000000023,13.942857142857138,6846579.2,Sell
460,2024-05-15T00:00:00+05:30,561.55,562.0,556.05,557.3,1877926,3.936910663779452,563.5300828094474,579.0868641120015,-15.5567813025541,-14.648193789037215,5.9500000000000455,0.4500000000000455,5.5,5.9500000000000455,13.785714285714286,6810731.1,Sell
461,2024-05-16T00:00:00+05:30,557.0,568.2,550.7,567.05,4543902,3.6866111062831672,564.0716085310709,578.1952445481496,-14.123636017078752,-14.543282234645524,17.5,10.900000000000091,6.599999999999909,17.5,14.264285714285718,6940766.85,Buy
462,2024-05-17T00:00:00+05:30,567.05,572.0,561.45,570.2,3992575,3.424147168620243,565.0144379878292,577.6030042112496,-12.588566223420457,-14.152339032400512,10.549999999999955,4.9500000000000455,5.599999999999909,10.549999999999955,13.846428571428573,6541180.7,Buy
463,2024-05-18T00:00:00+05:30,570.05,571.95,566.75,569.2,145272,3.296113812198451,565.6583706050862,576.9805594548608,-11.322188849774534,-13.586308995875317,5.2000000000000455,1.75,3.4500000000000455,5.2000000000000455,12.721428571428573,6237234.6,No Signal
464,2024-05-21T00:00:00+05:30,569.4,570.0,563.05,565.6,5583840,2.9798121126740726,565.6493905119961,576.137555050797,-10.488164538800902,-12.966680104460435,6.9500000000000455,0.7999999999999545,6.150000000000091,6.9500000000000455,12.260714285714291,6362582.2,No Signal
465,2024-05-22T00:00:00+05:30,565.6,566.8,559.65,560.4,3820060,2.695544401831283,564.841791971689,574.9718102322195,-10.130018260530505,-12.39934773567445,7.149999999999977,1.1999999999999318,5.9500000000000455,7.149999999999977,11.832142857142864,6327196.45,No Signal
466,2024-05-23T00:00:00+05:30,564.0,569.2,558.05,565.65,7106820,2.413617173649632,564.9661316683522,574.2813057705736,-9.315174102221363,-11.782513008983834,11.150000000000091,8.800000000000068,2.3500000000000227,11.150000000000091,11.446428571428587,6477783.1,No Signal
467,2024-05-24T00:00:00+05:30,565.0,571.8,563.45,565.1,3433290,2.0834234111704566,564.9867267962981,573.6012090468274,-8.614482250529363,-11.14890685729294,8.349999999999909,6.149999999999977,2.199999999999932,8.349999999999909,10.6357142857143,6341929.0,No Signal
468,2024-05-27T00:00:00+05:30,565.2,569.3,562.1,564.25,2624929,1.8313448269646506,564.8733842122522,572.9085268952106,-8.035142682958394,-10.526154022426033,7.199999999999932,4.199999999999932,3.0,7.199999999999932,10.267857142857151,6318457.25,No Signal
469,2024-05-28T00:00:00+05:30,567.0,579.95,563.65,578.45,5797999,1.8273514354111897,566.9620943334442,573.3190063844543,-6.356912051010113,-9.692305628142849,16.300000000000068,15.700000000000045,0.6000000000000227,16.300000000000068,11.007142857142867,6164396.85,No Signal
470,2024-05-29T00:00:00+05:30,578.45,578.45,560.9,561.85,6259646,1.6665654496079596,566.175618282145,572.4694503559762,-6.29383207383114,-9.012610917280508,17.550000000000068,0.0,17.550000000000068,17.550000000000068,11.267857142857158,5981054.9,No Signal
471,2024-05-30T00:00:00+05:30,552.75,563.85,548.25,550.75,6312875,1.6344147029698404,563.8024462387381,570.8606021814594,-7.058155942721328,-8.621719922368673,15.600000000000023,2.0,13.600000000000023,15.600000000000023,11.364285714285732,5882081.55,No Signal
472,2024-05-31T00:00:00+05:30,551.9,556.3,546.55,549.85,9707990,1.6736532853428017,561.655916048163,569.304261279129,-7.648345230966015,-8.427044984088141,9.75,5.5499999999999545,4.2000000000000455,9.75,10.539285714285727,5938770.3,No Signal
473,2024-06-03T00:00:00+05:30,568.95,569.25,547.05,550.1,9263670,1.7082413846281996,559.8780828099841,567.8817234066009,-8.003640596616833,-8.34236410659388,22.200000000000045,19.399999999999977,2.800000000000068,22.200000000000045,11.528571428571443,5964002.45,No Signal
474,2024-06-04T00:00:00+05:30,555.0,555.0,511.4,534.45,9783762,2.0290190279092695,555.9660700699866,565.4052994505564,-9.439229380569827,-8.56173716138907,43.60000000000002,4.899999999999977,38.700000000000045,43.60000000000002,14.217857142857156,6064010.9,Sell
475,2024-06-05T00:00:00+05:30,540.0,554.3,536.1,551.95,3234914,1.954988613698127,555.3482131361425,564.408610602367,-9.060397466224572,-8.661469222356171,18.199999999999932,19.84999999999991,1.6499999999999773,19.84999999999991,14.385714285714291,5890004.45,Sell
476,2024-06-06T00:00:00+05:30,555.0,558.75,550.4,555.25,3970217,1.7767252629064756,555.3331034228898,563.7301950021917,-8.3970915793019,-8.608593693745318,8.350000000000023,6.7999999999999545,1.5500000000000682,8.350000000000023,14.22857142857144,5410007.7,Buy
477,2024-06-07T00:00:00+05:30,555.05,563.6,553.5,562.95,3382962,1.6974163985742423,556.5049336655222,563.6724027798072,-7.167469114284927,-8.32036877785324,10.100000000000023,8.350000000000023,1.75,10.100000000000023,14.578571428571438,5202916.85,Buy
478,2024-06-10T00:00:00+05:30,563.25,574.55,561.3,569.2,3863289,1.7163279069921749,558.4580207939034,564.0818544257473,-5.623833631843922,-7.781061748651377,13.25,11.599999999999909,1.650000000000091,13.25,15.028571428571436,5002726.85,Buy
479,2024-06-11T00:00:00+05:30,571.5,576.9,566.2,571.7,6417670,1.7635769885724784,560.4952483640722,564.6461615053216,-4.150913141249475,-7.055032027170997,10.699999999999932,7.699999999999932,3.0,10.699999999999932,15.28214285714286,5056180.4,Buy
480,2024-06-12T00:00:00+05:30,571.7,577.75,569.6,572.7,4304369,1.809677445074239,562.3729024619072,565.242742134557,-2.869839672649846,-6.217993556266767,8.149999999999977,6.0499999999999545,2.1000000000000227,8.149999999999977,15.067857142857138,5177502.55,Buy
481,2024-06-13T00:00:00+05:30,565.0,598.4,565.0,593.5,24352341,2.1106587662383545,567.1616866985369,567.335872346812,-0.17418564827517002,-5.009231974668448,33.39999999999998,25.699999999999932,7.7000000000000455,33.39999999999998,16.857142857142858,6167924.5,Buy
482,2024-06-14T00:00:00+05:30,599.15,601.8,594.05,598.35,7308942,2.4642838898466057,571.9598887449158,569.6332151359371,2.3266736089786946,-3.5420508579390195,7.75,8.299999999999955,0.5499999999999545,8.299999999999955,16.935714285714287,6333742.85,Buy
483,2024-06-18T00:00:00+05:30,596.85,605.0,591.8,601.2,5120280,2.804281389229928,576.4583673995442,571.971495496238,4.48687190330611,-1.9362663056899938,13.200000000000045,6.649999999999977,6.550000000000068,13.200000000000045,16.714285714285715,6582493.25,Buy
484,2024-06-19T00:00:00+05:30,602.1,605.15,592.35,596.2,4453729,3.043453206841773,579.4955416457682,573.7661995335537,5.729342112214454,-0.40314462210910434,12.799999999999955,3.949999999999932,8.850000000000023,12.799999999999955,16.374999999999993,6525987.7,Buy
485,2024-06-20T00:00:00+05:30,596.2,597.5,582.7,590.1,6133067,3.172845752767043,581.1269967771884,574.9761106792164,6.150886097972034,0.9076615219071235,14.799999999999955,1.2999999999999545,13.5,14.799999999999955,16.31785714285713,6641638.05,Buy
486,2024-06-21T00:00:00+05:30,588.0,592.6,580.0,580.95,7263396,3.2503886374970756,581.0997665037748,575.4186209992745,5.681145504500364,1.8623583184257717,12.600000000000023,2.5,10.100000000000023,12.600000000000023,16.52142857142856,6649466.85,Buy
487,2024-06-24T00:00:00+05:30,580.0,582.45,575.65,579.5,3226301,3.2723270260268493,580.8536485801171,575.7209453696986,5.132703210418526,2.5164272968243226,6.800000000000068,1.5,5.300000000000068,6.800000000000068,15.421428571428562,6639117.4,Buy
488,2024-06-25T00:00:00+05:30,579.0,592.25,576.95,590.95,6593288,3.286609102452493,582.4069334139452,576.8490234904617,5.557909923483521,3.1247238221561626,15.299999999999955,12.75,2.5499999999999545,15.299999999999955,13.399999999999986,6837535.35,No Signal
489,2024-06-26T00:00:00+05:30,591.65,599.0,587.2,589.05,3672989,3.352760128372868,583.4289436579537,577.7527995282053,5.6761441297484225,3.6350078836746147,11.799999999999955,8.049999999999955,3.75,11.799999999999955,12.824999999999989,6731284.85,No Signal
490,2024-06-27T00:00:00+05:30,589.05,595.0,586.6,593.25,4772196,3.388268001843827,584.9398754028839,578.9007403038938,6.039135098990073,4.1158333267377065,8.399999999999977,5.9500000000000455,2.449999999999932,8.399999999999977,12.828571428571413,6656912.35,No Signal
491,2024-06-28T00:00:00+05:30,594.0,599.8,590.0,595.05,3646272,3.3327841551261312,586.4952791870556,580.0969817628646,6.398297424191014,4.572326146228368,9.799999999999955,6.5499999999999545,3.25,9.799999999999955,12.807142857142837,6523582.2,No Signal
492,2024-07-01T00:00:00+05:30,590.15,603.05,589.6,600.75,3342913,3.249375817879749,588.6883131582779,581.6268349656154,7.061478192662435,5.070156555515182,13.449999999999932,8.0,5.449999999999932,13.449999999999932,12.821428571428546,6205328.35,No Signal
493,2024-07-02T00:00:00+05:30,603.7,603.75,586.5,589.8,6477279,3.124872378342259,588.8593419031582,582.2322545977921,6.6270873053661035,5.381542705485367,17.25,3.0,14.25,17.25,13.289285714285695,6066008.8,No Signal
494,2024-07-03T00:00:00+05:30,592.4,598.85,590.5,596.15,2134587,2.5368637412665587,589.9809816103647,583.2631987016593,6.717782908705317,5.648790746129357,8.350000000000023,9.050000000000068,0.7000000000000455,9.050000000000068,13.353571428571415,5683550.05,No Signal
495,2024-07-04T00:00:00+05:30,596.0,607.3,594.3,603.95,5028421,2.275615068805762,592.1300613626163,584.7955543533883,7.334507009227991,5.9859339987490845,13.0,11.149999999999977,1.8500000000000227,13.0,11.89642857142856,5773225.4,No Signal
496,2024-07-05T00:00:00+05:30,606.2,608.8,600.65,607.35,3493050,2.037096992768851,594.4715903837523,586.4662540309151,8.005336352837162,6.3898144695667005,8.149999999999977,4.849999999999909,3.300000000000068,8.149999999999977,11.885714285714275,5749367.05,No Signal
497,2024-07-08T00:00:00+05:30,609.0,622.05,608.6,620.9,6800857,2.0452967952987757,598.5374995554827,589.016901880477,9.52059767500566,7.015971110654493,13.449999999999932,14.699999999999932,1.25,14.699999999999932,11.992857142857124,5920261.8,No Signal
498,2024-07-09T00:00:00+05:30,622.0,629.35,620.9,623.65,5000797,2.1432439708084083,602.4009611623314,591.5823165559972,10.81864460633426,7.7765058097904465,8.450000000000045,8.450000000000045,0.0,8.450000000000045,11.682142857142846,5977137.2,No Signal
499,2024-07-10T00:00:00+05:30,624.0,640.75,615.6,632.75,6186968,2.3273898742843246,607.0700440604343,594.6317745888863,12.438269471547983,8.708858542141954,25.149999999999977,17.100000000000023,8.049999999999955,25.149999999999977,12.421428571428562,5965602.1,No Signal
500,2024-07-11T00:00:00+05:30,635.95,636.6,629.3,634.25,3573349,2.461000903393352,611.2515757434444,597.5664579526725,13.68511779077187,9.704110391867937,7.300000000000068,3.8500000000000227,3.4500000000000455,7.300000000000068,12.042857142857136,5929051.1,No Signal
501,2024-07-12T00:00:00+05:30,634.0,636.4,627.1,635.55,2643647,2.722418055874555,614.9897948598375,600.3800536598819,14.609741199955579,10.685236553485465,9.299999999999955,2.1499999999999773,7.149999999999977,9.299999999999955,12.221428571428557,4843616.4,No Signal
502,2024-07-15T00:00:00+05:30,635.55,648.0,630.5,638.05,6951688,2.96875878702259,618.5375187275548,603.1704200554462,15.367098672108568,11.621608977210087,17.5,12.450000000000045,5.0499999999999545,17.5,12.378571428571417,4825753.7,No Signal
503,2024-07-16T00:00:00+05:30,642.0,655.0,633.35,646.75,9167071,3.259752244998427,622.8779004617771,606.3985370883762,16.47936337340093,12.593159856448256,21.649999999999977,16.950000000000045,4.699999999999932,21.649999999999977,13.082142857142847,5028093.25,No Signal
504,2024-07-18T00:00:00+05:30,646.75,651.4,641.1,648.9,3975243,3.5210977928448335,626.8813003907345,609.5467936003483,17.334506790386172,13.54142924323584,10.299999999999955,4.649999999999977,5.649999999999977,10.299999999999955,13.217857142857131,5004168.95,Buy
505,2024-07-19T00:00:00+05:30,644.65,646.0,634.15,635.9,2496778,3.6256588912377437,628.2687926383138,611.4988829632855,16.769909675028316,14.187125329594336,11.850000000000023,2.8999999999999773,14.75,14.75,13.571428571428564,4822354.5,Buy
506,2024-07-22T00:00:00+05:30,631.9,641.0,628.95,637.4,3854108,3.5268675727133596,629.6735937708809,613.4174842252644,16.256109545616482,14.600922172798766,12.049999999999955,5.100000000000023,6.949999999999932,12.049999999999955,13.471428571428564,4651890.1,Buy
507,2024-07-23T00:00:00+05:30,642.0,649.7,623.25,643.95,9082995,3.3746767155359123,631.8699639599761,615.6791520604299,16.190811899546134,14.91890011814824,26.450000000000045,12.300000000000068,14.149999999999977,26.450000000000045,14.128571428571425,4944724.8,Buy
508,2024-07-24T00:00:00+05:30,639.6,675.0,639.3,672.8,12377638,3.5556643534125474,638.1668925815183,619.9103259818796,18.25656659963863,15.58643341444632,35.700000000000045,31.049999999999955,4.650000000000091,35.700000000000045,16.03214285714285,5233942.3,Buy
509,2024-07-25T00:00:00+05:30,666.0,685.6,665.55,683.15,9386864,3.8327662948240615,645.0873706459,624.5947462795182,20.492624366381847,16.567671604833425,20.050000000000068,12.800000000000068,7.25,20.050000000000068,16.535714285714285,5519636.05,Buy
510,2024-07-26T00:00:00+05:30,683.15,709.8,682.05,703.35,8933046,4.266154371090885,654.0508520849924,630.4284687773317,23.622383307660698,17.97861394539888,27.75,26.649999999999977,1.1000000000000227,27.75,17.935714285714287,5727678.55,Buy
511,2024-07-29T00:00:00+05:30,703.55,710.0,693.75,696.85,4676765,4.576373167490151,660.6353363796089,635.3485822012331,25.286754178375872,19.44024199199428,16.25,6.649999999999977,9.600000000000023,16.25,18.046428571428578,5779203.2,Buy
512,2024-07-30T00:00:00+05:30,696.1,708.35,683.9,697.2,6134510,4.774126787804095,666.2606692442845,639.9301687048454,26.330500539439072,20.818293701483242,24.450000000000045,11.5,12.950000000000045,24.450000000000045,19.18928571428572,5918783.05,Buy
513,2024-07-31T00:00:00+05:30,697.2,719.0,693.1,715.5,6683204,4.844574504915445,673.83595089901,645.5279339859679,28.308016913042024,22.316238343795,25.899999999999977,21.799999999999955,4.100000000000023,25.899999999999977,19.24285714285715,5929079.3,Buy
514,2024-08-01T00:00:00+05:30,715.0,722.5,710.05,713.6,4074648,4.937318679571682,679.9534969145469,650.5703092462666,29.383187668280357,23.729628208692073,12.450000000000045,7.0,5.4500000000000455,12.450000000000045,19.61071428571429,6026082.35,Buy
515,2024-08-02T00:00:00+05:30,707.5,712.75,699.05,707.4,2710858,4.9476872179315246,684.1760358507705,654.7799159687653,29.396119882005223,24.862926543354703,13.700000000000045,0.8500000000000227,14.550000000000068,14.550000000000068,19.985714285714298,5910204.2,Buy
516,2024-08-05T00:00:00+05:30,693.0,713.9,690.05,710.9,9327217,4.852146176119645,688.287414950652,658.9369592303383,29.350455720313676,25.7604323787465,23.850000000000023,6.5,17.350000000000023,23.850000000000023,20.439285714285727,6201912.55,Buy
517,2024-08-06T00:00:00+05:30,711.65,719.0,677.3,679.6,6106310,4.858011537712216,686.9508895736286,660.4675548429059,26.48333473072273,25.905012849141748,41.700000000000045,8.100000000000023,33.60000000000002,41.700000000000045,21.87142857142859,6167185.2,Buy
518,2024-08-07T00:00:00+05:30,682.1,697.7,682.1,696.25,5154327,4.577068486917832,688.3815219469166,663.118106336024,25.263415610892594,25.77669340149192,15.600000000000023,18.100000000000023,2.5,18.100000000000023,22.428571428571452,6174861.7,Sell
519,2024-08-08T00:00:00+05:30,691.1,713.2,689.7,710.35,5953315,4.451895812419832,691.7612878012371,666.6167651259482,25.144522675288954,25.650259256251328,23.5,16.950000000000045,6.5499999999999545,23.5,23.053571428571452,6163179.05,Sell
520,2024-08-09T00:00:00+05:30,714.2,715.0,701.45,702.4,2848313,4.358472765998386,693.398012754893,669.2673751166187,24.130637638274266,25.346334932655918,13.549999999999955,4.649999999999977,8.899999999999977,13.549999999999955,23.16071428571431,6126927.25,Sell
521,2024-08-12T00:00:00+05:30,698.6,713.65,692.2,702.45,3723417,4.166214760851861,694.7906261772172,671.7253473302026,23.06527884701461,24.890123715527658,21.449999999999932,11.25,10.199999999999932,21.449999999999932,22.803571428571445,6180915.75,Sell
522,2024-08-13T00:00:00+05:30,698.1,707.3,677.5,685.0,5741391,3.994785811621809,693.2843759961069,672.7086549353728,20.575721060734054,24.02724318456894,29.799999999999955,4.849999999999909,24.950000000000045,29.799999999999955,22.382142857142867,6120400.9,Sell
523,2024-08-14T00:00:00+05:30,686.0,690.6,676.4,686.35,2962358,3.771071210181235,692.2175489197828,673.71912494016,18.49842397962277,22.921479343579705,14.200000000000045,5.600000000000023,8.600000000000023,14.200000000000045,21.964285714285722,5810165.25,Sell
524,2024-08-16T00:00:00+05:30,664.65,690.6,664.65,689.4,4584181,3.528662937252175,691.7840798552008,674.8806712408889,16.903408614311957,21.717865197726155,25.950000000000045,4.25,21.700000000000045,25.950000000000045,21.835714285714296,5840612.15,Sell
525,2024-08-19T00:00:00+05:30,689.4,689.4,678.5,685.7,2352893,3.0594484844613006,690.8480675697854,675.6821030008231,15.165964568962295,20.407485071973383,10.899999999999977,0.0,10.899999999999977,10.899999999999977,21.45357142857144,5833417.9,Sell
526,2024-08-20T00:00:00+05:30,687.0,713.0,684.05,710.6,6828474,2.417736077412075,693.886826405203,678.268613889651,15.618212515552045,19.449630560689116,28.950000000000045,27.299999999999955,1.650000000000091,28.950000000000045,21.77500000000001,5982136.2,Sell
527,2024-08-21T00:00:00+05:30,714.35,727.6,708.65,724.55,6186935,1.9020315307634528,698.6042377274795,681.6968647126398,16.907373014839663,18.941179051519224,18.950000000000045,17.0,1.9500000000000455,18.950000000000045,21.278571428571443,5837333.2,Sell
528,2024-08-22T00:00:00+05:30,726.0,729.9,720.05,726.0,3889249,1.881366388868315,702.8189703847903,684.9785784376295,17.84039194716081,18.72102163064754,9.850000000000023,5.350000000000023,4.5,9.850000000000023,21.092857142857156,5412913.75,Sell
529,2024-08-23T00:00:00+05:30,725.0,730.5,723.45,729.0,3898989,1.9589002594580678,706.8468210948225,688.2394244792865,18.607396615536004,18.698296627625236,7.0499999999999545,4.5,2.5499999999999545,7.0499999999999545,20.55714285714286,5138520.0,No Signal
530,2024-08-26T00:00:00+05:30,734.0,734.0,719.25,725.65,2131814,2.0815507943638276,709.7396178494652,691.0105782215616,18.729039627903603,18.70444522768091,14.75,5.0,9.75,14.75,19.907142857142862,4798458.4,No Signal
531,2024-08-27T00:00:00+05:30,724.0,742.45,719.3,739.55,5627130,2.2781876059530335,714.3258304880089,694.6060909458903,19.719739542118646,18.90750409056846,23.15000000000009,16.800000000000068,6.350000000000023,23.15000000000009,18.582142857142863,4845976.65,No Signal
532,2024-08-28T00:00:00+05:30,739.95,746.55,734.05,742.1,2995930,2.480883927054478,718.5987796436999,698.1241582832317,20.474621360468177,19.220927544548402,12.5,7.0,5.5,12.5,18.18214285714286,4689047.65,No Signal
533,2024-08-29T00:00:00+05:30,740.0,748.5,731.85,736.9,3962913,2.632185334177737,721.4143520062077,700.9964428548442,20.41790915136346,19.460323865911416,16.649999999999977,6.399999999999977,10.25,16.649999999999977,17.692857142857147,4553033.1,No Signal
534,2024-08-30T00:00:00+05:30,736.9,742.7,733.5,738.7,6227807,2.763544435542924,724.0736824667911,703.7892989396705,20.284383527120553,19.625135798153245,9.200000000000045,5.800000000000068,3.3999999999999773,9.200000000000045,17.382142857142867,4660691.05,No Signal
535,2024-09-02T00:00:00+05:30,743.15,754.0,739.85,745.3,3073926,2.916357378832124,727.3392697795924,706.86416568488,20.47510409471238,19.795129457465073,14.149999999999977,15.299999999999955,1.1499999999999773,15.299999999999955,16.942857142857154,4678844.45,No Signal
536,2024-09-03T00:00:00+05:30,754.0,761.2,741.65,758.75,6268050,3.159362516746004,732.1716898135013,710.7075608193334,21.464128994167936,20.128929364805646,19.550000000000068,15.900000000000091,3.6499999999999773,19.550000000000068,16.210714285714307,4525886.1,No Signal
537,2024-09-04T00:00:00+05:30,751.7,759.45,748.4,758.8,3031650,3.1931171867994315,736.2683529191165,714.269963721605,21.99838919751153,20.502821331346823,11.050000000000068,0.7000000000000455,10.350000000000023,11.050000000000068,15.985714285714307,4372153.1,No Signal
538,2024-09-05T00:00:00+05:30,758.0,758.65,750.4,751.85,1759438,3.2699953412827742,738.6655293930986,717.0536701125973,21.611859280501335,20.724628921177725,8.25,0.14999999999997726,8.399999999999977,8.399999999999977,14.732142857142874,4202408.65,No Signal
539,2024-09-06T00:00:00+05:30,750.0,754.1,736.05,738.4,2765612,3.339333315500597,738.6246787172373,718.6348797338864,19.989798983350965,20.577662933612373,18.050000000000068,2.25,15.800000000000068,18.050000000000068,15.242857142857165,4043023.5,No Signal
540,2024-09-09T00:00:00+05:30,735.1,749.0,731.25,735.8,2635184,3.2963539565263793,738.1901127607392,719.9063701239688,18.2837426367704,20.11887887424398,17.75,10.600000000000023,7.149999999999977,17.75,14.442857142857163,4032367.05,No Signal
541,2024-09-10T00:00:00+05:30,730.0,732.15,701.2,702.9,7366304,3.4474635612757805,732.7608646437025,718.6466390036749,14.114225640027598,18.917948227400704,30.949999999999932,3.6499999999999773,34.59999999999991,34.59999999999991,15.560714285714296,4214511.4,No Signal
542,2024-09-11T00:00:00+05:30,701.0,704.3,696.0,700.15,4604184,3.3004557506903724,727.7438085446713,717.2765175959953,10.467290948676009,17.227816771655764,8.299999999999955,1.3999999999999773,6.899999999999977,8.299999999999955,15.450000000000005,4157651.05,No Signal
543,2024-09-12T00:00:00+05:30,703.15,715.95,698.3,714.55,3487862,2.985502495131187,725.7139918454911,717.0745533296252,8.63943851586589,15.51014112049779,17.65000000000009,15.800000000000068,1.8500000000000227,17.65000000000009,16.207142857142873,4183926.25,No Signal
544,2024-09-13T00:00:00+05:30,712.0,713.75,703.15,705.4,1886832,2.847058594282175,722.5887623308001,716.2097716015048,6.37899072929531,13.683911042257295,10.600000000000023,0.7999999999999545,11.399999999999977,11.399999999999977,15.967857142857156,4049058.8,No Signal
545,2024-09-16T00:00:00+05:30,708.85,709.2,698.0,701.35,2754818,2.6484159288588667,719.321260433754,715.1090477791712,4.2122126545828,11.789571364722397,11.200000000000045,3.800000000000068,7.399999999999977,11.200000000000045,15.114285714285725,4069155.05,No Signal
546,2024-09-17T00:00:00+05:30,701.35,702.9,691.55,698.9,2985585,2.770444454555269,716.1795280593303,713.9083775733067,2.2711504860236573,9.88588718898265,11.350000000000023,1.5499999999999545,9.800000000000068,11.350000000000023,15.032142857142869,3877010.6,No Signal
547,2024-09-18T00:00:00+05:30,698.9,705.2,693.4,698.8,1527865,2.9306140620792505,713.5057545117411,712.7892384938025,0.7165160179386021,8.052012954773842,11.800000000000068,6.300000000000068,5.5,11.800000000000068,14.685714285714303,3644057.1,No Signal
548,2024-09-19T00:00:00+05:30,700.35,708.1,697.75,701.5,2202499,3.034467610630096,711.6587153560886,711.9529986053727,-0.29428324928414895,6.382753713962244,10.350000000000023,9.300000000000068,1.0499999999999545,10.350000000000023,14.767857142857158,3559719.6,No Signal
549,2024-09-20T00:00:00+05:30,702.0,721.0,702.0,711.1,7891171,3.0288928259462486,711.5727591474596,711.8898135234932,-0.3170543760336386,5.042792095963068,19.0,19.5,0.5,19.5,15.067857142857163,3759328.7,No Signal
550,2024-09-23T00:00:00+05:30,718.85,730.0,714.05,727.5,2943802,2.9613620979542414,714.0231038940043,713.0461236328641,0.9769802611401701,4.229629728998488,15.950000000000045,18.899999999999977,2.949999999999932,18.899999999999977,15.021428571428585,3799928.1,No Signal
551,2024-09-24T00:00:00+05:30,727.5,728.95,715.15,720.7,3212859,2.9560114668401747,715.0503186795421,713.6130774378372,1.4372412417048963,3.67115203153977,13.800000000000068,1.4500000000000455,12.350000000000023,13.800000000000068,15.217857142857156,3679214.55,No Signal
552,2024-09-25T00:00:00+05:30,722.0,723.1,710.1,716.55,1096265,2.924358756877763,715.2810388826895,713.8306272572567,1.450411625432821,3.2270039503183803,13.0,2.3999999999999773,10.600000000000023,13.0,15.546428571428587,3584231.3,No Signal
553,2024-09-26T00:00:00+05:30,716.55,732.0,714.3,729.55,2797065,2.846286062285644,717.476263669968,714.9950252382006,2.4812384317674514,3.077850846608195,17.700000000000045,15.450000000000045,2.25,17.700000000000045,15.521428571428585,3525938.9,Sell
554,2024-09-27T00:00:00+05:30,729.45,740.65,726.35,730.2,4567661,2.808616626783539,719.433761566896,716.1213196650006,3.312441901895454,3.124769057665647,14.299999999999955,11.100000000000023,3.199999999999932,14.299999999999955,15.27500000000001,3442931.6,No Signal
555,2024-09-30T00:00:00+05:30,735.0,736.35,716.0,718.0,2488795,2.7577433490868835,719.2131828642966,716.2604811712968,2.952701692999881,3.090355584732494,20.350000000000023,6.149999999999977,14.200000000000045,20.350000000000023,14.257142857142876,3413675.05,No Signal
556,2024-10-01T00:00:00+05:30,716.0,723.35,706.6,710.2,1987048,2.507712486034596,717.8265393467126,715.8115566400896,2.014982706622959,2.875281009110587,16.75,5.350000000000023,11.399999999999977,16.75,14.860714285714307,3199624.95,No Signal
557,2024-10-03T00:00:00+05:30,696.55,711.95,696.5,702.25,2542774,2.1961247834879556,715.4301486779876,714.8069968889719,0.6231517890157647,2.424855165091623,15.450000000000045,1.75,13.700000000000045,15.450000000000045,14.703571428571447,3175181.15,No Signal
558,2024-10-04T00:00:00+05:30,702.25,713.5,701.55,708.8,2616851,1.8235792344108,714.410125804451,714.3620341564555,0.048091647995534004,1.9495024616724053,11.950000000000045,11.25,0.7000000000000455,11.950000000000045,14.742857142857165,3218051.8,No Signal
559,2024-10-07T00:00:00+05:30,711.65,719.3,702.9,705.85,3474485,1.6471574898219308,713.093183372997,713.7315131078292,-0.6383297348321548,1.4319360223714934,16.399999999999977,10.5,5.899999999999977,16.399999999999977,15.114285714285732,3253495.45,No Signal
560,2024-10-08T00:00:00+05:30,700.5,712.55,699.8,710.1,3767320,1.434902035979962,712.6326936233052,713.4625121368789,-0.8298185135737413,0.9795851151824465,12.75,6.699999999999932,6.050000000000068,12.75,15.214285714285731,3310102.25,Sell
561,2024-10-09T00:00:00+05:30,709.85,725.45,703.75,717.3,1743202,1.4103261941279415,713.3507407581812,713.7467704971101,-0.39602973892885984,0.7044621443601853,21.700000000000045,15.350000000000023,6.350000000000023,21.700000000000045,15.921428571428587,3028947.15,Sell
562,2024-10-10T00:00:00+05:30,721.0,726.2,713.3,723.65,2249443,1.3958371306356057,714.9352421799995,714.4803430528797,0.45489912711980196,0.6545495409121087,12.900000000000091,8.900000000000091,4.0,12.900000000000091,16.10357142857145,2911210.1,Sell
563,2024-10-11T00:00:00+05:30,721.5,725.5,717.0,723.85,1984588,1.4373654721357405,716.3067433830765,715.1743917156293,1.1323516674472103,0.7501099662191291,8.5,1.8500000000000227,6.649999999999977,8.5,15.317857142857163,2836046.4,Buy
564,2024-10-14T00:00:00+05:30,728.0,741.6,726.3,740.6,3985624,1.6076320079573367,720.0441674779878,717.0577701070642,2.986397370923555,1.1973674471600144,15.300000000000068,17.75,2.449999999999932,17.75,15.235714285714307,2940986.0,Buy
565,2024-10-15T00:00:00+05:30,742.8,746.45,711.3,714.25,6665822,1.6071050488372145,719.1527570967589,716.8497871361706,2.3029699605883707,1.4184879498456857,35.15000000000009,5.850000000000023,29.300000000000068,35.15000000000009,16.760714285714307,3136536.2,Buy
566,2024-10-16T00:00:00+05:30,723.45,732.45,714.85,726.8,5375005,1.5196126411991067,720.3292560049499,717.5868399408987,2.7424160640512127,1.6832735726867911,17.600000000000023,18.200000000000045,0.6000000000000227,18.200000000000045,17.132142857142885,3256007.2,Buy
567,2024-10-17T00:00:00+05:30,730.0,731.5,715.95,726.1,4310887,1.426586943709384,721.2170627734191,718.217444389721,2.9996183836981345,1.94654253488906,15.549999999999955,4.7000000000000455,10.849999999999909,15.549999999999955,16.97857142857145,3395158.3,Buy
568,2024-10-18T00:00:00+05:30,726.0,744.0,720.1,742.45,3703858,1.4691226399692803,724.4836685005854,720.0124485090009,4.471219991584462,2.4514780262281404,23.899999999999977,17.899999999999977,6.0,23.899999999999977,17.664285714285736,3470226.25,Buy
569,2024-10-21T00:00:00+05:30,748.85,755.45,742.45,745.85,4508689,1.618569711234938,727.7707964235723,721.9263412120379,5.8444552115344095,3.1300734632893943,13.0,13.0,0.0,13.0,17.139285714285734,3301102.15,Buy
570,2024-10-22T00:00:00+05:30,745.8,749.75,724.35,728.2,3346783,1.6602314107619427,727.8368277430227,722.3910566778128,5.445771065209897,3.593212983673495,25.399999999999977,3.8999999999999773,21.5,25.399999999999977,17.757142857142874,3321251.2,Buy
571,2024-10-23T00:00:00+05:30,725.0,732.0,718.2,723.75,1668266,1.6705976222911165,727.2080850133269,722.4917191461229,4.71636586720399,3.817843560379594,13.799999999999955,3.7999999999999545,10.0,13.799999999999955,17.639285714285727,3244021.55,Buy
572,2024-10-24T00:00:00+05:30,725.0,735.0,711.05,714.85,1806714,1.6980838841069312,725.3068411651228,721.9256658760397,3.381175289083103,3.730509906120296,23.950000000000045,11.25,12.700000000000045,23.950000000000045,18.496428571428584,3279544.0,Sell
573,2024-10-25T00:00:00+05:30,718.0,719.7,700.0,709.45,2852838,1.7369469159763187,722.8673271397194,721.0015424778146,1.8657846619047405,3.3575648572771852,19.700000000000045,4.850000000000023,14.850000000000023,19.700000000000045,18.732142857142872,3282332.65,Sell
574,2024-10-28T00:00:00+05:30,710.25,721.8,705.7,718.25,1448334,1.6913416061764208,722.1569691182241,720.797724516495,1.359244601729074,2.9579008061675633,16.09999999999991,12.349999999999909,3.75,16.09999999999991,18.971428571428582,3126366.3,Sell
575,2024-10-29T00:00:00+05:30,718.0,745.1,708.15,742.4,4585180,1.7606445796676813,725.2712815615743,722.3978930708287,2.873388490745583,2.940998343083167,36.950000000000045,26.850000000000023,10.100000000000023,36.950000000000045,20.060714285714294,3231185.55,Sell
576,2024-10-30T00:00:00+05:30,744.25,745.0,724.55,727.05,1645358,1.764436590847989,725.5449305521013,722.7424935841007,2.8024369680006203,2.913286068066658,20.450000000000045,2.6000000000000227,17.850000000000023,20.450000000000045,20.600000000000005,3214101.05,Sell
577,2024-10-31T00:00:00+05:30,723.1,726.75,713.15,720.15,2028752,1.656232449017026,724.7149412363934,722.5504570223154,2.1644842140780156,2.7635256972689297,13.600000000000023,0.2999999999999545,13.899999999999977,13.899999999999977,20.98571428571429,3188399.95,Sell
578,2024-11-01T00:00:00+05:30,721.95,726.0,720.15,723.7,198743,1.5774797770331048,724.5587964307945,722.6356083539957,1.9231880767987377,2.5954581731748916,5.850000000000023,5.850000000000023,0.0,5.850000000000023,20.135714285714293,3067494.55,Sell
579,2024-11-04T00:00:00+05:30,720.2,727.6,706.1,710.85,2047984,1.5532284004577421,722.4497508260569,721.7626003277738,0.6871504982830174,2.213796638196517,21.5,3.8999999999999773,17.600000000000023,21.5,19.160714285714285,2996169.5,Sell
580,2024-11-05T00:00:00+05:30,710.8,726.6,685.4,717.25,5036300,1.4862589740128689,721.6497891605096,721.4283336368276,0.2214555236820388,1.8153284152936213,41.200000000000045,15.75,25.450000000000045,41.200000000000045,20.803571428571427,3059618.5,Sell
581,2024-11-06T00:00:00+05:30,717.0,718.0,704.35,708.7,2878220,1.572281798090884,719.6575139050466,720.4854941081737,-0.8279802031271402,1.2866666916094691,13.649999999999977,0.75,12.899999999999977,13.649999999999977,20.667857142857144,3116369.4,Sell
582,2024-11-07T00:00:00+05:30,708.7,713.7,703.3,711.7,1935062,1.615874453888066,718.4332809965779,719.8347167668276,-1.401435770249691,0.7490461992376372,10.400000000000091,5.0,5.400000000000091,10.400000000000091,19.70357142857144,3100650.35,Sell
583,2024-11-08T00:00:00+05:30,709.5,719.85,707.0,708.5,1272302,1.6935462078533834,716.9050839201813,718.9951081174329,-2.090024197251637,0.18123211993978236,12.850000000000023,8.149999999999977,4.7000000000000455,12.850000000000023,19.692857142857154,3065036.05,Sell
584,2024-11-11T00:00:00+05:30,704.1,711.6,695.8,705.35,1888427,1.6831764776734277,715.1273787016918,717.9843593679934,-2.856980666301638,-0.42641043730850164,15.800000000000068,3.1000000000000227,12.700000000000045,15.800000000000068,19.007142857142874,2960176.2,Sell
585,2024-11-12T00:00:00+05:30,707.55,719.85,696.1,700.0,2502158,1.8163053039170711,712.8000896706623,716.6521845999939,-3.852094929331656,-1.1115473357131327,23.75,14.5,9.25,23.75,19.717857142857163,2751993.0,Sell
586,2024-11-13T00:00:00+05:30,695.0,698.85,683.15,685.05,2080391,2.172093486431179,708.530845105945,714.3112820370314,-5.780436931086456,-2.045325254787797,15.700000000000045,1.1499999999999773,16.850000000000023,16.850000000000023,19.210714285714307,2587262.3,Sell
587,2024-11-14T00:00:00+05:30,681.5,696.7,681.5,694.0,1715862,2.265435498908372,706.2953304742612,712.8067426268809,-6.511412152619755,-2.9385426343541887,15.200000000000045,11.650000000000091,3.5499999999999545,15.200000000000045,18.889285714285734,2457511.05,No Signal
588,2024-11-18T00:00:00+05:30,687.0,693.95,682.5,690.5,1666040,2.2541690607516864,703.8652796320671,711.154391321186,-7.289111689118954,-3.808656445307142,11.450000000000045,0.049999999999954525,11.5,11.5,18.56071428571431,2355620.15,No Signal
589,2024-11-19T00:00:00+05:30,688.05,693.0,668.3,680.4,6438490,2.271841080542648,700.2552366117491,708.8762882603575,-8.621051648608386,-4.771135485967391,24.700000000000045,2.5,22.200000000000045,24.700000000000045,17.68571428571431,2452110.2,No Signal
590,2024-11-21T00:00:00+05:30,680.4,680.95,668.85,674.4,2194259,2.508875787510126,696.2775079022492,706.3224891299606,-10.044981227711332,-5.8259046343161796,12.100000000000023,0.5500000000000682,11.549999999999955,12.100000000000023,17.08928571428574,2394484.0,No Signal
591,2024-11-22T00:00:00+05:30,680.0,691.3,674.15,688.2,1788502,2.4817768485282508,695.0348143788262,704.9800825277413,-9.945268148915034,-6.6497773372359505,17.149999999999977,16.899999999999977,0.25,17.149999999999977,17.321428571428594,2400495.8,No Signal
592,2024-11-25T00:00:00+05:30,690.0,695.8,681.4,684.8,4622983,2.5734462259055815,693.4602275513145,703.4852615997604,-10.025034048445946,-7.3248286794779505,14.399999999999977,7.599999999999909,6.800000000000068,14.399999999999977,17.93214285714288,2541309.25,No Signal
593,2024-11-26T00:00:00+05:30,684.0,693.4,675.0,682.4,1767673,2.680480950475137,691.7586540818814,701.9233903701485,-10.164736288267022,-7.892810201235765,18.399999999999977,8.600000000000023,9.799999999999955,18.399999999999977,17.710714285714307,2487051.0,No Signal
594,2024-11-27T00:00:00+05:30,681.85,689.3,679.3,680.55,2422336,2.740488562051658,690.0342457615919,700.340176268656,-10.30593050706409,-8.37543426240143,10.0,6.899999999999977,3.1000000000000227,10.0,15.482142857142874,2535751.1,No Signal
595,2024-11-28T00:00:00+05:30,682.0,690.15,638.65,657.7,13625371,2.822220661179271,685.0597464136547,697.1816446932,-12.121898279545348,-9.124727065830214,51.5,9.600000000000023,41.89999999999998,51.5,18.185714285714305,2987760.65,No Signal
596,2024-11-29T00:00:00+05:30,670.0,674.1,651.3,657.75,5934406,2.9226797600211585,680.8582469654001,694.2607821233333,-13.402535157933244,-9.980288684250821,22.800000000000068,16.399999999999977,6.400000000000091,22.800000000000068,19.071428571428587,3202213.05,Sell
597,2024-12-02T00:00:00+05:30,650.0,664.0,639.1,640.2,4977558,3.3860263707375653,674.6031320476462,690.2562797438271,-15.653147696180895,-11.114860486636836,24.899999999999977,6.25,18.649999999999977,24.899999999999977,19.93214285714287,3349653.35,Sell
598,2024-12-03T00:00:00+05:30,646.8,646.8,632.3,634.0,8256858,3.715697562178798,668.3564963480084,686.089147910951,-17.732651562942692,-12.438418701898009,14.5,6.599999999999909,7.900000000000091,14.5,19.839285714285722,3752559.1,Sell
599,2024-12-04T00:00:00+05:30,635.0,651.0,635.0,650.25,7392523,3.6960176183907283,665.5708815252378,683.4343962138436,-17.863514688605733,-13.523437899239553,16.0,17.0,1.0,17.0,19.357142857142865,4019786.05,Sell
600,2024-12-05T00:00:00+05:30,650.2,653.5,639.35,643.15,6163444,3.750231039945436,662.1215151367397,680.45036686467,-18.328851727930214,-14.484520664977687,14.149999999999977,3.25,10.899999999999977,14.149999999999977,19.164285714285718,4076143.25,Sell
601,2024-12-06T00:00:00+05:30,645.0,647.45,635.2,636.5,6455327,3.898605711926289,658.1797435772413,677.1947841339537,-19.015040556712393,-15.390624643324628,12.25,4.300000000000068,7.949999999999932,12.25,18.95357142857143,4254998.6,Sell
602,2024-12-09T00:00:00+05:30,637.9,646.35,634.7,641.8,4027169,3.7911219315802756,655.6597830268964,674.5729482721794,-18.913165245282926,-16.09513276371629,11.649999999999977,9.850000000000023,1.7999999999999545,11.649999999999977,18.964285714285715,4359603.95,Sell
603,2024-12-10T00:00:00+05:30,641.8,644.45,630.35,633.3,6158405,3.8161042655117603,652.2198164073739,671.5156928446105,-19.295876437236643,-16.73528149842036,14.100000000000023,2.650000000000091,11.449999999999932,14.100000000000023,18.207142857142856,4603909.1,No Signal
604,2024-12-10T00:00:00+05:30,641.8,644.45,630.35,633.3,6158405,3.7382234496678137,649.309075421624,668.6849007820467,-19.37582536042271,-17.26339027082083,14.100000000000023,11.150000000000091,2.949999999999932,14.100000000000023,18.349999999999998,4817408.0,No Signal
605,2024-12-11T00:00:00+05:30,634.8,640.6,632.8,634.65,2396993,3.624705335172198,647.0538330490665,666.1637970204137,-19.109963971347156,-17.6327050109261,7.800000000000068,7.300000000000068,0.5,7.800000000000068,17.68214285714286,4812149.75,No Signal
606,2024-12-12T00:00:00+05:30,636.0,636.8,619.9,626.55,3807072,3.7535866531144997,643.8993971953639,663.2294416855682,-19.330044490204273,-17.972172906781736,16.899999999999977,2.1499999999999773,14.75,16.899999999999977,17.86071428571429,4898483.8,No Signal
607,2024-12-13T00:00:00+05:30,625.0,633.9,621.15,632.55,2573194,3.5718113581892315,642.1533360883849,660.9568904496002,-18.803554361215333,-18.138449197668457,12.75,7.350000000000023,5.399999999999977,12.75,17.457142857142863,4941350.4,No Signal
608,2024-12-16T00:00:00+05:30,632.55,636.4,628.55,634.95,2175242,3.3706272557209247,641.0451305363257,659.0304541200002,-17.98532358367447,-18.10782407486966,7.850000000000023,3.8500000000000227,4.0,7.850000000000023,17.303571428571438,4966810.5,No Signal
609,2024-12-17T00:00:00+05:30,634.95,636.35,625.6,626.75,3179067,3.3606980244360765,638.8458796845833,656.6393093703705,-17.793429685787146,-18.04494519705316,10.75,1.3999999999999773,9.350000000000023,10.75,14.392857142857151,4803839.35,No Signal
610,2024-12-18T00:00:00+05:30,623.15,629.8,620.3,624.55,4331195,3.3518552940461035,636.6465135792628,654.2623234910837,-17.615809911820975,-17.959118140006723,9.5,3.0499999999999545,6.4500000000000455,9.5,13.442857142857147,4910686.15,No Signal
611,2024-12-19T00:00:00+05:30,618.05,625.0,615.3,623.55,3779968,3.0771557680087156,634.6316653362993,651.9873365658183,-17.355671229518975,-17.838428757909174,9.700000000000045,0.4500000000000455,9.25,9.700000000000045,12.357142857142865,5010259.45,No Signal
612,2024-12-20T00:00:00+05:30,619.7,626.5,618.2,623.8,3996244,2.7393146562630415,632.965255284561,649.899385709091,-16.934130424530053,-17.657569091233352,8.299999999999955,2.9500000000000455,5.349999999999909,8.299999999999955,11.91428571428572,4978922.5,No Signal
613,2024-12-23T00:00:00+05:30,625.05,626.45,613.6,622.55,2924609,2.326216627322482,631.3629083177054,647.8735052861954,-16.51059696848995,-17.428174666684672,12.850000000000023,2.650000000000091,10.199999999999932,12.850000000000023,11.617857142857149,5036769.3,No Signal
614,2024-12-24T00:00:00+05:30,622.55,628.05,619.0,622.5,1445089,1.7429733973487516,629.9993839611353,645.9939863761068,-15.994602414971496,-17.141460216342036,9.049999999999955,5.5,3.5499999999999545,9.049999999999955,11.253571428571433,4987906.95,No Signal
615,2024-12-26T00:00:00+05:30,619.9,629.45,619.2,626.4,3523864,1.5310225255653276,629.4456325824991,644.5425799778767,-15.096947395377583,-16.732557652149147,10.25,6.9500000000000455,3.2999999999999545,10.25,11.110714285714291,4482831.6,No Signal
616,2024-12-27T00:00:00+05:30,626.4,629.4,620.6,621.9,726298,1.2918396823422988,628.2847660313454,642.8653518313673,-14.580585800021936,-16.302163281723704,8.799999999999955,3.0,5.7999999999999545,8.799999999999955,10.90714285714286,4222426.2,No Signal
617,2024-12-30T00:00:00+05:30,620.35,623.9,614.35,617.4,1564417,1.3555251688079433,626.6101866419076,640.9790294734883,-14.36884283158065,-15.915499191695094,9.549999999999955,2.0,7.5499999999999545,9.549999999999955,10.582142857142856,4051769.15,No Signal
618,2024-12-31T00:00:00+05:30,617.2,619.15,611.05,617.05,2645522,1.4330889138173466,625.1393886969987,639.2065087717484,-14.06712007474971,-15.545823368306017,8.100000000000023,1.75,6.350000000000023,8.100000000000023,10.153571428571427,3771202.35,No Signal
619,2025-01-01T00:00:00+05:30,615.1,619.5,612.65,617.2,1386549,1.2677489301381455,623.9179442820758,637.5763970108782,-13.658452728802331,-15.16834924040528,6.850000000000023,2.4500000000000455,4.399999999999977,6.850000000000023,10.08571428571428,3470903.65,No Signal
620,2025-01-02T00:00:00+05:30,617.0,621.1,614.0,620.15,2449967,1.1520500518276395,623.3382605463719,636.2855527878502,-12.947292241478294,-14.724137840619884,7.100000000000023,3.8999999999999773,3.2000000000000455,7.100000000000023,9.385714285714284,3285229.8,No Signal
621,2025-01-03T00:00:00+05:30,619.0,624.05,615.65,623.0,2956679,1.0942129634268776,623.2862204623146,635.3014377665279,-12.015217304213252,-14.182353733338559,8.399999999999977,3.8999999999999773,4.5,8.399999999999977,9.074999999999998,3110297.4,No Signal
622,2025-01-06T00:00:00+05:30,627.0,627.0,603.35,605.95,5743310,1.1882574881508239,620.6191096219585,633.1272571912295,-12.508147569271046,-13.847512500525056,23.649999999999977,4.0,19.649999999999977,23.649999999999977,10.203571428571422,3196104.45,No Signal
623,2025-01-07T00:00:00+05:30,606.0,620.7,605.5,619.85,2813892,1.121113469725305,620.5007850647341,632.1437566585458,-11.642971593811694,-13.406604319182385,15.200000000000045,14.75,0.4500000000000455,15.200000000000045,10.521428571428569,3028878.8,No Signal
624,2025-01-08T00:00:00+05:30,620.05,623.25,615.1,618.0,1861556,1.080434263317759,620.116048900929,631.0960709801351,-10.980022079206151,-12.92128787118714,8.149999999999977,3.3999999999999773,4.75,8.149999999999977,10.424999999999995,2814036.35,No Signal
625,2025-01-09T00:00:00+05:30,616.1,621.1,609.9,612.2,2141675,1.060739759899622,618.898195223863,629.6963620186436,-10.798166794780627,-12.496663655905838,11.200000000000045,3.1000000000000227,8.100000000000023,11.200000000000045,10.532142857142853,2801270.45,No Signal
626,2025-01-10T00:00:00+05:30,610.05,614.9,603.0,608.65,1966939,1.1538431475677258,617.3215498048072,628.1373722394849,-10.81582243467767,-12.160495411660206,11.899999999999977,2.699999999999932,9.200000000000045,11.899999999999977,10.789285714285711,2709263.8,No Signal
627,2025-01-13T00:00:00+05:30,607.0,608.45,597.3,599.75,2105862,1.3239888265054658,614.6182344502215,626.034603925449,-11.416369475227498,-12.011670224373665,11.150000000000091,0.1999999999999318,11.350000000000023,11.350000000000023,10.682142857142853,2685897.2,No Signal
628,2025-01-14T00:00:00+05:30,605.0,608.05,594.85,600.45,3122102,1.3505193657833123,612.4385060732643,624.1394480791195,-11.700942005855154,-11.949524580669964,13.199999999999932,8.299999999999955,4.899999999999977,13.199999999999932,10.978571428571424,2733240.2,No Signal
629,2025-01-14T00:00:00+05:30,605.0,608.05,594.85,600.45,3122102,1.4419479502349764,610.5941205235314,622.3846741473328,-11.79055362380143,-11.917730389296258,13.199999999999932,7.599999999999909,5.600000000000023,13.199999999999932,11.189285714285704,2730391.95,Buy
630,2025-01-15T00:00:00+05:30,604.5,604.5,584.3,594.2,5633587,1.636516845140213,608.0719481352958,620.2969205067897,-12.224972371493891,-11.979178785735785,20.200000000000045,4.0499999999999545,16.15000000000009,20.200000000000045,12.003571428571425,2795511.55,Sell
631,2025-01-16T00:00:00+05:30,630.1,663.6,628.95,641.4,24198675,1.7571816916613099,613.1993407298656,621.8601115803608,-8.660770850495169,-11.315497198687662,34.64999999999998,69.39999999999998,34.75,69.39999999999998,16.27857142857143,3816446.9,Buy
632,2025-01-17T00:00:00+05:30,640.0,649.95,633.4,642.2,3671715,1.9681343339321435,617.6609806175786,623.3667699818155,-5.705789364236921,-10.193555631797514,16.550000000000068,8.550000000000068,8.0,16.550000000000068,16.88214285714286,3800220.45,Buy
633,2025-01-20T00:00:00+05:30,642.0,644.05,630.55,634.05,1956252,2.078111079106104,620.1823682148743,624.1581203535329,-3.975752138658663,-8.949994933169744,13.5,1.849999999999909,11.650000000000091,13.5,17.357142857142858,3751802.6,Buy
634,2025-01-21T00:00:00+05:30,636.0,637.05,622.9,624.0,1820019,2.117405824645631,620.7696961818167,624.1464077347528,-3.376711552936058,-7.8353382571230075,14.149999999999977,3.0,11.149999999999977,14.149999999999977,17.860714285714284,3770549.1,Buy
635,2025-01-22T00:00:00+05:30,629.0,629.0,612.9,618.2,2296057,2.1091218460384216,620.3743583076911,623.705933087734,-3.3315747800429563,-6.934585561706998,16.100000000000023,5.0,11.100000000000023,16.100000000000023,18.410714285714285,3709158.75,Buy
636,2025-01-23T00:00:00+05:30,618.0,625.2,612.6,621.0,1673008,2.0968783203802284,620.4706108757385,623.5054935997538,-3.034882724015233,-6.154644994168645,12.600000000000023,7.0,5.600000000000023,12.600000000000023,17.621428571428574,3756494.25,Buy
637,2025-01-24T00:00:00+05:30,620.55,625.0,613.3,621.1,1793560,2.102311509045935,620.5674399717788,623.3273088886609,-2.7598689168821693,-5.4756897787113505,11.700000000000045,4.0,7.7000000000000455,11.700000000000045,17.371428571428574,3767951.4,Buy
638,2025-01-27T00:00:00+05:30,618.0,619.75,606.4,610.2,1730503,2.1540544205606027,618.9724492068897,622.354915637649,-3.3824664307593366,-5.057045109120948,13.350000000000023,1.3500000000000227,14.700000000000045,14.700000000000045,17.839285714285722,3722200.45,Buy
639,2025-01-28T00:00:00+05:30,610.95,614.0,600.1,611.55,2662789,2.1569942317887234,617.8305339442912,621.5545515163417,-3.7240175720504567,-4.790439601706851,13.899999999999977,3.7999999999999545,10.100000000000023,13.899999999999977,18.032142857142862,3786012.45,Buy
640,2025-01-29T00:00:00+05:30,612.0,629.7,605.15,628.35,2005819,2.139181147465464,619.4489133374772,622.0579180706867,-2.609004733209531,-4.354152628007387,24.550000000000068,18.15000000000009,6.399999999999977,24.550000000000068,18.935714285714294,3763805.05,Buy
641,2025-01-30T00:00:00+05:30,624.7,636.1,624.0,634.15,2899445,2.1978197740625633,621.7106189778652,622.9536278432284,-1.2430088653632083,-3.731923875478551,12.100000000000023,7.75,4.350000000000023,12.100000000000023,18.989285714285725,3760943.35,Buy
642,2025-01-31T00:00:00+05:30,638.0,641.0,630.15,638.05,1012392,2.2574929924994,624.2243699043476,624.0718776326189,0.1524922717286472,-2.9550406460371117,10.850000000000023,6.850000000000023,4.0,10.850000000000023,18.821428571428587,3524397.45,Buy
643,2025-02-01T00:00:00+05:30,639.05,667.55,595.25,625.5,10039413,2.3147823568987107,624.4206206882941,624.1776644746471,0.24295621364694853,-2.3154412741002997,72.29999999999995,29.5,42.799999999999955,72.29999999999995,23.042857142857162,3885673.5,Buy
644,2025-02-03T00:00:00+05:30,615.5,630.35,610.0,621.4,3293387,2.3309352308002853,623.955909813172,623.9719115505992,-0.016001737427245644,-1.855553366765689,20.350000000000023,4.850000000000023,15.5,20.350000000000023,23.053571428571445,3957265.05,Buy
645,2025-02-04T00:00:00+05:30,627.95,628.0,615.4,625.9,3244955,2.3091206073678476,624.2550006111455,624.1147329172214,0.14026769392410188,-1.4563891546277308,12.600000000000023,6.600000000000023,6.0,12.600000000000023,18.99642857142859,4012429.05,Buy
646,2025-02-05T00:00:00+05:30,626.0,639.0,624.7,627.85,4467504,2.276669900106279,624.8080774402001,624.3914193677977,0.41665807240246977,-1.0817797092216908,14.299999999999955,13.100000000000023,1.1999999999999318,14.299999999999955,18.835714285714296,4137457.3,Buy
647,2025-02-06T00:00:00+05:30,626.45,638.4,623.15,631.95,4837012,2.147517946876992,625.9068347570924,624.9513142294422,0.955520527650151,-0.6743196618473224,15.25,10.549999999999955,4.7000000000000455,15.25,18.960714285714296,4274014.8,Buy
648,2025-02-07T00:00:00+05:30,631.95,637.5,624.55,635.7,2538330,2.0152960270611224,627.4134755636935,625.7475131754095,1.665962388284015,-0.2062632518210549,12.950000000000045,5.5499999999999545,7.400000000000091,12.950000000000045,18.875000000000018,4244826.2,Buy
649,2025-02-10T00:00:00+05:30,636.0,640.8,626.75,635.7,3394573,1.8448366833209748,628.6883254769714,626.4847344216755,2.203591055295874,0.27570760960233087,14.049999999999955,5.099999999999909,8.950000000000045,14.049999999999955,18.72857142857144,4258449.75,Buy
650,2025-02-11T00:00:00+05:30,632.25,634.85,612.95,618.6,2327875,1.493146072593062,627.1362754035912,625.9006800200699,1.2355953835212858,0.4676851643861219,21.899999999999977,0.8500000000000227,22.75,22.75,19.45357142857144,4093164.15,Buy
651,2025-02-12T00:00:00+05:30,618.1,636.9,608.15,629.15,3378279,1.3736636153767265,627.446079187654,626.1413703889536,1.3047087987004033,0.6350898912489782,28.75,18.299999999999955,10.450000000000045,28.75,20.671428571428578,3052144.35,Buy
652,2025-02-13T00:00:00+05:30,629.15,640.0,627.65,629.6,2808139,1.251756125830903,627.7774516203226,626.3975651749571,1.3798864453655142,0.7840492020722855,12.350000000000023,10.850000000000023,1.5,12.350000000000023,20.503571428571433,3008965.55,Buy
653,2025-02-14T00:00:00+05:30,630.0,633.9,622.5,626.2,1693078,1.2227025968826648,627.5347667556576,626.3829307175529,1.1518360381047614,0.8576065692787808,11.399999999999977,4.2999999999999545,7.100000000000023,11.399999999999977,20.325000000000006,2995806.85,Buy
654,2025-02-17T00:00:00+05:30,626.2,627.0,613.95,623.25,1860572,1.2301959109976863,626.8755718701718,626.1508617755119,0.7247100946599403,0.8310272743550127,13.049999999999955,0.7999999999999545,12.25,13.049999999999955,19.503571428571426,2997834.5,Sell
655,2025-02-18T00:00:00+05:30,624.0,626.0,611.35,618.95,1887686,1.2328110173135602,625.6562531209146,625.6174646069554,0.03878851395916172,0.6725795222758425,14.649999999999977,2.75,11.899999999999977,14.649999999999977,19.68571428571428,2977415.95,Sell
656,2025-02-19T00:00:00+05:30,617.0,624.0,613.8,622.85,2007325,1.2172224118547859,625.2245218715431,625.4124672286624,-0.18794535711936078,0.5004745463968019,10.200000000000045,5.0499999999999545,5.150000000000091,10.200000000000045,19.63928571428571,2994131.8,Sell
657,2025-02-20T00:00:00+05:30,623.0,630.0,616.3,620.0,2881981,1.2292332696610409,624.420749275921,625.011543730243,-0.5907944543220083,0.2822207462530399,13.700000000000045,7.149999999999977,6.550000000000068,13.700000000000045,15.453571428571431,3048552.85,No Signal
658,2025-02-21T00:00:00+05:30,617.8,623.9,613.45,622.85,1627631,1.08161648851709,624.179095541164,624.8514293798547,-0.6723338386907471,0.09130982926428248,10.449999999999932,3.8999999999999773,6.5499999999999545,10.449999999999932,14.746428571428567,3043409.25,No Signal
659,2025-02-24T00:00:00+05:30,616.0,621.5,614.5,617.0,983443,1.0038676963737492,623.0746193040618,624.269842018384,-1.195222714322199,-0.1659966794530138,7.0,1.3500000000000227,8.350000000000023,8.350000000000023,14.442857142857138,2959441.95,No Signal
660,2025-02-24T00:00:00+05:30,616.0,621.5,614.5,617.0,983443,1.0599975676760849,622.1400624880523,623.7313352022074,-1.5912727141551386,-0.4510518863934388,7.0,4.5,2.5,7.0,13.921428571428569,2908323.15,No Signal
661,2025-02-25T00:00:00+05:30,617.05,623.3,613.1,622.15,3213418,1.0138094909972304,622.1415913360443,623.6141992613032,-1.4726079252588988,-0.6553630941665308,10.199999999999932,6.2999999999999545,3.8999999999999773,10.199999999999932,13.56071428571428,2924021.8,No Signal
