,Date,Open,High,Low,Close,Volume,Volatility,EMA12,EMA26,MACD,Signal Line,H-L,H-PC,L-PC,TR,ATR,Avg_Volume,Signal
0,2022-07-05T00:00:00+05:30,723.05,732.15,718.1,719.45,11460367,,719.45,719.45,0.0,0.0,14.049999999999955,,,14.049999999999955,,,No Signal
1,2022-07-06T00:00:00+05:30,723.0,731.9,722.0,725.95,12163533,,720.45,719.9314814814816,0.5185185185184764,0.10370370370369529,9.899999999999977,12.449999999999932,2.5499999999999545,12.449999999999932,,,No Signal
2,2022-07-07T00:00:00+05:30,735.95,744.0,733.0,742.0,10374018,,723.7653846153846,721.5661865569274,2.1991980584572275,0.5228025746544017,11.0,18.049999999999955,7.0499999999999545,18.049999999999955,,,No Signal
3,2022-07-08T00:00:00+05:30,751.3,757.5,744.55,755.7,9797700,,728.6784023668639,724.0946171823401,4.5837851845237765,1.3349990966282768,12.950000000000045,15.5,2.5499999999999545,15.5,,,No Signal
4,2022-07-11T00:00:00+05:30,755.0,771.55,755.0,769.5,12440573,,734.9586481565772,727.4579788725372,7.5006692840399865,2.568133134110619,16.549999999999955,15.849999999999909,0.7000000000000455,16.549999999999955,,,No Signal
5,2022-07-12T00:00:00+05:30,765.35,767.45,757.7,759.9,10219829,,738.7957792094114,729.8610915486455,8.934687660765917,3.841444039441679,9.75,2.0499999999999545,11.799999999999955,11.799999999999955,,,No Signal
6,2022-07-13T00:00:00+05:30,764.75,764.75,749.9,753.2,8674121,,741.0118131771943,731.5898995820792,9.421913595115143,4.957537950576372,14.850000000000023,4.850000000000023,10.0,14.850000000000023,,,No Signal
7,2022-07-14T00:00:00+05:30,750.0,759.5,748.8,752.4,7044542,,742.7638419191644,733.1313885019251,9.632453417239276,5.892521043908952,10.700000000000045,6.2999999999999545,4.400000000000091,10.700000000000045,,,No Signal
8,2022-07-15T00:00:00+05:30,753.25,759.0,744.2,751.2,6358018,,744.0617123931391,734.4698041684492,9.591908224689973,6.632398480065157,14.799999999999955,6.600000000000023,8.199999999999932,14.799999999999955,,,No Signal
9,2022-07-18T00:00:00+05:30,759.25,773.15,757.85,772.0,8045363,,748.3599104865024,737.24981867449,11.110091812012342,7.527937146454595,15.299999999999955,21.949999999999932,6.649999999999977,21.949999999999932,,,No Signal
10,2022-07-19T00:00:00+05:30,767.8,782.0,767.15,780.65,12825591,,753.327616565502,740.4646469208241,12.862969644677946,8.594943646099265,14.850000000000023,10.0,4.850000000000023,14.850000000000023,,,No Signal
11,2022-07-20T00:00:00+05:30,789.5,789.55,780.3,783.1,8152179,,757.9079832477324,743.6228212229853,14.285162024747137,9.73298732182884,9.25,8.899999999999977,0.35000000000002274,9.25,,,No Signal
12,2022-07-21T00:00:00+05:30,784.9,788.95,780.1,786.0,8312338,,762.2298319788505,746.7618715027642,15.467960476086319,10.879981952680337,8.850000000000023,5.850000000000023,3.0,8.850000000000023,,,No Signal
13,2022-07-22T00:00:00+05:30,789.1,803.9,789.1,800.05,12267898,,768.0483193667196,750.7091402803372,17.339179086382387,12.171821379420749,14.799999999999955,17.899999999999977,3.1000000000000227,17.899999999999977,14.396428571428553,,No Signal
14,2022-07-25T00:00:00+05:30,803.0,817.8,797.1,800.9,21032538,,773.1024240795319,754.4269817410529,18.675442338479,13.4725455712324,20.699999999999932,17.75,2.949999999999932,20.699999999999932,14.87142857142855,,No Signal
15,2022-07-26T00:00:00+05:30,801.6,802.8,791.65,796.3,7373741,,776.6712819134501,757.5286867972712,19.14259511617888,14.606555480221697,11.149999999999977,1.8999999999999773,9.25,11.149999999999977,14.77857142857141,,No Signal
16,2022-07-27T00:00:00+05:30,795.0,803.8,794.65,800.5,9536498,,780.3372385421501,760.7117470345104,19.62549150763971,15.6103426857053,9.149999999999977,7.5,1.6499999999999773,9.149999999999977,14.142857142857126,,No Signal
17,2022-07-28T00:00:00+05:30,806.95,815.5,805.3,814.6,11124242,,785.6084326125886,764.7034694763985,20.904963136190077,16.669266775802257,10.200000000000045,15.0,4.7999999999999545,15.0,14.107142857142842,,No Signal
18,2022-07-29T00:00:00+05:30,820.65,823.4,808.0,818.6,11094889,,790.684058364498,768.6958050707393,21.988253293758703,17.733064079393547,15.399999999999977,8.799999999999955,6.600000000000023,15.399999999999977,14.024999999999986,,No Signal
19,2022-08-01T00:00:00+05:30,820.7,825.0,817.3,823.4,7973975,3.654481913557408,795.7172801545752,772.747967658092,22.969312496483212,18.78031376281148,7.7000000000000455,6.399999999999977,1.3000000000000682,7.7000000000000455,13.732142857142849,10313597.65,No Signal
20,2022-08-02T00:00:00+05:30,820.0,822.0,812.2,817.75,11106678,3.4825391822026353,799.1069293615636,776.0814515352704,23.02547782629324,19.629346575507835,9.799999999999955,1.3999999999999773,11.199999999999932,11.199999999999932,13.471428571428557,10295913.2,No Signal
21,2022-08-03T00:00:00+05:30,817.75,828.0,811.55,824.8,11073205,3.287544946852145,803.0597094597846,779.6902329030281,23.369476556756467,20.37737257175756,16.450000000000045,10.25,6.2000000000000455,16.450000000000045,13.882142857142842,10241396.8,No Signal
22,2022-08-04T00:00:00+05:30,824.0,829.95,808.35,820.25,11112982,3.1935392319995355,805.7043695428946,782.6946600953964,23.009709447498153,20.90383994690568,21.600000000000023,5.150000000000091,16.449999999999932,21.600000000000023,14.367857142857133,10278345.0,No Signal
23,2022-08-05T00:00:00+05:30,823.1,840.9,823.1,838.2,16055350,3.2387250233244194,810.7036973055262,786.8061667549968,23.897530550529495,21.502578067630445,17.799999999999955,20.649999999999977,2.8500000000000227,20.649999999999977,14.274999999999993,10591227.5,No Signal
24,2022-08-08T00:00:00+05:30,836.6,842.3,831.15,836.95,12142908,3.3718606560529665,814.741590027753,790.5205247731451,24.22106525460788,22.046275505025932,11.149999999999977,4.099999999999909,7.050000000000068,11.149999999999977,14.010714285714275,10576344.25,No Signal
25,2022-08-10T00:00:00+05:30,842.15,853.0,842.15,848.75,23658100,3.4319342326427202,819.9736531004064,794.8338192343936,25.13983386601285,22.664987177223317,10.850000000000023,16.049999999999955,5.199999999999932,16.049999999999955,14.496428571428558,11248257.8,No Signal
26,2022-08-11T00:00:00+05:30,860.05,866.5,858.1,859.7,22786888,3.4504914896879324,826.085398777267,799.6387215133274,26.44667726393959,23.421325194566574,8.399999999999977,17.75,9.350000000000023,17.75,15.132142857142842,11953896.15,No Signal
27,2022-08-12T00:00:00+05:30,863.95,877.25,858.5,874.4,10792721,3.4911828851449007,833.5184143499952,805.1765939938216,28.34182035617357,24.405424226887973,18.75,17.549999999999955,1.2000000000000455,18.75,15.19285714285713,12141305.1,No Signal
28,2022-08-16T00:00:00+05:30,881.45,884.5,876.4,879.25,13804428,3.462339222356775,840.5540429115343,810.6635129572422,29.890529954292106,25.5024453723688,8.100000000000023,10.100000000000023,2.0,10.100000000000023,14.43571428571428,12513625.6,No Signal
29,2022-08-17T00:00:00+05:30,881.8,885.5,878.4,883.25,9057937,3.5756901792231504,847.1226516943752,816.0402897752243,31.082361919150912,26.618428681725224,7.100000000000023,6.25,0.8500000000000227,7.100000000000023,14.146428571428569,12564254.3,No Signal
30,2022-08-18T00:00:00+05:30,880.55,887.65,875.05,885.1,13137734,3.682299941896515,852.9653206644714,821.1558238659485,31.8094967985229,27.65664230508476,12.600000000000023,4.399999999999977,8.200000000000045,12.600000000000023,14.392857142857142,12579861.45,No Signal
31,2022-08-19T00:00:00+05:30,885.0,886.9,864.3,870.4,10784887,3.662196116293512,855.6475790237835,824.803540616619,30.844038407164476,28.294121525500703,22.600000000000023,1.7999999999999545,20.800000000000068,22.600000000000023,14.935714285714287,12711496.85,No Signal
32,2022-08-22T00:00:00+05:30,865.55,867.4,849.6,852.25,13847931,3.5221982974260073,855.124874558586,826.8366116820546,28.288262876531462,28.292949795706857,17.799999999999955,3.0,20.799999999999955,20.799999999999955,15.321428571428571,12988276.5,Sell
33,2022-08-23T00:00:00+05:30,845.35,868.0,842.8,863.9,13254372,3.3842201956728095,856.4748938572651,829.5820478537543,26.89284600351084,28.012929037267654,25.200000000000045,15.75,9.450000000000045,25.200000000000045,16.571428571428573,13037600.2,Sell
34,2022-08-24T00:00:00+05:30,857.05,875.35,857.05,873.3,10493843,3.269685140707826,859.0633717253781,832.8204146794021,26.242957045976027,27.65893463900933,18.300000000000068,11.450000000000045,6.850000000000023,18.300000000000068,17.07857142857144,12510665.45,Sell
35,2022-08-25T00:00:00+05:30,873.3,881.45,866.7,872.35,9827394,3.0802108982302427,861.1074683830122,835.7485321105576,25.358936272454685,27.198934965698403,14.75,8.150000000000091,6.599999999999909,14.75,16.957142857142863,12633348.1,Sell
36,2022-08-26T00:00:00+05:30,874.15,877.5,867.3,870.85,5976696,2.8559448785692956,862.6063194010104,838.3486408431088,24.257678557901613,26.610683684139048,10.200000000000045,5.149999999999977,5.050000000000068,10.200000000000045,16.14285714285715,12455358.0,Sell
37,2022-08-29T00:00:00+05:30,850.05,861.0,847.0,855.85,7755001,2.724831243228855,861.5668856470088,839.6450378176934,21.921847829315425,25.672916513174325,14.0,9.850000000000023,23.850000000000023,23.850000000000023,16.371428571428584,12286895.95,Sell
38,2022-08-30T00:00:00+05:30,860.5,890.75,859.1,887.3,12543495,2.5889457927041266,865.5258263166997,843.1750350163827,22.35079130031704,25.00849147060287,31.649999999999977,34.89999999999998,3.25,34.89999999999998,18.067857142857154,12359326.25,Sell
39,2022-09-01T00:00:00+05:30,863.0,885.7,863.0,874.35,15877543,2.5000631023743503,866.8833914987459,845.4842916818359,21.399099816910052,24.286613139864308,22.700000000000045,1.599999999999909,24.299999999999955,24.299999999999955,18.65714285714287,12754504.65,Sell
40,2022-09-02T00:00:00+05:30,874.1,881.3,867.0,872.4,8399067,2.2558093701525403,867.7321004989388,847.4780478535517,20.254052645387105,23.48010104096887,14.299999999999955,6.949999999999932,7.350000000000023,14.299999999999955,18.410714285714295,12619124.1,Sell
41,2022-09-05T00:00:00+05:30,871.55,885.9,871.55,882.45,8744970,2.048032558017888,869.9963927298713,850.0685628273627,19.92782990250862,22.76964681327682,14.350000000000023,13.5,0.8500000000000227,14.350000000000023,18.096428571428582,12502712.35,Sell
42,2022-09-06T00:00:00+05:30,882.5,889.95,878.1,883.65,9879127,1.7108134218099906,872.0969476945065,852.5560766920025,19.54087100250399,22.123891651122257,11.850000000000023,7.5,4.350000000000023,11.850000000000023,18.221428571428582,12441019.6,Sell
43,2022-09-07T00:00:00+05:30,878.55,882.65,872.5,876.2,8814954,1.5338042938342198,872.7281865107364,854.3074784185209,18.420708092215477,21.3832549393409,10.149999999999977,1.0,11.149999999999977,11.149999999999977,18.510714285714293,12078999.8,Sell
44,2022-09-08T00:00:00+05:30,885.5,900.8,885.5,898.8,12162909,1.3889507808439412,876.7392347398538,857.6032207578897,19.136013981964084,20.93380674786554,15.299999999999955,24.59999999999991,9.299999999999955,24.59999999999991,19.36785714285714,12079999.85,Sell
45,2022-09-09T00:00:00+05:30,910.15,911.95,897.7,901.25,9936230,1.3964873328762173,880.5101217029533,860.8363155165646,19.673806186388674,20.68180663557017,14.25,13.150000000000091,1.099999999999909,14.25,18.77142857142857,11393906.35,Sell
46,2022-09-12T00:00:00+05:30,905.05,908.9,902.8,907.2,6016926,1.521267541514465,884.6162568255759,864.2706625153376,20.34559431023831,20.614564170503797,6.100000000000023,7.649999999999977,1.5499999999999545,7.649999999999977,17.832142857142856,10555408.25,Sell
47,2022-09-13T00:00:00+05:30,913.95,913.95,905.3,910.0,10400198,1.7006368343475342,888.5214480831796,867.6580208475348,20.86342723564485,20.664336783532008,8.650000000000091,6.75,1.900000000000091,8.650000000000091,16.650000000000002,10535782.1,No Signal
48,2022-09-14T00:00:00+05:30,898.25,922.25,898.05,918.1,14712914,1.923547637595851,893.0719945319212,871.3944637477174,21.677530784203782,20.866975583666363,24.200000000000045,12.25,11.950000000000045,24.200000000000045,17.071428571428573,10581206.4,No Signal
49,2022-09-15T00:00:00+05:30,920.0,936.65,915.75,917.6,16252908,2.1120316673910398,896.8455338347026,874.8170960627014,22.02843777200121,21.099268021333334,20.899999999999977,18.549999999999955,2.3500000000000227,20.899999999999977,17.510714285714283,10940954.95,Buy
50,2022-09-16T00:00:00+05:30,914.9,917.6,905.2,909.1,11966681,2.221895451484918,898.7308363216714,877.3565704284272,21.374265893244228,21.154267595715513,12.399999999999977,0.0,12.399999999999977,12.399999999999977,17.667857142857137,10882402.3,Buy
51,2022-09-19T00:00:00+05:30,904.95,912.5,895.35,899.2,11235608,2.2397973240307287,898.8030153491065,878.9746022485436,19.828413100562898,20.88909669668499,17.149999999999977,3.3999999999999773,13.75,17.149999999999977,17.189285714285706,10904938.35,No Signal
52,2022-09-20T00:00:00+05:30,909.2,922.5,907.35,916.75,12090283,2.1331594763459765,901.5640899107825,881.7727798597626,19.791310051019877,20.66953936755197,15.149999999999977,23.299999999999955,8.149999999999977,23.299999999999955,16.360714285714273,10817055.95,No Signal
53,2022-09-21T00:00:00+05:30,912.0,917.0,905.65,915.25,8917106,2.11786795549869,903.6696145398929,884.2525739442247,19.417040595668254,20.41903961317523,11.350000000000023,0.25,11.100000000000023,11.350000000000023,15.43571428571428,10600192.65,No Signal
54,2022-09-22T00:00:00+05:30,906.0,911.7,895.3,903.4,11125137,2.104544026292523,903.6281353799094,885.670901800208,17.957233579701438,19.926678406480473,16.40000000000009,3.5499999999999545,19.950000000000045,19.950000000000045,15.839285714285714,10631757.35,No Signal
55,2022-09-23T00:00:00+05:30,901.7,904.9,878.75,882.25,15926774,2.10295725943026,900.339191475308,885.4175016668593,14.921689808448718,18.925680686874124,26.149999999999977,1.5,24.649999999999977,26.149999999999977,16.682142857142853,10936726.35,No Signal
56,2022-09-26T00:00:00+05:30,870.0,877.9,859.2,861.05,14208257,2.243013608710599,894.2947004791067,883.6125015433882,10.682198935718475,17.276984336642993,18.699999999999932,4.350000000000023,23.049999999999955,23.049999999999955,17.48214285714285,11348304.4,No Signal
57,2022-09-27T00:00:00+05:30,864.95,874.85,848.6,852.55,12493539,2.3064846512552726,887.8724388669365,881.3115755031373,6.560863363799172,15.13376014207423,26.25,13.800000000000068,12.449999999999932,26.25,18.56071428571428,11585231.3,Sell
58,2022-09-28T00:00:00+05:30,844.0,863.25,844.0,849.5,11411404,2.5858845755092026,881.9689867335617,878.955162502905,3.0138242306567236,12.70977295979073,19.25,10.700000000000045,8.549999999999955,19.25,18.178571428571427,11528626.75,Sell
59,2022-09-29T00:00:00+05:30,858.0,861.6,841.1,843.9,13803251,2.8637470408171564,876.1122195437829,876.3584837989861,-0.24626425520318662,10.118565516791946,20.5,12.100000000000023,8.399999999999977,20.5,18.625,11424912.15,Sell
60,2022-09-30T00:00:00+05:30,843.9,867.05,837.5,862.0,13174978,2.8623039560073877,873.9411088447393,875.2948924064685,-1.3537835617291876,7.82409570108772,29.549999999999955,23.149999999999977,6.399999999999977,29.549999999999955,20.189285714285713,11663707.7,Sell
61,2022-10-03T00:00:00+05:30,859.7,860.95,845.7,848.35,8231817,3.1013725118152338,870.0040151763179,873.2989744504339,-3.2949592741159677,5.600284706046983,15.25,1.0499999999999545,16.299999999999955,16.299999999999955,20.735714285714273,11638050.05,Sell
62,2022-10-04T00:00:00+05:30,865.0,872.65,860.1,867.65,8974105,3.075442535160088,869.641858995346,872.8805318985499,-3.2386729032039057,3.8324931841968053,12.549999999999955,24.299999999999955,11.75,24.299999999999955,20.742857142857126,11592798.95,Sell
63,2022-10-06T00:00:00+05:30,873.05,891.7,873.05,885.45,12116558,3.0003781726243424,872.0738806883696,873.8116036097684,-1.737722921398813,2.7184499630776817,18.65000000000009,24.050000000000068,5.399999999999977,24.050000000000068,20.96785714285713,11757879.15,Sell
64,2022-10-07T00:00:00+05:30,877.2,884.5,872.8,882.55,9705542,2.9970263095252996,873.6855913516973,874.4588922312671,-0.7733008795697742,2.0200997945481904,11.700000000000045,0.9500000000000455,12.650000000000091,12.650000000000091,20.985714285714284,11635010.8,Sell
65,2022-10-10T00:00:00+05:30,872.0,889.8,870.7,881.75,7357324,2.976187101120166,874.9262696052823,874.9989742882103,-0.07270468292801979,1.6015388990529484,19.09999999999991,7.25,11.849999999999909,19.09999999999991,21.124999999999993,11506065.5,Sell
66,2022-10-11T00:00:00+05:30,883.25,883.25,865.45,870.6,11129405,2.979235797536198,874.2606896660081,874.6731243409355,-0.41243467492734,1.1987441842568909,17.799999999999955,1.5,16.299999999999955,17.799999999999955,20.73214285714285,11761689.45,Sell
67,2022-10-12T00:00:00+05:30,867.95,871.7,861.5,868.35,14557394,2.9243368023313128,873.3513527943146,874.2047447601254,-0.8533919658108289,0.788316954243347,10.200000000000045,1.1000000000000227,9.100000000000023,10.200000000000045,20.649999999999995,11969549.25,Sell
68,2022-10-13T00:00:00+05:30,862.35,865.45,850.5,853.6,11562959,2.884298468419203,870.3126831336508,872.6784673704865,-2.3657842368356796,0.15749671602754173,14.950000000000045,2.8999999999999773,17.850000000000023,17.850000000000023,20.499999999999993,11812051.5,Sell
69,2022-10-14T00:00:00+05:30,883.8,883.8,868.55,870.25,8199324,2.629377212738717,870.3030395746276,872.4985808985986,-2.1955413239709287,-0.31311089197215236,15.25,30.199999999999932,14.949999999999932,30.199999999999932,20.789285714285704,11409372.3,Sell
70,2022-10-17T00:00:00+05:30,872.0,887.5,868.55,885.2,8936009,2.4473363540018314,872.5948796400695,873.4394267579617,-0.844547117892148,-0.41939813715615154,18.950000000000045,17.25,1.7000000000000455,18.950000000000045,20.496428571428567,11257838.7,Sell
71,2022-10-18T00:00:00+05:30,896.05,900.7,891.15,896.9,8097425,2.4009591140134128,876.3341289262127,875.1772469981127,1.156881928100006,-0.10414212410492005,9.550000000000068,15.5,5.949999999999932,15.5,19.728571428571424,11100929.55,Buy
72,2022-10-19T00:00:00+05:30,900.05,900.65,885.55,892.1,5529333,2.20067018351655,878.7596475529492,876.4307842575117,2.328863295437486,0.3824589598035612,15.100000000000023,3.75,11.350000000000023,15.100000000000023,19.432142857142853,10772882.05,Buy
73,2022-10-20T00:00:00+05:30,889.7,893.3,880.1,888.65,8106996,1.962907571690661,880.2812402371109,877.3359113495479,2.945328887562937,0.8950329453554363,13.199999999999932,1.1999999999999318,12.0,13.199999999999932,18.910714285714278,10732376.55,No Signal
74,2022-10-21T00:00:00+05:30,888.0,910.0,885.7,907.15,17022237,1.963458102368835,884.4148955852477,879.5443623606925,4.8705332245551745,1.6901330011953841,24.299999999999955,21.350000000000023,2.949999999999932,24.299999999999955,18.535714285714278,11027231.55,No Signal
75,2022-10-24T00:00:00+05:30,925.0,933.5,917.6,926.3,4387240,2.314212263727894,890.8587578029019,883.0077429265672,7.851014876334716,2.9223093762232506,15.899999999999977,26.350000000000023,10.450000000000045,26.350000000000023,19.253571428571426,10450254.85,No Signal
76,2022-10-25T00:00:00+05:30,942.05,943.25,922.95,925.05,15836554,2.5863751614969446,896.1189489101478,886.1219841912659,9.996964718881827,4.337240444754966,20.299999999999955,16.950000000000045,3.349999999999909,20.299999999999955,18.967857142857138,10531669.7,No Signal
77,2022-10-27T00:00:00+05:30,926.05,933.7,920.25,924.4,16080755,2.734300989728167,900.4698798470481,888.9573927696907,11.512487077357378,5.772289771275449,13.450000000000045,8.650000000000091,4.7999999999999545,13.450000000000045,18.210714285714282,10711030.5,No Signal
78,2022-10-28T00:00:00+05:30,918.0,927.5,901.0,907.85,9853714,2.7264180301302843,901.6052829475022,890.356845157121,11.248437790381217,6.867519375096602,26.5,3.1000000000000227,23.399999999999977,26.5,19.19999999999999,10633146.0,No Signal
79,2022-10-31T00:00:00+05:30,912.6,917.05,904.6,908.7,9000752,2.572221005046015,902.6967778786558,891.7155973677046,10.981180510951162,7.690251602267515,12.449999999999932,9.199999999999932,3.25,12.449999999999932,18.72499999999999,10393021.05,No Signal
80,2022-11-01T00:00:00+05:30,921.0,921.0,899.55,908.6,9823523,2.531673219172639,903.6049658973242,892.9662938589858,10.638672038338427,8.279935689481698,21.450000000000045,12.299999999999955,9.150000000000091,21.450000000000045,18.985714285714284,10225448.3,No Signal
81,2022-11-02T00:00:00+05:30,920.6,920.75,902.35,904.7,7690642,2.3212298735499317,903.7734326823512,893.8354572768386,9.937975405512589,8.611543632687876,18.399999999999977,12.149999999999977,6.25,18.399999999999977,19.571428571428562,10198389.55,No Signal
82,2022-11-03T00:00:00+05:30,901.05,913.85,897.05,908.65,9022174,2.246162313337688,904.5236738081434,894.9328308118876,9.590842996255788,8.80740350540146,16.800000000000068,9.149999999999977,7.650000000000091,16.800000000000068,19.496428571428567,10200793.0,No Signal
83,2022-11-04T00:00:00+05:30,906.3,913.4,900.2,905.3,7099001,2.254693173892615,904.6431086068906,895.7007692702663,8.942339336624286,8.834390671646025,13.199999999999932,4.75,8.449999999999932,13.199999999999932,18.28214285714285,9949915.15,No Signal
84,2022-11-07T00:00:00+05:30,910.25,920.1,903.45,917.5,11099726,2.2570744681399484,906.6210918981382,897.3155271020984,9.30556479603979,8.928625496524779,16.649999999999977,14.800000000000068,1.849999999999909,16.649999999999977,18.117857142857133,10019624.35,No Signal
85,2022-11-09T00:00:00+05:30,920.0,921.9,905.75,910.5,11590039,2.256914990816589,907.2178469907323,898.2921547241651,8.925692266567125,8.928038850533248,16.149999999999977,4.399999999999977,11.75,16.149999999999977,18.164285714285704,10231260.1,No Signal
86,2022-11-10T00:00:00+05:30,907.55,912.95,903.95,910.7,10009516,2.1481498169123268,907.753562838312,899.211254374227,8.542308464084954,8.85089277324359,9.0,2.4500000000000455,6.5499999999999545,9.0,17.728571428571417,10175265.65,No Signal
87,2022-11-11T00:00:00+05:30,925.9,928.0,903.5,906.55,17920243,1.9864777217457483,907.5683993247255,899.7548651613213,7.813534163404256,8.643421051275723,24.5,17.299999999999955,7.2000000000000455,24.5,18.535714285714278,10343408.1,No Signal
88,2022-11-14T00:00:00+05:30,905.0,906.55,891.25,894.95,12640819,1.5606090679642555,905.6271071209217,899.3989492234456,6.2281578974760805,8.160368420515795,15.299999999999955,0.0,15.299999999999955,15.299999999999955,17.892857142857135,10397301.1,No Signal
89,2022-11-15T00:00:00+05:30,900.55,913.65,898.8,911.7,15176532,1.247489137911213,906.5613983330876,900.310138169857,6.2512601632305405,7.778546769058744,14.850000000000023,18.699999999999932,3.849999999999909,18.699999999999932,17.346428571428557,10746161.5,No Signal
90,2022-11-16T00:00:00+05:30,912.55,918.1,908.1,913.6,13008117,1.117824469856748,907.6442601279972,901.2945723794973,6.349687748499946,7.492774964946985,10.0,6.399999999999977,3.6000000000000227,10.0,16.610714285714273,10949766.9,No Signal
91,2022-11-17T00:00:00+05:30,913.0,922.3,910.35,919.8,12583693,1.1010773199830621,909.5143739544592,902.6653447958308,6.849029158628355,7.364025803683259,11.949999999999932,8.699999999999932,3.25,11.949999999999932,16.50357142857141,11174080.3,No Signal
92,2022-11-18T00:00:00+05:30,919.8,922.0,910.55,920.35,10873933,1.0326312756972642,911.1813933460809,903.975319255399,7.206074090681909,7.33243546108299,11.450000000000045,2.2000000000000455,9.25,11.450000000000045,15.428571428571413,11441310.3,No Signal
93,2022-11-21T00:00:00+05:30,914.05,924.8,914.05,921.4,9245302,0.8865666514547668,912.753486677453,905.2660363475917,7.4874503298613035,7.363438434838653,10.75,4.449999999999932,6.300000000000068,10.75,15.307142857142846,11498225.6,No Signal
94,2022-11-22T00:00:00+05:30,923.75,926.5,920.4,923.7,11256327,0.9107893787176777,914.4375656501526,906.631515136659,7.806050513493574,7.4519608505696375,6.100000000000023,5.100000000000023,1.0,6.100000000000023,14.210714285714273,11209930.1,No Signal
95,2022-11-23T00:00:00+05:30,927.0,931.85,923.7,927.45,10959198,0.9173897723007791,916.4394786270522,908.1736251265361,8.265853500516073,7.614739380558925,8.149999999999977,8.149999999999977,0.0,8.149999999999977,13.478571428571415,11538528.0,No Signal
96,2022-11-24T00:00:00+05:30,927.55,940.65,927.55,938.85,10844188,1.057577093099752,919.8872511459672,910.4459491912371,9.44130195473008,7.9800518953931565,13.100000000000023,13.199999999999932,0.09999999999990905,13.199999999999932,13.221428571428548,11288909.7,No Signal
97,2022-11-25T00:00:00+05:30,940.3,942.9,927.5,930.3,9814943,1.1099459351336338,921.4892125081261,911.9166196215158,9.572592886610323,8.29856009363659,15.399999999999977,4.0499999999999545,11.350000000000023,15.399999999999977,13.378571428571409,10975619.1,No Signal
98,2022-11-28T00:00:00+05:30,924.0,943.8,923.95,937.4,9381474,1.2135956931689116,923.9370259684144,913.8042774273295,10.132748541084993,8.665397783126272,19.84999999999991,13.5,6.349999999999909,19.84999999999991,13.607142857142833,10952007.1,No Signal
99,2022-11-29T00:00:00+05:30,933.55,949.9,933.55,946.75,13096150,1.386984863979234,927.446714280966,916.2447013216014,11.202012959364652,9.172720818373948,16.350000000000023,12.5,3.8500000000000227,16.350000000000023,13.62142857142855,11156777.0,No Signal
100,2022-11-30T00:00:00+05:30,948.05,958.2,941.0,952.9,20858573,1.5811672273390986,931.3626043915866,918.9599086311124,12.402695760474217,9.818715806794003,17.200000000000045,11.450000000000045,5.75,17.200000000000045,14.20714285714284,11708529.5,No Signal
101,2022-12-01T00:00:00+05:30,956.0,957.0,936.25,940.2,15919357,1.6210158255058333,932.7222037159579,920.5332487325115,12.188954983446365,10.292763642124475,20.75,4.100000000000023,16.649999999999977,20.75,13.939285714285697,12119965.25,No Signal
102,2022-12-02T00:00:00+05:30,928.25,934.5,926.1,930.6,14227194,1.614346592684037,932.3957108365797,921.2789340115847,11.116776824994986,10.457566278698579,8.399999999999977,5.7000000000000455,14.100000000000023,14.100000000000023,13.853571428571415,12380216.25,No Signal
103,2022-12-05T00:00:00+05:30,937.0,937.0,928.4,933.6,10984451,1.5630187426426585,932.5809860924905,922.1916055662822,10.389380526208356,10.443929128200535,8.600000000000023,6.399999999999977,2.2000000000000455,8.600000000000023,13.132142857142851,12574488.75,No Signal
104,2022-12-06T00:00:00+05:30,925.0,929.75,920.2,922.65,18220912,1.5724956923368818,931.0531420782612,922.2255607095206,8.827581368740653,10.12065957630856,9.549999999999955,3.8500000000000227,13.399999999999977,13.399999999999977,13.374999999999991,12930548.05,No Signal
105,2022-12-07T00:00:00+05:30,922.0,933.2,920.65,922.15,15675357,1.5331287924067607,929.6834279123749,922.2199636199264,7.463464292448521,9.589220519536552,12.550000000000068,10.550000000000068,2.0,12.550000000000068,13.417857142857144,13134813.95,No Signal
106,2022-12-08T00:00:00+05:30,925.0,933.55,923.8,931.9,10136714,1.4783998805275433,930.0244390027788,922.9370033517837,7.087435650995076,9.088863545828257,9.75,11.399999999999977,1.6499999999999773,11.399999999999977,13.414285714285711,13141173.85,No Signal
107,2022-12-09T00:00:00+05:30,932.0,934.8,925.05,929.9,9575160,1.3956437907491666,930.0052945408128,923.4527808812812,6.552513659531542,8.581593568568914,9.75,2.8999999999999773,6.850000000000023,9.75,13.34285714285714,12723919.7,No Signal
108,2022-12-12T00:00:00+05:30,925.05,933.9,925.05,930.3,8493339,1.126176802191171,930.0506338422261,923.9599822974826,6.090651544743537,8.083405163803839,8.850000000000023,4.0,4.850000000000023,8.850000000000023,13.539285714285711,12516545.7,No Signal
109,2022-12-13T00:00:00+05:30,929.5,935.9,927.8,932.95,10414723,1.0338364407562557,930.4966901741914,924.6259095347061,5.870780639485247,7.640880258940121,8.100000000000023,5.600000000000023,2.5,8.100000000000023,13.535714285714286,12278455.25,No Signal
110,2022-12-14T00:00:00+05:30,936.0,936.05,920.0,921.75,12319827,0.9823616705432852,929.1510455320081,924.412879198802,4.738166333206095,7.060337473793316,16.049999999999955,3.099999999999909,12.950000000000045,16.049999999999955,13.739285714285716,12244040.75,No Signal
111,2022-12-15T00:00:00+05:30,916.0,919.9,905.0,908.8,8929605,1.1042772779585364,926.0201154501607,923.2563696285204,2.7637458216403274,6.201019143362719,14.899999999999977,1.8500000000000227,16.75,16.75,13.835714285714289,12061336.35,Sell
112,2022-12-16T00:00:00+05:30,905.5,913.7,899.65,902.0,9157105,1.2955873925736632,922.3247130732129,921.6818237301114,0.6428893431015013,5.0893931833104755,14.050000000000068,4.900000000000091,9.149999999999977,14.050000000000068,13.421428571428587,11975494.95,No Signal
113,2022-12-19T00:00:00+05:30,908.0,910.6,901.15,906.45,7014662,1.3960622190790772,919.8824495234878,920.553540490844,-0.6710909673561218,3.9372963531771563,9.450000000000045,8.600000000000023,0.8500000000000227,9.450000000000045,12.928571428571445,11863962.95,No Signal
114,2022-12-20T00:00:00+05:30,906.0,912.45,895.7,909.7,6383610,1.462710205199138,918.3159188275666,919.7495745285592,-1.4336557009925173,2.8631059423432217,16.75,6.0,10.75,16.75,12.896428571428585,11620327.1,No Signal
115,2022-12-21T00:00:00+05:30,910.25,915.85,887.0,892.25,11341081,1.7377847535715278,914.3057774694795,917.7125690079251,-3.4067915384456455,1.6091264461854482,28.850000000000023,6.149999999999977,22.700000000000045,28.850000000000023,13.475000000000014,11639421.25,No Signal
116,2022-12-22T00:00:00+05:30,900.5,903.85,886.35,890.65,9788008,1.9177362606159105,910.6664270895595,915.7079342665974,-5.041507177037829,0.2789997215407927,17.5,11.600000000000023,5.899999999999977,17.5,13.717857142857156,11586612.25,Sell
117,2022-12-23T00:00:00+05:30,883.05,889.65,875.3,878.9,11058884,2.240916476115514,905.7792844603965,912.9814206172198,-7.202136156823258,-1.2172274541320174,14.350000000000023,1.0,15.350000000000023,15.350000000000023,14.200000000000014,11648809.3,Sell
118,2022-12-26T00:00:00+05:30,881.1,897.0,875.25,893.2,6943080,2.266146329918854,903.8440099280278,911.5161302011294,-7.672120273101541,-2.5082060179259225,21.75,18.100000000000023,3.6499999999999773,21.75,14.796428571428587,11526889.6,Sell
119,2022-12-27T00:00:00+05:30,897.7,902.75,888.2,900.65,4994038,2.1664537357267073,903.3526237852543,910.7112316677124,-7.358607882458045,-3.478286390832347,14.549999999999955,9.549999999999955,5.0,14.549999999999955,14.93928571428572,11121784.0,Sell
120,2022-12-28T00:00:00+05:30,896.0,903.95,895.8,898.95,8980300,1.9898348627503317,902.6752970490613,909.8400293219559,-7.1647322728945255,-4.215575567244783,8.150000000000091,3.300000000000068,4.850000000000023,8.150000000000091,14.707142857142872,10527870.35,Sell
121,2022-12-29T00:00:00+05:30,897.9,923.35,889.35,908.05,11994220,1.8511905277946745,903.5021744261288,909.7074345573666,-6.205260131237765,-4.613512480043379,34.0,24.399999999999977,9.600000000000023,34.0,16.439285714285727,10331613.5,Sell
122,2022-12-30T00:00:00+05:30,908.5,908.5,888.55,890.85,9688527,1.8946179036366684,901.5556860528783,908.3105875531172,-6.75490150023893,-5.04179028408249,19.950000000000045,0.4500000000000455,19.5,19.950000000000045,17.232142857142872,10104680.15,Sell
123,2023-01-02T00:00:00+05:30,894.0,907.0,894.0,902.45,4315403,1.7761793510951343,901.693272813974,907.87646995659,-6.183197142615995,-5.270071655789192,13.0,16.149999999999977,3.1499999999999773,16.149999999999977,17.80714285714287,9771227.75,Sell
124,2023-01-03T00:00:00+05:30,898.5,905.95,896.75,901.35,5846855,1.7485538830000813,901.6404616118241,907.3930277375833,-5.752566125759245,-5.366570549783202,9.200000000000045,3.5,5.7000000000000455,9.200000000000045,17.31785714285716,9152524.9,Sell
125,2023-01-04T00:00:00+05:30,899.0,907.9,894.8,899.1,12454582,1.7223453294668387,901.2496213638511,906.7787293866512,-5.529108022800074,-5.399078044386577,13.100000000000023,6.5499999999999545,6.550000000000068,13.100000000000023,17.05714285714288,8991486.15,Sell
126,2023-01-05T00:00:00+05:30,900.9,903.0,872.0,879.15,16547196,1.7545589418926084,897.8496796155663,904.7321568394918,-6.882477223925548,-5.695757880294372,31.0,3.8999999999999773,27.100000000000023,31.0,18.26785714285716,9312010.25,Sell
127,2023-01-06T00:00:00+05:30,878.95,878.95,860.5,870.1,14804613,1.827654240256756,893.5804981362484,902.1668118884184,-8.586313752169985,-6.273869054669495,18.450000000000045,0.1999999999999318,18.649999999999977,18.649999999999977,18.92500000000001,9573482.9,Sell
128,2023-01-09T00:00:00+05:30,874.25,878.75,862.3,873.35,16811853,1.768992455006963,890.4681138075947,900.032233230017,-9.564119422422323,-6.931919128220061,16.450000000000045,8.649999999999977,7.800000000000068,16.450000000000045,18.903571428571443,9989408.6,Sell
129,2023-01-10T00:00:00+05:30,875.4,878.4,856.6,861.35,13470142,1.7677518399711576,885.9884039910417,897.1668826203861,-11.178478629344454,-7.78123102844494,21.799999999999955,5.0499999999999545,16.75,21.799999999999955,18.40000000000001,10142179.55,Sell
130,2023-01-11T00:00:00+05:30,862.9,870.85,854.85,866.3,15558460,1.7363092977221977,882.9594187616507,894.8804468707278,-11.921028109077156,-8.609190444571384,16.0,9.5,6.5,16.0,18.29285714285715,10304111.2,Sell
131,2023-01-12T00:00:00+05:30,865.5,869.35,854.95,860.65,16659001,1.8568834731430048,879.5272004906275,892.3448582136369,-12.81765772300946,-9.450883900258999,14.399999999999977,3.050000000000068,11.349999999999909,14.399999999999977,18.225000000000005,10690581.0,Sell
132,2023-01-13T00:00:00+05:30,864.7,874.9,858.3,873.45,11223103,1.838624907120456,878.5922465689924,890.9452390867009,-12.352992517708458,-10.031305623748892,16.600000000000023,14.25,2.3500000000000227,16.600000000000023,17.857142857142865,10793880.9,Sell
133,2023-01-16T00:00:00+05:30,877.25,877.45,861.05,865.25,8319812,1.8710480791644266,876.5395932506859,889.0418880432416,-12.502294792555631,-10.52550345751024,16.40000000000009,4.0,12.400000000000091,16.40000000000009,17.98928571428573,10859138.4,Sell
134,2023-01-17T00:00:00+05:30,866.95,867.95,858.1,865.15,12624859,1.8245820880004755,874.7873481351958,887.2721185585569,-12.48477042336117,-10.917356850680427,9.850000000000023,2.7000000000000455,7.149999999999977,9.850000000000023,18.110714285714298,11171200.85,Sell
135,2023-01-18T00:00:00+05:30,864.45,872.0,858.65,869.5,11313898,1.8338010570600565,873.9739099605503,885.9556653319971,-11.981755371446866,-11.130236554833715,13.350000000000023,6.850000000000023,6.5,13.350000000000023,16.6357142857143,11169841.7,No Signal
136,2023-01-19T00:00:00+05:30,868.0,870.55,862.0,866.15,6694679,1.872438471929861,872.770231505081,884.4885790111084,-11.718347506027385,-11.247858745072449,8.549999999999955,1.0499999999999545,7.5,8.549999999999955,15.82142857142858,11015175.25,No Signal
137,2023-01-20T00:00:00+05:30,873.5,876.5,865.55,870.35,8127162,1.8835574578273622,872.397888196607,883.4412768621374,-11.043388665530415,-11.206964729164042,10.950000000000045,10.350000000000023,0.6000000000000227,10.950000000000045,15.450000000000014,10868589.15,No Signal
138,2023-01-23T00:00:00+05:30,882.0,883.3,864.6,871.7,16882379,1.8629783048146287,872.2905207817445,882.5715526501273,-10.281031868382797,-11.021778157007793,18.699999999999932,12.949999999999932,5.75,18.699999999999932,16.128571428571433,11365554.1,No Signal
139,2023-01-24T00:00:00+05:30,879.0,881.7,868.0,870.75,11504090,1.7882562150673065,872.053517584553,881.6958820834512,-9.642364498898246,-10.745895425385884,13.700000000000045,10.0,3.7000000000000455,13.700000000000045,16.171428571428578,11691056.7,No Signal
140,2023-01-25T00:00:00+05:30,873.3,876.8,848.0,855.3,14918485,1.8202355181741177,869.4760533407756,879.7406315587511,-10.264578217975554,-10.649631983903818,28.799999999999955,6.0499999999999545,22.75,28.799999999999955,16.014285714285716,11987965.95,No Signal
141,2023-01-27T00:00:00+05:30,839.15,843.0,813.1,817.2,39718683,2.2850854550076853,861.4335835960409,875.1079921840288,-13.674408587987955,-11.254587304720646,29.899999999999977,12.299999999999955,42.19999999999993,42.19999999999993,17.696428571428573,13374189.1,Sell
142,2023-01-30T00:00:00+05:30,800.0,826.25,796.0,823.5,36301441,2.5417871717050726,855.5976476581884,871.2851779481748,-15.687530289986398,-12.141175901773797,30.25,9.049999999999955,21.200000000000045,30.25,18.682142857142853,14704834.8,Sell
143,2023-01-31T00:00:00+05:30,826.0,838.3,814.1,831.9,27291226,2.4982796328126597,851.9518557107748,868.3677573594211,-16.415901648646354,-12.99612105114831,24.199999999999932,14.799999999999955,9.399999999999977,24.199999999999932,18.853571428571424,15853625.95,Sell
144,2023-02-01T00:00:00+05:30,843.45,875.2,823.15,847.95,39237711,2.261760897251034,851.3361856014249,866.8553308883529,-15.519145286928051,-13.500725898304259,52.05000000000007,43.30000000000007,8.75,52.05000000000007,21.428571428571427,17523168.75,Sell
145,2023-02-02T00:00:00+05:30,828.4,860.6,826.1,857.9,16798190,1.9897692186403093,852.3460032012057,866.1919730447712,-13.845969843565513,-13.56977468735651,34.5,12.649999999999977,21.850000000000023,34.5,22.864285714285717,17740349.15,Sell
146,2023-02-03T00:00:00+05:30,864.65,872.65,852.1,863.8,14914366,1.9092348846089295,854.1081565548664,866.0147898562697,-11.906633301403303,-13.23714641016587,20.549999999999955,14.75,5.7999999999999545,20.549999999999955,23.14642857142857,17658707.65,Buy
147,2023-02-06T00:00:00+05:30,861.5,867.8,849.65,853.7,8463581,1.911917949889905,854.0453632387331,865.1025832002497,-11.05721996151658,-12.801161120436014,18.149999999999977,4.0,14.149999999999977,18.149999999999977,23.27142857142856,17341656.05,Buy
148,2023-02-07T00:00:00+05:30,855.0,856.0,847.2,852.75,9337066,1.8722678814861011,853.8460765866204,864.1875770372682,-10.3415004506478,-12.309228986478372,8.799999999999955,2.2999999999999545,6.5,8.799999999999955,23.196428571428555,16967916.7,Buy
149,2023-02-08T00:00:00+05:30,852.5,860.7,851.9,859.1,8082983,1.8557928769380518,854.6543724963711,863.810719478952,-9.156346982580885,-11.678652585698876,8.800000000000068,7.9500000000000455,0.8500000000000227,8.800000000000068,22.87142857142856,16698558.75,Buy
150,2023-02-09T00:00:00+05:30,858.5,864.9,851.6,860.8,6299265,1.8382176734932543,855.5998536507756,863.5877032212519,-7.987849570476328,-10.940491982654367,13.299999999999955,5.7999999999999545,7.5,13.299999999999955,23.21071428571427,16235599.0,Buy
151,2023-02-10T00:00:00+05:30,855.55,861.9,852.0,853.85,8656405,1.8516496322676677,855.33064539681,862.8663918715296,-7.535746474719531,-10.2595428810674,9.899999999999977,1.1000000000000227,8.799999999999955,9.899999999999977,23.13571428571427,15835469.2,Buy
152,2023-02-13T00:00:00+05:30,853.4,859.3,849.35,850.65,9394365,1.8032054535451827,854.6105461049931,861.96147395512,-7.350927850126936,-9.677819874879308,9.949999999999932,5.449999999999932,4.5,9.949999999999932,22.51071428571427,15744032.3,Buy
153,2023-02-14T00:00:00+05:30,853.9,867.3,852.1,865.3,13402934,1.772872701609164,856.2550774734557,862.2087721806666,-5.953694707210957,-8.932994841345637,15.199999999999932,16.649999999999977,1.4500000000000455,16.649999999999977,22.72142857142855,15998188.4,Buy
154,2023-02-15T00:00:00+05:30,866.4,873.25,860.6,870.8,12070288,1.789215793874881,858.4927578621548,862.8451594265432,-4.352401564388401,-8.01687618595419,12.649999999999977,7.9500000000000455,4.699999999999932,12.649999999999977,21.56785714285712,15970459.85,Buy
155,2023-02-16T00:00:00+05:30,875.95,877.8,864.85,869.45,10715685,1.7917252575666103,860.1784874218233,863.334406876429,-3.1559194546056233,-7.044684839684478,12.949999999999932,7.0,5.949999999999932,12.949999999999932,19.478571428571406,15940549.2,No Signal
156,2023-02-17T00:00:00+05:30,867.55,867.55,855.15,862.65,9990618,1.793686901764872,860.5587201261582,863.2837100707675,-2.7249899446093195,-6.180745860669447,12.399999999999977,1.900000000000091,14.300000000000068,14.300000000000068,18.339285714285698,16105346.15,No Signal
157,2023-02-20T00:00:00+05:30,862.65,866.55,850.25,852.1,9013430,1.77006679174149,859.2573785682877,862.4552871025625,-3.197908534274802,-5.584178395390518,16.299999999999955,3.8999999999999773,12.399999999999977,16.299999999999955,17.774999999999984,16149659.55,No Signal
158,2023-02-21T00:00:00+05:30,854.4,859.45,846.85,854.2,11704445,1.7014189788844958,858.4793203270126,861.8437843542245,-3.3644640272118522,-5.140235521754786,12.600000000000023,7.350000000000023,5.25,12.600000000000023,14.95714285714284,15890762.85,No Signal
159,2023-02-22T00:00:00+05:30,851.25,854.2,834.75,839.25,13880984,1.7028749823966065,855.520963353626,860.170170698356,-4.649207344729916,-5.0420298863498125,19.450000000000045,0.0,19.450000000000045,19.450000000000045,13.882142857142842,16009607.55,No Signal
160,2023-02-23T00:00:00+05:30,836.55,844.45,833.55,839.75,11743574,1.7302240052477293,853.094661299222,858.6575654614406,-5.562904162218615,-5.146204741523573,10.900000000000091,5.2000000000000455,5.7000000000000455,10.900000000000091,13.192857142857138,15850862.0,No Signal
161,2023-02-24T00:00:00+05:30,843.95,845.6,835.55,839.7,8246139,1.4854618704497482,851.0339441762648,857.2533013531857,-6.219357176920994,-5.360835228603058,10.050000000000068,5.850000000000023,4.2000000000000455,10.050000000000068,12.614285714285716,14277234.8,No Signal
162,2023-02-27T00:00:00+05:30,833.55,858.3,833.55,856.4,14422574,1.221500445677546,851.8594912260702,857.1900938455424,-5.330602619472188,-5.354788706776884,24.75,18.59999999999991,6.150000000000091,24.75,13.753571428571433,13183291.45,No Signal
163,2023-02-28T00:00:00+05:30,854.9,858.0,850.0,854.85,19600146,1.060171039822678,852.3195694989824,857.0167535606874,-4.697184061705002,-5.223267777762508,8.0,1.6000000000000227,6.399999999999977,8.0,13.696428571428571,12798737.45,No Signal
164,2023-03-01T00:00:00+05:30,864.0,864.0,851.85,856.3,11015843,1.0393400000097954,852.9319434222159,856.9636607043402,-4.031717282124305,-4.984957678634867,12.149999999999977,9.149999999999977,3.0,12.149999999999977,13.614285714285716,11387644.05,No Signal
165,2023-03-02T00:00:00+05:30,853.0,861.85,851.1,854.0,12327141,1.0411056451925784,853.0962598187981,856.7441302817965,-3.6478704629984122,-4.717540235507577,10.75,5.550000000000068,5.199999999999932,10.75,13.675000000000002,11164091.6,No Signal
166,2023-03-03T00:00:00+05:30,856.75,873.0,849.85,868.55,12823079,1.057381348401772,855.4737583082137,857.6186391498115,-2.1448808415977965,-4.203008356725621,23.149999999999977,19.0,4.149999999999977,23.149999999999977,14.617857142857149,11059527.25,No Signal
167,2023-03-06T00:00:00+05:30,871.75,876.85,865.35,869.0,13903631,1.1086375915252453,857.5547185684885,858.4617029164922,-0.9069843480036752,-3.543803554981232,11.5,8.300000000000068,3.199999999999932,11.5,14.250000000000009,11331529.75,No Signal
168,2023-03-08T00:00:00+05:30,866.65,873.65,861.5,872.1,16144544,1.1691077404291916,859.7924541733364,859.4719471449001,0.32050702843628187,-2.7709414382977293,12.149999999999977,4.649999999999977,7.5,12.149999999999977,14.214285714285722,11671903.65,No Signal
169,2023-03-09T00:00:00+05:30,867.2,869.8,854.15,855.95,10624217,1.1908552585936876,859.2013073774385,859.2110621712038,-0.009754793765296199,-2.218704109391243,15.649999999999977,2.300000000000068,17.950000000000045,17.950000000000045,14.571428571428587,11798965.35,No Signal
170,2023-03-10T00:00:00+05:30,844.7,845.35,836.25,842.65,17273067,1.265140480252582,856.6549523962941,857.9843168251887,-1.3293644288945643,-2.040836173291907,9.100000000000023,10.600000000000023,19.700000000000045,19.700000000000045,14.957142857142872,12347655.45,No Signal
171,2023-03-13T00:00:00+05:30,841.45,855.3,823.95,828.4,16413016,1.492181888993604,852.3080366430181,855.7928859492488,-3.4848493062306716,-2.3296387998796604,31.34999999999991,12.649999999999977,18.699999999999932,31.34999999999991,16.03214285714287,12735486.0,Sell
172,2023-03-14T00:00:00+05:30,827.0,834.45,818.25,830.35,15455804,1.6288013390884006,848.9298771594769,853.9082277307859,-4.978350571309079,-2.8593811541655443,16.200000000000045,6.050000000000068,10.149999999999977,16.200000000000045,16.28928571428573,13038557.95,Sell
173,2023-03-15T00:00:00+05:30,836.45,843.95,822.2,825.9,12914288,1.7713911551582744,845.3868191349419,851.8335441951722,-6.446725060230278,-3.5768499353784913,21.75,13.600000000000023,8.149999999999977,21.75,16.45357142857144,13014125.65,Sell
174,2023-03-16T00:00:00+05:30,829.7,831.3,810.3,823.9,14987801,1.8478461626659948,842.0811546526431,849.7643927733076,-7.683238120664441,-4.398127572435682,21.0,5.399999999999977,15.600000000000023,21.0,17.175000000000004,13160001.3,Sell
175,2023-03-17T00:00:00+05:30,831.8,838.4,818.65,836.25,11103205,1.766112614368794,841.1840539368519,848.7633266419515,-7.579272705099584,-5.034356598968462,19.75,14.5,5.25,19.75,17.86785714285714,13179377.3,Sell
176,2023-03-20T00:00:00+05:30,837.0,837.8,825.0,836.45,14838597,1.7421766759884292,840.455737946567,847.8512283721773,-7.395490425610319,-5.506583364296834,12.799999999999955,1.5499999999999545,11.25,12.799999999999955,17.01428571428571,13421776.25,Sell
177,2023-03-21T00:00:00+05:30,843.0,854.5,839.05,852.4,18754586,1.710268646609827,842.2933167240182,848.1881744186827,-5.894857694664552,-5.584238230370377,15.450000000000045,18.049999999999955,2.599999999999909,18.049999999999955,17.73214285714285,13908834.05,Sell
178,2023-03-22T00:00:00+05:30,857.65,862.55,851.0,860.2,17431414,1.7203350442970433,845.0481910741693,849.077939276558,-4.02974820238876,-5.273340224774054,11.549999999999955,10.149999999999977,1.3999999999999773,11.549999999999955,17.689285714285706,14195182.5,Buy
179,2023-03-23T00:00:00+05:30,857.0,867.45,852.8,855.45,17920459,1.7287252110198672,846.6484693704509,849.5499437745908,-2.90147440413989,-4.798967060647221,14.650000000000091,7.25,7.400000000000091,14.650000000000091,17.967857142857138,14397156.25,Buy
180,2023-03-24T00:00:00+05:30,852.5,860.0,849.15,852.4,17295654,1.7234180877533256,847.5333202365354,849.761059050547,-2.2277388140116727,-4.2847214113201115,10.850000000000023,4.5499999999999545,6.300000000000068,10.850000000000023,17.089285714285715,14674760.25,Buy
181,2023-03-27T00:00:00+05:30,854.95,856.4,844.05,848.7,17047021,1.7134232979906614,847.7128094309145,849.6824620838398,-1.9696526529253333,-3.821707659641156,12.350000000000023,4.0,8.350000000000023,12.350000000000023,17.150000000000002,15114804.35,Buy
182,2023-03-28T00:00:00+05:30,855.55,858.9,848.2,854.75,24467442,1.6966736589228382,848.7954541338507,850.0578352628147,-1.2623811289639661,-3.309842353505718,10.699999999999932,10.199999999999932,0.5,10.699999999999932,17.04642857142857,15617047.75,Buy
183,2023-03-29T00:00:00+05:30,857.05,862.1,848.0,851.0,34871225,1.6974154536924975,849.1346150363353,850.127625243347,-0.9930102070117073,-2.846475924206916,14.100000000000023,7.350000000000023,6.75,14.100000000000023,16.77142857142857,16380601.7,Buy
184,2023-03-31T00:00:00+05:30,861.95,881.0,858.5,876.9,25737341,1.789636207056914,853.4062127230529,852.1107641142102,1.2954486088427757,-2.0180910175969777,22.5,30.0,7.5,30.0,17.50714285714285,17116676.6,Buy
185,2023-04-03T00:00:00+05:30,880.2,887.1,868.85,883.8,26416332,1.9726911208070328,858.0821799964294,854.458114920565,3.6240650758644506,-0.889659798904692,18.25,10.200000000000045,8.049999999999955,18.25,16.571428571428573,17821136.15,Buy
186,2023-04-05T00:00:00+05:30,886.6,887.75,874.0,884.6,21068308,2.102968536840096,862.1618446123633,856.6908471486713,5.470997463692015,0.3824716536146494,13.75,3.9500000000000455,9.799999999999955,13.75,16.39642857142857,18233397.6,No Signal
187,2023-04-06T00:00:00+05:30,882.0,890.1,872.7,875.0,26041415,2.1640986494508927,864.1369454412305,858.0470806932142,6.089864748016339,1.5239502724949874,17.399999999999977,5.5,11.899999999999977,17.399999999999977,16.085714285714282,18840286.8,No Signal
188,2023-04-10T00:00:00+05:30,880.05,882.8,864.4,868.45,30905654,2.159280735375909,864.8004922964259,858.8176673085317,5.982824987894219,2.4157252155748337,18.399999999999977,7.7999999999999545,10.600000000000023,18.399999999999977,15.899999999999993,19578342.3,No Signal
189,2023-04-11T00:00:00+05:30,873.7,885.6,865.0,881.9,39503400,2.255407629166405,867.4311857892834,860.5274697301219,6.903716059161525,3.3133233842921723,20.600000000000023,17.149999999999977,3.4500000000000455,20.600000000000023,15.96071428571428,21022301.45,No Signal
190,2023-04-12T00:00:00+05:30,883.45,892.0,880.3,890.15,22685854,2.394541230776448,870.9263879755475,862.7217312315943,8.204656743953251,4.291590056224388,11.700000000000045,10.100000000000023,1.6000000000000227,11.700000000000045,15.882142857142858,21292940.8,No Signal
191,2023-04-13T00:00:00+05:30,891.1,901.65,886.5,899.0,34439389,2.486212208017859,875.2454052100787,865.4090103996243,9.836394810454408,5.400551007070392,15.149999999999977,11.5,3.6499999999999773,15.149999999999977,15.675000000000002,22194259.45,No Signal
192,2023-04-17T00:00:00+05:30,917.3,917.3,893.15,899.6,29947855,2.5536748857919274,878.9922659469897,867.9416762959485,11.050589651041264,6.530558735864567,24.149999999999977,18.299999999999955,5.850000000000023,24.149999999999977,16.575000000000006,22918862.0,No Signal
193,2023-04-18T00:00:00+05:30,907.95,907.95,894.1,896.85,26698975,2.5021162761011437,881.7396096474529,870.0830336073597,11.656576040093228,7.555762196710299,13.850000000000023,8.350000000000023,5.5,13.850000000000023,16.517857142857142,23608096.35,No Signal
194,2023-04-19T00:00:00+05:30,895.9,896.9,887.25,891.9,24377785,2.326711104337293,883.3027466247678,871.6991051919997,11.603641432768086,8.365338043921858,9.649999999999977,0.049999999999954525,9.600000000000023,9.649999999999977,16.432142857142853,24077595.55,No Signal
195,2023-04-20T00:00:00+05:30,892.25,899.3,889.2,894.4,16999523,2.2205099835486264,885.0100163748035,873.3806529555553,11.629363419248193,9.018143118987124,10.099999999999909,7.399999999999977,2.699999999999932,10.099999999999909,16.27142857142856,24372411.45,No Signal
196,2023-04-21T00:00:00+05:30,894.55,900.7,882.4,885.65,29578071,2.044134085861678,885.1084753940645,874.289493477366,10.818981916698476,9.378310878529396,18.300000000000068,6.300000000000068,12.0,18.300000000000068,16.814285714285713,25109385.15,Buy
197,2023-04-24T00:00:00+05:30,905.0,906.5,895.0,904.75,30881665,2.036185333317531,888.1302484103622,876.5458272938574,11.584421116504814,9.81953292612448,11.5,20.850000000000023,9.350000000000023,20.850000000000023,17.29642857142857,25715739.1,Buy
198,2023-04-25T00:00:00+05:30,906.3,916.0,903.1,913.45,41383839,2.1415292392133334,892.025594808768,879.2794697165347,12.746125092233342,10.404851359346253,12.899999999999977,11.25,1.6499999999999773,12.899999999999977,16.074999999999996,26913360.35,No Signal
199,2023-04-26T00:00:00+05:30,911.45,916.95,905.75,914.95,30371555,2.194614823252782,895.5524263766498,881.9217312190136,13.630695157636183,11.05002011900424,11.200000000000045,3.5,7.7000000000000455,11.200000000000045,15.571428571428571,27535915.15,No Signal
200,2023-04-27T00:00:00+05:30,909.5,919.9,908.55,918.35,25835108,2.192434526058293,899.0597453956268,884.6201214990867,14.43962389654007,11.727940874511406,11.350000000000023,4.949999999999932,6.400000000000091,11.350000000000023,15.400000000000002,27962887.85,No Signal
201,2023-04-28T00:00:00+05:30,915.1,920.45,910.25,917.65,20381002,2.0883173872542224,901.9197845655303,887.066779165821,14.853005399709332,12.352953779550992,10.200000000000045,2.1000000000000227,8.100000000000023,10.200000000000045,14.885714285714291,28129586.9,No Signal
202,2023-05-02T00:00:00+05:30,924.0,925.8,918.7,922.1,17515017,2.008592208190511,905.0244330939103,889.6618325609454,15.362600532964848,12.954883130233764,7.099999999999909,8.149999999999977,1.0500000000000682,8.149999999999977,14.153571428571436,27781965.65,No Signal
203,2023-05-03T00:00:00+05:30,919.55,923.85,911.55,922.85,18715142,1.811760121953176,907.7668280025395,892.1202153342088,15.646612668330704,13.493229037853153,12.300000000000068,1.75,10.550000000000068,12.300000000000068,13.560714285714296,26974161.5,No Signal
204,2023-05-04T00:00:00+05:30,920.0,923.9,911.8,921.7,20485002,1.830243042889867,909.9103929252257,894.3113104946377,15.599082430587941,13.914399716400112,12.100000000000023,1.0499999999999545,11.050000000000068,12.100000000000023,13.589285714285722,26711544.55,No Signal
205,2023-05-05T00:00:00+05:30,925.0,942.45,923.45,926.95,19002035,1.8902797026011042,912.5318709367294,896.7289911987386,15.802879737990793,14.29209572071825,19.0,20.75,1.75,20.75,13.989285714285725,26340829.7,No Signal
206,2023-05-08T00:00:00+05:30,927.0,941.7,927.0,937.9,18623913,2.0065615781173918,916.4346600233864,899.7786955543876,16.65596446899883,14.764869470374366,14.700000000000045,14.75,0.049999999999954525,14.75,13.317857142857154,26218609.95,No Signal
207,2023-05-09T00:00:00+05:30,941.0,945.0,931.8,934.4,21507610,1.996892636119192,919.1985584813269,902.343236624433,16.855321856893966,15.182959947678286,13.200000000000045,7.100000000000023,6.100000000000023,13.200000000000045,13.271428571428585,25991919.7,No Signal
208,2023-05-10T00:00:00+05:30,934.6,941.0,928.25,936.05,25910923,1.8543313121148361,921.7910879457381,904.840033911512,16.951054034226104,15.536578764987851,12.75,6.600000000000023,6.149999999999977,12.75,13.492857142857158,25742183.15,No Signal
209,2023-05-11T00:00:00+05:30,940.05,947.0,933.85,939.2,20027372,1.8218412286871215,924.4693821079322,907.3852165847334,17.084165523198863,15.846096116630054,13.149999999999977,10.950000000000045,2.199999999999932,13.149999999999977,13.710714285714305,24768381.75,No Signal
210,2023-05-12T00:00:00+05:30,939.75,948.0,935.1,943.9,13873480,1.85242522803752,927.4587079374811,910.0900153562346,17.368692581246478,16.15061540955334,12.899999999999977,8.799999999999955,4.100000000000023,12.899999999999977,13.325000000000014,24327763.05,No Signal
211,2023-05-15T00:00:00+05:30,943.75,949.0,938.2,945.75,10453762,1.923565424756895,930.2727528701763,912.7314957002172,17.541257169959067,16.428743761634486,10.799999999999955,5.100000000000023,5.699999999999932,10.799999999999955,12.607142857142865,23128481.7,No Signal
212,2023-05-16T00:00:00+05:30,950.0,952.2,943.0,946.35,19612293,1.9701826605236554,932.7461755055338,915.2217552779789,17.524420227554856,16.64787905481856,9.200000000000045,6.4500000000000455,2.75,9.200000000000045,12.342857142857156,22611703.6,No Signal
213,2023-05-17T00:00:00+05:30,947.3,948.4,935.8,939.35,19273344,1.936803629968618,933.7621485046824,917.0090326647953,16.753115839887073,16.668926411832263,12.600000000000023,2.0499999999999545,10.550000000000068,12.600000000000023,12.442857142857154,22240422.05,No Signal
214,2023-05-18T00:00:00+05:30,947.95,952.25,942.1,946.5,21550141,1.8360523007252902,935.7218179655005,919.1935487636994,16.528269201801095,16.64079496982603,10.149999999999977,12.899999999999977,2.75,12.899999999999977,12.553571428571436,22099039.85,No Signal
215,2023-05-19T00:00:00+05:30,951.45,956.0,941.6,954.3,15427412,1.767848125684748,938.579999816962,921.794026633055,16.785973183907004,16.669830612642226,14.399999999999977,9.5,4.899999999999977,14.399999999999977,12.853571428571431,22020434.3,No Signal
216,2023-05-22T00:00:00+05:30,951.05,954.25,946.15,950.35,15509525,1.4932028163525966,940.390769075891,923.9092839194954,16.481485156395593,16.632161521392902,8.100000000000023,0.049999999999954525,8.149999999999977,8.149999999999977,12.853571428571431,21317007.0,No Signal
217,2023-05-23T00:00:00+05:30,952.0,958.85,945.0,953.4,16579935,1.4110677694089167,942.3921892180616,926.0937814069401,16.29840781112148,16.56541077933862,13.850000000000023,8.5,5.350000000000023,13.850000000000023,12.964285714285714,20601920.5,No Signal
218,2023-05-24T00:00:00+05:30,946.7,953.85,938.5,940.65,18049620,1.3378121835672176,942.1241601075906,927.1720198212408,14.952140286349731,16.242756680740843,15.350000000000023,0.4500000000000455,14.899999999999977,15.350000000000023,13.196428571428571,19435209.55,No Signal
219,2023-05-25T00:00:00+05:30,937.0,941.6,932.95,939.85,19328582,1.2369465924970444,941.7742893218074,928.1111294641119,13.663159857695518,15.72683731613178,8.649999999999977,0.9500000000000455,7.699999999999932,8.649999999999977,12.332142857142856,18883060.9,No Signal
220,2023-05-26T00:00:00+05:30,939.8,952.45,935.55,950.7,10957182,1.173119632891091,943.1474755799909,929.7843791334369,13.363096446553982,15.254089142216221,16.90000000000009,12.600000000000023,4.300000000000068,16.90000000000009,12.485714285714291,18139164.6,No Signal
221,2023-05-29T00:00:00+05:30,953.85,957.6,946.8,948.15,12108079,1.075443589014356,943.9170947215307,931.1447954939231,12.772299227607618,14.757731159294503,10.800000000000068,6.899999999999977,3.900000000000091,10.800000000000068,12.31428571428572,17725518.45,No Signal
222,2023-05-30T00:00:00+05:30,945.35,952.3,944.65,949.95,18483624,0.9998993487521933,944.8452339951414,932.5377736054843,12.30746038965708,14.26767700536702,7.649999999999977,4.149999999999977,3.5,7.649999999999977,11.950000000000005,17773948.8,No Signal
223,2023-05-31T00:00:00+05:30,949.5,952.0,940.5,949.15,27254425,0.9027478880838234,945.5075056881965,933.768308893967,11.739196794229542,13.761980963139525,11.5,2.0499999999999545,9.450000000000045,11.5,11.832142857142864,18200912.95,No Signal
224,2023-06-01T00:00:00+05:30,954.25,954.25,932.8,936.1,21650700,0.7696881496268253,944.0601971207816,933.9410267536731,10.119170367108495,13.033418843933319,21.450000000000045,5.100000000000023,16.350000000000023,21.450000000000045,12.442857142857154,18259197.85,No Signal
225,2023-06-02T00:00:00+05:30,943.0,944.65,935.05,938.15,12494376,0.6634067758113327,943.1509360252768,934.2528025496973,8.89813347557947,12.20636177026255,9.600000000000023,8.549999999999955,1.0500000000000682,9.600000000000023,12.357142857142874,17933814.9,No Signal
226,2023-06-05T00:00:00+05:30,943.0,951.8,943.0,946.75,10751684,0.6421551115845006,943.7046381752342,935.1785208793493,8.526117295884887,11.470312875387018,8.799999999999955,13.649999999999977,4.850000000000023,13.649999999999977,12.675000000000011,17540203.45,No Signal
227,2023-06-06T00:00:00+05:30,946.5,947.8,938.1,942.1,11894330,0.5983866840282508,943.4577707636597,935.6912230364345,7.766547727225202,10.729559845754656,9.699999999999932,1.0499999999999545,8.649999999999977,9.699999999999932,12.467857142857147,17059539.45,No Signal
228,2023-06-07T00:00:00+05:30,944.35,945.85,933.8,940.2,16486469,0.5708267531549786,942.9565752615582,936.0252065152172,6.931368746341036,9.969921625871933,12.050000000000068,3.75,8.300000000000068,12.050000000000068,12.407142857142869,16588316.75,No Signal
229,2023-06-08T00:00:00+05:30,936.6,950.5,935.2,937.9,17608140,0.5809411690661421,942.1786406059339,936.1640801066826,6.0145604992512745,9.178849400547803,15.299999999999955,10.299999999999955,5.0,15.299999999999955,12.47142857142858,16467355.15,No Signal
230,2023-06-09T00:00:00+05:30,941.4,944.0,936.2,938.05,12253128,0.6036316327998544,941.5434651280979,936.303777876558,5.239687251539863,8.391016970746215,7.7999999999999545,6.100000000000023,1.6999999999999318,7.7999999999999545,12.44642857142858,16386337.55,No Signal
231,2023-06-12T00:00:00+05:30,938.0,943.5,933.3,935.95,10520125,0.6389709287631815,940.6829320314674,936.2775721079241,4.405359923543301,7.593885561305632,10.200000000000045,5.4500000000000455,4.75,10.200000000000045,12.185714285714296,16389655.7,No Signal
232,2023-06-13T00:00:00+05:30,935.9,946.25,934.1,943.55,13528776,0.631665977802828,941.1240194112416,936.8162704703001,4.307748940941565,6.93665823723282,12.149999999999977,10.299999999999955,1.8500000000000227,12.149999999999977,11.957142857142864,16085479.85,No Signal
233,2023-06-14T00:00:00+05:30,946.05,946.95,936.25,939.8,13489262,0.6322845479442866,940.9203241172045,937.0372874725001,3.8830366447043616,6.325933918727128,10.700000000000045,3.400000000000091,7.2999999999999545,10.700000000000045,12.10357142857144,15796275.75,No Signal
234,2023-06-15T00:00:00+05:30,940.7,942.95,924.35,926.6,19366819,0.7633933922410374,938.7171973299422,936.2641550671298,2.4530422628124597,5.551355587544195,18.600000000000023,3.150000000000091,15.449999999999932,18.600000000000023,12.225000000000007,15687109.65,No Signal
235,2023-06-16T00:00:00+05:30,929.3,937.55,927.05,934.05,11209520,0.7310604158178118,937.9991669714896,936.1001435806756,1.899023390813909,4.8208891481981375,10.5,10.949999999999932,0.4499999999999318,10.949999999999932,12.235714285714282,15476215.05,No Signal
236,2023-06-19T00:00:00+05:30,933.5,933.95,918.95,923.25,19317822,0.8370901914546262,935.7300643604912,935.1482810932182,0.5817832672729537,3.973067972013101,15.0,0.09999999999990905,15.099999999999909,15.099999999999909,12.767857142857135,15666629.9,Sell
237,2023-06-20T00:00:00+05:30,920.95,928.4,914.8,927.2,15192433,0.8288927798342649,934.4177467665694,934.5595195307576,-0.14177276418820384,3.1500998247728402,13.600000000000023,5.149999999999977,8.450000000000045,13.600000000000023,12.917857142857136,15597254.8,Sell
238,2023-06-21T00:00:00+05:30,928.0,928.0,920.15,925.0,9185196,0.8997164855300095,932.9688626486356,933.8514069729237,-0.8825443242880056,2.3435709949606713,7.850000000000023,0.7999999999999545,7.050000000000068,7.850000000000023,11.946428571428564,15154033.6,No Signal
239,2023-06-22T00:00:00+05:30,924.4,935.5,921.0,925.9,27259647,0.9488888116750329,931.8813453180763,933.2624138638182,-1.3810685457418685,1.5986430868201635,14.5,10.5,4.0,14.5,12.296428571428562,15550586.85,No Signal
240,2023-06-23T00:00:00+05:30,926.05,931.75,919.0,923.9,8688484,0.9501606154640824,930.6534460383723,932.5689017257577,-1.9154556873853608,0.8958233319790587,12.75,5.850000000000023,6.899999999999977,12.75,12.232142857142849,15437151.95,No Signal
241,2023-06-26T00:00:00+05:30,927.1,931.75,923.2,927.0,11725351,0.9259751261039718,930.0913774170842,932.1563904868126,-2.0650130697283657,0.30365605163757386,8.549999999999955,7.850000000000023,0.6999999999999318,8.549999999999955,12.149999999999993,15418015.55,No Signal
242,2023-06-27T00:00:00+05:30,930.0,939.9,922.4,939.5,13360000,0.8466921315465802,931.5388578144559,932.7003615618635,-1.1615037474075507,0.010624091828548968,17.5,12.899999999999977,4.600000000000023,17.5,12.539285714285702,15161834.35,Sell
243,2023-06-28T00:00:00+05:30,944.0,944.0,934.4,939.45,25427259,0.7788602426884246,932.7559566122319,933.2003347795032,-0.4443781672713385,-0.08037635999142853,9.600000000000023,4.5,5.100000000000023,9.600000000000023,12.132142857142851,15070476.05,No Signal
244,2023-06-30T00:00:00+05:30,940.5,940.85,930.7,933.95,13677085,0.7825211562029354,932.9396555949654,933.2558655365771,-0.3162099416116462,-0.12754307631547207,10.149999999999977,1.3999999999999773,8.75,10.149999999999977,12.299999999999995,14671795.3,No Signal
245,2023-07-03T00:00:00+05:30,937.0,945.75,936.5,942.95,12275397,0.7968065575068499,934.4797085803554,933.9739495709047,0.505759009450685,-0.0008826591622406566,9.25,11.799999999999955,2.5499999999999545,11.799999999999955,12.414285714285702,14660846.35,Buy
246,2023-07-04T00:00:00+05:30,947.25,951.3,942.0,944.55,13939099,0.7772148589266576,936.0289841833776,934.7573607138006,1.27162346957698,0.25361856658560344,9.299999999999955,8.349999999999909,0.9500000000000455,9.299999999999955,12.210714285714273,14820217.1,No Signal
247,2023-07-05T00:00:00+05:30,942.05,964.75,942.05,959.1,13765066,0.9433879402793716,939.5783712320888,936.560519179445,3.017852052643775,0.8064652637972378,22.700000000000045,20.200000000000045,2.5,22.700000000000045,13.06785714285713,14913753.9,Buy
248,2023-07-06T00:00:00+05:30,954.7,963.9,954.7,957.5,16245662,1.0731604110914748,942.3355448886905,938.1115918328195,4.223953055870993,1.489962822211989,9.199999999999932,4.7999999999999545,4.399999999999977,9.199999999999932,12.396428571428553,14901713.55,Buy
249,2023-07-07T00:00:00+05:30,953.0,955.0,944.0,944.95,8380916,1.1063223785710457,942.7377687519689,938.6181405859439,4.119628166024995,2.0158958909745905,11.0,2.5,13.5,13.5,12.578571428571413,14440352.35,Buy
250,2023-07-10T00:00:00+05:30,946.0,952.9,941.55,947.75,12018890,1.1337866457238754,943.508881251666,939.2945746166148,4.21430663505123,2.4555780397899185,11.350000000000023,7.949999999999932,3.400000000000091,11.350000000000023,12.31071428571428,14428640.45,No Signal
251,2023-07-11T00:00:00+05:30,948.4,952.4,942.1,945.9,16888741,1.1543082401060607,943.8767456744866,939.7838653857544,4.0928802887322036,2.7830384895783755,10.299999999999955,4.649999999999977,5.649999999999977,10.299999999999955,12.074999999999989,14747071.25,No Signal
252,2023-07-12T00:00:00+05:30,948.4,951.15,941.4,944.0,21478710,1.1580487166529803,943.8957078784117,940.0961716534763,3.799536224935423,2.9863380366497854,9.75,5.25,4.5,9.75,12.210714285714273,15144567.95,No Signal
253,2023-07-13T00:00:00+05:30,947.7,959.2,943.05,956.5,23187567,1.2250118935916832,945.8348297432715,941.3112700495151,4.523559693756397,3.293782368071108,16.15000000000009,15.200000000000045,0.9500000000000455,16.15000000000009,12.328571428571422,15629483.2,No Signal
254,2023-07-14T00:00:00+05:30,959.75,965.0,951.45,964.8,12804350,1.3216950687267013,948.7525482443067,943.0511759717732,5.70137227253349,3.775300348963585,13.549999999999955,8.5,5.0499999999999545,13.549999999999955,12.385714285714275,15301359.75,Buy
255,2023-07-17T00:00:00+05:30,962.9,973.75,952.85,972.0,16265085,1.4887849597751701,952.3290792836441,945.1955333071974,7.133545976446726,4.446949474460213,20.899999999999977,8.950000000000045,11.949999999999932,20.899999999999977,13.267857142857135,15554138.0,Buy
256,2023-07-18T00:00:00+05:30,978.0,987.95,971.15,975.95,29541363,1.5967090401284312,955.9630670861604,947.4736419511087,8.48942513505176,5.255444606578523,16.800000000000068,15.950000000000045,0.8500000000000227,16.800000000000068,13.21785714285714,16065315.05,Buy
257,2023-07-19T00:00:00+05:30,980.0,980.0,967.6,973.55,15953552,1.6687231813426542,958.668749072905,949.4052240288044,9.263525044100675,6.057060694082954,12.399999999999977,4.0499999999999545,8.350000000000023,12.399999999999977,13.417857142857136,16103371.0,Buy
258,2023-07-20T00:00:00+05:30,976.05,998.1,972.2,994.75,26404421,1.8648179397428994,964.2197107539965,952.764096322967,11.455614431029517,7.136771441472266,25.899999999999977,24.550000000000068,1.349999999999909,25.899999999999977,14.542857142857136,16964332.25,Buy
259,2023-07-21T00:00:00+05:30,995.3,1001.2,988.9,1000.45,16688898,2.066442257026522,969.7936014072278,956.2963854842287,13.49721592299909,8.408860337777632,12.300000000000068,6.4500000000000455,5.850000000000023,12.300000000000068,14.578571428571431,16435794.8,Buy
260,2023-07-24T00:00:00+05:30,1004.95,1008.65,990.1,991.95,21316653,2.1153312868495595,973.2022781138081,958.9373939668784,14.264884146929717,9.58006509960805,18.549999999999955,8.199999999999932,10.350000000000023,18.549999999999955,15.239285714285716,17067203.25,Buy
261,2023-07-25T00:00:00+05:30,999.0,999.0,988.35,993.9,29197956,2.1271598996716756,976.3865430193761,961.5272166359986,14.859326383377493,10.635917356361938,10.649999999999977,7.0499999999999545,3.6000000000000227,10.649999999999977,14.378571428571425,17940833.5,Buy
262,2023-07-26T00:00:00+05:30,993.1,997.7,990.0,996.5,12764597,2.1971935306797548,979.4809210163951,964.1177931814801,15.363127834914962,11.581359452072544,7.7000000000000455,3.800000000000068,3.8999999999999773,7.7000000000000455,14.271428571428576,17911063.35,Buy
263,2023-07-27T00:00:00+05:30,1002.55,1005.75,987.3,993.65,25798977,2.2188160282554694,981.6607793215651,966.305364056926,15.355415264639078,12.336170614585852,18.450000000000045,9.25,9.200000000000045,18.450000000000045,14.625000000000009,17929649.25,Buy
264,2023-07-28T00:00:00+05:30,988.0,998.3,977.05,997.0,12560052,2.168158386306178,984.0206594259397,968.57904079345,15.441618632489735,12.95726021816663,21.25,4.649999999999977,16.600000000000023,21.25,15.332142857142864,17873797.6,Buy
265,2023-07-31T00:00:00+05:30,996.0,999.4,988.6,997.0,14190864,2.151445980053502,986.0174810527182,970.6842970309722,15.333184021745978,13.4324449788825,10.799999999999955,2.3999999999999773,8.399999999999977,10.799999999999955,15.367857142857149,17969570.95,Buy
266,2023-08-01T00:00:00+05:30,1001.65,1003.35,990.5,995.65,15450791,2.106416299579654,987.4994070446077,972.5336083620113,14.965798682596414,13.739115719625284,12.850000000000023,6.350000000000023,6.5,12.850000000000023,15.589285714285722,18045155.55,Buy
267,2023-08-02T00:00:00+05:30,985.25,994.0,977.5,986.05,15476013,2.1045751082538056,987.2764213454373,973.5348225574178,13.741598788019473,13.739612333304123,16.5,1.6499999999999773,18.149999999999977,18.149999999999977,15.732142857142858,18130702.9,Buy
268,2023-08-03T00:00:00+05:30,976.55,983.0,960.1,966.5,30931889,2.1121074477664723,984.0800488307547,973.0137245902016,11.066324240553058,13.20495471475391,22.899999999999977,3.0499999999999545,25.949999999999932,25.949999999999932,16.61785714285714,18865014.25,Sell
269,2023-08-04T00:00:00+05:30,968.65,976.0,961.35,970.85,20535711,1.9625627249645612,982.0446567029463,972.8534486946311,9.191208008315243,12.402205373466177,14.649999999999977,9.5,5.149999999999977,14.649999999999977,16.17142857142857,19472754.0,Sell
270,2023-08-07T00:00:00+05:30,970.95,981.45,969.5,974.6,16642175,1.815066460752658,980.899324902493,972.9828228653992,7.916502037093892,11.505064706191721,11.950000000000045,10.600000000000023,1.3500000000000227,11.950000000000045,15.824999999999998,19703918.25,Sell
271,2023-08-08T00:00:00+05:30,975.75,986.6,972.3,981.0,23759197,1.6120662086347035,980.9148133790326,973.5766878383325,7.338125540700048,10.671676873093388,14.300000000000068,12.0,2.300000000000068,14.300000000000068,15.960714285714289,20047441.05,Sell
272,2023-08-09T00:00:00+05:30,974.95,975.2,963.7,973.0,19243281,1.3718889883127383,979.6971497822583,973.5339702206783,6.163179561580023,9.769977410790716,11.5,5.7999999999999545,17.299999999999955,17.299999999999955,15.346428571428573,19935669.6,Sell
273,2023-08-10T00:00:00+05:30,971.55,972.3,959.45,963.45,24817240,1.3185035326241707,977.1975882772955,972.787009463591,4.4105788137045465,8.698097691373482,12.849999999999909,0.7000000000000455,13.549999999999955,13.549999999999955,15.43571428571428,20017153.25,Sell
274,2023-08-11T00:00:00+05:30,963.4,963.4,950.05,954.35,17099262,1.432861941244869,973.6825746961731,971.4213050588805,2.261269637292571,7.4107320805573,13.350000000000023,0.05000000000006821,13.400000000000091,13.400000000000091,15.067857142857147,20231898.85,Sell
275,2023-08-14T00:00:00+05:30,949.0,962.9,947.0,959.0,18966202,1.5109412305482506,971.423717050608,970.5012083878523,0.9225086627557175,6.113087396996984,15.899999999999977,8.549999999999955,7.350000000000023,15.899999999999977,15.442857142857147,20366954.7,Sell
276,2023-08-16T00:00:00+05:30,954.45,959.7,947.2,956.0,17785308,1.6288254812093228,969.0508375043606,969.427044803567,-0.37620729920638496,4.8152284577563105,12.5,0.7000000000000455,11.799999999999955,12.5,15.785714285714286,19779151.95,Sell
277,2023-08-17T00:00:00+05:30,956.95,956.95,946.5,950.0,27017197,1.7881511121986695,966.1199394267667,967.9880044477472,-1.8680650209805663,3.4785697620089353,10.450000000000045,0.9500000000000455,9.5,10.450000000000045,15.214285714285714,20332334.2,No Signal
278,2023-08-18T00:00:00+05:30,947.9,954.9,947.0,948.95,13216385,1.8889011712287556,963.4784102841872,966.5777818960622,-3.0993716118749717,2.162981487232154,7.899999999999977,4.899999999999977,3.0,7.899999999999977,14.260714285714284,19672932.4,No Signal
279,2023-08-21T00:00:00+05:30,950.7,959.3,949.15,952.85,13317781,1.87606581140628,961.8432702404662,965.5609091630206,-3.7176389225544426,0.9868574052748348,10.149999999999977,10.349999999999909,0.1999999999999318,10.349999999999909,14.228571428571424,19504376.55,No Signal
280,2023-08-22T00:00:00+05:30,956.4,956.65,949.3,950.0,16807590,1.9214317540364918,960.0212286650099,964.4082492250191,-4.387020560009205,-0.0879181877819731,7.350000000000023,3.7999999999999545,3.550000000000068,7.350000000000023,13.83571428571428,19278923.4,No Signal
281,2023-08-23T00:00:00+05:30,954.0,967.9,949.9,967.0,14629502,1.8214627124564489,961.0948857934699,964.6002307639066,-3.5053449704366813,-0.7714035443129147,18.0,17.899999999999977,0.10000000000002274,18.0,13.824999999999998,18550500.7,No Signal
282,2023-08-24T00:00:00+05:30,972.5,982.4,966.75,967.85,28346858,1.717741617702191,962.1341341329361,964.8409544110245,-2.7068202780884576,-1.1584868910680233,15.649999999999977,15.399999999999977,0.25,15.649999999999977,13.089285714285714,19329613.75,No Signal
283,2023-08-25T00:00:00+05:30,962.95,972.6,960.25,969.85,10227535,1.617406071528366,963.3211904201767,965.2119948250228,-1.890804404846108,-1.3049503938236402,12.350000000000023,4.75,7.600000000000023,12.350000000000023,12.925000000000002,18551041.65,No Signal
284,2023-08-28T00:00:00+05:30,969.95,975.0,965.15,971.4,10460697,1.468559292547176,964.5640842016879,965.6703655787248,-1.1062813770369075,-1.2652165904662938,9.850000000000023,5.149999999999977,4.7000000000000455,9.850000000000023,12.775000000000002,18446073.9,No Signal
285,2023-08-29T00:00:00+05:30,973.3,977.15,965.7,967.7,13179710,1.291814527115642,965.0465327860437,965.8207088691897,-0.7741760831460169,-1.1670084890022385,11.449999999999932,5.75,5.699999999999932,11.449999999999932,12.571428571428564,18395516.2,No Signal
286,2023-08-30T00:00:00+05:30,970.45,975.9,955.6,958.5,13829931,1.0967733618419135,964.0393738958832,965.2784341381387,-1.2390602422555048,-1.1814188396528917,20.299999999999955,8.199999999999932,12.100000000000023,20.299999999999955,12.785714285714278,18314473.2,No Signal
287,2023-08-31T00:00:00+05:30,960.0,966.1,954.1,959.85,36638342,0.9619413279600647,963.3948548349781,964.876327905684,-1.4814730707058743,-1.2414296858634883,12.0,7.600000000000023,4.399999999999977,12.0,12.674999999999995,19372589.65,No Signal
288,2023-09-01T00:00:00+05:30,956.9,973.05,952.8,968.7,16268147,0.958845162522888,964.2110310142123,965.1595628756334,-0.9485318614210883,-1.1828501209750084,20.25,13.199999999999932,7.050000000000068,20.25,13.164285714285702,18639402.55,No Signal
289,2023-09-04T00:00:00+05:30,968.7,969.05,960.55,967.35,9512956,0.9479217802357757,964.6939493197181,965.3218174774383,-0.627868157720286,-1.071853728324064,8.5,0.34999999999990905,8.150000000000091,8.5,12.635714285714275,18088264.8,No Signal
290,2023-09-05T00:00:00+05:30,964.1,970.0,962.25,968.4,16623486,0.9148024892482509,965.2641109628383,965.5498309976281,-0.2857200347897333,-0.9146269896171978,7.75,2.6499999999999773,5.100000000000023,7.75,12.296428571428562,18087330.35,No Signal
291,2023-09-06T00:00:00+05:30,962.55,969.5,950.8,957.5,30802100,0.8155143219665248,964.069632353171,964.953547220026,-0.8839148668550934,-0.9084845650647769,18.700000000000045,1.1000000000000227,17.600000000000023,18.700000000000045,12.885714285714275,18439475.5,No Signal
292,2023-09-07T00:00:00+05:30,957.4,969.5,954.7,965.65,13462347,0.7669035120093883,964.3127658372985,965.005136314839,-0.6923704775405213,-0.8652617475599259,14.799999999999955,12.0,2.7999999999999545,14.799999999999955,13.378571428571417,18150428.8,No Signal
293,2023-09-08T00:00:00+05:30,967.5,975.0,961.25,970.55,13086915,0.7916363244952247,965.272340323868,965.4158669581842,-0.14352663431623114,-0.720914724911187,13.75,9.350000000000023,4.399999999999977,13.75,13.621428571428567,17563912.55,No Signal
294,2023-09-11T00:00:00+05:30,974.95,982.0,969.35,978.25,7894110,0.8517247347248007,967.2689033509652,966.3665434798002,0.9023598711650038,-0.3962598056959489,12.649999999999977,11.450000000000045,1.1999999999999318,12.649999999999977,13.999999999999991,17103654.95,Buy
295,2023-09-12T00:00:00+05:30,990.1,995.15,982.65,990.5,20959591,1.0420938696036253,970.8429182200474,968.1542069257409,2.688711294306472,0.22073441430453533,12.5,16.899999999999977,4.399999999999977,16.899999999999977,13.921428571428562,17203324.4,Buy
296,2023-09-13T00:00:00+05:30,989.8,994.85,980.55,989.8,21997553,1.1694372401485982,973.7593923400401,969.7575990053157,4.001793334724425,0.9769461983885134,14.300000000000068,4.350000000000023,9.950000000000045,14.300000000000068,13.824999999999998,17413936.65,Buy
297,2023-09-14T00:00:00+05:30,992.3,992.9,982.25,987.7,11464188,1.2040256157934859,975.9041012108032,971.0866657456627,4.817435465140534,1.7450440517389174,10.649999999999977,3.1000000000000227,7.5499999999999545,10.649999999999977,13.703571428571422,16636286.2,Buy
298,2023-09-15T00:00:00+05:30,990.35,997.5,988.6,992.45,13307980,1.2307041513485757,978.4496241014489,972.6691349496876,5.7804891517612305,2.55213307174338,8.899999999999977,9.799999999999955,0.8999999999999773,9.799999999999955,13.699999999999989,16640865.95,Buy
299,2023-09-18T00:00:00+05:30,990.1,996.25,987.3,990.2,16713222,1.2415807013539955,980.2573742396876,973.9677175460071,6.289656693680513,3.2996377961308068,8.950000000000045,3.7999999999999545,5.150000000000091,8.950000000000045,13.521428571428569,16810638.0,Buy
300,2023-09-20T00:00:00+05:30,981.55,996.0,980.65,987.15,25741856,1.1738621545201855,981.3177782028125,974.9441829129695,6.373595289843024,3.9144292948732504,15.350000000000023,5.7999999999999545,9.550000000000068,15.350000000000023,13.167857142857144,17257351.3,No Signal
301,2023-09-21T00:00:00+05:30,979.95,982.5,957.45,959.3,19742813,1.2455447694226467,977.9304277100721,973.7853545490458,4.145073161026289,3.9605580681038584,25.049999999999955,4.649999999999977,29.699999999999932,29.699999999999932,14.432142857142853,17513016.85,Buy
302,2023-09-22T00:00:00+05:30,956.5,960.9,947.4,950.3,12701888,1.3658827294497486,973.6795926777532,972.0456986565239,1.6338940212293664,3.49522525872896,13.5,1.6000000000000227,11.899999999999977,13.5,13.949999999999998,16730768.35,Sell
303,2023-09-25T00:00:00+05:30,950.3,961.2,941.5,956.35,8997098,1.4084627743580274,971.0135014965605,970.8830543115962,0.13044718496428231,2.822269643976025,19.700000000000045,10.900000000000091,8.799999999999955,19.700000000000045,14.75,16669246.5,Sell
304,2023-09-26T00:00:00+05:30,958.95,958.95,947.1,948.7,10521409,1.5214778361088448,967.5806551124742,969.2398651033299,-1.6592099908556293,1.9259737170096942,11.850000000000023,2.6000000000000227,9.25,11.850000000000023,15.042857142857144,16672282.1,Sell
305,2023-09-27T00:00:00+05:30,946.3,946.5,934.4,943.1,15152973,1.6647254777364788,963.814400479786,967.3035787993795,-3.4891783195935204,0.8429433096890514,12.100000000000023,2.2000000000000455,14.300000000000068,14.300000000000068,14.728571428571431,16770945.25,Sell
306,2023-09-28T00:00:00+05:30,945.5,947.25,934.75,942.6,25991282,1.7674878584545657,960.5506465598189,965.4736840734995,-4.923037513680583,-0.3102528549848756,12.5,4.149999999999977,8.350000000000023,12.5,14.56428571428572,17379012.8,Sell
307,2023-09-29T00:00:00+05:30,946.7,956.0,943.7,951.9,10447334,1.7832731926783751,959.2197778583084,964.468225993981,-5.248448135672675,-1.2978919111224356,12.299999999999955,13.399999999999977,1.1000000000000227,13.399999999999977,14.53928571428572,16069462.4,Sell
308,2023-10-03T00:00:00+05:30,951.6,951.6,939.0,940.3,11131636,1.9241516421404068,956.309042803184,962.6779870314639,-6.368944228279929,-2.3121023745539344,12.600000000000023,0.2999999999999545,12.899999999999977,12.899999999999977,14.557142857142862,15812636.85,Sell
309,2023-10-04T00:00:00+05:30,935.0,935.5,925.0,930.05,17334739,2.1373637424576204,952.2691900642326,960.2610991032074,-7.991909038974768,-3.4480637074381013,10.5,4.7999999999999545,15.299999999999955,15.299999999999955,14.442857142857147,16203726.0,Sell
310,2023-10-05T00:00:00+05:30,935.2,943.95,934.55,940.85,10478856,2.1869170391981583,950.5123915928122,958.8232399103772,-8.310848317565046,-4.420620629463491,9.400000000000091,13.900000000000091,4.5,13.900000000000091,14.41428571428572,15896494.5,Sell
311,2023-10-06T00:00:00+05:30,946.0,946.55,938.0,945.2,6355755,2.2164451137918277,949.6951005785334,957.8141110281271,-8.119010449593702,-5.160298593489533,8.549999999999955,5.699999999999932,2.8500000000000227,8.549999999999955,14.264285714285718,14674177.25,Sell
312,2023-10-09T00:00:00+05:30,940.25,942.05,936.3,938.6,6725306,2.305004804520084,947.9881620279898,956.3908435445621,-8.40268151657233,-5.808775178106092,5.75,3.150000000000091,8.900000000000091,8.900000000000091,14.200000000000014,14337325.2,Sell
313,2023-10-10T00:00:00+05:30,940.4,957.5,940.35,951.2,11452715,2.2761228049924207,948.4822909467606,956.0063366153353,-7.524045668574672,-6.151829276199809,17.149999999999977,18.899999999999977,1.75,18.899999999999977,14.910714285714294,14255615.2,Sell
314,2023-10-11T00:00:00+05:30,954.9,962.05,950.75,953.1,12233117,2.2355127754000463,949.192707724182,955.7910524216068,-6.59834469742475,-6.241132360444798,11.299999999999955,10.849999999999909,0.4500000000000455,11.299999999999955,14.621428571428575,14472565.55,Sell
315,2023-10-12T00:00:00+05:30,952.85,960.1,948.4,954.25,7836818,2.0991955048248037,949.9707526896925,955.6769003903767,-5.7061477006841415,-6.134135428492667,11.700000000000045,7.0,4.7000000000000455,11.700000000000045,13.335714285714298,13816426.9,No Signal
316,2023-10-13T00:00:00+05:30,949.95,957.4,944.55,951.3,6650442,1.9528004392230303,950.1752522758936,955.352685546645,-5.177433270751408,-5.942794996944415,12.850000000000023,3.1499999999999773,9.700000000000045,12.850000000000023,13.289285714285727,13049071.35,No Signal
317,2023-10-16T00:00:00+05:30,948.5,954.85,946.15,951.4,5763024,1.7863149084201686,950.3636750026792,955.0598940246713,-4.6962190219920785,-5.693479801953948,8.700000000000045,3.550000000000068,5.149999999999977,8.700000000000045,12.503571428571442,12764013.15,No Signal
318,2023-10-17T00:00:00+05:30,955.4,960.95,951.5,953.9,7747527,1.5074218304486815,950.9077250022671,954.9739759487697,-4.0662509465026915,-5.368034030863697,9.450000000000045,9.550000000000068,0.10000000000002274,9.550000000000068,12.339285714285731,12485990.5,No Signal
319,2023-10-18T00:00:00+05:30,949.2,950.65,939.1,943.75,12000153,1.1978914069604216,949.8065365403799,954.142570322935,-4.336033782555091,-5.161633981201976,11.549999999999955,3.25,14.799999999999955,14.799999999999955,12.375000000000009,12250337.05,No Signal
320,2023-10-19T00:00:00+05:30,936.0,945.0,934.0,935.75,8612676,0.8074564065372023,947.6439924572445,952.7801577064213,-5.13616524917677,-5.156540234796935,11.0,1.25,9.75,11.0,12.267857142857151,11393878.05,No Signal
321,2023-10-20T00:00:00+05:30,932.0,940.0,930.0,932.75,6586576,0.8180686703875512,945.3526090022838,951.2964423207604,-5.943833318476663,-5.313998851532881,10.0,4.25,5.75,10.0,12.02500000000001,10736066.2,No Signal
322,2023-10-23T00:00:00+05:30,942.0,944.8,925.4,929.95,11856890,0.8946698518659847,942.9829768480863,949.7152243710744,-6.732247522988132,-5.597648585823932,19.399999999999977,12.049999999999955,7.350000000000023,19.399999999999977,12.489285714285725,10693816.3,No Signal
323,2023-10-25T00:00:00+05:30,926.05,933.8,911.4,916.1,12593434,1.0974510038483003,938.847134256073,947.2252077509949,-8.378073494921864,-6.153733567643519,22.399999999999977,3.849999999999909,18.550000000000068,22.399999999999977,12.996428571428583,10873633.1,No Signal
324,2023-10-26T00:00:00+05:30,914.3,916.6,899.0,908.65,21693345,1.3751887886785317,934.2014212936002,944.3677849546249,-10.166363661024661,-6.956259586319748,17.600000000000023,0.5,17.100000000000023,17.600000000000023,13.260714285714291,11432229.9,No Signal
325,2023-10-27T00:00:00+05:30,916.0,918.15,911.3,912.75,8645505,1.528503164461673,930.9012026330463,942.0257268098378,-11.12452417679151,-7.789912504414101,6.850000000000023,9.5,2.6499999999999773,9.5,13.328571428571438,11106856.5,No Signal
326,2023-10-30T00:00:00+05:30,909.1,926.3,908.2,924.9,7687791,1.544275790637078,929.9779406895008,940.7571544535535,-10.77921376405277,-8.387772756341835,18.09999999999991,13.549999999999955,4.5499999999999545,18.09999999999991,13.985714285714282,10191681.95,Sell
327,2023-10-31T00:00:00+05:30,929.3,931.0,914.1,915.35,17211107,1.6152439692017813,927.7274882757314,938.8751430125495,-11.14765473681814,-8.939749152437097,16.899999999999977,6.100000000000023,10.799999999999955,16.899999999999977,13.84285714285714,10529870.6,Sell
328,2023-11-01T00:00:00+05:30,913.8,917.6,909.3,914.05,12927203,1.703907696164895,925.6232593102343,937.0362435301384,-11.41298421990416,-9.43439616593051,8.300000000000068,2.25,6.050000000000068,8.300000000000068,13.628571428571433,10619648.95,Sell
329,2023-11-02T00:00:00+05:30,920.05,924.8,912.8,919.95,9747311,1.7294652763205929,924.7504501855828,935.7705958612393,-11.020145675656408,-9.75154606787569,12.0,10.75,1.25,12.0,13.650000000000002,10240277.55,Sell
330,2023-11-03T00:00:00+05:30,928.55,934.5,926.8,933.8,7146961,1.6967721785139376,926.1426886185701,935.6246257974437,-9.481937178873636,-9.69762429007528,7.7000000000000455,14.549999999999955,6.849999999999909,14.549999999999955,13.771428571428569,10073682.8,Buy
331,2023-11-06T00:00:00+05:30,941.0,947.75,937.4,945.45,10338367,1.6768287418632237,929.1130442157132,936.3524312939294,-7.2393870782161684,-9.20597684770346,10.350000000000023,13.950000000000045,3.6000000000000227,13.950000000000045,14.146428571428569,10272813.4,Buy
332,2023-11-07T00:00:00+05:30,943.6,950.45,930.45,948.1,15704942,1.7010488785999502,932.0341143363728,937.2226215684532,-5.188507232080383,-8.402482924578845,20.0,5.0,15.0,20.0,14.892857142857135,10721795.2,Buy
333,2023-11-08T00:00:00+05:30,948.45,948.45,934.1,935.75,17606074,1.6740883526970118,932.6057890538539,937.1135384893086,-4.507749435454684,-7.6235362267540125,14.350000000000023,0.35000000000002274,14.0,14.350000000000023,14.860714285714282,11029463.15,Buy
334,2023-11-09T00:00:00+05:30,934.0,942.35,933.0,937.35,9406117,1.6045931975589158,933.3356676609533,937.1310541567672,-3.7953864958138865,-6.857906280565988,9.350000000000023,6.600000000000023,2.75,9.350000000000023,14.742857142857142,10888113.15,Buy
335,2023-11-10T00:00:00+05:30,934.9,941.45,932.4,938.6,9560455,1.521321098587589,934.1455649438835,937.2398649599696,-3.0943000160860947,-6.10518502767001,9.050000000000068,4.100000000000023,4.9500000000000455,9.050000000000068,14.675000000000002,10974295.0,Buy
336,2023-11-12T00:00:00+05:30,942.0,943.2,939.6,942.35,1561479,1.463377748543508,935.4077857217476,937.6183934814534,-2.2106077597057947,-5.326269574077167,3.6000000000000227,4.600000000000023,1.0,4.600000000000023,13.617857142857149,10719846.85,Buy
337,2023-11-13T00:00:00+05:30,940.9,940.9,932.0,934.45,11470096,1.395209792852927,935.2604340722479,937.3836976680124,-2.123263595764456,-4.685668378414626,8.899999999999977,1.4500000000000455,10.350000000000023,10.350000000000023,12.757142857142867,11005200.45,No Signal
338,2023-11-15T00:00:00+05:30,944.4,944.4,938.75,941.1,19492138,1.2907862187370145,936.1588288303636,937.6589793222337,-1.5001504918700448,-4.04856480110571,5.649999999999977,9.949999999999932,4.2999999999999545,9.949999999999932,12.210714285714289,11592431.0,No Signal
339,2023-11-16T00:00:00+05:30,939.0,946.2,934.0,936.0,19706373,1.2631917056297834,936.1343936256923,937.5360919650312,-1.4016983393389637,-3.5191915087523604,12.200000000000045,5.100000000000023,7.100000000000023,12.200000000000045,12.403571428571436,11977742.0,No Signal
340,2023-11-17T00:00:00+05:30,926.55,938.4,920.15,921.85,10956653,1.289342512286582,933.936794606355,936.3741592268808,-2.437364620525841,-3.302826131107057,18.25,2.3999999999999773,15.850000000000023,18.25,12.414285714285727,12094940.85,No Signal
341,2023-11-20T00:00:00+05:30,922.0,926.75,917.5,921.45,10562301,1.3011482313768552,932.0157492823004,935.2686659508156,-3.2529166685152404,-3.292844238588694,9.25,4.899999999999977,4.350000000000023,9.25,11.867857142857158,12293727.1,No Signal
342,2023-11-21T00:00:00+05:30,924.4,928.05,922.0,926.1,8989572,1.296030935515777,931.1056340081003,934.5895055100144,-3.483871501914109,-3.331049691253777,6.0499999999999545,6.599999999999909,0.5499999999999545,6.599999999999909,11.746428571428575,12150361.2,No Signal
343,2023-11-22T00:00:00+05:30,923.25,925.2,914.75,922.75,12197979,1.270533696001242,929.8201518530079,933.7125051018652,-3.892353248857262,-3.443310402774474,10.450000000000045,0.8999999999999773,11.350000000000023,11.350000000000023,11.700000000000005,12130588.45,No Signal
344,2023-11-23T00:00:00+05:30,923.0,925.35,918.5,923.0,5534614,1.1716459852065264,928.7708977217759,932.9189862054308,-4.148088483654874,-3.5842660189505544,6.850000000000023,2.6000000000000227,4.25,6.850000000000023,11.15000000000001,11322651.9,No Signal
345,2023-11-24T00:00:00+05:30,921.5,930.4,920.2,929.4,7452002,1.0813644603112835,928.8676826876565,932.658320560584,-3.7906378729275048,-3.625540389745945,10.199999999999932,7.399999999999977,2.7999999999999545,10.199999999999932,10.882142857142858,11262976.75,No Signal
346,2023-11-28T00:00:00+05:30,928.9,931.05,921.7,925.5,14231987,1.084085534922722,928.3495776587863,932.1280745931333,-3.778496934347004,-3.6561316986661567,9.349999999999909,1.6499999999999773,7.699999999999932,9.349999999999909,10.121428571428567,11590186.55,No Signal
347,2023-11-29T00:00:00+05:30,930.9,941.1,926.0,939.6,11680078,1.0157972250522755,930.0804118651268,932.6815505491975,-2.6011386840706336,-3.4451330957470523,15.100000000000023,15.600000000000023,0.5,15.600000000000023,10.21071428571428,11313635.1,No Signal
348,2023-11-30T00:00:00+05:30,938.95,940.85,928.2,934.95,23950292,0.9189683828508232,930.829579270492,932.8495838418495,-2.0200045713575037,-3.160107390869143,12.649999999999977,1.25,11.399999999999977,12.649999999999977,10.446428571428564,11864789.55,No Signal
349,2023-12-01T00:00:00+05:30,935.95,952.0,933.0,946.7,16986046,0.9037683269718787,933.2711824596471,933.8755405943051,-0.604358134658014,-2.648957539626917,19.0,17.049999999999955,1.9500000000000455,19.0,11.157142857142844,12226726.3,No Signal
350,2023-12-04T00:00:00+05:30,963.7,994.85,961.4,991.2,33131257,1.54806204720604,942.183308235086,938.1217968465788,4.061511388507142,-1.3068637540001053,33.450000000000045,48.14999999999998,14.699999999999932,48.14999999999998,14.267857142857126,13525941.1,Buy
351,2023-12-05T00:00:00+05:30,1002.5,1015.75,995.05,1013.45,31378461,2.264201195045721,953.1474146604573,943.7016637468323,9.445750913625034,0.8436591795249224,20.700000000000045,24.549999999999955,3.849999999999909,24.549999999999955,15.282142857142835,14577945.8,Buy
352,2023-12-06T00:00:00+05:30,1014.0,1016.25,1000.25,1003.25,18786590,2.679862070604691,960.8555047126947,948.1126516174373,12.742853095257374,3.223497962671413,16.0,2.7999999999999545,13.200000000000045,16.0,15.714285714285698,14732028.2,Buy
353,2023-12-07T00:00:00+05:30,996.35,1002.2,988.15,999.0,11841945,2.957618733418316,966.7238886030494,951.8820848309605,14.841803772088952,5.547159124554921,14.050000000000068,1.0499999999999545,15.100000000000023,15.100000000000023,15.921428571428553,14443821.75,Buy
354,2023-12-08T00:00:00+05:30,994.5,1012.85,993.25,1010.85,16116363,3.240624575157188,973.5125211256573,956.2500785471856,17.262442578471678,7.890215815338273,19.600000000000023,13.850000000000023,5.75,19.600000000000023,16.017857142857128,14779334.05,Buy
355,2023-12-11T00:00:00+05:30,1007.1,1020.0,1004.65,1017.1,11714606,3.5262716414033073,980.2182871063254,960.757480136283,19.460806970042427,10.204334046279104,15.350000000000023,9.149999999999977,6.2000000000000455,15.350000000000023,16.453571428571415,14887041.6,Buy
356,2023-12-12T00:00:00+05:30,1017.1,1021.0,1008.6,1015.7,12380856,3.768870827539552,985.6770121668908,964.8272964224842,20.84971574440658,12.3334103859046,12.399999999999977,3.8999999999999773,8.5,12.399999999999977,16.867857142857133,15428010.45,Buy
357,2023-12-13T00:00:00+05:30,1014.8,1020.7,1009.2,1013.9,15887040,3.9288711254372894,990.0190102950614,968.4623115023002,21.556698792761267,14.178068067275934,11.5,5.0,6.5,11.5,16.878571428571416,15648857.65,Buy
358,2023-12-14T00:00:00+05:30,1022.25,1040.0,1021.25,1033.65,16317672,4.121546069049498,996.7314702496674,973.2910291687964,23.440441080870983,16.030542669994944,18.75,26.100000000000023,7.350000000000023,26.100000000000023,18.253571428571416,15490134.35,Buy
359,2023-12-15T00:00:00+05:30,1043.65,1043.7,1025.7,1037.4,14306067,4.3173337203348945,1002.9881671343339,978.0398418229596,24.948325311374333,17.81409919827082,18.0,10.049999999999955,7.9500000000000455,18.0,18.81071428571428,15220119.05,Buy
360,2023-12-18T00:00:00+05:30,1029.95,1029.95,1018.0,1021.45,8592711,4.359698099536708,1005.8284491136671,981.255409095333,24.573040018334154,19.165887362283488,11.950000000000045,7.4500000000000455,19.40000000000009,19.40000000000009,19.528571428571436,15101921.95,Buy
361,2023-12-19T00:00:00+05:30,1025.5,1025.5,1012.6,1015.45,10094256,4.272182134861902,1007.3086877115645,983.788341754938,23.520345956626556,20.036779081152105,12.899999999999977,4.0499999999999545,8.850000000000023,12.899999999999977,19.33571428571429,15078519.7,Buy
362,2023-12-20T00:00:00+05:30,1022.0,1022.0,1002.0,1006.65,16490281,4.1446536313087226,1007.2073511405546,985.4817979212388,21.72555321931577,20.374533908784837,20.0,6.5499999999999545,13.450000000000045,20.0,19.86071428571429,15453555.15,Buy
363,2023-12-21T00:00:00+05:30,996.55,1010.9,989.2,1004.4,18064916,3.9053713871468463,1006.7754509650846,986.8831462233693,19.892304741715293,20.27808807537093,21.699999999999932,4.25,17.449999999999932,21.699999999999932,20.053571428571427,15746902.0,Sell
364,2023-12-22T00:00:00+05:30,1002.95,1009.55,991.6,994.3,20881976,3.6213433063053997,1004.85615081661,987.432542799416,17.423608017194056,19.707192063735558,17.949999999999932,5.149999999999977,12.799999999999955,17.949999999999932,17.89642857142857,16514270.1,Sell
365,2023-12-26T00:00:00+05:30,994.9,997.5,989.9,995.1,14339699,3.2942431352892494,1003.3552045371316,988.0005025920518,15.354701945079796,18.836694040004407,7.600000000000023,3.2000000000000455,4.399999999999977,7.600000000000023,16.685714285714287,16858654.95,Sell
366,2023-12-27T00:00:00+05:30,997.95,1004.9,992.0,1002.25,12996468,2.8215813501791387,1003.1851730698806,989.0560209185664,14.129152151314202,17.895185662266368,12.899999999999977,9.799999999999955,3.1000000000000227,12.899999999999977,16.464285714285715,16796879.0,Sell
367,2023-12-28T00:00:00+05:30,1008.0,1011.7,999.1,1005.9,24915990,2.4335970332650576,1003.6028387514375,990.3037230727467,13.299115678690782,16.975971665551253,12.600000000000023,9.450000000000045,3.1499999999999773,12.600000000000023,16.285714285714285,17458674.6,No Signal
368,2023-12-29T00:00:00+05:30,1004.05,1008.55,993.7,996.6,12280140,1.868653286790887,1002.525478943524,990.770113956247,11.755364987277062,15.931850329896415,14.849999999999909,2.6499999999999773,12.199999999999932,14.849999999999909,15.946428571428564,16875167.0,No Signal
369,2024-01-01T00:00:00+05:30,991.55,1004.85,991.0,999.4,7683792,1.2478611710078025,1002.0446360291357,991.4093647743027,10.635271254833015,14.872534514883736,13.850000000000023,8.25,5.600000000000023,13.850000000000023,15.839285714285706,16410054.3,No Signal
370,2024-01-02T00:00:00+05:30,997.0,997.65,980.25,982.25,16263825,1.3512458168677812,998.9993074092687,990.7308933095395,8.26841409972917,13.551710431852824,17.399999999999977,1.75,19.149999999999977,19.149999999999977,16.321428571428562,15566682.7,No Signal
371,2024-01-03T00:00:00+05:30,984.7,988.0,975.1,984.05,16826752,1.4505804383252088,996.6994139616888,990.2360123236476,6.463401638041205,12.1340486730905,12.899999999999977,5.75,7.149999999999977,12.899999999999977,16.42142857142856,14839097.25,No Signal
372,2024-01-04T00:00:00+05:30,986.4,989.15,981.9,987.15,22789140,1.5126248073240365,995.2302733521982,990.0074188181923,5.222854534005933,10.751809845273588,7.25,5.100000000000023,2.1499999999999773,7.25,15.074999999999989,15039224.75,No Signal
373,2024-01-05T00:00:00+05:30,988.0,998.3,983.8,993.7,14875499,1.5206785816294612,994.9948466826293,990.2809433501781,4.713903332451196,9.54422854270911,14.5,11.149999999999977,3.3500000000000227,14.5,14.824999999999989,15190902.45,No Signal
374,2024-01-08T00:00:00+05:30,994.0,998.2,980.3,982.0,8393164,1.625541948835585,992.9956395006863,989.6675401390538,3.3280993616324395,8.301002706493776,17.90000000000009,4.5,13.400000000000091,17.90000000000009,14.717857142857131,14804742.5,No Signal
375,2024-01-09T00:00:00+05:30,986.25,995.0,975.4,979.75,14660414,1.6916957923905103,990.957848808273,988.932907536161,2.0249412721119597,7.045790419617413,19.600000000000023,13.0,6.600000000000023,19.600000000000023,15.196428571428564,14952032.9,No Signal
376,2024-01-10T00:00:00+05:30,974.3,994.95,974.3,993.05,9409181,1.651646941489733,991.2797182223848,989.2378773482972,2.0418408740875975,6.04500051051145,20.65000000000009,15.200000000000045,5.4500000000000455,20.65000000000009,15.242857142857142,14803449.15,No Signal
377,2024-01-11T00:00:00+05:30,995.3,998.5,986.85,991.15,6451345,1.6424388812068942,991.259761572787,989.3795160632382,1.8802455095488995,5.21204951031894,11.649999999999977,5.4500000000000455,6.199999999999932,11.649999999999977,14.525000000000002,14331664.4,No Signal
378,2024-01-12T00:00:00+05:30,994.8,1008.7,991.75,1003.5,12255743,1.4252567955053057,993.1428751769737,990.4254778363317,2.7173973406420373,4.71311907638356,16.950000000000045,17.550000000000068,0.6000000000000227,17.550000000000068,14.496428571428583,14128567.95,No Signal
379,2024-01-15T00:00:00+05:30,1003.5,1011.65,999.25,1009.85,12388044,1.131213691785642,995.713202072824,991.8643313299367,3.848870742887243,4.540269409684297,12.399999999999977,8.149999999999977,4.25,12.399999999999977,14.839285714285722,14032666.8,No Signal
380,2024-01-16T00:00:00+05:30,1006.1,1015.8,1004.6,1009.05,11505126,1.0241285328135294,997.7650171385434,993.1373438240155,4.627673314527897,4.5577501906530165,11.199999999999932,5.949999999999932,5.25,11.199999999999932,14.717857142857147,14178287.55,No Signal
381,2024-01-17T00:00:00+05:30,987.9,1007.8,976.75,981.75,41914771,1.0049361398426095,995.3011683479982,992.2938368740884,3.0073314739098578,4.247666447304385,31.049999999999955,1.25,32.299999999999955,32.299999999999955,16.125,15769313.3,Sell
382,2024-01-18T00:00:00+05:30,973.95,994.3,970.15,986.35,17902484,0.9789984829601632,993.9240655252293,991.8535526611929,2.0705128640363455,3.8122357306507775,24.149999999999977,12.549999999999955,11.600000000000023,24.149999999999977,16.789285714285718,15839923.45,Sell
383,2024-01-19T00:00:00+05:30,991.3,1010.9,987.55,999.2,23271148,0.9438718159642159,994.735747752117,992.397733945549,2.3380138065680285,3.517391345834228,23.350000000000023,24.549999999999955,1.1999999999999318,24.549999999999955,17.553571428571427,16100235.05,Sell
384,2024-01-20T00:00:00+05:30,1005.95,1014.7,995.3,1008.7,8788873,0.9916044291692538,996.8840942517913,993.6053092088417,3.2787850429496075,3.469670085257304,19.40000000000009,15.5,3.900000000000091,19.40000000000009,17.57142857142858,15495579.9,Sell
385,2024-01-23T00:00:00+05:30,1059.1,1059.4,1021.2,1029.05,50797448,1.2279983046380596,1001.8326951361312,996.2308418600386,5.601853276092584,3.8961067234243605,38.200000000000045,50.700000000000045,12.5,50.700000000000045,20.271428571428583,17318467.35,Buy
386,2024-01-24T00:00:00+05:30,1029.45,1035.95,996.65,999.2,34578943,1.258864789204583,1001.4276651151879,996.4507795000358,4.976885615152128,4.112262501769914,39.30000000000007,6.900000000000091,32.39999999999998,39.30000000000007,22.560714285714305,18397591.1,Buy
387,2024-01-25T00:00:00+05:30,998.4,1015.1,988.15,1009.95,28315035,1.2650127433789013,1002.7387935590052,997.4507217592924,5.288071799712839,4.347424361358499,26.950000000000045,15.899999999999977,11.050000000000068,26.950000000000045,23.45000000000002,18567543.35,Buy
388,2024-01-29T00:00:00+05:30,1020.0,1032.0,1010.0,1016.4,14078922,1.3327084752180414,1004.8405176268506,998.8543719993448,5.986145627505721,4.675168614587943,22.0,22.049999999999955,0.049999999999954525,22.049999999999955,23.746428571428584,18657482.45,Buy
389,2024-01-30T00:00:00+05:30,1014.95,1023.85,1008.0,1016.9,16085742,1.4001063680144943,1006.6958226073351,1000.1910851845786,6.504737422756534,5.041082376221662,15.850000000000023,7.4500000000000455,8.399999999999977,15.850000000000023,23.47857142857144,19077579.95,Buy
390,2024-01-31T00:00:00+05:30,1016.8,1039.0,1003.25,1028.15,25627447,1.4789911832202196,1009.9964652831297,1002.2621159116468,7.734349371482949,5.57973577527392,35.75,22.100000000000023,13.649999999999977,35.75,24.55714285714286,19545761.05,Buy
391,2024-02-01T00:00:00+05:30,1033.95,1033.95,1017.4,1025.15,13058880,1.526100986787602,1012.3277783164945,1003.9575147330063,8.370263583488168,6.13784133691677,16.550000000000068,5.7999999999999545,10.750000000000114,16.550000000000068,24.90714285714287,19357367.45,Buy
392,2024-02-02T00:00:00+05:30,1037.1,1050.0,1021.65,1024.0,14774650,1.5536701472514884,1014.1235047293414,1005.4421432713021,8.681361458039305,6.6465453611412775,28.350000000000023,24.84999999999991,3.5000000000001137,28.350000000000023,25.678571428571438,18956642.95,Buy
393,2024-02-05T00:00:00+05:30,1022.5,1026.45,1012.1,1023.5,12948430,1.587901130824433,1015.5660424632889,1006.7797622882428,8.786280175046159,7.074492323922255,14.350000000000023,2.4500000000000455,11.899999999999977,14.350000000000023,25.817857142857154,18860289.5,Buy
394,2024-02-06T00:00:00+05:30,1023.55,1034.9,1016.7,1026.4,12886927,1.5445177274930852,1017.2328051612445,1008.2331132298544,8.999691931390089,7.459532245415822,18.200000000000045,11.400000000000091,6.7999999999999545,18.200000000000045,26.31785714285716,19084977.65,Buy
395,2024-02-07T00:00:00+05:30,1028.0,1031.55,1013.0,1017.15,8717654,1.4241303216298307,1017.2200659056684,1008.8936233609763,8.3264425446921,7.632914305271078,18.549999999999955,5.149999999999864,13.400000000000091,18.549999999999955,25.335714285714307,18787839.65,Buy
396,2024-02-08T00:00:00+05:30,1024.1,1028.25,985.25,989.3,20565502,1.4896908133032702,1012.9246711509502,1007.4422438527558,5.482427298194352,7.202816903855734,43.0,11.100000000000023,31.899999999999977,43.0,26.68214285714288,19345655.7,Sell
397,2024-02-09T00:00:00+05:30,988.85,1013.75,985.5,1010.7,12799837,1.3924331512202444,1012.582414050804,1007.683559122922,4.898854927881985,6.742024508660984,28.25,24.450000000000045,3.7999999999999545,28.25,26.946428571428594,19663080.3,Sell
398,2024-02-12T00:00:00+05:30,1010.4,1012.2,985.25,996.1,8050066,1.4423385435624152,1010.046658042988,1006.8255177064093,3.221140336578742,6.037847674244536,26.950000000000045,1.5,25.450000000000045,26.950000000000045,27.485714285714305,19452796.45,Sell
399,2024-02-13T00:00:00+05:30,1006.0,1027.05,1000.3,1019.8,18706292,1.4238708614267872,1011.5471721902206,1007.7865904688975,3.760581721323092,5.582394483660248,26.75,30.949999999999932,4.199999999999932,30.949999999999932,26.075000000000014,19768708.85,Sell
400,2024-02-14T00:00:00+05:30,1009.55,1035.7,1007.55,1022.7,17878720,1.4423618393533906,1013.2629918532637,1008.8912874712014,4.371704382062262,5.340256463340651,28.15000000000009,15.900000000000091,12.25,28.15000000000009,25.278571428571443,20087388.55,Sell
401,2024-02-15T00:00:00+05:30,1022.85,1026.65,1006.6,1016.65,10069878,1.2791586837749749,1013.7840700296846,1009.466006917779,4.318063111905531,5.1358177930536275,20.050000000000068,3.9500000000000455,16.100000000000023,20.050000000000068,24.785714285714302,18495143.9,Sell
402,2024-02-16T00:00:00+05:30,1023.2,1026.2,1016.9,1023.25,7159395,1.1255514662857053,1015.2403669481946,1010.487043442388,4.753323505806634,5.059318935604229,9.300000000000068,9.550000000000068,0.25,9.550000000000068,23.892857142857167,17957989.45,No Signal
403,2024-02-19T00:00:00+05:30,1023.35,1046.0,1023.35,1043.75,9388255,1.2014688121454804,1019.6264643407801,1012.9509661503592,6.6754981904208535,5.382554786567554,22.649999999999977,22.75,0.10000000000002274,22.75,24.385714285714307,17263844.8,No Signal
404,2024-02-20T00:00:00+05:30,1041.05,1052.65,1033.25,1048.75,11293528,1.351962077898683,1024.1070082883525,1015.6027464355178,8.504261852834702,6.006896199820984,19.40000000000009,8.900000000000091,10.5,19.40000000000009,23.217857142857174,17389077.55,No Signal
405,2024-02-21T00:00:00+05:30,1056.8,1064.0,1048.0,1051.95,15946325,1.5050266824369523,1028.3905454747598,1018.2951355884425,10.095409886317384,6.824598937120264,16.0,15.25,0.75,16.0,23.178571428571452,15646521.4,No Signal
406,2024-02-22T00:00:00+05:30,1056.0,1066.0,1040.3,1062.7,13432573,1.6567432567352571,1033.6689230940276,1021.5843848041134,12.084538289914235,7.876586807679058,25.700000000000045,14.049999999999955,11.650000000000091,25.700000000000045,22.98928571428574,14589202.9,No Signal
407,2024-02-23T00:00:00+05:30,1070.0,1070.0,1057.65,1061.3,13142759,1.8067943044563353,1037.9198580026386,1024.5262822260308,13.393575776607804,8.979984601464809,12.349999999999909,7.2999999999999545,5.0499999999999545,12.349999999999909,22.84642857142859,13830589.1,No Signal
408,2024-02-26T00:00:00+05:30,1053.1,1062.3,1050.5,1054.2,7875941,1.8972421080059607,1040.4244952330018,1026.724335394473,13.700159838528862,9.92401964887762,11.799999999999955,1.0,10.799999999999955,11.799999999999955,22.389285714285727,13520440.05,No Signal
409,2024-02-27T00:00:00+05:30,1050.75,1066.2,1046.5,1060.2,10580973,1.9844244638249142,1043.4668805817707,1029.2040142541416,14.262866327629126,10.791788984627921,19.700000000000045,12.0,7.7000000000000455,19.700000000000045,22.47142857142859,13245201.6,No Signal
410,2024-02-28T00:00:00+05:30,1063.0,1064.85,1042.15,1046.2,7730332,2.038580123033725,1043.8873604922676,1030.4629761612423,13.424384331025294,11.318308053907396,22.699999999999818,4.649999999999864,18.049999999999955,22.699999999999818,21.021428571428576,12350345.85,No Signal
411,2024-02-29T00:00:00+05:30,1043.05,1060.7,1038.5,1052.2,20944844,2.0697159487896135,1045.1662281088418,1032.0731260752243,13.09310203361747,11.67326684984941,22.200000000000045,14.5,7.7000000000000455,22.200000000000045,20.589285714285722,12744644.05,No Signal
412,2024-03-01T00:00:00+05:30,1055.0,1089.95,1054.0,1086.9,14909562,2.2826430496691064,1051.586808399789,1036.134375995578,15.452432404211095,12.429099960721748,35.950000000000045,37.75,1.7999999999999545,37.75,21.36071428571429,12751389.65,No Signal
413,2024-03-02T00:00:00+05:30,1087.25,1089.45,1080.5,1084.65,481475,2.48085368656201,1056.67345326136,1039.7281259218314,16.945327339528603,13.33234543648312,8.950000000000045,2.5499999999999545,6.400000000000091,8.950000000000045,19.78928571428573,12128041.9,No Signal
414,2024-03-04T00:00:00+05:30,1081.0,1095.0,1080.1,1092.35,11424581,2.678176888216784,1062.1621527596124,1043.6260425202142,18.536110239398113,14.37309839706612,14.900000000000091,10.349999999999909,4.550000000000182,14.900000000000091,18.842857142857156,12054924.6,No Signal
415,2024-03-05T00:00:00+05:30,1086.2,1099.5,1076.5,1088.05,9222544,2.78987659560615,1066.1448984889028,1046.9167060372354,19.228192451667383,15.344117207986372,23.0,7.150000000000091,15.849999999999909,23.0,19.053571428571438,12080169.1,No Signal
416,2024-03-06T00:00:00+05:30,1080.3,1113.55,1080.3,1097.1,21796484,2.6789188483996735,1070.9072217983023,1050.6339870715142,20.273234726788132,16.329940711746726,33.25,25.5,7.75,33.25,20.746428571428574,12141718.2,No Signal
417,2024-03-07T00:00:00+05:30,1094.95,1095.0,1082.7,1087.95,9963926,2.6555219450647085,1073.5291876754866,1053.3981361773278,20.13105149815874,17.09016286902913,12.299999999999955,2.099999999999909,14.399999999999864,14.399999999999864,20.149999999999995,11999922.65,No Signal
418,2024-03-11T00:00:00+05:30,1087.95,1087.95,1076.75,1078.7,13310362,2.3908089934052477,1074.3246972638733,1055.2723483123407,19.052348951532622,17.48260008552983,11.200000000000045,0.0,11.200000000000045,11.200000000000045,19.564285714285706,12262937.45,No Signal
419,2024-03-12T00:00:00+05:30,1077.05,1094.8,1055.65,1076.85,21785435,2.2606677500015495,1074.7132053771236,1056.870692881797,17.842512495326673,17.5545825674892,39.149999999999864,16.09999999999991,23.049999999999955,39.149999999999864,21.217857142857124,12416894.6,No Signal
420,2024-03-13T00:00:00+05:30,1077.15,1089.65,1073.15,1083.95,24855870,2.119837381778058,1076.13425070372,1058.8765674831452,17.25768322057479,17.49520269810632,16.5,12.800000000000182,3.699999999999818,16.5,20.560714285714262,12765752.1,No Signal
421,2024-03-14T00:00:00+05:30,1080.0,1097.1,1075.05,1083.6,14231421,1.8736131393581705,1077.2828275185323,1060.707932854764,16.57489466376819,17.311141091238692,22.049999999999955,13.149999999999864,8.900000000000091,22.049999999999955,21.25357142857141,12973829.25,No Signal
422,2024-03-15T00:00:00+05:30,1072.0,1086.25,1070.0,1080.35,66192734,1.6161582767081482,1077.754700207989,1062.1629007914482,15.591799416540653,16.967272756299085,16.25,2.650000000000091,13.599999999999909,16.25,21.571428571428555,15925496.2,Sell
423,2024-03-18T00:00:00+05:30,1075.05,1084.8,1060.05,1081.2,8769440,1.511933064206685,1078.2847463298367,1063.573056288378,14.711690041458723,16.516156213331012,24.75,4.4500000000000455,20.299999999999955,24.75,21.93214285714284,15894555.45,Sell
424,2024-03-19T00:00:00+05:30,1078.45,1088.75,1075.25,1083.95,16708715,1.427667624214597,1079.156323817554,1065.082459526276,14.073864291278142,16.027697828920438,13.5,7.5499999999999545,5.9500000000000455,13.5,21.274999999999995,16165314.8,Sell
425,2024-03-20T00:00:00+05:30,1080.0,1090.0,1067.5,1084.5,18725251,1.3503048995168703,1079.9784278456227,1066.520795857663,13.457631987959758,15.513684660728304,22.5,6.0499999999999545,16.450000000000045,22.5,21.29642857142856,16304261.1,Sell
426,2024-03-21T00:00:00+05:30,1092.0,1100.0,1079.15,1081.8,19992607,1.3243420656488705,1080.2586697155268,1067.6525887570954,12.606080958431448,14.932163920268934,20.84999999999991,15.5,5.349999999999909,20.84999999999991,20.089285714285698,16632262.8,No Signal
427,2024-03-22T00:00:00+05:30,1081.15,1093.7,1078.7,1090.3,17214415,1.2920934848698618,1081.803489759292,1069.3301747750884,12.473314984203625,14.440394133055873,15.0,11.900000000000091,3.099999999999909,15.0,20.52142857142855,16835845.6,No Signal
428,2024-03-26T00:00:00+05:30,1081.0,1089.15,1076.95,1083.7,13367635,1.1879727810839487,1082.0952605655548,1070.39460627323,11.70065429232477,13.892446164909654,12.200000000000045,1.1499999999998636,13.349999999999909,13.349999999999909,20.410714285714253,17110430.3,No Signal
429,2024-03-27T00:00:00+05:30,1083.7,1092.5,1079.55,1083.75,26907245,1.106615153773429,1082.3498358631616,1071.3838946974352,10.965941165726463,13.307145165073017,12.950000000000045,8.799999999999955,4.150000000000091,12.950000000000045,19.692857142857115,17926743.9,No Signal
430,2024-03-28T00:00:00+05:30,1085.0,1105.05,1085.0,1093.3,22070566,0.8192271062418198,1084.0344764995982,1073.0073099050326,11.027166594565642,12.851149450971542,20.049999999999955,21.299999999999955,1.25,21.299999999999955,18.839285714285683,18643755.6,No Signal
431,2024-04-01T00:00:00+05:30,1096.05,1102.95,1094.45,1099.65,10848191,0.5393367020374443,1086.4368647304293,1074.98084250466,11.456022225769402,12.572124005931116,8.5,9.650000000000091,1.150000000000091,9.650000000000091,18.499999999999982,18138922.95,No Signal
432,2024-04-02T00:00:00+05:30,1094.45,1094.45,1079.25,1081.2,14380396,0.5575309345835557,1085.6311932334402,1075.441520837648,10.189672395792059,12.095633683903305,15.200000000000045,5.2000000000000455,20.40000000000009,20.40000000000009,19.157142857142844,18112464.65,No Signal
433,2024-04-03T00:00:00+05:30,1075.0,1083.65,1072.25,1077.2,15477184,0.5874911283173287,1084.3340865821417,1075.571778553378,8.762308028763755,11.428968552875396,11.400000000000091,2.4500000000000455,8.950000000000045,11.400000000000091,17.175000000000004,18862250.1,No Signal
434,2024-04-04T00:00:00+05:30,1084.75,1085.8,1063.45,1078.85,21419689,0.5817332790922899,1083.49038095412,1075.8146097716462,7.675771182473682,10.678329078795054,22.34999999999991,8.599999999999909,13.75,22.34999999999991,17.592857142857138,19362005.5,No Signal
435,2024-04-05T00:00:00+05:30,1070.0,1086.0,1067.45,1083.4,15340637,0.5755210537894893,1083.4764761919475,1076.3764905293021,7.099985662645395,9.962660395565122,18.549999999999955,7.150000000000091,11.399999999999864,18.549999999999955,17.342857142857138,19667910.15,No Signal
436,2024-04-08T00:00:00+05:30,1078.35,1091.75,1076.3,1087.15,8023461,0.509650886341354,1084.0416337008787,1077.1745282678723,6.8671054330063726,9.343549403053371,15.450000000000045,8.349999999999909,7.100000000000136,15.450000000000045,17.285714285714285,18979259.0,No Signal
437,2024-04-09T00:00:00+05:30,1091.95,1115.25,1088.3,1107.05,12298463,0.6804528685895055,1087.581382362282,1079.3875261739558,8.193856188326208,9.113610760107939,26.950000000000045,28.09999999999991,1.1499999999998636,28.09999999999991,17.524999999999995,19095985.85,No Signal
438,2024-04-10T00:00:00+05:30,1110.95,1116.55,1105.15,1109.4,10598000,0.8233687512450523,1090.9380927680847,1081.6106723832925,9.327420384792276,9.156372685044806,11.399999999999864,9.5,1.8999999999998636,11.399999999999864,17.374999999999982,18960367.75,No Signal
439,2024-04-12T00:00:00+05:30,1103.5,1111.85,1095.8,1104.4,12216657,0.8743127833950575,1093.0091554191486,1083.2987707252707,9.710384693877813,9.267175086811408,16.049999999999955,2.449999999999818,13.600000000000136,16.049999999999955,16.914285714285693,18481928.85,No Signal
440,2024-04-15T00:00:00+05:30,1100.2,1106.15,1076.6,1078.35,10526597,0.9140497531067768,1090.7539007392795,1082.9321951159914,7.821705623288153,8.978081194106757,29.550000000000182,1.75,27.800000000000182,29.550000000000182,17.535714285714285,17765465.2,No Signal
441,2024-04-16T00:00:00+05:30,1070.55,1074.6,1062.7,1064.65,4922077,1.0425430193371075,1086.7379160101596,1081.5779584407328,5.159957569426751,8.214456469170756,11.899999999999864,3.75,15.649999999999864,15.649999999999864,17.58214285714285,17299998.0,No Signal
442,2024-04-18T00:00:00+05:30,1074.0,1078.05,1050.45,1055.45,16564216,1.238466225158382,1081.924390470135,1079.6425541117897,2.2818363583453447,7.027932447005674,27.59999999999991,13.399999999999864,14.200000000000045,27.59999999999991,18.59999999999999,14818572.1,No Signal
443,2024-04-19T00:00:00+05:30,1052.95,1061.55,1048.1,1057.45,3621439,1.3694959875696036,1078.1590996285759,1077.9986612146201,0.1604384139557169,5.654433640395683,13.450000000000045,6.099999999999909,7.350000000000136,13.450000000000045,18.635714285714275,14561172.05,No Signal
444,2024-04-22T00:00:00+05:30,1078.8,1088.7,1070.35,1086.65,10346714,1.3335598359412377,1079.4653919934103,1078.6395011246484,0.8258908687619169,4.6887250860689305,18.350000000000136,31.25,12.899999999999864,31.25,19.346428571428564,14243072.0,Sell
445,2024-04-23T00:00:00+05:30,1100.0,1100.0,1082.7,1090.25,9848215,1.3345496379656743,1081.1245624559626,1079.4995380783782,1.6250243775843956,4.075984944372023,17.299999999999955,13.349999999999909,3.9500000000000455,17.299999999999955,19.892857142857128,13799220.2,Sell
446,2024-04-24T00:00:00+05:30,1092.25,1098.4,1089.0,1096.75,5461309,1.3472087787300446,1083.528475924276,1080.7773500725725,2.7511258517035913,3.811013125838337,9.400000000000091,8.150000000000091,1.25,9.400000000000091,19.10714285714284,13072655.3,Sell
447,2024-04-25T00:00:00+05:30,1090.0,1125.65,1089.95,1113.75,19905338,1.441615983698694,1088.1779411666953,1083.2197685857152,4.95817258098009,4.040445016866688,35.700000000000045,28.90000000000009,6.7999999999999545,35.700000000000045,20.842857142857124,13207201.45,Buy
448,2024-04-26T00:00:00+05:30,1112.15,1120.0,1102.75,1107.9,14190059,1.5093955456131403,1091.2121040641268,1085.0479338756622,6.164170188464595,4.465190051186269,17.25,6.25,11.0,17.25,20.478571428571417,13248322.65,Buy
449,2024-04-29T00:00:00+05:30,1108.0,1163.45,1107.9,1160.15,28578063,2.0005984324481063,1101.8179342081073,1090.6110498848725,11.206884323234817,5.813528905595979,55.549999999999955,55.549999999999955,0.0,55.549999999999955,23.12142857142856,13331863.55,Buy
450,2024-04-30T00:00:00+05:30,1159.95,1169.55,1146.75,1150.4,29568491,2.318919521905428,1109.2920981760908,1095.0398610045115,14.252237171579281,7.5012705587926405,22.799999999999955,9.399999999999864,13.400000000000091,22.799999999999955,23.64642857142855,13706759.8,Buy
451,2024-05-02T00:00:00+05:30,1143.0,1155.5,1133.25,1139.45,25118334,2.501470996314638,1113.931775379769,1098.3295009301032,15.602274449665856,9.121471336967284,22.25,5.099999999999909,17.15000000000009,22.25,23.228571428571417,14420266.95,Buy
452,2024-05-03T00:00:00+05:30,1141.3,1157.4,1135.45,1142.05,19933604,2.626279126989857,1118.2576560905738,1101.5680564167621,16.6895996738117,10.635097004336167,21.950000000000045,17.950000000000045,4.0,21.950000000000045,23.982142857142858,14697927.35,Buy
453,2024-05-06T00:00:00+05:30,1141.55,1158.45,1138.1,1146.3,14970524,2.725220882689841,1122.57186284587,1104.8815337192243,17.690329126645793,12.046143428798093,20.350000000000136,16.40000000000009,3.9500000000000455,20.350000000000136,24.28928571428573,14672594.35,Buy
454,2024-05-07T00:00:00+05:30,1147.95,1152.75,1126.3,1131.9,15097728,2.7682386514122737,1124.0069608695824,1106.8829015918743,17.124059277708056,13.061726598580087,26.450000000000045,6.4500000000000455,20.0,26.450000000000045,24.067857142857147,14356496.3,Buy
455,2024-05-08T00:00:00+05:30,1126.55,1132.0,1116.05,1123.0,19913090,2.769771783889355,1123.8520438127237,1108.076760733217,15.775283079506607,13.604437894765391,15.950000000000045,0.09999999999990905,15.850000000000136,15.950000000000045,24.08928571428573,14585118.95,Buy
456,2024-05-09T00:00:00+05:30,1120.55,1128.85,1110.0,1115.7,12229853,2.75780672158985,1122.5978832261508,1108.641445123349,13.956438102801712,13.674837936372656,18.84999999999991,5.849999999999909,13.0,18.84999999999991,23.46428571428573,14795438.55,Buy
457,2024-05-10T00:00:00+05:30,1118.0,1128.9,1112.05,1117.05,8573656,2.758681683556337,1121.7443627298198,1109.264301040138,12.480061689681861,13.435882687034498,16.850000000000136,13.200000000000045,3.650000000000091,16.850000000000136,23.70714285714288,14609198.2,Sell
458,2024-05-13T00:00:00+05:30,1112.4,1130.65,1106.7,1128.0,9707983,2.756252805302046,1122.7067684636936,1110.6521305927204,12.054637870973238,13.159633723822246,23.950000000000045,13.600000000000136,10.349999999999909,23.950000000000045,23.18571428571431,14564697.35,Sell
459,2024-05-14T00:00:00+05:30,1125.9,1127.9,1118.55,1120.55,8944262,2.7784574762214906,1122.3749579308176,1111.3853061043708,10.989651826446789,12.725637344347156,9.350000000000136,0.09999999999990905,9.450000000000045,9.450000000000045,22.625000000000032,14401077.6,Sell
460,2024-05-15T00:00:00+05:30,1122.1,1126.35,1113.5,1118.0,4262707,2.6989139202969903,1121.7018874799226,1111.875283429973,9.826604049949538,12.145830685467633,12.849999999999909,5.7999999999999545,7.0499999999999545,12.849999999999909,22.87142857142859,14087883.1,Sell
461,2024-05-16T00:00:00+05:30,1133.0,1136.55,1112.8,1131.05,14265565,2.4867309684726564,1123.1400586368575,1113.2956328055307,9.844425831326816,11.685549714639471,23.75,18.549999999999955,5.2000000000000455,23.75,22.01785714285716,14555057.5,No Signal
462,2024-05-17T00:00:00+05:30,1131.05,1144.0,1120.6,1130.5,8641784,2.1480541125474444,1124.2723573081103,1114.5700303754913,9.702326932618917,11.28890515823536,23.40000000000009,12.950000000000045,10.450000000000045,23.40000000000009,22.45714285714288,14158935.9,Sell
463,2024-05-18T00:00:00+05:30,1131.0,1133.0,1126.9,1132.0,312512,1.7085022738045137,1125.4612254145547,1115.861139236566,9.600086177988715,10.951141362186032,6.099999999999909,2.5,3.599999999999909,6.099999999999909,18.92500000000002,13993489.55,No Signal
464,2024-05-21T00:00:00+05:30,1122.2,1133.8,1116.25,1120.95,10452900,1.5393934790642696,1124.7671907353924,1116.2380918857093,8.529098849683123,10.46673285968545,17.549999999999955,1.7999999999999545,15.75,17.549999999999955,18.55000000000002,13998798.85,No Signal
465,2024-05-22T00:00:00+05:30,1125.0,1125.9,1098.1,1111.1,17527411,1.3986668674505942,1122.6645460068705,1115.8574924867678,6.807053520102727,9.734796991768906,27.800000000000182,4.9500000000000455,22.850000000000136,27.800000000000182,18.946428571428605,14382758.65,No Signal
466,2024-05-23T00:00:00+05:30,1115.55,1137.0,1111.4,1134.5,13787687,1.2253187264692185,1124.4853850827367,1117.2384189692295,7.246966113507142,9.237230816116554,25.59999999999991,25.90000000000009,0.3000000000001819,25.90000000000009,19.228571428571463,14799077.55,No Signal
467,2024-05-24T00:00:00+05:30,1130.0,1135.0,1124.15,1131.95,6312670,1.1889839564233453,1125.6337873777002,1118.3281657122495,7.305621665450644,8.850908985983372,10.849999999999909,0.5,10.349999999999909,10.849999999999909,18.55000000000002,14119444.15,No Signal
468,2024-05-27T00:00:00+05:30,1131.9,1147.8,1121.55,1129.8,11599857,1.1020817796894993,1126.2747431657463,1119.1779312150459,7.096811950700385,8.500089578926776,26.25,15.849999999999909,10.400000000000091,26.25,18.535714285714302,13989934.05,No Signal
469,2024-05-28T00:00:00+05:30,1132.5,1135.2,1125.0,1126.95,9311718,0.9191569478698848,1126.3786288325546,1119.7536400139313,6.624988818623251,8.125069426866071,10.200000000000045,5.400000000000091,4.7999999999999545,10.200000000000045,18.125000000000018,13026616.8,No Signal
470,2024-05-29T00:00:00+05:30,1115.05,1123.55,1098.5,1102.0,19268547,0.9760943566288642,1122.628070550623,1118.4385555684548,4.189514982168248,7.337958537926507,25.049999999999955,3.400000000000091,28.450000000000045,28.450000000000045,18.81071428571431,12511619.6,No Signal
471,2024-05-30T00:00:00+05:30,1097.0,1121.0,1096.9,1113.7,15255387,0.9592701687812141,1121.2545212351426,1118.087551452273,3.166969782869728,6.5037607869151515,24.09999999999991,19.0,5.099999999999909,24.09999999999991,19.32857142857144,12018472.25,No Signal
472,2024-05-31T00:00:00+05:30,1118.0,1130.6,1111.25,1121.05,26197718,0.8887796189876489,1121.223056429736,1118.306992085438,2.9160643442980927,5.78622149839174,19.34999999999991,16.899999999999864,2.4500000000000455,19.34999999999991,19.0,12331677.95,No Signal
473,2024-06-03T00:00:00+05:30,1170.0,1173.0,1136.3,1160.0,25699977,1.0214037038488766,1127.1887400559306,1121.3953630420722,5.7933770138583895,5.78765260148507,36.700000000000045,51.950000000000045,15.25,51.950000000000045,22.035714285714285,12868150.6,Buy
474,2024-06-04T00:00:00+05:30,1157.9,1159.4,1053.55,1071.45,43476837,1.559240648540923,1118.6135492780952,1117.6957065204372,0.9178427576580361,4.813690632719664,105.85000000000014,0.599999999999909,106.45000000000005,106.45000000000005,28.721428571428582,14287106.05,Sell
475,2024-06-05T00:00:00+05:30,1085.0,1123.25,1051.05,1108.65,42172104,1.5303142078796805,1117.0806955430037,1117.02565418559,0.055041357413756486,3.8619607776584823,72.20000000000005,51.799999999999955,20.40000000000009,72.20000000000005,32.18214285714287,15400056.75,Sell
476,2024-06-06T00:00:00+05:30,1118.0,1118.0,1096.6,1110.4,18574162,1.539797976596497,1116.0528962286955,1116.5348649866573,-0.48196875796179484,2.993174870534427,21.40000000000009,9.349999999999909,12.050000000000182,21.40000000000009,32.039285714285725,15717272.2,Sell
477,2024-06-07T00:00:00+05:30,1110.4,1128.3,1103.6,1121.7,17197635,1.5220848196622732,1116.921681424281,1116.9174675802383,0.00421384404262426,2.3953826652360664,24.700000000000045,17.899999999999864,6.800000000000182,24.700000000000045,33.36785714285717,16148471.15,Sell
478,2024-06-10T00:00:00+05:30,1116.0,1133.2,1115.1,1123.8,10851455,1.5137119306691236,1117.9798842820837,1117.427284796517,0.5525994855668159,2.0268260293022164,18.100000000000136,11.5,6.600000000000136,18.100000000000136,33.407142857142894,16205644.75,Sell
479,2024-06-11T00:00:00+05:30,1119.75,1129.05,1111.0,1118.2,12250002,1.5223139941495174,1118.0137482386863,1117.484522959738,0.5292252789483882,1.7273058792314508,18.049999999999955,5.25,12.799999999999955,18.049999999999955,32.7107142857143,16370931.75,Sell
480,2024-06-12T00:00:00+05:30,1121.0,1133.4,1112.0,1119.55,16096514,1.5195571682426035,1118.2500946635037,1117.6375212590165,0.6125734044871933,1.5043593842825995,21.40000000000009,15.200000000000045,6.2000000000000455,21.40000000000009,32.389285714285734,16962622.1,Sell
481,2024-06-13T00:00:00+05:30,1122.2,1123.2,1105.0,1107.35,12494254,1.544042639824606,1116.5731570229646,1116.8754826472375,-0.30232562427295306,1.1430223825714891,18.200000000000045,3.650000000000091,14.549999999999955,18.200000000000045,32.91428571428575,16874056.55,Sell
482,2024-06-14T00:00:00+05:30,1114.0,1114.0,1099.45,1105.65,11377979,1.5538965107986529,1114.892671327124,1116.0439654141087,-1.1512940869847625,0.6841590886602388,14.549999999999955,6.650000000000091,7.899999999999864,14.549999999999955,32.07857142857146,17010866.3,Sell
483,2024-06-18T00:00:00+05:30,1113.95,1135.05,1101.2,1122.85,18306176,1.5071644899554604,1116.1168757383357,1116.5481161241746,-0.4312403858389189,0.4610791937604073,33.84999999999991,29.399999999999864,4.4500000000000455,33.84999999999991,33.76785714285716,17910549.5,Sell
484,2024-06-19T00:00:00+05:30,1127.95,1165.55,1126.15,1144.45,34309514,1.5657692528653395,1120.4758179324378,1118.6149223371988,1.8608955952390716,0.7410424740561402,39.399999999999864,42.700000000000045,3.300000000000182,42.700000000000045,34.7857142857143,19103380.2,Buy
485,2024-06-20T00:00:00+05:30,1154.05,1160.0,1135.5,1156.8,15475933,1.699044503422185,1126.0641536351397,1121.4434466085174,4.620707026622313,1.5169753845693748,24.5,15.549999999999955,8.950000000000045,24.5,34.81428571428574,19000806.3,Buy
486,2024-06-21T00:00:00+05:30,1163.55,1169.9,1150.65,1158.65,69259425,1.8276137621552886,1131.0773607681951,1124.1994876004792,6.877873167715961,2.5891549411986925,19.25,13.100000000000136,6.149999999999864,19.25,34.807142857142885,21774393.2,Buy
487,2024-06-24T00:00:00+05:30,1154.65,1175.65,1152.65,1170.1,12210295,2.0190470264173057,1137.0808437269343,1127.5995255559992,9.481318170935083,3.967587587145971,23.0,17.0,6.0,23.0,32.73928571428574,22069274.45,Buy
488,2024-06-25T00:00:00+05:30,1170.25,1206.0,1167.65,1197.95,27309845,2.4009516674742337,1146.445329307406,1132.8106718111103,13.634657496295631,5.901001568975904,38.34999999999991,35.90000000000009,2.449999999999818,38.34999999999991,27.875000000000018,22854773.85,No Signal
489,2024-06-26T00:00:00+05:30,1202.0,1222.85,1193.85,1218.0,25403461,2.8807169556004806,1157.4537401831897,1139.1209924176947,18.332747765495014,8.387350808279725,29.0,24.899999999999864,4.100000000000136,29.0,24.78928571428573,23659361.0,No Signal
490,2024-06-27T00:00:00+05:30,1228.35,1235.0,1209.1,1219.9,20516632,3.2233366682957336,1167.0608570780835,1145.1046226089766,21.956234469106903,11.101127540445162,25.90000000000009,17.0,8.900000000000091,25.90000000000009,25.110714285714298,23721765.25,No Signal
491,2024-06-28T00:00:00+05:30,1227.0,1227.0,1196.35,1199.6,12507092,3.427738896277849,1172.0668790660707,1149.1413172305338,22.925561835536882,13.466014399463507,30.65000000000009,7.099999999999909,23.550000000000182,30.65000000000009,25.535714285714302,23584350.5,No Signal
492,2024-07-01T00:00:00+05:30,1199.6,1215.35,1192.05,1211.85,8636894,3.5922410948943884,1178.187359209752,1153.7864048430868,24.400954366665246,15.653002392903856,23.299999999999955,15.75,7.5499999999999545,23.299999999999955,25.907142857142862,22706309.3,No Signal
493,2024-07-02T00:00:00+05:30,1217.0,1217.0,1185.55,1190.6,16153925,3.739890055099898,1180.0969962544054,1156.513337817673,23.58365843673255,17.239133601669597,31.450000000000045,5.150000000000091,26.299999999999955,31.450000000000045,26.864285714285725,22229006.7,No Signal
494,2024-07-03T00:00:00+05:30,1196.85,1215.85,1179.45,1201.6,22330897,3.50018490223392,1183.4051506768046,1159.8530905719194,23.552060104885186,18.501718902312717,36.399999999999864,25.25,11.149999999999864,36.399999999999864,27.93571428571428,21171709.7,No Signal
495,2024-07-04T00:00:00+05:30,1229.0,1234.95,1214.3,1233.0,15275791,3.5633084195085027,1191.0351274957577,1165.2713801591847,25.763747336573033,19.95412458916478,20.65000000000009,33.350000000000136,12.700000000000045,33.350000000000136,29.017857142857142,19826894.05,No Signal
496,2024-07-05T00:00:00+05:30,1225.0,1242.6,1220.85,1233.4,9535575,3.647443289565838,1197.552800188718,1170.3179445918377,27.23485559688038,21.4102707907079,21.75,9.599999999999909,12.150000000000091,21.75,29.532142857142862,19374964.7,No Signal
497,2024-07-08T00:00:00+05:30,1228.9,1239.5,1216.9,1235.05,6617190,3.725287378936431,1203.3216001596845,1175.112911659109,28.20868850057559,22.76995433268144,22.59999999999991,6.099999999999909,16.5,22.59999999999991,28.72857142857143,18845942.45,No Signal
498,2024-07-09T00:00:00+05:30,1234.95,1250.2,1229.3,1248.25,13366874,3.7926518663498143,1210.2336616735793,1180.5304737584343,29.70318791514501,24.156601049174153,20.90000000000009,15.150000000000091,5.75,20.90000000000009,27.171428571428578,18971713.4,No Signal
499,2024-07-10T00:00:00+05:30,1252.75,1252.75,1236.35,1243.2,18226503,3.7849046733380227,1215.30540603149,1185.1726608874392,30.132745144050887,25.3518298681495,16.40000000000009,4.5,11.900000000000091,16.40000000000009,26.592857142857156,19270538.45,No Signal
500,2024-07-11T00:00:00+05:30,1246.35,1257.8,1225.05,1238.45,11307116,3.691991696839865,1218.8661127958762,1189.1191304513327,29.74698234454354,26.23086036342831,32.75,14.599999999999909,18.15000000000009,32.75,27.55714285714287,19031068.55,No Signal
501,2024-07-12T00:00:00+05:30,1235.9,1252.9,1230.1,1232.9,12208290,3.404902425048257,1221.0251723657414,1192.362157825308,28.663014540433323,26.717291198829315,22.800000000000182,14.450000000000045,8.350000000000136,22.800000000000182,27.54285714285717,19016770.35,No Signal
502,2024-07-15T00:00:00+05:30,1233.1,1238.45,1224.05,1229.95,15612671,2.9594762086165525,1222.398222771012,1195.1464424308408,27.25178034017108,26.82418902709767,14.400000000000091,5.5499999999999545,8.850000000000136,14.400000000000091,25.832142857142895,19228504.95,No Signal
503,2024-07-16T00:00:00+05:30,1230.0,1245.0,1229.0,1239.9,12320605,2.5582121066541155,1225.090803883164,1198.461520769297,26.629283113866904,26.78520784445152,16.0,15.049999999999955,0.9500000000000455,16.0,24.903571428571468,18929226.4,No Signal
504,2024-07-18T00:00:00+05:30,1234.9,1256.45,1231.7,1250.3,10999632,2.3097048861761817,1228.9691417472925,1202.3014081197196,26.667733627572943,26.761713001075805,24.75,16.549999999999955,8.200000000000045,24.75,24.821428571428605,17763732.3,No Signal
505,2024-07-19T00:00:00+05:30,1244.0,1250.5,1240.25,1248.65,7958817,2.101417468281543,1231.996966093863,1205.7346371478884,26.26232894597456,26.661836190055556,10.25,0.20000000000004547,10.049999999999955,10.25,23.36428571428574,17387876.5,No Signal
506,2024-07-22T00:00:00+05:30,1240.0,1245.3,1232.9,1241.15,9958965,1.7934392522664568,1233.4051251563455,1208.357997359156,25.04712779718966,26.33889451148238,12.399999999999864,3.3500000000001364,15.75,15.75,22.825000000000028,14422853.5,No Signal
507,2024-07-23T00:00:00+05:30,1241.15,1248.65,1212.5,1226.75,19369832,1.4883998366445108,1232.381259747677,1209.7203679251443,22.660891822532676,25.60329397369244,36.15000000000009,7.5,28.65000000000009,36.15000000000009,23.160714285714317,14780830.35,No Signal
508,2024-07-24T00:00:00+05:30,1225.0,1233.65,1202.05,1223.0,20122521,1.387869536450861,1230.9379890172652,1210.7040443751337,20.23394464213152,24.529424107380258,31.600000000000136,6.900000000000091,24.700000000000045,31.600000000000136,22.817857142857196,14421464.15,No Signal
509,2024-07-25T00:00:00+05:30,1205.5,1218.25,1190.6,1197.9,14154461,1.5165820453277923,1225.8552214761476,1209.7555966436423,16.099624832505242,22.843464252405255,27.65000000000009,4.75,32.40000000000009,32.40000000000009,22.75000000000005,13859014.15,No Signal
510,2024-07-26T00:00:00+05:30,1190.0,1220.0,1185.95,1207.2,19309265,1.5452067631363067,1222.985187402894,1209.5662931885577,13.418894214336433,20.958550244791493,34.049999999999955,22.09999999999991,11.950000000000045,34.049999999999955,23.628571428571473,13798645.8,No Signal
511,2024-07-29T00:00:00+05:30,1215.15,1242.75,1204.15,1212.7,28458261,1.4733997620148909,1221.402850879372,1209.7984196190348,11.604431260337151,19.087726447900625,38.59999999999991,35.549999999999955,3.0499999999999545,38.59999999999991,24.77142857142862,14596204.25,No Signal
512,2024-07-30T00:00:00+05:30,1213.0,1230.85,1204.4,1209.45,23972277,1.487018721247915,1219.563950744084,1209.7726107583655,9.791339985718423,17.228449155464187,26.449999999999818,18.149999999999864,8.299999999999955,26.449999999999818,25.16785714285717,15362973.4,No Signal
513,2024-07-31T00:00:00+05:30,1219.0,1224.65,1211.0,1214.9,22297629,1.325783016249898,1218.8464198603788,1210.152417368857,8.694002491521815,15.521559822675712,13.650000000000091,15.200000000000045,1.5499999999999545,15.200000000000045,25.08214285714288,15670158.6,No Signal
514,2024-08-01T00:00:00+05:30,1212.5,1222.65,1206.9,1210.1,8725046,1.2777642854057358,1217.500816804936,1210.1485346007935,7.3522822041425115,13.887704298969073,15.75,7.75,8.0,15.75,23.867857142857165,14989866.05,No Signal
515,2024-08-02T00:00:00+05:30,1197.0,1201.65,1190.1,1196.55,10735395,1.421818155340483,1214.2776142195612,1209.1412357414754,5.136378478085817,12.137439134792423,11.550000000000182,8.449999999999818,20.0,20.0,23.66785714285715,14762846.25,No Signal
516,2024-08-05T00:00:00+05:30,1182.0,1188.9,1167.0,1172.6,14306771,1.775037185640541,1207.865673570398,1206.4344775384031,1.4311960319948867,9.996190514232916,21.90000000000009,7.649999999999864,29.549999999999955,29.549999999999955,24.75,15001406.05,No Signal
517,2024-08-06T00:00:00+05:30,1175.0,1187.7,1161.5,1166.85,13575619,2.0747456870421126,1201.555569944183,1203.50229401704,-1.9467240728570232,7.607607596814929,26.200000000000045,15.100000000000136,11.099999999999909,26.200000000000045,25.47857142857143,15349327.5,Sell
518,2024-08-07T00:00:00+05:30,1178.95,1179.8,1161.6,1172.45,15753644,2.178273919513249,1197.0777899527702,1201.2021240898518,-4.124334137081632,5.261219250035617,18.200000000000045,12.950000000000045,5.25,18.200000000000045,25.010714285714293,15468666.0,Sell
519,2024-08-08T00:00:00+05:30,1166.95,1174.4,1158.9,1164.6,10806438,2.3394261895952804,1192.0812068831133,1198.4908556387518,-6.4096487556385,2.9270456489007937,15.5,1.9500000000000455,13.549999999999955,15.5,25.385714285714293,15097662.75,Sell
520,2024-08-09T00:00:00+05:30,1176.55,1180.95,1169.0,1171.6,8687307,2.3919691366633336,1188.930251978019,1196.4989404062517,-7.56868842823269,0.827898833474097,11.950000000000045,16.350000000000136,4.400000000000091,16.350000000000136,25.428571428571445,14966672.3,Sell
521,2024-08-12T00:00:00+05:30,1171.0,1178.25,1156.0,1172.8,10860455,2.4383230185918108,1186.4486747506314,1194.743463339122,-8.294788588490519,-0.9966386509188262,22.25,6.650000000000091,15.599999999999909,22.25,24.435714285714294,14899280.55,Sell
522,2024-08-13T00:00:00+05:30,1183.2,1189.25,1163.6,1168.35,13117927,2.503069357604089,1183.6642632505343,1192.7883919806684,-9.124128730134089,-2.622136666761879,25.65000000000009,16.450000000000045,9.200000000000045,25.65000000000009,24.010714285714293,14774543.35,No Signal
523,2024-08-14T00:00:00+05:30,1167.0,1170.05,1153.0,1161.65,13431801,2.5254795962139456,1180.277453519683,1190.4818444265447,-10.204390906861818,-4.138587514781867,17.049999999999955,1.7000000000000455,15.349999999999909,17.049999999999955,22.91428571428571,14830103.15,No Signal
524,2024-08-16T00:00:00+05:30,1170.0,1193.0,1165.65,1187.25,10961370,2.263433663789714,1181.3501529781931,1190.242448543097,-8.892295564903861,-5.089329124806266,27.34999999999991,31.34999999999991,4.0,31.34999999999991,22.721428571428564,14828190.05,No Signal
525,2024-08-19T00:00:00+05:30,1191.0,1195.75,1173.3,1175.9,6686394,2.05874699342436,1180.511667904625,1189.1800449473121,-8.668377042687098,-5.805138708382433,22.450000000000045,8.5,13.950000000000045,22.450000000000045,21.567857142857147,14764568.9,No Signal
526,2024-08-20T00:00:00+05:30,1174.2,1189.8,1170.0,1179.45,10427061,1.8217190512397354,1180.3483343808366,1188.4593008771408,-8.110966496304172,-6.266304265966781,19.799999999999955,13.899999999999864,5.900000000000091,19.799999999999955,21.092857142857156,14787973.7,No Signal
527,2024-08-21T00:00:00+05:30,1177.0,1178.65,1165.1,1174.85,17234142,1.6882367269376923,1179.5024367837848,1187.451204515871,-7.948767732086253,-6.602796959190676,13.550000000000182,0.7999999999999545,14.350000000000136,14.350000000000136,21.032142857142876,14681189.2,No Signal
528,2024-08-22T00:00:00+05:30,1182.0,1192.6,1176.6,1191.1,8564142,1.5098523626600662,1181.2866772785871,1187.7214856628436,-6.434808384256485,-6.569199244203838,16.0,17.75,1.75,17.75,21.17500000000002,14103270.25,No Signal
529,2024-08-23T00:00:00+05:30,1193.0,1205.0,1188.55,1203.5,7518309,1.5147829867547025,1184.70411154342,1188.890264502633,-4.186152959213132,-6.092589987205697,16.450000000000045,13.900000000000091,2.5499999999999545,16.450000000000045,20.921428571428596,13771462.65,No Signal
530,2024-08-26T00:00:00+05:30,1205.55,1214.95,1201.05,1213.3,10920226,1.5375632725572983,1189.1034789982784,1190.6983930579936,-1.5949140597151654,-5.193054801707591,13.900000000000091,11.450000000000045,2.4500000000000455,13.900000000000091,19.803571428571463,13352010.7,No Signal
531,2024-08-27T00:00:00+05:30,1213.3,1232.5,1208.9,1226.35,16295325,1.6220702473452735,1194.8337129985432,1193.3392528314755,1.4944601670677002,-3.855551807952533,23.59999999999991,19.200000000000045,4.399999999999864,23.59999999999991,19.617857142857165,12743863.9,No Signal
532,2024-08-28T00:00:00+05:30,1222.65,1226.4,1217.3,1223.85,12291305,1.715087975216527,1199.2977571526135,1195.5993081772922,3.6984489753212983,-2.344751651297767,9.100000000000136,0.0500000000001819,9.049999999999955,9.100000000000136,18.967857142857174,12159815.3,No Signal
533,2024-08-29T00:00:00+05:30,1218.95,1235.0,1217.0,1221.9,10806748,1.761547568253605,1202.7750252829806,1197.547507571567,5.227517711413611,-0.8302977787554913,18.0,11.150000000000091,6.849999999999909,18.0,19.1464285714286,11585271.25,No Signal
534,2024-08-30T00:00:00+05:30,1230.0,1235.55,1218.9,1229.2,21211148,1.86666189855345,1206.840406008676,1199.8921366403397,6.948269368336241,0.7254156506628553,16.649999999999864,13.649999999999864,3.0,16.649999999999864,19.16785714285715,12209576.35,No Signal
535,2024-09-02T00:00:00+05:30,1239.0,1239.2,1222.5,1229.95,12516759,2.0077883025705217,1210.3957281611874,1202.1186450373516,8.277083123835837,2.2357491452974516,16.700000000000045,10.0,6.7000000000000455,16.700000000000045,18.771428571428583,12298644.55,No Signal
536,2024-09-03T00:00:00+05:30,1227.2,1250.95,1220.4,1247.7,19114907,2.196855509282687,1216.1348469056202,1205.4950417012515,10.639805204368713,3.916560357111704,30.549999999999955,21.0,9.549999999999955,30.549999999999955,19.121428571428574,12539051.35,No Signal
537,2024-09-04T00:00:00+05:30,1239.85,1243.7,1232.8,1236.35,13505843,2.2780590049184624,1219.2448704586018,1207.7805941678255,11.464276290776297,5.426103543844623,10.900000000000091,4.0,14.900000000000091,14.900000000000091,18.967857142857156,12535562.55,No Signal
538,2024-09-05T00:00:00+05:30,1238.0,1244.85,1231.3,1235.95,9142811,2.3263761546486923,1221.8148903880476,1209.8672168220605,11.947673565987088,6.730417548273117,13.549999999999955,8.5,5.0499999999999545,13.549999999999955,17.696428571428587,12205020.9,No Signal
539,2024-09-06T00:00:00+05:30,1225.95,1233.9,1205.0,1208.15,10170479,2.275378878828043,1219.7125995591173,1209.740015575982,9.972583983135337,7.3788508352455615,28.90000000000009,2.0499999999999545,30.950000000000045,30.950000000000045,18.303571428571445,12173222.95,No Signal
540,2024-09-09T00:00:00+05:30,1202.9,1238.3,1200.45,1235.0,13863250,2.2136643257782884,1222.0645073192532,1211.6111255333167,10.453381785936472,7.993757025383744,37.84999999999991,30.149999999999864,7.7000000000000455,37.84999999999991,19.592857142857156,12432020.1,No Signal
541,2024-09-10T00:00:00+05:30,1236.95,1241.35,1227.0,1237.3,15545130,2.182386082776986,1224.4084292701373,1213.5140051234414,10.894424146695883,8.573890449646173,14.349999999999909,6.349999999999909,8.0,14.349999999999909,19.592857142857138,12666253.85,No Signal
542,2024-09-11T00:00:00+05:30,1231.5,1239.3,1226.4,1236.35,11993242,2.0886870342774166,1226.2455939978086,1215.2055602994828,11.040033698325715,9.067119099382081,12.899999999999864,2.0,10.899999999999864,12.899999999999864,19.24642857142856,12610019.6,No Signal
543,2024-09-12T00:00:00+05:30,1238.0,1257.0,1226.35,1252.15,15376442,1.9391104915759159,1230.230887228915,1217.942185462484,12.288701766430904,9.711435632791847,30.65000000000009,20.65000000000009,10.0,30.65000000000009,20.260714285714275,12707251.65,Buy
544,2024-09-13T00:00:00+05:30,1252.0,1255.95,1242.05,1250.35,9877288,1.941300280258245,1233.3261353475434,1220.3427643171149,12.983371030428543,10.365822712319186,13.900000000000091,3.7999999999999545,10.100000000000136,13.900000000000091,20.260714285714275,12653047.55,Buy
545,2024-09-16T00:00:00+05:30,1251.0,1265.6,1244.7,1262.85,8973335,1.873223407189543,1237.8682683709983,1223.491448441773,14.376819929225348,11.168022155700418,20.899999999999864,15.25,5.649999999999864,20.899999999999864,20.06785714285713,12767394.6,Buy
546,2024-09-17T00:00:00+05:30,1259.95,1272.25,1258.4,1268.1,11513121,1.8146746947689634,1242.5193040062293,1226.7957855942343,15.723518411994974,12.079121406959331,13.849999999999909,9.400000000000091,4.449999999999818,13.849999999999909,20.407142857142826,12821697.6,Buy
547,2024-09-18T00:00:00+05:30,1262.0,1295.35,1262.0,1288.35,12466597,1.7770618037491293,1249.5701803129632,1231.3553570316985,18.21482328126467,13.3062617818204,33.34999999999991,27.25,6.099999999999909,33.34999999999991,21.503571428571394,12583320.35,Buy
548,2024-09-19T00:00:00+05:30,1288.35,1300.0,1285.35,1292.0,13172268,1.844870564179253,1256.0978448801995,1235.8475528071283,20.25029207307125,14.695067840070571,14.650000000000091,11.650000000000091,3.0,14.650000000000091,21.360714285714266,12813726.65,Buy
549,2024-09-20T00:00:00+05:30,1295.0,1362.35,1291.55,1338.45,73257767,2.316333385978472,1268.7674072063228,1243.4477340806743,25.319673125648478,16.819988897186153,70.79999999999995,70.34999999999991,0.4500000000000455,70.79999999999995,25.224999999999973,16100699.55,Buy
550,2024-09-23T00:00:00+05:30,1331.0,1331.8,1308.5,1321.9,11380409,2.5868042796662256,1276.941652251504,1249.2590130376614,27.68263921384255,18.992518960517433,23.299999999999955,6.650000000000091,29.950000000000045,29.950000000000045,25.18214285714284,16123708.7,Buy
551,2024-09-24T00:00:00+05:30,1321.0,1331.4,1315.45,1318.6,13886037,2.780945445719727,1283.3506288281956,1254.395382442279,28.955246385916553,20.98506444559726,15.950000000000045,9.5,6.4500000000000455,15.950000000000045,25.257142857142835,16003244.3,Buy
552,2024-09-25T00:00:00+05:30,1310.75,1327.75,1310.1,1323.85,8728019,2.9242084991195,1289.5813013161655,1259.540168928036,30.041132388129427,22.796278034103693,17.65000000000009,9.150000000000091,8.5,17.65000000000009,25.549999999999986,15825080.0,Buy
553,2024-09-26T00:00:00+05:30,1320.0,1333.35,1316.9,1329.05,11100869,3.0317178650369287,1295.6534088059861,1264.6890453037372,30.964363502248943,24.429895127732745,16.449999999999818,9.5,6.949999999999818,16.449999999999818,24.514285714285684,15839786.05,Buy
554,2024-09-27T00:00:00+05:30,1333.0,1333.0,1303.85,1306.6,17117379,3.075169146551448,1297.3374997589112,1267.7935604664233,29.54393929248795,25.452703960683788,29.15000000000009,3.9500000000000455,25.200000000000045,29.15000000000009,23.892857142857128,15635097.6,Buy
555,2024-09-30T00:00:00+05:30,1292.1,1296.8,1270.9,1273.0,12622212,3.0639471014770385,1293.5932690267712,1268.1792226540956,25.414046372675557,25.444972443082143,25.899999999999864,9.799999999999955,35.69999999999982,35.69999999999982,25.41785714285712,15640370.25,Sell
556,2024-10-01T00:00:00+05:30,1269.8,1280.25,1267.6,1274.4,10972413,3.024406600644796,1290.640458407268,1268.6400209760145,22.00043743125343,24.7560654407164,12.650000000000091,7.25,5.400000000000091,12.650000000000091,25.399999999999995,15233245.55,Sell
557,2024-10-03T00:00:00+05:30,1253.6,1265.75,1248.15,1256.35,17648551,3.0050722759610413,1285.3650032676883,1267.7296490518652,17.6353542158231,23.331923195737744,17.59999999999991,8.650000000000091,26.25,26.25,25.08571428571427,15440380.95,Sell
558,2024-10-04T00:00:00+05:30,1247.1,1264.4,1236.2,1239.75,13488887,3.029165150986044,1278.3473104572747,1265.6570824554308,12.690228001843934,21.203584156958982,28.200000000000045,8.050000000000182,20.149999999999864,28.200000000000045,26.10714285714284,15657684.75,Sell
559,2024-10-07T00:00:00+05:30,1241.55,1262.95,1225.0,1233.9,20667247,2.8774127520257005,1271.509262694617,1263.3047059772507,8.204556717366358,18.60377866904046,37.950000000000045,23.200000000000045,14.75,37.950000000000045,27.324999999999996,16182523.15,Sell
560,2024-10-08T00:00:00+05:30,1241.0,1247.8,1229.75,1236.6,12219259,2.863225664952224,1266.1386068954453,1261.3265796085655,4.812027286879811,15.84542839260833,18.049999999999955,13.899999999999864,4.150000000000091,18.049999999999955,27.625,16100323.6,Sell
561,2024-10-09T00:00:00+05:30,1243.05,1265.1,1232.65,1244.15,14765997,2.815868060782903,1262.755744296146,1260.0542403783013,2.701503917844775,13.21664349765562,32.44999999999982,28.5,3.949999999999818,32.44999999999982,27.56071428571428,16061366.95,Sell
562,2024-10-10T00:00:00+05:30,1246.75,1254.7,1238.0,1243.5,9118195,2.7846786956656935,1259.793322096739,1258.828000350279,0.9653217464601767,10.766379147416531,16.700000000000045,10.549999999999955,6.150000000000091,16.700000000000045,27.70714285714285,15917614.6,Sell
563,2024-10-11T00:00:00+05:30,1237.0,1240.8,1222.0,1223.0,8472512,2.9706343866576006,1254.132811004933,1256.1740743984064,-2.0412633934734004,8.204850639238545,18.799999999999955,2.7000000000000455,21.5,21.5,24.18571428571428,15572418.1,No Signal
564,2024-10-14T00:00:00+05:30,1221.0,1237.9,1217.4,1231.75,11833929,3.024535954439092,1250.6893016195588,1254.364883702228,-3.6755820826692798,5.8287640948569805,20.5,14.900000000000091,5.599999999999909,20.5,23.510714285714275,15670250.15,No Signal
565,2024-10-15T00:00:00+05:30,1238.95,1258.3,1235.4,1255.5,11657338,2.9804828598589057,1251.4294090627036,1254.448966390952,-3.019557328248311,4.059099810235923,22.899999999999864,26.549999999999955,3.650000000000091,26.549999999999955,24.267857142857128,15804450.3,No Signal
566,2024-10-16T00:00:00+05:30,1248.5,1254.95,1241.6,1243.15,7869727,3.0624006621085242,1250.1556538222876,1253.612005917548,-3.4563520952603994,2.556009429136658,13.350000000000136,0.5499999999999545,13.900000000000091,13.900000000000091,23.999999999999982,15622280.6,No Signal
567,2024-10-17T00:00:00+05:30,1249.45,1256.95,1224.4,1231.25,8459497,3.170909452391932,1247.2470916957818,1251.9555610347666,-4.708469338984742,1.1031136755123783,32.549999999999955,13.799999999999955,18.75,32.549999999999955,25.149999999999995,15421925.6,No Signal
568,2024-10-18T00:00:00+05:30,1227.95,1268.9,1225.25,1264.5,11018126,3.063691070941942,1249.9013852810463,1252.884778735895,-2.9833934548487377,0.2858122494401551,43.65000000000009,37.65000000000009,6.0,43.65000000000009,26.18571428571428,15314218.5,Sell
569,2024-10-21T00:00:00+05:30,1264.5,1272.35,1250.55,1259.05,7742775,2.796214779904685,1251.3088644685777,1253.3414617924955,-2.0325973239177983,-0.17786966523143563,21.799999999999955,7.849999999999909,13.950000000000045,21.799999999999955,25.192857142857147,12038468.9,No Signal
570,2024-10-22T00:00:00+05:30,1266.6,1284.9,1259.75,1267.5,20090801,2.5739820293067197,1253.7998083964887,1254.3902424004589,-0.590434003970131,-0.26038253297917474,25.15000000000009,25.850000000000136,0.7000000000000455,25.850000000000136,26.135714285714293,12473988.5,Sell
571,2024-10-23T00:00:00+05:30,1261.0,1267.95,1243.05,1251.6,14055447,2.3904305345378805,1253.4613763354905,1254.1835577782026,-0.7221814427120989,-0.3527423149257596,24.90000000000009,0.4500000000000455,24.450000000000045,24.90000000000009,26.03928571428573,12482459.0,Sell
572,2024-10-24T00:00:00+05:30,1250.25,1260.45,1241.05,1252.75,12223031,2.059555583406391,1253.3519338223382,1254.0773683131506,-0.725434490812404,-0.42728075010308847,19.40000000000009,8.850000000000136,10.549999999999955,19.40000000000009,25.410714285714302,12657209.6,No Signal
573,2024-10-25T00:00:00+05:30,1247.25,1268.9,1234.2,1255.45,13546055,1.5312642792986586,1253.6747132342862,1254.1790447343988,-0.5043315001125848,-0.44269090010498774,34.700000000000045,16.15000000000009,18.549999999999955,34.700000000000045,25.178571428571445,12779468.9,No Signal
574,2024-10-28T00:00:00+05:30,1285.5,1307.8,1280.6,1292.85,24096412,1.340318532289255,1259.7016804290113,1257.043559939258,2.6581204897531734,0.1774713778666445,27.200000000000045,52.34999999999991,25.149999999999864,52.34999999999991,27.62857142857144,13128420.55,Buy
575,2024-10-29T00:00:00+05:30,1301.35,1335.35,1299.25,1331.85,20656117,1.849286518502111,1270.801421901471,1262.5847777215354,8.216644179935656,1.785305938280447,36.09999999999991,42.5,6.400000000000091,42.5,28.346428571428596,13530115.8,Buy
576,2024-10-30T00:00:00+05:30,1324.0,1330.9,1305.6,1312.15,15055031,2.097086837274191,1277.162741608937,1266.2562756680884,10.906465940848648,3.6095379387940874,25.300000000000182,0.9499999999998181,26.25,26.25,29.02857142857145,13734246.7,Buy
577,2024-10-31T00:00:00+05:30,1307.25,1318.95,1288.55,1292.25,23497314,2.2182442908477573,1279.4838582844852,1268.1817367297115,11.302121554773748,5.14805466199002,30.40000000000009,6.7999999999999545,23.600000000000136,30.40000000000009,29.664285714285743,14026684.85,Buy
578,2024-11-01T00:00:00+05:30,1289.95,1296.2,1286.25,1291.8,1007022,2.265498426213581,1281.3786493176412,1269.9312377126957,11.4474116049455,6.407926050581117,9.950000000000045,3.9500000000000455,6.0,9.950000000000045,28.910714285714317,13402591.6,Buy
579,2024-11-04T00:00:00+05:30,1290.1,1291.8,1270.05,1277.2,14309121,2.25290540680816,1280.7357801918504,1270.4696645487923,10.266115643058129,7.179563969076519,21.75,0.0,21.75,21.75,28.56785714285718,13084685.3,Buy
580,2024-11-05T00:00:00+05:30,1273.0,1301.3,1263.1,1296.7,16431920,2.2380614536051113,1283.1918140084888,1272.4126523599928,10.779161648496029,7.899483504960422,38.200000000000045,24.09999999999991,14.100000000000136,38.200000000000045,30.303571428571463,13295318.35,Buy
581,2024-11-06T00:00:00+05:30,1300.25,1315.0,1292.7,1302.35,12037405,2.2756468708278614,1286.1392272379521,1274.63023366666,11.508993571292194,8.621385518226777,22.299999999999955,18.299999999999955,4.0,22.299999999999955,29.571428571428605,13158888.75,Buy
582,2024-11-07T00:00:00+05:30,1297.15,1302.8,1275.25,1278.7,9909035,2.2753673272724266,1284.9947307398056,1274.9316978395,10.063032900305643,8.90971499464255,27.549999999999955,0.4500000000000455,27.09999999999991,27.549999999999955,28.421428571428596,13198430.75,Buy
583,2024-11-08T00:00:00+05:30,1270.0,1275.0,1252.7,1258.85,11195808,2.1481698352528316,1280.9724644721432,1273.7404609625,7.232003509643164,8.574172697642673,22.299999999999955,3.7000000000000455,26.0,26.0,28.721428571428596,13334595.55,Sell
584,2024-11-11T00:00:00+05:30,1262.0,1275.9,1246.65,1269.3,8387780,1.9950552294417137,1279.176700707198,1273.4115379282407,5.765162778957347,8.012370713905609,29.25,17.050000000000182,12.199999999999818,29.25,28.96428571428573,13162288.1,Sell
585,2024-11-12T00:00:00+05:30,1276.15,1295.0,1264.5,1270.6,13486168,1.9642408716346986,1277.857208290706,1273.2032758594821,4.653932431223893,7.340683057369266,30.5,25.700000000000045,4.7999999999999545,30.5,29.364285714285725,13253729.6,Sell
586,2024-11-13T00:00:00+05:30,1270.6,1276.25,1250.0,1253.7,12260404,1.942520691670572,1274.1407147075206,1271.7585887587798,2.3821259487408497,6.348971635643583,26.25,5.650000000000091,20.59999999999991,26.25,29.85357142857143,13473263.45,Sell
587,2024-11-14T00:00:00+05:30,1253.75,1267.7,1243.05,1256.95,9506892,1.7902236111519771,1271.495989367902,1270.6616562581294,0.834333109772615,5.24604393046939,24.65000000000009,14.0,10.650000000000091,24.65000000000009,29.135714285714293,13525633.2,Sell
588,2024-11-18T00:00:00+05:30,1260.0,1262.6,1249.4,1253.45,6195554,1.831059550439863,1268.7196833113017,1269.3867187575272,-0.6670354462255546,4.063428055130401,13.199999999999818,5.649999999999864,7.5499999999999545,13.199999999999818,26.339285714285715,13284504.6,No Signal
589,2024-11-19T00:00:00+05:30,1257.05,1261.0,1240.85,1249.1,11537317,1.8770657063669167,1265.7012704941783,1267.8839988495622,-2.182728355383915,2.814196773027538,20.15000000000009,7.5499999999999545,12.600000000000136,20.15000000000009,24.74285714285715,13474231.7,No Signal
590,2024-11-21T00:00:00+05:30,1248.55,1256.9,1232.55,1250.55,9593870,1.9238623206615568,1263.3703058027663,1266.5999989347797,-3.229693132013381,1.6054187920193543,24.350000000000136,7.800000000000182,16.549999999999955,24.350000000000136,24.607142857142872,12949385.15,No Signal
591,2024-11-22T00:00:00+05:30,1258.0,1281.4,1256.0,1278.05,11604338,1.8331797814163724,1265.6287202946485,1267.448147161833,-1.8194268671845748,0.9204496601785686,25.40000000000009,30.850000000000136,5.4500000000000455,30.850000000000136,24.639285714285734,12826829.7,No Signal
592,2024-11-25T00:00:00+05:30,1296.0,1311.2,1290.0,1300.95,22717581,1.7960356402824382,1271.062763326241,1269.9297658905862,1.1329974356549428,0.9629592152738434,21.200000000000045,33.15000000000009,11.950000000000045,33.15000000000009,26.296428571428596,13351557.2,No Signal
593,2024-11-26T00:00:00+05:30,1310.6,1314.25,1302.45,1304.95,7646955,1.79328379495137,1276.2761843529734,1272.5238573060983,3.7523270468750525,1.5208327815940852,11.799999999999955,13.299999999999955,1.5,13.299999999999955,25.69285714285716,13056602.2,No Signal
594,2024-11-27T00:00:00+05:30,1298.5,1310.85,1297.85,1300.7,21938082,1.820012188358031,1280.0336944525159,1274.610978987128,5.42271546538791,2.30120931835285,13.0,5.899999999999864,7.100000000000136,13.0,23.89285714285716,12948685.7,No Signal
595,2024-11-28T00:00:00+05:30,1301.05,1310.5,1282.3,1286.35,22803745,1.5984927589004025,1281.0054337675135,1275.4805360991925,5.524897668321046,2.9459469883464893,28.200000000000045,9.799999999999955,18.40000000000009,28.200000000000045,24.314285714285738,13056067.1,No Signal
596,2024-11-29T00:00:00+05:30,1283.1,1303.25,1283.1,1300.1,11397228,1.5157002555426318,1283.9430593417421,1277.304200091845,6.638859249897223,3.684529440656636,20.15000000000009,16.90000000000009,3.25,20.15000000000009,23.785714285714317,12873176.95,No Signal
597,2024-12-02T00:00:00+05:30,1299.9,1310.55,1289.15,1304.65,9626400,1.5591547060587465,1287.1287425199357,1279.3298148998565,7.798927620079212,4.507409076541151,21.399999999999864,10.450000000000045,10.949999999999818,21.399999999999864,23.45714285714288,12179631.25,No Signal
598,2024-12-03T00:00:00+05:30,1303.95,1312.8,1296.1,1308.4,11509276,1.6203799575201012,1290.4012436707148,1281.4831619443116,8.918081726403216,5.3895436065135645,16.700000000000045,8.149999999999864,8.550000000000182,16.700000000000045,22.56071428571431,12704743.95,No Signal
599,2024-12-04T00:00:00+05:30,1302.6,1320.0,1301.7,1316.05,11570281,1.7213116893589004,1294.3472061829125,1284.0436684669553,10.30353771595719,6.37234242840229,18.299999999999955,11.599999999999909,6.7000000000000455,18.299999999999955,21.689285714285738,12567801.95,No Signal
600,2024-12-05T00:00:00+05:30,1316.25,1342.9,1308.6,1336.5,19210697,1.9132662962569664,1300.8322513855412,1287.9293226545883,12.902928730952908,7.678459688912414,34.30000000000018,26.850000000000136,7.4500000000000455,34.30000000000018,22.26428571428575,12706740.8,No Signal
601,2024-12-06T00:00:00+05:30,1342.5,1347.1,1326.7,1328.75,8942672,2.046805596918069,1305.1272896339194,1290.9530765320262,14.174213101893201,8.977610371508572,20.399999999999864,10.599999999999909,9.799999999999955,20.399999999999864,21.960714285714307,12552004.15,No Signal
602,2024-12-09T00:00:00+05:30,1322.1,1329.05,1320.25,1322.3,8000764,2.144736698569143,1307.7692450748548,1293.2750708629871,14.49417421186763,10.080923139580385,8.799999999999955,0.2999999999999545,8.5,8.799999999999955,21.6464285714286,12456590.6,No Signal
603,2024-12-10T00:00:00+05:30,1319.0,1332.0,1315.25,1330.45,8218214,2.184353925647974,1311.2585919864157,1296.0287693175808,15.229822668834913,11.110703045431292,16.75,9.700000000000045,7.0499999999999545,16.75,21.40357142857145,12307710.9,No Signal
604,2024-12-10T00:00:00+05:30,1319.0,1332.0,1315.25,1330.45,8218214,2.243920658669902,1314.2111162961978,1298.5784901088712,15.63262618732665,12.015087673810363,16.75,1.5499999999999545,15.200000000000045,16.75,20.860714285714298,12299232.6,No Signal
605,2024-12-11T00:00:00+05:30,1324.7,1331.25,1316.0,1327.5,8138066,2.2750329667640323,1316.2555599429365,1300.7208241748808,15.534735768055725,12.719017292659437,15.25,0.7999999999999545,14.450000000000045,15.25,19.746428571428574,12031827.5,No Signal
606,2024-12-12T00:00:00+05:30,1321.55,1338.75,1321.55,1329.25,9076896,2.1974295911766673,1318.2547045671001,1302.834096458223,15.420608108877104,13.25933545590297,17.200000000000045,11.25,5.9500000000000455,17.200000000000045,18.607142857142858,11872652.1,No Signal
607,2024-12-13T00:00:00+05:30,1325.35,1347.15,1313.5,1344.9,13536684,2.147611953458923,1322.3539807875463,1305.9500893131694,16.403891474376906,13.888246659597758,33.65000000000009,17.90000000000009,15.75,33.65000000000009,20.060714285714294,12074141.7,No Signal
608,2024-12-16T00:00:00+05:30,1344.9,1350.45,1340.05,1346.1,9071006,2.0466987001336587,1326.0072145125391,1308.9241567714532,17.083057741085895,14.527208875895386,10.400000000000091,5.5499999999999545,4.850000000000136,10.400000000000091,19.875000000000018,12217914.3,No Signal
609,2024-12-17T00:00:00+05:30,1342.0,1348.1,1326.05,1333.75,9879257,1.8001030930667854,1327.1984122798408,1310.763108121716,16.435304158124836,14.908827932341277,22.049999999999955,2.0,20.049999999999955,22.049999999999955,19.435714285714294,12135011.3,No Signal
610,2024-12-18T00:00:00+05:30,1325.25,1334.95,1307.45,1314.15,8510595,1.4310250633279753,1325.1909642367884,1311.013989001589,14.176975235199507,14.762457392912923,27.5,1.2000000000000455,26.299999999999955,27.5,19.96071428571429,12080847.55,No Signal
611,2024-12-19T00:00:00+05:30,1286.0,1303.0,1284.45,1286.9,11517304,1.3924136824573767,1319.300046661898,1309.2277675940638,10.072279067834188,13.824421727897176,18.549999999999955,11.150000000000091,29.700000000000045,29.700000000000045,20.553571428571445,12076495.85,No Signal
612,2024-12-20T00:00:00+05:30,1283.95,1297.75,1272.4,1288.4,58491181,1.4542035822072028,1314.5461933292984,1307.6849699945035,6.861223334794886,12.43178204927672,25.34999999999991,10.849999999999909,14.5,25.34999999999991,21.171428571428578,13865175.85,No Signal
613,2024-12-23T00:00:00+05:30,1294.65,1307.0,1287.05,1296.8,6827512,1.472675885716282,1311.8160097401756,1306.8786759208365,4.937333819339074,10.932892403289191,19.950000000000045,18.59999999999991,1.3500000000001364,19.950000000000045,21.28928571428573,13824203.7,No Signal
614,2024-12-24T00:00:00+05:30,1296.8,1304.5,1290.25,1297.25,7138516,1.4849803945054185,1309.575085164764,1306.165440667441,3.4096444973229154,9.428242822095937,14.25,7.7000000000000455,6.5499999999999545,14.25,19.857142857142858,13084225.4,No Signal
615,2024-12-26T00:00:00+05:30,1307.0,1312.75,1289.2,1297.35,7338444,1.426078575561149,1307.6943028317235,1305.5124450624455,2.18185776927794,7.978965811532338,23.549999999999955,15.5,8.049999999999955,23.549999999999955,20.082142857142863,12310960.35,No Signal
616,2024-12-27T00:00:00+05:30,1298.55,1315.95,1298.55,1307.55,4756066,1.3931290042387035,1307.6721023960738,1305.6633750578198,2.008727338253948,6.784918116876661,17.40000000000009,18.600000000000136,1.2000000000000455,18.600000000000136,20.782142857142876,11978902.25,No Signal
617,2024-12-30T00:00:00+05:30,1304.95,1326.5,1289.45,1294.65,14207425,1.4454785351962416,1305.6687020274471,1304.8475694979813,0.8211325294657854,5.592160999394486,37.049999999999955,18.950000000000045,18.09999999999991,37.049999999999955,22.232142857142872,12207953.5,Sell
618,2024-12-31T00:00:00+05:30,1286.9,1289.95,1280.1,1281.65,8449607,1.5795744991498468,1301.9735171001475,1303.1292310166493,-1.1557139165017816,4.242586016215233,9.850000000000136,4.7000000000000455,14.550000000000182,14.550000000000182,22.075000000000028,12054970.05,Sell
619,2025-01-01T00:00:00+05:30,1281.65,1293.0,1267.1,1283.65,4705399,1.671876001802465,1299.1545144693557,1301.686325015416,-2.531810546060342,2.8877067037601183,25.90000000000009,11.349999999999909,14.550000000000182,25.90000000000009,22.83571428571432,11711725.95,Sell
620,2025-01-02T00:00:00+05:30,1285.1,1293.4,1278.4,1290.6,7433222,1.6560337563746814,1297.838435320224,1300.8651157550148,-3.0266804347907055,1.7048292760499537,15.0,9.75,5.25,15.0,22.678571428571463,11122852.2,Sell
621,2025-01-03T00:00:00+05:30,1286.2,1288.0,1262.25,1265.05,11194997,1.8450932329140382,1292.7940606555742,1298.2121442176062,-5.418083562032052,0.2802467084335526,25.75,2.599999999999909,28.34999999999991,28.34999999999991,22.30000000000002,11235468.45,Sell
622,2025-01-06T00:00:00+05:30,1268.05,1277.75,1257.0,1264.1,7504047,1.9843875920799947,1288.379589785486,1295.6853187200059,-7.305728934519948,-1.2369484201571477,20.75,12.700000000000045,8.049999999999955,20.75,23.03928571428573,11210632.6,Sell
623,2025-01-07T00:00:00+05:30,1266.5,1288.95,1266.5,1279.25,7539758,1.955799613329703,1286.9750375107958,1294.467887703709,-7.492850192913238,-2.488128774708366,22.450000000000045,24.850000000000136,2.400000000000091,24.850000000000136,23.23928571428574,11176709.8,Sell
624,2025-01-08T00:00:00+05:30,1280.55,1285.0,1252.35,1263.75,7566309,2.0258555512584038,1283.4019548168271,1292.1924886145455,-8.790533797718354,-3.748609779310364,32.65000000000009,5.75,26.90000000000009,32.65000000000009,23.60714285714289,11144114.55,Sell
625,2025-01-09T00:00:00+05:30,1258.0,1264.75,1248.1,1262.4,8684920,2.0601284290302426,1280.1708848450075,1289.9856376060607,-9.814752761053114,-4.961838375658914,16.65000000000009,1.0,15.650000000000091,16.65000000000009,22.675000000000036,11171457.25,Sell
626,2025-01-10T00:00:00+05:30,1259.0,1264.95,1243.1,1249.85,7854524,2.1421357790871576,1275.506133330391,1287.0126274130191,-11.506494082628024,-6.270769517052736,21.850000000000136,2.5499999999999545,19.300000000000182,21.850000000000136,22.42500000000005,11110338.65,Sell
627,2025-01-13T00:00:00+05:30,1234.9,1243.95,1224.9,1229.75,9669336,2.21729726998283,1268.4667282026387,1282.770951308351,-14.304223105712254,-7.87746023478464,19.049999999999955,5.899999999999864,24.949999999999818,24.949999999999818,22.782142857142894,10916971.25,Sell
628,2025-01-14T00:00:00+05:30,1233.35,1244.85,1227.45,1240.3,10342698,2.041389697155921,1264.1333854022328,1279.6249549151398,-15.491569512907063,-9.400282090409124,17.399999999999864,15.099999999999909,2.2999999999999545,17.399999999999864,23.007142857142885,10980555.85,Sell
629,2025-01-14T00:00:00+05:30,1233.35,1244.85,1227.45,1240.3,10342698,1.9119302450624067,1260.466710724966,1276.711995291796,-16.245284566829923,-10.769282585693285,17.399999999999864,4.5499999999999545,12.849999999999909,17.399999999999864,22.56785714285716,11003727.9,Sell
630,2025-01-15T00:00:00+05:30,1234.0,1244.4,1230.0,1238.25,5355382,1.8957818873775092,1257.0487552288175,1273.862958603515,-16.8142033746974,-11.978266743494109,14.400000000000091,4.100000000000136,10.299999999999955,14.400000000000091,22.26785714285716,10845967.25,Sell
631,2025-01-16T00:00:00+05:30,1245.1,1255.5,1239.65,1249.1,11895924,1.9058931802282113,1255.8258698089994,1272.028665373625,-16.202795564625603,-12.823172507720408,15.849999999999909,17.25,1.400000000000091,17.25,20.85357142857145,10864898.25,No Signal
632,2025-01-17T00:00:00+05:30,1243.35,1249.0,1218.0,1225.45,9790533,2.079807515757257,1251.1526590691533,1268.5783938644677,-17.425734795314384,-13.743684965239204,31.0,0.09999999999990905,31.09999999999991,31.09999999999991,22.035714285714285,8429865.85,No Signal
633,2025-01-20T00:00:00+05:30,1223.9,1241.75,1215.25,1232.95,7676418,2.081874890987469,1248.3522499815913,1265.9392535782108,-17.587003596619525,-14.51234869151527,26.5,16.299999999999955,10.200000000000045,26.5,22.078571428571422,8472311.15,No Signal
634,2025-01-21T00:00:00+05:30,1236.95,1238.95,1192.7,1196.15,20520898,2.398512401749332,1240.3211345998081,1260.769679239084,-20.44854463927595,-15.699587881067407,46.25,6.0,40.25,46.25,24.31071428571428,9141430.25,Sell
635,2025-01-22T00:00:00+05:30,1201.0,1207.5,1191.8,1200.45,10377123,2.5095735673138377,1234.1871138921454,1256.3015548510039,-22.114440958858495,-16.982558496625625,15.700000000000045,11.349999999999909,4.350000000000136,15.700000000000045,23.407142857142862,9293364.2,Sell
636,2025-01-23T00:00:00+05:30,1197.25,1207.9,1186.0,1201.75,8770650,2.467560922267536,1229.1967886779692,1252.2606989361147,-23.063910258145597,-18.198828848929622,21.90000000000009,7.4500000000000455,14.450000000000045,21.90000000000009,23.489285714285725,9494093.4,Sell
637,2025-01-24T00:00:00+05:30,1203.1,1218.0,1202.0,1209.2,9216792,2.394080604851422,1226.1203596505893,1249.0710175334395,-22.950657882850237,-19.149194655713746,16.0,16.25,0.25,16.25,22.875,9244561.75,Sell
638,2025-01-27T00:00:00+05:30,1195.0,1234.65,1193.1,1227.95,16164687,2.268836403019564,1226.401842781268,1247.5064977161478,-21.104654934879818,-19.540286711546962,41.55000000000018,25.450000000000045,16.100000000000136,41.55000000000018,23.510714285714293,9630315.75,Sell
639,2025-01-28T00:00:00+05:30,1247.35,1264.0,1236.0,1246.9,18066499,2.098362922618472,1229.5554054303036,1247.4615719593962,-17.906166529092616,-19.213462675056093,28.0,36.049999999999955,8.049999999999955,36.049999999999955,24.89642857142857,10298370.75,Buy
640,2025-01-29T00:00:00+05:30,1252.0,1255.8,1243.05,1251.65,7666777,1.8834500395437321,1232.9545738256415,1247.7718258883299,-14.81725206268834,-18.334220552582543,12.75,8.899999999999864,3.8500000000001364,12.75,24.24642857142856,10310048.5,Buy
641,2025-01-30T00:00:00+05:30,1250.0,1259.85,1239.5,1255.6,11921041,1.840471749540247,1236.4384855447736,1248.3516906373425,-11.913205092568887,-17.050017460579813,20.34999999999991,8.199999999999818,12.150000000000091,20.34999999999991,23.917857142857137,10346350.7,Buy
642,2025-01-31T00:00:00+05:30,1254.5,1256.0,1239.1,1252.8,10195417,1.8020274429394456,1238.9556416148084,1248.6811950345764,-9.725553419767948,-15.585124652417441,16.90000000000009,0.40000000000009095,16.5,16.90000000000009,23.882142857142867,10480919.2,Buy
643,2025-02-01T00:00:00+05:30,1251.15,1261.35,1233.8,1255.55,3011914,1.6593800334891458,1241.5086198279148,1249.1899954023854,-7.681375574470621,-14.004374836828077,27.549999999999955,8.549999999999955,19.0,27.549999999999955,24.607142857142872,10254527.0,Buy
644,2025-02-03T00:00:00+05:30,1246.85,1260.0,1237.8,1253.0,6176831,1.6140621807965647,1243.2765244697741,1249.4722179651717,-6.195693495397563,-12.442638568541975,22.200000000000045,4.4500000000000455,17.75,22.200000000000045,25.16428571428573,10185053.1,Buy
645,2025-02-04T00:00:00+05:30,1262.8,1280.5,1260.0,1268.2,14839077,1.6290851038537792,1247.110905320578,1250.8594610788628,-3.7485557582847377,-10.703822006490528,20.5,27.5,7.0,27.5,25.896428571428583,10492760.95,Buy
646,2025-02-05T00:00:00+05:30,1270.2,1277.75,1265.15,1267.7,6840709,1.7070632596882747,1250.2784583481814,1252.1069084063545,-1.8284500581730754,-8.928747616827037,12.599999999999909,9.549999999999955,3.0499999999999545,12.599999999999909,24.575000000000014,10442070.2,Buy
647,2025-02-06T00:00:00+05:30,1275.0,1279.0,1263.2,1272.4,8396554,1.8025394414289402,1253.6817724484613,1253.6101003762542,0.07167207220709315,-7.128663679020211,15.799999999999955,11.299999999999955,4.5,15.799999999999955,23.810714285714294,10378431.1,Buy
648,2025-02-07T00:00:00+05:30,1272.0,1275.0,1249.55,1256.9,7382039,1.8515526081669325,1254.1768843794673,1253.8537966446797,0.3230877347875776,-5.638313396258654,25.450000000000045,2.599999999999909,22.850000000000136,25.450000000000045,22.325000000000014,10230398.15,No Signal
649,2025-02-10T00:00:00+05:30,1257.2,1265.0,1249.35,1262.6,5740361,1.8857615907912537,1255.4727483210877,1254.5016635598886,0.9710847611991085,-4.316433764767101,15.650000000000091,8.099999999999909,7.550000000000182,15.650000000000091,22.321428571428587,10000281.3,No Signal
650,2025-02-11T00:00:00+05:30,1255.85,1261.85,1248.4,1252.75,6586627,1.9105665926260773,1255.0538639639974,1254.3719107036006,0.6819532603967673,-3.3167563597343275,13.449999999999818,0.75,14.199999999999818,14.199999999999818,21.77142857142857,10061843.55,No Signal
651,2025-02-12T00:00:00+05:30,1257.2,1269.75,1244.65,1251.8,8809352,1.9160106710878415,1254.5532695079978,1254.1813987996302,0.3718707083676236,-2.5790309461139374,25.09999999999991,17.0,8.099999999999909,25.09999999999991,22.403571428571418,9907514.95,No Signal
652,2025-02-13T00:00:00+05:30,1252.55,1266.0,1245.9,1248.9,7263785,1.8976679935804226,1253.6835357375367,1253.7901840737316,-0.106648336194894,-2.0845544241301286,20.09999999999991,14.200000000000045,5.899999999999864,20.09999999999991,20.87142857142854,9781177.55,No Signal
653,2025-02-14T00:00:00+05:30,1252.1,1263.5,1244.45,1260.1,10368438,1.893135404242527,1254.670684085608,1254.2575778460478,0.413106239560193,-1.5850222913920644,19.049999999999955,14.599999999999909,4.4500000000000455,19.049999999999955,19.657142857142826,9915778.55,No Signal
654,2025-02-17T00:00:00+05:30,1251.15,1258.15,1233.25,1251.15,8386151,1.6760348843298418,1254.1290403801297,1254.0273868944887,0.10165348564100896,-1.2476871359854498,24.90000000000009,1.949999999999818,26.84999999999991,26.84999999999991,20.66428571428568,9309041.2,No Signal
655,2025-02-18T00:00:00+05:30,1252.9,1257.6,1237.05,1243.05,8135042,1.439262014302426,1252.4245726293404,1253.2142471245265,-0.789674495186091,-1.1560846078255782,20.549999999999955,6.449999999999818,14.100000000000136,20.549999999999955,20.678571428571395,9196937.15,No Signal
656,2025-02-19T00:00:00+05:30,1234.85,1264.45,1230.25,1261.65,10683412,1.1164839129233837,1253.8438691479034,1253.839117707895,0.004751440008476493,-0.9239173982587673,34.200000000000045,21.40000000000009,12.799999999999955,34.200000000000045,21.91428571428568,9292575.25,No Signal
657,2025-02-20T00:00:00+05:30,1255.35,1264.0,1246.75,1249.95,8398849,0.7828256598843153,1253.2448123559184,1253.5510349147175,-0.3062225587991634,-0.8003784303668465,17.25,2.349999999999909,14.900000000000091,17.25,21.178571428571395,9251678.1,No Signal
658,2025-02-21T00:00:00+05:30,1241.1,1244.7,1224.55,1232.95,7786428,0.7389373619979761,1250.122533531931,1252.0250323284422,-1.9024987965112814,-1.0208025035957335,20.15000000000009,5.25,25.40000000000009,25.40000000000009,21.407142857142826,8832765.15,No Signal
659,2025-02-24T00:00:00+05:30,1226.7,1231.9,1210.25,1218.35,11522480,0.996640406284788,1245.2344514500953,1249.5305854892983,-4.296134039203025,-1.675868810717192,21.65000000000009,1.0499999999999545,22.700000000000045,22.700000000000045,21.06428571428569,8505564.2,No Signal
660,2025-02-24T00:00:00+05:30,1226.7,1231.9,1210.25,1218.35,11522480,1.1861770462273329,1241.0983819962344,1247.220912490091,-6.12253049385663,-2.5652011473450798,21.65000000000009,13.550000000000182,8.099999999999909,21.65000000000009,21.71071428571427,8698349.35,No Signal
661,2025-02-25T00:00:00+05:30,1226.6,1231.65,1221.0,1224.15,11059417,1.2795712484443489,1238.4909386121983,1245.5119560093435,-7.021017397145215,-3.456364397305107,10.650000000000091,13.300000000000182,2.650000000000091,13.300000000000182,21.532142857142862,8655268.15,No Signal
