,Date,Open,High,Low,Close,Volume,Volatility,EMA12,EMA26,MACD,Signal Line,H-L,H-PC,L-PC,TR,ATR,Avg_Volume,Signal
0,2022-07-05T00:00:00+05:30,833.0,839.0,821.05,824.05,1836183,,824.05,824.05,0.0,0.0,17.950000000000045,,,17.950000000000045,,,No Signal
1,2022-07-06T00:00:00+05:30,829.8,840.0,825.05,836.55,1660551,,825.9730769230769,824.9759259259259,0.9971509971509249,0.199430199430185,14.950000000000045,15.950000000000045,1.0,15.950000000000045,,,No Signal
2,2022-07-07T00:00:00+05:30,841.0,863.4,840.25,861.0,3868679,,831.3618343195266,827.6443758573388,3.7174584621877784,0.9030358519817038,23.149999999999977,26.850000000000023,3.7000000000000455,26.850000000000023,,,No Signal
3,2022-07-08T00:00:00+05:30,867.0,867.5,846.2,848.6,1342616,,834.0138598088301,829.1966443123507,4.8172154964794345,1.68587178088125,21.299999999999955,6.5,14.799999999999955,21.299999999999955,,,No Signal
4,2022-07-11T00:00:00+05:30,845.0,860.0,843.05,858.35,1503503,,837.7578813767025,831.3561521410655,6.401729235636935,2.629043271832387,16.950000000000045,11.399999999999977,5.550000000000068,16.950000000000045,,,No Signal
5,2022-07-12T00:00:00+05:30,850.0,861.15,845.0,847.05,1221366,,839.187438087979,832.5186593898756,6.668778698103438,3.4369903570865974,16.149999999999977,2.7999999999999545,13.350000000000023,16.149999999999977,,,No Signal
6,2022-07-13T00:00:00+05:30,856.15,856.15,789.5,819.05,10850036,,836.0893706898283,831.5209809165515,4.568389773276863,3.6632702403246507,66.64999999999998,9.100000000000023,57.549999999999955,66.64999999999998,,,No Signal
7,2022-07-14T00:00:00+05:30,823.1,829.8,813.7,820.9,2463571,,833.7525444298548,830.7342415893995,3.0183028404552488,3.5342767603507705,16.09999999999991,10.75,5.349999999999909,16.09999999999991,,,No Signal
8,2022-07-15T00:00:00+05:30,824.15,829.0,811.2,815.05,1365475,,830.8752299021847,829.5724459161106,1.3027839860741324,3.087978205495443,17.799999999999955,8.100000000000023,9.699999999999932,17.799999999999955,,,No Signal
9,2022-07-18T00:00:00+05:30,826.0,853.2,823.2,851.05,2536142,,833.979040686464,831.1633758482506,2.815664838213479,3.0335155320390506,30.0,38.15000000000009,8.150000000000091,38.15000000000009,,,No Signal
10,2022-07-19T00:00:00+05:30,841.0,871.8,840.0,868.1,2608372,,839.2284190423926,833.8994220817135,5.328996960679092,3.492611817767059,31.799999999999955,20.75,11.049999999999955,31.799999999999955,,,No Signal
11,2022-07-20T00:00:00+05:30,886.0,897.45,872.8,879.3,3995680,,845.3932776512553,837.2624278534385,8.130849797816836,4.420259413777015,24.65000000000009,29.350000000000023,4.699999999999932,29.350000000000023,,,No Signal
12,2022-07-21T00:00:00+05:30,903.0,962.0,892.6,948.1,23581540,,861.1943118587545,845.4726183828134,15.721693475941152,6.6805462262098425,69.39999999999998,82.70000000000005,13.300000000000068,82.70000000000005,,,No Signal
13,2022-07-22T00:00:00+05:30,950.05,956.0,938.65,942.45,4842122,,873.6951869574077,852.6561281322346,21.03905882517313,9.552248746002501,17.350000000000023,7.899999999999977,9.450000000000045,17.350000000000023,29.646428571428576,,No Signal
14,2022-07-25T00:00:00+05:30,940.0,966.5,939.55,962.05,6042296,,887.2882351178065,860.7593779002173,26.528857217589234,12.947570440319849,26.950000000000045,24.049999999999955,2.900000000000091,26.950000000000045,30.289285714285718,,No Signal
15,2022-07-26T00:00:00+05:30,959.0,969.9,951.85,961.6,2982792,,898.7208143304516,868.2290536113122,30.491760719139393,16.456408496083757,18.049999999999955,7.850000000000023,10.199999999999932,18.049999999999955,30.439285714285713,,No Signal
16,2022-07-27T00:00:00+05:30,960.7,983.75,955.25,979.8,3404472,,911.1945352026898,876.4935681586225,34.7009670440674,20.105320205680485,28.5,22.149999999999977,6.350000000000023,28.5,30.557142857142853,,No Signal
17,2022-07-28T00:00:00+05:30,994.45,1020.0,989.1,1017.7,6998635,,927.5799913253529,886.9533038505764,40.62668747477653,24.209593659499696,30.899999999999977,40.200000000000045,9.300000000000068,40.200000000000045,31.907142857142862,,No Signal
18,2022-07-29T00:00:00+05:30,1022.2,1049.95,1018.75,1043.5,5862166,,945.4138388137602,898.5493554172003,46.864483396559876,28.740571606911733,31.200000000000045,32.25,1.0499999999999545,32.25,33.0,,No Signal
19,2022-08-01T00:00:00+05:30,1040.0,1047.9,1024.55,1040.15,4299401,7.464923711997611,959.9886328424125,909.0382920529632,50.95034078944923,33.18252544341924,23.350000000000136,4.400000000000091,18.950000000000045,23.350000000000136,33.51428571428573,4663279.9,No Signal
20,2022-08-02T00:00:00+05:30,1033.0,1071.9,1032.05,1067.25,5074771,7.8454032887095595,976.4903816358875,920.7576778268178,55.732703809069676,37.69256111654933,39.850000000000136,31.75,8.100000000000136,39.850000000000136,31.600000000000023,4825209.3,No Signal
21,2022-08-03T00:00:00+05:30,1063.55,1070.0,1051.55,1058.3,2753893,8.27863582066718,989.0764767688279,930.9459979877943,58.13047878103362,41.780144649446186,18.450000000000045,2.75,15.700000000000045,18.450000000000045,31.767857142857174,4879876.4,No Signal
22,2022-08-04T00:00:00+05:30,1061.1,1072.85,1043.8,1050.2,2142455,8.623495956917951,998.4800957274698,939.7796277664762,58.70046796099359,45.16420931175567,29.049999999999955,14.549999999999955,14.5,29.049999999999955,32.571428571428605,4793565.2,No Signal
23,2022-08-05T00:00:00+05:30,1055.5,1057.75,1033.55,1036.3,2381541,8.779386420906102,1004.2985425386283,946.9292849689595,57.36925756966889,47.60521896333832,24.200000000000045,7.5499999999999545,16.65000000000009,24.200000000000045,31.575000000000028,4845511.45,No Signal
24,2022-08-08T00:00:00+05:30,1036.3,1057.7,1033.7,1050.2,2057985,8.728106935028404,1011.3603052249932,954.5789675638514,56.78133766114183,49.44044270289902,24.0,21.40000000000009,2.599999999999909,24.0,31.017857142857174,4873235.55,No Signal
25,2022-08-10T00:00:00+05:30,1045.4,1067.5,1043.05,1063.1,2726988,8.584408920077921,1019.3202582673019,962.6175625591217,56.70269570818027,50.892893303955276,24.450000000000045,17.299999999999955,7.150000000000091,24.450000000000045,30.667857142857176,4948516.65,No Signal
26,2022-08-11T00:00:00+05:30,1070.65,1086.0,1069.0,1079.2,3998476,8.157932130622632,1028.5325262261786,971.2532986658534,57.279227560325126,52.17016015522925,17.0,22.90000000000009,5.900000000000091,22.90000000000009,26.396428571428608,4605938.65,No Signal
27,2022-08-12T00:00:00+05:30,1077.15,1088.05,1075.55,1080.45,2463157,7.667135138709521,1036.5198298836895,979.3419432091235,57.17788667456591,53.171705459096586,12.5,8.849999999999909,3.650000000000091,12.5,26.050000000000036,4605917.95,No Signal
28,2022-08-16T00:00:00+05:30,1085.0,1096.9,1075.1,1084.45,3083911,6.862700845458211,1043.8937022092757,987.127725193633,56.76597701564276,53.89055977040582,21.800000000000182,16.450000000000045,5.350000000000136,21.800000000000182,25.682142857142903,4691839.75,No Signal
29,2022-08-17T00:00:00+05:30,1083.0,1095.0,1082.0,1088.6,1768441,6.200865781759063,1050.7715941770794,994.6441899941046,56.127404182974715,54.3379286529196,13.0,10.549999999999955,2.4500000000000455,13.0,25.32142857142862,4653454.7,No Signal
30,2022-08-18T00:00:00+05:30,1082.5,1107.45,1081.55,1105.1,2407238,5.503734761570872,1059.1298104575287,1002.8261018463932,56.30370861113556,54.7310846445628,25.90000000000009,18.850000000000136,7.0499999999999545,25.90000000000009,25.13571428571434,4643398.0,No Signal
31,2022-08-19T00:00:00+05:30,1104.95,1104.95,1060.0,1063.3,3659088,4.733745219258849,1059.7713780794475,1007.3056498577714,52.465728221676045,54.27801335998545,44.950000000000045,0.14999999999986358,45.09999999999991,45.09999999999991,25.48571428571433,4626568.4,No Signal
32,2022-08-22T00:00:00+05:30,1055.0,1067.3,1045.5,1057.2,2662334,4.353323648829186,1059.37578145184,1011.0015276460847,48.374253805755416,53.097261449139445,21.799999999999955,4.0,17.799999999999955,21.799999999999955,24.739285714285757,3580608.1,No Signal
33,2022-08-23T00:00:00+05:30,1035.0,1078.9,1034.1,1071.05,3030731,3.7388662998347733,1061.171815074634,1015.4495626352636,45.72225243937032,51.62225964718562,44.80000000000018,21.700000000000045,23.100000000000136,44.80000000000018,26.27142857142862,3490038.55,No Signal
34,2022-08-24T00:00:00+05:30,1077.0,1105.0,1077.0,1101.9,3684859,3.2929556583825805,1067.4376896785366,1021.8532987363552,45.58439094218136,50.41468590618477,28.0,33.950000000000045,5.9500000000000455,33.950000000000045,25.85000000000004,3372166.7,No Signal
35,2022-08-25T00:00:00+05:30,1109.0,1119.75,1082.7,1089.95,3773788,2.7198850457114885,1070.9011220356847,1026.8974988299585,44.00362320572617,49.13247336609305,37.049999999999955,17.84999999999991,19.200000000000045,37.049999999999955,27.178571428571463,3411716.5,No Signal
36,2022-08-26T00:00:00+05:30,1098.0,1101.7,1064.65,1069.75,3662448,2.1129698132537933,1070.7240263378872,1030.0717581758875,40.6522681619997,47.43643232527438,37.049999999999955,11.75,25.299999999999955,37.049999999999955,27.750000000000032,3424615.3,No Signal
37,2022-08-29T00:00:00+05:30,1050.0,1062.9,1041.0,1059.2,1642300,1.856198066849541,1068.9510992089815,1032.2294057184142,36.721693490567304,45.29348455833297,21.90000000000009,6.849999999999909,28.75,28.75,28.075000000000028,3156798.55,No Signal
38,2022-08-30T00:00:00+05:30,1071.8,1109.8,1070.0,1107.45,3200397,1.8645763380241869,1074.8740070229844,1037.8013015911242,37.072705431860186,43.649328733038416,39.799999999999955,50.59999999999991,10.799999999999955,50.59999999999991,29.975000000000023,3023710.1,Sell
39,2022-09-01T00:00:00+05:30,1097.65,1121.0,1095.0,1111.4,3487819,1.9037701375499978,1080.4933905579098,1043.2530570288188,37.240333529091004,42.36752969224894,26.0,13.549999999999955,12.450000000000045,26.0,30.085714285714307,2983131.0,Sell
40,2022-09-02T00:00:00+05:30,1116.95,1119.5,1095.0,1100.75,2428118,1.985092156658767,1083.6097920105392,1047.512089841499,36.0977021690403,41.11356418760721,24.5,8.099999999999909,16.40000000000009,24.5,30.200000000000014,2850798.35,Sell
41,2022-09-05T00:00:00+05:30,1099.5,1112.45,1096.55,1108.0,2419502,2.0308144210614465,1087.3621317012255,1051.9926757791657,35.36945592205984,39.96474253449774,15.900000000000091,11.700000000000045,4.2000000000000455,15.900000000000091,30.44285714285716,2834078.8,Sell
42,2022-09-06T00:00:00+05:30,1115.0,1118.75,1097.6,1108.8,2516617,2.0189075295645993,1090.6602652856523,1056.2006257214498,34.45963956420246,38.86372194043869,21.15000000000009,10.75,10.400000000000091,21.15000000000009,30.396428571428583,2852786.9,Sell
43,2022-09-07T00:00:00+05:30,1095.0,1100.0,1086.0,1089.95,3165731,1.8072958739780856,1090.5509937032443,1058.7005793717128,31.85041433153151,37.461060418657254,14.0,8.799999999999955,22.799999999999955,22.799999999999955,31.096428571428582,2891996.4,Sell
44,2022-09-08T00:00:00+05:30,1103.0,1115.0,1097.4,1108.3,2995044,1.6810227037637915,1093.2816100565913,1062.3746105293637,30.906999527227526,36.15024824037131,17.59999999999991,25.049999999999955,7.4500000000000455,25.049999999999955,31.035714285714285,2938849.35,Sell
45,2022-09-09T00:00:00+05:30,1119.0,1149.55,1116.55,1137.15,4751837,1.827575099681468,1100.030593124808,1067.9135282679295,32.11706485687864,35.34361156367278,33.0,41.25,8.25,41.25,30.760714285714293,3040091.8,Sell
46,2022-09-12T00:00:00+05:30,1144.3,1145.0,1128.0,1136.85,1918529,2.017158830641727,1105.695117259453,1073.0199335814161,32.675183678036774,34.80992598654558,17.0,7.849999999999909,9.150000000000091,17.0,30.41785714285715,2936094.45,Sell
47,2022-09-13T00:00:00+05:30,1145.0,1165.55,1136.8,1163.8,3570619,2.3602650315994294,1114.6343299887678,1079.7443829457557,34.88994704301217,34.8259301978389,28.75,28.700000000000045,0.049999999999954525,28.75,29.27142857142857,2991467.55,Buy
48,2022-09-14T00:00:00+05:30,1148.6,1225.0,1142.3,1215.75,9042720,3.107410978861996,1130.1905869135728,1089.8188730979218,40.37171381565099,35.93508692140132,82.70000000000005,61.200000000000045,21.5,82.70000000000005,32.753571428571426,3289408.0,Buy
49,2022-09-15T00:00:00+05:30,1219.0,1220.0,1185.05,1195.85,4063639,3.5678804981765477,1140.2920350807156,1097.6730306462239,42.61900443449167,37.27187042401939,34.950000000000045,4.25,30.700000000000045,34.950000000000045,32.603571428571435,3404167.9,Buy
50,2022-09-16T00:00:00+05:30,1195.85,1251.05,1185.0,1227.35,16270575,4.076800848305993,1153.685568145221,1107.278732079837,46.406836065383914,39.09886355229229,66.04999999999995,55.200000000000045,10.849999999999909,66.04999999999995,34.675000000000004,4097334.75,Buy
51,2022-09-19T00:00:00+05:30,1226.0,1256.0,1218.0,1225.75,6074886,4.407570626720673,1164.7724038151869,1116.0543815554047,48.718022259782174,41.02269529379027,38.0,28.65000000000009,9.349999999999909,38.0,35.33571428571429,4218124.65,Buy
52,2022-09-20T00:00:00+05:30,1241.25,1275.8,1240.0,1264.1,5703639,4.74486569681655,1180.0535724590043,1127.0207236624117,53.03284879659259,43.42472599435074,35.799999999999955,50.049999999999955,14.25,50.049999999999955,35.29642857142858,4370189.9,Buy
53,2022-09-21T00:00:00+05:30,1260.0,1265.0,1221.8,1224.25,6121445,4.998938767976979,1186.8530228499267,1134.222892280011,52.630130569915764,45.26580690946375,43.200000000000045,0.900000000000091,42.299999999999955,43.200000000000045,36.52500000000001,4524725.6,Buy
54,2022-09-22T00:00:00+05:30,1219.0,1238.5,1205.0,1216.55,5463531,5.143141444815574,1191.4217885653225,1140.3211965555656,51.10059200975684,46.432763929522366,33.5,14.25,19.25,33.5,37.16785714285715,4613659.2,Buy
55,2022-09-23T00:00:00+05:30,1210.0,1213.95,1176.05,1183.35,4197346,5.195463144409518,1190.179974939888,1143.5085153292275,46.67145961066058,46.48050306575001,37.90000000000009,2.599999999999909,40.5,40.5,38.925000000000004,4634837.1,Buy
56,2022-09-26T00:00:00+05:30,1170.0,1180.0,1135.7,1149.6,5082556,5.073120013938641,1183.936901872213,1143.9597364159513,39.97716545626167,45.17983554385234,44.299999999999955,3.349999999999909,47.649999999999864,47.649999999999864,40.81785714285713,4705842.5,Sell
57,2022-09-27T00:00:00+05:30,1166.45,1178.0,1140.6,1165.1,4493520,4.602137773790327,1181.0389169687955,1145.5256818666217,35.513235102173894,43.24651545551666,37.40000000000009,28.40000000000009,9.0,37.40000000000009,41.86071428571428,4848403.5,Sell
58,2022-09-28T00:00:00+05:30,1155.2,1160.0,1133.0,1140.9,4897079,4.587129024522192,1174.8636989735962,1145.1830387653904,29.680660208205836,40.533344406054496,27.0,5.099999999999909,32.09999999999991,32.09999999999991,42.36428571428571,4933237.6,Sell
59,2022-09-29T00:00:00+05:30,1160.0,1174.8,1137.3,1142.25,4998209,4.478350495413716,1169.8462068238123,1144.9657766346206,24.880430189191657,37.40276156268193,37.5,33.899999999999864,3.6000000000001364,37.5,42.09642857142857,5008757.1,Sell
60,2022-09-30T00:00:00+05:30,1141.0,1192.3,1128.8,1185.2,4392235,4.133645889266583,1172.2083288509182,1147.9460894765007,24.262239374417504,34.77465712502905,63.5,50.049999999999955,13.450000000000045,63.5,45.41785714285714,5106962.95,Sell
61,2022-10-03T00:00:00+05:30,1178.0,1185.9,1153.05,1156.25,3397969,4.060771377905253,1169.7532013353923,1148.561193959723,21.19200737566939,32.05812717515712,32.850000000000136,0.7000000000000455,32.15000000000009,32.850000000000136,45.71071428571429,5155886.3,Sell
62,2022-10-04T00:00:00+05:30,1176.15,1222.0,1176.15,1219.25,4446169,3.7418525611997406,1177.3680934376396,1153.7974018145583,23.570691623081302,30.360640064741958,45.84999999999991,65.75,19.90000000000009,65.75,44.5,5252363.9,Sell
63,2022-10-06T00:00:00+05:30,1225.0,1234.95,1197.3,1200.9,2772474,3.40887212407006,1180.9883867549258,1157.286483161628,23.701903593297857,29.02889277045314,37.65000000000009,15.700000000000045,21.950000000000045,37.65000000000009,44.69285714285714,5232701.05,Sell
64,2022-10-07T00:00:00+05:30,1201.0,1217.85,1182.5,1213.4,3338684,3.086434580089301,1185.9747887926296,1161.4430399644705,24.531748828159152,28.129463981994345,35.34999999999991,16.949999999999818,18.40000000000009,35.34999999999991,42.5,5249883.05,Sell
65,2022-10-10T00:00:00+05:30,1193.1,1216.9,1183.25,1210.3,2547474,2.95279004651881,1189.717128978379,1165.0620740411764,24.65505493720252,27.43458217303598,33.65000000000009,3.5,30.15000000000009,33.65000000000009,42.189285714285724,5139664.9,Sell
66,2022-10-11T00:00:00+05:30,1215.0,1215.95,1162.0,1164.6,21664059,2.918268942889728,1185.8529552893976,1165.0278463344225,20.82510895497512,26.11268752942381,53.950000000000045,5.650000000000091,48.299999999999955,53.950000000000045,42.467857142857156,6126941.4,Sell
67,2022-10-12T00:00:00+05:30,1175.05,1192.1,1156.1,1189.05,3412397,2.800351310621975,1186.344808321798,1166.8072651244654,19.537543197332525,24.797658663005553,36.0,27.5,8.5,36.0,41.953571428571436,6119030.3,Sell
68,2022-10-13T00:00:00+05:30,1189.05,1196.75,1167.0,1184.25,1982753,2.785088207113807,1186.0225301184444,1168.0993195596902,17.923210558754135,23.42276904215527,29.75,7.7000000000000455,22.049999999999955,29.75,41.6857142857143,5766031.95,Sell
69,2022-10-14T00:00:00+05:30,1201.25,1216.35,1179.2,1181.6,2918840,2.79869775255483,1185.342140869453,1169.099369962676,16.24277090677697,21.98676941507961,37.149999999999864,32.09999999999991,5.0499999999999545,37.149999999999864,41.44642857142857,5708792.0,Sell
70,2022-10-17T00:00:00+05:30,1178.0,1203.8,1164.0,1199.65,3418917,2.6745473839776386,1187.5433499664603,1171.3623795950705,16.180970371389776,20.825609606341644,39.799999999999955,22.200000000000045,17.59999999999991,39.799999999999955,40.88571428571429,5066209.1,No Signal
71,2022-10-18T00:00:00+05:30,1207.0,1228.65,1203.1,1223.25,3451128,2.6116094045283718,1193.036680740851,1175.2059070324726,17.830773708378274,20.22664242674897,25.550000000000182,29.0,3.449999999999818,29.0,40.285714285714285,4935021.2,No Signal
72,2022-10-19T00:00:00+05:30,1227.9,1231.7,1210.0,1218.4,3896843,2.280238805371065,1196.938729857643,1178.4054694745116,18.533260383131392,19.887966018025455,21.700000000000045,8.450000000000045,13.25,21.700000000000045,39.54285714285715,4844681.4,No Signal
73,2022-10-20T00:00:00+05:30,1214.0,1214.0,1150.1,1159.95,11239056,2.338793726610737,1191.2481560333902,1177.038397661585,14.209758371805265,18.75232448878142,63.90000000000009,4.400000000000091,68.30000000000018,68.30000000000018,41.74285714285717,5100561.95,No Signal
74,2022-10-21T00:00:00+05:30,1166.0,1169.0,1139.1,1142.25,5309045,2.4241534014139816,1183.7099781820993,1174.4614793162823,9.248498865817055,16.851559364188546,29.90000000000009,9.049999999999955,20.850000000000136,29.90000000000009,39.34285714285717,5092837.65,No Signal
75,2022-10-24T00:00:00+05:30,1160.0,1160.0,1143.0,1145.85,673195,2.513722987628457,1177.885366154084,1172.342110478039,5.543255676044964,14.58989862655983,17.0,17.75,0.75,17.75,38.264285714285734,4916630.1,No Signal
76,2022-10-25T00:00:00+05:30,1145.85,1153.05,1121.8,1137.45,3513643,2.601169717247359,1171.6645405919173,1169.757509701888,1.9070308900293185,12.053325079253728,31.25,7.2000000000000455,24.049999999999955,31.25,35.80000000000002,4838184.45,No Signal
77,2022-10-27T00:00:00+05:30,1150.0,1153.6,1135.2,1142.5,2590539,2.6749286649705724,1167.1776881931607,1167.7384349091556,-0.5607467159948101,9.53051072020402,18.399999999999864,16.149999999999864,2.25,18.399999999999864,34.425000000000004,4743035.4,No Signal
78,2022-10-28T00:00:00+05:30,1145.0,1161.0,1137.5,1147.0,2778634,2.633049462761703,1164.0734284711361,1166.2022545455145,-2.1288260743783667,7.198643361287544,23.5,18.5,5.0,23.5,33.578571428571436,4637113.15,No Signal
79,2022-10-31T00:00:00+05:30,1155.0,1159.6,1138.95,1142.65,2048499,2.640892841943572,1160.7775163986537,1164.4576430976986,-3.6801266990448767,5.02288934922106,20.649999999999864,12.599999999999909,8.049999999999955,20.649999999999864,32.64999999999999,4489627.65,No Signal
80,2022-11-01T00:00:00+05:30,1146.5,1159.9,1145.0,1151.15,2663744,2.668237254457494,1159.29636002963,1163.4718917571283,-4.17553172749831,3.1832051338771863,14.900000000000091,17.25,2.349999999999909,17.25,30.028571428571418,4403203.1,No Signal
81,2022-11-02T00:00:00+05:30,1146.0,1157.7,1135.0,1138.2,1947001,2.775775754083526,1156.0507661789177,1161.5998997751187,-5.549133596201045,1.43673738786154,22.700000000000045,6.5499999999999545,16.15000000000009,22.700000000000045,29.078571428571422,4330654.7,No Signal
82,2022-11-03T00:00:00+05:30,1133.45,1150.95,1125.25,1148.0,1742212,2.648563684684633,1154.8121867667764,1160.5924997917766,-5.780313025000169,-0.006672694710801766,25.700000000000045,12.75,12.950000000000045,25.700000000000045,28.78928571428571,4195456.85,No Signal
83,2022-11-04T00:00:00+05:30,1153.75,1158.0,1142.1,1152.7,1571223,2.594082732755742,1154.4872349565032,1160.007870177571,-5.520635221067778,-1.109465199982197,15.900000000000091,10.0,5.900000000000091,15.900000000000091,27.271428571428583,4135394.3,No Signal
84,2022-11-07T00:00:00+05:30,1158.0,1158.0,1139.25,1144.15,2600954,2.494687822567461,1152.8968911170412,1158.8332131273805,-5.9363220103393814,-2.074836562053634,18.75,5.2999999999999545,13.450000000000045,18.75,25.76785714285716,4098507.8,No Signal
85,2022-11-09T00:00:00+05:30,1156.0,1172.9,1144.0,1149.0,3455553,2.331563064115374,1152.297369406727,1158.1048269697967,-5.807457563069647,-2.821360762256837,28.90000000000009,28.75,0.15000000000009095,28.90000000000009,25.760714285714307,4143911.75,No Signal
86,2022-11-10T00:00:00+05:30,1143.0,1157.8,1118.0,1127.35,2072763,2.4791247620138948,1148.459312574923,1155.8266916387006,-7.367379063777662,-3.7305644225610024,39.799999999999955,8.799999999999955,31.0,39.799999999999955,27.053571428571445,3164346.95,No Signal
87,2022-11-11T00:00:00+05:30,1140.0,1161.45,1130.6,1140.0,2198315,2.4146212413491726,1147.1578798710887,1154.654344109908,-7.4964642388192715,-4.483744385812656,30.850000000000136,34.100000000000136,3.25,34.100000000000136,24.610714285714298,3103642.85,No Signal
88,2022-11-14T00:00:00+05:30,1145.7,1160.0,1134.15,1152.95,2007312,2.331749829692072,1148.0489752755366,1154.5280963980629,-6.479121122526294,-4.882819733155384,25.84999999999991,20.0,5.849999999999909,25.84999999999991,24.321428571428573,3104870.8,No Signal
89,2022-11-15T00:00:00+05:30,1157.85,1167.75,1147.15,1152.85,1801820,2.2789074416360355,1148.7875944639156,1154.4037929611693,-5.616198497253663,-5.02949548597504,20.59999999999991,14.799999999999955,5.7999999999999545,20.59999999999991,24.524999999999995,3049019.8,No Signal
90,2022-11-16T00:00:00+05:30,1151.0,1158.0,1136.0,1144.1,2331147,2.1193069184083466,1148.0664260848516,1153.6405490381196,-5.574122953267988,-5.138420979433629,22.0,5.150000000000091,16.84999999999991,22.0,23.864285714285707,2994631.3,No Signal
91,2022-11-17T00:00:00+05:30,1141.45,1152.75,1137.55,1146.5,1721448,1.5475392367161513,1147.8254374564128,1153.1116194797403,-5.286182023327456,-5.167973188212395,15.200000000000045,8.650000000000091,6.5499999999999545,15.200000000000045,23.635714285714293,2908147.3,No Signal
92,2022-11-18T00:00:00+05:30,1151.35,1151.35,1122.0,1128.65,2082110,0.7050385424650709,1144.8753701554263,1151.2996476664262,-6.4242775109999,-5.419234052769896,29.34999999999991,4.849999999999909,24.5,29.34999999999991,24.053571428571427,2817410.65,No Signal
93,2022-11-21T00:00:00+05:30,1119.55,1142.05,1117.0,1139.0,2602263,0.630379100897079,1143.9714670545914,1150.3885626540982,-6.417095599506865,-5.61880636211729,25.049999999999955,13.399999999999864,11.650000000000091,25.049999999999955,24.36785714285715,2385571.0,No Signal
94,2022-11-22T00:00:00+05:30,1143.0,1173.25,1138.5,1169.4,3927369,0.7861133955888414,1147.8835490461927,1151.796817272313,-3.913268226120408,-5.277698734917914,34.75,34.25,0.5,34.75,25.61785714285715,2316487.2,No Signal
95,2022-11-23T00:00:00+05:30,1176.0,1183.0,1161.0,1174.35,3265188,0.9624708561051468,1151.9553107313939,1153.4674234002898,-1.512112668895952,-4.524581521713522,22.0,13.599999999999909,8.400000000000091,22.0,25.567857142857147,2446086.85,No Signal
96,2022-11-24T00:00:00+05:30,1180.0,1186.95,1167.6,1175.55,3496004,1.0908740435464064,1155.585262926564,1155.1031698150832,0.4820931114807081,-3.523246595074676,19.350000000000136,12.600000000000136,6.75,19.350000000000136,25.114285714285725,2445204.9,No Signal
97,2022-11-25T00:00:00+05:30,1180.0,1193.8,1176.05,1187.1,4715591,1.2959268964457487,1160.4336840147848,1157.4733053843363,2.960378630448531,-2.226521549970035,17.75,18.25,0.5,18.25,25.282142857142862,2551457.5,No Signal
98,2022-11-28T00:00:00+05:30,1180.0,1205.45,1178.7,1197.85,2846018,1.5552124264709855,1166.1900403202026,1160.4641716521633,5.725868668039311,-0.6360435063681658,26.75,18.350000000000136,8.399999999999864,26.75,25.85357142857143,2554826.7,No Signal
99,2022-11-29T00:00:00+05:30,1192.0,1199.85,1178.45,1180.6,1875108,1.645520274382013,1168.4069571940177,1161.9557144927437,6.451242701273941,0.7814137351602557,21.399999999999864,2.0,19.399999999999864,21.399999999999864,25.31785714285713,2546157.15,No Signal
100,2022-11-30T00:00:00+05:30,1180.0,1183.7,1163.0,1167.8,2421938,1.6792660680579803,1168.3135791641687,1162.3886245303183,5.924954633850348,1.8101219148982741,20.700000000000045,3.1000000000001364,17.59999999999991,20.700000000000045,23.953571428571422,2534066.85,No Signal
101,2022-12-01T00:00:00+05:30,1175.0,1180.95,1162.1,1173.9,2693153,1.6652467388501822,1169.1730285235274,1163.241319009554,5.931709513973374,2.6344394347132942,18.850000000000136,13.150000000000091,5.7000000000000455,18.850000000000136,22.864285714285707,2571374.45,No Signal
102,2022-12-02T00:00:00+05:30,1169.65,1185.75,1167.05,1178.7,2299771,1.6931132782552232,1170.6387164429848,1164.3864064903278,6.252309952657015,3.3580135383020386,18.700000000000045,11.849999999999909,6.850000000000136,18.700000000000045,22.35357142857143,2599252.4,No Signal
103,2022-12-05T00:00:00+05:30,1182.0,1198.0,1179.85,1195.5,3842007,1.7958150084221425,1174.46352929791,1166.6911171206739,7.77241217723622,4.240893266088875,18.15000000000009,19.299999999999955,1.1499999999998636,19.299999999999955,22.260714285714293,2712791.6,No Signal
104,2022-12-06T00:00:00+05:30,1198.95,1208.0,1179.0,1184.1,3130375,1.8284341252877687,1175.9460632520777,1167.9806640006238,7.965399251453846,4.98579446316187,29.0,12.5,16.5,29.0,22.760714285714293,2739262.65,No Signal
105,2022-12-07T00:00:00+05:30,1184.0,1189.0,1161.45,1164.65,2751559,1.8365271699263856,1174.2082073671427,1167.7339481487259,6.474259218416819,5.28348741421286,27.549999999999955,4.900000000000091,22.649999999999864,27.549999999999955,23.642857142857142,2704062.95,No Signal
106,2022-12-08T00:00:00+05:30,1165.0,1194.3,1163.05,1190.85,3666230,1.7082589452418597,1176.768483156813,1169.4462482858573,7.322234870955754,5.691236905561439,31.25,29.649999999999864,1.6000000000001364,31.25,23.778571428571436,2783736.3,No Signal
107,2022-12-09T00:00:00+05:30,1195.5,1216.0,1189.25,1202.5,6170527,1.7245707721412504,1180.7271780557649,1171.8946743387569,8.832503717007967,6.319490267850745,26.75,25.15000000000009,1.599999999999909,26.75,23.90000000000001,2982346.9,No Signal
108,2022-12-12T00:00:00+05:30,1201.3,1219.9,1195.25,1206.75,2790193,1.8084702022802053,1184.7306891241087,1174.476550313664,10.254138810444829,7.106419976369562,24.65000000000009,17.40000000000009,7.25,24.65000000000009,23.178571428571445,3021490.95,No Signal
109,2022-12-13T00:00:00+05:30,1212.8,1240.95,1209.5,1234.95,4161259,2.04668718583732,1192.456736951169,1178.9560651052443,13.500671845924671,8.385270350280583,31.450000000000045,34.200000000000045,2.75,34.200000000000045,24.05000000000002,3139462.9,No Signal
110,2022-12-14T00:00:00+05:30,1241.75,1257.0,1233.0,1253.15,3913725,2.332237979639428,1201.7941620356046,1184.4519121344854,17.342249901119203,10.176666260448307,24.0,22.049999999999955,1.9500000000000455,24.0,24.382142857142867,3218591.8,Buy
111,2022-12-15T00:00:00+05:30,1252.75,1273.55,1235.0,1239.6,3097257,2.4652390723369213,1207.6104447993578,1188.536955680079,19.073489119278747,11.956030832214395,38.549999999999955,20.399999999999864,18.15000000000009,38.549999999999955,25.832142857142863,3287382.25,Buy
112,2022-12-16T00:00:00+05:30,1235.0,1248.8,1208.2,1229.55,1944611,2.329708661209434,1210.985760984072,1191.5749589630361,19.410802021035806,13.446985069978679,40.59999999999991,9.200000000000045,31.399999999999864,40.59999999999991,26.821428571428573,3280507.3,Buy
113,2022-12-19T00:00:00+05:30,1233.95,1241.7,1212.1,1223.55,1382350,2.168008403496839,1212.9187208326762,1193.9434805213298,18.975240311346397,14.552636118252224,29.600000000000136,12.150000000000091,17.450000000000045,29.600000000000136,27.407142857142876,3219511.65,Buy
114,2022-12-20T00:00:00+05:30,1215.0,1234.35,1209.95,1228.65,1245356,2.1687824044311297,1215.3389176276492,1196.514333816046,18.824583811603134,15.407025656922407,24.399999999999864,10.799999999999955,13.599999999999909,24.399999999999864,27.671428571428578,3085411.0,Buy
115,2022-12-21T00:00:00+05:30,1236.0,1238.15,1190.95,1201.8,1495092,2.1619880284841826,1213.2560072233955,1196.905864644487,16.35014257890839,15.595649041319605,47.200000000000045,9.5,37.700000000000045,47.200000000000045,29.696428571428573,2996906.2,Buy
116,2022-12-22T00:00:00+05:30,1207.85,1208.8,1170.2,1180.15,2126526,2.1833191842602058,1208.1627753428731,1195.6646894856362,12.498085857236902,14.976136404503066,38.59999999999991,7.0,31.59999999999991,38.59999999999991,31.117857142857133,2928432.3,Sell
117,2022-12-23T00:00:00+05:30,1160.05,1179.7,1143.0,1147.85,2621580,2.4621331255826435,1198.883886828585,1192.1228606348484,6.761026193736598,13.333114362349773,36.700000000000045,0.4500000000000455,37.15000000000009,37.15000000000009,32.392857142857146,2823731.75,Sell
118,2022-12-26T00:00:00+05:30,1150.0,1208.0,1141.0,1195.7,2100267,2.364370464238287,1198.3940580857259,1192.387833921156,6.006224164569858,11.86773632279379,67.0,60.15000000000009,6.849999999999909,67.0,35.107142857142854,2786444.2,Sell
119,2022-12-27T00:00:00+05:30,1201.65,1209.95,1185.0,1202.35,1462244,2.323910195630123,1199.0026645340756,1193.1257721492186,5.876892384857001,10.669567535206433,24.950000000000045,14.25,10.700000000000045,24.950000000000045,34.92142857142858,2765801.0,Sell
120,2022-12-28T00:00:00+05:30,1198.0,1227.0,1194.0,1214.15,2834356,2.2261305306792,1201.3330238365256,1194.6831223603876,6.649901476137984,9.865634323392744,33.0,24.65000000000009,8.349999999999909,33.0,35.04642857142858,2786421.9,Sell
121,2022-12-29T00:00:00+05:30,1206.0,1234.9,1201.8,1231.15,3134405,2.183349405687087,1205.9202509385987,1197.3843725559145,8.535878382684132,9.599683135251022,33.100000000000136,20.75,12.350000000000136,33.100000000000136,35.500000000000014,2808484.5,Sell
122,2022-12-30T00:00:00+05:30,1238.0,1238.0,1211.5,1220.1,1767556,2.156675028284156,1208.1017507941988,1199.0670116258468,9.034739168351962,9.48669434187121,26.5,6.849999999999909,19.65000000000009,26.5,35.63214285714287,2781873.75,Sell
123,2023-01-02T00:00:00+05:30,1220.1,1231.1,1211.75,1226.35,2587946,2.1597325033444195,1210.9091737489375,1201.087973727636,9.821200021301593,9.553595477757288,19.34999999999991,11.0,8.349999999999909,19.34999999999991,34.57142857142857,2719170.7,Buy
124,2023-01-03T00:00:00+05:30,1226.55,1249.85,1222.3,1240.95,2195814,2.154336374528966,1215.530839326024,1204.0407164144776,11.49012291154645,9.940900964515121,27.549999999999955,23.5,4.0499999999999545,27.549999999999955,34.824999999999996,2672442.65,Buy
125,2023-01-04T00:00:00+05:30,1258.0,1273.4,1206.1,1223.1,8001367,1.995714052586512,1216.6953255835588,1205.4525151985904,11.24281038496838,10.201282848605773,67.30000000000018,32.450000000000045,34.850000000000136,67.30000000000018,36.87857142857144,2934933.05,Buy
126,2023-01-05T00:00:00+05:30,1229.25,1232.5,1203.8,1215.85,2364186,1.9539842389978124,1216.5652754937805,1206.222699257954,10.342576235826527,10.229541526049925,28.700000000000045,9.400000000000091,19.299999999999955,28.700000000000045,36.02857142857145,2869830.85,Buy
127,2023-01-06T00:00:00+05:30,1214.0,1217.7,1176.1,1181.9,3029739,2.0977637757525187,1211.2321561870451,1204.4210178314388,6.811138355606317,9.545860891961203,41.600000000000136,1.8500000000001364,39.75,41.600000000000136,36.88571428571431,2712791.45,Sell
128,2023-01-09T00:00:00+05:30,1190.15,1223.6,1188.05,1218.65,2836421,2.029360846385358,1212.3733629274998,1205.4750165105916,6.898346416908225,9.016357996950608,35.549999999999955,41.69999999999982,6.149999999999864,41.69999999999982,38.12142857142859,2715102.85,Sell
129,2023-01-10T00:00:00+05:30,1215.0,1231.15,1205.0,1227.55,2442613,1.9940669719098798,1214.708230169423,1207.11020047277,7.5980296966529295,8.732692336891073,26.15000000000009,12.5,13.650000000000091,26.15000000000009,36.61785714285717,2629170.55,Sell
130,2023-01-11T00:00:00+05:30,1232.4,1238.2,1207.4,1213.25,2675249,1.8777170158103131,1214.4838870664348,1207.56500043775,6.9188866286847315,8.369931195249805,30.799999999999955,10.650000000000091,20.149999999999864,30.799999999999955,36.06071428571431,2567246.75,Sell
131,2023-01-12T00:00:00+05:30,1214.0,1224.75,1197.3,1209.15,1862790,1.8127655697161924,1213.6632890562141,1207.6824078127315,5.9808812434825995,7.892121204896364,27.450000000000045,11.5,15.950000000000045,27.450000000000045,35.36785714285717,2505523.4,Sell
132,2023-01-13T00:00:00+05:30,1213.0,1237.3,1210.1,1234.4,2184432,1.7947029154370915,1216.853552278335,1209.6614887154922,7.1920635628428045,7.752109676485653,27.200000000000045,28.149999999999864,0.9499999999998181,28.149999999999864,32.592857142857156,2517514.45,No Signal
133,2023-01-16T00:00:00+05:30,1240.0,1250.0,1232.6,1239.25,2398823,1.8444967205364335,1220.2991596201296,1211.8532302921224,8.445929328007196,7.890873606789962,17.40000000000009,15.599999999999909,1.800000000000182,17.40000000000009,32.053571428571445,2568338.1,No Signal
134,2023-01-17T00:00:00+05:30,1240.0,1240.0,1212.7,1230.35,1803413,1.8631899925598643,1221.8454427554943,1213.2233613815947,8.622081373899618,8.037115160211894,27.299999999999955,0.75,26.549999999999955,27.299999999999955,31.646428571428583,2596240.95,No Signal
135,2023-01-18T00:00:00+05:30,1232.0,1238.0,1218.0,1223.0,1865108,1.8710811976481827,1222.0230669469568,1213.9475568348098,8.075510112146958,8.044794150598907,20.0,7.650000000000091,12.349999999999909,20.0,30.71071428571429,2614741.75,No Signal
136,2023-01-19T00:00:00+05:30,1215.0,1245.0,1183.25,1200.55,9691261,1.8101733992113473,1218.7195181858865,1212.9551452174164,5.76437296847007,7.5887099141731404,61.75,22.0,39.75,61.75,33.228571428571435,2992978.5,No Signal
137,2023-01-20T00:00:00+05:30,1208.6,1228.0,1198.5,1202.45,4144033,1.2793895289858315,1216.2165153880578,1212.1769863124225,4.039529075635301,6.8788737464655725,29.5,27.450000000000045,2.0499999999999545,29.5,33.953571428571436,3069101.15,No Signal
138,2023-01-23T00:00:00+05:30,1212.7,1220.15,1200.5,1204.7,1848813,1.2313673810664276,1214.444743789895,1211.6231354744652,2.821608315429785,6.067420660258415,19.65000000000009,17.700000000000045,1.9500000000000455,19.65000000000009,33.389285714285734,3056528.45,No Signal
139,2023-01-24T00:00:00+05:30,1206.3,1219.8,1198.35,1212.3,2472106,1.1915328261274993,1214.1147832068343,1211.6732735874677,2.4415096193665704,5.342238452080046,21.450000000000045,15.099999999999909,6.350000000000136,21.450000000000045,30.114285714285725,3107021.55,No Signal
140,2023-01-25T00:00:00+05:30,1210.0,1211.0,1151.35,1156.15,3420414,1.7366883086837945,1205.1971242519367,1207.5604385069146,-2.3633142549779222,3.801127910668453,59.65000000000009,1.2999999999999545,60.950000000000045,60.950000000000045,32.41785714285715,3136324.45,No Signal
141,2023-01-27T00:00:00+05:30,1163.05,1168.65,1106.0,1116.4,4781085,2.6468851573555754,1191.5360282131771,1200.8078134323284,-9.271785219151297,1.1865452847045028,62.65000000000009,12.5,50.15000000000009,62.65000000000009,33.92142857142858,3218658.45,No Signal
142,2023-01-30T00:00:00+05:30,1110.0,1124.8,1055.0,1089.05,7991091,3.6615307379182607,1175.7689469496115,1192.5294568817856,-16.760509932174045,-2.402865758671207,69.79999999999995,8.399999999999864,61.40000000000009,69.79999999999995,35.928571428571445,3529835.2,Sell
143,2023-01-31T00:00:00+05:30,1097.05,1098.85,1068.35,1082.95,6080048,4.399358255296419,1161.4891089573637,1184.4124600757275,-22.923351118363826,-6.506962830609732,30.5,9.799999999999955,20.700000000000045,30.5,36.23928571428572,3704440.3,Sell
144,2023-02-01T00:00:00+05:30,1094.0,1119.0,990.0,1041.85,7563064,5.523715397308829,1143.0830921946924,1173.8522778478957,-30.769185653203294,-11.359407395128445,129.0,36.049999999999955,92.95000000000005,129.0,43.25357142857144,3972802.8,Sell
145,2023-02-02T00:00:00+05:30,1034.9,1081.0,1028.4,1075.9,4494575,5.746564118911645,1132.7472318570474,1166.5965535628663,-33.849321705818966,-15.85739025726655,52.59999999999991,39.15000000000009,13.449999999999818,52.59999999999991,45.050000000000004,3797463.2,Sell
146,2023-02-03T00:00:00+05:30,1110.0,1131.0,1079.0,1103.55,9207051,5.74183610837099,1128.2553500328863,1161.9264384841356,-33.67108845124926,-19.420129896063095,52.0,55.09999999999991,3.099999999999909,55.09999999999991,46.97500000000001,4139606.45,Sell
147,2023-02-06T00:00:00+05:30,1109.0,1135.0,1100.45,1129.15,2865895,5.674646514164648,1128.3929884893653,1159.4985541519775,-31.105565662612207,-21.75721704937292,34.549999999999955,31.450000000000045,3.099999999999909,34.549999999999955,48.199999999999996,4131414.25,Sell
148,2023-02-07T00:00:00+05:30,1134.0,1148.15,1122.5,1142.9,3603258,5.53989661677185,1130.6248364140783,1158.2690316222013,-27.644195208122937,-22.934612681122925,25.65000000000009,19.0,6.650000000000091,25.65000000000009,48.08214285714286,4169756.1,Sell
149,2023-02-08T00:00:00+05:30,1144.0,1151.25,1136.0,1145.35,1675932,5.396653672439679,1132.8902461965279,1157.3120663168531,-24.421820120325265,-23.232054168963394,15.25,8.349999999999909,6.900000000000091,15.25,47.74285714285715,4131422.05,Sell
150,2023-02-09T00:00:00+05:30,1150.15,1168.2,1138.3,1163.8,2284751,5.2120226127936125,1137.6455929355236,1157.7926539970863,-20.14706106156268,-22.61505554748325,29.90000000000009,22.850000000000136,7.0499999999999545,29.90000000000009,45.467857142857156,4111897.15,Buy
151,2023-02-10T00:00:00+05:30,1160.0,1167.0,1147.1,1161.2,2126093,5.1289096328735555,1141.26934786852,1158.0450499973022,-16.775702128782086,-21.44718486374302,19.90000000000009,3.2000000000000455,16.700000000000045,19.90000000000009,44.78214285714288,4125062.3,Buy
152,2023-02-13T00:00:00+05:30,1165.0,1170.0,1148.6,1157.35,2112106,4.904757249307176,1143.743294350286,1157.993564812317,-14.250270462030812,-20.00780198340058,21.40000000000009,8.799999999999955,12.600000000000136,21.40000000000009,44.90714285714288,4121446.0,Buy
153,2023-02-14T00:00:00+05:30,1160.7,1162.0,1137.0,1156.85,2433798,4.591641267678014,1145.7597106040882,1157.9088563077007,-12.149145703612476,-18.43607072744296,25.0,4.650000000000091,20.34999999999991,25.0,45.1607142857143,4123194.75,Buy
154,2023-02-15T00:00:00+05:30,1155.0,1160.45,1145.0,1149.6,2050158,4.316887247459303,1146.3505243573054,1157.2933854700932,-10.942861112787796,-16.937428804511928,15.450000000000045,3.6000000000001364,11.849999999999909,15.450000000000045,41.9107142857143,4135532.0,Buy
155,2023-02-16T00:00:00+05:30,1155.35,1156.1,1143.7,1148.35,1918858,4.023183609611802,1146.658135994643,1156.6309124723084,-9.97277647766532,-15.544498339142606,12.399999999999864,6.5,5.899999999999864,12.399999999999864,38.32142857142857,4138219.5,No Signal
156,2023-02-17T00:00:00+05:30,1142.0,1143.9,1109.0,1114.7,3146155,3.9858469982110436,1141.7414996877749,1153.524918955841,-11.783419268066154,-14.792282524927316,34.90000000000009,4.449999999999818,39.34999999999991,39.34999999999991,36.146428571428565,3810964.2,No Signal
157,2023-02-20T00:00:00+05:30,1117.25,1122.8,1103.8,1109.3,1613608,3.7961077401787326,1136.7504997358094,1150.2489990331862,-13.498499297376839,-14.53352587941722,19.0,8.099999999999909,10.900000000000091,19.0,35.324999999999996,3684442.95,No Signal
158,2023-02-21T00:00:00+05:30,1110.0,1112.15,1096.0,1101.75,1767689,3.5467550886062607,1131.365807468762,1146.6564805862836,-15.290673117521692,-14.684955327038116,16.15000000000009,2.8500000000001364,13.299999999999955,16.15000000000009,27.264285714285716,3680386.75,No Signal
159,2023-02-22T00:00:00+05:30,1096.75,1101.75,1079.2,1092.75,1983022,3.143214210463259,1125.4249140120294,1142.6634079502626,-17.238493938233205,-15.195663049277135,22.549999999999955,0.0,22.549999999999955,22.549999999999955,25.11785714285715,3655932.55,No Signal
160,2023-02-23T00:00:00+05:30,1092.7,1097.55,1066.65,1075.6,3193602,3.2395440180790636,1117.7595426255632,1137.695748102095,-19.936205476531768,-16.143771534728064,30.899999999999864,4.7999999999999545,26.09999999999991,30.899999999999864,23.389285714285716,3644591.95,No Signal
161,2023-02-24T00:00:00+05:30,1080.05,1089.65,1069.6,1079.15,1862986,3.3275439612291553,1111.8196129908613,1133.3590260204583,-21.53941302959697,-17.222899833701845,20.050000000000182,14.050000000000182,6.0,20.050000000000182,22.35357142857145,3498687.0,No Signal
162,2023-02-27T00:00:00+05:30,1079.95,1089.85,1067.05,1081.95,2047252,3.3480226198076393,1107.2242879153441,1129.5509500189428,-22.326662103598665,-18.24365228768121,22.799999999999955,10.699999999999818,12.100000000000136,22.799999999999955,22.15000000000001,3201495.05,No Signal
163,2023-02-28T00:00:00+05:30,1082.5,1089.9,1068.05,1077.7,1360243,3.386079562548505,1102.682089774522,1125.7101389064285,-23.028049131906528,-19.200531656526277,21.850000000000136,7.9500000000000455,13.900000000000091,21.850000000000136,22.62142857142859,2965504.8,No Signal
164,2023-03-01T00:00:00+05:30,1077.05,1106.55,1070.1,1100.45,4006038,2.943786263704793,1102.3386913476725,1123.8390175059524,-21.500326158279904,-19.660490556877004,36.450000000000045,28.84999999999991,7.600000000000136,36.450000000000045,23.08928571428573,2787653.5,No Signal
165,2023-03-02T00:00:00+05:30,1099.95,1110.5,1093.4,1102.05,3831094,2.821303013055618,1102.2942772941844,1122.2250162092153,-19.930738915030815,-19.71454022850777,17.09999999999991,10.049999999999955,7.0499999999999545,17.09999999999991,22.889285714285716,2754479.45,No Signal
166,2023-03-03T00:00:00+05:30,1109.0,1133.2,1104.75,1126.4,3364473,2.7421526340970113,1106.002850018156,1122.534274267792,-16.531424249635847,-19.077917032733385,28.450000000000045,31.15000000000009,2.7000000000000455,31.15000000000009,23.58571428571429,2462350.55,No Signal
167,2023-03-06T00:00:00+05:30,1132.0,1140.0,1116.65,1123.8,3623370,2.743794948303861,1108.740873092286,1122.628031729437,-13.88715863715106,-18.03976535361692,23.34999999999991,13.599999999999909,9.75,23.34999999999991,23.467857142857138,2500224.3,No Signal
168,2023-03-08T00:00:00+05:30,1109.65,1179.0,1105.55,1174.25,7227419,2.790465545580773,1118.8192003088573,1126.4518812309602,-7.6326809221029635,-15.958348467314131,73.45000000000005,55.200000000000045,18.25,73.45000000000005,27.610714285714284,2681432.35,No Signal
169,2023-03-09T00:00:00+05:30,1174.25,1182.65,1162.3,1169.8,3086520,2.915720357241666,1126.6624002613407,1129.6628529916297,-3.0004527302889983,-13.366769319909105,20.350000000000136,8.400000000000091,11.950000000000045,20.350000000000136,28.178571428571445,2751961.75,No Signal
170,2023-03-10T00:00:00+05:30,1155.1,1162.25,1138.0,1144.8,3255715,2.8977697606400743,1129.4528002211346,1130.784123140398,-1.331322919263357,-10.959680039779956,24.25,7.5499999999999545,31.799999999999955,31.799999999999955,27.639285714285734,2800509.95,No Signal
171,2023-03-13T00:00:00+05:30,1119.0,1119.5,1055.0,1060.1,12242047,3.265713650977134,1118.7831386486523,1125.548262167035,-6.765123518382779,-10.120768735500521,64.5,25.299999999999955,89.79999999999995,89.79999999999995,32.69642857142859,3306307.65,Buy
172,2023-03-14T00:00:00+05:30,1060.1,1082.4,1052.2,1064.0,5410127,3.3109446384812036,1110.3549634719366,1120.9891316361436,-10.63416816420704,-10.223448621241825,30.200000000000045,22.300000000000182,7.899999999999864,30.200000000000045,33.70000000000001,3471208.7,Sell
173,2023-03-15T00:00:00+05:30,1079.8,1086.55,1040.0,1044.35,4117047,3.519039365509132,1100.2003537070232,1115.3121589223551,-15.11180521533197,-11.201119940059854,46.549999999999955,22.549999999999955,24.0,46.549999999999955,35.414285714285725,3555371.15,Sell
174,2023-03-16T00:00:00+05:30,1040.0,1041.95,1001.9,1017.8,9261210,3.9652275732515183,1087.523376213635,1108.0890360392177,-20.56565982558277,-13.074027917164438,40.05000000000007,2.3999999999998636,42.44999999999993,42.44999999999993,36.239285714285735,3915923.75,Sell
175,2023-03-17T00:00:00+05:30,1038.0,1038.6,1006.25,1020.5,5324814,4.159095659720982,1077.2120875653834,1101.600959295572,-24.38887173018861,-15.336996679769273,32.34999999999991,20.799999999999955,11.549999999999955,32.34999999999991,37.11785714285714,4086221.55,Sell
176,2023-03-20T00:00:00+05:30,1020.0,1020.0,990.2,1002.3,5439144,4.667875803057979,1065.6871510168628,1094.2453326810853,-28.558181664222502,-17.98123367665992,29.799999999999955,0.5,30.299999999999955,30.299999999999955,37.653571428571425,4200871.0,Sell
177,2023-03-21T00:00:00+05:30,1007.35,1029.95,996.0,1022.85,6200242,4.762315529246268,1059.0968200911916,1088.9567895195235,-29.85996942833185,-20.356980826994306,33.950000000000045,27.65000000000009,6.2999999999999545,33.950000000000045,38.51785714285713,4430202.7,Sell
178,2023-03-22T00:00:00+05:30,1028.0,1044.0,1024.15,1031.15,2992075,4.840195508074124,1054.7973093079313,1084.67480511067,-29.877495802738622,-22.26108382214317,19.84999999999991,21.149999999999977,1.3000000000000682,21.149999999999977,37.42499999999999,4491422.0,Sell
179,2023-03-23T00:00:00+05:30,1028.15,1046.2,1014.25,1018.25,3703445,5.077546238444685,1049.1746463374802,1079.7544491765461,-30.579802839065906,-23.92482762552772,31.950000000000045,15.049999999999955,16.90000000000009,31.950000000000045,38.48571428571428,4577443.15,Sell
180,2023-03-24T00:00:00+05:30,1019.0,1024.95,1004.65,1009.55,2709396,5.334238128418196,1043.0785469009447,1074.554119607913,-31.47557270696825,-25.434976641815826,20.300000000000068,6.7000000000000455,13.600000000000023,20.300000000000068,37.71071428571428,4553232.85,Sell
181,2023-03-27T00:00:00+05:30,1014.0,1020.95,1004.0,1012.85,2116538,5.48006640289166,1038.4280012238762,1069.9834440814009,-31.555442857524667,-26.659069884957596,16.950000000000045,11.400000000000091,5.5499999999999545,16.950000000000045,37.25357142857143,4565910.45,Sell
182,2023-03-28T00:00:00+05:30,1017.7,1038.4,1007.2,1036.15,4396052,5.398794808891921,1038.077539497126,1067.477263038334,-29.399723541208004,-27.20720061620768,31.200000000000045,25.550000000000068,5.649999999999977,31.200000000000045,34.23571428571429,4683350.45,Sell
183,2023-03-29T00:00:00+05:30,1031.0,1063.95,1025.0,1057.1,5784712,5.291872829350694,1041.0040718821836,1066.7085768873465,-25.7045050051629,-26.906661493998726,38.950000000000045,27.799999999999955,11.150000000000091,38.950000000000045,35.56428571428571,4904573.9,Buy
184,2023-03-31T00:00:00+05:30,1063.0,1076.0,1060.4,1069.0,3096695,5.181262349611866,1045.311137746463,1066.8783119327281,-21.56717418626522,-25.838764032452026,15.599999999999909,18.90000000000009,3.300000000000182,18.90000000000009,34.64285714285715,4859106.75,Buy
185,2023-04-03T00:00:00+05:30,1073.0,1081.15,1064.0,1078.75,1534149,5.081556831529334,1050.455578093161,1067.7576962340074,-17.30211814084646,-24.131434854130916,17.15000000000009,12.150000000000091,5.0,17.15000000000009,29.453571428571447,4744259.5,No Signal
186,2023-04-05T00:00:00+05:30,1089.0,1089.2,1060.1,1067.2,2979413,4.95164679516645,1053.0316430019054,1067.7163854018588,-14.684742399953393,-22.242096363295413,29.100000000000136,10.450000000000045,18.65000000000009,29.100000000000136,29.375000000000025,4725006.5,No Signal
187,2023-04-06T00:00:00+05:30,1067.2,1093.45,1064.25,1082.0,3458621,4.716689731560237,1057.4883133093047,1068.774430927647,-11.28611761834236,-20.050900614304805,29.200000000000045,26.25,2.9500000000000455,29.200000000000045,28.135714285714318,4716769.05,No Signal
188,2023-04-10T00:00:00+05:30,1082.0,1083.0,1063.0,1069.3,1601998,4.058733866276358,1059.305495877104,1068.8133619700436,-9.507866092939594,-17.942293710031763,20.0,1.0,19.0,20.0,26.532142857142894,4435498.0,No Signal
189,2023-04-11T00:00:00+05:30,1077.4,1078.1,1055.05,1074.2,1932359,3.189843826341686,1061.5969580498572,1069.212372194485,-7.615414144627721,-15.876917796950956,23.049999999999955,8.799999999999955,14.25,23.049999999999955,25.867857142857183,4377789.95,No Signal
190,2023-04-12T00:00:00+05:30,1073.5,1077.1,1057.55,1074.75,3005907,2.486011277728908,1063.6205029652638,1069.6225668467453,-6.00206388148149,-13.901947013857063,19.549999999999955,2.8999999999998636,16.65000000000009,19.549999999999955,25.10000000000004,4365299.55,No Signal
191,2023-04-13T00:00:00+05:30,1073.0,1114.5,1007.95,1109.3,6082298,2.719333084311236,1070.6481178936847,1072.5616359692085,-1.9135180755238252,-11.504261226190415,106.54999999999995,39.75,66.79999999999995,106.54999999999995,30.285714285714317,4057312.1,No Signal
192,2023-04-17T00:00:00+05:30,1107.4,1136.7,1105.0,1120.0,5359017,3.041851752364247,1078.2407151408102,1076.0755888603783,2.1651262804318776,-8.770383724865956,31.700000000000045,27.40000000000009,4.2999999999999545,31.700000000000045,31.03928571428575,4054756.6,No Signal
193,2023-04-18T00:00:00+05:30,1130.0,1149.5,1127.05,1146.9,4454852,3.505219396863667,1088.803682042224,1081.3218415373874,7.481840504836555,-5.519938878925454,22.450000000000045,29.5,7.0499999999999545,29.5,30.86428571428575,4071646.85,No Signal
194,2023-04-19T00:00:00+05:30,1143.0,1145.9,1118.55,1120.4,2207683,3.7123389558305195,1093.664654035728,1084.2165199420253,9.44813409370272,-2.5263242843998195,27.350000000000136,1.0,28.350000000000136,28.350000000000136,31.439285714285752,3718970.5,No Signal
195,2023-04-20T00:00:00+05:30,1118.95,1131.55,1112.4,1126.2,2530590,3.805324456674587,1098.6700918763852,1087.326407353727,11.343684522658123,0.2476774770117691,19.149999999999864,11.149999999999864,8.0,19.149999999999864,31.596428571428596,3579259.3,No Signal
196,2023-04-21T00:00:00+05:30,1126.2,1135.75,1108.35,1116.35,1894300,3.712139041611932,1101.3900777415568,1089.4763031053028,11.913774636253947,2.580896908860205,27.40000000000009,9.549999999999955,17.850000000000136,27.40000000000009,31.325000000000028,3402017.1,No Signal
197,2023-04-24T00:00:00+05:30,1130.75,1141.0,1092.0,1102.0,7711772,3.652507906649417,1101.4839119351634,1090.4039843567618,11.079927578401566,4.280703042768478,49.0,24.65000000000009,24.34999999999991,49.0,32.042857142857166,3477593.6,Buy
198,2023-04-25T00:00:00+05:30,1119.95,1127.6,1113.1,1121.75,5268567,3.5682372733776244,1104.601771637446,1092.7259114414462,11.875860195999849,5.799734473414753,14.5,25.59999999999991,11.099999999999909,25.59999999999991,32.52142857142859,3591418.2,Buy
199,2023-04-26T00:00:00+05:30,1117.75,1139.8,1115.15,1137.8,2688362,3.4401760313268164,1109.7091913855313,1096.064732816154,13.64445856937732,7.368679292607267,24.649999999999864,18.049999999999955,6.599999999999909,24.649999999999864,33.05714285714286,3540664.05,Buy
200,2023-04-27T00:00:00+05:30,1140.0,1148.45,1130.0,1144.75,2990958,3.2094615906157324,1115.1000850185264,1099.6710489038462,15.42903611468023,8.98075065702186,18.450000000000045,10.650000000000091,7.7999999999999545,18.450000000000045,32.296428571428564,3554742.15,Buy
201,2023-04-28T00:00:00+05:30,1148.75,1157.55,1135.0,1152.8,2239678,2.9332780156528457,1120.9000719387532,1103.6065267628205,17.29354517593265,10.643309560804019,22.549999999999955,12.799999999999955,9.75,22.549999999999955,31.821428571428555,3560899.15,Buy
202,2023-05-02T00:00:00+05:30,1158.95,1161.85,1150.0,1150.9,2000569,2.783870206040999,1125.5154454866372,1107.1097470026116,18.405698484025606,12.195787345448338,11.849999999999909,9.049999999999955,2.7999999999999545,11.849999999999909,31.239285714285693,3441125.0,Buy
203,2023-05-03T00:00:00+05:30,1142.5,1159.9,1140.3,1146.15,1816420,2.708891648105476,1128.689992334847,1110.0016175950107,18.688374739836263,13.494304824325923,19.600000000000136,9.0,10.600000000000136,19.600000000000136,30.992857142857133,3242710.4,Buy
204,2023-05-04T00:00:00+05:30,1146.15,1151.0,1129.0,1134.6,2752160,2.6329202186670395,1129.599224283332,1111.8237199953803,17.775504287951662,14.350544717051072,22.0,4.849999999999909,17.15000000000009,22.0,31.167857142857137,3225483.65,Buy
205,2023-05-05T00:00:00+05:30,1131.0,1154.95,1065.35,1073.3,8504838,2.8167714524411047,1120.9378051628194,1108.9701111068337,11.967694055985703,13.873974584837999,89.60000000000014,20.350000000000136,69.25,89.60000000000014,29.957142857142863,3574018.1,No Signal
206,2023-05-08T00:00:00+05:30,1087.0,1134.65,1087.0,1126.35,6764292,2.511856259660936,1121.7704505223855,1110.2575102841051,11.512940238280407,13.40176771552648,47.65000000000009,61.350000000000136,13.700000000000045,61.350000000000136,32.07500000000001,3763262.05,Sell
207,2023-05-09T00:00:00+05:30,1135.0,1149.9,1131.1,1140.6,4181498,2.4160325831969565,1124.6673042881723,1112.5051021149122,12.162202173260084,13.153854607073201,18.800000000000182,23.550000000000182,4.75,23.550000000000182,31.650000000000027,3799405.9,Sell
208,2023-05-10T00:00:00+05:30,1155.0,1175.8,1150.0,1172.55,6466598,2.3320294022017194,1132.0338728592228,1116.9528723286223,15.081000530600477,13.539283791778658,25.799999999999955,35.200000000000045,9.400000000000091,35.200000000000045,32.139285714285734,4042635.9,Buy
209,2023-05-11T00:00:00+05:30,1175.0,1200.0,1169.25,1187.45,6086958,2.3645589222728427,1140.5594308808809,1122.1748817857615,18.384549095119382,14.508336852446803,30.75,27.450000000000045,3.2999999999999545,30.75,32.96785714285717,4250365.85,Buy
210,2023-05-12T00:00:00+05:30,1192.5,1214.0,1176.05,1208.65,3983609,2.485752274064998,1151.034903053053,1128.5804460979273,22.454456955125806,16.097560872982605,37.950000000000045,26.549999999999955,11.400000000000091,37.950000000000045,33.721428571428596,4299250.95,Buy
211,2023-05-15T00:00:00+05:30,1208.6,1222.65,1196.0,1219.55,3323300,2.8281733779046907,1161.5756871987371,1135.318931572155,26.256755626582162,18.129399823702517,26.65000000000009,14.0,12.650000000000091,26.65000000000009,32.125000000000036,4161301.05,Buy
212,2023-05-16T00:00:00+05:30,1219.55,1226.1,1208.65,1220.3,2888698,3.1264513484858267,1170.6101968604698,1141.613825529773,28.996371330696775,20.30279412510137,17.449999999999818,6.5499999999999545,10.899999999999864,17.449999999999818,31.54285714285717,4037785.1,No Signal
213,2023-05-17T00:00:00+05:30,1217.05,1248.0,1214.0,1236.15,4661849,3.4780984781757547,1180.6932434973207,1148.6165051201604,32.07673837716038,22.657582975513176,34.0,27.700000000000045,6.2999999999999545,34.0,32.210714285714324,4048134.95,Buy
214,2023-05-18T00:00:00+05:30,1248.0,1248.0,1230.7,1238.9,2489971,3.749070425548051,1189.6481291131176,1155.304171407556,34.34395770556171,24.994857921522883,17.299999999999955,11.849999999999909,5.4500000000000455,17.299999999999955,32.128571428571455,4062249.35,Buy
215,2023-05-19T00:00:00+05:30,1243.0,1251.0,1221.6,1248.0,2366675,4.00100362668826,1198.6253400187918,1162.1705290810703,36.454810937721504,27.286848524762608,29.40000000000009,12.099999999999909,17.300000000000182,29.40000000000009,32.61785714285718,4054053.6,Buy
216,2023-05-22T00:00:00+05:30,1247.0,1251.0,1232.5,1246.15,2106351,4.158445587652524,1205.9368261697468,1168.3912306306206,37.545595539126225,29.338597927635334,18.5,3.0,15.5,18.5,33.09285714285719,4064656.15,Buy
217,2023-05-23T00:00:00+05:30,1246.0,1266.9,1245.0,1260.2,2142459,4.196763921374257,1214.2850067590166,1175.1918802135376,39.09312654547898,31.289503651204065,21.90000000000009,20.75,1.150000000000091,21.90000000000009,33.2571428571429,3786190.5,Buy
218,2023-05-24T00:00:00+05:30,1255.0,1275.9,1247.65,1271.75,2782379,4.327246968047553,1223.125774949937,1182.3443335310533,40.78144141888379,33.18789120474001,28.25,15.700000000000045,12.549999999999955,28.25,33.70357142857147,3661881.1,Buy
219,2023-05-25T00:00:00+05:30,1268.95,1271.9,1249.7,1263.4,2589092,4.464914419094667,1229.3218095730238,1188.3484569731975,40.973352599826285,34.74498348375727,22.200000000000045,0.15000000000009095,22.049999999999955,22.200000000000045,28.88928571428575,3656917.6,No Signal
220,2023-05-26T00:00:00+05:30,1256.45,1272.45,1255.9,1268.05,1981580,4.548950300267494,1235.2799927156354,1194.252274975183,41.027717740452545,36.00153033509633,16.549999999999955,9.049999999999955,7.5,16.549999999999955,25.689285714285738,3606448.7,No Signal
221,2023-05-29T00:00:00+05:30,1272.2,1295.0,1272.0,1284.95,2985334,4.6484577509096585,1242.9215322978455,1200.9706249770213,41.95090732082417,37.1914057322419,23.0,26.950000000000045,3.9500000000000455,26.950000000000045,25.93214285714287,3643731.5,No Signal
222,2023-05-30T00:00:00+05:30,1284.95,1296.15,1276.4,1293.25,1818000,4.748875644312914,1250.6643734827924,1207.8061342379826,42.85823924480974,38.32477243475547,19.75,11.200000000000045,8.549999999999955,19.75,24.82857142857144,3634603.05,No Signal
223,2023-05-31T00:00:00+05:30,1289.0,1297.4,1277.25,1286.6,2764078,4.781354576204188,1256.1929314085166,1213.642716887021,42.55021452149572,39.16986085210352,20.15000000000009,4.150000000000091,16.0,20.15000000000009,24.071428571428587,3681985.95,No Signal
224,2023-06-01T00:00:00+05:30,1280.0,1298.0,1251.5,1290.15,3244947,4.658087467162413,1261.4170958072064,1219.309923043538,42.10717276366836,39.75732323441649,46.5,11.400000000000091,35.09999999999991,46.5,24.68214285714287,3706625.3,No Signal
225,2023-06-02T00:00:00+05:30,1282.4,1292.95,1271.0,1288.2,1912458,3.840803798405923,1265.5375426060978,1224.4128917069797,41.12465089911802,40.030788767356796,21.950000000000045,2.7999999999999545,19.15000000000009,21.950000000000045,24.346428571428582,3377006.3,No Signal
226,2023-06-05T00:00:00+05:30,1295.0,1306.45,1282.65,1301.8,3040374,3.3775417477356746,1271.1163822051597,1230.1452700990553,40.97111210610433,40.218853435106304,23.799999999999955,18.25,5.5499999999999545,23.799999999999955,24.80000000000002,3190810.4,No Signal
227,2023-06-06T00:00:00+05:30,1302.0,1315.9,1300.0,1306.0,2902701,2.9259820816055737,1276.483092635135,1235.7641389806067,40.71895365452838,40.318873478990724,15.900000000000091,14.100000000000136,1.7999999999999545,15.900000000000091,23.507142857142885,3126870.55,No Signal
228,2023-06-07T00:00:00+05:30,1309.95,1312.75,1303.2,1311.2,2679118,2.6681279119414714,1281.8241553066528,1241.3519805375988,40.472174769053936,40.34953373700337,9.549999999999955,6.75,2.7999999999999545,9.549999999999955,22.953571428571454,2937496.55,No Signal
229,2023-06-08T00:00:00+05:30,1316.45,1323.9,1300.0,1303.85,3215312,2.417597305584032,1285.212746797937,1245.9814634607396,39.23128333719728,40.12588365704215,23.90000000000009,12.700000000000045,11.200000000000045,23.90000000000009,22.56071428571431,2793914.25,No Signal
230,2023-06-09T00:00:00+05:30,1299.0,1336.4,1298.4,1331.05,4233651,2.3595027532275723,1292.2646319059465,1252.2828365377218,39.981795368224766,40.097065999278676,38.0,32.55000000000018,5.449999999999818,38.0,23.953571428571454,2806416.35,No Signal
231,2023-06-12T00:00:00+05:30,1336.95,1336.95,1318.6,1332.45,1904622,2.352795474635054,1298.4469962281087,1258.221144942335,40.225851285773615,40.122823056577666,18.350000000000136,5.900000000000091,12.450000000000045,18.350000000000136,23.700000000000028,2735482.45,No Signal
232,2023-06-13T00:00:00+05:30,1336.0,1342.9,1332.35,1336.25,3756073,2.2909173117346087,1304.2628429622457,1264.0010601317917,40.26178283045397,40.150615011352926,10.550000000000182,10.450000000000045,0.10000000000013642,10.550000000000182,22.43571428571433,2778851.2,No Signal
233,2023-06-14T00:00:00+05:30,1335.05,1336.25,1318.2,1323.25,2858453,2.2281647887779585,1307.1839440449771,1268.3898704923997,38.7940735525774,39.87930671959782,18.049999999999955,0.0,18.049999999999955,18.049999999999955,22.13928571428575,2688681.4,No Signal
234,2023-06-15T00:00:00+05:30,1315.0,1319.95,1288.5,1297.1,5952095,2.0831102579099476,1305.6325680380576,1270.516546752222,35.116021285835586,38.926649632845375,31.450000000000045,3.2999999999999545,34.75,34.75,23.439285714285752,2861787.6,No Signal
235,2023-06-16T00:00:00+05:30,1297.1,1318.5,1294.55,1310.9,3503756,1.922839045526212,1306.4429421860486,1273.5079136594647,32.93502852658389,37.72832541159308,23.950000000000045,21.40000000000009,2.5499999999999545,23.950000000000045,23.22500000000004,2918641.65,No Signal
236,2023-06-19T00:00:00+05:30,1310.0,1317.25,1290.6,1299.3,2673488,1.7235214701121275,1305.3440280035795,1275.4184385735784,29.925589430001082,36.16777821527469,26.65000000000009,6.349999999999909,20.300000000000182,26.65000000000009,23.717857142857188,2946998.5,No Signal
237,2023-06-20T00:00:00+05:30,1295.0,1301.95,1285.2,1295.45,2090287,1.5883894543470038,1303.8218698491826,1276.9022579384985,26.919611910684125,34.318144954356576,16.75,2.650000000000091,14.099999999999909,16.75,23.47500000000004,2944389.9,No Signal
238,2023-06-21T00:00:00+05:30,1297.75,1307.5,1284.45,1285.0,1487406,1.5430030943566626,1300.926197564693,1277.502090683795,23.42410688089808,32.13933733966488,23.049999999999955,12.049999999999955,11.0,23.049999999999955,21.800000000000036,2879641.25,No Signal
239,2023-06-22T00:00:00+05:30,1286.6,1288.8,1269.1,1270.0,3183344,1.5137764153496152,1296.1683210162787,1276.9463802627731,19.221940753505578,29.555858022433018,19.700000000000045,3.7999999999999545,15.900000000000091,19.700000000000045,21.63928571428575,2909353.85,No Signal
240,2023-06-23T00:00:00+05:30,1272.7,1318.0,1262.0,1306.5,4632427,1.3502615025734808,1297.7578100906974,1279.1355372803455,18.622272810351888,27.369140980016795,56.0,48.0,8.0,56.0,23.939285714285752,3041896.2,Sell
241,2023-06-26T00:00:00+05:30,1314.8,1326.45,1305.9,1314.2,2226525,1.3167486761351084,1300.2873777690515,1281.7329048892088,18.554472879842706,25.60620735998198,20.549999999999955,19.950000000000045,0.599999999999909,20.549999999999955,24.2714285714286,3003955.75,Sell
242,2023-06-27T00:00:00+05:30,1318.75,1320.95,1297.35,1313.9,2634550,1.3119426116353035,1302.3816273430436,1284.1156526751934,18.265974667850287,24.138160821555644,23.600000000000136,6.75,16.850000000000136,23.600000000000136,25.27500000000004,3044783.25,Sell
243,2023-06-28T00:00:00+05:30,1325.0,1346.85,1316.25,1339.5,5544882,1.363792537196281,1308.0921462133447,1288.2181969214753,19.873949291869394,23.285318515618396,30.59999999999991,32.94999999999982,2.349999999999909,32.94999999999982,25.921428571428596,3183823.45,Sell
244,2023-06-30T00:00:00+05:30,1341.9,1382.25,1338.05,1376.5,4583262,1.6976710048789971,1318.6164314112916,1294.7575897421068,23.858841669184812,23.40002314633168,44.200000000000045,42.75,1.4500000000000455,44.200000000000045,26.36428571428574,3250739.2,Buy
245,2023-07-03T00:00:00+05:30,1379.95,1386.15,1367.8,1378.5,2878760,1.9551852870720279,1327.8292881172467,1300.9607312426915,26.868556874555225,24.09372989197639,18.350000000000136,9.650000000000091,8.700000000000045,18.350000000000136,26.36428571428574,3299054.3,Buy
246,2023-07-04T00:00:00+05:30,1389.0,1393.35,1363.3,1368.0,2242276,2.121354766879154,1334.0093976376704,1305.9266030024921,28.08279463517829,24.891542840616772,30.049999999999955,14.849999999999909,15.200000000000045,30.049999999999955,27.757142857142867,3259149.4,Buy
247,2023-07-05T00:00:00+05:30,1371.35,1413.0,1371.35,1399.9,5263997,2.417365884219119,1344.1464133857212,1312.8875953726779,31.25881801304331,26.16499787510208,41.65000000000009,45.0,3.349999999999909,45.0,29.68214285714287,3377214.2,Buy
248,2023-07-06T00:00:00+05:30,1395.25,1396.7,1373.4,1388.0,3331863,2.6288968134290545,1350.8931190186872,1318.4514771969239,32.44164182176337,27.42032666443434,23.299999999999955,3.2000000000000455,26.5,26.5,29.092857142857156,3409851.45,Buy
249,2023-07-07T00:00:00+05:30,1384.55,1390.75,1353.3,1357.7,2916854,2.6929885541694945,1351.9403314773508,1321.358775182337,30.581556295013797,28.052572590550234,37.450000000000045,2.75,34.700000000000045,37.450000000000045,30.05714285714287,3394928.55,Buy
250,2023-07-10T00:00:00+05:30,1361.25,1372.0,1345.15,1370.0,1937098,2.7429956869330194,1354.7187420192968,1324.9618288725342,29.7569131467626,28.39344070179271,26.84999999999991,14.299999999999955,12.549999999999955,26.84999999999991,30.071428571428573,3280100.9,Buy
251,2023-07-11T00:00:00+05:30,1372.0,1383.65,1371.05,1379.5,2108162,2.8257644747256094,1358.5312432470973,1329.0016934004946,29.529549846602777,28.620662530754725,12.600000000000136,13.650000000000091,1.0499999999999545,13.650000000000091,29.850000000000005,3290277.9,Buy
252,2023-07-12T00:00:00+05:30,1371.95,1384.6,1352.25,1372.65,4905402,2.9038342664645755,1360.7033596706208,1332.2349012967543,28.468458373866497,28.590221699377082,32.34999999999991,5.099999999999909,27.25,32.34999999999991,30.514285714285716,3347744.35,Sell
253,2023-07-13T00:00:00+05:30,1384.0,1391.45,1370.0,1378.0,5164839,2.9546586581684586,1363.364381259756,1335.624908608106,27.739472651650203,28.420071889831707,21.450000000000045,18.799999999999955,2.650000000000091,21.450000000000045,30.639285714285716,3463063.65,Sell
254,2023-07-14T00:00:00+05:30,1376.2,1383.95,1367.0,1375.95,3882863,2.918211858055308,1365.3006302967167,1338.6119524149128,26.68867788180387,28.073793088226143,16.950000000000045,5.9500000000000455,11.0,16.950000000000045,27.850000000000005,3359602.05,Sell
255,2023-07-17T00:00:00+05:30,1380.0,1403.4,1369.6,1396.55,3997895,2.935715069226983,1370.1082256356833,1342.9036596434378,27.204565992245534,27.899947669030023,33.80000000000018,27.450000000000045,6.350000000000136,33.80000000000018,28.796428571428596,3384309.0,Sell
256,2023-07-18T00:00:00+05:30,1398.0,1409.0,1382.5,1387.15,4088852,2.896263167067029,1372.7300370763473,1346.1811663365165,26.548870739830818,27.629732283190183,26.5,12.450000000000045,14.049999999999955,26.5,29.00357142857144,3455077.2,Sell
257,2023-07-19T00:00:00+05:30,1430.0,1443.0,1410.1,1420.7,8707849,2.854264726342423,1380.1100313722939,1351.701079941219,28.40895143107491,27.78557611276713,32.90000000000009,55.84999999999991,22.949999999999818,55.84999999999991,30.639285714285734,3785955.3,Buy
258,2023-07-20T00:00:00+05:30,1426.0,1433.45,1418.2,1425.0,4445042,2.749539784565031,1387.016180391941,1357.1306295752026,29.88555081673826,28.205571053561357,15.25,12.75,2.5,15.25,28.571428571428587,3933837.1,Buy
259,2023-07-21T00:00:00+05:30,1422.05,1430.3,1400.65,1408.0,2134610,2.349260978648959,1390.2444603316424,1360.8987310881505,29.34572924349186,28.43360269154746,29.649999999999864,5.2999999999999545,24.34999999999991,29.649999999999864,29.378571428571426,3881400.4,Buy
260,2023-07-24T00:00:00+05:30,1408.5,1439.35,1406.75,1435.0,2731660,2.228668790386892,1397.129927972928,1366.3877139705098,30.742214002418223,28.895324953721612,32.59999999999991,31.34999999999991,1.25,32.59999999999991,29.56071428571428,3786362.05,Buy
261,2023-07-25T00:00:00+05:30,1437.0,1446.0,1411.4,1418.0,2963277,2.057183045762554,1400.3407082847853,1370.2108462689905,30.129862015794743,29.14223236613624,34.59999999999991,11.0,23.59999999999991,34.59999999999991,28.81785714285713,3823199.65,Buy
262,2023-07-26T00:00:00+05:30,1421.45,1429.9,1411.3,1425.0,1535787,1.779923604932369,1404.1344454717414,1374.2693021009172,29.86514337082417,29.28681456707383,18.600000000000136,11.900000000000091,6.7000000000000455,18.600000000000136,28.253571428571426,3768261.5,No Signal
263,2023-07-27T00:00:00+05:30,1433.2,1433.2,1405.15,1417.3,3358716,1.6282634480889093,1406.1599153991658,1377.456761204553,28.703154194612807,29.170082492581628,28.049999999999955,8.200000000000045,19.84999999999991,28.049999999999955,27.58214285714285,3658953.2,No Signal
264,2023-07-28T00:00:00+05:30,1415.2,1421.8,1398.0,1403.8,1562747,1.624278541972066,1405.7968514916017,1379.4081122264379,26.38873926516385,28.613813847098076,23.799999999999955,4.5,19.299999999999955,23.799999999999955,27.364285714285707,3507927.45,No Signal
265,2023-07-31T00:00:00+05:30,1409.35,1419.85,1396.05,1417.8,1719474,1.6205570439180237,1407.643489723663,1382.2519557652201,25.39153395844278,27.969357869367016,23.799999999999955,16.049999999999955,7.75,23.799999999999955,28.089285714285698,3449963.15,No Signal
266,2023-08-01T00:00:00+05:30,1420.75,1423.15,1389.6,1396.5,1576700,1.5703479613699816,1405.9291066892533,1383.3073664492779,22.621740239975452,26.899834343488706,33.55000000000018,5.350000000000136,28.200000000000045,33.55000000000018,28.175000000000004,3416684.35,No Signal
267,2023-08-02T00:00:00+05:30,1390.0,1394.15,1369.15,1380.0,1906817,1.6171773915387309,1401.940013352445,1383.062376341924,18.877637010521084,25.295394876895184,25.0,2.349999999999909,27.34999999999991,27.34999999999991,28.596428571428564,3248825.35,No Signal
268,2023-08-03T00:00:00+05:30,1376.25,1380.45,1354.05,1364.7,3630325,1.7166248249823817,1396.210780528992,1381.7022003165962,14.508580212395827,23.138031943995315,26.40000000000009,0.4500000000000455,25.950000000000045,26.40000000000009,29.27142857142857,3263748.45,Sell
269,2023-08-04T00:00:00+05:30,1370.05,1414.7,1366.3,1405.55,4060777,1.539203612799526,1397.6475835245317,1383.4687039968483,14.17887952768342,21.34620146073294,48.40000000000009,50.0,1.599999999999909,50.0,30.428571428571413,3320944.6,Sell
270,2023-08-07T00:00:00+05:30,1410.0,1417.15,1399.65,1412.6,2784242,1.4668985870541478,1399.9479552899884,1385.6265777748595,14.321377515128916,19.941236671612135,17.5,11.600000000000136,5.899999999999864,17.5,29.78571428571427,3363301.8,Sell
271,2023-08-08T00:00:00+05:30,1415.25,1420.95,1402.35,1404.15,1843627,1.4314595280010818,1400.5944237069132,1386.9986831248698,13.59574058204339,18.672137453698387,18.600000000000136,8.350000000000136,10.25,18.600000000000136,27.125,3350075.05,No Signal
272,2023-08-09T00:00:00+05:30,1405.0,1410.45,1392.0,1406.0,1214019,1.3415991377675096,1401.4260508289265,1388.4061880785832,13.019862750343236,17.541682513027357,18.450000000000045,6.2999999999999545,12.150000000000091,18.450000000000045,27.35357142857143,3165505.9,No Signal
273,2023-08-10T00:00:00+05:30,1402.45,1433.95,1401.25,1430.0,3727439,1.3069785796881763,1405.8220430090917,1391.4872111838733,14.334831825218316,16.90031237546555,32.700000000000045,27.950000000000045,4.75,32.700000000000045,27.571428571428587,3093635.9,No Signal
274,2023-08-11T00:00:00+05:30,1431.75,1431.75,1392.75,1400.0,3068234,1.2390755710105807,1404.926344084616,1392.117788133216,12.808555951399967,16.081961090652435,39.0,1.75,37.25,39.0,28.02857142857145,3052904.45,No Signal
275,2023-08-14T00:00:00+05:30,1395.0,1397.4,1379.05,1387.8,1779063,1.2788942882602736,1402.2915219177519,1391.7979519752,10.493569942551858,14.96428286103232,18.350000000000136,2.599999999999909,20.950000000000045,20.950000000000045,27.053571428571463,2941962.85,No Signal
276,2023-08-16T00:00:00+05:30,1384.0,1387.55,1367.0,1380.0,2048360,1.321733913517703,1398.8620570073285,1390.9240296066666,7.938027400661895,13.559031768958235,20.549999999999955,0.25,20.799999999999955,20.799999999999955,27.210714285714307,2839938.25,No Signal
277,2023-08-17T00:00:00+05:30,1381.15,1391.0,1370.05,1376.25,3325154,1.3917842751608946,1395.383279006201,1389.8370644506172,5.5462145555839015,11.95646832628337,20.950000000000045,11.0,9.950000000000045,20.950000000000045,26.703571428571454,2570803.5,No Signal
278,2023-08-18T00:00:00+05:30,1369.0,1377.0,1360.9,1372.1,1713015,1.4459496599939539,1391.8012360821701,1388.5232078246454,3.2780282575247384,10.220780312531645,16.09999999999991,0.75,15.349999999999909,16.09999999999991,26.15357142857145,2434202.15,No Signal
279,2023-08-21T00:00:00+05:30,1375.0,1400.0,1366.35,1400.0,1762757,1.4138368292527659,1393.062584377221,1389.3733405783753,3.6892437988456095,8.914473009794438,33.65000000000009,27.90000000000009,5.75,33.65000000000009,26.85714285714289,2415609.5,No Signal
280,2023-08-22T00:00:00+05:30,1403.0,1404.0,1394.1,1397.8,1213341,1.3002041484006996,1393.7914175499561,1389.9975375725696,3.7938799773864957,7.89035440331285,9.900000000000091,4.0,5.900000000000091,9.900000000000091,25.16785714285717,2339693.55,No Signal
281,2023-08-23T00:00:00+05:30,1401.15,1407.65,1392.15,1399.15,1676506,1.2622291016657596,1394.6158148499628,1390.6754977523792,3.940317097583602,7.1003469421670005,15.5,9.850000000000136,5.649999999999864,15.5,24.321428571428605,2275355.0,No Signal
282,2023-08-24T00:00:00+05:30,1408.25,1435.0,1403.7,1418.65,3557266,1.213593227443557,1398.3133817961225,1392.7476831040549,5.565698692067599,6.7934172921471205,31.299999999999955,35.84999999999991,4.5499999999999545,35.84999999999991,24.99642857142859,2376428.95,No Signal
283,2023-08-25T00:00:00+05:30,1417.95,1421.15,1389.1,1397.5,1853818,1.1906064572861297,1398.1882461351806,1393.0997065778286,5.088539557352078,6.452441745188112,32.05000000000018,2.5,29.550000000000182,32.05000000000018,23.714285714285747,2301184.05,No Signal
284,2023-08-28T00:00:00+05:30,1400.0,1411.0,1394.0,1409.5,1070487,1.1919145121329633,1399.9285159605374,1394.3145431276191,5.613972832918307,6.284747962734151,17.0,13.5,3.5,17.0,23.678571428571463,2276571.05,No Signal
285,2023-08-29T00:00:00+05:30,1409.45,1411.2,1392.45,1401.0,1827277,1.1531163079249713,1400.0933596589164,1394.8097621552029,5.283597503713509,6.084517870930023,18.75,1.7000000000000455,17.049999999999955,18.75,23.689285714285738,2281961.2,No Signal
286,2023-08-30T00:00:00+05:30,1405.15,1410.7,1386.85,1392.5,1497753,1.162363889769198,1398.9251504806216,1394.638668662225,4.286481818396624,5.724910660423344,23.850000000000136,9.700000000000045,14.150000000000091,23.850000000000136,24.075000000000028,2278013.85,No Signal
287,2023-08-31T00:00:00+05:30,1392.45,1401.7,1363.5,1379.0,4102758,1.1778006851883187,1395.859742714372,1393.4802487613194,2.379493953052588,5.055827318949193,38.200000000000045,9.200000000000045,29.0,38.200000000000045,24.467857142857174,2387810.9,No Signal
288,2023-09-01T00:00:00+05:30,1382.0,1423.6,1376.2,1416.55,2792033,1.0553719601097498,1399.0428592198532,1395.1891192234439,3.853739996409331,4.815409854441221,47.399999999999864,44.59999999999991,2.7999999999999545,47.399999999999864,25.06785714285716,2345896.3,No Signal
289,2023-09-04T00:00:00+05:30,1423.85,1427.5,1415.0,1421.8,998692,1.106234786599794,1402.5439578014143,1397.1602955772628,5.3836622241515215,4.929060328383281,12.5,10.950000000000045,1.5499999999999545,12.5,24.46428571428573,2192792.05,No Signal
290,2023-09-05T00:00:00+05:30,1425.0,1429.8,1416.35,1423.75,1469938,1.1503676515140604,1405.806425831966,1399.1299033122805,6.676522519685477,5.27855276664372,13.450000000000045,8.0,5.4500000000000455,13.450000000000045,23.939285714285738,2127076.85,No Signal
291,2023-09-06T00:00:00+05:30,1421.75,1421.75,1396.45,1408.65,4046484,1.1684463754850538,1406.2438987808944,1399.8350956595189,6.408803121375513,5.504602837590079,25.299999999999955,2.0,27.299999999999955,27.299999999999955,24.39285714285716,2237219.7,No Signal
292,2023-09-07T00:00:00+05:30,1408.65,1443.2,1398.0,1439.6,2278316,1.2909703010390363,1411.3756066607568,1402.780644129184,8.594962531572719,6.122674776386607,45.200000000000045,34.549999999999955,10.650000000000091,45.200000000000045,26.471428571428596,2290434.55,Buy
293,2023-09-08T00:00:00+05:30,1445.0,1459.95,1434.1,1448.85,2862657,1.4103935939404197,1417.1408979437174,1406.1931890085039,10.94770893521354,7.087681608151994,25.850000000000136,20.350000000000136,5.5,25.850000000000136,25.914285714285743,2247195.45,Buy
294,2023-09-11T00:00:00+05:30,1449.05,1452.0,1431.75,1450.2,2220230,1.5799153571510345,1422.226913644684,1409.4529527856516,12.773960859032286,8.224937458328053,20.25,3.150000000000091,17.09999999999991,20.25,26.65357142857145,2204795.25,Buy
295,2023-09-12T00:00:00+05:30,1450.1,1453.9,1425.1,1429.15,1943026,1.6125218302600695,1423.292003853194,1410.9119933200477,12.380010533146333,9.05595207329171,28.800000000000182,3.7000000000000455,25.100000000000136,28.800000000000182,27.603571428571463,2212993.4,Buy
296,2023-09-13T00:00:00+05:30,1429.9,1459.65,1416.05,1455.05,4302942,1.6703759320480822,1428.177849414241,1414.1814752963405,13.996374117900586,10.044036482213485,43.600000000000136,30.5,13.100000000000136,43.600000000000136,28.157142857142908,2325722.5,Buy
297,2023-09-14T00:00:00+05:30,1459.95,1467.85,1450.45,1458.25,2407947,1.706985933821671,1432.8043341197424,1417.4458104595747,15.358523660167748,11.106933917804339,17.399999999999864,12.799999999999955,4.599999999999909,17.399999999999864,27.110714285714316,2279862.15,Buy
298,2023-09-15T00:00:00+05:30,1464.4,1464.4,1446.45,1450.0,1647901,1.6370382417318103,1435.4498211782436,1419.8572319070136,15.592589271230054,12.004064988489482,17.950000000000045,6.150000000000091,11.799999999999955,17.950000000000045,27.178571428571463,2276606.45,Buy
299,2023-09-18T00:00:00+05:30,1454.0,1462.75,1445.15,1456.9,1504046,1.6903184685225554,1438.749848689283,1422.6011406546422,16.148708034640777,12.832993597719742,17.59999999999991,12.75,4.849999999999909,17.59999999999991,27.096428571428596,2263670.9,Buy
300,2023-09-20T00:00:00+05:30,1441.0,1475.65,1422.3,1440.45,5683215,1.6800435683864923,1439.0114104293932,1423.923278383928,15.088132045465272,13.28402128726885,53.350000000000136,18.75,34.600000000000136,53.350000000000136,29.203571428571454,2487164.6,Buy
301,2023-09-21T00:00:00+05:30,1431.0,1443.65,1406.35,1411.3,2514377,1.677063807463849,1434.748116517179,1422.9882207258593,11.75989579131965,12.97919618807901,37.30000000000018,3.2000000000000455,34.100000000000136,37.30000000000018,29.13928571428575,2529058.15,Sell
302,2023-09-22T00:00:00+05:30,1416.0,1463.5,1413.0,1452.9,4397398,1.6780363318769163,1437.5407139760746,1425.2039080794993,12.336805896575243,12.850718129778258,50.5,52.200000000000045,1.7000000000000455,52.200000000000045,29.482142857142907,2571064.75,Sell
303,2023-09-25T00:00:00+05:30,1451.5,1454.55,1434.1,1442.75,2013653,1.6337195859852778,1438.34214259514,1426.503618592129,11.838524003011116,12.64827930442483,20.450000000000045,1.6499999999998636,18.800000000000182,20.450000000000045,30.05000000000005,2579056.5,Sell
304,2023-09-26T00:00:00+05:30,1440.0,1443.95,1411.65,1423.05,2870137,1.6274418699005293,1435.989505272811,1426.247794992712,9.741710280098914,12.066965499559648,32.299999999999955,1.2000000000000455,31.09999999999991,32.299999999999955,31.39642857142862,2669039.0,Sell
305,2023-09-27T00:00:00+05:30,1425.0,1439.0,1418.3,1436.45,3697690,1.542048318853889,1436.0603506154555,1427.0035138821406,9.056836733314867,11.464939746310693,20.700000000000045,15.950000000000045,4.75,20.700000000000045,30.92500000000005,2762559.65,Sell
306,2023-09-28T00:00:00+05:30,1437.0,1445.35,1409.45,1413.0,5876746,1.461971867975618,1432.5126043669238,1425.9662165575376,6.54638780938626,10.481229358925807,35.899999999999864,8.899999999999864,27.0,35.899999999999864,30.260714285714325,2981509.3,Sell
307,2023-09-29T00:00:00+05:30,1415.05,1439.95,1399.3,1428.85,2593595,1.1462577039143778,1431.9491267720125,1426.1798301458682,5.769296626144296,9.538842812369506,40.65000000000009,26.950000000000045,13.700000000000045,40.65000000000009,31.31785714285718,2906051.15,Sell
308,2023-10-03T00:00:00+05:30,1432.0,1438.4,1420.0,1435.4,1442499,1.0985805972929121,1432.480030345549,1426.8628056906186,5.617224654930396,8.754519180881685,18.40000000000009,9.550000000000182,8.849999999999909,18.40000000000009,31.18571428571433,2838574.45,Sell
309,2023-10-04T00:00:00+05:30,1424.85,1428.5,1386.2,1401.3,3978667,1.2380936806546494,1427.68310260008,1424.9692645283505,2.7138380717294694,7.546382959051242,42.299999999999955,6.900000000000091,49.200000000000045,49.200000000000045,32.642857142857174,2987573.2,Sell
310,2023-10-05T00:00:00+05:30,1408.7,1415.4,1394.3,1401.85,1647175,1.3375723297056685,1423.7087791231447,1423.2567264151394,0.4520527080053398,6.127516908842062,21.100000000000136,14.100000000000136,7.0,21.100000000000136,31.035714285714317,2996435.05,Sell
311,2023-10-06T00:00:00+05:30,1404.95,1438.0,1401.1,1434.8,2167139,1.2378847705640705,1425.4151207965072,1424.1117837177217,1.3033370787854892,5.162680942830748,36.90000000000009,36.15000000000009,0.75,36.90000000000009,32.42857142857148,2902467.8,Sell
312,2023-10-09T00:00:00+05:30,1420.1,1445.0,1410.0,1428.55,1613546,1.2459423506783605,1425.8974099047368,1424.440540479372,1.4568694253648573,4.421518639337569,35.0,10.200000000000045,24.799999999999955,35.0,33.646428571428615,2869229.3,Sell
313,2023-10-10T00:00:00+05:30,1434.0,1436.35,1412.05,1420.55,1874201,1.25027578605326,1425.0747314578543,1424.1523522957148,0.9223791621395776,3.7216907438979714,24.299999999999955,7.7999999999999545,16.5,24.299999999999955,34.12500000000005,2819806.5,Sell
314,2023-10-11T00:00:00+05:30,1430.95,1431.9,1414.55,1421.2,1855211,1.2321200681383733,1424.4786189258768,1423.9336595330692,0.544959392807641,3.0863444736799055,17.350000000000136,11.350000000000136,6.0,17.350000000000136,31.553571428571477,2801555.55,Sell
315,2023-10-12T00:00:00+05:30,1433.3,1444.0,1421.0,1424.25,2069952,1.2349138634811438,1424.4434467834342,1423.9570921602492,0.4863546231849796,2.5663465035809203,23.0,22.799999999999955,0.20000000000004547,23.0,30.532142857142894,2807901.85,Sell
316,2023-10-13T00:00:00+05:30,1421.2,1466.3,1420.0,1463.7,4480890,1.2490031859860424,1430.4829165090598,1426.90101125949,3.5819052495698998,2.7694582527787164,46.299999999999955,42.049999999999955,4.25,46.299999999999955,30.110714285714316,2816799.25,No Signal
317,2023-10-16T00:00:00+05:30,1462.85,1462.85,1444.45,1446.4,1913782,1.2150054461240043,1432.9316985845892,1428.345380795824,4.5863177887652,3.132830159976013,18.399999999999864,0.8500000000001364,19.25,19.25,30.025000000000027,2792091.0,No Signal
318,2023-10-17T00:00:00+05:30,1454.9,1458.45,1425.55,1436.0,1373704,1.1892503104513763,1433.4037449561908,1428.912389625763,4.49135533042795,3.404535194066401,32.90000000000009,12.049999999999955,20.850000000000136,32.90000000000009,30.06785714285718,2778381.15,No Signal
319,2023-10-18T00:00:00+05:30,1437.0,1444.0,1415.6,1420.35,3067244,1.132465878093173,1431.3954765013923,1428.278138542373,3.1173379590193235,3.3470957470569855,28.40000000000009,8.0,20.40000000000009,28.40000000000009,30.617857142857183,2856541.05,No Signal
320,2023-10-19T00:00:00+05:30,1451.5,1464.7,1423.05,1450.35,13948984,1.144214063106157,1434.3115570396396,1429.913091242938,4.398465796701657,3.55736975698592,41.65000000000009,44.350000000000136,2.7000000000000455,44.350000000000136,31.22142857142863,3269829.5,Buy
321,2023-10-20T00:00:00+05:30,1448.0,1471.8,1443.1,1469.1,5135316,1.2380200975963964,1439.6636251873874,1432.8158252249425,6.847799962444924,4.215455798077722,28.700000000000045,21.450000000000045,7.25,28.700000000000045,30.367857142857197,3400876.45,No Signal
322,2023-10-23T00:00:00+05:30,1469.0,1469.75,1430.05,1435.0,3319090,1.2238892918679791,1438.9461443893279,1432.977615949021,5.9685284403069545,4.566070326523569,39.700000000000045,0.650000000000091,39.049999999999955,39.700000000000045,31.889285714285766,3346961.05,Buy
323,2023-10-25T00:00:00+05:30,1444.95,1446.95,1410.05,1412.7,4045910,1.2632465946621831,1434.9082760217389,1431.4755703231674,3.4327056985714535,4.339397400933146,36.90000000000009,11.950000000000045,24.950000000000045,36.90000000000009,31.01071428571434,3448573.9,No Signal
324,2023-10-26T00:00:00+05:30,1412.65,1429.3,1393.65,1414.65,4194418,1.2807660580606057,1431.7916181722405,1430.2292317807105,1.5623863915300262,3.7839951990525225,35.649999999999864,16.59999999999991,19.049999999999955,35.649999999999864,32.05000000000003,3514787.95,Sell
325,2023-10-27T00:00:00+05:30,1420.0,1444.5,1412.7,1441.3,2424655,1.2658815987528627,1433.254446145742,1431.049288685843,2.205157459898828,3.468227651221784,31.799999999999955,29.84999999999991,1.9500000000000455,31.799999999999955,31.68571428571431,3451136.2,Sell
326,2023-10-30T00:00:00+05:30,1440.0,1460.9,1428.0,1454.65,2255111,1.27733341379239,1436.5460698156278,1432.7974895239288,3.7485802916989996,3.524298179317227,32.90000000000009,19.600000000000136,13.299999999999955,32.90000000000009,31.535714285714317,3270054.45,Buy
327,2023-10-31T00:00:00+05:30,1456.0,1460.0,1436.55,1441.3,1454345,1.2957937562704815,1437.2774436901466,1433.4273051147488,3.85013857539775,3.589466258533332,23.450000000000045,5.349999999999909,18.100000000000136,23.450000000000045,31.47500000000004,3213091.95,Buy
328,2023-11-01T00:00:00+05:30,1443.9,1445.6,1427.15,1432.6,2658439,1.302891609308995,1436.5578369685857,1433.366023254397,3.1918137141885836,3.5099357496643826,18.449999999999818,4.2999999999999545,14.149999999999864,18.449999999999818,31.553571428571445,3273888.95,Sell
329,2023-11-02T00:00:00+05:30,1447.0,1479.95,1439.1,1461.2,4524652,1.2448703610869452,1440.3489389734186,1435.4277993096268,4.9211396637917915,3.7921765324898646,40.850000000000136,47.350000000000136,6.5,47.350000000000136,33.292857142857166,3301188.2,Buy
330,2023-11-03T00:00:00+05:30,1471.0,1475.0,1448.0,1450.25,3052041,1.1464575026599513,1441.8721791313542,1436.5257401015062,5.346439029847943,4.103029031961481,27.0,13.799999999999955,13.200000000000045,27.0,31.914285714285743,3371431.5,Buy
331,2023-11-06T00:00:00+05:30,1463.0,1471.9,1456.0,1470.25,2090640,1.230951261624693,1446.2379977265305,1439.0238334273206,7.21416429920987,4.725256085411159,15.900000000000091,21.65000000000009,5.75,21.65000000000009,32.085714285714324,3367606.55,Buy
332,2023-11-07T00:00:00+05:30,1469.55,1490.45,1464.25,1486.4,2830149,1.3899861100663866,1452.4167673070642,1442.533179099371,9.883588207693265,5.7569225098675805,26.200000000000045,20.200000000000045,6.0,26.200000000000045,31.60714285714289,3428436.7,Buy
333,2023-11-08T00:00:00+05:30,1493.95,1495.95,1481.25,1488.95,3210977,1.504719763518079,1458.037264644439,1445.9714621290473,12.065802515391624,7.018698510972389,14.700000000000045,9.549999999999955,5.150000000000091,14.700000000000045,30.62857142857146,3495275.5,No Signal
334,2023-11-09T00:00:00+05:30,1488.95,1516.3,1484.85,1507.35,3207721,1.688631343946783,1465.6238393145252,1450.5180204898586,15.105818824666585,8.636122573711228,31.450000000000045,27.34999999999991,4.100000000000136,31.450000000000045,29.70714285714288,3562901.0,No Signal
335,2023-11-10T00:00:00+05:30,1499.95,1509.45,1493.15,1498.8,2247500,1.7915938742520114,1470.7278640353675,1454.0944634165357,16.63340061883173,10.23557818273533,16.299999999999955,2.1000000000001364,14.199999999999818,16.299999999999955,28.821428571428587,3571778.4,No Signal
336,2023-11-12T00:00:00+05:30,1503.55,1507.9,1495.4,1502.1,145114,1.922262572254161,1475.5543464914647,1457.650429089385,17.903917402079742,11.769246026604213,12.5,9.100000000000136,3.3999999999998636,12.5,26.87857142857144,3354989.6,No Signal
337,2023-11-13T00:00:00+05:30,1502.0,1516.0,1496.15,1509.6,2026629,2.0627688198565783,1480.7921393389317,1461.4985454531343,19.293593885797463,13.274115598442863,19.84999999999991,13.900000000000091,5.949999999999818,19.84999999999991,25.660714285714285,3360631.95,No Signal
338,2023-11-15T00:00:00+05:30,1538.5,1538.5,1490.25,1493.95,6293703,2.1129065840993015,1482.8164255944807,1463.9023569010503,18.91406869343041,14.402106217440373,48.25,28.90000000000009,19.34999999999991,48.25,26.560714285714294,3606631.9,No Signal
339,2023-11-16T00:00:00+05:30,1500.0,1506.6,1493.0,1498.65,2728834,2.066706794230531,1485.2523601184068,1466.4762563898614,18.776103728545422,15.276905719661384,13.599999999999909,12.649999999999864,0.9500000000000455,13.599999999999909,25.260714285714293,3589711.4,No Signal
340,2023-11-17T00:00:00+05:30,1490.55,1509.0,1485.55,1498.45,4182376,2.1061043731842863,1487.2827662540365,1468.8446818424643,18.438084411572163,15.90914145804354,23.450000000000045,10.349999999999909,13.100000000000136,23.450000000000045,24.58571428571429,3101381.0,No Signal
341,2023-11-20T00:00:00+05:30,1498.9,1509.45,1490.7,1504.8,2125867,2.1660965277346316,1489.977725291877,1471.5080387430226,18.469686548854497,16.42125047620573,18.75,11.0,7.75,18.75,24.25,2950908.55,No Signal
342,2023-11-21T00:00:00+05:30,1505.5,1507.45,1494.1,1502.05,1661103,2.146153768567265,1491.834998323896,1473.7704062435394,18.064592080356533,16.749918797035892,13.350000000000136,2.650000000000091,10.700000000000045,13.350000000000136,23.885714285714307,2868009.2,No Signal
343,2023-11-22T00:00:00+05:30,1500.0,1505.5,1458.95,1470.4,3914008,1.9668085895978755,1488.5373062740657,1473.5207465217957,15.016559752270041,16.403246988082724,46.549999999999955,3.4500000000000455,43.09999999999991,46.549999999999955,23.82857142857144,2861414.1,No Signal
344,2023-11-23T00:00:00+05:30,1475.0,1496.25,1470.45,1486.1,3832098,1.6853570109380223,1488.1623360780557,1474.4525430757367,13.709793002318975,15.864556190929974,25.799999999999955,25.84999999999991,0.049999999999954525,25.84999999999991,23.746428571428574,2843298.1,No Signal
345,2023-11-24T00:00:00+05:30,1491.45,1491.9,1474.0,1476.2,2813844,1.5831692600507346,1486.3219766814318,1474.5819843293857,11.739992352046102,15.039643423153201,17.90000000000009,5.800000000000182,12.099999999999909,17.90000000000009,23.47857142857143,2862757.55,No Signal
346,2023-11-28T00:00:00+05:30,1480.0,1486.8,1468.0,1477.55,4305915,1.5242213937888225,1484.9724418073654,1474.8018373420239,10.170604465341512,14.065835631590865,18.799999999999955,10.599999999999909,8.200000000000045,18.799999999999955,22.949999999999996,2965297.75,No Signal
347,2023-11-29T00:00:00+05:30,1484.0,1489.55,1471.25,1483.55,3477076,1.3676544778496187,1484.7536046062323,1475.449849390763,9.303755215469437,13.11341954836658,18.299999999999955,12.0,6.2999999999999545,18.299999999999955,23.20714285714285,3066434.3,No Signal
348,2023-11-30T00:00:00+05:30,1500.0,1500.0,1450.05,1466.1,45549217,1.147747416655302,1481.8838192821966,1474.75726795441,7.126551327786501,11.916045904250565,49.950000000000045,16.450000000000045,33.5,49.950000000000045,24.528571428571418,5210973.2,No Signal
349,2023-12-01T00:00:00+05:30,1479.0,1493.0,1458.15,1461.05,4063279,1.1525332686841436,1478.6786163157049,1473.7419147726018,4.936701543103027,10.520177032021058,34.84999999999991,26.90000000000009,7.949999999999818,34.84999999999991,25.853571428571417,5187904.55,No Signal
350,2023-12-04T00:00:00+05:30,1490.0,1517.55,1473.45,1514.65,4254987,1.0319739512263388,1484.212675344058,1476.7721433079646,7.440532036093373,9.904248032835522,44.09999999999991,56.5,12.400000000000091,56.5,28.99642857142856,5248051.85,Sell
351,2023-12-05T00:00:00+05:30,1519.8,1525.5,1486.5,1506.6,3457904,1.0183726964364643,1487.65687913728,1478.9816141740412,8.67526496323876,9.65845141891617,39.0,10.849999999999909,28.15000000000009,39.0,30.364285714285707,5316415.05,Sell
352,2023-12-06T00:00:00+05:30,1517.0,1521.35,1493.35,1501.6,3405245,1.0285298140321624,1489.8019746546215,1480.6570501611493,9.144924493472217,9.555746033827381,28.0,14.75,13.25,28.0,28.917857142857137,5345169.85,Sell
353,2023-12-07T00:00:00+05:30,1505.0,1514.95,1496.05,1504.75,1931490,1.040697076469856,1492.1016708616028,1482.4417131121752,9.659957749427576,9.57658837694742,18.90000000000009,13.350000000000136,5.5499999999999545,18.90000000000009,29.296428571428578,5281195.5,Buy
354,2023-12-08T00:00:00+05:30,1510.0,1520.95,1494.05,1508.95,2568088,1.043095054043373,1494.6937214982793,1484.4052899186806,10.288431579598637,9.718957017477663,26.90000000000009,16.200000000000045,10.700000000000045,26.90000000000009,29.54285714285715,5249213.85,Buy
355,2023-12-11T00:00:00+05:30,1512.8,1537.95,1510.0,1521.85,2194782,1.1144740748704178,1498.871610498544,1487.1789721469265,11.692638351617461,10.113693284305624,27.950000000000045,29.0,1.0499999999999545,29.0,30.27500000000001,5246577.95,Buy
356,2023-12-12T00:00:00+05:30,1528.9,1528.9,1489.95,1497.0,1621785,1.1274315353571178,1498.583670421845,1487.9064556915987,10.677214730246305,10.226397573493761,38.950000000000045,7.050000000000182,31.899999999999864,38.950000000000045,32.103571428571435,5320411.5,Buy
357,2023-12-13T00:00:00+05:30,1502.0,1512.65,1495.0,1506.9,2562565,1.112104280119878,1499.8631057415612,1489.3133848996283,10.549720841932867,10.291062227181584,17.65000000000009,15.650000000000091,2.0,17.65000000000009,30.03928571428573,5347208.3,Buy
358,2023-12-14T00:00:00+05:30,1523.0,1554.5,1515.6,1551.7,3427500,1.3624386875314012,1507.8380125505519,1493.934615647804,13.903396902747772,11.013529162294823,38.90000000000009,47.59999999999991,8.699999999999818,47.59999999999991,31.592857142857156,5203898.15,Buy
359,2023-12-15T00:00:00+05:30,1552.95,1578.0,1547.05,1570.8,3478643,1.7084282237097737,1517.5244721581594,1499.6283478220407,17.896124336118646,12.390048197059588,30.950000000000045,26.299999999999955,4.650000000000091,30.950000000000045,32.52500000000001,5241388.6,Buy
360,2023-12-18T00:00:00+05:30,1570.0,1570.0,1552.0,1556.35,1352458,1.9006010947221825,1523.4976302876732,1503.8299516870748,19.667678600598492,13.84557427776737,18.0,0.7999999999999545,18.799999999999955,18.799999999999955,32.52500000000001,5099892.7,Buy
361,2023-12-19T00:00:00+05:30,1556.35,1586.05,1542.2,1566.55,2297704,2.0923917506172978,1530.1210717818774,1508.4758811917359,21.64519059014151,15.405497540242198,43.84999999999991,29.700000000000045,14.149999999999864,43.84999999999991,34.35000000000001,5108484.55,Buy
362,2023-12-20T00:00:00+05:30,1578.0,1581.0,1549.5,1556.15,3218717,2.2216344084176587,1534.1255222769732,1512.0072973997555,22.1182248772177,16.7480430076373,31.5,14.450000000000045,17.049999999999955,31.5,33.03214285714286,5186365.25,Buy
363,2023-12-21T00:00:00+05:30,1542.1,1574.0,1527.55,1570.0,2400593,2.2823727374958414,1539.6446726959005,1516.303053147922,23.341619547978553,18.066758315705552,46.450000000000045,17.84999999999991,28.600000000000136,46.450000000000045,33.8607142857143,5110694.5,Buy
364,2023-12-22T00:00:00+05:30,1574.3,1591.1,1557.9,1562.35,2214206,2.350886591415286,1543.1377999734543,1519.7139380999276,23.423861873526675,19.13817902726978,33.19999999999982,21.09999999999991,12.099999999999909,33.19999999999982,32.19642857142857,5029799.9,Buy
365,2023-12-26T00:00:00+05:30,1562.95,1582.75,1557.0,1570.8,1129332,2.364862931987327,1547.3935230544614,1523.4980908332664,23.89543222119505,20.089629666054833,25.75,20.40000000000009,5.349999999999909,25.75,31.25,4945574.3,Buy
366,2023-12-27T00:00:00+05:30,1573.15,1600.0,1567.3,1597.45,1887827,2.4470749890253183,1555.0945195076213,1528.9760100308022,26.1185094768191,21.29540562820769,32.700000000000045,29.200000000000045,3.5,32.700000000000045,31.58571428571429,4824669.9,Buy
367,2023-12-28T00:00:00+05:30,1600.0,1618.7,1592.0,1610.55,3143161,2.5826906986516973,1563.6261318910642,1535.0185278062984,28.607604084765853,22.757845319519323,26.700000000000045,21.25,5.4500000000000455,26.700000000000045,32.142857142857146,4807974.15,Buy
368,2023-12-29T00:00:00+05:30,1615.0,1618.9,1587.05,1598.95,1779207,2.5386027960323214,1569.0605731385929,1539.7541924132393,29.30638072535362,24.067552400686182,31.850000000000136,8.350000000000136,23.5,31.850000000000136,32.496428571428574,2619473.65,Buy
369,2024-01-01T00:00:00+05:30,1598.95,1611.4,1591.8,1598.85,1341121,2.362258986273031,1573.6435618865016,1544.1316596418883,29.51190224461334,25.156422369471613,19.600000000000136,12.450000000000045,7.150000000000091,19.600000000000136,31.825000000000014,2483365.75,Buy
370,2024-01-02T00:00:00+05:30,1594.1,1598.25,1570.0,1575.6,1227193,2.3697994942831855,1573.9445523655013,1546.4626478165633,27.48190454893802,25.621518805364897,28.25,0.599999999999909,28.84999999999991,28.84999999999991,31.10357142857143,2331976.05,No Signal
371,2024-01-03T00:00:00+05:30,1575.5,1604.95,1558.0,1601.15,2620296,2.330516418176559,1578.1300058477318,1550.5135627931143,27.616443054617548,26.02050365521543,46.950000000000045,29.350000000000136,17.59999999999991,46.950000000000045,33.19642857142857,2290095.65,Buy
372,2024-01-04T00:00:00+05:30,1593.0,1655.0,1593.0,1648.55,4271262,2.4446760573558275,1588.9638511019268,1557.7755211047354,31.18832999719143,27.05406892361063,62.0,53.84999999999991,8.150000000000091,62.0,34.22500000000001,2333396.5,Buy
373,2024-01-05T00:00:00+05:30,1654.0,1654.0,1629.0,1643.2,2294140,2.5258298270010493,1597.3078740093226,1564.1032602821624,33.20461372716022,28.28417788432055,25.0,5.4500000000000455,19.549999999999955,25.0,33.800000000000004,2351529.0,Buy
374,2024-01-08T00:00:00+05:30,1633.0,1650.05,1622.0,1627.1,1791003,2.4985958841383162,1601.8912780078883,1568.7696854464466,33.12159256144173,29.25166081974479,28.049999999999955,6.849999999999909,21.200000000000045,28.049999999999955,34.46071428571429,2312674.75,Buy
375,2024-01-09T00:00:00+05:30,1631.95,1643.9,1621.0,1625.1,1619091,2.4543500166476027,1605.4618506220593,1572.9423013393025,32.51954928275677,29.905238512347186,22.90000000000009,16.800000000000182,6.099999999999909,22.90000000000009,32.96428571428573,2283890.2,Buy
376,2024-01-10T00:00:00+05:30,1620.0,1642.75,1620.0,1640.15,1629958,2.2304839392867826,1610.7984889878962,1577.920649388243,32.87783959965327,30.499758729808406,22.75,17.65000000000009,5.099999999999909,22.75,32.33928571428573,2284298.85,No Signal
377,2024-01-11T00:00:00+05:30,1643.95,1668.2,1642.55,1657.85,1914421,2.0671908610196827,1618.0371829897583,1583.8413420261509,34.19584096360745,31.238975176568218,25.65000000000009,28.049999999999955,2.3999999999998636,28.049999999999955,31.02500000000001,2251891.65,No Signal
378,2024-01-12T00:00:00+05:30,1657.85,1677.85,1647.4,1674.0,2161848,2.191738773905631,1626.6468471451801,1590.5197611353249,36.12708600985525,32.21659734322562,30.449999999999818,20.0,10.449999999999818,30.449999999999818,30.82857142857144,2188609.05,No Signal
379,2024-01-15T00:00:00+05:30,1684.8,1694.5,1668.05,1688.85,2930339,2.4037974758208844,1636.2165629689985,1597.8034825327081,38.41308043629033,33.45589396183856,26.450000000000045,20.5,5.9500000000000455,26.450000000000045,30.87857142857144,2161193.85,No Signal
380,2024-01-16T00:00:00+05:30,1688.85,1691.75,1663.05,1667.05,1316138,2.4391459002151046,1640.9601686660756,1602.932854196952,38.02731446912367,34.37017806329558,28.700000000000045,2.900000000000091,25.799999999999955,28.700000000000045,30.592857142857156,2159377.85,No Signal
381,2024-01-17T00:00:00+05:30,1650.0,1677.05,1631.85,1643.9,6683398,2.407312880146437,1641.4124504097563,1605.9674575897702,35.444992819986055,34.58514101463368,45.200000000000045,10.0,35.200000000000045,45.200000000000045,31.91428571428573,2378662.55,No Signal
382,2024-01-18T00:00:00+05:30,1634.95,1639.6,1595.1,1612.9,3557256,2.2850722048160548,1637.025919577486,1606.4809792497872,30.544940327698896,33.777100877246724,44.5,4.300000000000182,48.80000000000018,48.80000000000018,33.125000000000014,2395589.5,Sell
383,2024-01-19T00:00:00+05:30,1622.7,1631.75,1550.2,1561.1,10982524,2.4052117561879416,1625.3450088732575,1603.1194252312844,22.225583641973117,31.466797430192003,81.54999999999995,18.84999999999991,62.700000000000045,81.54999999999995,37.550000000000004,2824686.05,Sell
384,2024-01-20T00:00:00+05:30,1570.0,1571.9,1530.0,1535.35,3158588,2.6141333047780413,1611.4996228927564,1598.0994678067448,13.400155086011637,27.85346896135593,41.90000000000009,10.800000000000182,31.09999999999991,41.90000000000009,38.482142857142875,2871905.15,Sell
385,2024-01-23T00:00:00+05:30,1535.0,1547.9,1428.05,1441.7,10097057,3.8608262345874182,1585.3766039861785,1586.5143220432822,-1.1377180571037115,22.055231557664,119.85000000000014,12.550000000000182,107.29999999999995,119.85000000000014,43.68928571428574,3320291.4,Sell
386,2024-01-24T00:00:00+05:30,1459.95,1495.8,1442.0,1490.85,9155544,4.153773981737718,1570.8340495267664,1579.428075966002,-8.594026439235677,15.925379958284067,53.799999999999955,54.09999999999991,0.2999999999999545,54.09999999999991,43.125000000000014,3683677.25,Sell
387,2024-01-25T00:00:00+05:30,1490.0,1543.95,1488.6,1512.0,8118578,4.329410348163473,1561.7826572918793,1574.4334036722241,-12.650746380344799,10.210154690558294,55.350000000000136,53.100000000000136,2.25,55.350000000000136,45.292857142857166,3932448.1,Sell
388,2024-01-29T00:00:00+05:30,1523.0,1537.75,1515.35,1526.8,3058020,4.42774556604568,1556.4007100162055,1570.9050034002075,-14.50429338400204,5.267265075646228,22.40000000000009,25.75,3.349999999999909,25.75,45.128571428571455,3996388.75,Sell
389,2024-01-30T00:00:00+05:30,1530.0,1544.45,1510.05,1519.9,1721705,4.596034730005842,1550.7852161675585,1567.126855000192,-16.341638832633635,0.9454842939902555,34.40000000000009,17.65000000000009,16.75,34.40000000000009,45.95000000000003,4015417.95,Sell
390,2024-01-31T00:00:00+05:30,1519.2,1548.0,1507.15,1534.05,3867886,4.632126148863143,1548.2105675263956,1564.6767175927705,-16.466150066374894,-2.5368425780827746,40.84999999999991,28.09999999999991,12.75,40.84999999999991,47.24285714285717,4147452.6,Sell
391,2024-02-01T00:00:00+05:30,1537.75,1547.55,1523.55,1541.15,2240634,4.667895155466694,1547.1243263684887,1562.9339977710838,-15.809671402595086,-5.191408342985238,24.0,13.5,10.5,24.0,46.95357142857146,4128469.5,Sell
392,2024-02-02T00:00:00+05:30,1551.0,1564.85,1529.55,1533.75,3554450,4.666025916651012,1545.0667376964136,1560.7722201584108,-15.705482461997235,-7.294223166787638,35.299999999999955,23.699999999999818,11.600000000000136,35.299999999999955,47.30000000000003,4092628.9,Sell
393,2024-02-05T00:00:00+05:30,1532.75,1550.0,1521.8,1537.8,2624023,4.606633611286943,1543.9487780508116,1559.0705742207508,-15.121796169939216,-8.859737767417954,28.200000000000045,16.25,11.950000000000045,28.200000000000045,47.42500000000003,4109123.05,Sell
394,2024-02-06T00:00:00+05:30,1550.0,1550.45,1504.15,1511.4,3312270,4.723499283110226,1538.941273735302,1555.5394205747693,-16.59814683946729,-10.407419581827822,46.299999999999955,12.650000000000091,33.649999999999864,46.299999999999955,48.682142857142885,4185186.4,Sell
395,2024-02-07T00:00:00+05:30,1522.4,1522.4,1492.2,1507.2,2416712,4.757865645032072,1534.058000852948,1551.9587227544162,-17.90072190146816,-11.90608004575589,30.200000000000045,11.0,19.200000000000045,30.200000000000045,47.610714285714316,4225067.45,Sell
396,2024-02-08T00:00:00+05:30,1522.7,1540.95,1470.0,1477.3,2931291,4.8871517678139496,1525.3260007217252,1546.4284469948298,-21.102446273104533,-13.745353291225621,70.95000000000005,33.75,37.200000000000045,70.95000000000005,49.192857142857164,4290134.1,Sell
397,2024-02-09T00:00:00+05:30,1480.25,1491.4,1462.65,1486.25,2388841,4.707299326636106,1519.3143083029984,1541.970784254472,-22.656475951473567,-15.52757782327521,28.75,14.100000000000136,14.649999999999864,28.75,45.42142857142859,4313855.1,Sell
398,2024-02-12T00:00:00+05:30,1488.2,1497.0,1442.15,1447.15,2821957,4.640972136814228,1508.212107025614,1534.9470224578445,-26.734915432230537,-17.769045345066278,54.84999999999991,10.75,44.09999999999991,54.84999999999991,46.34642857142858,4346860.55,Sell
399,2024-02-13T00:00:00+05:30,1452.4,1476.25,1430.65,1463.9,4601482,4.034578608766997,1501.394859790904,1529.6842800535596,-28.28942026265554,-19.873120328584132,45.59999999999991,29.09999999999991,16.5,45.59999999999991,41.04285714285714,4430417.7,No Signal
400,2024-02-14T00:00:00+05:30,1450.05,1494.5,1435.95,1481.5,4208176,3.365234848776909,1498.334112130765,1526.1150741236663,-27.78096199290121,-21.45468866144755,58.549999999999955,30.59999999999991,27.950000000000045,58.549999999999955,41.36071428571428,4575019.6,No Signal
401,2024-02-15T00:00:00+05:30,1491.0,1492.85,1460.3,1476.95,1906763,2.7684940463741032,1495.044248726032,1522.4732167811726,-27.428968055140558,-22.649544540186152,32.549999999999955,11.349999999999909,21.200000000000045,32.549999999999955,39.73214285714284,4336187.85,No Signal
402,2024-02-16T00:00:00+05:30,1485.95,1506.5,1471.0,1493.65,1844045,2.211043617792076,1494.8297489220272,1520.338163686271,-25.508414764243753,-23.221318584997675,35.5,29.549999999999955,5.9500000000000455,35.5,40.42857142857141,4250527.3,No Signal
403,2024-02-19T00:00:00+05:30,1499.9,1502.8,1477.0,1483.6,1209609,2.050069634525164,1493.1020952417152,1517.6168182280287,-24.514722986313473,-23.479999465260835,25.799999999999955,9.149999999999864,16.65000000000009,25.799999999999955,39.81428571428569,3761881.55,No Signal
404,2024-02-20T00:00:00+05:30,1489.0,1508.0,1475.05,1504.2,2390096,1.9473644778818042,1494.8094652045284,1516.6229798407674,-21.813514636239006,-23.14670249945647,32.950000000000045,24.40000000000009,8.549999999999955,32.950000000000045,39.249999999999986,3723456.95,No Signal
405,2024-02-21T00:00:00+05:30,1520.0,1526.8,1502.5,1517.25,5259113,1.7328848597810858,1498.2618551730625,1516.6694257784884,-18.407570605425917,-22.19887612065036,24.299999999999955,22.59999999999991,1.7000000000000455,24.299999999999955,39.27142857142855,3481559.75,No Signal
406,2024-02-22T00:00:00+05:30,1517.25,1520.0,1463.5,1489.15,4969478,1.7683904120336758,1496.8600313002837,1514.6309497948967,-17.770918494612943,-21.31328459544288,56.5,2.75,53.75,56.5,40.78571428571427,3272256.45,No Signal
407,2024-02-23T00:00:00+05:30,1498.45,1504.9,1475.05,1480.3,2557861,1.801524858961571,1494.3123341771632,1512.0879164767562,-17.775582299592998,-20.605744136272904,29.850000000000136,15.75,14.100000000000136,29.850000000000136,40.90357142857142,2994220.6,No Signal
408,2024-02-26T00:00:00+05:30,1481.0,1486.0,1463.9,1466.5,2077787,1.8386933487574413,1490.0335135345226,1508.7110337747743,-18.677520240251624,-20.220099357068648,22.09999999999991,5.7000000000000455,16.399999999999864,22.09999999999991,39.17499999999999,2945208.95,No Signal
409,2024-02-27T00:00:00+05:30,1466.5,1497.35,1458.5,1493.05,2843312,1.7723414070874626,1490.4975883753652,1507.550957198865,-17.053368823499795,-19.586753250354878,38.84999999999991,30.84999999999991,8.0,38.84999999999991,39.79285714285712,3001289.3,No Signal
410,2024-02-28T00:00:00+05:30,1495.0,1503.45,1442.5,1449.2,2661887,1.855527047444442,1484.1441132406937,1503.228664073023,-19.08455083232934,-19.486312766749773,60.950000000000045,10.400000000000091,50.549999999999955,60.950000000000045,39.07857142857141,2940989.35,No Signal
411,2024-02-29T00:00:00+05:30,1451.0,1484.0,1440.0,1474.9,4216252,1.6610887849242213,1482.7219419728947,1501.1302445120584,-18.408302539163742,-19.270710721232568,44.0,34.799999999999955,9.200000000000045,44.0,40.16785714285712,3039770.25,No Signal
412,2024-03-01T00:00:00+05:30,1480.0,1528.75,1477.85,1526.65,3549401,1.5626381233170061,1489.4801047462954,1503.0205967704244,-13.54049202412898,-18.124666981811853,50.90000000000009,53.84999999999991,2.949999999999818,53.84999999999991,40.09642857142855,3039517.8,No Signal
413,2024-03-02T00:00:00+05:30,1535.0,1538.0,1524.0,1526.0,179042,1.4867048556976,1495.0985501699422,1504.72277478743,-9.624224617487698,-16.42457850894702,14.0,11.349999999999909,2.650000000000091,14.0,37.8392857142857,2917268.75,No Signal
414,2024-03-04T00:00:00+05:30,1529.95,1538.95,1520.35,1531.3,2985524,1.5780490677117665,1500.668003989951,1506.6914581365093,-6.0234541465581515,-14.344353636469249,18.600000000000136,12.950000000000045,5.650000000000091,18.600000000000136,34.98571428571428,2900931.45,No Signal
415,2024-03-05T00:00:00+05:30,1529.65,1547.0,1524.0,1542.45,2694157,1.7327632160972697,1507.0960033761125,1509.3402390152864,-2.244235639173894,-11.92433003701018,23.0,15.700000000000045,7.2999999999999545,23.0,34.30357142857143,2914803.7,No Signal
416,2024-03-06T00:00:00+05:30,1542.45,1564.75,1536.55,1554.55,5167456,1.9350287454839756,1514.396618241326,1512.6891101993392,1.7075080419867845,-9.197962421210788,28.200000000000045,22.299999999999955,5.900000000000091,28.200000000000045,33.78214285714286,3026611.95,No Signal
417,2024-03-07T00:00:00+05:30,1556.45,1571.5,1546.05,1563.75,2285176,2.1577286878320554,1521.9894462041989,1516.4713983327215,5.518047871477393,-6.254760362673152,25.450000000000045,16.950000000000045,8.5,25.450000000000045,33.75714285714287,3021428.7,No Signal
418,2024-03-11T00:00:00+05:30,1566.1,1568.75,1536.6,1541.05,1694488,2.1263710829320064,1524.9218390958606,1518.2920354932605,6.629803602600077,-3.6778475696185065,32.15000000000009,5.0,27.15000000000009,32.15000000000009,33.70000000000001,2965055.25,No Signal
419,2024-03-12T00:00:00+05:30,1541.05,1555.95,1528.5,1533.05,1918571,2.0917064475403624,1526.1723253888051,1519.3852180493152,6.787107339489921,-1.584856587796821,27.450000000000045,14.900000000000091,12.549999999999955,27.450000000000045,33.92500000000002,2830909.7,No Signal
420,2024-03-13T00:00:00+05:30,1535.0,1540.6,1495.0,1502.65,4165036,2.0993053826042067,1522.5535060982197,1518.1455722678845,4.407933830335196,-0.38629850417041767,45.59999999999991,7.5499999999999545,38.049999999999955,45.59999999999991,33.14642857142859,2828752.7,No Signal
421,2024-03-14T00:00:00+05:30,1471.55,1506.9,1469.2,1476.75,3652530,2.136816653781081,1515.5068128523399,1515.0792335813746,0.4275792709652251,-0.22352294914328913,37.700000000000045,4.25,33.450000000000045,37.700000000000045,33.70714285714286,2916041.05,No Signal
422,2024-03-15T00:00:00+05:30,1474.0,1489.5,1456.7,1484.35,2985042,2.144880667501416,1510.713457028903,1512.8029940568283,-2.0895370279254166,-0.5967257648997146,32.799999999999955,12.75,20.049999999999955,32.799999999999955,34.47142857142858,2973090.9,No Signal
423,2024-03-18T00:00:00+05:30,1487.25,1491.6,1466.3,1480.7,2365287,2.1581865208675257,1506.0960021013793,1510.4249944970632,-4.3289923956838265,-1.343179091056537,25.299999999999955,7.25,18.049999999999955,25.299999999999955,33.50357142857144,3030874.8,No Signal
424,2024-03-19T00:00:00+05:30,1476.05,1482.95,1430.85,1434.1,3180412,2.5013136067274355,1495.0196940857825,1504.7712912009845,-9.751597115202003,-3.02486269588563,52.100000000000136,2.25,49.850000000000136,52.100000000000136,32.87142857142859,3070390.6,No Signal
425,2024-03-20T00:00:00+05:30,1440.0,1464.0,1422.7,1441.55,5480729,2.6531515763177316,1486.7935873033543,1500.0882325935042,-13.294645290149901,-5.078819214738485,41.299999999999955,29.90000000000009,11.399999999999864,41.299999999999955,32.678571428571445,3081471.4,No Signal
426,2024-03-21T00:00:00+05:30,1460.0,1486.9,1459.0,1484.1,3870591,2.5830936861444216,1486.3791892566844,1498.9039190680594,-12.524729811374982,-6.568001334065785,27.90000000000009,45.350000000000136,17.450000000000045,45.350000000000136,32.071428571428605,3026527.05,No Signal
427,2024-03-22T00:00:00+05:30,1477.75,1520.35,1473.0,1512.1,5309042,2.523852989482268,1490.3362370633483,1499.8814065444994,-9.545169481151106,-7.16343496348285,47.34999999999991,36.25,11.099999999999909,47.34999999999991,34.45357142857146,3164086.1,No Signal
428,2024-03-26T00:00:00+05:30,1512.1,1523.6,1502.2,1518.7,9046136,2.4667535729139747,1494.6998928997564,1501.2753764300921,-6.5754835303357595,-7.045844676853432,21.399999999999864,11.5,9.899999999999864,21.399999999999864,34.65357142857143,3512503.55,No Signal
429,2024-03-27T00:00:00+05:30,1519.0,1542.95,1514.45,1533.55,8408702,2.47508233113617,1500.67683245364,1503.6660892871223,-2.9892568334823864,-6.234527108179223,28.5,24.25,4.25,28.5,35.04642857142858,3790773.05,Buy
430,2024-03-28T00:00:00+05:30,1534.75,1564.5,1533.6,1553.0,3964429,2.377680586046629,1508.7265505376954,1507.3204530436317,1.4060974940637152,-4.706402187730635,30.90000000000009,30.950000000000045,0.049999999999954525,30.950000000000045,35.24285714285715,3855900.15,Buy
431,2024-04-01T00:00:00+05:30,1553.0,1572.75,1539.0,1542.4,2159432,2.3701989900129026,1513.907081224204,1509.9189380033627,3.988143220841266,-2.967493106016255,33.75,19.75,14.0,33.75,35.83571428571429,3753059.15,Buy
432,2024-04-02T00:00:00+05:30,1542.95,1570.95,1537.0,1559.4,2335256,2.427744544269955,1520.9059918050957,1513.5842018549654,7.321789950130324,-0.9096364947869393,33.950000000000045,28.549999999999955,5.400000000000091,33.950000000000045,35.964285714285715,3692351.9,Buy
433,2024-04-03T00:00:00+05:30,1554.0,1556.9,1538.05,1542.65,3711781,2.481165142482079,1524.251223835081,1515.7372239397828,8.513999895298184,0.9750907832300854,18.850000000000136,2.5,21.350000000000136,21.350000000000136,35.52857142857143,3868988.85,Buy
434,2024-04-04T00:00:00+05:30,1548.05,1550.45,1511.2,1544.45,6077155,2.5026680382139626,1527.3587278604532,1517.8640962405395,9.494631619913662,2.678998950566801,39.25,7.7999999999999545,31.450000000000045,39.25,35.07500000000001,4023570.4,Buy
435,2024-04-05T00:00:00+05:30,1552.0,1556.35,1528.1,1552.4,3286862,2.515821161281653,1531.2112312665374,1520.4223113338328,10.78891993270463,4.3009831469943665,28.25,11.899999999999864,16.350000000000136,28.25,34.40000000000001,4053205.65,Buy
436,2024-04-08T00:00:00+05:30,1560.0,1576.35,1550.0,1568.35,2372626,2.5411098561664023,1536.9248879947625,1523.9725104942895,12.952377500472949,6.031262017690083,26.34999999999991,23.949999999999818,2.400000000000091,26.34999999999991,33.939285714285724,3913464.15,No Signal
437,2024-04-09T00:00:00+05:30,1574.9,1574.9,1541.0,1554.95,1176425,2.5320910195892212,1539.6979821494144,1526.2671393465644,13.430842802850066,7.5111781747220805,33.90000000000009,6.550000000000182,27.34999999999991,33.90000000000009,34.553571428571445,3858026.6,Buy
438,2024-04-10T00:00:00+05:30,1564.85,1564.85,1548.0,1552.85,2528578,2.5644449708317754,1541.721369511043,1528.2362401357077,13.485129375335191,8.705968414844703,16.84999999999991,9.899999999999864,6.9500000000000455,16.84999999999991,32.035714285714285,3899731.1,No Signal
439,2024-04-12T00:00:00+05:30,1546.0,1562.7,1542.0,1555.65,1749128,2.607733509489713,1543.8642357401131,1530.2668890145442,13.597346725568968,9.684244076989556,20.700000000000045,9.850000000000136,10.849999999999909,20.700000000000045,30.56428571428572,3891258.95,No Signal
440,2024-04-15T00:00:00+05:30,1544.95,1557.9,1530.0,1539.9,1528341,2.6363228779730465,1543.2543533185574,1530.9804527912447,12.273900527312662,10.202175367054178,27.90000000000009,2.25,25.65000000000009,27.90000000000009,29.317857142857147,3759424.2,No Signal
441,2024-04-16T00:00:00+05:30,1530.0,1534.8,1498.7,1500.55,1443348,2.6355873006663275,1536.68445280801,1528.7263451770784,7.958107630931636,9.75336181982967,36.09999999999991,5.100000000000136,41.200000000000045,41.200000000000045,28.87857142857144,3648965.1,No Signal
442,2024-04-18T00:00:00+05:30,1502.8,1508.35,1468.15,1474.4,3856849,2.7208192971031933,1527.1022292990854,1524.702171460258,2.400057838827479,8.282701023629233,40.19999999999982,7.7999999999999545,32.399999999999864,40.19999999999982,30.221428571428582,3692555.45,No Signal
443,2024-04-19T00:00:00+05:30,1466.0,1466.0,1444.4,1458.8,1742048,2.8504761812988564,1516.594194022303,1519.8205291298684,-3.226335107565319,5.980893797390323,21.59999999999991,8.400000000000091,30.0,30.0,30.32857142857144,3661393.5,No Signal
444,2024-04-22T00:00:00+05:30,1494.0,1501.0,1469.95,1477.5,2887202,2.555318811131498,1510.5797026342564,1516.6856751202486,-6.105972485992197,3.563520540713819,31.049999999999955,42.200000000000045,11.150000000000091,42.200000000000045,31.132142857142867,3646733.0,No Signal
445,2024-04-23T00:00:00+05:30,1482.8,1485.8,1471.1,1474.5,1206443,2.3453744697356322,1505.0289791520631,1513.5608102965264,-8.53183114446324,1.1444502036784074,14.700000000000045,8.299999999999955,6.400000000000091,14.700000000000045,29.771428571428583,3433018.7,No Signal
446,2024-04-24T00:00:00+05:30,1477.0,1483.25,1462.75,1474.65,2964953,2.3890024267480707,1500.3552900517457,1510.6785280523393,-10.32323800059362,-1.149087437175998,20.5,8.75,11.75,20.5,28.810714285714294,3387736.8,No Signal
447,2024-04-25T00:00:00+05:30,1476.05,1499.5,1470.55,1496.1,3697957,2.3865502005867674,1499.7006300437847,1509.5986370854994,-9.898007041714664,-2.8988713580837313,28.950000000000045,24.84999999999991,4.100000000000136,28.950000000000045,29.35357142857143,3307182.55,No Signal
448,2024-04-26T00:00:00+05:30,1511.5,1519.0,1443.3,1446.4,6135488,2.743414954535281,1491.5005331139716,1504.9172565606475,-13.41672344667586,-5.002441775802157,75.70000000000005,22.90000000000009,52.799999999999955,75.70000000000005,31.957142857142863,3161650.15,No Signal
449,2024-04-29T00:00:00+05:30,1458.75,1491.0,1450.1,1487.25,5463640,2.7031971798725953,1490.8466049425913,1503.6085708894884,-12.761965946897135,-6.5543466100211525,40.90000000000009,44.59999999999991,3.699999999999818,44.59999999999991,33.125,3014397.05,Sell
450,2024-04-30T00:00:00+05:30,1497.8,1537.0,1489.0,1515.7,6293171,2.595548532857532,1494.6702041821927,1504.5042323050818,-9.834028122889094,-7.210282912594741,48.0,49.75,1.75,49.75,34.79642857142858,3130834.15,Sell
451,2024-05-02T00:00:00+05:30,1508.0,1521.3,1500.05,1505.2,2554549,2.5844364781569618,1496.2901727695478,1504.5557706528534,-8.265597883305645,-7.4213459067369225,21.25,5.599999999999909,15.650000000000091,21.25,33.892857142857146,3150590.0,Sell
452,2024-05-03T00:00:00+05:30,1517.2,1517.95,1473.05,1483.7,2119368,2.5564588450669317,1494.3532231126942,1503.010898752642,-8.657675639947911,-7.6686118533791205,44.90000000000009,12.75,32.15000000000009,44.90000000000009,35.89642857142859,3139795.6,Sell
453,2024-05-06T00:00:00+05:30,1495.7,1510.0,1482.05,1497.5,2600170,2.4868539917823704,1494.8373426338183,1502.6026840302243,-7.765341396406029,-7.687957761984503,27.950000000000045,26.299999999999955,1.650000000000091,27.950000000000045,36.414285714285725,3084215.05,Sell
454,2024-05-07T00:00:00+05:30,1497.5,1502.65,1448.0,1452.55,1884596,2.627772586923788,1488.3315976132308,1498.8950778057633,-10.563480192532552,-8.263062248094114,54.65000000000009,5.150000000000091,49.5,54.65000000000009,38.32500000000001,2874587.1,Sell
455,2024-05-08T00:00:00+05:30,1455.0,1455.0,1431.4,1442.5,5278612,2.6799793618932775,1481.2805825958108,1494.717664634966,-13.437082039155257,-9.297866206306344,23.59999999999991,2.4500000000000455,21.149999999999864,23.59999999999991,37.06785714285714,2974174.6,Sell
456,2024-05-09T00:00:00+05:30,1445.5,1456.6,1393.45,1401.45,3272042,2.8988433806486373,1468.9989545041476,1487.8089487360796,-18.809994231932023,-11.20029181143148,63.149999999999864,14.099999999999909,49.049999999999955,63.149999999999864,38.70714285714286,3019145.4,Sell
457,2024-05-10T00:00:00+05:30,1402.0,1424.5,1395.55,1410.15,1575172,2.926297608163328,1459.9452691958172,1482.0564340148885,-22.11116481907129,-13.382466412959444,28.950000000000045,23.049999999999955,5.900000000000091,28.950000000000045,38.63214285714287,3039082.75,Sell
458,2024-05-13T00:00:00+05:30,1415.35,1417.75,1377.25,1404.55,3624862,2.937392482393964,1451.4229200887685,1476.3152166804523,-24.892296591683817,-15.68443244870432,40.5,7.599999999999909,32.90000000000009,40.5,38.51071428571429,3093896.95,Sell
459,2024-05-14T00:00:00+05:30,1407.0,1429.35,1402.8,1421.0,1279355,2.6934257458974065,1446.7424708443425,1472.217793222641,-25.475322378298415,-17.64261043462314,26.549999999999955,24.799999999999955,1.75,26.549999999999955,39.357142857142854,3070408.3,Sell
460,2024-05-15T00:00:00+05:30,1421.0,1429.85,1411.6,1415.85,941971,2.5448626381413697,1441.989783022136,1468.042401132075,-26.052618109938976,-19.32461196968631,18.25,8.849999999999909,9.400000000000091,18.25,39.19642857142857,3041089.8,Sell
461,2024-05-16T00:00:00+05:30,1420.2,1425.0,1385.65,1408.75,5666243,2.605501026881627,1436.8759702494997,1463.6503714185878,-26.77440116908815,-20.814569809566677,39.34999999999991,9.150000000000091,30.199999999999818,39.34999999999991,39.9392857142857,3252234.55,Sell
462,2024-05-17T00:00:00+05:30,1408.0,1417.1,1395.0,1412.35,3673405,2.676440315333928,1433.1027440572689,1459.8503439060999,-26.747599848830987,-22.00117581741954,22.09999999999991,8.349999999999909,13.75,22.09999999999991,36.110714285714266,3243062.35,Sell
463,2024-05-18T00:00:00+05:30,1414.2,1424.0,1413.75,1416.5,105097,2.732752905534083,1430.548475740766,1456.639207320463,-26.09073157969692,-22.819086969875016,10.25,11.650000000000091,1.400000000000091,11.650000000000091,33.75714285714285,3161214.8,No Signal
464,2024-05-21T00:00:00+05:30,1420.0,1420.85,1400.0,1406.5,3010012,2.8094630617848617,1426.8487102421866,1452.9251919633916,-26.076481721205027,-23.47056592014102,20.84999999999991,4.349999999999909,16.5,20.84999999999991,31.69285714285713,3167355.3,No Signal
465,2024-05-22T00:00:00+05:30,1409.0,1413.15,1391.85,1404.95,6739695,2.8596016077539197,1423.4796778972348,1449.3714740401774,-25.891796142942667,-23.95481196470135,21.300000000000182,6.650000000000091,14.650000000000091,21.300000000000182,31.696428571428573,3444017.9,No Signal
466,2024-05-23T00:00:00+05:30,1408.55,1451.0,1406.6,1440.85,6444146,2.7468171021805645,1426.152035143814,1448.740253740905,-22.5882185970911,-23.6814932911793,44.40000000000009,46.049999999999955,1.6499999999998636,46.049999999999955,31.778571428571418,3617977.55,No Signal
467,2024-05-24T00:00:00+05:30,1441.0,1448.75,1427.85,1441.8,2155290,2.607239223622663,1428.559414352458,1448.2261608712083,-19.666746518750415,-22.878543936693525,20.90000000000009,7.900000000000091,13.0,20.90000000000009,31.274999999999995,3540844.2,No Signal
468,2024-05-27T00:00:00+05:30,1447.85,1475.6,1439.3,1465.1,3253683,2.591571225242622,1434.1810429136183,1449.4760748807485,-15.295031967130171,-21.361841542780855,36.299999999999955,33.799999999999955,2.5,36.299999999999955,29.964285714285698,3396753.95,No Signal
469,2024-05-28T00:00:00+05:30,1472.8,1478.8,1449.1,1459.35,2381333,2.5147622510523244,1438.053190157677,1450.2074767414338,-12.154286583756857,-19.520330550976055,29.700000000000045,13.700000000000045,16.0,29.700000000000045,30.399999999999995,3242638.6,No Signal
470,2024-05-29T00:00:00+05:30,1453.0,1471.65,1439.25,1460.25,4383563,2.2301770581953746,1441.4680839795728,1450.9513673531794,-9.483283373606582,-17.512921115502163,32.40000000000009,12.300000000000182,20.09999999999991,32.40000000000009,28.20357142857144,3147158.2,No Signal
471,2024-05-30T00:00:00+05:30,1458.0,1477.7,1439.15,1446.8,3415942,1.973398784027843,1442.2883787519463,1450.6438586603513,-8.35547990840496,-15.681432874082724,38.549999999999955,17.450000000000045,21.09999999999991,38.549999999999955,28.889285714285716,3190227.85,No Signal
472,2024-05-31T00:00:00+05:30,1456.0,1469.9,1446.55,1461.85,3546505,1.8433736729925523,1445.2978589439545,1451.473943204029,-6.176084260074504,-13.78036315128108,23.350000000000136,23.100000000000136,0.25,23.350000000000136,27.66428571428573,3261584.7,No Signal
473,2024-06-03T00:00:00+05:30,1514.95,1534.9,1496.4,1529.7,8265525,2.0618993309741476,1458.2828037218076,1457.2684659296565,1.0143377921510819,-10.821422962594648,38.5,73.05000000000018,34.55000000000018,73.05000000000018,30.985714285714316,3544852.45,No Signal
474,2024-06-04T00:00:00+05:30,1509.95,1521.9,1363.55,1391.5,7911282,2.3499926969498506,1448.0085262261448,1452.3967277126449,-4.388201486500066,-9.53477866737573,158.35000000000014,7.7999999999999545,166.1500000000001,166.1500000000001,41.55000000000003,3846186.75,Buy
475,2024-06-05T00:00:00+05:30,1400.5,1515.8,1372.35,1500.95,11014467,2.4060421228172135,1456.1533683451994,1455.9932664005971,0.16010194460227467,-7.59580254498013,143.45000000000005,124.29999999999995,19.15000000000009,143.45000000000005,48.98571428571433,4132979.5,Buy
476,2024-06-06T00:00:00+05:30,1500.0,1509.8,1470.9,1481.1,3279775,2.4715569971976055,1459.9913116767073,1457.8530244449973,2.13828723170991,-5.648984589642122,38.899999999999864,8.849999999999909,30.049999999999955,38.899999999999864,50.185714285714326,4133366.15,Buy
477,2024-06-07T00:00:00+05:30,1468.55,1498.4,1463.45,1492.1,3964791,2.5317121187550717,1464.9311098802907,1460.3898374490716,4.541272431219113,-3.610933185469875,34.950000000000045,17.300000000000182,17.649999999999864,34.950000000000045,51.85000000000004,4252847.1,Buy
478,2024-06-10T00:00:00+05:30,1498.5,1505.8,1480.1,1485.85,2416022,2.5429521235058337,1468.1494006679384,1462.275775415807,5.873625252131433,-1.7140214979496138,25.700000000000045,13.700000000000045,12.0,25.700000000000045,52.19642857142862,4192405.1,Buy
479,2024-06-11T00:00:00+05:30,1485.0,1491.0,1475.2,1481.05,1737873,2.564536935720954,1470.1341082574863,1463.6664587183398,6.467649539146578,-0.07768729053037544,15.799999999999955,5.150000000000091,10.649999999999864,15.799999999999955,51.80357142857146,4215331.0,Buy
480,2024-06-12T00:00:00+05:30,1491.0,1492.25,1473.0,1484.25,5419536,2.5473751983450548,1472.3057839101807,1465.1911654799442,7.114618430236533,1.3607738536230063,19.25,11.200000000000045,8.049999999999955,19.25,49.88928571428575,4439209.25,Buy
481,2024-06-13T00:00:00+05:30,1496.0,1510.0,1481.2,1507.25,2446832,2.5262704914647047,1477.6818171547682,1468.306634703652,9.375182451116189,2.9636555731216427,28.799999999999955,25.75,3.0499999999999545,28.799999999999955,50.45357142857146,4278238.7,Buy
482,2024-06-14T00:00:00+05:30,1510.5,1515.9,1495.95,1502.35,2706742,2.5061775590199256,1481.4769222078808,1470.8283654663444,10.648556741536368,4.5006358068045875,19.950000000000045,8.650000000000091,11.299999999999955,19.950000000000045,49.28571428571432,4229905.55,Buy
483,2024-06-18T00:00:00+05:30,1514.0,1516.55,1499.1,1507.9,2811967,2.4706544074705996,1485.542011098976,1473.5744124688374,11.967598630138582,5.994028371471387,17.450000000000045,14.200000000000045,3.25,17.450000000000045,48.41071428571432,4365249.05,Buy
484,2024-06-19T00:00:00+05:30,1516.2,1550.0,1513.25,1528.2,11002582,2.4008213078450638,1492.1047786222105,1477.6207522859606,14.484026336249826,7.6920279644270755,36.75,42.09999999999991,5.349999999999909,42.09999999999991,49.10357142857145,4764877.55,Buy
485,2024-06-20T00:00:00+05:30,1536.0,1540.75,1513.0,1527.85,3589441,2.2790557349629217,1497.6040434495626,1481.3414373018154,16.262606147747192,9.406143601091099,27.75,12.549999999999955,15.200000000000045,27.75,48.33214285714288,4607364.85,Buy
486,2024-06-21T00:00:00+05:30,1523.0,1537.8,1511.25,1527.15,5249389,2.2974591964926225,1502.149575226553,1484.7346641683475,17.414911058205462,11.007897092513971,26.549999999999955,9.950000000000045,16.59999999999991,26.549999999999955,48.5607142857143,4547627.0,Buy
487,2024-06-24T00:00:00+05:30,1507.15,1508.9,1478.2,1490.4,4609137,2.258073028679505,1500.3419482686218,1485.1543186743959,15.187629594225882,11.843843592856354,30.700000000000045,18.25,48.950000000000045,48.950000000000045,46.839285714285715,4670319.35,Buy
488,2024-06-25T00:00:00+05:30,1494.75,1502.15,1482.2,1495.55,3309896,2.227949044256357,1499.6047254580646,1485.9243691429592,13.680356315105428,12.21114613730617,19.950000000000045,11.75,8.200000000000045,19.950000000000045,36.396428571428565,4673130.0,No Signal
489,2024-06-26T00:00:00+05:30,1498.0,1521.0,1481.55,1497.9,5605220,2.181729773024817,1499.3424600029778,1486.8114529101474,12.53100709283035,12.275118328411006,39.450000000000045,25.450000000000045,14.0,39.450000000000045,28.967857142857138,4834324.35,No Signal
490,2024-06-27T00:00:00+05:30,1494.0,1504.95,1485.0,1502.75,5166134,2.1307001006201927,1499.8666969255967,1487.9920860279142,11.874610897682487,12.195016842265304,19.950000000000045,7.0499999999999545,12.900000000000091,19.950000000000045,27.614285714285725,4873452.9,No Signal
491,2024-06-28T00:00:00+05:30,1491.0,1491.0,1460.5,1464.5,6425323,2.111739784651669,1494.425666629351,1486.251931507328,8.173735122023118,11.390760498216867,30.5,11.75,42.25,42.25,28.135714285714293,5023921.95,No Signal
492,2024-07-01T00:00:00+05:30,1468.95,1469.0,1452.95,1456.9,3166439,2.142043550125562,1488.6524871479126,1484.077714358637,4.574772789275585,10.02756295642861,16.049999999999955,4.5,11.549999999999955,16.049999999999955,27.446428571428573,5004918.65,No Signal
493,2024-07-02T00:00:00+05:30,1457.4,1460.45,1420.65,1429.45,4644571,2.306027243788734,1479.54441220208,1480.031216998738,-0.48680479665813436,7.924689405811262,39.799999999999955,3.5499999999999545,36.25,39.799999999999955,29.160714285714285,4823870.95,No Signal
494,2024-07-03T00:00:00+05:30,1438.9,1458.0,1421.9,1455.5,5907225,1.7421654974511938,1475.8452718632984,1478.2140898136463,-2.368817950347875,5.865987934579435,36.09999999999991,28.549999999999955,7.5499999999999545,36.09999999999991,30.364285714285707,4723668.1,No Signal
495,2024-07-04T00:00:00+05:30,1455.45,1457.85,1436.2,1442.85,3010077,1.8988117000661004,1470.7690761920217,1475.594527605228,-4.825451413206338,3.7277000650222805,21.649999999999864,2.349999999999909,19.299999999999955,21.649999999999864,29.853571428571417,4323448.6,No Signal
496,2024-07-05T00:00:00+05:30,1437.0,1449.7,1426.0,1434.25,4216309,2.0853771277865443,1465.1507567778644,1472.5319700048408,-7.381213226976342,1.505917406622556,23.700000000000045,6.850000000000136,16.84999999999991,23.700000000000045,30.12142857142856,4370275.3,No Signal
497,2024-07-08T00:00:00+05:30,1428.0,1441.7,1422.8,1438.05,2772277,2.2036576004069475,1460.9814095812699,1469.9777500044822,-8.99634042321236,-0.5945341593444271,18.90000000000009,7.4500000000000455,11.450000000000045,18.90000000000009,30.22499999999999,4310649.6,No Signal
498,2024-07-09T00:00:00+05:30,1441.0,1449.6,1426.0,1434.25,3126274,2.335321499061224,1456.8688850303054,1467.3312500041502,-10.462364973844842,-2.56810032224451,23.59999999999991,11.549999999999955,12.049999999999955,23.59999999999991,28.903571428571418,4346162.2,No Signal
499,2024-07-10T00:00:00+05:30,1433.5,1433.5,1415.05,1425.95,3979121,2.49918348465056,1452.1121334871814,1464.265972226065,-12.153838738883678,-4.485248005572344,18.450000000000045,0.75,19.200000000000045,19.200000000000045,28.292857142857137,4458224.6,No Signal
500,2024-07-11T00:00:00+05:30,1427.95,1435.85,1415.7,1429.75,2416195,2.5989229311369044,1448.6718052583842,1461.7092335426528,-13.037428284268572,-6.1956840613115896,20.149999999999864,9.899999999999864,10.25,20.149999999999864,27.83571428571427,4308057.55,No Signal
501,2024-07-12T00:00:00+05:30,1432.0,1450.95,1427.35,1434.55,3340305,2.6061136828218947,1446.4992198340174,1459.6974384654193,-13.198218631401915,-7.596190975329655,23.600000000000136,21.200000000000045,2.400000000000091,23.600000000000136,26.024999999999995,4352731.2,No Signal
502,2024-07-15T00:00:00+05:30,1438.5,1449.0,1433.0,1444.05,4284427,2.569829561805268,1446.1224167826301,1458.5383689494622,-12.415952166832085,-8.560143213630141,16.0,14.450000000000045,1.5499999999999545,16.0,25.742857142857133,4431615.45,No Signal
503,2024-07-16T00:00:00+05:30,1445.05,1450.0,1435.75,1445.9,2284985,2.5045985708292497,1446.0881988160716,1457.6021934717244,-11.513994655652823,-9.150913502034678,14.25,5.9500000000000455,8.299999999999955,14.25,23.94285714285713,4405266.35,No Signal
504,2024-07-18T00:00:00+05:30,1440.7,1460.85,1438.0,1456.9,3634938,2.2697198428725085,1447.7515528443682,1457.5501791404856,-9.79862629611739,-9.28045606085122,22.84999999999991,14.949999999999818,7.900000000000091,22.84999999999991,24.149999999999977,4036884.15,No Signal
505,2024-07-19T00:00:00+05:30,1451.55,1452.0,1429.0,1432.45,2981749,2.0761559879131943,1445.3974677913886,1455.6909066115609,-10.293438820172241,-9.483052612715426,23.0,4.900000000000091,27.90000000000009,27.90000000000009,23.124999999999982,4006499.55,No Signal
506,2024-07-22T00:00:00+05:30,1428.0,1429.95,1409.6,1423.4,2883674,1.7994351669169184,1442.0132419773288,1453.298987603297,-11.285745625968275,-9.843591215365995,20.350000000000136,2.5,22.850000000000136,22.850000000000136,23.610714285714284,3888213.8,No Signal
507,2024-07-23T00:00:00+05:30,1422.5,1427.0,1395.65,1413.2,3054925,1.7902293381321488,1437.5804355192781,1450.328692225275,-12.748256705996937,-10.424524313492185,31.34999999999991,3.599999999999909,27.75,31.34999999999991,23.00714285714285,3810503.2,No Signal
508,2024-07-24T00:00:00+05:30,1409.8,1412.5,1386.4,1396.65,5553500,1.8015831511345048,1431.2834454393892,1446.3524928011807,-15.06904736179149,-11.353428923152046,26.09999999999991,0.7000000000000455,26.799999999999955,26.799999999999955,22.342857142857138,3922683.4,No Signal
509,2024-07-25T00:00:00+05:30,1389.0,1396.55,1374.0,1379.1,3631639,1.8511628290916335,1423.2552230640986,1441.37082666776,-18.115603603661384,-12.705863859253915,22.549999999999955,0.10000000000013642,22.65000000000009,22.65000000000009,22.41428571428573,3824004.35,No Signal
510,2024-07-26T00:00:00+05:30,1365.0,1409.0,1359.05,1403.9,3607419,1.5216895583216112,1420.2774964388527,1438.5952098775556,-18.317713438702867,-13.828233775143707,49.950000000000045,29.90000000000009,20.049999999999955,49.950000000000045,24.28928571428573,3746068.6,No Signal
511,2024-07-29T00:00:00+05:30,1415.0,1444.95,1406.45,1411.5,5955870,1.4448964520743974,1418.927112371337,1436.588157294033,-17.661044922695964,-14.594796004654158,38.5,41.049999999999955,2.5499999999999545,41.049999999999955,25.871428571428574,3722595.95,No Signal
512,2024-07-30T00:00:00+05:30,1411.5,1432.7,1407.2,1429.7,2158067,1.3531700175311385,1420.5844796988235,1436.0779234204008,-15.49344372157725,-14.774525548038778,25.5,21.200000000000045,4.2999999999999545,25.5,26.007142857142867,3672177.35,No Signal
513,2024-07-31T00:00:00+05:30,1435.0,1435.0,1414.05,1427.8,3926481,1.354782453254699,1421.6945597451584,1435.4647439077785,-13.770184162620126,-14.573657270955048,20.950000000000045,5.2999999999999545,15.650000000000091,20.950000000000045,26.132142857142867,3636272.85,Buy
514,2024-08-01T00:00:00+05:30,1432.0,1440.0,1416.8,1419.85,4074181,1.2880537294161167,1421.4107813228263,1434.308096210906,-12.897314888079563,-14.238388794379953,23.200000000000045,12.200000000000045,11.0,23.200000000000045,26.350000000000023,3544620.65,Buy
515,2024-08-02T00:00:00+05:30,1413.95,1413.95,1392.7,1404.3,3268026,1.3153946993355181,1418.7783534270068,1432.0852742693573,-13.306920842350564,-14.052095203974076,21.25,5.899999999999864,27.149999999999864,27.149999999999864,26.60357142857143,3557518.1,Buy
516,2024-08-05T00:00:00+05:30,1388.0,1396.2,1369.0,1389.45,3532894,1.4295426193209875,1414.2662990536212,1428.9271058049605,-14.66080675133935,-14.173837513447133,27.200000000000045,8.099999999999909,35.299999999999955,35.299999999999955,27.982142857142858,3523347.35,Sell
517,2024-08-06T00:00:00+05:30,1395.0,1407.3,1376.25,1381.0,2425599,1.5548896725754606,1409.1484068915256,1425.3769498194079,-16.228542927882245,-14.584778596334155,31.049999999999955,17.84999999999991,13.200000000000045,31.049999999999955,29.182142857142853,3506013.45,Sell
518,2024-08-07T00:00:00+05:30,1391.0,1399.5,1329.2,1345.15,8728852,1.990225332792428,1399.3024981389833,1419.434212795748,-20.131714656764643,-15.694165808420253,70.29999999999995,18.5,51.799999999999955,70.29999999999995,32.57142857142857,3786142.35,Sell
519,2024-08-08T00:00:00+05:30,1347.95,1355.8,1334.0,1347.3,3669342,2.2672455281651267,1391.3021138099089,1414.0909377738408,-22.788823963931918,-17.113097439522587,21.799999999999955,10.649999999999864,11.150000000000091,21.799999999999955,32.13571428571428,3770653.4,Sell
520,2024-08-09T00:00:00+05:30,1367.0,1367.0,1338.05,1349.8,5082087,2.449486966601323,1384.917173223769,1409.3286460868896,-24.411472863120707,-18.57277252424221,28.950000000000045,19.700000000000045,9.25,28.950000000000045,32.571428571428555,3903948.0,Sell
521,2024-08-12T00:00:00+05:30,1349.8,1357.6,1336.65,1350.85,4436342,2.5632579127608768,1379.6760696508813,1404.996894524898,-25.32082487401658,-19.922382994197086,20.949999999999818,7.7999999999999545,13.149999999999864,20.949999999999818,31.828571428571404,3958749.85,Sell
522,2024-08-13T00:00:00+05:30,1355.0,1371.65,1343.5,1350.6,3905817,2.5945855712848376,1375.2028281661303,1400.967494930461,-25.76466676433074,-21.090839748223818,28.15000000000009,20.800000000000182,7.349999999999909,28.15000000000009,31.924999999999986,3939819.35,Sell
523,2024-08-14T00:00:00+05:30,1356.95,1356.95,1335.95,1338.1,4868357,2.657797329875538,1369.4947007559565,1396.3106434541305,-26.815942698174013,-22.235860338213858,21.0,6.350000000000136,14.649999999999864,21.0,31.80714285714284,4068987.95,Sell
524,2024-08-16T00:00:00+05:30,1347.1,1367.9,1338.55,1364.15,5456176,2.394154113041347,1368.672439101194,1393.9283735686395,-25.255934467445513,-22.83987516406019,29.350000000000136,29.800000000000182,0.4500000000000455,29.800000000000182,30.367857142857133,4160049.85,Sell
525,2024-08-19T00:00:00+05:30,1370.05,1375.8,1345.55,1347.6,5895105,2.3802108998564315,1365.430525393318,1390.4966421931847,-25.066116799866677,-23.285123491221487,30.25,11.649999999999864,18.600000000000136,30.25,29.596428571428564,4305717.65,Sell
526,2024-08-20T00:00:00+05:30,1363.9,1391.65,1357.2,1381.3,5507239,2.221265271532384,1367.8719830251152,1389.8154094381339,-21.943426413018642,-23.01678407558092,34.450000000000045,44.05000000000018,9.600000000000136,44.05000000000018,30.921428571428578,4436895.9,Buy
527,2024-08-21T00:00:00+05:30,1380.0,1387.35,1366.4,1384.0,5441231,2.1516775903560816,1370.3532164058668,1389.3846383686425,-19.031421962775767,-22.21971165301989,20.949999999999818,6.0499999999999545,14.899999999999864,20.949999999999818,30.92142857142856,4556211.2,Buy
528,2024-08-22T00:00:00+05:30,1384.05,1395.95,1379.6,1381.9,3510879,2.136877108261317,1372.129644651118,1388.830220711706,-16.70057606058799,-21.11588453453351,16.350000000000136,11.950000000000045,4.400000000000091,16.350000000000136,30.432142857142853,4454080.15,Buy
529,2024-08-23T00:00:00+05:30,1382.0,1390.3,1373.8,1388.55,2252945,2.1317574671293595,1374.6558531663306,1388.80946362195,-14.1536104556194,-19.72342971875069,16.5,8.399999999999864,8.100000000000136,16.5,29.671428571428578,4385145.45,Buy
530,2024-08-26T00:00:00+05:30,1395.3,1395.55,1379.8,1384.5,2541300,2.1006819161225905,1376.1703372945874,1388.4902440943981,-12.319906799810724,-18.242725134962697,15.75,7.0,8.75,15.75,28.27500000000001,4331839.5,No Signal
531,2024-08-27T00:00:00+05:30,1385.9,1387.15,1377.55,1383.2,1167406,2.030372124835856,1377.251823864651,1388.0983741614798,-10.84655029682881,-16.76349016733592,9.600000000000136,2.650000000000091,6.9500000000000455,9.600000000000136,26.742857142857165,4092416.3,No Signal
532,2024-08-28T00:00:00+05:30,1389.05,1421.95,1382.55,1415.75,6532773,1.8975825242349336,1383.1746201931662,1390.146642742111,-6.9720225489447785,-14.805196643657693,39.40000000000009,38.75,0.650000000000091,39.40000000000009,24.535714285714317,4311151.6,No Signal
533,2024-08-29T00:00:00+05:30,1414.2,1423.05,1405.25,1417.45,3316387,1.8281320692367204,1388.4477555480637,1392.1691136501029,-3.7213581020391757,-12.58842893533399,17.799999999999955,7.2999999999999545,10.5,17.799999999999955,24.250000000000032,4280646.9,No Signal
534,2024-08-30T00:00:00+05:30,1422.15,1430.0,1415.55,1425.25,2792988,1.8533203158036824,1394.1096393099,1394.6195496760213,-0.5099103661211757,-10.172725221491428,14.450000000000045,12.549999999999955,1.900000000000091,14.450000000000045,23.214285714285747,4216587.25,No Signal
535,2024-09-02T00:00:00+05:30,1425.25,1451.25,1425.25,1449.05,4024426,2.1031372212572763,1402.5620024929924,1398.651434885205,3.9105676077874705,-7.356066655635648,26.0,26.0,0.0,26.0,23.575000000000045,4254407.25,No Signal
536,2024-09-03T00:00:00+05:30,1450.0,1451.9,1433.9,1436.7,2351018,2.3017930439265877,1407.814002109455,1401.4698471159304,6.344154993524626,-4.616022325803594,18.0,2.8500000000001364,15.149999999999864,18.0,22.85000000000004,4195313.45,No Signal
537,2024-09-04T00:00:00+05:30,1417.0,1439.25,1417.0,1434.4,2919356,2.4505543803736844,1411.9041556310774,1403.9091176999357,7.995037931141724,-2.0938102744145306,22.25,2.5499999999999545,19.700000000000045,22.25,22.939285714285752,4220001.3,No Signal
538,2024-09-05T00:00:00+05:30,1443.0,1444.0,1418.9,1422.9,3427784,2.4564221740211605,1413.595823995527,1405.3158497221627,8.27997427336436,-0.01905336485875258,25.09999999999991,9.599999999999909,15.5,25.09999999999991,22.60357142857145,3954947.9,No Signal
539,2024-09-06T00:00:00+05:30,1426.45,1438.2,1401.5,1409.35,2608515,2.406733747174555,1412.9426203039075,1405.6146756686692,7.327944635238282,1.4503462351606544,36.700000000000045,15.299999999999955,21.40000000000009,36.700000000000045,23.064285714285738,3901906.55,No Signal
540,2024-09-09T00:00:00+05:30,1409.35,1431.0,1400.1,1428.1,1802343,2.342777397066276,1415.274524872537,1407.2802552487678,7.994269623769242,2.759130912882372,30.90000000000009,21.65000000000009,9.25,30.90000000000009,22.125000000000018,3737919.35,No Signal
541,2024-09-10T00:00:00+05:30,1428.9,1438.5,1420.6,1435.55,2414043,2.2969389592110083,1418.3938287383005,1409.3743104155258,9.01951832277473,4.0112083948608435,17.90000000000009,10.400000000000091,7.5,17.90000000000009,21.907142857142894,3636804.4,No Signal
542,2024-09-11T00:00:00+05:30,1435.4,1438.95,1417.8,1421.2,2622902,2.1997768631391,1418.8255473939466,1410.250287421783,8.575259972163622,4.924018710321399,21.15000000000009,3.400000000000091,17.75,21.15000000000009,22.250000000000032,3572658.65,No Signal
543,2024-09-12T00:00:00+05:30,1425.15,1446.5,1420.15,1443.35,2437399,1.9819583617494654,1422.5985401025703,1412.7021179831324,9.89642211943783,5.918499392144685,26.34999999999991,25.299999999999955,1.0499999999999545,26.34999999999991,22.953571428571454,3451110.75,No Signal
544,2024-09-13T00:00:00+05:30,1450.0,1470.95,1442.35,1464.05,2999055,2.0021761495924153,1428.9756877790978,1416.5056647991967,12.47002297990116,7.2288041096959805,28.600000000000136,27.600000000000136,1.0,28.600000000000136,23.871428571428606,3328254.7,No Signal
545,2024-09-16T00:00:00+05:30,1469.95,1473.95,1461.1,1470.2,1495683,1.8880985214426018,1435.3178896592367,1420.4830229622191,14.83486669701756,8.750016627160297,12.850000000000136,9.900000000000091,2.9500000000000455,12.850000000000136,24.103571428571463,3108283.6,No Signal
546,2024-09-17T00:00:00+05:30,1478.0,1483.5,1462.25,1466.35,1866702,1.9242643322500839,1440.0920604808925,1423.8805768168695,16.211483664023035,10.242310034532846,21.25,13.299999999999955,7.9500000000000455,21.25,22.807142857142885,2926256.75,No Signal
547,2024-09-18T00:00:00+05:30,1470.0,1488.75,1461.15,1480.25,3966006,1.984964674576664,1446.2702050222938,1428.0560896452496,18.21411537704421,11.836671103035119,27.59999999999991,22.40000000000009,5.199999999999818,27.59999999999991,23.507142857142885,2852495.5,No Signal
548,2024-09-19T00:00:00+05:30,1494.95,1498.0,1474.9,1484.75,3861906,2.014016840971028,1452.1901734804023,1432.2556385604164,19.934534919985936,13.456243866425282,23.09999999999991,17.75,5.349999999999909,23.09999999999991,24.125000000000018,2870046.85,Buy
549,2024-09-20T00:00:00+05:30,1488.0,1491.95,1473.2,1480.2,5335400,2.0097048559893076,1456.4993775603405,1435.8070727411264,20.692304819214087,14.903456056983044,18.75,7.2000000000000455,11.549999999999955,18.75,23.607142857142872,3024169.6,No Signal
550,2024-09-23T00:00:00+05:30,1490.2,1490.85,1453.05,1465.1,4610747,1.8804094959384368,1457.822550243365,1437.9769192047465,19.84563103861842,15.89189105331012,37.799999999999955,10.649999999999864,27.15000000000009,37.799999999999955,25.021428571428583,3127641.95,Buy
551,2024-09-24T00:00:00+05:30,1470.1,1474.1,1446.0,1448.3,3893140,1.6489080914381091,1456.3575425136164,1438.7415918562467,17.615950657369694,16.236702974122036,28.09999999999991,9.0,19.09999999999991,28.09999999999991,25.43928571428572,3263928.65,Buy
552,2024-09-25T00:00:00+05:30,1450.0,1456.0,1432.25,1439.5,3012173,1.592642468521742,1453.7640744345986,1438.7977702372655,14.966304197333102,15.98262321876425,23.75,7.7000000000000455,16.049999999999955,23.75,25.342857142857156,3087898.65,Sell
553,2024-09-26T00:00:00+05:30,1445.0,1457.3,1437.3,1452.7,3388674,1.5103907517817916,1453.6003706754295,1439.8275650345051,13.772805640924389,15.540659703196278,20.0,17.799999999999955,2.2000000000000455,20.0,24.15000000000001,3091513.0,Sell
554,2024-09-27T00:00:00+05:30,1457.0,1481.0,1454.0,1462.7,4708951,1.4701409595010004,1455.0003136484404,1441.5218194763936,13.478494172046794,15.128226596966382,27.0,28.299999999999955,1.2999999999999545,28.299999999999955,23.964285714285715,3187311.15,Sell
555,2024-09-30T00:00:00+05:30,1467.0,1474.8,1437.0,1447.6,2888962,1.4858128374752833,1453.8618038563727,1441.9720550707348,11.889748785637948,14.480531034700697,37.799999999999955,12.099999999999909,25.700000000000045,37.799999999999955,25.385714285714275,3130537.95,Sell
556,2024-10-01T00:00:00+05:30,1450.0,1450.3,1404.65,1409.7,3377999,1.6421769948399363,1447.0676801861616,1439.5815324729026,7.486147713259015,13.08165437041236,45.649999999999864,2.7000000000000455,42.94999999999982,45.649999999999864,27.13571428571426,3181887.0,Sell
557,2024-10-03T00:00:00+05:30,1404.0,1412.7,1382.05,1387.75,2081630,1.924180916381573,1437.9418832344445,1435.7421596971321,2.199723537312366,10.905268203792362,30.65000000000009,3.0,27.65000000000009,30.65000000000009,27.44285714285713,3140000.7,Sell
558,2024-10-04T00:00:00+05:30,1384.05,1410.95,1380.85,1382.85,2178195,2.1580024268479168,1429.466208890684,1431.8242219417891,-2.3580130511052175,8.252611952812847,30.100000000000136,23.200000000000045,6.900000000000091,30.100000000000136,27.549999999999986,3077521.25,Sell
559,2024-10-07T00:00:00+05:30,1388.0,1394.05,1338.2,1350.85,3878973,2.6431911962970975,1417.3714075228863,1425.8261314275826,-8.454723904696266,4.911144781311025,55.84999999999991,11.200000000000045,44.649999999999864,55.84999999999991,30.62142857142854,3141044.15,Sell
560,2024-10-08T00:00:00+05:30,1357.85,1371.0,1343.55,1359.55,2429248,2.9451860101208296,1408.4758063655192,1420.9167883588727,-12.440981993353489,1.440719426378122,27.450000000000045,20.15000000000009,7.2999999999999545,27.450000000000045,31.06428571428569,3172389.4,Sell
561,2024-10-09T00:00:00+05:30,1369.0,1371.5,1335.55,1341.55,5269772,3.3878172086230243,1398.1795284631316,1415.0377669989562,-16.858238535824512,-2.219072166062405,35.950000000000045,11.950000000000045,24.0,35.950000000000045,31.66071428571427,3315175.85,Sell
562,2024-10-10T00:00:00+05:30,1350.0,1362.0,1344.3,1356.4,1673393,3.5781594930279845,1391.7519086995728,1410.6942287027373,-18.94232000316447,-5.563721733482818,17.700000000000045,20.450000000000045,2.75,20.450000000000045,31.471428571428564,3267700.4,Sell
563,2024-10-11T00:00:00+05:30,1360.1,1371.3,1339.0,1347.6,2755874,3.838852348985683,1384.959307361177,1406.0205821321642,-21.06127477098721,-8.663232340983697,32.299999999999955,14.899999999999864,17.40000000000009,32.299999999999955,32.4392857142857,3283624.15,Sell
564,2024-10-14T00:00:00+05:30,1354.6,1371.5,1348.3,1370.45,1381439,3.8115470215733755,1382.7271062286882,1403.3857241964483,-20.658617967760165,-11.062309466338991,23.200000000000045,23.90000000000009,0.7000000000000455,23.90000000000009,31.446428571428573,3202743.35,Sell
565,2024-10-15T00:00:00+05:30,1371.0,1374.45,1349.45,1360.9,2775029,3.8539211584242756,1379.369089885813,1400.23863351523,-20.869543629416967,-13.023756298954586,25.0,4.0,21.0,25.0,31.225000000000005,3266710.65,Sell
566,2024-10-16T00:00:00+05:30,1355.0,1358.35,1341.1,1346.3,2126519,3.9439716633619373,1374.281537595688,1396.2431791807685,-21.961641585080542,-14.811333356179778,17.25,2.550000000000182,19.800000000000182,19.800000000000182,30.94285714285716,3279701.5,Sell
567,2024-10-17T00:00:00+05:30,1348.0,1354.25,1337.0,1347.35,1353852,3.858170012676227,1370.1382241194283,1392.6214622044154,-22.48323808498708,-16.34571430194124,17.25,7.9500000000000455,9.299999999999955,17.25,30.74642857142859,3149093.8,Sell
568,2024-10-18T00:00:00+05:30,1345.0,1354.95,1331.0,1347.25,3676670,3.674992724242274,1366.6169588702855,1389.2606131522364,-22.64365428195083,-17.605302297943158,23.950000000000045,7.600000000000136,16.34999999999991,23.950000000000045,30.43571428571431,3139832.0,Sell
569,2024-10-21T00:00:00+05:30,1352.05,1353.95,1299.6,1308.25,5862686,3.738244302765749,1357.6374267363954,1383.2598269928114,-25.622400256416086,-19.208721889637744,54.350000000000136,6.7000000000000455,47.65000000000009,54.350000000000136,31.617857142857183,3166196.3,Sell
570,2024-10-22T00:00:00+05:30,1309.1,1312.2,1271.25,1274.35,4183194,4.028486344523982,1344.8239764692576,1375.1924324007514,-30.368455931493827,-21.440668698008963,40.950000000000045,3.9500000000000455,37.0,40.950000000000045,31.282142857142908,3144818.65,Sell
571,2024-10-23T00:00:00+05:30,1274.35,1284.9,1266.5,1274.3,4860497,4.185796466580984,1333.9741339355255,1367.7189188895845,-33.744784954059014,-23.901491949218975,18.40000000000009,10.550000000000182,7.849999999999909,18.40000000000009,30.407142857142908,3193186.5,Sell
572,2024-10-24T00:00:00+05:30,1276.0,1285.95,1258.15,1280.05,2441333,4.223564160805705,1325.6781133300601,1361.2249248977635,-35.546811567703344,-26.23055587291585,27.799999999999955,11.650000000000091,16.149999999999864,27.799999999999955,30.242857142857183,3164644.5,Sell
573,2024-10-25T00:00:00+05:30,1163.0,1166.75,1025.5,1041.6,56935420,8.24751473630126,1281.9737882023585,1337.5490045349661,-55.575216332607624,-32.099487964854205,141.25,113.29999999999995,254.54999999999995,254.54999999999995,44.435714285714326,5841981.8,Sell
574,2024-10-28T00:00:00+05:30,1051.4,1084.65,1031.0,1054.8,11099823,9.67980671487734,1247.023974632765,1316.6046338286724,-69.5806591959074,-39.595722211064846,53.65000000000009,43.05000000000018,10.599999999999909,53.65000000000009,46.3071428571429,6161525.4,Sell
575,2024-10-29T00:00:00+05:30,1058.8,1058.8,1018.1,1038.15,7951124,11.102543572427379,1214.889516996955,1295.9783646561782,-81.08884765922312,-47.8943473006965,40.69999999999993,4.0,36.69999999999993,40.69999999999993,46.64642857142861,6414633.5,Sell
576,2024-10-30T00:00:00+05:30,1037.65,1069.4,1030.25,1056.4,8907271,11.750674394192343,1190.5065143820389,1278.2318191260908,-87.72530474405198,-55.8605387893676,39.15000000000009,31.25,7.900000000000091,39.15000000000009,47.9821428571429,6691097.1,Sell
577,2024-10-31T00:00:00+05:30,1054.0,1066.9,1044.0,1055.6,4509824,12.425851477716652,1169.7516660155713,1261.740573264899,-91.98890724932767,-63.08621248135962,22.90000000000009,10.5,12.400000000000091,22.90000000000009,47.31071428571433,6812506.8,Sell
578,2024-11-01T00:00:00+05:30,1061.45,1069.9,1058.55,1062.5,441083,12.75037042166374,1153.2514097054834,1246.982012282314,-93.7306025768305,-69.2150905004538,11.350000000000136,14.300000000000182,2.9500000000000455,14.300000000000182,46.62500000000006,6725651.2,Sell
579,2024-11-04T00:00:00+05:30,1067.0,1070.5,1054.1,1063.8,5143749,13.088492847045332,1139.4896543661782,1233.4129743354758,-93.92331996929761,-74.15673639422256,16.40000000000009,8.0,8.400000000000091,16.40000000000009,46.01071428571435,6788890.0,Sell
580,2024-11-05T00:00:00+05:30,1063.7,1092.4,1062.0,1090.1,4840541,12.798816935088583,1131.8912460021509,1222.797198458774,-90.90595245662303,-77.50657960670266,30.40000000000009,28.600000000000136,1.7999999999999545,30.40000000000009,46.7678571428572,6909454.65,Sell
581,2024-11-06T00:00:00+05:30,1092.3,1098.6,1068.25,1077.65,7153974,12.989910937427846,1123.5464389248968,1212.0455541284944,-88.49911520359751,-79.70508672608163,30.34999999999991,8.5,21.84999999999991,30.34999999999991,47.70357142857148,7003664.75,Sell
582,2024-11-07T00:00:00+05:30,1086.0,1086.0,1051.0,1056.8,4901367,13.177800332443102,1113.2777560133743,1200.5458834523097,-87.26812743893538,-81.21769486865239,35.0,8.349999999999909,26.65000000000009,35.0,48.49285714285719,7165063.45,Sell
583,2024-11-08T00:00:00+05:30,1061.45,1061.45,1048.05,1053.8,2107903,13.052735191646287,1104.1273320113166,1189.675818011398,-85.54848600008131,-82.08385309493818,13.400000000000091,4.650000000000091,8.75,13.400000000000091,45.567857142857186,7132664.9,Sell
584,2024-11-11T00:00:00+05:30,1053.0,1067.5,1040.0,1060.8,4918839,12.449820872847885,1097.4615886249603,1180.1294611216647,-82.66787249670438,-82.20065697529142,27.5,13.700000000000045,13.799999999999955,27.5,44.6071428571429,7309534.9,Sell
585,2024-11-12T00:00:00+05:30,1061.3,1065.45,1051.55,1059.55,2186055,11.822050221466666,1091.6290365288125,1171.1976491867265,-79.56861265791395,-81.67424811181593,13.900000000000091,4.650000000000091,9.25,13.900000000000091,44.28571428571433,7280086.2,Buy
586,2024-11-13T00:00:00+05:30,1053.8,1067.8,1032.2,1036.7,4850346,11.414532521981915,1083.17841552438,1161.2348603580801,-78.0564448337002,-80.95068745619278,35.59999999999991,8.25,27.34999999999991,35.59999999999991,44.84285714285718,7416277.55,Buy
587,2024-11-14T00:00:00+05:30,1043.0,1045.0,1015.0,1017.15,2612235,10.755913541847605,1073.0201977513984,1150.561907738963,-77.54170998756467,-80.26889196246717,30.0,8.299999999999955,21.700000000000045,30.0,28.80357142857147,7479196.7,No Signal
588,2024-11-18T00:00:00+05:30,1015.5,1017.95,1000.05,1004.6,5427908,9.691976399659383,1062.4940134819526,1139.749914573114,-77.25590109116138,-79.666293788206,17.90000000000009,0.8000000000000682,17.100000000000023,17.90000000000009,26.25000000000004,7566758.6,No Signal
589,2024-11-19T00:00:00+05:30,1010.5,1032.0,998.1,1000.2,5718490,8.611311144979359,1052.9103191001138,1129.4128838639945,-76.50256476388063,-79.03354798334094,33.89999999999998,27.399999999999977,6.5,33.89999999999998,25.76428571428576,7559548.8,No Signal
590,2024-11-21T00:00:00+05:30,1000.4,1003.0,966.4,981.45,6606440,7.764154045258643,1041.9164238539424,1118.4526702444393,-76.5362463904969,-78.53408766477213,36.60000000000002,2.7999999999999545,33.80000000000007,36.60000000000002,25.582142857142895,7680711.1,No Signal
591,2024-11-22T00:00:00+05:30,986.0,1002.45,981.4,998.2,4026863,6.036798989741173,1035.1908201841052,1109.5450650411476,-74.35424485704243,-77.69811910322619,21.050000000000068,21.0,0.05000000000006821,21.050000000000068,25.45000000000004,7639029.4,No Signal
592,2024-11-25T00:00:00+05:30,1020.0,1022.05,997.05,1003.5,6491357,2.9714732722393276,1030.3153093865506,1101.6898750380997,-71.37456565154912,-76.43340841289078,25.0,23.84999999999991,1.150000000000091,25.0,26.21428571428574,7841530.6,No Signal
593,2024-11-26T00:00:00+05:30,1011.7,1017.7,998.1,1009.6,2390208,3.0322881811096734,1027.1283387116966,1094.8684028130554,-67.74006410135871,-74.69473955058437,19.600000000000023,14.200000000000045,5.399999999999977,19.600000000000023,26.44285714285716,5114270.0,No Signal
594,2024-11-27T00:00:00+05:30,1012.0,1012.0,994.5,1001.95,4798242,3.1392712506827998,1023.2547481406664,1087.9855581602365,-64.73081001957007,-72.70195364438152,17.5,2.3999999999999773,15.100000000000023,17.5,25.521428571428583,4799190.95,No Signal
595,2024-11-28T00:00:00+05:30,1005.95,1013.4,991.35,993.6,4822835,3.3082618434995417,1018.6924791959485,1080.9940353335523,-62.301556137603825,-70.62187414302598,22.049999999999955,11.449999999999932,10.600000000000023,22.049999999999955,24.928571428571445,4642776.5,No Signal
596,2024-11-29T00:00:00+05:30,998.1,999.5,987.3,995.85,4815934,3.3640335585872205,1015.1782516273411,1074.6870697532893,-59.50881812594821,-68.39926293961042,12.200000000000045,5.899999999999977,6.300000000000068,12.200000000000045,23.30000000000002,4438209.65,No Signal
597,2024-12-02T00:00:00+05:30,990.05,993.15,979.0,990.95,4969967,3.4444216929884717,1011.4508283000579,1068.4843238456383,-57.03349554558042,-66.12610946080443,14.149999999999977,2.7000000000000455,16.850000000000023,16.850000000000023,23.546428571428585,4461216.8,No Signal
598,2024-12-03T00:00:00+05:30,993.0,1011.5,991.4,998.35,4665094,3.3781109571220616,1009.4353162538952,1063.2891887459614,-53.853872492066216,-63.67166206705679,20.100000000000023,20.549999999999955,0.4499999999999318,20.549999999999955,23.05000000000001,4672417.35,No Signal
599,2024-12-04T00:00:00+05:30,1005.0,1005.95,990.5,998.85,4256690,3.2919620526175972,1007.8068060609883,1058.5159155055198,-50.70910944453158,-61.079151542551756,15.450000000000045,7.600000000000023,7.850000000000023,15.450000000000045,23.160714285714295,4628064.4,No Signal
600,2024-12-05T00:00:00+05:30,1006.0,1006.0,990.55,998.2,5254145,2.902994893738381,1006.3288358977593,1054.0480699125185,-47.719234014759195,-58.40716803699325,15.450000000000045,7.149999999999977,8.300000000000068,15.450000000000045,21.72142857142859,4648744.6,No Signal
601,2024-12-06T00:00:00+05:30,1000.0,1003.05,986.3,990.35,6258019,2.5987835954004685,1003.8705534519502,1049.329694363443,-45.459140911492796,-55.81756261189316,16.75,4.849999999999909,11.900000000000091,16.75,20.775000000000016,4603946.85,No Signal
602,2024-12-09T00:00:00+05:30,992.8,994.0,977.8,982.6,3565285,2.4758714312344043,1000.5981606131886,1044.386754040225,-43.7885934270364,-53.41176877492181,16.200000000000045,3.6499999999999773,12.550000000000068,16.200000000000045,20.653571428571443,4537142.75,No Signal
603,2024-12-10T00:00:00+05:30,983.0,988.4,979.1,984.3,3843321,2.281347735003733,998.0907512880826,1039.9358833705787,-41.84513208249609,-51.09844143643667,9.299999999999955,5.7999999999999545,3.5,9.299999999999955,18.896428571428583,4623913.65,No Signal
604,2024-12-10T00:00:00+05:30,983.0,988.4,979.1,984.3,3843321,1.901304942376391,995.9690972437622,1035.8147068246099,-39.84560958084762,-48.84787506531887,9.299999999999955,4.100000000000023,5.199999999999932,9.299999999999955,16.94642857142858,4570137.75,No Signal
605,2024-12-11T00:00:00+05:30,985.5,999.9,981.25,984.85,4679888,1.3350671370270002,994.258466898568,1032.0395433561202,-37.78107645755222,-46.63451534376554,18.649999999999977,15.600000000000023,3.0499999999999545,18.649999999999977,16.775000000000002,4694829.4,No Signal
606,2024-12-12T00:00:00+05:30,986.0,1005.5,986.0,997.95,5771673,0.94637613226771,994.8263950680191,1029.5143919964075,-34.68799692838843,-44.245211660690124,19.5,20.649999999999977,1.1499999999999773,20.649999999999977,16.464285714285715,4740895.75,No Signal
607,2024-12-13T00:00:00+05:30,991.0,997.65,965.55,986.65,5674567,0.8314172339686611,993.5684881344777,1026.3392518485255,-32.7707637140478,-41.95032207136166,32.10000000000002,0.3000000000000682,32.40000000000009,32.40000000000009,17.378571428571433,4894012.35,No Signal
608,2024-12-16T00:00:00+05:30,987.9,1007.95,985.55,999.35,3058066,0.7941561752419406,994.4579514984042,1024.340048007894,-29.88209650948977,-39.536676958987286,22.40000000000009,21.300000000000068,1.1000000000000227,22.40000000000009,17.72857142857144,4775520.25,No Signal
609,2024-12-17T00:00:00+05:30,1002.0,1002.0,972.0,975.65,3294161,0.900768927384121,991.5644204986497,1020.733377785087,-29.168957286437262,-37.46313302447729,30.0,2.6499999999999773,27.350000000000023,30.0,18.296428571428585,4654303.8,No Signal
610,2024-12-18T00:00:00+05:30,976.8,979.3,960.5,965.2,2958191,1.0861070391789744,987.5083558065497,1016.6197942454509,-29.111438438901132,-35.792794107362056,18.799999999999955,3.6499999999999773,15.149999999999977,18.799999999999955,18.76785714285715,4471891.35,No Signal
611,2024-12-19T00:00:00+05:30,959.0,966.85,948.0,964.4,3665813,1.2486229744820796,983.9532241440036,1012.7516613383805,-28.798437194376902,-34.39392272476503,18.850000000000023,1.6499999999999773,17.200000000000045,18.850000000000023,18.910714285714295,4453838.85,No Signal
612,2024-12-20T00:00:00+05:30,960.0,966.85,926.45,929.45,4466131,1.9139562565720853,975.5681127372338,1006.5811679059078,-31.013055168673986,-33.71774921354682,40.39999999999998,2.4500000000000455,37.94999999999993,40.39999999999998,20.32857142857144,4352577.55,No Signal
613,2024-12-23T00:00:00+05:30,938.95,948.8,930.05,945.7,2502370,2.0230913333114087,970.9730184699671,1002.0714517647294,-31.098433294762344,-33.19388602978992,18.75,19.34999999999991,0.599999999999909,19.34999999999991,20.607142857142858,4358185.65,Buy
614,2024-12-24T00:00:00+05:30,941.0,946.0,929.8,935.3,5603093,2.288613876046642,965.4848617822798,997.1254183006754,-31.640556518395556,-32.88322012751105,16.200000000000045,0.2999999999999545,15.900000000000091,16.200000000000045,20.660714285714285,4398428.2,Buy
615,2024-12-26T00:00:00+05:30,940.0,945.0,928.25,931.95,5262262,2.5405203631195783,960.3256522773137,992.2976095376624,-31.971957260348745,-32.700967554078595,16.75,9.700000000000045,7.0499999999999545,16.75,20.660714285714285,4420399.55,Buy
616,2024-12-27T00:00:00+05:30,933.05,971.1,933.05,953.4,6300341,2.4964303316098357,959.2601673115731,989.4163051274652,-30.156137815892066,-32.19200160644129,38.05000000000007,39.14999999999998,1.099999999999909,39.14999999999998,22.299999999999994,4494619.9,Buy
617,2024-12-30T00:00:00+05:30,953.3,973.5,948.85,963.5,8165774,2.451137480920094,959.9124492636388,987.496578821727,-27.584129558088193,-31.270427196770672,24.649999999999977,20.100000000000023,4.5499999999999545,24.649999999999977,23.39642857142857,4654410.25,Buy
618,2024-12-31T00:00:00+05:30,958.0,961.45,949.05,960.15,2295670,2.3996398212684613,959.9489955307713,985.4709063164139,-25.521910785642604,-30.12072391454506,12.400000000000091,2.0499999999999545,14.450000000000045,14.450000000000045,23.764285714285716,4535939.05,Buy
619,2025-01-01T00:00:00+05:30,958.6,979.3,953.5,969.4,4024591,2.2828946616775645,961.4029962183449,984.2804688114943,-22.877472593149378,-28.672073650265926,25.799999999999955,19.149999999999977,6.649999999999977,25.799999999999955,24.275000000000002,4524334.1,Buy
620,2025-01-02T00:00:00+05:30,975.5,998.0,968.8,991.35,3956740,2.1911916790744597,966.0102275693688,984.8041377884207,-18.793910219051895,-26.69644096402312,29.200000000000045,28.600000000000023,0.6000000000000227,29.200000000000045,24.885714285714293,4459463.85,Buy
621,2025-01-03T00:00:00+05:30,993.0,1025.4,990.65,997.9,5896120,2.220631854008071,970.9163464048505,985.774201655945,-14.85785525109452,-24.328723821437404,34.750000000000114,34.05000000000007,0.7000000000000455,34.750000000000114,25.053571428571438,4441368.9,Buy
622,2025-01-06T00:00:00+05:30,1004.95,1004.95,963.2,970.05,3370654,2.264413806711556,970.7830623425658,984.6094459777269,-13.82638363516105,-22.228255784182135,41.75,7.050000000000068,34.69999999999993,41.75,26.435714285714287,4431637.35,Buy
623,2025-01-07T00:00:00+05:30,970.15,994.55,970.15,983.6,3581533,2.23075787379406,972.754898905248,984.5346722015989,-11.779773296350982,-20.138559286615905,24.399999999999977,24.5,0.10000000000002274,24.5,26.042857142857144,4418547.95,Buy
624,2025-01-08T00:00:00+05:30,985.9,986.0,967.1,981.05,3781895,2.2260013726917056,974.0310683044406,984.2765483348138,-10.245480030373187,-18.159943435367364,18.899999999999977,2.3999999999999773,16.5,18.899999999999977,26.050000000000004,4415476.65,Buy
625,2025-01-09T00:00:00+05:30,981.05,985.35,970.4,980.9,3134034,2.2130729030014744,975.0878270268344,984.0264336433461,-8.93860661651172,-16.315676071596236,14.950000000000045,4.300000000000068,10.649999999999977,14.950000000000045,25.771428571428576,4338183.95,Buy
626,2025-01-10T00:00:00+05:30,971.75,975.0,933.05,937.6,5611356,2.3131101456288596,969.320469022706,980.5874385586538,-11.266969535947851,-15.30593476446656,41.950000000000045,5.899999999999977,47.85000000000002,47.85000000000002,26.303571428571438,4330168.1,Buy
627,2025-01-13T00:00:00+05:30,936.9,973.5,934.5,941.7,8752532,2.3126193783993916,965.0711660961358,977.7068875543091,-12.635721458173293,-14.771892103207907,39.0,35.89999999999998,3.1000000000000227,39.0,27.707142857142873,4484066.35,Buy
628,2025-01-14T00:00:00+05:30,945.1,979.3,945.1,962.1,5735697,2.0906451934727044,964.6140636198072,976.5508218095455,-11.93675818973827,-14.204865320513981,34.19999999999993,37.59999999999991,3.3999999999999773,37.59999999999991,29.23571428571429,4617947.9,Buy
629,2025-01-14T00:00:00+05:30,945.1,979.3,945.1,962.1,5735697,2.063954966341193,964.2272846013753,975.4803905643939,-11.253105963018584,-13.614513449014902,34.19999999999993,17.199999999999932,17.0,34.19999999999993,30.482142857142858,4740024.7,Buy
630,2025-01-15T00:00:00+05:30,971.25,983.0,954.65,962.45,3633812,2.06126948030628,963.9538562011637,974.5151764485129,-10.561320247349158,-13.003874808681754,28.350000000000023,20.899999999999977,7.4500000000000455,28.350000000000023,29.71071428571429,4773805.75,Buy
631,2025-01-16T00:00:00+05:30,967.0,990.65,967.0,975.35,3948431,2.0588701969422925,965.7071090932924,974.5770152301045,-8.86990613681212,-12.177081074307829,23.649999999999977,28.199999999999932,4.5499999999999545,28.199999999999932,29.964285714285715,4787936.65,Buy
632,2025-01-17T00:00:00+05:30,972.85,975.6,959.0,970.95,3066978,1.922025369945829,966.5137076943244,974.3083474352819,-7.794639740957564,-11.300592807637777,16.600000000000023,0.25,16.350000000000023,16.600000000000023,30.11785714285714,4717979.0,Buy
633,2025-01-20T00:00:00+05:30,966.2,980.45,948.1,970.7,4485164,1.8765745378271363,967.1577526644284,974.0410624400758,-6.88330977564749,-10.417136201239721,32.35000000000002,9.5,22.850000000000023,32.35000000000002,30.58571428571429,4817118.7,Buy
634,2025-01-21T00:00:00+05:30,971.55,978.5,958.0,960.45,3369291,1.7565398280205176,966.1257907160548,973.0343170741443,-6.908526358089489,-9.715414232609675,20.5,7.7999999999999545,12.700000000000045,20.5,29.964285714285715,4705428.6,Buy
635,2025-01-22T00:00:00+05:30,964.45,977.55,949.15,970.95,2639472,1.5259525646415124,966.8679767597387,972.8799232168002,-6.011946457061526,-8.974720677500045,28.399999999999977,17.09999999999991,11.300000000000068,28.399999999999977,29.510714285714275,4574289.1,Buy
636,2025-01-23T00:00:00+05:30,965.95,988.55,962.5,970.95,3359986,1.4833250396937954,967.4959803351635,972.7369659414817,-5.2409856063181905,-8.227973663263674,26.049999999999955,17.59999999999991,8.450000000000045,26.049999999999955,28.389285714285702,4427271.35,Buy
637,2025-01-24T00:00:00+05:30,970.85,973.0,948.25,950.8,2938649,1.5707977368029398,964.9273679759076,971.1120055013719,-6.184637525464268,-7.819306435703793,24.75,2.0499999999999545,22.700000000000045,24.75,28.407142857142844,4165915.1,Buy
638,2025-01-27T00:00:00+05:30,947.0,947.0,923.7,926.45,3907787,1.8990876351003887,959.007772902691,967.8037087975665,-8.79593589487547,-8.014632327538129,23.299999999999955,3.7999999999999545,27.09999999999991,27.09999999999991,28.992857142857126,4246520.95,Sell
639,2025-01-28T00:00:00+05:30,937.35,948.95,925.7,934.15,5708478,2.037260092192863,955.1835001484309,965.3108414792282,-10.127341330797321,-8.437174128189968,23.25,22.5,0.75,23.25,29.585714285714264,4330715.3,Sell
640,2025-01-29T00:00:00+05:30,935.7,953.0,931.95,948.3,2571504,1.9323622921075738,954.1245001255953,964.0507791474336,-9.92627902183824,-8.734995106919623,21.049999999999955,18.850000000000023,2.199999999999932,21.049999999999955,27.671428571428546,4261453.5,No Signal
641,2025-01-30T00:00:00+05:30,948.3,967.4,946.1,957.05,4509409,1.7131985490256307,954.5745770293498,963.5322029142903,-8.957625884940512,-8.7795212625238,21.299999999999955,19.100000000000023,2.199999999999932,21.299999999999955,26.407142857142826,4192117.95,No Signal
642,2025-01-31T00:00:00+05:30,957.55,999.3,953.1,991.2,5365839,1.7809204047450158,960.209257486373,965.5816693650836,-5.372411878710636,-8.098099385761168,46.19999999999993,42.25,3.949999999999932,46.19999999999993,27.021428571428544,4291877.2,No Signal
643,2025-02-01T00:00:00+05:30,977.0,1023.0,972.4,1009.4,6054296,1.9905576743953373,967.7770640269309,968.8274716343367,-1.0504076074057593,-6.688561030090087,50.60000000000002,31.799999999999955,18.800000000000068,50.60000000000002,28.19285714285712,4415515.35,No Signal
644,2025-02-03T00:00:00+05:30,994.0,1023.95,990.1,1012.7,3655089,2.2369189635771307,974.6882849458647,972.0772885503118,2.6109963955528883,-4.828649544961492,33.85000000000002,14.550000000000068,19.299999999999955,33.85000000000002,28.585714285714264,4409175.05,No Signal
645,2025-02-04T00:00:00+05:30,1022.45,1053.9,1014.7,1047.15,9861468,2.775693263753819,985.8362411080393,977.6382301391776,8.198010968861695,-2.223317442196855,39.200000000000045,41.200000000000045,2.0,41.200000000000045,29.514285714285702,4745546.75,Buy
646,2025-02-05T00:00:00+05:30,1052.4,1078.7,1052.4,1061.2,5000442,3.2799494596258874,997.4306655529564,983.8279908696089,13.602674683347459,0.941880982912008,26.299999999999955,31.549999999999955,5.25,31.549999999999955,30.582142857142838,4715001.05,Buy
647,2025-02-06T00:00:00+05:30,1062.1,1076.75,1058.05,1065.55,3889634,3.6988472756643005,1007.9105631601939,989.8814730274156,18.029090132778265,4.359322812885259,18.700000000000045,15.549999999999955,3.150000000000091,18.700000000000045,29.60714285714284,4471856.15,Buy
648,2025-02-07T00:00:00+05:30,1061.5,1086.55,1061.5,1079.1,3975043,4.155970241566663,1018.8627842124718,996.4902528031625,22.372531409309204,7.9619645321700485,25.049999999999955,21.0,4.0499999999999545,25.049999999999955,29.93214285714284,4383823.45,Buy
649,2025-02-10T00:00:00+05:30,1076.0,1082.0,1062.7,1068.0,4457091,4.492142865677925,1026.4223558720914,1001.7872711140394,24.635084758052017,11.296588577346443,19.299999999999955,2.900000000000091,16.399999999999864,19.299999999999955,29.282142857142837,4319893.15,Buy
650,2025-02-11T00:00:00+05:30,1063.5,1074.9,1047.65,1054.15,4109028,4.686244766770196,1030.688147276385,1005.6659917722587,25.022155504126317,14.041701962702419,27.25,6.900000000000091,20.34999999999991,27.25,29.367857142857126,4343653.95,Buy
651,2025-02-12T00:00:00+05:30,1060.45,1063.95,1020.25,1039.65,4798340,4.814868765860397,1032.0668938492488,1008.1833257150544,23.883568134194434,16.010075197000823,43.700000000000045,9.799999999999955,33.90000000000009,43.700000000000045,30.721428571428557,4386149.4,Buy
652,2025-02-13T00:00:00+05:30,1039.5,1056.95,1025.4,1047.25,4539780,4.838930360562886,1034.4027563339798,1011.0771534398651,23.325602894114695,17.473180736423597,31.549999999999955,17.299999999999955,14.25,31.549999999999955,31.039285714285704,4459789.5,Buy
653,2025-02-14T00:00:00+05:30,1049.6,1058.1,1018.2,1024.4,4036016,4.90833306792925,1032.8638707441369,1012.064030962838,20.79983978129883,18.138512545398644,39.899999999999864,10.849999999999909,29.049999999999955,39.899999999999864,32.228571428571406,4437332.1,Buy
654,2025-02-17T00:00:00+05:30,1024.4,1050.95,1013.1,1048.25,2795714,4.763335265202942,1035.2309675527313,1014.7444731137389,20.486494438992395,18.608108924117396,37.85000000000002,26.549999999999955,11.300000000000068,37.85000000000002,33.42857142857141,4408653.25,Buy
655,2025-02-18T00:00:00+05:30,1045.0,1051.5,1021.35,1024.1,2620716,4.797706389581879,1033.5185110061573,1015.4374751053138,18.081035900843517,18.50269431946262,30.149999999999977,3.25,26.899999999999977,30.149999999999977,34.06071428571427,4407715.45,Sell
656,2025-02-19T00:00:00+05:30,1024.1,1042.05,1015.9,1035.8,2464555,4.667547667174172,1033.8695093129022,1016.945810282698,16.92369903020426,18.18689526161095,26.149999999999977,17.950000000000045,8.199999999999932,26.149999999999977,32.62857142857142,4362943.9,Sell
657,2025-02-20T00:00:00+05:30,1029.95,1049.9,1025.6,1047.65,1819683,4.414896734743109,1035.989584803225,1019.2201947062018,16.76939009702312,17.903394228693383,24.300000000000182,14.100000000000136,10.200000000000045,24.300000000000182,30.75,4306995.6,Sell
658,2025-02-21T00:00:00+05:30,1041.55,1055.8,1038.95,1043.75,2589619,3.902241272793526,1037.1834948334981,1021.0372173205573,16.146277512940856,17.55197088554288,16.84999999999991,8.149999999999864,8.700000000000045,16.84999999999991,29.535714285714278,4241087.2,No Signal
659,2025-02-24T00:00:00+05:30,1030.1,1038.75,1021.1,1029.15,3074297,3.341001638695139,1035.9475725514214,1021.6381641857012,14.309408365720287,16.90345838157836,17.649999999999977,5.0,22.649999999999977,22.649999999999977,28.21071428571427,4109378.15,No Signal
660,2025-02-24T00:00:00+05:30,1030.1,1038.75,1021.1,1029.15,3074297,2.7472781173400804,1034.901792158895,1022.1945964682418,12.70719569065318,16.064205843393324,17.649999999999977,9.599999999999909,8.050000000000068,17.649999999999977,27.21785714285713,4134517.8,No Signal
661,2025-02-25T00:00:00+05:30,1028.2,1041.7,1026.35,1034.25,3628538,2.0692007505196943,1034.801516442142,1023.0875893224461,11.713927119695882,15.194150098653836,15.350000000000136,12.549999999999955,2.800000000000182,15.350000000000136,26.978571428571424,4090474.25,No Signal
