,Date,Open,High,Low,Close,Volume,Volatility,EMA12,EMA26,MACD,Signal Line,H-L,H-PC,L-PC,TR,ATR,Avg_Volume,Signal
0,2022-07-05T00:00:00+05:30,1675.0,1694.8,1656.95,1663.05,2642097,,1663.05,1663.05,0.0,0.0,37.84999999999991,,,37.84999999999991,,,No Signal
1,2022-07-06T00:00:00+05:30,1682.0,1712.4,1671.0,1704.5,5572949,,1669.426923076923,1666.1203703703704,3.3065527065525657,0.6613105413105131,41.40000000000009,49.350000000000136,7.9500000000000455,49.350000000000136,,,No Signal
2,2022-07-07T00:00:00+05:30,1718.0,1744.0,1716.05,1738.5,3170065,,1680.0535502958578,1671.4818244170096,8.571725878848156,2.243393608818042,27.950000000000045,39.5,11.549999999999955,39.5,,,No Signal
3,2022-07-08T00:00:00+05:30,1755.0,1756.45,1732.2,1744.75,1778149,,1690.0068502503411,1676.9090966824162,13.097753567924883,4.4142656006394105,24.25,17.950000000000045,6.2999999999999545,24.25,,,No Signal
4,2022-07-11T00:00:00+05:30,1743.0,1747.0,1728.2,1741.25,1533179,,1697.8904117502886,1681.6750895207558,16.21532222953283,6.774476926418095,18.799999999999955,2.25,16.549999999999955,18.799999999999955,,,No Signal
5,2022-07-12T00:00:00+05:30,1721.5,1739.0,1711.95,1718.95,1828832,,1701.1303484040905,1684.4361940006997,16.694154403390712,8.758412421812618,27.049999999999955,2.25,29.299999999999955,29.299999999999955,,,No Signal
6,2022-07-13T00:00:00+05:30,1724.0,1745.95,1723.4,1742.05,3613468,,1707.4256794188457,1688.7038833339811,18.721796084864536,10.751089154423003,22.549999999999955,27.0,4.4500000000000455,27.0,,,No Signal
7,2022-07-14T00:00:00+05:30,1740.0,1777.0,1737.05,1770.05,6570982,,1717.0601902774847,1694.7295216055381,22.33066867194657,13.067005057927716,39.950000000000045,34.950000000000045,5.0,39.950000000000045,,,No Signal
8,2022-07-15T00:00:00+05:30,1772.3,1790.0,1770.0,1787.7,2333732,,1727.9278533117179,1701.6162237088315,26.31162960288634,15.715929966919441,20.0,19.950000000000045,0.049999999999954525,20.0,,,No Signal
9,2022-07-18T00:00:00+05:30,1800.0,1850.0,1794.25,1845.65,3117038,,1746.0389528022229,1712.285392322992,33.75356047923083,19.32345606938172,55.75,62.299999999999955,6.5499999999999545,62.299999999999955,,,No Signal
10,2022-07-19T00:00:00+05:30,1835.0,1852.0,1828.05,1834.95,2895175,,1759.7175754480347,1721.371659558326,38.34591588970875,23.127948033447126,23.950000000000045,6.349999999999909,17.600000000000136,23.950000000000045,,,No Signal
11,2022-07-20T00:00:00+05:30,1846.25,1850.0,1818.1,1827.75,2571469,,1770.1841023021832,1729.2515366280795,40.93256567410367,26.688871561578434,31.90000000000009,15.049999999999955,16.850000000000136,31.90000000000009,,,No Signal
12,2022-07-21T00:00:00+05:30,1825.0,1825.0,1787.8,1800.55,2186674,,1774.855778871078,1734.5329042852588,40.322874585819136,29.415672166426578,37.200000000000045,2.75,39.950000000000045,39.950000000000045,,,No Signal
13,2022-07-22T00:00:00+05:30,1801.0,1842.0,1789.7,1827.1,3349580,,1782.8933513524505,1741.3897261900545,41.50362516239602,31.833262765620468,52.299999999999955,41.450000000000045,10.849999999999909,52.299999999999955,35.45714285714286,,No Signal
14,2022-07-25T00:00:00+05:30,1816.0,1848.8,1785.1,1795.55,1886331,,1784.840528067458,1745.4015983241245,39.438929743333574,33.35439616116309,63.700000000000045,21.700000000000045,42.0,63.700000000000045,37.303571428571445,,No Signal
15,2022-07-26T00:00:00+05:30,1791.0,1794.95,1752.0,1761.6,1802410,,1781.265062210926,1746.601479929745,34.66358228118111,33.616233385166694,42.950000000000045,0.599999999999909,43.549999999999955,43.549999999999955,36.88928571428572,,No Signal
16,2022-07-27T00:00:00+05:30,1761.15,1761.15,1732.35,1754.1,3479543,,1777.0858218707835,1747.156925860875,29.928896009908613,32.87876591011508,28.800000000000182,0.4499999999998181,29.25,29.25,36.15714285714286,,No Signal
17,2022-07-28T00:00:00+05:30,1774.8,1831.85,1765.0,1828.5,2154250,,1784.9956954291245,1753.1823387600693,31.81335666905511,32.665684061903086,66.84999999999991,77.75,10.900000000000091,77.75,39.978571428571435,,No Signal
18,2022-07-29T00:00:00+05:30,1837.65,1856.9,1803.65,1810.35,2386639,,1788.8963576707977,1757.4169803333975,31.479377337400138,32.4284227170025,53.25,28.40000000000009,24.84999999999991,53.25,42.439285714285724,,No Signal
19,2022-08-01T00:00:00+05:30,1815.0,1862.0,1812.0,1855.75,1655379,2.807393372063942,1799.1815334137518,1764.7009077161088,34.48062569764306,32.83886331313061,50.0,51.65000000000009,1.650000000000091,51.65000000000009,44.0357142857143,2826397.05,No Signal
20,2022-08-02T00:00:00+05:30,1851.7,1893.0,1834.2,1884.6,3357584,2.651096739212962,1812.3228359654822,1773.58232195936,38.74051400612234,34.01919345172896,58.799999999999955,37.25,21.549999999999955,58.799999999999955,46.30714285714287,2862171.4,No Signal
21,2022-08-03T00:00:00+05:30,1875.0,1879.8,1840.0,1851.1,2535482,2.574610200865418,1818.2885535092541,1779.3243721845924,38.964181324661695,35.00819102631551,39.799999999999955,4.7999999999999545,44.59999999999991,44.59999999999991,46.63928571428572,2710298.05,No Signal
22,2022-08-04T00:00:00+05:30,1857.0,1859.0,1814.25,1835.55,2361153,2.5287340996892507,1820.9441606616765,1783.4892335042523,37.45492715742421,35.49753825253725,44.75,7.900000000000091,36.84999999999991,44.75,48.40714285714286,2669852.45,No Signal
23,2022-08-05T00:00:00+05:30,1844.75,1850.0,1822.65,1833.9,1664510,2.45378382247833,1822.9373667137263,1787.2233643557893,35.714002357937034,35.540831073617206,27.34999999999991,14.450000000000045,12.899999999999864,27.34999999999991,45.910714285714285,2664170.5,No Signal
24,2022-08-08T00:00:00+05:30,1830.0,1849.5,1816.8,1844.5,1555912,2.3390321289246674,1826.2546949116145,1791.4660781072123,34.78861680440218,35.3903882197742,32.700000000000045,15.599999999999909,17.100000000000136,32.700000000000045,46.535714285714285,2665307.15,No Signal
25,2022-08-10T00:00:00+05:30,1848.0,1849.25,1821.05,1828.35,1657322,2.050380913947081,1826.5770495405968,1794.198220469641,32.37882907095582,34.788076390010524,28.200000000000045,4.75,23.450000000000045,28.200000000000045,46.271428571428565,2656731.65,No Signal
26,2022-08-11T00:00:00+05:30,1849.0,1856.65,1833.0,1853.5,2778209,1.8368021760037114,1830.7190419189665,1798.5909448792972,32.12809703966923,34.256080519942266,23.65000000000009,28.300000000000182,4.650000000000091,28.300000000000182,45.439285714285724,2614968.7,No Signal
27,2022-08-12T00:00:00+05:30,1860.0,1860.0,1836.5,1841.2,1396411,1.740067697380549,1832.3314970083563,1801.7471711845344,30.584325823821928,33.5217295807182,23.5,6.5,17.0,23.5,43.38214285714287,2356240.15,No Signal
28,2022-08-16T00:00:00+05:30,1850.45,1861.8,1838.55,1846.35,1313606,1.6846217878300356,1834.4881897763016,1805.0510844301245,29.437105346177077,32.70480473380998,23.25,20.59999999999991,2.650000000000091,23.25,40.49285714285715,2305233.85,No Signal
29,2022-08-17T00:00:00+05:30,1854.0,1854.0,1831.15,1839.7,3383246,1.6826038508275754,1835.2900067337937,1807.6176707686338,27.672335965159846,31.698310980079953,22.84999999999991,7.650000000000091,15.199999999999818,22.84999999999991,39.01428571428572,2318544.25,No Signal
30,2022-08-18T00:00:00+05:30,1839.0,1912.0,1832.0,1904.5,3661023,1.858483791613596,1845.9376980055176,1814.794139600587,31.143558404930673,31.587360465050097,80.0,72.29999999999995,7.7000000000000455,80.0,42.63928571428572,2356836.65,No Signal
31,2022-08-19T00:00:00+05:30,1919.0,1942.45,1871.0,1877.0,4563600,1.9618898807161727,1850.7165136969763,1819.4019811116545,31.314532585321786,31.532794889104437,71.45000000000005,37.950000000000045,33.5,71.45000000000005,42.189285714285724,2456443.2,No Signal
32,2022-08-22T00:00:00+05:30,1826.95,1838.0,1811.3,1832.05,4162595,1.9648542343488336,1847.84474235898,1820.33887139968,27.505870959299955,30.727410103143544,26.700000000000045,39.0,65.70000000000005,65.70000000000005,43.078571428571436,2555239.25,Sell
33,2022-08-23T00:00:00+05:30,1824.0,1869.0,1820.0,1855.75,2214220,1.9520158071520914,1849.060935842214,1822.9619179626668,26.09901787954709,29.801731658424256,49.0,36.950000000000045,12.049999999999955,49.0,42.88928571428572,2498471.25,Sell
34,2022-08-24T00:00:00+05:30,1851.0,1873.95,1841.4,1867.6,1415625,1.90043902388285,1851.9130995587964,1826.2684425580248,25.64465700077153,28.970316726893714,32.549999999999955,18.200000000000045,14.349999999999909,32.549999999999955,41.01428571428572,2474935.95,No Signal
35,2022-08-25T00:00:00+05:30,1875.1,1905.45,1856.15,1868.75,2203888,1.6460010725234504,1854.5033919343662,1829.4152245907637,25.088167343602436,28.193886850235458,49.299999999999955,37.850000000000136,11.449999999999818,49.299999999999955,41.35000000000001,2495009.85,No Signal
36,2022-08-26T00:00:00+05:30,1872.35,1927.0,1868.9,1902.05,3342951,1.3035672038204231,1861.8182547136944,1834.7955783247812,27.02267638891317,27.959644757971002,58.09999999999991,58.25,0.15000000000009095,58.25,42.314285714285724,2488180.25,No Signal
37,2022-08-29T00:00:00+05:30,1858.0,1877.95,1845.0,1850.0,3639599,1.3043877697102606,1860.0000616808184,1835.921831782205,24.078229898613472,27.183361786099496,32.950000000000045,24.09999999999991,57.049999999999955,57.049999999999955,44.4357142857143,2562447.7,Sell
38,2022-08-30T00:00:00+05:30,1864.85,1920.0,1857.0,1915.45,3885849,1.3313276104976484,1868.530821422231,1841.8128072057452,26.7180142164857,27.09029227217674,63.0,70.0,7.0,70.0,47.10000000000001,2637408.2,Sell
39,2022-09-01T00:00:00+05:30,1875.0,1925.5,1875.0,1902.85,4207795,1.4326843473449977,1873.81069504958,1846.3340807460604,27.476614303519682,27.16755667844533,50.5,10.049999999999955,40.450000000000045,50.5,48.69285714285714,2765029.0,Buy
40,2022-09-02T00:00:00+05:30,1916.95,1929.0,1904.4,1918.85,3331343,1.549727576471215,1880.7398188881061,1851.7056303204263,29.03418856767985,27.540883056292234,24.59999999999991,26.15000000000009,1.550000000000182,26.15000000000009,48.53928571428571,2763716.95,Buy
41,2022-09-05T00:00:00+05:30,1911.0,1957.0,1911.0,1937.9,3806219,1.748515454867948,1889.5336929053205,1858.0903984448391,31.44329446048141,28.32136533713007,46.0,38.15000000000009,7.849999999999909,46.0,50.146428571428565,2827253.8,Buy
42,2022-09-06T00:00:00+05:30,1944.95,1949.95,1910.0,1915.7,2767839,1.8062756910318236,1893.5592786121942,1862.3577763378141,31.20150227438012,28.897392724580083,39.950000000000045,12.049999999999955,27.90000000000009,39.950000000000045,51.339285714285715,2847588.1,Buy
43,2022-09-07T00:00:00+05:30,1900.0,1915.1,1885.7,1908.25,1976236,1.7979653460714222,1895.8193895949337,1865.757200312791,30.062189282142754,29.13035203609262,29.399999999999864,0.6000000000001364,30.0,30.0,51.85000000000001,2863174.4,Buy
44,2022-09-08T00:00:00+05:30,1920.1,1938.0,1912.0,1930.05,2412182,1.8419161646044717,1901.0856373495592,1870.519629919251,30.56600743030822,29.41748311493574,26.0,29.75,3.75,29.75,48.26071428571429,2905987.9,Buy
45,2022-09-09T00:00:00+05:30,1950.0,1950.7,1916.5,1926.35,2817973,1.8082292201235355,1904.9724623727038,1874.6552128881954,30.317249484508466,29.597436388850287,34.200000000000045,20.65000000000009,13.549999999999955,34.200000000000045,45.60000000000001,2964020.45,Buy
46,2022-09-12T00:00:00+05:30,1925.0,1944.0,1917.75,1924.0,1483670,1.8230999931754361,1907.8997758538262,1878.3103823038846,29.589393549941633,29.595827821068557,26.25,17.65000000000009,8.599999999999909,26.25,42.78214285714286,2899293.5,No Signal
47,2022-09-13T00:00:00+05:30,1933.0,1940.0,1920.15,1923.4,1584370,1.771806955269073,1910.2844257224683,1881.6503539850783,28.63407173739006,29.40347660433286,19.84999999999991,16.0,3.849999999999909,19.84999999999991,40.699999999999996,2908691.45,No Signal
48,2022-09-14T00:00:00+05:30,1892.0,1977.8,1892.0,1954.7,3741852,1.7898064245401542,1917.1175909959347,1887.0614388750726,30.05615212086218,29.534011707638726,85.79999999999995,54.399999999999864,31.40000000000009,85.79999999999995,44.503571428571426,3030103.75,No Signal
49,2022-09-15T00:00:00+05:30,1967.5,1987.2,1923.0,1934.15,3747493,1.7092478505965414,1919.7379616119447,1890.549480439882,29.188481172062666,29.464905600523515,64.20000000000005,32.5,31.700000000000045,64.20000000000005,45.56785714285714,3048316.1,Sell
50,2022-09-16T00:00:00+05:30,1926.25,1980.0,1910.1,1930.3,5168209,1.7427938209265665,1921.3628905947223,1893.493963370261,27.86892722446123,29.14570992531106,69.90000000000009,45.84999999999991,24.050000000000182,69.90000000000009,46.40000000000001,3123675.4,Sell
51,2022-09-19T00:00:00+05:30,1923.1,1940.0,1907.55,1929.5,1675906,1.7357516211571018,1922.6147535801497,1896.1610771946862,26.453676385463496,28.60730321734155,32.450000000000045,9.700000000000045,22.75,32.450000000000045,44.64285714285716,2979290.7,No Signal
52,2022-09-20T00:00:00+05:30,1944.0,1961.7,1933.0,1939.75,1612723,1.5108977447245409,1925.2509453370496,1899.3898862913761,25.861059045673528,28.058054383007946,28.700000000000045,32.200000000000045,3.5,32.200000000000045,41.942857142857164,2851797.1,No Signal
53,2022-09-21T00:00:00+05:30,1927.0,1950.0,1898.4,1918.5,2238239,1.3650189430253472,1924.212338362119,1900.8054502697928,23.4068880923262,27.1278211248716,51.59999999999991,10.25,41.34999999999991,51.59999999999991,42.02142857142859,2852998.05,No Signal
54,2022-09-22T00:00:00+05:30,1905.55,1924.6,1881.2,1892.75,1857227,1.2857015357186807,1919.3719786141007,1900.2087502498082,19.163228364292536,25.534902572755787,43.399999999999864,6.099999999999909,37.299999999999955,43.399999999999864,43.253571428571426,2875078.15,No Signal
55,2022-09-23T00:00:00+05:30,1870.1,1888.7,1841.9,1862.7,2613501,1.3413024330890062,1910.6532126734699,1897.430324305378,13.222888368091844,23.072499731823,46.799999999999955,4.0499999999999545,50.84999999999991,50.84999999999991,43.59999999999999,2895558.8,No Signal
56,2022-09-26T00:00:00+05:30,1836.0,1858.0,1816.65,1829.0,2285055,1.726568242940116,1898.0911799544745,1892.3614113938686,5.729768560605862,19.603953497579575,41.34999999999991,4.7000000000000455,46.049999999999955,46.049999999999955,44.03571428571427,2842664.0,No Signal
57,2022-09-27T00:00:00+05:30,1832.2,1834.85,1792.05,1799.3,2740142,2.1219601266975916,1882.8925368845553,1885.4679735128414,-2.57543662828607,15.168075472406446,42.799999999999955,5.849999999999909,36.950000000000045,42.799999999999955,44.94999999999998,2797691.15,No Signal
58,2022-09-28T00:00:00+05:30,1790.0,1808.0,1775.1,1792.6,1770057,2.579192726701166,1869.0013773638545,1878.588864363742,-9.58748699988746,10.216962977947667,32.90000000000009,8.700000000000045,24.200000000000045,32.90000000000009,45.17499999999999,2691901.55,No Signal
59,2022-09-29T00:00:00+05:30,1802.0,1810.0,1759.75,1765.3,2799137,3.150688562134248,1853.047319307877,1870.1970966330944,-17.14977732521743,4.743614917314647,50.25,17.40000000000009,32.84999999999991,50.25,46.321428571428555,2621468.65,Sell
60,2022-09-30T00:00:00+05:30,1768.0,1826.45,1757.7,1819.2,2804590,3.184967343066773,1847.8400394143573,1866.419533919532,-18.57949450517458,0.07899303281680194,68.75,61.15000000000009,7.599999999999909,68.75,49.35714285714284,2595131.0,Sell
61,2022-10-03T00:00:00+05:30,1808.0,1813.0,1773.3,1783.9,2439846,3.4526434286187317,1838.003110273687,1860.3069758514184,-22.303865577731358,-4.39757868929283,39.700000000000045,6.2000000000000455,45.90000000000009,45.90000000000009,51.21785714285714,2526812.35,Sell
62,2022-10-04T00:00:00+05:30,1808.0,1827.8,1802.0,1822.25,1668895,3.4350068210489795,1835.579554846966,1857.4879406031653,-21.908385756199323,-7.899740102674129,25.799999999999955,43.899999999999864,18.09999999999991,43.899999999999864,48.22499999999999,2471865.15,Sell
63,2022-10-06T00:00:00+05:30,1825.0,1840.0,1811.85,1818.9,1747946,3.496603980836614,1833.0134694858943,1854.6295746325604,-21.616105146666087,-10.643013111472522,28.15000000000009,17.75,10.400000000000091,28.15000000000009,45.64999999999999,2460450.65,Sell
64,2022-10-07T00:00:00+05:30,1810.5,1830.0,1802.2,1825.4,1063777,3.4579071638429446,1831.8421664880645,1852.4644209560745,-20.62225446800994,-12.638861382780005,27.799999999999955,11.099999999999909,16.700000000000045,27.799999999999955,42.642857142857125,2393030.4,No Signal
65,2022-10-10T00:00:00+05:30,1801.1,1821.75,1794.55,1808.25,1037722,3.4871341580536757,1828.2126024129777,1849.189278663032,-20.976676250054197,-14.306424356234844,27.200000000000045,3.650000000000091,30.850000000000136,30.850000000000136,42.52857142857142,2304017.85,No Signal
66,2022-10-11T00:00:00+05:30,1809.85,1809.85,1783.3,1787.9,1496701,3.554293520357671,1822.010663580212,1844.6493320954,-22.6386685151881,-15.972873188025497,26.549999999999955,1.599999999999909,24.950000000000045,26.549999999999955,42.124999999999986,2304669.4,No Signal
67,2022-10-12T00:00:00+05:30,1788.0,1813.0,1780.2,1810.2,1034681,3.4438785496605644,1820.1936384140254,1842.097529717963,-21.9038913039376,-17.159076811207918,32.799999999999955,25.09999999999991,7.7000000000000455,32.799999999999955,40.782142857142844,2277184.95,No Signal
68,2022-10-13T00:00:00+05:30,1805.0,1815.9,1793.0,1801.5,1172978,3.232573475161847,1817.317694042637,1839.0903052944102,-21.77261125177324,-18.081783699320983,22.90000000000009,5.7000000000000455,17.200000000000045,22.90000000000009,39.31785714285714,2148741.25,No Signal
69,2022-10-14T00:00:00+05:30,1828.0,1858.0,1822.5,1834.0,1670197,2.9554017095038105,1819.8842026514621,1838.7132456429724,-18.829042991510278,-18.231235557758843,35.5,56.5,21.0,56.5,39.72142857142858,2044876.45,No Signal
70,2022-10-17T00:00:00+05:30,1828.05,1862.2,1820.25,1858.15,1104278,2.6916039476263696,1825.771248397391,1840.1530052249745,-14.381756827583558,-17.461339811723786,41.950000000000045,28.200000000000045,13.75,41.950000000000045,39.428571428571445,1841679.9,No Signal
71,2022-10-18T00:00:00+05:30,1867.45,1875.9,1855.1,1859.7,1609543,2.434832399781989,1830.991056336254,1841.6009307638653,-10.60987442761143,-16.091046734901315,20.800000000000182,17.75,3.050000000000182,20.800000000000182,37.85714285714289,1838361.75,No Signal
72,2022-10-19T00:00:00+05:30,1869.0,1877.45,1855.0,1869.35,912436,2.068842696651985,1836.8924322845226,1843.6564173739494,-6.7639850894267965,-14.225634405806412,22.450000000000045,17.75,4.7000000000000455,22.450000000000045,37.110714285714316,1803347.4,No Signal
73,2022-10-20T00:00:00+05:30,1860.0,1882.95,1855.35,1863.55,1591099,1.7981190530998958,1840.9935965484422,1845.13001608699,-4.136419538547898,-12.20779143235471,27.600000000000136,13.600000000000136,14.0,27.600000000000136,35.49285714285718,1770990.4,No Signal
74,2022-10-21T00:00:00+05:30,1870.0,1925.0,1866.3,1902.65,3941773,1.819262567811333,1850.479197079451,1849.3907556361019,1.0884414433492111,-9.548544857213926,58.700000000000045,61.450000000000045,2.75,61.450000000000045,34.97142857142861,1875217.7,No Signal
75,2022-10-24T00:00:00+05:30,1902.5,1915.0,1890.0,1895.8,648464,1.96083789508226,1857.451628297997,1852.828477440835,4.623150857162045,-6.714205714338732,25.0,12.349999999999909,12.650000000000091,25.0,33.47857142857146,1776965.85,No Signal
76,2022-10-25T00:00:00+05:30,1911.0,1911.6,1842.0,1846.6,3511551,2.0265511303403807,1855.7821470213821,1852.367108741514,3.415038279868213,-4.6883569154973435,69.59999999999991,15.799999999999955,53.799999999999955,69.59999999999991,35.31428571428575,1838290.65,No Signal
77,2022-10-27T00:00:00+05:30,1883.7,1888.0,1849.45,1865.0,4593491,2.0178343023747045,1857.2002782488619,1853.3028784643648,3.897399784497111,-2.9712055754984528,38.549999999999955,41.40000000000009,2.8500000000001364,41.40000000000009,36.26071428571432,1930958.1,No Signal
78,2022-10-28T00:00:00+05:30,1874.0,1894.85,1871.05,1884.25,3048505,2.02842931790454,1861.3617739028832,1855.595257837375,5.766516065508313,-1.2236612472970998,23.799999999999955,29.84999999999991,6.0499999999999545,29.84999999999991,36.407142857142894,1994880.5,No Signal
79,2022-10-31T00:00:00+05:30,1899.0,1912.0,1889.0,1901.95,1874206,1.9504717621191974,1867.6061163793627,1859.0289424420139,8.577173937348789,0.7365057896320781,23.0,27.75,4.75,27.75,36.18571428571431,1948633.95,No Signal
80,2022-11-01T00:00:00+05:30,1908.0,1941.5,1903.4,1909.2,2545358,2.0663912054505755,1874.0051753979224,1862.7453170759388,11.259858321983529,2.8411762961023683,38.09999999999991,39.549999999999955,1.4500000000000455,39.549999999999955,37.11428571428574,1935672.35,No Signal
81,2022-11-02T00:00:00+05:30,1918.75,1920.0,1897.5,1909.95,1864080,2.033178317663965,1879.5351484136265,1866.241960255499,13.293188158127577,4.93157866850741,22.5,10.799999999999955,11.700000000000045,22.5,36.378571428571455,1906884.05,No Signal
82,2022-11-03T00:00:00+05:30,1904.8,1913.0,1893.6,1900.15,1591866,2.0741366928506517,1882.7066640422993,1868.7536669032397,13.952997139059562,6.735862362617841,19.40000000000009,3.0499999999999545,16.350000000000136,19.40000000000009,36.128571428571455,1903032.6,No Signal
83,2022-11-04T00:00:00+05:30,1906.0,1908.0,1894.3,1899.95,2081384,2.0730799749297586,1885.3594849588685,1871.0645063918887,14.294978566979808,8.247685603490234,13.700000000000045,7.849999999999909,5.850000000000136,13.700000000000045,33.071428571428605,1919704.5,No Signal
84,2022-11-07T00:00:00+05:30,1908.0,1910.0,1871.65,1882.6,2624388,2.054886649540743,1884.9349488113503,1871.9189873998969,13.015961411453418,9.201340765082872,38.34999999999991,10.049999999999955,28.299999999999955,38.34999999999991,32.81428571428574,1997735.05,No Signal
85,2022-11-09T00:00:00+05:30,1898.0,1903.6,1880.7,1893.4,2322581,1.943842463824115,1886.2372643788349,1873.510173518423,12.727090860411863,9.906490784148671,22.899999999999864,21.0,1.8999999999998636,22.899999999999864,32.964285714285715,2061978.0,No Signal
86,2022-11-10T00:00:00+05:30,1895.0,1915.0,1891.7,1912.15,2510011,1.7094860749087286,1890.2238390897835,1876.3723828874288,13.851456202354711,10.69548386778988,23.299999999999955,21.59999999999991,1.7000000000000455,23.299999999999955,33.02499999999999,2112643.5,No Signal
87,2022-11-11T00:00:00+05:30,1933.0,1933.9,1890.9,1899.1,3423945,1.5416975434059528,1891.5894023067399,1878.0559100809526,13.533492225787313,11.263085539389367,43.0,21.75,21.25,43.0,34.124999999999986,2232106.7,No Signal
88,2022-11-14T00:00:00+05:30,1902.85,1928.7,1901.0,1922.8,2142155,1.2713778266655604,1896.3910327210876,1881.370287111993,15.020745609094547,12.014617553330403,27.700000000000045,29.600000000000136,1.900000000000091,29.600000000000136,31.84999999999999,2280565.55,No Signal
89,2022-11-15T00:00:00+05:30,1925.0,1933.3,1895.3,1912.4,1990289,1.1453885251183054,1898.8539507639973,1883.6687843629566,15.18516640104076,12.648727322872475,38.0,10.5,27.5,38.0,32.77857142857142,2296570.15,No Signal
90,2022-11-16T00:00:00+05:30,1914.0,1968.65,1913.95,1965.9,6437567,1.3510686129416325,1909.1687275695363,1889.759985521256,19.408742048280146,14.00073026795401,54.700000000000045,56.25,1.5499999999999545,56.25,31.824999999999996,2563234.6,No Signal
91,2022-11-17T00:00:00+05:30,1963.8,1965.0,1943.25,1950.55,2408507,1.4339103122990853,1915.535077174223,1894.2629495567187,21.27212761750434,15.455009737864076,21.75,0.900000000000091,22.65000000000009,22.65000000000009,30.485714285714284,2603182.8,No Signal
92,2022-11-18T00:00:00+05:30,1960.95,1997.55,1947.9,1959.55,4272004,1.5344385999463799,1922.3066037628041,1899.0990273673322,23.20757639547196,17.005523069385653,49.649999999999864,47.0,2.6499999999998636,49.649999999999864,31.899999999999995,2771161.2,No Signal
93,2022-11-21T00:00:00+05:30,1954.55,1954.55,1932.8,1944.1,1192610,1.5315925011472065,1925.6594339531418,1902.4324327475297,23.22700120561217,18.249818696630957,21.75,5.0,26.75,26.75,31.828571428571422,2751236.75,No Signal
94,2022-11-22T00:00:00+05:30,1953.85,1953.85,1930.1,1939.75,1166755,1.576292376046322,1927.8272133449661,1905.1966969884534,22.63051635651277,19.12595822860732,23.75,9.75,14.0,23.75,30.699999999999996,2612485.85,No Signal
95,2022-11-23T00:00:00+05:30,1950.5,1961.5,1945.65,1953.35,2500353,1.6317567997123144,1931.753795907279,1908.763608322642,22.990187584636942,19.898804099813244,15.849999999999909,21.75,5.900000000000091,21.75,30.64642857142857,2705080.3,No Signal
96,2022-11-24T00:00:00+05:30,1954.5,1956.3,1933.05,1944.85,1400388,1.4684806367370402,1933.7685965369283,1911.4366743728167,22.331922164111575,20.38542771267291,23.25,2.9500000000000455,20.299999999999955,23.25,30.92142857142856,2599522.15,No Signal
97,2022-11-25T00:00:00+05:30,1949.0,1949.0,1920.0,1928.4,2097482,1.3382098655567654,1932.9426586081702,1912.6932170118673,20.24944159630286,20.358230489398903,29.0,4.150000000000091,24.84999999999991,29.0,32.0142857142857,2474721.7,No Signal
98,2022-11-28T00:00:00+05:30,1916.0,1942.95,1916.0,1928.15,1564504,1.263796227023185,1932.2053265146055,1913.8381638998771,18.367162614728386,19.960016914464802,26.950000000000045,14.549999999999955,12.400000000000091,26.950000000000045,31.199999999999996,2400521.65,No Signal
99,2022-11-29T00:00:00+05:30,1931.6,1939.0,1923.25,1925.55,1363488,1.23941707862862,1931.1814301277432,1914.7057073147012,16.47572281304201,19.263158094180245,15.75,10.849999999999909,4.900000000000091,15.75,30.68928571428572,2374985.75,No Signal
100,2022-11-30T00:00:00+05:30,1939.0,1955.0,1916.0,1947.05,2950734,1.2388913969200022,1933.6227485696288,1917.1015808469456,16.52116772268323,18.714760019880842,39.0,29.450000000000045,9.549999999999955,39.0,31.810714285714294,2395254.55,No Signal
101,2022-12-01T00:00:00+05:30,1955.0,1961.75,1927.85,1934.3,2470409,1.2347222667035302,1933.7269410973781,1918.3755378212459,15.35140327613226,18.042088671131125,33.90000000000009,14.700000000000045,19.200000000000045,33.90000000000009,31.160714285714302,2425571.0,No Signal
102,2022-12-02T00:00:00+05:30,1917.1,1934.9,1917.1,1930.8,1590815,1.1924539670969319,1933.2766424670122,1919.2958683530055,13.980774114006636,17.229825759706227,17.800000000000182,0.6000000000001364,17.200000000000045,17.800000000000182,30.31785714285716,2425518.45,No Signal
103,2022-12-05T00:00:00+05:30,1942.0,1943.95,1920.0,1938.45,1245120,1.1390907602421816,1934.0725436259333,1920.7146929194496,13.35785070648376,16.455430749061733,23.950000000000045,13.150000000000091,10.799999999999955,23.950000000000045,29.314285714285738,2383705.25,No Signal
104,2022-12-06T00:00:00+05:30,1920.55,1943.1,1920.55,1935.25,1366698,0.9801590735744201,1934.253690760405,1921.7913823328238,12.46230842758132,15.656806284765652,22.549999999999955,4.649999999999864,17.90000000000009,22.549999999999955,26.907142857142876,2320820.75,No Signal
105,2022-12-07T00:00:00+05:30,1932.5,1932.5,1905.5,1911.45,2361824,0.9065970975232059,1930.7454306434197,1921.0253540118738,9.720076631545908,14.469460354121704,27.0,2.75,29.75,29.75,27.41428571428573,2322782.9,No Signal
106,2022-12-08T00:00:00+05:30,1898.9,1904.8,1877.1,1897.0,12619662,0.9818712978045054,1925.5538259290474,1919.2456981591424,6.308127769905013,12.837193837278367,27.700000000000045,6.650000000000091,34.350000000000136,34.350000000000136,26.321428571428605,2828265.45,No Signal
107,2022-12-09T00:00:00+05:30,1914.0,1916.75,1879.25,1888.05,2648253,1.0499529958758176,1919.7840065553478,1916.9349057029096,2.8491008524381414,10.839575240310323,37.5,19.75,17.75,37.5,27.089285714285747,2789480.85,No Signal
108,2022-12-12T00:00:00+05:30,1865.0,1879.7,1863.0,1865.75,3281303,1.3305578380803018,1911.4710824699096,1913.1434312063977,-1.6723487364881748,8.337190444950624,16.700000000000045,8.349999999999909,25.049999999999955,25.049999999999955,27.182142857142885,2846438.25,No Signal
109,2022-12-13T00:00:00+05:30,1863.75,1871.75,1858.2,1868.5,6939465,1.5081650642337334,1904.8601467053081,1909.8365103762942,-4.976363670986075,5.674479621763284,13.549999999999955,6.0,7.5499999999999545,13.549999999999955,26.596428571428596,3093897.05,No Signal
110,2022-12-14T00:00:00+05:30,1871.1,1875.95,1863.75,1873.2,3747141,1.558583573601082,1899.9893549044916,1907.122694792865,-7.133339888373484,3.112915719735931,12.200000000000045,7.4500000000000455,4.75,12.200000000000045,25.807142857142885,2959375.75,No Signal
111,2022-12-15T00:00:00+05:30,1875.55,1881.8,1854.9,1863.2,2041673,1.6822434153550008,1894.3294541499545,1903.8691618452456,-9.5397076952911,0.582391036730525,26.899999999999864,8.599999999999909,18.299999999999955,26.899999999999864,25.657142857142876,2941034.05,No Signal
112,2022-12-16T00:00:00+05:30,1854.7,1856.95,1835.2,1840.55,2487825,1.866714815375442,1886.0556919730384,1899.1788535604126,-13.12316158737417,-2.158719488090414,21.75,6.25,28.0,28.0,25.732142857142872,2851825.1,No Signal
113,2022-12-19T00:00:00+05:30,1840.55,1864.0,1840.5,1858.15,1713647,1.9159266195580904,1881.762508592571,1896.1396792226042,-14.377170630033106,-4.602409716478952,23.5,23.450000000000045,0.049999999999954525,23.5,26.285714285714302,2877876.95,No Signal
114,2022-12-20T00:00:00+05:30,1845.0,1861.95,1834.75,1847.1,1409280,2.020405487985779,1876.4298149629446,1892.5071103913,-16.077295428355455,-6.8973868588542535,27.200000000000045,3.7999999999999545,23.40000000000009,27.200000000000045,25.44285714285716,2890003.2,No Signal
115,2022-12-21T00:00:00+05:30,1860.5,1860.95,1809.0,1814.6,2382619,2.22753980861115,1866.9175357378763,1886.736213325278,-19.81867758740168,-9.48164500456374,51.950000000000045,13.850000000000136,38.09999999999991,51.950000000000045,26.732142857142872,2884116.5,No Signal
116,2022-12-22T00:00:00+05:30,1826.0,1835.0,1819.0,1826.05,1714087,2.285243000850334,1860.6302225474337,1882.2409382641463,-21.610715716712548,-11.907459146993503,16.0,20.40000000000009,4.400000000000091,20.40000000000009,26.91785714285715,2899801.45,No Signal
117,2022-12-23T00:00:00+05:30,1815.95,1839.15,1811.95,1821.95,2102097,2.385966427972818,1854.6794190785977,1877.7749428371724,-23.0955237585747,-14.145072069309743,27.200000000000045,13.100000000000136,14.099999999999909,27.200000000000045,27.15000000000001,2900032.2,No Signal
118,2022-12-26T00:00:00+05:30,1821.95,1826.1,1794.2,1813.55,4746646,2.487427070622625,1848.3518161434288,1873.0175396640484,-24.665723520619622,-16.24920235957172,31.899999999999864,4.149999999999864,27.75,31.899999999999864,27.817857142857147,3059139.3,Sell
119,2022-12-27T00:00:00+05:30,1822.65,1827.95,1807.0,1820.9,1548286,2.5052829867921202,1844.1284598136706,1869.1569811704153,-25.028521356744704,-18.00506615900632,20.950000000000045,14.400000000000091,6.5499999999999545,20.950000000000045,27.18928571428572,3068379.2,No Signal
120,2022-12-28T00:00:00+05:30,1824.4,1831.4,1815.25,1820.1,1904268,2.408249485686842,1840.4317736884905,1865.5231307133474,-25.09135702485696,-19.422324332176448,16.15000000000009,10.5,5.650000000000091,16.15000000000009,25.889285714285716,3016055.9,No Signal
121,2022-12-29T00:00:00+05:30,1814.4,1820.0,1801.0,1818.75,2154490,2.3248551421473285,1837.0961161979535,1862.0584543642105,-24.96233816625704,-20.53032709899257,19.0,0.09999999999990905,19.09999999999991,19.09999999999991,24.574999999999996,3000259.95,No Signal
122,2022-12-30T00:00:00+05:30,1825.1,1838.0,1822.3,1827.25,2692688,2.1762956576972425,1835.581329090576,1859.480050337232,-23.898721246655896,-21.204005928525234,15.700000000000045,19.25,3.5499999999999545,19.25,24.160714285714285,3055353.6,No Signal
123,2023-01-02T00:00:00+05:30,1827.8,1833.0,1816.45,1825.05,1125001,1.943364683317766,1833.9611246151028,1856.9296762381778,-22.968551623074973,-21.556915067435185,16.549999999999955,5.75,10.799999999999955,16.549999999999955,24.375,3049347.65,No Signal
124,2023-01-03T00:00:00+05:30,1822.25,1836.5,1821.0,1832.85,1663448,1.6212034051966833,1833.7901823666255,1855.1459965168312,-21.355814150205788,-21.516694883989306,15.5,11.450000000000045,4.0499999999999545,15.5,24.610714285714284,3064185.15,No Signal
125,2023-01-04T00:00:00+05:30,1834.9,1834.9,1813.95,1820.75,1664104,1.4280544325585283,1831.7840004640677,1852.5981449229919,-20.814144458924147,-21.376184798976276,20.950000000000045,2.050000000000182,18.899999999999864,20.950000000000045,24.185714285714294,3029299.15,No Signal
126,2023-01-05T00:00:00+05:30,1820.0,1832.8,1806.15,1820.3,1732618,1.261725381537218,1830.0172311619035,1850.205689743511,-20.188458581607392,-21.1386395555025,26.649999999999864,12.049999999999955,14.599999999999909,26.649999999999864,24.089285714285715,2484946.95,No Signal
127,2023-01-06T00:00:00+05:30,1826.0,1826.0,1770.65,1786.8,3799655,1.2640869648829836,1823.3684263677644,1845.5089719847324,-22.140545616967984,-21.3390207677956,55.34999999999991,5.7000000000000455,49.649999999999864,55.34999999999991,26.364285714285707,2542517.05,Sell
128,2023-01-09T00:00:00+05:30,1801.0,1816.0,1789.0,1811.9,3426868,1.1978106736314509,1821.6040530804162,1843.0194185043817,-21.415365423965568,-21.354289699029593,27.0,29.200000000000045,2.2000000000000455,29.200000000000045,26.50714285714285,2549795.3,Sell
129,2023-01-10T00:00:00+05:30,1808.55,1816.0,1788.9,1795.55,1474131,1.176020482917395,1817.5957372218907,1839.503165281835,-21.907428059944323,-21.46491737121254,27.09999999999991,4.099999999999909,23.0,27.09999999999991,24.73214285714284,2276528.6,No Signal
130,2023-01-11T00:00:00+05:30,1800.0,1804.15,1784.1,1801.85,1603701,1.0425706892317124,1815.1733161108305,1836.714041927625,-21.54072581679452,-21.480079060328936,20.050000000000182,8.600000000000136,11.450000000000045,20.050000000000182,24.70714285714285,2169356.6,No Signal
131,2023-01-12T00:00:00+05:30,1807.0,1807.0,1772.4,1779.5,3529605,1.0545773264892129,1809.6851136322412,1832.4759647478008,-22.79085111555969,-21.742233471375087,34.59999999999991,5.150000000000091,29.449999999999818,34.59999999999991,25.235714285714266,2243753.2,No Signal
132,2023-01-13T00:00:00+05:30,1779.5,1787.3,1759.0,1780.3,3983197,1.1207504132752162,1805.1643269195886,1828.611078470186,-23.446751550597355,-22.08313708721954,28.299999999999955,7.7999999999999545,20.5,28.299999999999955,24.978571428571417,2318521.8,No Signal
133,2023-01-16T00:00:00+05:30,1787.0,1799.0,1780.0,1784.8,2118161,1.0375666370567955,1802.0313535473442,1825.3658133983204,-23.334459850976145,-22.333401639970862,19.0,18.700000000000045,0.2999999999999545,19.0,24.839285714285698,2338747.5,No Signal
134,2023-01-17T00:00:00+05:30,1780.0,1801.95,1776.6,1797.65,2132394,0.9392294816640409,1801.3572991554452,1823.3127901836299,-21.955491028184724,-22.257819517613637,25.350000000000136,17.15000000000009,8.200000000000045,25.350000000000136,25.49642857142856,2374903.2,No Signal
135,2023-01-18T00:00:00+05:30,1802.95,1827.0,1796.0,1799.1,2835232,0.945922407133401,1801.0100223622997,1821.5192501700276,-20.50922780772794,-21.9081011756365,31.0,29.34999999999991,1.650000000000091,31.0,26.346428571428564,2397533.85,Buy
136,2023-01-19T00:00:00+05:30,1803.5,1803.5,1765.0,1767.3,4425644,1.0710334012418266,1795.8238650757921,1817.5030094166923,-21.679144340900166,-21.862309808689233,38.5,4.400000000000091,34.09999999999991,38.5,27.721428571428564,2533111.7,Buy
137,2023-01-20T00:00:00+05:30,1778.9,1778.9,1757.0,1762.9,4270294,1.1836498954061483,1790.7586550641317,1813.458342052493,-22.699686988361236,-22.029785244623636,21.90000000000009,11.600000000000136,10.299999999999955,21.90000000000009,28.10357142857143,2641521.55,Sell
138,2023-01-23T00:00:00+05:30,1790.0,1799.65,1770.0,1783.75,7764627,1.1863942159804206,1789.6804004388807,1811.2577241226786,-21.577323683797886,-21.939292932458486,29.65000000000009,36.75,7.099999999999909,36.75,29.621428571428574,2792420.6,Buy
139,2023-01-24T00:00:00+05:30,1792.7,1792.7,1748.75,1760.25,4159188,1.2832760135086947,1785.1526465252068,1807.4793741876654,-22.326727662458552,-22.0167798784585,43.950000000000045,8.950000000000045,35.0,43.950000000000045,31.264285714285716,2922965.7,Sell
140,2023-01-25T00:00:00+05:30,1757.0,1760.4,1733.0,1749.8,4280333,1.3998688391929959,1779.7137778290212,1803.206827951542,-23.4930501225208,-22.31203392727096,27.40000000000009,0.15000000000009095,27.25,27.40000000000009,31.31785714285716,3041768.95,Sell
141,2023-01-27T00:00:00+05:30,1752.1,1752.1,1704.0,1713.1,7516979,1.7488067767556763,1769.465504316864,1796.5322481032797,-27.0667437864156,-23.26297589909989,48.09999999999991,2.2999999999999545,45.799999999999955,48.09999999999991,30.80000000000002,3309893.4,Sell
142,2023-01-30T00:00:00+05:30,1713.1,1730.6,1683.85,1726.25,4939556,1.8427923191111333,1762.8169651911926,1791.326155651185,-28.509190459992396,-24.31221881127839,46.75,17.5,29.25,46.75,32.053571428571445,3422236.8,Sell
143,2023-01-31T00:00:00+05:30,1730.5,1738.6,1713.05,1731.0,4385384,1.8787304271059724,1757.9220474694707,1786.857551528875,-28.935504059404366,-25.236875860903588,25.549999999999955,12.349999999999909,13.200000000000045,25.549999999999955,31.94285714285716,3585255.95,Sell
144,2023-02-01T00:00:00+05:30,1745.0,1784.0,1720.75,1744.7,3652098,1.7743834676223642,1755.8878863203215,1783.7347699341435,-27.846883613822,-25.758877411487273,63.25,53.0,10.25,63.25,35.02857142857143,3684688.45,Sell
145,2023-02-02T00:00:00+05:30,1720.0,1768.0,1720.0,1761.75,4184470,1.6585169149269792,1756.7897499633489,1782.1062684575404,-25.31651849419154,-25.670405628028128,48.0,23.299999999999955,24.700000000000045,48.0,35.9857142857143,3810706.75,Buy
146,2023-02-03T00:00:00+05:30,1770.6,1783.7,1745.2,1780.3,2675212,1.5220829367098878,1760.406711507449,1781.9724707940188,-21.5657592865698,-24.849476359736464,38.5,21.950000000000045,16.549999999999955,38.5,36.71428571428573,3857836.45,Buy
147,2023-02-06T00:00:00+05:30,1772.0,1778.25,1740.0,1747.0,3040169,1.5644567500571613,1758.344140506303,1779.3819174018693,-21.037776895566367,-24.087136466902447,38.25,2.0499999999999545,40.299999999999955,40.299999999999955,38.2357142857143,3819862.15,Buy
148,2023-02-07T00:00:00+05:30,1752.2,1780.0,1747.05,1775.4,3643187,1.4343983534406575,1760.9681188899485,1779.0869605572864,-18.118841667337847,-22.893477506989527,32.950000000000045,33.0,0.049999999999954525,33.0,38.78214285714286,3830678.1,Buy
149,2023-02-08T00:00:00+05:30,1778.8,1780.0,1761.1,1765.5,1446690,1.391726518944036,1761.665331368418,1778.0805190345245,-16.415187666106476,-21.597819538812917,18.90000000000009,4.599999999999909,14.300000000000182,18.90000000000009,37.91785714285715,3829306.05,Buy
150,2023-02-09T00:00:00+05:30,1767.95,1775.2,1747.95,1770.9,2163825,1.304360004246653,1763.0860496194307,1777.548628735671,-14.46257911624025,-20.170771454298386,27.25,9.700000000000045,17.549999999999955,27.25,37.11428571428572,3857312.25,Buy
151,2023-02-10T00:00:00+05:30,1767.9,1778.65,1765.0,1772.05,1445942,1.2920650376117668,1764.465118908749,1777.141322903399,-12.676203994649995,-18.67185796236871,13.650000000000091,7.75,5.900000000000091,13.650000000000091,36.52500000000001,3753129.1,Buy
152,2023-02-13T00:00:00+05:30,1775.1,1784.45,1761.65,1773.8,2389142,1.2793488659454808,1765.9012544612492,1776.8938175031471,-10.992563041897938,-17.135998978274554,22.799999999999955,12.400000000000091,10.399999999999864,22.799999999999955,35.52857142857143,3673426.35,Buy
153,2023-02-14T00:00:00+05:30,1770.0,1777.0,1763.75,1770.35,1614893,1.2539545974261468,1766.5856768518263,1776.4090902806918,-9.823413428865479,-15.67348186839274,13.25,3.2000000000000455,10.049999999999955,13.25,33.33571428571429,3648262.95,Buy
154,2023-02-15T00:00:00+05:30,1768.45,1790.0,1760.25,1785.5,2409292,1.1952168562268763,1769.495572720776,1777.0824910006404,-7.586918279864449,-14.056169150687083,29.75,19.65000000000009,10.099999999999909,29.75,33.503571428571426,3662107.85,Buy
155,2023-02-16T00:00:00+05:30,1794.0,1803.9,1783.55,1787.95,2291602,1.1436751449281544,1772.334715379118,1777.8874916672596,-5.552776288141558,-12.355490578177978,20.350000000000136,18.40000000000009,1.9500000000000455,20.350000000000136,31.521428571428583,3634926.35,No Signal
156,2023-02-17T00:00:00+05:30,1783.1,1791.4,1751.05,1759.25,2587909,1.1599763625615986,1770.3216822438692,1776.506936728944,-6.185254485074893,-11.121443359557361,40.350000000000136,3.4500000000000455,36.90000000000009,40.350000000000136,31.064285714285738,3543039.6,No Signal
157,2023-02-20T00:00:00+05:30,1768.05,1768.05,1730.1,1737.3,3224839,1.2132741681534422,1765.2414234371201,1773.6027191934668,-8.361295756346635,-10.569413838915217,37.950000000000045,8.799999999999955,29.15000000000009,37.950000000000045,31.950000000000028,3490766.85,No Signal
158,2023-02-21T00:00:00+05:30,1745.0,1745.0,1725.05,1730.2,2936934,1.2296469717413425,1759.8504352160248,1770.3877029569137,-10.537267740888865,-10.562984619309947,19.950000000000045,7.7000000000000455,12.25,19.950000000000045,28.85714285714289,3249382.2,No Signal
159,2023-02-22T00:00:00+05:30,1723.95,1730.2,1698.0,1700.55,3539149,1.4537441752135787,1750.7272913366364,1765.21453977492,-14.487248438283586,-11.347837383104675,32.200000000000045,0.0,32.200000000000045,32.200000000000045,27.728571428571463,3218380.25,No Signal
160,2023-02-23T00:00:00+05:30,1707.4,1713.75,1687.75,1707.15,2770110,1.5734937337204684,1744.0230926694617,1760.9134627545557,-16.89037008509399,-12.456343923502539,26.0,13.200000000000045,12.799999999999955,26.0,26.83571428571432,3142869.1,No Signal
161,2023-02-24T00:00:00+05:30,1713.0,1724.25,1694.0,1697.3,2080363,1.6651149505514349,1736.8349245664676,1756.2013544023664,-19.36642983589877,-13.838361105981786,30.25,17.09999999999991,13.150000000000091,30.25,26.117857142857183,2871038.3,No Signal
162,2023-02-27T00:00:00+05:30,1698.3,1729.8,1690.8,1725.95,2343798,1.6382871402619181,1735.160320787011,1753.9605133355244,-18.80019254851345,-14.83072739448812,39.0,32.5,6.5,39.0,26.54642857142861,2741250.4,No Signal
163,2023-02-28T00:00:00+05:30,1725.95,1741.4,1721.65,1729.25,4395098,1.6391166278411025,1734.2510406659324,1752.1301049403003,-17.87906427436792,-15.440394770464081,19.75,15.450000000000045,4.2999999999999545,19.75,26.60714285714289,2741736.1,No Signal
164,2023-03-01T00:00:00+05:30,1729.25,1750.6,1726.0,1744.9,5613386,1.624281042260906,1735.8893421019427,1751.594541611389,-15.705199509446402,-15.493355718260547,24.59999999999991,21.34999999999991,3.25,24.59999999999991,26.41785714285717,2839800.5,No Signal
165,2023-03-02T00:00:00+05:30,1735.6,1746.35,1718.0,1721.7,4119935,1.6820259765601326,1733.7063663939516,1749.3801311216566,-15.67376472770502,-15.529437520149443,28.34999999999991,1.449999999999818,26.90000000000009,28.34999999999991,27.467857142857156,2836573.75,No Signal
166,2023-03-03T00:00:00+05:30,1732.0,1765.0,1719.9,1751.0,3626268,1.6005058473622793,1736.3669254102667,1749.5001214089414,-13.133195998674637,-15.050189215854482,45.09999999999991,43.299999999999955,1.7999999999999545,45.09999999999991,29.060714285714294,2884126.55,No Signal
167,2023-03-06T00:00:00+05:30,1756.3,1764.6,1741.45,1750.55,5186824,1.6013118864812466,1738.5489368856104,1749.5778901934643,-11.028953307853953,-14.245942034254378,23.149999999999864,13.599999999999909,9.549999999999955,23.149999999999864,29.767857142857142,2991459.3,No Signal
168,2023-03-08T00:00:00+05:30,1736.0,1744.3,1726.85,1740.2,5202592,1.5690782746646357,1738.8029465955165,1748.8832316606151,-10.080285065098678,-13.41281064042324,17.450000000000045,6.25,23.700000000000045,23.700000000000045,29.33571428571429,3069429.55,No Signal
169,2023-03-09T00:00:00+05:30,1739.3,1744.55,1713.7,1716.7,6927679,1.6109604295742947,1735.4024932731293,1746.4992885746437,-11.096795301514476,-12.949607572641488,30.84999999999991,4.349999999999909,26.5,30.84999999999991,30.08571428571427,3343479.0,No Signal
170,2023-03-10T00:00:00+05:30,1707.0,1713.5,1692.0,1699.3,4876144,1.6806144525859508,1729.8482635388016,1743.003044976522,-13.15478143772043,-12.990642345657278,21.5,3.2000000000000455,24.700000000000045,24.700000000000045,28.967857142857124,3479094.95,No Signal
171,2023-03-13T00:00:00+05:30,1699.0,1723.3,1666.2,1673.9,8978730,1.8573823367690188,1721.240838378986,1737.884300904187,-16.64346252520113,-13.721206381566049,57.09999999999991,24.0,33.09999999999991,57.09999999999991,30.335714285714257,3855734.35,Sell
172,2023-03-14T00:00:00+05:30,1673.0,1677.55,1643.5,1648.25,14138982,2.139740234135732,1710.0114786283727,1731.2447230594325,-21.233244431059802,-15.2236139914648,34.049999999999955,3.6499999999998636,30.40000000000009,34.049999999999955,31.342857142857106,4443226.35,Sell
173,2023-03-15T00:00:00+05:30,1668.0,1688.0,1661.6,1665.95,4692348,2.191470734783805,1703.232789608623,1726.408076906882,-23.17528729825881,-16.8139486528236,26.40000000000009,39.75,13.349999999999909,39.75,31.882142857142817,4597099.1,Sell
174,2023-03-16T00:00:00+05:30,1670.0,1678.85,1648.2,1663.55,3632062,2.152685866525572,1697.1277450534503,1721.7519230619278,-24.62417800847743,-18.37599452395437,30.649999999999864,12.899999999999864,17.75,30.649999999999864,32.214285714285666,4658237.6,Sell
175,2023-03-17T00:00:00+05:30,1679.6,1706.2,1671.15,1693.1,8928301,1.8949237282639264,1696.5080919683041,1719.6295583906738,-23.121466422369622,-19.32508890363742,35.049999999999955,42.65000000000009,7.600000000000136,42.65000000000009,33.09999999999996,4990072.55,Sell
176,2023-03-20T00:00:00+05:30,1687.0,1702.95,1681.05,1699.65,4463929,1.780229821922101,1696.9914624347189,1718.1495911024758,-21.158128667756955,-19.691696856461327,21.90000000000009,9.850000000000136,12.049999999999955,21.90000000000009,31.878571428571394,5083873.55,Sell
177,2023-03-21T00:00:00+05:30,1707.55,1711.95,1692.0,1706.85,1805106,1.73186589747435,1698.508160521685,1717.3125843541443,-18.80442383245918,-19.5142422516609,19.950000000000045,12.299999999999955,7.650000000000091,19.950000000000045,31.89285714285711,5012886.9,Buy
178,2023-03-22T00:00:00+05:30,1710.0,1713.2,1692.1,1705.15,3326099,1.7072322127647734,1699.5299819798875,1716.4116521797632,-16.88167019987577,-18.987727841303876,21.100000000000136,6.350000000000136,14.75,21.100000000000136,31.642857142857128,5032345.15,Buy
179,2023-03-23T00:00:00+05:30,1699.15,1700.0,1675.0,1679.7,5642140,1.7695246091726724,1696.4792155214432,1713.692270536818,-17.21305501537472,-18.632793276118047,25.0,5.150000000000091,30.15000000000009,30.15000000000009,31.77142857142857,5137494.7,Buy
180,2023-03-24T00:00:00+05:30,1676.05,1708.95,1675.0,1692.15,5480593,1.7658670496593907,1695.813182364298,1712.09654679335,-16.28336442905197,-18.162907506704833,33.950000000000045,29.25,4.7000000000000455,33.950000000000045,30.975000000000005,5273018.85,Buy
181,2023-03-27T00:00:00+05:30,1700.65,1712.85,1693.1,1705.2,2837140,1.7489200708446548,1697.257308154406,1711.585691475324,-14.328383320917965,-17.39600266954746,19.75,20.699999999999818,0.9499999999998181,20.699999999999818,30.800000000000004,5310857.7,Buy
182,2023-03-28T00:00:00+05:30,1708.95,1709.8,1685.45,1698.9,2371627,1.7343414440662799,1697.510029976805,1710.6460106253,-13.135980648494979,-16.543998265336967,24.34999999999991,4.599999999999909,19.75,24.34999999999991,30.846428571428564,5312249.15,Buy
183,2023-03-29T00:00:00+05:30,1700.1,1727.0,1695.0,1721.05,2819405,1.6940042195908107,1701.1315638265273,1711.4166765049074,-10.285112678380074,-15.29222114794559,32.0,28.09999999999991,3.900000000000091,32.0,30.928571428571427,5233464.5,Buy
184,2023-03-31T00:00:00+05:30,1725.5,1740.65,1721.0,1733.5,3565560,1.6390322215879267,1706.1113232378307,1713.0524782452846,-6.941155007453972,-13.622007919847267,19.65000000000009,19.600000000000136,0.049999999999954525,19.65000000000009,30.567857142857147,5131073.2,No Signal
185,2023-04-03T00:00:00+05:30,1734.0,1752.2,1733.2,1745.7,2436671,1.7017351590856595,1712.201888893549,1715.4708131900784,-3.268924296529349,-11.551391195183683,19.0,18.700000000000045,0.2999999999999545,19.0,27.846428571428582,5046910.0,No Signal
186,2023-04-05T00:00:00+05:30,1745.0,1759.7,1739.05,1751.9,2526050,1.6999768948000007,1718.309290602234,1718.169271472295,0.14001912993899168,-9.213109130159149,20.65000000000009,14.0,6.650000000000091,20.65000000000009,26.889285714285734,4991899.1,No Signal
187,2023-04-06T00:00:00+05:30,1750.0,1761.45,1739.35,1757.1,1557169,1.7269882342660734,1724.277092048044,1721.0530291410137,3.2240629070304294,-6.725674722721234,22.100000000000136,9.549999999999955,12.550000000000182,22.100000000000136,25.62857142857146,4810416.35,No Signal
188,2023-04-10T00:00:00+05:30,1757.15,1768.0,1749.65,1759.3,1253156,1.8064694562647747,1729.6652317329604,1723.8861380935311,5.77909363942922,-4.224721050291143,18.34999999999991,10.900000000000091,7.449999999999818,18.34999999999991,24.750000000000032,4612944.55,No Signal
189,2023-04-11T00:00:00+05:30,1847.2,1859.0,1826.0,1846.5,9292745,2.4224137992736328,1747.6398114663511,1732.9686463828991,14.671165083452024,-0.44554382354251,33.0,99.70000000000005,66.70000000000005,99.70000000000005,28.825000000000028,4731197.85,No Signal
190,2023-04-12T00:00:00+05:30,1842.0,1850.95,1831.5,1844.05,3408176,2.8948946498001273,1762.4721481638355,1741.1968947989806,21.27525336485496,3.8986156141369843,19.450000000000045,4.4500000000000455,15.0,19.450000000000045,28.650000000000027,4657799.45,No Signal
191,2023-04-13T00:00:00+05:30,1838.0,1874.3,1831.0,1869.5,2923665,3.3070520782760284,1778.9379715232456,1750.7008285175746,28.237143005670987,8.766321092443786,43.299999999999955,30.25,13.049999999999955,43.299999999999955,30.31785714285716,4355046.2,Buy
192,2023-04-17T00:00:00+05:30,1888.95,1913.8,1826.1,1894.0,10354076,3.636585730182814,1796.639822058131,1761.3155819607173,35.32424009741362,14.077904893437752,87.70000000000005,44.299999999999955,43.40000000000009,87.70000000000005,35.07500000000001,4165800.9,Buy
193,2023-04-18T00:00:00+05:30,1900.95,1904.6,1885.9,1888.3,2972705,3.907568161952244,1810.7413878953416,1770.7218351488123,40.01955274652937,19.266234464056076,18.699999999999818,10.599999999999909,8.099999999999909,18.699999999999818,34.25714285714285,4079818.75,Buy
194,2023-04-19T00:00:00+05:30,1888.3,1888.35,1876.15,1884.9,1876655,4.045884075580944,1822.150405142212,1779.179476989641,42.970928152571105,24.007173201759084,12.199999999999818,0.049999999999954525,12.149999999999864,12.199999999999818,32.70357142857141,3992048.4,Buy
195,2023-04-20T00:00:00+05:30,1884.3,1903.4,1872.05,1884.0,2322774,4.185021295638961,1831.6657274280255,1786.9439601755935,44.72176725243207,28.150092011893683,31.350000000000136,18.5,12.850000000000136,31.350000000000136,33.464285714285715,3661772.05,Buy
196,2023-04-21T00:00:00+05:30,1882.0,1903.65,1877.15,1893.65,1671341,4.287878753760892,1841.2017693621754,1794.8481112736977,46.35365808847769,31.790805227210484,26.5,19.65000000000009,6.849999999999909,26.5,33.61785714285715,3522142.65,Buy
197,2023-04-24T00:00:00+05:30,1890.2,1902.0,1877.55,1897.25,2017406,4.371264917661135,1849.8245740756868,1802.4334363645348,47.39113771115194,34.910871723998774,24.450000000000045,8.349999999999909,16.100000000000136,24.450000000000045,33.078571428571436,3532757.65,Buy
198,2023-04-25T00:00:00+05:30,1902.0,1907.0,1877.0,1889.3,4738419,4.389852094306586,1855.8977165255812,1808.8679966338286,47.02971989175262,37.33464135754954,30.0,9.75,20.25,30.0,33.81785714285714,3603373.65,Buy
199,2023-04-26T00:00:00+05:30,1877.5,1894.4,1863.35,1878.6,3159518,4.225207046569966,1859.3903755216456,1814.033330216508,45.35704530513772,38.93912214706718,31.050000000000182,5.100000000000136,25.950000000000045,31.050000000000182,34.678571428571445,3479242.55,Buy
200,2023-04-27T00:00:00+05:30,1876.9,1913.0,1876.85,1908.6,5061293,4.030646539770041,1866.961086979854,1821.0382687189888,45.92281826086514,40.33586136982677,36.15000000000009,34.40000000000009,1.75,36.15000000000009,35.7857142857143,3458277.55,Buy
201,2023-04-28T00:00:00+05:30,1906.0,1943.3,1896.1,1938.05,4367612,3.9134264870827105,1877.8978428291073,1829.705804369434,48.19203845967331,41.907096787796085,47.200000000000045,34.700000000000045,12.5,47.200000000000045,37.578571428571436,3534801.15,Buy
202,2023-05-02T00:00:00+05:30,1918.0,1937.45,1890.0,1921.15,4605771,3.701419529563743,1884.5520208553985,1836.4794484902166,48.07257236518194,43.14019190327326,47.450000000000045,0.599999999999909,48.049999999999955,48.049999999999955,39.70000000000001,3646508.35,Buy
203,2023-05-03T00:00:00+05:30,1919.0,1933.85,1912.7,1930.95,3449007,3.479363879108146,1891.6901714930295,1843.4772671205708,48.21290437245875,44.15473439711036,21.149999999999864,12.699999999999818,8.450000000000045,21.149999999999864,34.089285714285715,3677988.45,Buy
204,2023-05-04T00:00:00+05:30,1929.95,1951.1,1921.75,1947.6,3451579,3.2672448233922986,1900.291683571025,1851.1900621486766,49.101621422348444,45.14411180215798,29.34999999999991,20.149999999999864,9.200000000000045,29.34999999999991,34.796428571428564,3672289.4,Buy
205,2023-05-05T00:00:00+05:30,1952.15,1974.0,1915.5,1928.7,3484218,3.0215722371420246,1904.6621937908674,1856.9315390265524,47.73065476431498,45.66142039458938,58.5,26.40000000000009,32.09999999999991,58.5,35.88214285714285,3724666.75,Buy
206,2023-05-08T00:00:00+05:30,1935.9,1968.5,1921.0,1958.85,3870941,2.7212282598164714,1912.9987793615032,1864.481054654215,48.51772470728815,46.23268125712914,47.5,39.799999999999955,7.7000000000000455,47.5,33.01071428571428,3791911.3,Buy
207,2023-05-09T00:00:00+05:30,1964.85,1970.0,1948.15,1954.3,3623075,2.350297230905749,1919.3528133058874,1871.1343098650138,48.21850344087352,46.62984569387802,21.84999999999991,11.150000000000091,10.699999999999818,21.84999999999991,33.23571428571428,3895206.6,No Signal
208,2023-05-10T00:00:00+05:30,1960.0,1964.0,1931.65,1958.7,3912439,1.7913166339836992,1925.4062266434432,1877.6206572824203,47.78556936102291,46.860990427306994,32.34999999999991,9.700000000000045,22.649999999999864,32.34999999999991,34.675000000000004,4028170.75,Buy
209,2023-05-11T00:00:00+05:30,1970.0,1980.0,1951.85,1957.95,4411824,1.73641928117178,1930.4129610059904,1883.570978965204,46.841982040786434,46.857188750002884,28.15000000000009,21.299999999999955,6.850000000000136,28.15000000000009,34.44642857142857,3784124.7,Sell
210,2023-05-12T00:00:00+05:30,1954.0,1968.0,1943.65,1960.6,3217081,1.6197942717467635,1935.0571208512226,1889.2768323751889,45.780288476033775,46.641808695209065,24.34999999999991,10.049999999999955,14.299999999999955,24.34999999999991,34.29285714285714,3774569.95,No Signal
211,2023-05-15T00:00:00+05:30,1957.05,1977.0,1952.4,1973.0,2971692,1.6218692217408608,1940.8944868741114,1895.4785484955453,45.415938378566125,46.39663463188048,24.59999999999991,16.40000000000009,8.199999999999818,24.59999999999991,34.30357142857141,3776971.3,No Signal
212,2023-05-16T00:00:00+05:30,1978.0,1978.0,1938.0,1947.05,4569497,1.6289743499587739,1941.841488893479,1899.2986560143938,42.542832879085154,45.625874281321416,40.0,5.0,35.0,40.0,35.017857142857125,3487742.35,Sell
213,2023-05-17T00:00:00+05:30,1949.8,1950.9,1895.55,1909.15,5482017,1.61187915966795,1936.812029063713,1900.0283851985128,36.78364386520025,43.85742819809718,55.350000000000136,3.8500000000001364,51.5,55.350000000000136,36.75357142857141,3613207.95,Sell
214,2023-05-18T00:00:00+05:30,1924.0,1933.65,1911.2,1927.4,4145228,1.5152321060469132,1935.3640245923725,1902.0559122208451,33.308112371527386,41.74756503278323,22.450000000000045,24.5,2.0499999999999545,24.5,35.92142857142854,3726636.6,Sell
215,2023-05-19T00:00:00+05:30,1930.0,1946.85,1923.5,1941.65,3946927,1.4110221385772408,1936.3310977320075,1904.9888076118937,31.34229012011383,39.66651005024935,23.34999999999991,19.449999999999818,3.900000000000091,23.34999999999991,34.217857142857106,3807844.25,No Signal
216,2023-05-22T00:00:00+05:30,1945.0,1952.5,1923.65,1940.2,3400880,1.3393932069846217,1936.9263134655448,1907.5970440850867,29.329269380458072,37.5990619162911,28.84999999999991,10.849999999999909,18.0,28.84999999999991,32.84642857142853,3894321.2,No Signal
217,2023-05-23T00:00:00+05:30,1940.2,1940.2,1915.0,1921.5,4335524,1.287791566386335,1934.5530344708457,1908.6268926713767,25.92614179946895,35.26447789292667,25.200000000000045,0.0,25.200000000000045,25.200000000000045,33.13571428571426,4010227.1,No Signal
218,2023-05-24T00:00:00+05:30,1921.95,1940.0,1897.4,1910.35,3557537,1.2095838812821584,1930.8294907061002,1908.7545302512747,22.074960454825487,32.626574405306435,42.59999999999991,18.5,24.09999999999991,42.59999999999991,34.082142857142834,3951183.0,No Signal
219,2023-05-25T00:00:00+05:30,1918.0,1933.55,1907.55,1929.95,5966757,0.9790842794875805,1930.6941844436233,1910.3245650474767,20.369619396146618,30.175183403474474,26.0,23.200000000000045,2.7999999999999545,26.0,31.76071428571426,4091544.95,No Signal
220,2023-05-26T00:00:00+05:30,1949.95,1949.95,1923.5,1945.05,3295412,0.9046070628487606,1932.9027714522965,1912.8968194884044,20.00595196389213,28.141337115558006,26.450000000000045,20.0,6.4500000000000455,26.450000000000045,30.257142857142835,4003250.9,No Signal
221,2023-05-29T00:00:00+05:30,1963.1,1973.3,1948.25,1953.2,3775509,0.9126774115199663,1936.025421998097,1915.8822402670412,20.143181731055847,26.541706038657576,25.049999999999955,28.25,3.2000000000000455,28.25,30.714285714285698,3973645.75,No Signal
222,2023-05-30T00:00:00+05:30,1957.85,1979.1,1952.35,1974.7,7429705,0.9474407116579594,1941.9753570753128,1920.2391113583715,21.736245716941312,25.580613974314325,26.75,25.899999999999864,0.8500000000001364,26.75,30.314285714285706,4114842.45,No Signal
223,2023-05-31T00:00:00+05:30,1984.95,2064.4,1953.9,2014.35,88598126,1.2030405481010031,1953.1099175252646,1927.2102882947884,25.899629230476194,25.6444170255467,110.5,89.70000000000005,20.799999999999955,110.5,36.196428571428555,8372298.4,Buy
224,2023-06-01T00:00:00+05:30,1968.0,1979.15,1925.0,1930.05,5967432,1.2721623187515636,1949.562237905993,1927.4206373099892,22.141600596003855,24.943853739638133,54.15000000000009,35.19999999999982,89.34999999999991,89.34999999999991,40.8392857142857,8498091.05,Sell
225,2023-06-02T00:00:00+05:30,1944.95,1951.35,1928.0,1938.75,3558072,1.251518936411146,1947.8988166896863,1928.259849361101,19.638967328585295,23.882876457427567,23.34999999999991,21.299999999999955,2.0499999999999545,23.34999999999991,40.749999999999986,8501783.75,Sell
226,2023-06-05T00:00:00+05:30,1945.0,1951.5,1922.25,1924.9,2405909,1.278053098079263,1944.3605371989654,1928.010971630649,16.349565568316393,22.376214279605332,29.25,12.75,16.5,29.25,39.98214285714284,8428532.15,Sell
227,2023-06-06T00:00:00+05:30,1934.9,1966.4,1930.15,1959.05,4112841,1.2614240059893496,1946.6204545529708,1930.3101589172677,16.31029563570314,21.163030550824896,36.25,41.5,5.25,41.5,38.99285714285712,8453020.45,Sell
228,2023-06-07T00:00:00+05:30,1972.0,1972.0,1936.0,1939.4,3100414,1.2664343544305914,1945.5096153909753,1930.9834804789516,14.526134912023736,19.835651423064665,36.0,12.950000000000045,23.049999999999955,36.0,39.81428571428569,8412419.2,Sell
229,2023-06-08T00:00:00+05:30,1936.9,1936.9,1879.55,1886.5,5491614,1.4617714298710827,1936.431213023133,1927.688407850881,8.74280517225202,17.617082172902137,57.350000000000136,2.5,59.850000000000136,59.850000000000136,42.421428571428564,8466408.7,Sell
230,2023-06-09T00:00:00+05:30,1862.0,1897.7,1860.7,1872.0,14196924,1.666569477295242,1926.5187187118818,1923.5633406026677,2.9553781092140525,14.684741360164521,37.0,11.200000000000045,25.799999999999955,37.0,43.003571428571426,9015400.85,Sell
231,2023-06-12T00:00:00+05:30,1874.85,1884.0,1864.45,1879.45,2815173,1.728627601352355,1919.2773773715924,1920.295685743211,-1.0183083716185592,11.544131413807905,19.549999999999955,12.0,7.5499999999999545,19.549999999999955,42.59999999999999,9007574.9,Sell
232,2023-06-13T00:00:00+05:30,1875.35,1883.0,1852.0,1855.95,9561827,1.9637919336588694,1909.534703929809,1915.5293386511212,-5.994634721312195,8.036378186783885,31.0,3.5499999999999545,27.450000000000045,31.0,41.771428571428565,9257191.4,Sell
233,2023-06-14T00:00:00+05:30,1855.95,1867.95,1846.4,1864.65,5578543,2.086852829708506,1902.6293648636845,1911.760498751038,-9.131133887353599,4.602875771956389,21.549999999999955,12.0,9.549999999999955,21.549999999999955,41.45357142857142,9262017.7,Sell
234,2023-06-15T00:00:00+05:30,1867.95,1869.0,1828.7,1833.5,4838188,2.399654009399406,1891.9940779615793,1905.9634247694796,-13.969346807900365,0.8884312559850377,40.299999999999955,4.349999999999909,35.950000000000045,40.299999999999955,42.44285714285713,9296665.7,Sell
235,2023-06-16T00:00:00+05:30,1836.95,1861.0,1833.0,1856.0,3189732,2.4774100031940405,1886.4565275059517,1902.2624303421107,-15.80590283615902,-2.4504355624437744,28.0,27.5,0.5,28.0,42.42499999999999,9258805.95,Sell
236,2023-06-19T00:00:00+05:30,1863.85,1866.4,1818.0,1825.0,7602571,2.73428646738114,1877.0016771204207,1896.5392873538062,-19.53761023338552,-5.867870496632124,48.40000000000009,10.400000000000091,38.0,48.40000000000009,43.97142857142857,9468890.5,Sell
237,2023-06-20T00:00:00+05:30,1820.0,1846.8,1815.4,1839.35,4609525,2.842856156924712,1871.2091114095867,1892.303043846117,-21.093932436530167,-8.913082884611732,31.399999999999864,21.799999999999955,9.599999999999909,31.399999999999864,38.321428571428555,9482590.55,No Signal
238,2023-06-21T00:00:00+05:30,1847.05,1849.7,1836.1,1843.0,2389745,2.939295517152641,1866.869248115804,1888.6509665241824,-21.78171840837831,-11.48680998936505,13.600000000000136,10.350000000000136,3.25,13.600000000000136,32.910714285714285,9424200.95,No Signal
239,2023-06-22T00:00:00+05:30,1845.55,1847.3,1830.45,1833.0,3411914,3.0531047323943628,1861.6585945595266,1884.5286727075763,-22.870078148049743,-13.76346362110199,16.84999999999991,4.2999999999999545,12.549999999999955,16.84999999999991,32.44642857142857,9296458.8,No Signal
240,2023-06-23T00:00:00+05:30,1833.0,1845.5,1825.3,1827.5,2581495,3.117324131474765,1856.4034261657532,1880.3043265810893,-23.900900415336082,-15.790950979948809,20.200000000000045,12.5,7.7000000000000455,20.200000000000045,31.800000000000004,9260762.95,No Signal
241,2023-06-26T00:00:00+05:30,1831.95,1831.95,1819.9,1823.45,2207907,3.1304622455448112,1851.333668294099,1876.0928949824902,-24.75922668839121,-17.58460612163729,12.049999999999955,4.4500000000000455,7.599999999999909,12.049999999999955,29.696428571428573,9182382.85,No Signal
242,2023-06-27T00:00:00+05:30,1827.7,1847.0,1821.7,1844.0,2134048,2.916632687444228,1850.2054116334684,1873.7156435023057,-23.51023186883731,-18.769731271077294,25.299999999999955,23.549999999999955,1.75,25.299999999999955,28.932142857142853,8917600.0,No Signal
243,2023-06-28T00:00:00+05:30,1846.0,1848.1,1830.0,1844.0,5332112,2.3795312899034937,1849.2507329206271,1871.514484724357,-22.263751803729974,-19.468535377607832,18.09999999999991,4.099999999999909,14.0,18.09999999999991,25.94999999999998,4754299.3,No Signal
244,2023-06-30T00:00:00+05:30,1847.9,1850.4,1832.95,1842.7,3894754,2.2790378713357735,1848.2429278559152,1869.3800784484788,-21.137150592563557,-19.802258420598978,17.450000000000045,6.400000000000091,11.049999999999955,17.450000000000045,24.553571428571413,4650665.4,No Signal
245,2023-07-03T00:00:00+05:30,1856.0,1859.0,1838.1,1844.45,3201434,2.0943128061682086,1847.6594004934668,1867.5334059708136,-19.874005477346827,-19.81660783194855,20.90000000000009,16.299999999999955,4.600000000000136,20.90000000000009,24.649999999999995,4632833.5,No Signal
246,2023-07-04T00:00:00+05:30,1850.0,1868.25,1836.2,1861.0,6481276,1.9168382306012672,1849.7118004175488,1867.0494499729757,-17.33764955542688,-19.320816176644215,32.049999999999955,23.799999999999955,8.25,32.049999999999955,24.72499999999999,4836601.85,No Signal
247,2023-07-05T00:00:00+05:30,1862.8,1867.8,1853.15,1863.95,3106616,1.4397036966079546,1851.9022926610028,1866.8198610860886,-14.917568425085847,-18.44016662633254,14.649999999999864,6.7999999999999545,7.849999999999909,14.649999999999864,24.23214285714284,4786290.6,No Signal
248,2023-07-06T00:00:00+05:30,1860.0,1881.6,1860.0,1875.95,3638146,0.9982175009716137,1855.6019399439253,1867.4961676723042,-11.894227728378837,-17.1309788467418,21.59999999999991,17.649999999999864,3.9500000000000455,21.59999999999991,22.89642857142855,4813177.2,No Signal
249,2023-07-07T00:00:00+05:30,1872.0,1874.4,1850.5,1855.0,2065462,0.9049617227628611,1855.5093337987062,1866.570525622504,-11.061191823797799,-15.917021442153002,23.90000000000009,1.5499999999999545,25.450000000000045,25.450000000000045,22.714285714285698,4641869.6,No Signal
250,2023-07-10T00:00:00+05:30,1853.0,1874.35,1845.0,1870.0,3429716,0.8903440728020939,1857.7386670604437,1866.8245607615777,-9.085893701133955,-14.550795893949193,29.34999999999991,19.34999999999991,10.0,29.34999999999991,21.3535714285714,4103509.2,No Signal
251,2023-07-11T00:00:00+05:30,1874.0,1893.8,1863.3,1869.7,4087579,0.8470214469662745,1859.5788721280678,1867.03755626072,-7.458684132652252,-13.132373541689805,30.5,23.799999999999955,6.7000000000000455,30.5,21.289285714285693,4167129.5,No Signal
252,2023-07-12T00:00:00+05:30,1874.9,1890.9,1868.2,1878.0,4351936,0.9101466746662434,1862.4128918006727,1867.8495891302964,-5.436697329623712,-11.593238299276587,22.700000000000045,21.200000000000045,1.5,22.700000000000045,21.93928571428569,3906634.95,No Signal
253,2023-07-13T00:00:00+05:30,1889.0,1901.5,1866.45,1870.0,5258636,0.9293128766552947,1863.5801392159537,1868.0088788243486,-4.428739608394835,-10.160338561100238,35.049999999999955,23.5,11.549999999999955,35.049999999999955,23.239285714285693,3890639.6,No Signal
254,2023-07-14T00:00:00+05:30,1870.1,1887.35,1860.0,1868.5,7118896,0.9308953142559381,1864.3370408750377,1868.0452581706932,-3.7082172956554587,-8.869914308011282,27.34999999999991,17.34999999999991,10.0,27.34999999999991,23.749999999999968,4004675.0,No Signal
255,2023-07-17T00:00:00+05:30,1871.2,1899.35,1866.7,1898.95,3323715,1.0716091039838707,1869.6621115096473,1870.3344983061975,-0.6723867965501995,-7.230408805719065,32.649999999999864,30.84999999999991,1.7999999999999545,32.649999999999864,25.221428571428532,4011374.15,No Signal
256,2023-07-18T00:00:00+05:30,1895.35,1907.55,1879.35,1890.05,5778038,1.0945216430607336,1872.7987097389323,1871.7949058390718,1.0038038998604861,-5.583566264603156,28.200000000000045,8.599999999999909,19.600000000000136,28.200000000000045,25.428571428571395,3920147.5,No Signal
257,2023-07-19T00:00:00+05:30,1894.8,1914.9,1894.0,1907.8,3370183,1.2114094637988995,1878.1835236252505,1874.4619498509924,3.721573774258104,-3.722538256830904,20.90000000000009,24.850000000000136,3.9500000000000455,24.850000000000136,25.91071428571427,3858180.4,Buy
258,2023-07-20T00:00:00+05:30,1901.0,1962.4,1893.4,1956.55,9298606,1.5910374455500835,1890.239904605981,1880.5425461583263,9.697358447654779,-1.0385589159337674,69.0,54.600000000000136,14.399999999999864,69.0,29.592857142857124,4203623.45,Buy
259,2023-07-21T00:00:00+05:30,1951.9,1987.7,1951.25,1971.0,3823031,1.9243263880692778,1902.6645346665994,1887.2430982947467,15.421436371852678,2.2534401416235217,36.450000000000045,31.15000000000009,5.2999999999999545,36.450000000000045,30.703571428571404,4224179.3,Buy
260,2023-07-24T00:00:00+05:30,1950.0,1950.0,1888.2,1894.8,6939114,1.9332157134482841,1901.4546062563534,1887.802868791432,13.651737464921325,4.533099606283082,61.799999999999955,21.0,82.79999999999995,82.79999999999995,34.32857142857141,4442060.25,Buy
261,2023-07-25T00:00:00+05:30,1901.0,1902.0,1857.45,1873.7,7936163,1.8391366736847419,1897.184666832299,1886.7582118439186,10.426454988380328,5.711770682702532,44.549999999999955,7.2000000000000455,37.34999999999991,44.549999999999955,36.4642857142857,4728473.05,Buy
262,2023-07-26T00:00:00+05:30,1880.0,1897.9,1875.8,1896.8,2457560,1.7740407778526546,1897.1254873196376,1887.5020480036283,9.623439316009353,6.494104409363897,22.100000000000136,24.200000000000045,2.099999999999909,24.200000000000045,36.64999999999999,4744648.65,Buy
263,2023-07-27T00:00:00+05:30,1889.0,1902.6,1862.55,1874.0,6267147,1.7360584377260402,1893.5677200396933,1886.5018962996558,7.065823740037558,6.608448275498629,40.049999999999955,5.7999999999999545,34.25,40.049999999999955,37.69285714285713,4791400.4,Buy
264,2023-07-28T00:00:00+05:30,1869.6,1885.8,1861.1,1871.9,2296055,1.6695962417616117,1890.2342246489713,1885.4202743515332,4.8139502974381685,6.249548679886537,24.700000000000045,11.799999999999955,12.900000000000091,24.700000000000045,37.36071428571428,4711465.45,Sell
265,2023-07-31T00:00:00+05:30,1866.0,1875.0,1849.25,1856.9,3982202,1.6439667952369201,1885.1058823952835,1883.3076614366048,1.7982209586787121,5.359283135644972,25.75,3.099999999999909,22.65000000000009,25.75,37.021428571428565,4750503.85,Sell
266,2023-08-01T00:00:00+05:30,1850.0,1865.4,1844.5,1850.0,4435979,1.680020173349426,1879.7049774113937,1880.8404272561156,-1.1354498447219612,4.060336539571586,20.90000000000009,8.5,12.400000000000091,20.90000000000009,36.892857142857146,4648239.0,Sell
267,2023-08-02T00:00:00+05:30,1840.55,1847.8,1818.3,1823.4,4169772,1.8489997702826495,1871.0426731942562,1876.5855807926996,-5.542907598443435,2.139687711968582,29.5,2.2000000000000455,31.700000000000045,31.700000000000045,36.65357142857143,4701396.8,Sell
268,2023-08-03T00:00:00+05:30,1820.1,1833.75,1806.0,1823.9,7005769,1.9835515853990375,1863.7899542412938,1872.6829451784256,-8.892990937131799,-0.06684801785149402,27.75,10.349999999999909,17.40000000000009,27.75,36.68214285714287,4869777.95,Sell
269,2023-08-04T00:00:00+05:30,1829.0,1842.75,1812.15,1837.0,5437111,2.0167309161102764,1859.6684228195563,1870.0397640540978,-10.371341234541433,-2.127746661189482,30.59999999999991,18.84999999999991,11.75,30.59999999999991,36.5357142857143,5038360.4,Sell
270,2023-08-07T00:00:00+05:30,1845.0,1845.0,1826.4,1832.55,3703620,2.098374246784325,1855.4963577703938,1867.262744494535,-11.766386724141057,-4.0554746737797975,18.59999999999991,8.0,10.599999999999909,18.59999999999991,35.85000000000001,5052055.6,Sell
271,2023-08-08T00:00:00+05:30,1831.5,1842.65,1822.05,1830.0,4085316,2.178369550500187,1851.5738411903333,1864.5025411986435,-12.928700008310216,-5.830119740685881,20.600000000000136,10.100000000000136,10.5,20.600000000000136,35.54642857142858,5051942.45,Sell
272,2023-08-09T00:00:00+05:30,1834.0,1834.0,1817.0,1826.0,2616644,2.264310805426862,1847.6394040841283,1861.650501109855,-14.011097025726713,-7.466315197694048,17.0,4.0,13.0,17.0,31.832142857142863,4965177.85,No Signal
273,2023-08-10T00:00:00+05:30,1825.75,1832.35,1796.0,1797.5,5107863,2.4835300140165004,1839.925649609647,1856.8986121387545,-16.972962529107463,-9.367644663976732,36.34999999999991,6.349999999999909,30.0,36.34999999999991,31.824999999999996,4957639.2,No Signal
274,2023-08-11T00:00:00+05:30,1798.0,1800.0,1782.0,1793.5,4257244,2.661520306025084,1832.7832419773936,1852.2024186469948,-19.419176669601256,-11.377951065101637,18.0,2.5,15.5,18.0,27.196428571428573,4814556.6,No Signal
275,2023-08-14T00:00:00+05:30,1789.0,1802.25,1785.0,1794.4,3291839,2.761222691122437,1826.8781278270253,1847.9207580064767,-21.042630179451407,-13.310886887971591,17.25,8.75,8.5,17.25,25.246428571428574,4812962.8,No Signal
276,2023-08-16T00:00:00+05:30,1787.0,1789.35,1777.6,1786.0,1866933,2.892139058424777,1820.589185084406,1843.3340351911822,-22.744850106776312,-15.197679531732536,11.75,5.050000000000182,16.800000000000182,16.800000000000182,24.717857142857156,4617407.55,No Signal
277,2023-08-17T00:00:00+05:30,1782.0,1786.2,1763.0,1766.8,5121216,3.0357467552813615,1812.313925840651,1837.6648473992427,-25.350921558591608,-17.22832793710435,23.200000000000045,0.20000000000004547,23.0,23.200000000000045,23.514285714285734,4704959.2,No Signal
278,2023-08-18T00:00:00+05:30,1757.1,1768.4,1747.0,1749.4,4090890,2.9436010140408473,1802.6348603267047,1831.1267105548543,-28.491850228149588,-19.4810323953134,21.40000000000009,1.6000000000001364,19.799999999999955,21.40000000000009,23.27857142857145,4444573.4,No Signal
279,2023-08-21T00:00:00+05:30,1751.0,1772.5,1748.85,1762.0,3943347,2.472746378291271,1796.3833433533655,1826.006213476717,-29.622870123351504,-21.50939994092102,23.65000000000009,23.09999999999991,0.5500000000001819,23.65000000000009,23.12857142857146,4450589.2,No Signal
280,2023-08-22T00:00:00+05:30,1769.0,1770.0,1759.35,1759.85,3314565,2.4415231954829326,1790.7628289913093,1821.1057532191824,-30.342924227873027,-23.276104798311422,10.650000000000091,8.0,2.650000000000091,10.650000000000091,22.3964285714286,4269361.75,No Signal
281,2023-08-23T00:00:00+05:30,1769.8,1781.85,1754.15,1778.0,3324502,2.3635193199500186,1788.7993168388002,1817.912734462206,-29.113417623405667,-24.443567363330274,27.699999999999818,22.0,5.699999999999818,27.699999999999818,22.110714285714298,4038778.7,No Signal
282,2023-08-24T00:00:00+05:30,1789.0,1799.0,1776.4,1777.5,4106842,2.1471178900803585,1787.0609604020617,1814.9191985761165,-27.858238174054804,-25.12650152547518,22.59999999999991,21.0,1.599999999999909,22.59999999999991,21.74285714285715,4121242.8,No Signal
283,2023-08-25T00:00:00+05:30,1771.2,1789.35,1767.0,1773.05,2034594,2.018643240131231,1784.9054280325138,1811.8177764593672,-26.91234842685344,-25.483670905750834,22.34999999999991,11.849999999999909,10.5,22.34999999999991,21.153571428571436,3909615.15,No Signal
284,2023-08-28T00:00:00+05:30,1778.85,1796.55,1774.85,1792.0,1971927,1.7937347588379275,1785.9969006428962,1810.3497930179326,-24.35289237503639,-25.257515199607948,21.700000000000045,23.5,1.7999999999999545,23.5,21.50357142857144,3893408.75,No Signal
285,2023-08-29T00:00:00+05:30,1796.95,1796.95,1779.3,1781.95,2698357,1.6543283520572283,1785.3743005439892,1808.2461046462338,-22.871804102244596,-24.78037298013528,17.65000000000009,4.9500000000000455,12.700000000000045,17.65000000000009,21.29285714285715,3829216.5,No Signal
286,2023-08-30T00:00:00+05:30,1791.0,1791.05,1769.0,1770.0,2589840,1.537433477893357,1783.0090235372215,1805.413059857624,-22.404036320402383,-24.3051056481887,22.049999999999955,9.099999999999909,12.950000000000045,22.049999999999955,21.653571428571436,3736909.55,No Signal
287,2023-08-31T00:00:00+05:30,1774.9,1783.8,1754.75,1759.95,8299390,1.542573960604765,1779.461481454572,1802.0454257940962,-22.583944339524123,-23.960873386455784,29.049999999999955,13.799999999999955,15.25,29.049999999999955,21.132142857142867,3943390.45,No Signal
288,2023-09-01T00:00:00+05:30,1763.9,1779.6,1754.35,1771.1,2695210,1.478420963245479,1778.1750996923301,1799.7531720315706,-21.578072339240407,-23.48431317701271,25.25,19.649999999999864,5.600000000000136,25.25,21.65000000000001,3727862.5,No Signal
289,2023-09-04T00:00:00+05:30,1777.4,1789.0,1757.3,1762.2,4697683,1.3561467079378655,1775.7173920473563,1796.9714555847875,-21.254063537431193,-23.038263249096406,31.700000000000045,17.90000000000009,13.799999999999955,31.700000000000045,22.68214285714287,3690891.1,No Signal
290,2023-09-05T00:00:00+05:30,1765.0,1783.0,1763.1,1771.05,4257343,1.1852942118649747,1774.9993317323783,1795.051347763692,-20.05201603131377,-22.44101380553988,19.90000000000009,20.799999999999955,0.8999999999998636,20.799999999999955,22.967857142857138,3718577.25,No Signal
291,2023-09-06T00:00:00+05:30,1771.0,1777.0,1760.2,1770.3,6220223,0.9871140642653782,1774.2763576197046,1793.2179145960113,-18.94155697630663,-21.74112243969323,16.799999999999955,5.9500000000000455,10.849999999999909,16.799999999999955,22.510714285714275,3825322.6,No Signal
292,2023-09-07T00:00:00+05:30,1775.0,1792.35,1767.3,1789.0,2208089,0.7571452287295888,1776.5415333705193,1792.9054764777882,-16.363943107268824,-20.665686573208347,25.049999999999955,22.049999999999955,3.0,25.049999999999955,22.77142857142855,3804894.85,No Signal
293,2023-09-08T00:00:00+05:30,1797.0,1805.0,1781.55,1793.2,2386182,0.736329235240114,1779.1043743904395,1792.9272930349891,-13.822918644549645,-19.29713298747661,23.450000000000045,16.0,7.4500000000000455,23.450000000000045,22.757142857142835,3668810.8,No Signal
294,2023-09-11T00:00:00+05:30,1800.0,1811.5,1795.25,1807.9,2316902,0.8066137446133923,1783.5344706380642,1794.0363824398048,-10.501911801740562,-17.5380887503294,16.25,18.299999999999955,2.0499999999999545,18.299999999999955,23.303571428571395,3571793.7,Buy
295,2023-09-12T00:00:00+05:30,1819.0,1819.0,1796.4,1811.2,3408966,0.8897408053388499,1787.790705924516,1795.3077615183379,-7.517055593821851,-15.533882119027892,22.59999999999991,11.099999999999909,11.5,22.59999999999991,22.93928571428569,3577650.05,Buy
296,2023-09-13T00:00:00+05:30,1800.6,1836.0,1800.6,1824.6,5931870,1.0574863646573807,1793.4536742438213,1797.477556961424,-4.023882717602646,-13.231882238742843,35.40000000000009,24.799999999999955,10.600000000000136,35.40000000000009,23.853571428571417,3780896.9,Buy
297,2023-09-14T00:00:00+05:30,1828.0,1831.75,1814.0,1821.55,2559423,1.1702994549998647,1797.776185898618,1799.2607008902073,-1.4845149915893217,-10.882408789312139,17.75,7.150000000000091,10.599999999999909,17.75,23.524999999999995,3652807.25,Buy
298,2023-09-15T00:00:00+05:30,1816.2,1823.45,1811.0,1813.9,4121540,1.16418724417227,1800.256772683446,1800.3450934168586,-0.08832073341272917,-8.723591178132258,12.450000000000045,1.900000000000091,10.549999999999955,12.450000000000045,22.735714285714284,3654339.75,Buy
299,2023-09-18T00:00:00+05:30,1811.0,1812.0,1794.0,1798.35,3970112,1.1475070201792714,1799.9634230398387,1800.1973087193135,-0.23388567947472438,-7.025650078400751,18.0,1.900000000000091,19.90000000000009,19.90000000000009,22.89642857142857,3655678.0,Buy
300,2023-09-20T00:00:00+05:30,1786.95,1803.45,1775.7,1789.45,5368143,1.0995579590163456,1798.345973341402,1799.4012117771422,-1.0552384357401934,-5.83156774986864,27.75,5.100000000000136,22.649999999999864,27.75,23.303571428571427,3758356.9,Buy
301,2023-09-21T00:00:00+05:30,1784.0,1790.8,1751.0,1755.7,4784751,1.1880003849649972,1791.7850543658017,1796.1640849788353,-4.379030613033592,-5.541060322501631,39.799999999999955,1.349999999999909,38.450000000000045,39.799999999999955,24.071428571428573,3831369.35,Buy
302,2023-09-22T00:00:00+05:30,1758.0,1769.9,1752.15,1756.45,3710123,1.2441909065357033,1786.3488921556784,1793.2223009063289,-6.873408750650469,-5.8075300081313985,17.75,14.200000000000045,3.5499999999999545,17.75,23.535714285714285,3811533.4,Sell
303,2023-09-25T00:00:00+05:30,1764.0,1789.3,1756.8,1784.4,2226567,1.213616972472227,1786.0490625932664,1792.5687971354896,-6.519734542223205,-5.94997091494976,32.5,32.84999999999991,0.34999999999990905,32.84999999999991,23.617857142857133,3821132.05,Sell
304,2023-09-26T00:00:00+05:30,1776.1,1781.8,1753.7,1764.1,3656167,1.2559481726840254,1782.6722837327638,1790.4599973476757,-7.787713614911809,-6.31751945494217,28.09999999999991,2.6000000000001364,30.700000000000045,30.700000000000045,24.324999999999996,3905344.05,Sell
305,2023-09-27T00:00:00+05:30,1764.0,1771.1,1750.0,1765.15,3004206,1.279491036514958,1779.9765477738772,1788.5851827293293,-8.60863495545209,-6.775742555044155,21.09999999999991,7.0,14.099999999999909,21.09999999999991,24.63214285714285,3920636.5,Sell
306,2023-09-28T00:00:00+05:30,1762.2,1771.9,1729.0,1733.2,8263197,1.4503999777545407,1772.7801558086653,1784.482576601231,-11.70242079256559,-7.761078202548442,42.90000000000009,6.75,36.15000000000009,42.90000000000009,25.907142857142862,4204304.35,Sell
307,2023-09-29T00:00:00+05:30,1744.0,1744.0,1732.95,1735.7,3571729,1.543761184529737,1767.075516453486,1780.869052408547,-13.793535955061088,-8.967569753050972,11.049999999999955,10.799999999999955,0.25,11.049999999999955,25.02142857142857,3967921.3,Sell
308,2023-10-03T00:00:00+05:30,1730.0,1735.0,1715.45,1727.05,5534869,1.6985712642620807,1760.9177446914111,1776.88245593384,-15.964711242428848,-10.366998050926547,19.549999999999955,0.7000000000000455,20.25,20.25,25.160714285714285,4109904.25,Sell
309,2023-10-04T00:00:00+05:30,1715.0,1727.0,1709.0,1722.05,6220979,1.8464015342908244,1754.9380916619632,1772.8207925313334,-17.882700869370183,-11.870138614615275,18.0,0.049999999999954525,18.049999999999955,18.049999999999955,24.83571428571429,4186069.05,Sell
310,2023-10-05T00:00:00+05:30,1730.0,1747.0,1721.15,1734.25,2966801,1.9129816893952334,1751.7553083293535,1769.9636967882716,-18.20838845891808,-13.137788583475837,25.84999999999991,24.950000000000045,0.8999999999998636,25.84999999999991,24.153571428571418,4121541.95,Sell
311,2023-10-06T00:00:00+05:30,1735.3,1747.0,1730.2,1743.9,1992323,1.943065262595051,1750.5467993556067,1768.033052581733,-17.486253226126337,-14.007481512005938,16.799999999999955,12.75,4.0499999999999545,16.799999999999955,24.08571428571427,3910146.95,Sell
312,2023-10-09T00:00:00+05:30,1730.0,1733.8,1717.05,1719.3,1839513,2.0791113030301203,1745.7395994547442,1764.423196834938,-18.68359738019376,-14.942704685643504,16.75,10.100000000000136,26.850000000000136,26.850000000000136,25.114285714285707,3891718.15,Sell
313,2023-10-10T00:00:00+05:30,1727.5,1768.7,1720.6,1756.1,3368982,2.0183381960404643,1747.3335072309374,1763.8066637360537,-16.47315650511632,-15.248795049538067,48.100000000000136,49.40000000000009,1.2999999999999545,49.40000000000009,27.221428571428564,3940858.15,Sell
314,2023-10-11T00:00:00+05:30,1760.05,1779.95,1760.05,1771.4,3499844,1.9313185612211958,1751.0360445800238,1764.3691330889385,-13.33308850891467,-14.86565374141339,19.90000000000009,23.850000000000136,3.9500000000000455,23.850000000000136,26.942857142857147,4000005.25,Buy
315,2023-10-12T00:00:00+05:30,1775.0,1776.9,1761.25,1763.85,2383827,1.8451114953393657,1753.0074223369431,1764.3306787860542,-11.323256449111113,-14.157174282952935,15.650000000000091,5.5,10.150000000000091,15.650000000000091,25.217857142857156,3948748.3,Buy
316,2023-10-13T00:00:00+05:30,1755.0,1769.95,1752.15,1762.0,2123927,1.660412684808067,1754.3908958235672,1764.1580359130132,-9.767140089446002,-13.279167444251549,17.799999999999955,6.100000000000136,11.699999999999818,17.799999999999955,25.221428571428582,3758351.15,Buy
317,2023-10-16T00:00:00+05:30,1761.0,1762.15,1746.45,1749.75,1579957,1.4629546644995544,1753.6769118507107,1763.0907739935308,-9.413862142820108,-12.50610638396526,15.700000000000045,0.15000000000009095,15.549999999999955,15.700000000000045,23.99642857142859,3709377.85,No Signal
318,2023-10-17T00:00:00+05:30,1755.0,1774.8,1750.8,1771.55,3217357,1.2528735974504017,1756.4266177198322,1763.7173833273432,-7.290765607511048,-11.463038228674419,24.0,25.049999999999955,1.0499999999999545,25.049999999999955,23.592857142857156,3664168.7,No Signal
319,2023-10-18T00:00:00+05:30,1773.0,1775.2,1745.1,1753.4,3051680,1.1254507411331807,1755.9609842244733,1762.953132710503,-6.992148486029691,-10.568860280145474,30.100000000000136,3.650000000000091,26.450000000000045,30.100000000000136,24.235714285714316,3618247.1,No Signal
320,2023-10-19T00:00:00+05:30,1742.0,1753.4,1735.6,1738.45,1993179,1.0345300687372365,1753.2669866514775,1761.1380858430584,-7.8710991915809245,-10.029308062432564,17.800000000000182,0.0,17.800000000000182,17.800000000000182,22.44285714285718,3449498.9,No Signal
321,2023-10-20T00:00:00+05:30,1733.5,1773.2,1732.65,1769.6,4072383,1.0433488763939327,1755.7797579358655,1761.7648942991282,-5.985136363262654,-9.220473722598582,40.549999999999955,34.75,5.7999999999999545,40.549999999999955,24.550000000000036,3413880.5,No Signal
322,2023-10-23T00:00:00+05:30,1769.0,1769.0,1722.45,1740.75,7546442,1.0660005101904424,1753.467487484194,1760.2082354621557,-6.740747977961746,-8.724528573671215,46.549999999999955,0.599999999999909,47.149999999999864,47.149999999999864,26.471428571428596,3605696.45,Buy
323,2023-10-25T00:00:00+05:30,1749.0,1761.75,1722.0,1728.05,3512668,1.0036917499728608,1749.5571047943179,1757.8261439464404,-8.26903915212256,-8.633430689361484,39.75,21.0,18.75,39.75,28.0214285714286,3670001.5,Buy
324,2023-10-26T00:00:00+05:30,1727.7,1727.7,1689.0,1694.85,6279280,1.2083971339280664,1741.1406271336537,1753.1612443948522,-12.020617261198595,-9.310868003728906,38.700000000000045,0.34999999999990905,39.049999999999955,39.049999999999955,28.964285714285747,3801157.15,Sell
325,2023-10-27T00:00:00+05:30,1708.0,1708.0,1689.0,1702.7,2974830,1.280714641381993,1735.2266844977069,1749.4233744396781,-14.196689941971272,-10.28803239137738,19.0,13.150000000000091,5.849999999999909,19.0,29.121428571428606,3799688.35,Sell
326,2023-10-30T00:00:00+05:30,1702.0,1720.9,1688.4,1717.5,1511563,1.3026801233821614,1732.4995022672904,1747.058680036739,-14.559177769448524,-11.14226146699161,32.5,18.200000000000045,14.299999999999955,32.5,29.525000000000027,3462106.65,Sell
327,2023-10-31T00:00:00+05:30,1727.7,1747.0,1716.85,1739.4,4839336,1.2849506793372578,1733.5611173030918,1746.491370404388,-12.930253101296103,-11.499859793852508,30.15000000000009,29.5,0.650000000000091,30.15000000000009,28.150000000000027,3525487.0,Sell
328,2023-11-01T00:00:00+05:30,1731.0,1735.95,1717.85,1724.4,2528105,1.3013661293002092,1732.1517146410777,1744.8549725966554,-12.703257955577783,-11.740539426197564,18.100000000000136,3.4500000000000455,21.550000000000182,21.550000000000182,27.985714285714316,3375148.8,Sell
329,2023-11-02T00:00:00+05:30,1735.0,1758.65,1732.1,1737.7,2550558,1.2686488802042055,1733.0052970039887,1744.3249746265328,-11.319677622544077,-11.656367065466867,26.550000000000182,34.25,7.699999999999818,34.25,29.314285714285738,3191627.75,Buy
330,2023-11-03T00:00:00+05:30,1740.0,1744.25,1730.1,1733.25,1558958,1.2728932816614564,1733.0429436187596,1743.5046061356786,-10.461662516918977,-11.417426155757289,14.150000000000091,6.5499999999999545,7.600000000000136,14.150000000000091,29.053571428571463,3121235.6,Buy
331,2023-11-06T00:00:00+05:30,1744.0,1747.0,1732.0,1740.2,1186685,1.2671766943071916,1734.1440292158736,1743.2598204959988,-9.115791280125222,-10.957099180630877,15.0,13.75,1.25,15.0,29.00357142857146,3080953.7,Buy
332,2023-11-07T00:00:00+05:30,1735.15,1754.4,1726.1,1751.25,3599603,1.2317375070626877,1736.7757170288162,1743.8516856444435,-7.075968615627289,-10.18087306763016,28.300000000000182,14.200000000000045,14.100000000000136,28.300000000000182,29.23571428571433,3168958.2,Buy
333,2023-11-08T00:00:00+05:30,1753.0,1760.95,1740.0,1746.25,3642837,1.222656815156226,1738.2332990243829,1744.02933855967,-5.796039535287036,-9.303906361161536,20.950000000000045,9.700000000000045,11.25,20.950000000000045,28.582142857142895,3182650.95,Buy
334,2023-11-09T00:00:00+05:30,1745.9,1756.7,1739.1,1744.95,1943711,1.1582209017324574,1739.2666376360162,1744.097535703398,-4.830898067381895,-8.409304702405608,17.600000000000136,10.450000000000045,7.150000000000091,17.600000000000136,28.56785714285718,3104844.3,Buy
335,2023-11-10T00:00:00+05:30,1734.6,1749.25,1734.6,1745.45,1634799,1.1170398148912566,1740.217924153552,1744.197718243887,-3.9797940903349627,-7.52340257999148,14.650000000000091,4.2999999999999545,10.350000000000136,14.650000000000091,26.717857142857188,3067392.9,No Signal
336,2023-11-12T00:00:00+05:30,1752.0,1755.9,1747.0,1752.5,200366,1.0860146305971898,1742.1074742837748,1744.8127020776733,-2.70522779389853,-6.55976762277289,8.900000000000091,10.450000000000045,1.5499999999999545,10.450000000000045,24.09642857142863,2971214.85,No Signal
337,2023-11-13T00:00:00+05:30,1751.0,1752.2,1733.5,1748.2,2855277,1.0862518380091157,1743.044785932425,1745.0636130348828,-2.0188271024578626,-5.651579518709885,18.700000000000045,0.2999999999999545,19.0,19.0,22.614285714285774,3034980.85,No Signal
338,2023-11-15T00:00:00+05:30,1761.0,1772.3,1750.15,1769.5,3432271,1.062995584377676,1747.114818865898,1746.8737157730395,0.24110309285856601,-4.473042996396194,22.149999999999864,24.09999999999991,1.9500000000000455,24.09999999999991,21.546428571428628,3045726.55,No Signal
339,2023-11-16T00:00:00+05:30,1771.0,1783.4,1765.0,1772.85,2079116,1.1314658695804132,1751.0740775019137,1748.7978849750366,2.2761925268771392,-3.1231958917415277,18.40000000000009,13.900000000000091,4.5,18.40000000000009,21.50357142857149,2997098.35,No Signal
340,2023-11-17T00:00:00+05:30,1760.0,1784.25,1759.3,1764.6,2710870,1.178680918452288,1753.1549886554656,1749.9684120139227,3.1865766415428425,-1.8612413850846539,24.950000000000045,11.400000000000091,13.549999999999955,24.950000000000045,20.96428571428578,3032982.9,No Signal
341,2023-11-20T00:00:00+05:30,1756.0,1775.95,1750.1,1770.55,1923651,1.178631019131527,1755.8311442469324,1751.4929740869654,4.338170159966921,-0.6213590760743389,25.850000000000136,11.350000000000136,14.5,25.850000000000136,20.657142857142926,2925546.3,No Signal
342,2023-11-21T00:00:00+05:30,1778.95,1778.95,1760.65,1767.2,2705765,1.2255766241925816,1757.5801989781735,1752.656457487931,4.923741490242492,0.4876610371890272,18.299999999999955,8.400000000000091,9.899999999999864,18.299999999999955,20.42500000000005,2683512.45,No Signal
343,2023-11-22T00:00:00+05:30,1758.0,1763.0,1737.5,1745.65,4513732,1.2255272713352858,1755.7447837507623,1752.1374606369732,3.607323113789107,1.1115934525090432,25.5,4.2000000000000455,29.700000000000045,29.700000000000045,20.100000000000055,2733565.65,No Signal
344,2023-11-23T00:00:00+05:30,1740.05,1748.8,1737.0,1739.3,2836289,1.0429858118358697,1753.2148170198757,1751.186537626827,2.028279393048706,1.2949306406169758,11.799999999999955,3.1499999999998636,8.650000000000091,11.799999999999955,19.932142857142903,2561416.1,No Signal
345,2023-11-24T00:00:00+05:30,1739.5,1749.5,1733.7,1744.0,2561979,0.864973421039612,1751.7971528629716,1750.6542015063212,1.1429513566504284,1.2645347838236665,15.799999999999955,10.200000000000045,5.599999999999909,15.799999999999955,19.989285714285757,2540773.55,No Signal
346,2023-11-28T00:00:00+05:30,1745.0,1748.0,1738.0,1742.25,3349292,0.7688190728812225,1750.328360114822,1750.0316680614085,0.29669205341360794,1.070966237741655,10.0,4.0,6.0,10.0,18.682142857142885,2632660.0,No Signal
347,2023-11-29T00:00:00+05:30,1748.5,1759.25,1740.2,1753.45,3473140,0.754726607221535,1750.8086124048496,1750.2848778346374,0.5237345702121274,0.9615199042357494,19.049999999999955,17.0,2.0499999999999545,19.049999999999955,18.546428571428596,2564350.2,No Signal
348,2023-11-30T00:00:00+05:30,1756.45,1766.0,1745.95,1755.45,6254947,0.675774537804509,1751.5226720348728,1750.667479476516,0.8551925583567481,0.9402544350599492,20.049999999999955,12.549999999999955,7.5,20.049999999999955,18.721428571428582,2750692.3,No Signal
349,2023-12-01T00:00:00+05:30,1760.0,1766.0,1748.25,1750.5,2002378,0.6530777205844919,1751.3653378756617,1750.6550735893668,0.7102642862948869,0.8942564053069368,17.75,10.549999999999955,7.2000000000000455,17.75,18.942857142857147,2723283.3,No Signal
350,2023-12-04T00:00:00+05:30,1770.0,1825.95,1752.65,1818.55,4579173,0.9948767421190786,1761.7014397409446,1755.684327397562,6.017112343382678,1.918827592922085,73.29999999999995,75.45000000000005,2.150000000000091,75.45000000000005,23.58571428571429,2874294.05,Buy
351,2023-12-05T00:00:00+05:30,1828.0,1837.0,1808.5,1828.45,5571472,1.304278609510586,1771.9704490115685,1761.0743772199648,10.896071791603617,3.7142764326583917,28.5,18.450000000000045,10.049999999999955,28.5,24.264285714285716,3093533.4,Buy
352,2023-12-06T00:00:00+05:30,1832.05,1839.35,1813.15,1821.4,4695880,1.4997074553154262,1779.5749953174811,1765.542941870338,14.032053447143198,5.777831835555354,26.199999999999818,10.899999999999864,15.299999999999955,26.199999999999818,24.41428571428571,3148347.25,Buy
353,2023-12-07T00:00:00+05:30,1825.0,1836.85,1813.4,1826.85,2500642,1.6602482368332596,1786.8480729609455,1770.084205435498,16.763867525447495,7.975038973533782,23.449999999999818,15.449999999999818,8.0,23.449999999999818,24.774999999999977,3091237.5,Buy
354,2023-12-08T00:00:00+05:30,1826.85,1843.0,1820.7,1838.45,2985466,1.8279533163983799,1794.7868309669539,1775.1483383662019,19.638492600751988,10.307729698977424,22.299999999999955,16.15000000000009,6.149999999999864,22.299999999999955,24.585714285714257,3143325.25,Buy
355,2023-12-11T00:00:00+05:30,1845.0,1861.65,1840.3,1844.05,3205833,1.9791819472200858,1802.365780048961,1780.2521651538907,22.113614895070214,12.668906738195982,21.350000000000136,23.200000000000045,1.849999999999909,23.200000000000045,24.396428571428537,3221876.95,Buy
356,2023-12-12T00:00:00+05:30,1848.0,1853.0,1819.05,1824.35,3814962,2.0507066477241733,1805.7479677337362,1783.5186714387876,22.229296294948654,14.580984649546517,33.950000000000045,8.950000000000045,25.0,33.950000000000045,25.514285714285684,3402606.75,Buy
357,2023-12-13T00:00:00+05:30,1824.0,1835.75,1813.1,1826.2,3251332,2.0723464893100236,1808.8944342362383,1786.6802513322107,22.214182904027666,16.107624300442748,22.65000000000009,11.400000000000091,11.25,22.65000000000009,25.01071428571426,3422409.5,Buy
358,2023-12-14T00:00:00+05:30,1844.0,1865.45,1832.45,1853.85,4878863,2.190317772637038,1815.810675122971,1791.6557882705654,24.154886852405525,17.717076810835305,33.0,39.25,6.25,39.25,26.97142857142855,3494739.1,Buy
359,2023-12-15T00:00:00+05:30,1865.0,1865.0,1842.75,1850.6,3877197,2.302493670961734,1821.162878950206,1796.0220261764493,25.140852773756706,19.201832003419586,22.25,11.150000000000091,11.099999999999909,22.25,27.43214285714284,3584643.15,Buy
360,2023-12-18T00:00:00+05:30,1845.2,1855.9,1840.0,1846.95,3758730,2.3637946299381896,1825.130128342482,1799.7944686818976,25.335659660584497,20.42859753485257,15.900000000000091,5.300000000000182,10.599999999999909,15.900000000000091,27.853571428571417,3637036.15,Buy
361,2023-12-19T00:00:00+05:30,1849.85,1854.85,1835.7,1846.55,3088923,2.4097535779510357,1828.4254932128695,1803.2578413721274,25.16765184074211,21.37640839603048,19.149999999999864,7.899999999999864,11.25,19.149999999999864,27.860714285714266,3695299.75,Buy
362,2023-12-20T00:00:00+05:30,1852.15,1864.0,1815.3,1826.5,3968562,2.413694859315285,1828.1292634878125,1804.9794827519697,23.149780735842796,21.731082863992945,48.700000000000045,17.450000000000045,31.25,48.700000000000045,29.907142857142844,3758439.6,Buy
363,2023-12-21T00:00:00+05:30,1821.0,1857.45,1805.0,1852.7,2403840,2.3260607245105347,1831.9093767973798,1808.5143358814535,23.3950409159263,22.063874474379617,52.450000000000045,30.950000000000045,21.5,52.450000000000045,32.38571428571428,3652945.0,Buy
364,2023-12-22T00:00:00+05:30,1854.7,1879.65,1851.0,1860.5,3309295,2.2133789101730916,1836.3079342131675,1812.3651258161606,23.942808397006957,22.439661258905087,28.65000000000009,26.950000000000045,1.7000000000000455,28.65000000000009,29.042857142857137,3676595.3,Buy
365,2023-12-26T00:00:00+05:30,1867.0,1899.0,1857.15,1886.85,4350669,2.1461101954656363,1844.083636641911,1817.8825239038524,26.201112738058555,23.19195155473578,41.84999999999991,38.5,3.349999999999909,41.84999999999991,29.99642857142856,3766029.8,Buy
366,2023-12-27T00:00:00+05:30,1894.0,1910.0,1883.15,1902.35,3407243,2.079658004784107,1853.0476925431553,1824.1393739850485,28.908318558106885,24.335224955410002,26.84999999999991,23.15000000000009,3.699999999999818,26.84999999999991,30.042857142857137,3768927.35,Buy
367,2023-12-28T00:00:00+05:30,1911.0,1926.5,1903.1,1921.35,4950014,2.0876671356851153,1863.5557398442083,1831.3401610972671,32.21557874694122,25.911295713716246,23.40000000000009,24.15000000000009,0.75,24.15000000000009,30.092857142857156,3842771.05,Buy
368,2023-12-29T00:00:00+05:30,1912.1,1917.75,1890.05,1908.1,2446170,1.981513431029991,1870.4087029450993,1837.0260750900622,33.38262785503707,27.40556214198041,27.700000000000045,3.599999999999909,31.299999999999955,31.299999999999955,30.735714285714298,3652332.2,Buy
369,2024-01-01T00:00:00+05:30,1909.0,1919.0,1893.1,1909.15,1425902,1.7218167303484866,1876.3689024920072,1842.368588046354,34.0003144456532,28.72451260271497,25.90000000000009,10.900000000000091,15.0,25.90000000000009,30.928571428571445,3623508.4,Buy
370,2024-01-02T00:00:00+05:30,1908.0,1908.0,1860.1,1865.05,5120796,1.7055214667192269,1874.6275328778522,1844.048692635513,30.57884024233931,29.09537813063984,47.90000000000009,1.150000000000091,49.05000000000018,49.05000000000018,32.00714285714288,3650589.55,Buy
371,2024-01-03T00:00:00+05:30,1864.0,1870.0,1847.65,1865.9,3781515,1.6685818958054166,1873.2848355120288,1845.6673079958452,27.6175275161836,28.799808007748595,22.34999999999991,4.9500000000000455,17.399999999999864,22.34999999999991,31.985714285714298,3561091.7,Sell
372,2024-01-04T00:00:00+05:30,1871.5,1871.5,1860.55,1863.6,2865766,1.6024911322287567,1871.7948608178706,1846.9956555517085,24.799205266162062,27.99968745943129,10.950000000000045,5.599999999999909,5.350000000000136,10.950000000000045,29.96428571428573,3469586.0,Sell
373,2024-01-05T00:00:00+05:30,1865.5,1869.9,1841.4,1847.6,7799341,1.5675571667817658,1868.072574538198,1847.0404218071376,21.032152731060478,26.606180513757128,28.5,6.300000000000182,22.199999999999818,28.5,30.410714285714302,3734520.95,Sell
374,2024-01-08T00:00:00+05:30,1848.0,1851.45,1818.6,1826.1,12253167,1.6218023325397453,1861.6152553784752,1845.4892794510533,16.125975927421905,24.510139596490085,32.850000000000136,3.8500000000001364,29.0,32.850000000000136,31.62142857142859,4197906.0,Sell
375,2024-01-09T00:00:00+05:30,1837.0,1858.0,1821.0,1826.65,4339223,1.6641361824414904,1856.2359853202483,1844.0937772694938,12.142208050754562,22.036553287342983,37.0,31.90000000000009,5.099999999999909,37.0,32.8964285714286,4254575.5,Sell
376,2024-01-10T00:00:00+05:30,1820.8,1832.5,1811.6,1820.8,7052758,1.6822219429918401,1850.7842952709793,1842.3683122865684,8.415982984410903,19.312439226756567,20.90000000000009,5.849999999999909,15.050000000000182,20.90000000000009,30.910714285714317,4416465.3,Sell
377,2024-01-11T00:00:00+05:30,1832.0,1841.4,1815.35,1822.85,4170070,1.6915845661860562,1846.4867113831363,1840.9225113764523,5.564200006683905,16.562791382742034,26.050000000000182,20.600000000000136,5.4500000000000455,26.050000000000182,29.02500000000004,4462402.2,No Signal
378,2024-01-12T00:00:00+05:30,1825.0,1842.55,1814.4,1833.25,2172621,1.7126554935911638,1844.450294247269,1840.354177200419,4.096117046850168,14.069456515563662,28.149999999999864,19.700000000000045,8.449999999999818,28.149999999999864,28.98928571428574,4327090.1,No Signal
379,2024-01-15T00:00:00+05:30,1843.0,1853.6,1836.25,1851.5,6172312,1.6951104511615058,1845.534864363074,1841.1797937040917,4.355070658982186,12.126579344247368,17.34999999999991,20.34999999999991,3.0,20.34999999999991,27.453571428571454,4441845.85,No Signal
380,2024-01-16T00:00:00+05:30,1850.55,1860.95,1841.0,1848.0,4650898,1.6971994025380441,1845.914115999524,1841.6849941704552,4.229121829068845,10.547087841211663,19.950000000000045,9.450000000000045,10.5,19.950000000000045,26.96071428571432,4486454.25,No Signal
381,2024-01-17T00:00:00+05:30,1823.05,1834.65,1776.1,1779.65,10836883,2.0236923311855484,1835.719636614982,1837.0898094170882,-1.3701728021062536,8.16363571254808,58.55000000000018,13.349999999999909,71.90000000000009,71.90000000000009,30.371428571428606,4873852.25,Sell
382,2024-01-18T00:00:00+05:30,1770.0,1792.7,1764.6,1777.25,4293450,2.2300823179992357,1826.7243079049847,1832.6572309417484,-5.932923036763668,5.344323962685731,28.100000000000136,13.049999999999955,15.050000000000182,28.100000000000136,30.142857142857192,4890096.65,No Signal
383,2024-01-19T00:00:00+05:30,1787.05,1799.95,1754.15,1764.3,4560329,2.514857979664019,1817.1205682272948,1827.5937323534706,-10.473164126175789,2.1808263449134273,45.799999999999955,22.700000000000045,23.09999999999991,45.799999999999955,31.564285714285752,4997921.1,Sell
384,2024-01-20T00:00:00+05:30,1774.45,1829.45,1758.1,1806.8,5456020,2.5047382114283643,1815.5327885000186,1826.053455882843,-10.520667382824513,-0.35947240063416075,71.35000000000014,65.15000000000009,6.2000000000000455,71.35000000000014,33.157142857142894,5105257.35,Sell
385,2024-01-23T00:00:00+05:30,1801.0,1824.9,1763.9,1784.5,6780824,2.589643303669884,1810.7585133461696,1822.9754221137437,-12.216908767574068,-2.7309596740221425,61.0,18.100000000000136,42.899999999999864,61.0,35.91785714285719,5226765.1,Sell
386,2024-01-24T00:00:00+05:30,1789.0,1803.5,1762.9,1788.6,3268351,2.5318969850787405,1807.3495112929127,1820.4290945497626,-13.0795832568499,-4.800684390587695,40.59999999999991,19.0,21.59999999999991,40.59999999999991,38.03571428571432,5219820.5,Sell
387,2024-01-25T00:00:00+05:30,1790.0,1797.6,1752.4,1768.4,6702170,2.4250466582388883,1801.3572787863106,1816.5750875460765,-15.21780875976583,-6.884109264423323,45.19999999999982,9.0,36.19999999999982,45.19999999999982,39.22857142857145,5307428.3,Sell
388,2024-01-29T00:00:00+05:30,1785.3,1830.05,1776.0,1822.9,5236148,2.112403667455965,1804.6715435884166,1817.0435995797004,-12.372055991283787,-7.981698609795417,54.049999999999955,61.649999999999864,7.599999999999909,61.649999999999864,41.285714285714285,5446927.2,Sell
389,2024-01-30T00:00:00+05:30,1825.0,1839.45,1803.35,1823.6,3829187,1.8010393349079996,1807.5836138055834,1817.529258870093,-9.945645064509563,-8.374487900738247,36.100000000000136,16.549999999999955,19.550000000000182,36.100000000000136,41.22142857142858,5567091.45,Sell
390,2024-01-31T00:00:00+05:30,1816.0,1841.45,1788.5,1825.25,8117401,1.7032665679029397,1810.3015193739552,1818.1011656204564,-7.799646246501197,-8.259519569890838,52.950000000000045,17.850000000000136,35.09999999999991,52.950000000000045,43.51071428571429,5716921.7,Buy
391,2024-02-01T00:00:00+05:30,1830.0,1832.05,1813.2,1822.75,2072168,1.5893071177334455,1812.2166702395007,1818.4455237226448,-6.228853483144121,-7.853386352541495,18.84999999999991,6.7999999999999545,12.049999999999955,18.84999999999991,42.99642857142856,5631454.35,Buy
392,2024-02-02T00:00:00+05:30,1841.8,1850.0,1818.4,1822.95,5049876,1.4666232390244311,1813.867951741116,1818.7791886320786,-4.9112368909625275,-7.264956460225702,31.59999999999991,27.25,4.349999999999909,31.59999999999991,43.24285714285713,5740659.85,Buy
393,2024-02-05T00:00:00+05:30,1825.0,1826.95,1799.0,1808.35,3460806,1.4094672386364597,1813.0190360886365,1818.0066561408134,-4.987620052176908,-6.8094891786159435,27.950000000000045,4.0,23.950000000000045,27.950000000000045,43.785714285714285,5523733.1,Buy
394,2024-02-06T00:00:00+05:30,1814.0,1814.0,1783.15,1787.0,4691897,1.4429047113845805,1809.0161074596156,1815.7098667970495,-6.693759337433903,-6.786343210379536,30.84999999999991,5.650000000000091,25.199999999999818,30.84999999999991,44.5642857142857,5145669.6,Buy
395,2024-02-07T00:00:00+05:30,1791.0,1809.8,1788.0,1793.75,2471693,1.4308894273929234,1806.6674755427516,1814.083209997268,-7.415734454516496,-6.912221459206928,21.799999999999955,22.799999999999955,1.0,22.799999999999955,41.057142857142836,5052293.1,Sell
396,2024-02-08T00:00:00+05:30,1801.55,1803.8,1727.05,1729.7,4542774,1.779461856862737,1794.8263254592514,1807.8326018493224,-13.00627639007098,-8.13103244537974,76.75,10.049999999999955,66.70000000000005,76.75,44.53214285714283,4926793.9,Sell
397,2024-02-09T00:00:00+05:30,1730.0,1749.0,1719.0,1742.45,4063976,1.9061530200172285,1786.7684292347512,1802.9894461567799,-16.22101692202864,-9.74902934070952,30.0,19.299999999999955,10.700000000000045,30.0,43.403571428571404,4921489.2,Sell
398,2024-02-12T00:00:00+05:30,1743.0,1749.0,1691.1,1709.55,4506489,2.206496530165318,1774.8886708909433,1796.068005700722,-21.179334809778766,-12.035090434523369,57.90000000000009,6.5499999999999545,51.350000000000136,57.90000000000009,42.442857142857115,5038182.6,Sell
399,2024-02-13T00:00:00+05:30,1713.0,1745.1,1709.0,1737.15,4492334,2.131381064822088,1769.0827215231059,1791.7037089821501,-22.620987459044272,-14.15226983942755,36.09999999999991,35.549999999999955,0.5499999999999545,36.09999999999991,40.664285714285676,4954183.7,Sell
400,2024-02-14T00:00:00+05:30,1723.65,1764.8,1712.15,1748.95,3850323,2.002771245560854,1765.9853797503204,1788.536767576065,-22.55138782574454,-15.832093436690949,52.649999999999864,27.649999999999864,25.0,52.649999999999864,41.52499999999996,4914154.95,Sell
401,2024-02-15T00:00:00+05:30,1755.0,1757.45,1720.05,1739.25,2541670,2.088415845799175,1761.8722444041173,1784.8858959037639,-23.013651499646585,-17.268405049282077,37.40000000000009,8.5,28.90000000000009,37.40000000000009,40.96785714285712,4499394.3,Sell
402,2024-02-16T00:00:00+05:30,1749.95,1751.0,1732.2,1735.25,1643146,2.1719664573966693,1757.7765144957916,1781.2091628738553,-23.432648378063732,-18.50125371503841,18.799999999999955,11.75,7.0499999999999545,18.799999999999955,37.907142857142844,4366879.1,No Signal
403,2024-02-19T00:00:00+05:30,1744.0,1744.0,1726.15,1731.4,4447954,2.2534608927360478,1753.7185891887468,1777.5195952535698,-23.801006064823014,-19.56120418499533,17.84999999999991,8.75,9.099999999999909,17.84999999999991,36.6035714285714,4361260.35,No Signal
404,2024-02-20T00:00:00+05:30,1739.7,1768.65,1737.35,1762.5,7611124,2.1818342997901268,1755.0695754674011,1776.4070326421943,-21.337457174793144,-19.916454782954894,31.300000000000182,37.25,5.949999999999818,37.25,35.482142857142826,4469015.55,No Signal
405,2024-02-21T00:00:00+05:30,1769.0,1769.0,1740.55,1746.1,4184871,2.2261347238877085,1753.6896407801087,1774.162067261291,-20.47242648118231,-20.02764912260038,28.450000000000045,6.5,21.950000000000045,28.450000000000045,36.16785714285712,4339217.9,No Signal
406,2024-02-22T00:00:00+05:30,1744.5,1745.0,1714.2,1724.75,6200760,2.322910688620628,1749.2373883523996,1770.501914130825,-21.264525778425423,-20.27502445376539,30.799999999999955,1.099999999999909,31.899999999999864,31.899999999999864,36.18928571428569,4485838.35,No Signal
407,2024-02-23T00:00:00+05:30,1724.5,1732.75,1715.4,1724.0,3453766,2.396508517328851,1745.3547132212611,1767.057327898912,-21.7026146776509,-20.560542498542492,17.34999999999991,8.0,9.349999999999909,17.34999999999991,35.43214285714282,4323418.15,No Signal
408,2024-02-26T00:00:00+05:30,1722.1,1725.4,1701.95,1706.3,5958066,2.415834215884054,1739.3462958026055,1762.5567850915852,-23.210489288979716,-21.090531856629937,23.450000000000045,1.400000000000091,22.049999999999955,23.450000000000045,34.903571428571404,4359514.05,No Signal
409,2024-02-27T00:00:00+05:30,1713.0,1714.95,1697.0,1706.75,4431652,2.3527968228243625,1734.331481063743,1758.422949158875,-24.091468095132086,-21.69071910433037,17.950000000000045,8.650000000000091,9.299999999999955,17.950000000000045,34.557142857142836,4389637.3,No Signal
410,2024-02-28T00:00:00+05:30,1711.0,1712.85,1675.2,1683.6,3076327,2.3545303543150546,1726.5266378231672,1752.8805084804399,-26.353870657272637,-22.623349414918824,37.649999999999864,6.099999999999909,31.549999999999955,37.649999999999864,31.764285714285684,4137583.6,No Signal
411,2024-02-29T00:00:00+05:30,1687.0,1702.25,1667.4,1689.45,6606975,2.2247708019815193,1720.822539696526,1748.1819522967037,-27.35941260017762,-23.570562051970583,34.84999999999991,18.65000000000009,16.199999999999818,34.84999999999991,32.11071428571425,4364323.95,No Signal
412,2024-03-01T00:00:00+05:30,1695.5,1730.25,1695.0,1727.7,3444150,1.8749328677566506,1721.8806105124452,1746.664770645096,-24.784160132650868,-23.81328166810664,35.25,40.799999999999955,5.5499999999999545,40.799999999999955,30.88928571428567,4284037.65,No Signal
413,2024-03-02T00:00:00+05:30,1728.0,1733.0,1717.2,1723.7,179918,1.6089443564338353,1722.1605165874537,1744.9636765232372,-22.80315993578347,-23.611257321642007,15.799999999999955,5.2999999999999545,10.5,15.799999999999955,29.43928571428567,4119993.25,No Signal
414,2024-03-04T00:00:00+05:30,1727.95,1741.5,1718.5,1727.2,2777198,1.4236802841660159,1722.9358217278455,1743.647848632627,-20.712026904781624,-23.031411238269932,23.0,17.799999999999955,5.2000000000000455,23.0,27.321428571428537,4024258.3,No Signal
415,2024-03-05T00:00:00+05:30,1726.9,1727.2,1708.95,1715.7,3122194,1.1379495888176212,1721.8226183851,1741.5776376228027,-19.755019237702754,-22.376132838156497,18.25,0.0,18.25,18.25,25.95357142857139,4056783.35,No Signal
416,2024-03-06T00:00:00+05:30,1722.85,1771.95,1718.4,1759.75,7451712,1.1911640409964535,1727.6576001720077,1742.9237385396323,-15.266138367624535,-20.954133944050106,53.549999999999955,56.25,2.7000000000000455,56.25,28.628571428571394,4202230.25,No Signal
417,2024-03-07T00:00:00+05:30,1759.75,1764.9,1745.0,1748.05,3139360,1.2135568877388847,1730.7948924532373,1743.3034616107707,-12.50856915753343,-19.265020986746773,19.90000000000009,5.150000000000091,14.75,19.90000000000009,28.774999999999977,4155999.45,No Signal
418,2024-03-11T00:00:00+05:30,1765.9,1769.85,1724.25,1729.65,3640143,1.2024232469075196,1730.6187551527391,1742.292094084047,-11.673338931307853,-17.74668457565899,45.59999999999991,21.799999999999955,23.799999999999955,45.59999999999991,29.37142857142854,4112682.15,No Signal
419,2024-03-12T00:00:00+05:30,1734.9,1743.45,1707.35,1720.35,10243298,1.2069199958551329,1729.0389466677022,1740.666753781525,-11.627807113822655,-16.522909083291722,36.100000000000136,13.799999999999955,22.300000000000182,36.100000000000136,29.91785714285712,4400230.35,No Signal
420,2024-03-13T00:00:00+05:30,1720.35,1742.75,1717.2,1729.55,5816083,1.1652518872379174,1729.1175702572866,1739.843290538449,-10.725720281162467,-15.363471322865871,25.549999999999955,22.40000000000009,3.1499999999998636,25.549999999999955,29.464285714285698,4498518.35,No Signal
421,2024-03-14T00:00:00+05:30,1725.0,1757.85,1719.15,1742.4,4809633,1.1633413726485553,1731.1610209869348,1740.0326764244899,-8.871655437555091,-14.065108145803716,38.69999999999982,28.299999999999955,10.399999999999864,38.69999999999982,30.989285714285693,4611916.5,No Signal
422,2024-03-15T00:00:00+05:30,1735.8,1756.0,1721.2,1738.3,15507454,1.1706282433473678,1732.2593254504832,1739.9043300226758,-7.645004572192647,-12.781087431081502,34.799999999999955,13.599999999999909,21.200000000000045,34.799999999999955,31.799999999999972,5305131.9,Buy
423,2024-03-18T00:00:00+05:30,1737.4,1744.85,1715.3,1737.9,2314143,1.1782531665549891,1733.1271215350243,1739.7558611321072,-6.628739597082813,-11.550617864281765,29.549999999999955,6.5499999999999545,23.0,29.549999999999955,32.62857142857139,5198441.35,Buy
424,2024-03-19T00:00:00+05:30,1734.85,1756.9,1730.55,1749.65,4481075,1.1138340047376643,1735.6691028373284,1740.4887603075067,-4.819657470178299,-10.204425785461073,26.350000000000136,19.0,7.350000000000136,26.350000000000136,31.821428571428555,5041938.9,Buy
425,2024-03-20T00:00:00+05:30,1751.4,1768.5,1730.8,1765.4,4420886,1.1856779859932525,1740.243087016201,1742.3340373217654,-2.0909503055645473,-8.581730689481768,37.700000000000045,18.84999999999991,18.850000000000136,37.700000000000045,32.02499999999999,5053739.65,Buy
426,2024-03-21T00:00:00+05:30,1772.1,1790.65,1764.3,1772.15,3783681,1.307302272661612,1745.1518428598622,1744.542627149783,0.6092157100792974,-6.743541409569556,26.350000000000136,25.25,1.1000000000001364,26.350000000000136,30.99285714285715,4932885.7,Buy
427,2024-03-22T00:00:00+05:30,1769.9,1782.5,1765.0,1776.4,7061283,1.42590257162845,1749.9592516506527,1746.9024325460953,3.056819104557462,-4.783469306744152,17.5,10.349999999999909,7.150000000000091,17.5,31.114285714285725,5113261.55,Buy
428,2024-03-26T00:00:00+05:30,1765.0,1775.4,1750.0,1753.7,5303630,1.42352783771829,1750.534751396706,1747.4059560611993,3.1287953355067657,-3.2010163782939687,25.40000000000009,1.0,26.40000000000009,26.40000000000009,31.357142857142872,5080539.75,Buy
429,2024-03-27T00:00:00+05:30,1758.0,1779.8,1753.9,1775.6,8231130,1.442975518875749,1754.3909434895204,1749.4944037603698,4.896539729150618,-1.5815051568050515,25.899999999999864,26.09999999999991,0.20000000000004547,26.09999999999991,31.91785714285715,5270513.65,Buy
430,2024-03-28T00:00:00+05:30,1777.95,1803.9,1774.2,1785.5,6630072,1.359018582700051,1759.1769521834403,1752.1614849633054,7.015467220134951,0.13788931858294912,29.700000000000045,28.300000000000182,1.3999999999998636,29.700000000000045,30.021428571428583,5448200.9,No Signal
431,2024-04-01T00:00:00+05:30,1795.0,1817.65,1786.5,1790.7,2885880,1.2811746045766694,1764.0266518475264,1755.0161897808384,9.010462066687978,1.912403868203955,31.15000000000009,32.15000000000009,1.0,32.15000000000009,30.896428571428583,5262146.15,Buy
432,2024-04-02T00:00:00+05:30,1793.9,1798.0,1754.45,1757.4,6851190,1.2793691961266536,1763.007166947907,1755.1927683155911,7.8143986323159425,3.0928028210263525,43.549999999999955,7.2999999999999545,36.25,43.549999999999955,30.750000000000018,5432498.15,Buy
433,2024-04-03T00:00:00+05:30,1753.5,1756.7,1729.0,1731.15,12683551,1.2756816901610113,1758.1060643405367,1753.4118225144362,4.694241826100551,3.4130906220411923,27.700000000000045,0.7000000000000455,28.40000000000009,28.40000000000009,30.200000000000014,6057679.8,No Signal
434,2024-04-04T00:00:00+05:30,1747.0,1751.7,1723.3,1749.15,13125292,1.2239864485921867,1756.7282082881466,1753.0961319578112,3.6320763303353942,3.456887763700033,28.40000000000009,20.549999999999955,7.850000000000136,28.40000000000009,30.40357142857145,6575084.5,No Signal
435,2024-04-05T00:00:00+05:30,1749.05,1787.2,1740.1,1785.15,6558023,1.1728660704455196,1761.1007916284318,1755.4704925535289,5.6302990749029505,3.8915700259406165,47.100000000000136,38.049999999999955,9.050000000000182,47.100000000000136,31.003571428571473,6746875.95,Buy
436,2024-04-08T00:00:00+05:30,1793.8,1801.85,1785.1,1788.4,2634811,1.242866353607993,1765.3006698394422,1757.9097153273415,7.390954512100734,4.59144692317264,16.75,16.699999999999818,0.0500000000001819,16.75,29.71428571428576,6506030.9,No Signal
437,2024-04-09T00:00:00+05:30,1790.35,1793.0,1775.7,1780.6,2373231,1.2790280407886718,1767.6544129410665,1759.5904771549458,8.063935786120737,5.28594469576226,17.299999999999955,4.599999999999909,12.700000000000045,17.299999999999955,28.83928571428576,6467724.45,No Signal
438,2024-04-10T00:00:00+05:30,1788.9,1829.9,1784.0,1825.95,5525818,1.44423826922019,1776.622964796287,1764.5059973656905,12.11696743059656,6.652149242729121,45.90000000000009,49.30000000000018,3.400000000000091,49.30000000000018,30.47857142857148,6562008.2,No Signal
439,2024-04-12T00:00:00+05:30,1811.0,1818.1,1799.35,1813.05,3966227,1.4708767460904955,1782.2271240583968,1768.1018494126763,14.125274645720538,8.146774323327405,18.75,7.850000000000136,26.600000000000136,26.600000000000136,29.685714285714344,6248154.65,No Signal
440,2024-04-15T00:00:00+05:30,1789.95,1809.7,1780.0,1798.15,4319868,1.4428395764652224,1784.676797280182,1770.3276383450707,14.34915893511129,9.387251245684183,29.700000000000045,3.349999999999909,33.049999999999955,33.049999999999955,30.16428571428576,6173343.9,No Signal
441,2024-04-16T00:00:00+05:30,1778.0,1797.4,1775.65,1792.45,1325275,1.420778973284469,1785.8726746216923,1771.9663318009914,13.906342820700957,10.291069560687538,21.75,0.75,22.5,22.5,30.52142857142862,5999126.0,No Signal
442,2024-04-18T00:00:00+05:30,1790.05,1813.0,1783.1,1786.75,4250740,1.356256840994898,1786.0076477568166,1773.0614183342514,12.946229422565239,10.822101533063078,29.90000000000009,20.549999999999955,9.350000000000136,29.90000000000009,30.77142857142862,5436290.3,Buy
443,2024-04-19T00:00:00+05:30,1764.0,1787.1,1763.0,1780.75,1575245,1.2660332908272454,1785.1987788711524,1773.6309429020846,11.5678359690678,10.971248420264024,24.09999999999991,0.34999999999990905,23.75,24.09999999999991,30.628571428571473,5399345.4,No Signal
444,2024-04-22T00:00:00+05:30,1813.0,1822.5,1800.0,1809.95,6151139,1.2486379258902935,1789.0066590448214,1776.3212434278562,12.685415616965201,11.31408185960426,22.5,41.75,19.25,41.75,31.489285714285757,5482848.6,Buy
445,2024-04-23T00:00:00+05:30,1810.0,1829.0,1803.1,1813.05,5956005,1.289323440667858,1792.7056345763874,1779.04189206283,13.663742513557509,11.784013990394909,25.90000000000009,19.049999999999955,6.850000000000136,25.90000000000009,31.042857142857184,5559604.55,Buy
446,2024-04-24T00:00:00+05:30,1812.0,1845.5,1807.8,1842.8,3295077,1.4490867727105854,1800.412460026174,1783.7647148729907,16.647745153183223,12.756760222952572,37.700000000000045,32.450000000000045,5.25,37.700000000000045,30.62500000000005,5535174.35,Buy
447,2024-04-25T00:00:00+05:30,1665.0,1697.8,1602.0,1642.45,66179079,2.552308924870773,1776.1105430990701,1773.296958215732,2.8135848833380805,10.768125155029674,95.79999999999995,145.0,240.79999999999995,240.79999999999995,45.79642857142861,8491064.15,Sell
448,2024-04-26T00:00:00+05:30,1642.45,1655.0,1605.0,1608.5,22146849,3.5253631301438375,1750.3243056992133,1761.0897761256779,-10.765470426464617,6.461406038730816,50.0,12.549999999999955,37.450000000000045,50.0,47.339285714285744,9333225.1,Sell
449,2024-04-29T00:00:00+05:30,1610.1,1647.25,1609.5,1640.4,11227409,3.898953326816042,1733.4128740531805,1752.149792708961,-18.736918655780528,1.4217410998285476,37.75,38.75,1.0,38.75,46.74285714285717,9483039.05,Sell
450,2024-04-30T00:00:00+05:30,1640.4,1647.0,1620.0,1623.95,18206448,4.382863687440213,1716.5724318911527,1742.6535117675564,-26.08107987640369,-4.078823095417901,27.0,6.599999999999909,20.40000000000009,27.0,47.47500000000002,10061857.85,Sell
451,2024-05-02T00:00:00+05:30,1590.0,1594.5,1552.4,1575.65,26640478,5.171165220747765,1694.8920577540523,1730.282881266256,-35.390823512203724,-10.341223178775065,42.09999999999991,29.450000000000045,71.54999999999995,71.54999999999995,51.35000000000002,11249587.75,Sell
452,2024-05-03T00:00:00+05:30,1583.0,1587.9,1543.85,1546.7,16123589,6.007685238165337,1672.0932796380444,1716.6841493206075,-44.59086968256315,-17.191152479532683,44.05000000000018,12.25,31.800000000000182,44.05000000000018,50.97500000000002,11713207.7,Sell
453,2024-05-06T00:00:00+05:30,1605.0,1633.0,1594.0,1624.3,21608211,5.926926708334649,1664.7404673860376,1709.8408790005624,-45.10041161452477,-22.773004306531103,39.0,86.29999999999995,47.299999999999955,86.29999999999995,55.23928571428572,12159440.7,Sell
454,2024-05-07T00:00:00+05:30,1628.7,1647.35,1618.0,1643.9,9866785,5.968080194141239,1661.5342416343394,1704.9563694449653,-43.42212781062585,-26.902829007350054,29.34999999999991,23.049999999999955,6.2999999999999545,29.34999999999991,54.97500000000001,11996515.35,Sell
455,2024-05-08T00:00:00+05:30,1640.0,1657.45,1636.1,1648.35,9853753,5.978510962023384,1659.505896767518,1700.7633050416346,-41.25740827411664,-29.77374486070337,21.350000000000136,13.549999999999955,7.800000000000182,21.350000000000136,54.89285714285716,12161301.85,Sell
456,2024-05-09T00:00:00+05:30,1648.0,1661.85,1637.0,1643.1,4656044,5.997247346513383,1656.9819126494383,1696.4919491126245,-39.510036463186225,-31.721003181199944,24.84999999999991,13.5,11.349999999999909,24.84999999999991,54.53214285714286,12262363.5,Sell
457,2024-05-10T00:00:00+05:30,1643.0,1653.1,1615.9,1627.95,11769402,6.0728029602138935,1652.5154645495247,1691.4147676968746,-38.89930314734988,-33.15666317442993,37.19999999999982,10.0,27.199999999999818,37.19999999999982,55.46785714285714,12732172.05,Sell
458,2024-05-13T00:00:00+05:30,1627.0,1643.65,1616.0,1641.2,5839248,5.8177740447412685,1650.774623849598,1687.695155274884,-36.92053142528607,-33.90943682460116,27.65000000000009,15.700000000000045,11.950000000000045,27.65000000000009,54.46071428571429,12747843.55,Sell
459,2024-05-14T00:00:00+05:30,1642.0,1650.0,1632.5,1646.3,4282026,5.57965087611737,1650.0862201804289,1684.6288474767443,-34.54262729631546,-34.036074918944024,17.5,8.799999999999955,8.700000000000045,17.5,53.86071428571428,12763633.5,Sell
460,2024-05-15T00:00:00+05:30,1649.7,1654.0,1637.05,1651.0,1923566,5.348057920624126,1650.226801691132,1682.1378217377262,-31.911020046594103,-33.61106394447404,16.950000000000045,7.7000000000000455,9.25,16.950000000000045,52.378571428571426,12643818.4,Buy
461,2024-05-16T00:00:00+05:30,1655.0,1675.0,1647.2,1672.05,6998357,5.035599329757446,1653.5842168155732,1681.3905756830798,-27.80635886750656,-32.45012292908054,27.799999999999955,24.0,3.7999999999999545,27.799999999999955,37.16428571428571,12927472.5,No Signal
462,2024-05-17T00:00:00+05:30,1674.0,1705.65,1665.0,1696.55,9617451,4.7229446578356695,1660.194337305485,1682.5134960028515,-22.319158697366447,-30.423930082737726,40.65000000000009,33.600000000000136,7.0499999999999545,40.65000000000009,36.496428571428574,13195808.05,No Signal
463,2024-05-18T00:00:00+05:30,1698.0,1704.0,1691.95,1695.0,290857,4.484870562612754,1665.5490546431026,1683.4384222248625,-17.88936758175987,-27.917017582542158,12.049999999999955,7.4500000000000455,4.599999999999909,12.049999999999955,34.589285714285715,13131588.65,No Signal
464,2024-05-21T00:00:00+05:30,1692.0,1715.0,1690.0,1698.25,5810167,4.0344584904440355,1670.5799693133945,1684.535576134132,-13.955606820737557,-25.12473543018124,25.0,20.0,5.0,25.0,34.44642857142857,13114540.05,No Signal
465,2024-05-22T00:00:00+05:30,1702.8,1704.95,1681.1,1699.55,6058697,3.480380537846988,1675.0368971113337,1685.647755679752,-10.61085856841828,-22.22196005782865,23.850000000000136,6.7000000000000455,17.15000000000009,23.850000000000136,31.03928571428573,13119674.65,No Signal
466,2024-05-23T00:00:00+05:30,1700.0,1713.6,1697.05,1709.05,5681295,2.4313729331482423,1680.2696821711286,1687.3812552590296,-7.111573087900979,-19.199882663843116,16.549999999999955,14.049999999999955,2.5,16.549999999999955,29.074999999999996,13238985.55,No Signal
467,2024-05-24T00:00:00+05:30,1711.0,1717.85,1694.7,1703.45,4936177,2.549001052974711,1683.8358849140318,1688.5715326472496,-4.735647733217775,-16.307035677718048,23.149999999999864,8.799999999999955,14.349999999999909,23.149999999999864,24.564285714285706,10176840.45,No Signal
468,2024-05-27T00:00:00+05:30,1703.45,1722.0,1702.5,1711.0,3454287,2.5911261218538266,1688.0149795426423,1690.2329005993051,-2.217921056662817,-13.489212753507003,19.5,18.549999999999955,0.9500000000000455,19.5,23.860714285714284,9242212.35,No Signal
469,2024-05-28T00:00:00+05:30,1712.3,1716.0,1698.0,1703.65,3716141,2.669998970721773,1690.4203673053128,1691.2267598141714,-0.8063925088586075,-10.952648704577324,18.0,5.0,13.0,18.0,23.62142857142856,8866648.95,No Signal
470,2024-05-29T00:00:00+05:30,1698.0,1710.9,1682.2,1687.85,4952472,2.6785377456923034,1690.0249261814186,1690.976629457566,-0.9517032761475548,-8.952459618891371,28.700000000000045,7.25,21.450000000000045,28.700000000000045,23.89642857142857,8203950.15,No Signal
471,2024-05-30T00:00:00+05:30,1684.35,1707.6,1683.0,1690.1,5580489,2.416270805755301,1690.036475999662,1690.9116939421908,-0.8752179425289341,-7.337011283618884,24.59999999999991,19.75,4.849999999999909,24.59999999999991,22.996428571428574,7150950.7,No Signal
472,2024-05-31T00:00:00+05:30,1703.0,1703.0,1660.55,1680.4,12804476,1.7541777851877227,1688.5539412304831,1690.133049946473,-1.5791087159898325,-6.185430770093074,42.450000000000045,12.900000000000091,29.549999999999955,42.450000000000045,24.053571428571427,6984995.05,No Signal
473,2024-06-03T00:00:00+05:30,1721.45,1738.85,1700.1,1718.05,9801071,1.668126108696571,1693.0917964257935,1692.2009721726602,0.8908242531333599,-4.7701797654477875,38.75,58.44999999999982,19.699999999999818,58.44999999999982,26.978571428571417,6394638.05,No Signal
474,2024-06-04T00:00:00+05:30,1703.25,1715.5,1602.45,1637.95,15229468,1.7743867245324174,1684.6084431295176,1688.182381641352,-3.5739385118345126,-4.530931514725133,113.04999999999995,2.5499999999999545,115.59999999999991,115.59999999999991,34.02499999999998,6662772.2,No Signal
475,2024-06-05T00:00:00+05:30,1662.55,1724.75,1645.0,1718.1,14426318,1.7167238765263075,1689.760990340361,1690.3985015197704,-0.63751117940933,-3.752247447661972,79.75,86.79999999999995,7.0499999999999545,86.79999999999995,38.23928571428569,6891400.45,Buy
476,2024-06-06T00:00:00+05:30,1721.0,1738.5,1703.8,1734.7,6359901,1.7475299461033198,1696.6746841341517,1693.6800939997875,2.9945901343642163,-2.4028799312567344,34.700000000000045,20.40000000000009,14.299999999999955,34.700000000000045,37.81428571428569,6976593.3,Buy
477,2024-06-07T00:00:00+05:30,1730.05,1758.65,1722.0,1753.7,4608146,1.74807932123112,1705.4478096519745,1698.1260129627663,7.321796689208213,-0.45794460716374497,36.65000000000009,23.950000000000045,12.700000000000045,36.65000000000009,39.571428571428555,6618530.5,Buy
478,2024-06-10T00:00:00+05:30,1750.1,1773.45,1736.15,1745.65,4848044,1.7398211169707634,1711.6327620132092,1701.6463082988575,9.986453714351683,1.6309350571393406,37.299999999999955,19.75,17.549999999999955,37.299999999999955,40.44999999999998,6568970.3,Buy
479,2024-06-11T00:00:00+05:30,1746.6,1747.2,1717.1,1720.0,4105647,1.6401921787534322,1712.9200293957924,1703.0058410174606,9.9141883783318,3.2875857213778326,30.100000000000136,1.5499999999999545,28.550000000000182,30.100000000000136,40.89642857142855,6560151.35,Buy
480,2024-06-12T00:00:00+05:30,1720.1,1734.0,1712.9,1715.75,5881576,1.5003397351909598,1713.3554094887475,1703.949852793945,9.405556694802499,4.511179916062766,21.09999999999991,14.0,7.099999999999909,21.09999999999991,41.22142857142855,6758051.85,Buy
481,2024-06-13T00:00:00+05:30,1731.4,1737.55,1719.0,1726.35,6016145,1.4474156159694267,1715.3545772597095,1705.6091229573565,9.745454302352982,5.55803479332081,18.549999999999955,21.799999999999955,3.25,21.799999999999955,41.124999999999986,6708941.25,Buy
482,2024-06-14T00:00:00+05:30,1723.0,1734.9,1710.4,1717.2,3153666,1.452856172035281,1715.6384884505235,1706.4677064419968,9.170782008526658,6.28058423636198,24.5,8.550000000000182,15.949999999999818,24.5,41.48214285714284,6385752.0,Buy
483,2024-06-18T00:00:00+05:30,1718.6,1724.65,1703.25,1719.4,5707330,1.4459063947965118,1716.2171825350583,1707.42565411296,8.791528422098281,6.78277307350924,21.40000000000009,7.4500000000000455,13.950000000000045,21.40000000000009,41.72499999999999,6656575.65,Buy
484,2024-06-19T00:00:00+05:30,1729.0,1763.05,1715.0,1746.7,9959798,1.490745667314064,1720.9068467604338,1710.3348649194074,10.5719818410264,7.540614827012672,48.049999999999955,43.649999999999864,4.400000000000091,48.049999999999955,43.10714285714284,6864057.2,Buy
485,2024-06-20T00:00:00+05:30,1765.0,1789.85,1760.3,1766.25,9243104,1.6148747091635118,1727.882716489598,1714.476726777229,13.405989712368864,8.713689804083911,29.549999999999955,43.149999999999864,13.599999999999909,43.149999999999864,44.432142857142836,7023277.55,Buy
486,2024-06-21T00:00:00+05:30,1770.0,1789.0,1745.3,1775.65,19031689,1.7735542697179085,1735.2315293373522,1719.008080349286,16.22344898806614,10.215641640880357,43.700000000000045,22.75,20.950000000000045,43.700000000000045,44.52142857142855,7690797.25,Buy
487,2024-06-24T00:00:00+05:30,1757.15,1775.2,1749.75,1772.55,4228888,1.8883185231793918,1740.9728325162212,1722.9741484715612,17.998684044659967,11.77225012163628,25.450000000000045,0.4500000000000455,25.90000000000009,25.90000000000009,42.19642857142857,7655432.8,Buy
488,2024-06-25T00:00:00+05:30,1776.55,1798.25,1763.0,1781.9,5933859,2.0150133336536835,1747.2693198214179,1727.3390263625568,19.930293458861115,13.403858789081248,35.25,25.700000000000045,9.549999999999955,35.25,36.45714285714286,7779411.4,Buy
489,2024-06-26T00:00:00+05:30,1780.0,1816.0,1776.1,1798.15,6685932,2.166344717789895,1755.097116771969,1732.584283669034,22.51283310293502,15.225653651852003,39.90000000000009,34.09999999999991,5.800000000000182,39.90000000000009,33.107142857142875,7927900.95,No Signal
490,2024-06-27T00:00:00+05:30,1791.0,1838.0,1785.0,1830.55,13342769,2.379719811740005,1766.7052526532045,1739.8410033972536,26.86424925595088,17.55337277267178,53.0,39.84999999999991,13.150000000000091,53.0,34.414285714285725,8347415.8,No Signal
491,2024-06-28T00:00:00+05:30,1822.2,1847.95,1798.9,1802.5,4969007,2.461800644786561,1772.212136860404,1744.4824105530126,27.729726307391275,19.58864347961568,49.049999999999955,17.40000000000009,31.649999999999864,49.049999999999955,35.300000000000004,8316841.7,No Signal
492,2024-07-01T00:00:00+05:30,1802.5,1813.15,1790.0,1808.1,2901510,2.437216897155764,1777.7333465741879,1749.1948245861229,28.538521988064986,21.37861918130554,23.15000000000009,10.650000000000091,12.5,23.15000000000009,34.289285714285725,7821693.4,No Signal
493,2024-07-02T00:00:00+05:30,1820.95,1820.95,1737.1,1769.6,9625017,2.466034805815531,1776.4820624858512,1750.7063190612248,25.7757434246264,22.258044029969714,83.85000000000014,12.850000000000136,71.0,83.85000000000014,38.12857142857144,7812890.7,No Signal
494,2024-07-03T00:00:00+05:30,1765.8,1815.85,1752.2,1810.7,8981003,2.0079458653971103,1781.746360564951,1755.15029542706,26.596065137890946,23.12564825155396,63.649999999999864,46.25,17.399999999999864,63.649999999999864,41.16785714285715,7500467.45,Buy
495,2024-07-04T00:00:00+05:30,1806.6,1838.55,1801.3,1833.85,5068893,2.0928868266811307,1789.76230509342,1760.9799031732036,28.782401920216444,24.256998985286458,37.25,27.84999999999991,9.400000000000091,37.25,42.27142857142859,7032596.2,Buy
496,2024-07-05T00:00:00+05:30,1820.0,1857.95,1818.45,1852.7,3465653,2.273847136964887,1799.44502738674,1767.773984419633,31.67104296710704,25.739807781650576,39.5,24.100000000000136,15.399999999999864,39.5,43.342857142857156,6887883.8,Buy
497,2024-07-08T00:00:00+05:30,1854.0,1857.25,1835.45,1853.2,3861203,2.457600645105048,1807.7150231733954,1774.1018374255862,33.61318574780921,27.314483374882304,21.799999999999955,4.5499999999999545,17.25,21.799999999999955,43.371428571428574,6850536.65,Buy
498,2024-07-09T00:00:00+05:30,1861.2,1870.0,1830.0,1847.85,3920211,2.5702019818837223,1813.889634992873,1779.5646642829502,34.32497070992281,28.716580841890405,40.0,16.799999999999955,23.200000000000045,40.0,42.79642857142858,6804145.0,Buy
499,2024-07-10T00:00:00+05:30,1843.0,1844.5,1820.2,1829.85,5629789,2.5262464486432283,1816.3450757632002,1783.2895039656946,33.055571797505536,29.584379033013434,24.299999999999955,3.349999999999909,27.649999999999864,27.649999999999864,41.689285714285724,6880352.1,Buy
500,2024-07-11T00:00:00+05:30,1830.85,1852.0,1821.55,1844.5,4615372,2.4169020564842,1820.6766025688617,1787.8236147830505,32.85298778581114,30.238100783572975,30.450000000000045,22.15000000000009,8.299999999999955,30.450000000000045,40.74285714285715,6817041.9,Buy
501,2024-07-12T00:00:00+05:30,1844.5,1851.0,1826.25,1832.85,4240855,2.3095272329839807,1822.549432942883,1791.1589025768985,31.390530365984432,30.46858670005527,24.75,6.5,18.25,24.75,40.660714285714285,6728277.4,Buy
502,2024-07-15T00:00:00+05:30,1839.0,1857.9,1826.65,1843.55,5909996,2.095764232511282,1825.7802894132087,1795.0397246082393,30.74056480496938,30.522982321038093,31.25,25.050000000000182,6.199999999999818,31.25,40.375,6866093.9,Buy
503,2024-07-16T00:00:00+05:30,1842.1,1849.1,1800.9,1805.3,6542702,1.819108396581802,1822.6294756573304,1795.799745007629,26.829730649701332,29.78433198677074,48.19999999999982,5.5499999999999545,42.649999999999864,48.19999999999982,40.96785714285712,6907862.5,Sell
504,2024-07-18T00:00:00+05:30,1805.0,1831.2,1793.15,1826.75,7590838,1.6080088011799518,1823.2634024792796,1798.0923564885454,25.17104599073423,28.86167478756344,38.049999999999955,25.90000000000009,12.149999999999864,38.049999999999955,39.89999999999998,6789414.5,No Signal
505,2024-07-19T00:00:00+05:30,1818.5,1831.0,1805.95,1821.6,4138865,1.489286622038244,1823.0074944055443,1799.8336634153197,23.173830990224587,27.724106028095672,25.049999999999955,4.25,20.799999999999955,25.049999999999955,38.18571428571426,6534202.55,No Signal
506,2024-07-22T00:00:00+05:30,1821.0,1821.0,1748.9,1757.55,10742361,1.6404803116980435,1812.9371106508452,1796.7015401993701,16.23557045147504,25.426398912771546,72.09999999999991,0.599999999999909,72.69999999999982,72.69999999999982,41.72499999999996,6119736.15,Sell
507,2024-07-23T00:00:00+05:30,1769.0,1780.5,1739.15,1768.9,6155196,1.6469526857702983,1806.1621705507152,1794.6421668512687,11.520003699446534,22.645119870106544,41.34999999999991,22.950000000000045,18.399999999999864,41.34999999999991,38.68928571428565,6216051.55,No Signal
508,2024-07-24T00:00:00+05:30,1767.95,1780.9,1729.05,1746.2,7487207,1.847333874500108,1796.9372212352207,1791.0538581956191,5.883363039601591,19.292768504005554,51.850000000000136,12.0,39.850000000000136,51.850000000000136,37.84642857142853,6293718.95,No Signal
509,2024-07-25T00:00:00+05:30,1732.0,1779.0,1732.0,1775.15,3096397,1.8733890664409965,1793.5853410451869,1789.8757946255732,3.7095464196136163,16.176124087127167,47.0,32.799999999999955,14.200000000000045,47.0,38.5428571428571,6114242.2,No Signal
510,2024-07-26T00:00:00+05:30,1758.1,1829.85,1758.1,1813.85,5309351,1.8194425983961118,1796.7029808843888,1791.6516616903455,5.051319194043344,13.951163108510404,71.75,54.69999999999982,17.050000000000182,71.75,40.84642857142853,5712571.3,Sell
511,2024-07-29T00:00:00+05:30,1824.7,1827.0,1783.5,1793.9,8006367,1.8502068920490882,1796.2717530560212,1791.8182052688385,4.4535477871827425,12.051640044244872,43.5,13.150000000000091,30.34999999999991,43.5,42.39642857142854,5864439.3,Sell
512,2024-07-30T00:00:00+05:30,1793.9,1806.65,1781.3,1786.1,5679537,1.8857171740332381,1794.7068679704794,1791.3946345081838,3.3122334622955805,10.303758727855014,25.350000000000136,12.75,12.600000000000136,25.350000000000136,41.34999999999997,6003340.65,Sell
513,2024-07-31T00:00:00+05:30,1793.0,1816.0,1773.15,1807.9,5806257,1.7855434204228613,1796.7365805904055,1792.6172541742442,4.119326416161357,9.066872265516283,42.84999999999991,29.90000000000009,12.949999999999818,42.84999999999991,42.43571428571426,5812402.65,Sell
514,2024-08-01T00:00:00+05:30,1807.1,1818.25,1786.25,1792.65,3816044,1.8178663157588253,1796.1078758841893,1792.6196797909668,3.488196093222541,7.951137031057535,32.0,10.349999999999909,21.65000000000009,32.0,42.54642857142854,5554154.7,Sell
515,2024-08-02T00:00:00+05:30,1781.1,1810.0,1775.0,1803.45,3242589,1.785894163745247,1797.2374334404678,1793.4219257323766,3.815507708091218,7.124011166464272,35.0,17.34999999999991,17.65000000000009,35.0,43.278571428571404,5462839.5,Sell
516,2024-08-05T00:00:00+05:30,1770.2,1805.6,1768.55,1773.65,4911818,1.7793994118440208,1793.6085975265498,1791.9573386410896,1.6512588854602654,6.029460710263471,37.049999999999955,2.1499999999998636,34.90000000000009,37.049999999999955,43.692857142857115,5535147.75,Sell
517,2024-08-06T00:00:00+05:30,1785.0,1792.2,1760.0,1770.55,3924022,1.7214995495303163,1790.0611209840038,1790.3716098528607,-0.3104888688569645,4.761470794439385,32.200000000000045,18.549999999999955,13.650000000000091,32.200000000000045,42.54999999999999,5538288.7,Sell
518,2024-08-07T00:00:00+05:30,1785.0,1786.6,1760.05,1776.55,3537745,1.631297094470718,1787.9824869864647,1789.347786900797,-1.365299914332354,3.536116652685037,26.549999999999955,16.049999999999955,10.5,26.549999999999955,41.72857142857141,5519165.4,Sell
519,2024-08-08T00:00:00+05:30,1766.65,1781.8,1762.65,1772.75,2472221,1.6101124598624652,1785.6390274500855,1788.1183212044416,-2.4792937543561493,2.3330345712767997,19.149999999999864,5.25,13.899999999999864,19.149999999999864,41.307142857142836,5361287.0,Sell
520,2024-08-09T00:00:00+05:30,1785.05,1785.45,1765.0,1769.65,2464443,1.505959158859531,1783.1791770731493,1786.75029741152,-3.571120338370747,1.1522035893472904,20.450000000000045,12.700000000000045,7.75,20.450000000000045,37.574999999999996,5253740.55,No Signal
521,2024-08-12T00:00:00+05:30,1761.0,1791.05,1751.25,1772.55,4544443,1.4187033866269667,1781.5439190618956,1785.6984235291852,-4.154504467289598,0.09086197801991264,39.799999999999955,21.399999999999864,18.40000000000009,39.799999999999955,37.464285714285715,5268919.95,No Signal
522,2024-08-13T00:00:00+05:30,1763.0,1791.5,1746.1,1752.05,3530319,1.3076440920094201,1777.0063930523731,1783.2059477122086,-6.199554659835485,-1.167221349551167,45.40000000000009,18.950000000000045,26.450000000000045,45.40000000000009,37.003571428571426,5149936.1,No Signal
523,2024-08-14T00:00:00+05:30,1755.0,1760.0,1744.55,1747.9,2585649,1.3575721335663518,1772.528486428931,1780.590692326119,-8.06220589718805,-2.5462182590785436,15.450000000000045,7.9500000000000455,7.5,15.450000000000045,34.75,4952083.45,No Signal
524,2024-08-16T00:00:00+05:30,1762.0,1785.75,1746.0,1777.3,2961871,1.193167497637253,1773.2625654398646,1780.3469373389992,-7.084371899134567,-3.4538489870897484,39.75,37.84999999999991,1.900000000000091,39.75,32.464285714285715,4720635.1,No Signal
525,2024-08-19T00:00:00+05:30,1780.55,1790.0,1771.0,1781.35,2172279,1.0506170864657747,1774.5067861414238,1780.421238276851,-5.914452135427155,-3.94596961675723,19.0,12.700000000000045,6.2999999999999545,19.0,30.714285714285715,4622305.8,No Signal
526,2024-08-20T00:00:00+05:30,1783.0,1813.05,1776.25,1805.65,3115486,1.0616434640149168,1779.2980498119741,1782.2900354415287,-2.9919856295546197,-3.755172819316708,36.799999999999955,31.700000000000045,5.099999999999909,36.799999999999955,31.532142857142844,4240962.05,No Signal
527,2024-08-21T00:00:00+05:30,1800.0,1817.0,1787.35,1812.95,5717190,1.1247428502011956,1784.4752729178242,1784.5611439273414,-0.0858710095171773,-3.021312457356802,29.65000000000009,11.349999999999909,18.300000000000182,29.65000000000009,30.589285714285715,4219061.75,No Signal
528,2024-08-22T00:00:00+05:30,1814.0,1824.3,1805.8,1821.5,3217988,1.1233246753164754,1790.1713847766205,1787.297355488279,2.8740292883414895,-1.842244108217144,18.5,11.349999999999909,7.150000000000091,18.5,29.625,4005600.8,No Signal
529,2024-08-23T00:00:00+05:30,1821.5,1827.9,1812.7,1818.0,1815186,1.1853344056138626,1794.4527101956019,1789.57162545211,4.881084743491783,-0.4975783378753585,15.200000000000045,6.400000000000091,8.799999999999955,15.200000000000045,28.21071428571429,3941540.25,No Signal
530,2024-08-26T00:00:00+05:30,1820.0,1822.95,1809.7,1812.5,2356257,1.184247535535147,1797.2292163193554,1791.2700235667685,5.959192752586887,0.7937758802170906,13.25,4.9500000000000455,8.299999999999955,13.25,26.510714285714293,3793885.55,No Signal
531,2024-08-27T00:00:00+05:30,1811.05,1813.1,1791.7,1803.35,4541696,1.2042360745366532,1798.1708753471469,1792.1648366358968,6.006038711250085,1.8362284464236895,21.399999999999864,0.599999999999909,20.799999999999955,21.399999999999864,25.739285714285707,3620652.0,No Signal
532,2024-08-28T00:00:00+05:30,1796.0,1805.9,1785.85,1791.3,4280796,1.2127958941122945,1797.113817601432,1792.1007746628675,5.0130429385644675,2.4715913448518454,20.050000000000182,2.550000000000182,17.5,20.050000000000182,25.27500000000001,3550714.95,No Signal
533,2024-08-29T00:00:00+05:30,1783.25,1798.5,1773.0,1777.25,5531158,1.2006154546655174,1794.0578456627502,1791.0007172804328,3.057128382317387,2.588698752344954,25.5,7.2000000000000455,18.299999999999955,25.5,25.72857142857145,3536960.0,No Signal
534,2024-08-30T00:00:00+05:30,1777.3,1790.0,1774.35,1780.8,7458172,1.1976043330751374,1792.0181770992501,1790.2451085929933,1.7730685062567773,2.425572703127319,15.650000000000091,12.75,2.900000000000091,15.650000000000091,25.385714285714307,3719066.4,No Signal
535,2024-09-02T00:00:00+05:30,1782.0,1793.45,1772.7,1780.25,4048520,1.1772852184792748,1790.2076883147502,1789.5047301786976,0.7029581360525299,2.081049789712361,20.75,12.650000000000091,8.099999999999909,20.75,24.025000000000027,3759362.95,No Signal
536,2024-09-03T00:00:00+05:30,1780.05,1786.45,1772.35,1783.8,5196273,1.165730793854131,1789.2218901124809,1789.0821575728683,0.13973253961262344,1.6927863396924137,14.100000000000136,6.2000000000000455,7.900000000000091,14.100000000000136,21.789285714285743,3773585.7,No Signal
537,2024-09-04T00:00:00+05:30,1770.0,1788.3,1763.5,1783.8,3192443,1.1495319831748807,1788.387753172099,1788.6908866415447,-0.3031334694455836,1.2936023778648142,24.799999999999955,4.5,20.299999999999955,24.799999999999955,22.45714285714288,3737006.75,No Signal
538,2024-09-05T00:00:00+05:30,1781.25,1786.35,1760.0,1777.95,3573005,1.1515247393587602,1786.781944991776,1787.8952654088378,-1.1133204170616864,0.8122178188795142,26.34999999999991,2.5499999999999545,23.799999999999955,26.34999999999991,21.500000000000018,3738769.75,No Signal
539,2024-09-06T00:00:00+05:30,1767.55,1781.95,1756.5,1764.15,3254880,1.1822199348336657,1783.3001073007335,1786.136356860035,-2.83624955930145,0.08252434324332131,25.450000000000045,4.0,21.450000000000045,25.450000000000045,21.960714285714307,3777902.7,No Signal
540,2024-09-09T00:00:00+05:30,1767.7,1793.95,1758.45,1790.15,3436461,1.146654773068469,1784.3539369467746,1786.4336637592917,-2.0797268125170376,-0.34992588790875045,35.5,29.799999999999955,5.7000000000000455,35.5,21.867857142857165,3826503.6,No Signal
541,2024-09-10T00:00:00+05:30,1798.0,1799.65,1778.05,1791.6,3497612,1.1316577087952824,1785.46871587804,1786.8163553326774,-1.347639454637374,-0.5494686012544752,21.600000000000136,9.5,12.100000000000136,21.600000000000136,21.29285714285717,3774162.05,No Signal
542,2024-09-11T00:00:00+05:30,1795.0,1805.45,1785.0,1789.25,3733872,1.0316680083769645,1786.050451896803,1786.9966253080347,-0.9461734112317117,-0.6288095632499225,20.450000000000045,13.850000000000136,6.599999999999909,20.450000000000045,21.432142857142885,3784339.7,No Signal
543,2024-09-12T00:00:00+05:30,1803.9,1834.15,1795.15,1827.45,6365508,0.96108162365589,1792.4196131434487,1789.9931715815137,2.4264415619350075,-0.017759338212936522,39.0,44.90000000000009,5.900000000000091,44.90000000000009,23.553571428571463,3973332.65,No Signal
544,2024-09-13T00:00:00+05:30,1837.0,1837.0,1816.75,1820.35,2056720,0.9943647566921068,1796.7165957367642,1792.2418255384387,4.4747701983255865,0.8807465690947681,20.25,9.549999999999955,10.700000000000045,20.25,24.053571428571463,3928075.1,No Signal
545,2024-09-16T00:00:00+05:30,1833.0,1845.7,1828.3,1831.3,2730634,1.0603981564088762,1802.0371194695697,1795.1350236467024,6.902095822867295,2.0850164198492736,17.40000000000009,25.350000000000136,7.9500000000000455,25.350000000000136,24.33571428571434,3955992.85,No Signal
546,2024-09-17T00:00:00+05:30,1839.4,1853.4,1830.65,1846.65,3674862,1.2029124150421429,1808.9006395511744,1798.9509478210207,9.949691730153745,3.657951481910168,22.75,22.100000000000136,0.6499999999998636,22.75,24.528571428571468,3983961.65,Buy
547,2024-09-18T00:00:00+05:30,1850.0,1859.45,1835.6,1839.7,6877499,1.292127654931224,1813.6390026971476,1801.9693961305748,11.669606566572838,5.260282498842702,23.850000000000136,12.799999999999955,11.050000000000182,23.850000000000136,24.410714285714334,4041977.1,Buy
548,2024-09-19T00:00:00+05:30,1849.9,1875.0,1845.1,1871.95,2892430,1.5093006330877985,1822.6099253591249,1807.153144565347,15.456780793777853,7.299582157829732,29.90000000000009,35.299999999999955,5.399999999999864,35.299999999999955,25.814285714285752,4025699.2,Buy
549,2024-09-20T00:00:00+05:30,1874.0,1926.3,1870.0,1904.5,18849579,1.8925429559078,1835.208398380798,1814.3640227456917,20.84437563510619,10.008540853285025,56.299999999999955,54.34999999999991,1.9500000000000455,56.299999999999955,28.353571428571463,4877418.85,Buy
550,2024-09-23T00:00:00+05:30,1914.95,1942.0,1908.2,1934.7,3686272,2.3677667540391485,1850.514798629906,1823.2777988386035,27.236999791302424,13.454232640888506,33.799999999999955,37.5,3.7000000000000455,37.5,30.025000000000027,4943919.6,Buy
551,2024-09-24T00:00:00+05:30,1935.0,1938.6,1909.6,1914.7,3709386,2.6567254270796403,1860.3894449945358,1830.0498137394477,30.33963125508808,16.831312363728422,29.0,3.8999999999998636,25.100000000000136,29.0,30.325000000000028,4902304.1,Buy
552,2024-09-25T00:00:00+05:30,1910.05,1922.7,1894.3,1897.95,3307467,2.8044916383388534,1866.1679919184533,1835.0794571661552,31.088534752298074,19.68275684144235,28.40000000000009,8.0,20.40000000000009,28.40000000000009,30.471428571428614,4853637.65,Buy
553,2024-09-26T00:00:00+05:30,1895.0,1913.3,1884.3,1902.3,4204513,2.870184928994639,1871.7267623925375,1840.0587566353288,31.668005757208675,22.07980662459562,29.0,15.349999999999909,13.650000000000091,29.0,30.72500000000004,4787305.4,Buy
554,2024-09-27T00:00:00+05:30,1900.0,1910.0,1866.3,1872.45,6643112,2.8811422884764473,1871.8380297167625,1842.4581079956747,29.37992172108784,23.539829643894066,43.700000000000045,7.7000000000000455,36.0,43.700000000000045,31.31071428571433,4746552.4,Buy
555,2024-09-30T00:00:00+05:30,1856.7,1884.45,1843.1,1853.95,3246840,2.8273152072023864,1869.086025144953,1843.3093592552543,25.776665889698734,23.987196893055,41.350000000000136,12.0,29.350000000000136,41.350000000000136,32.72142857142861,4706468.4,Buy
556,2024-10-01T00:00:00+05:30,1847.0,1884.75,1847.0,1879.4,4871526,2.733714712830025,1870.672790507268,1845.9827400511615,24.69005045610652,24.127767605665305,37.75,30.799999999999955,6.9500000000000455,37.75,33.9571428571429,4690231.05,Buy
557,2024-10-03T00:00:00+05:30,1857.9,1863.65,1815.8,1822.8,6363232,2.7241112344609486,1863.307745813842,1844.2655000473717,19.042245766470387,23.110663237826323,47.850000000000136,15.75,63.600000000000136,63.600000000000136,35.29285714285719,4848770.5,Sell
558,2024-10-04T00:00:00+05:30,1815.5,1850.0,1798.35,1809.0,3734632,2.6448941539594784,1854.952707996328,1841.6532407846034,13.299467211724505,21.14842403260596,51.65000000000009,27.200000000000045,24.450000000000045,51.65000000000009,37.535714285714334,4856851.85,Sell
559,2024-10-07T00:00:00+05:30,1810.0,1836.4,1769.4,1790.25,7446633,2.5550774478261626,1844.9984452276622,1837.8455933190774,7.1528519085848075,18.34930960780173,67.0,27.40000000000009,39.59999999999991,67.0,40.51071428571432,5066439.5,Sell
560,2024-10-08T00:00:00+05:30,1800.0,1814.0,1781.85,1803.4,5097103,2.4911726774242116,1838.5986844234064,1835.2940678880345,3.304616535371906,15.340370993315766,32.15000000000009,23.75,8.400000000000091,32.15000000000009,41.1821428571429,5149471.6,Sell
561,2024-10-09T00:00:00+05:30,1801.0,1820.0,1789.9,1800.8,7078802,2.462108818204915,1832.7835022044208,1832.7389517481802,0.044550456240585845,12.28120688590073,30.09999999999991,16.59999999999991,13.5,30.09999999999991,41.628571428571455,5328531.1,Sell
562,2024-10-10T00:00:00+05:30,1809.9,1884.0,1805.3,1876.1,5905798,2.249900926117416,1839.447578788356,1835.950881248315,3.496697540040941,10.524305016728773,78.70000000000005,83.20000000000005,4.5,83.20000000000005,45.05000000000003,5437127.4,Sell
563,2024-10-11T00:00:00+05:30,1872.2,1893.6,1861.15,1882.4,5211580,2.2371462636929005,1846.0556435901474,1839.3915567114027,6.664086878744683,9.752261389131956,32.44999999999982,17.5,14.949999999999818,32.44999999999982,43.346428571428596,5379431.0,Sell
564,2024-10-14T00:00:00+05:30,1885.05,1916.0,1882.45,1910.8,4391138,2.2366711827936743,1856.0163138070477,1844.6810710290765,11.335242777971189,10.068857666899802,33.549999999999955,33.59999999999991,0.049999999999954525,33.59999999999991,43.067857142857164,5496151.9,Buy
565,2024-10-15T00:00:00+05:30,1912.2,1915.35,1887.45,1895.2,4295493,2.2525788718821356,1862.0445732213482,1848.4232139158116,13.621359305536544,10.779357994627151,27.899999999999864,4.5499999999999545,23.34999999999991,27.899999999999864,42.98928571428572,5574394.85,Buy
566,2024-10-16T00:00:00+05:30,1884.0,1892.45,1868.15,1876.35,3145556,2.2660328971815726,1864.2454081103715,1850.4918647368627,13.753543373508819,11.374195070403486,24.299999999999955,2.75,27.049999999999955,27.049999999999955,42.892857142857146,5547929.55,Buy
567,2024-10-17T00:00:00+05:30,1876.35,1878.3,1851.3,1864.05,3541432,2.2555068623361474,1864.2153453241606,1851.4961710526507,12.719174271509928,11.643190910624774,27.0,1.9500000000000455,25.049999999999955,27.0,42.75,5381126.2,Buy
568,2024-10-18T00:00:00+05:30,1868.0,1878.5,1848.0,1871.05,3834767,2.246865594257783,1865.266830658905,1852.9446028265284,12.322227832376711,11.778998294975162,30.5,14.450000000000045,16.049999999999955,30.5,41.80714285714286,5428243.05,Buy
569,2024-10-21T00:00:00+05:30,1850.0,1855.0,1735.0,1789.2,13178137,2.493494911695374,1853.5642413267658,1848.2227803949336,5.341460931832216,10.491490822346574,120.0,16.049999999999955,136.04999999999995,136.04999999999995,48.571428571428555,5144670.95,Sell
570,2024-10-22T00:00:00+05:30,1791.95,1795.5,1758.85,1763.15,5494382,2.633034635638629,1839.6543580457248,1841.9210929582719,-2.266734912547008,7.939845675367858,36.65000000000009,6.2999999999999545,30.350000000000136,36.65000000000009,48.49285714285713,5235076.45,Sell
571,2024-10-23T00:00:00+05:30,1761.15,1787.05,1758.1,1767.8,2836137,2.708131502260446,1828.5998414233056,1836.4306416280294,-7.830800204723801,4.785716499349526,28.950000000000045,23.899999999999864,5.050000000000182,28.950000000000045,46.017857142857125,5191414.0,Sell
572,2024-10-24T00:00:00+05:30,1766.0,1772.75,1750.3,1762.2,2316820,2.824291655986068,1818.3844812043355,1830.9320755815088,-12.547594377173255,1.3190543240449701,22.450000000000045,4.9500000000000455,17.5,22.450000000000045,43.932142857142836,5141881.65,Sell
573,2024-10-25T00:00:00+05:30,1765.0,1786.5,1757.0,1768.85,2829227,2.8194221797568586,1810.763791788284,1826.3334033162118,-15.569611527927918,-2.0586788463496077,29.5,24.299999999999955,5.2000000000000455,29.5,41.25357142857141,5073117.35,Sell
574,2024-10-28T00:00:00+05:30,1768.0,1780.65,1745.05,1749.85,3302148,2.985422285490089,1801.392439205471,1820.6679660335294,-19.275526828058446,-5.502048442691375,35.600000000000136,11.800000000000182,23.799999999999955,35.600000000000136,41.499999999999986,4906069.15,No Signal
575,2024-10-29T00:00:00+05:30,1743.5,1767.15,1730.7,1760.2,4158119,3.059870370538178,1795.0551408661677,1816.1888574384532,-21.133716572285493,-8.628382068610199,36.450000000000045,17.300000000000182,19.149999999999864,36.450000000000045,41.95357142857142,4951633.1,No Signal
576,2024-10-30T00:00:00+05:30,1727.0,1760.0,1726.6,1734.6,4385949,3.1976415359503028,1785.7543499636804,1810.1452383689382,-24.390888405257783,-11.780883335939716,33.40000000000009,0.20000000000004547,33.600000000000136,33.600000000000136,38.410714285714285,4927354.25,No Signal
577,2024-10-31T00:00:00+05:30,1727.35,1746.6,1723.95,1731.1,2944670,3.3785997476404033,1777.3459884308065,1804.2900355267946,-26.944047095988026,-14.81351608794938,22.649999999999864,12.0,10.649999999999864,22.649999999999864,37.71071428571429,4756426.15,No Signal
578,2024-11-01T00:00:00+05:30,1739.6,1754.15,1736.35,1744.4,182489,3.4578449331728183,1772.277374826067,1799.8537365988839,-27.57636177281688,-17.36608522492288,17.800000000000182,23.050000000000182,5.25,23.050000000000182,36.95714285714288,4578819.0,No Signal
579,2024-11-04T00:00:00+05:30,1744.0,1744.0,1724.25,1729.35,2884830,3.6258365472126055,1765.6731633143643,1794.631237591559,-28.958074277194783,-19.684483035377262,19.75,0.40000000000009095,20.15000000000009,20.15000000000009,36.40357142857147,4350728.85,No Signal
580,2024-11-05T00:00:00+05:30,1721.5,1760.5,1711.0,1757.15,4028615,3.6180825000415653,1764.3619074198466,1791.8548496218139,-27.492942201967253,-21.246174868695263,49.5,31.15000000000009,18.34999999999991,49.5,38.0071428571429,4297304.45,No Signal
581,2024-11-06T00:00:00+05:30,1760.1,1768.45,1746.6,1762.6,3652252,3.640958653776663,1764.0908447398701,1789.6878237239018,-25.596978984031693,-22.11633569176255,21.850000000000136,11.299999999999955,10.550000000000182,21.850000000000136,37.63928571428577,4125976.95,No Signal
582,2024-11-07T00:00:00+05:30,1763.0,1765.0,1733.0,1746.9,3060984,3.582102165887187,1761.4460993952748,1786.5183552999092,-25.072255904634403,-22.707519734336923,32.0,2.400000000000091,29.59999999999991,32.0,37.74642857142862,3983736.25,No Signal
583,2024-11-08T00:00:00+05:30,1745.0,1764.1,1738.9,1745.8,3646825,3.4217027796515262,1759.039007180617,1783.5021808332492,-24.463173652632122,-23.058650517995964,25.199999999999818,17.199999999999818,8.0,25.199999999999818,29.828571428571472,3905498.5,No Signal
584,2024-11-11T00:00:00+05:30,1745.0,1763.3,1737.2,1744.0,3205030,3.0219535659685604,1756.7253137682144,1780.5760933641197,-23.85077959590535,-23.217076333577843,26.09999999999991,17.5,8.599999999999909,26.09999999999991,29.075000000000028,3846193.1,No Signal
585,2024-11-12T00:00:00+05:30,1744.8,1749.4,1715.2,1721.4,3228390,2.6919019740426875,1751.290650111566,1776.1926790408515,-24.902028929285507,-23.554066852719377,34.200000000000045,5.400000000000091,28.799999999999955,34.200000000000045,29.450000000000028,3792837.95,No Signal
586,2024-11-13T00:00:00+05:30,1714.0,1728.15,1679.05,1687.85,3593490,2.5162397983748184,1741.530550094402,1769.6487768896773,-28.118226795275177,-24.466898841230538,49.100000000000136,6.75,42.350000000000136,49.100000000000136,31.353571428571463,3815234.65,No Signal
587,2024-11-14T00:00:00+05:30,1690.0,1712.6,1689.8,1707.9,3327758,2.122319105074042,1736.3566193106478,1765.0747934163678,-28.71817410571998,-25.317153894128428,22.799999999999955,24.75,1.9500000000000455,24.75,31.01428571428575,3804550.95,No Signal
588,2024-11-18T00:00:00+05:30,1714.0,1728.25,1699.7,1722.75,2082415,1.3727020756637927,1734.2632932628558,1761.939623533674,-27.676330270818198,-25.788989169466383,28.549999999999955,20.34999999999991,8.200000000000045,28.549999999999955,30.510714285714307,3716933.35,No Signal
589,2024-11-19T00:00:00+05:30,1729.8,1739.8,1713.5,1727.75,2759663,1.2429591580825798,1733.2612481454933,1759.4070588274758,-26.14581068198254,-25.860353471969617,26.299999999999955,17.049999999999955,9.25,26.299999999999955,29.785714285714302,3196009.65,No Signal
590,2024-11-21T00:00:00+05:30,1715.1,1740.75,1703.75,1737.1,3294059,1.2027506861892001,1733.851825353879,1757.7546840995146,-23.90285874563574,-25.46885452670284,37.0,13.0,24.0,37.0,30.028571428571436,3085993.5,No Signal
591,2024-11-22T00:00:00+05:30,1734.0,1772.2,1732.9,1761.45,3553726,1.1638414506082422,1738.097698376359,1758.0284112032543,-19.930712826895387,-24.36122618674135,39.299999999999955,35.100000000000136,4.199999999999818,39.299999999999955,31.217857142857156,3121872.95,No Signal
592,2024-11-25T00:00:00+05:30,1782.0,1794.6,1766.9,1790.75,6871432,1.2822652498608662,1746.1980524723037,1760.452232595606,-14.254180123302149,-22.339816974053512,27.699999999999818,33.149999999999864,5.4500000000000455,33.149999999999864,31.939285714285706,3349603.55,No Signal
593,2024-11-26T00:00:00+05:30,1795.0,1795.95,1775.0,1783.6,2312739,1.3508016710201272,1751.9521982457954,1762.1668820329685,-10.214683787173044,-19.91479033667742,20.950000000000045,5.2000000000000455,15.75,20.950000000000045,31.99642857142856,3323779.15,No Signal
594,2024-11-27T00:00:00+05:30,1780.95,1805.5,1779.1,1783.2,3202444,1.443415761193797,1756.759552361827,1763.7248907712672,-6.9653384094401645,-17.32489995122997,26.40000000000009,21.90000000000009,4.5,26.40000000000009,30.346428571428564,3318793.95,No Signal
595,2024-11-28T00:00:00+05:30,1783.25,1788.9,1753.5,1759.2,3971395,1.4612778312501058,1757.1350058446228,1763.3897136770993,-6.25470783247647,-15.11086152747927,35.40000000000009,5.7000000000000455,29.700000000000045,35.40000000000009,31.314285714285706,3309457.75,No Signal
596,2024-11-29T00:00:00+05:30,1757.0,1773.6,1757.0,1765.25,2987994,1.4746960956968547,1758.3834664839117,1763.5275126639808,-5.144046180069154,-13.117498457997248,16.59999999999991,14.399999999999864,2.2000000000000455,16.59999999999991,30.214285714285698,3239560.0,No Signal
597,2024-12-02T00:00:00+05:30,1765.0,1772.6,1746.0,1753.95,4265280,1.474893034968434,1757.701394717156,1762.8180672814638,-5.116672564307692,-11.517333279259338,26.59999999999991,7.349999999999909,19.25,26.59999999999991,30.314285714285706,3305590.5,No Signal
598,2024-12-03T00:00:00+05:30,1760.0,1761.2,1740.0,1749.9,3971650,1.4785591217892036,1756.5011801452858,1761.8611734087629,-5.359993263477008,-10.285865276102873,21.200000000000045,7.25,13.950000000000045,21.200000000000045,29.964285714285715,3495048.55,No Signal
599,2024-12-04T00:00:00+05:30,1752.0,1767.0,1746.4,1757.5,3186786,1.4585112725301836,1756.6548447383188,1761.5381235266323,-4.883278788313419,-9.205347978544983,20.59999999999991,17.09999999999991,3.5,20.59999999999991,28.992857142857133,3510146.35,No Signal
600,2024-12-05T00:00:00+05:30,1764.0,1788.65,1748.0,1775.15,5697229,1.4797928244525558,1759.5002532401159,1762.5464106728077,-3.046157432691871,-7.973509869374362,40.65000000000009,31.15000000000009,9.5,40.65000000000009,28.389285714285702,3593577.05,No Signal
601,2024-12-06T00:00:00+05:30,1773.9,1785.05,1761.0,1776.95,2595882,1.5106502727601403,1762.1848296647133,1763.6133432155627,-1.4285135508494022,-6.664510605669371,24.049999999999955,9.899999999999864,14.150000000000091,24.049999999999955,28.339285714285698,3540758.55,No Signal
602,2024-12-09T00:00:00+05:30,1768.1,1804.95,1768.1,1786.25,2554023,1.5690243956732088,1765.8871635624498,1765.2901326070025,0.5970309554472806,-5.21220229344604,36.850000000000136,28.0,8.850000000000136,36.850000000000136,28.932142857142853,3515410.5,No Signal
603,2024-12-10T00:00:00+05:30,1783.25,1802.8,1783.25,1794.7,1979884,1.6470163067259287,1770.3199076297653,1767.46864130278,2.8512663269852965,-3.5995085693597733,19.549999999999955,16.549999999999955,3.0,19.549999999999955,28.449999999999996,3432063.45,No Signal
604,2024-12-10T00:00:00+05:30,1783.25,1802.8,1783.25,1794.7,1979884,1.7147974105539379,1774.07069107134,1769.4857789840555,4.584912087284465,-1.9626244380309257,19.549999999999955,8.099999999999909,11.450000000000045,19.549999999999955,27.203571428571422,3370806.15,No Signal
605,2024-12-11T00:00:00+05:30,1796.0,1806.8,1789.95,1794.7,2393428,1.7102687742015261,1777.2444309065183,1771.3534990593107,5.890931847207639,-0.39191318098321265,16.84999999999991,12.099999999999909,4.75,16.84999999999991,25.59999999999999,3329058.05,No Signal
606,2024-12-12T00:00:00+05:30,1790.0,1796.45,1765.35,1768.7,3488259,1.4419304163414315,1775.9299030747463,1771.156943573436,4.7729595013104245,0.6410613554755148,31.100000000000136,1.75,29.350000000000136,31.100000000000136,25.45357142857144,3323796.5,No Signal
607,2024-12-13T00:00:00+05:30,1758.35,1809.0,1748.05,1805.65,3893531,1.292955608202814,1780.5022256786315,1773.7119847902184,6.790240888413109,1.8708972620630338,60.950000000000045,40.299999999999955,20.65000000000009,60.950000000000045,28.310714285714294,3352085.15,No Signal
608,2024-12-16T00:00:00+05:30,1803.0,1813.0,1793.85,1804.45,2989393,1.2104685093109568,1784.1864986511498,1775.9888748057576,8.197623845392172,3.1362425787288615,19.15000000000009,7.349999999999909,11.800000000000182,19.15000000000009,27.79285714285715,3397434.05,No Signal
609,2024-12-17T00:00:00+05:30,1796.1,1806.85,1775.0,1784.05,3592861,1.0696654782892216,1784.1654988586652,1776.5859951905163,7.5795036681488455,4.024894796612858,31.84999999999991,2.3999999999998636,29.450000000000045,31.84999999999991,27.53928571428571,3439093.95,No Signal
610,2024-12-18T00:00:00+05:30,1782.0,1786.7,1770.35,1780.0,3529430,0.938228318281378,1783.524652880409,1776.8388844356632,6.68576844474569,4.557069526239425,16.350000000000136,2.650000000000091,13.700000000000045,16.350000000000136,27.521428571428583,3450862.5,No Signal
611,2024-12-19T00:00:00+05:30,1763.45,1768.0,1745.4,1762.1,4074080,0.9458103650720304,1780.2285524372692,1775.7471152182068,4.4814372190624,4.54194306480402,22.59999999999991,12.0,34.59999999999991,34.59999999999991,28.092857142857156,3476880.2,No Signal
612,2024-12-20T00:00:00+05:30,1755.0,1768.85,1733.35,1743.55,14685688,1.0394812574464456,1774.5856982161508,1773.3621437205618,1.2235544955890418,3.8782653509610245,35.5,6.75,28.75,35.5,29.114285714285725,3867593.0,Sell
613,2024-12-23T00:00:00+05:30,1747.5,1764.2,1740.0,1745.35,2748036,1.1046855406948297,1770.0878984905892,1771.2871701116312,-1.199271621042044,2.862757956560411,24.200000000000045,20.65000000000009,3.5499999999999545,24.200000000000045,29.37142857142859,3889357.85,Sell
614,2024-12-24T00:00:00+05:30,1742.55,1754.65,1738.05,1749.05,2712625,1.1405221930102152,1766.8512987228062,1769.6399723255845,-2.788673602778317,1.7324716446926656,16.600000000000136,9.300000000000182,7.2999999999999545,16.600000000000136,27.65357142857145,3864866.9,No Signal
615,2024-12-26T00:00:00+05:30,1756.8,1769.45,1742.05,1752.8,1132006,1.153770662170513,1764.689560457759,1768.3925669681337,-3.7030065103747347,0.6453760136791855,27.40000000000009,20.40000000000009,7.0,27.40000000000009,27.892857142857174,3722897.45,No Signal
616,2024-12-27T00:00:00+05:30,1760.0,1777.2,1754.0,1759.9,2448271,1.15663011094197,1763.952705002719,1767.763487933457,-3.8107829307380143,-0.24585577520425453,23.200000000000045,24.40000000000009,1.2000000000000455,24.40000000000009,27.00357142857146,3695911.3,No Signal
617,2024-12-30T00:00:00+05:30,1765.0,1781.0,1733.5,1740.7,5502772,1.2162996708506697,1760.3753657715315,1765.7587851235714,-5.383419352039937,-1.273368490571391,47.5,21.09999999999991,26.40000000000009,47.5,29.000000000000032,3757785.9,Sell
618,2024-12-31T00:00:00+05:30,1735.05,1796.6,1735.05,1786.05,4731698,1.163906531689744,1764.3253094989882,1767.2618380773808,-2.936528578392654,-1.6060005081356434,61.549999999999955,55.899999999999864,5.650000000000091,61.549999999999955,32.000000000000036,3795788.3,Sell
619,2025-01-01T00:00:00+05:30,1779.25,1796.75,1777.0,1788.4,1484828,1.1582687760516193,1768.0291080376055,1768.8276278494268,-0.7985198118212793,-1.4445043688727708,19.75,10.700000000000045,9.049999999999955,19.75,32.2071428571429,3710690.4,Buy
620,2025-01-02T00:00:00+05:30,1800.0,1840.2,1796.9,1837.15,5096987,1.3602454031744708,1778.6630914164355,1773.8885443050249,4.774547111410584,-0.20069407281609986,43.299999999999955,51.799999999999955,8.5,51.799999999999955,33.68571428571431,3680678.3,Buy
621,2025-01-03T00:00:00+05:30,1851.0,1853.0,1817.1,1838.65,4277149,1.5474922507520437,1787.8918465831377,1778.6856891713194,9.206157411818367,1.6806762241107935,35.90000000000009,15.849999999999909,20.050000000000182,35.90000000000009,31.8964285714286,3764741.65,Buy
622,2025-01-06T00:00:00+05:30,1821.0,1825.0,1772.9,1779.65,3992395,1.5972376272485913,1786.623870185732,1778.7571196030735,7.866750582658369,2.9178910958203086,52.09999999999991,13.650000000000091,65.75,65.75,35.22500000000002,3836660.25,Buy
623,2025-01-07T00:00:00+05:30,1787.0,1797.45,1769.9,1772.05,4399938,1.5959585462073045,1784.381736311004,1778.2602959287717,6.121440382232322,3.5586009531027116,27.549999999999955,17.799999999999955,9.75,27.549999999999955,34.917857142857166,3957662.95,Buy
624,2025-01-08T00:00:00+05:30,1780.1,1784.7,1762.45,1768.65,4364679,1.5909371843784288,1781.9614691862341,1777.5484221562701,4.413047029963991,3.7294901684749675,22.25,12.650000000000091,9.599999999999909,22.25,35.33928571428573,4076902.7,Buy
625,2025-01-09T00:00:00+05:30,1774.0,1808.7,1774.0,1790.2,5469827,1.5649616935859183,1783.228935465275,1778.4855760706205,4.74335939465459,3.932264013710892,34.700000000000045,40.049999999999955,5.349999999999909,40.049999999999955,35.72857142857145,4230722.65,Buy
626,2025-01-10T00:00:00+05:30,1784.2,1789.65,1753.35,1756.2,3502618,1.6153140638830135,1779.0706377013867,1776.834792657982,2.2358450434046517,3.592980219649644,36.30000000000018,0.5499999999999545,36.850000000000136,36.850000000000136,35.82500000000003,4231440.6,Sell
627,2025-01-13T00:00:00+05:30,1732.9,1744.55,1723.75,1738.4,3092388,1.6569515802672412,1772.8136165165579,1773.987770979613,-1.1741544630551743,2.6395532831086808,20.799999999999955,11.650000000000091,32.450000000000045,32.450000000000045,36.41428571428575,4191383.45,Sell
628,2025-01-14T00:00:00+05:30,1749.6,1768.85,1729.6,1750.6,4948961,1.6170353929946062,1769.396137052472,1772.2553434996416,-2.8592064471695267,1.5398013370530395,39.25,30.449999999999818,8.800000000000182,39.25,38.03214285714288,4289361.85,Sell
629,2025-01-14T00:00:00+05:30,1749.6,1768.85,1729.6,1750.6,4948961,1.6277068982505385,1766.5044236597842,1770.6512439811497,-4.146820321365567,0.40247700536931813,39.25,18.25,21.0,39.25,38.87857142857144,4357166.85,Sell
630,2025-01-15T00:00:00+05:30,1760.1,1795.0,1760.1,1789.6,3509861,1.6070851173591072,1770.0575892505865,1772.0548555381015,-1.9972662875150036,-0.07747165320754623,34.90000000000009,44.40000000000009,9.5,44.40000000000009,40.30714285714287,4356188.4,Sell
631,2025-01-16T00:00:00+05:30,1795.8,1814.95,1785.35,1805.55,4451534,1.6481077274505114,1775.5179601351117,1774.535977350094,0.9819827850176353,0.13441923443749007,29.600000000000136,25.350000000000136,4.25,29.600000000000136,39.02857142857145,4375061.1,Buy
632,2025-01-17T00:00:00+05:30,1797.0,1805.5,1748.3,1758.6,3521728,1.6593131799562746,1772.9151970374023,1773.3555345834204,-0.4403375460180996,0.019467878346372133,57.200000000000045,0.049999999999954525,57.25,57.25,38.721428571428596,3816863.1,Sell
633,2025-01-20T00:00:00+05:30,1890.0,1929.9,1866.0,1920.5,13324315,2.2560788109549432,1795.6205513393404,1784.2551246142782,11.365426725062207,2.288659647689539,63.90000000000009,171.30000000000018,107.40000000000009,171.30000000000018,49.54642857142861,4345677.05,Buy
634,2025-01-21T00:00:00+05:30,1920.95,1920.95,1891.0,1893.3,4415663,2.5996275127244917,1810.6481588255958,1792.3325227909984,18.315636034597446,5.49405492507112,29.950000000000045,0.4500000000000455,29.5,29.950000000000045,47.98571428571433,4430828.95,Buy
635,2025-01-22T00:00:00+05:30,1899.0,1920.5,1887.05,1917.5,4176669,2.928522935444395,1827.086903621658,1801.604187769443,25.48271585221505,9.491787110499907,33.450000000000045,27.200000000000045,6.25,33.450000000000045,47.810714285714326,4583062.1,Buy
636,2025-01-23T00:00:00+05:30,1907.1,1923.95,1892.1,1894.85,3161159,3.1378860077851476,1837.5119953721721,1808.5112849717063,29.000710400465778,13.393571768493082,31.850000000000136,6.4500000000000455,25.40000000000009,31.850000000000136,45.38928571428577,4618706.5,Buy
637,2025-01-24T00:00:00+05:30,1891.0,1918.5,1873.05,1886.2,4025366,3.1926626327147725,1845.0024576226072,1814.2660046034318,30.736453019175315,16.86214801862953,45.450000000000045,23.65000000000009,21.799999999999955,45.450000000000045,46.6678571428572,4544836.2,Buy
638,2025-01-27T00:00:00+05:30,1875.0,1898.8,1862.75,1881.4,1928503,3.2890921506158772,1850.6020795268214,1819.2388931513258,31.363186375495616,19.76235569000275,36.049999999999955,12.599999999999909,23.450000000000045,36.049999999999955,47.65357142857148,4404676.45,Buy
639,2025-01-28T00:00:00+05:30,1895.0,1905.0,1870.8,1887.75,5157384,3.365005835181999,1856.3171442150028,1824.3137899549313,32.003354260071546,22.21055540401651,34.200000000000045,23.59999999999991,10.600000000000136,34.200000000000045,47.235714285714344,4588304.25,Buy
640,2025-01-29T00:00:00+05:30,1887.8,1924.7,1885.0,1920.35,2351631,3.502463861634151,1866.16835279731,1831.427583291603,34.74076950570702,24.716598224354613,39.700000000000045,36.950000000000045,2.75,39.700000000000045,47.43928571428577,4451036.45,Buy
641,2025-01-30T00:00:00+05:30,1920.35,1938.1,1877.45,1901.5,4239181,3.6478940046917567,1871.6039908284931,1836.6181326774101,34.985858151082994,26.77045020970029,60.649999999999864,17.75,42.899999999999864,60.649999999999864,49.45357142857147,4449138.05,Buy
642,2025-01-31T00:00:00+05:30,1903.05,1908.95,1889.6,1901.3,2333229,3.6929653499023454,1876.1726076241096,1841.409382108713,34.76322551539647,28.369005270839526,19.350000000000136,7.4500000000000455,11.900000000000091,19.350000000000136,48.03214285714291,4366179.75,Buy
643,2025-02-01T00:00:00+05:30,1899.0,1917.15,1871.6,1903.1,1096357,3.6896982692065055,1880.3152833742465,1845.9790575080676,34.33622586617889,29.562449389907403,45.55000000000018,15.850000000000136,29.700000000000045,45.55000000000018,48.482142857142925,4201000.7,Buy
644,2025-02-03T00:00:00+05:30,1893.6,1903.8,1881.55,1884.5,3319808,3.6463355829261794,1880.9590859320547,1848.8324606556182,32.12662527643647,30.07528456721322,22.25,0.7000000000000455,21.549999999999955,22.25,46.900000000000055,4148757.15,Buy
645,2025-02-04T00:00:00+05:30,1891.05,1941.2,1877.2,1928.5,5332618,3.6138237085841247,1888.2730727117387,1854.7337598663132,33.53931284542546,30.76809022285567,64.0,56.700000000000045,7.2999999999999545,64.0,49.357142857142904,4141896.7,Buy
646,2025-02-05T00:00:00+05:30,1937.8,1938.95,1902.35,1911.75,3427385,3.4985639375815913,1891.8849076791635,1858.957185061401,32.927722617762356,31.200016701837008,36.600000000000136,10.450000000000045,26.15000000000009,36.600000000000136,47.88214285714292,4138135.05,Buy
647,2025-02-06T00:00:00+05:30,1917.0,1920.0,1896.45,1915.95,3193971,3.1973943967084555,1895.5872295746767,1863.1788750568528,32.40835451782391,31.44168426503439,23.549999999999955,8.25,15.299999999999955,23.549999999999955,37.32857142857147,4143214.2,No Signal
648,2025-02-07T00:00:00+05:30,1921.0,1960.6,1907.9,1929.25,4414174,2.886016302250235,1900.7661173324188,1868.0730324600488,32.69308487237004,31.69196438650152,52.69999999999982,44.649999999999864,8.049999999999955,52.69999999999982,38.95357142857146,4116474.85,No Signal
649,2025-02-10T00:00:00+05:30,1935.3,1965.0,1923.55,1960.15,3569373,2.5309315184683467,1909.9020992812775,1874.8935485741192,35.00855070715829,32.355281650632875,41.450000000000045,35.75,5.7000000000000455,41.450000000000045,39.52500000000003,4047495.45,No Signal
650,2025-02-11T00:00:00+05:30,1964.6,1970.5,1906.6,1918.6,3506682,2.2930926749820735,1911.2402378533886,1878.1310634945548,33.1091743588338,32.50606019227306,63.90000000000009,10.349999999999909,53.55000000000018,63.90000000000009,41.81428571428574,4047336.5,No Signal
651,2025-02-12T00:00:00+05:30,1923.45,1949.0,1904.95,1943.95,3219004,2.041632002734329,1916.2725089528674,1883.006540272736,33.26596868013144,32.65804188984474,44.049999999999955,30.40000000000009,13.649999999999864,44.049999999999955,41.71428571428573,3985710.0,No Signal
652,2025-02-13T00:00:00+05:30,1963.0,1992.8,1960.55,1972.8,12678373,1.2565761718164328,1924.9690460370416,1889.6579076599407,35.31113837710086,33.18866118729596,32.25,48.84999999999991,16.59999999999991,48.84999999999991,42.62857142857144,4443542.25,No Signal
653,2025-02-14T00:00:00+05:30,1974.0,1974.0,1933.35,1952.4,2610048,1.343832526522642,1929.1891928005737,1894.3054700555008,34.88372274507287,33.52767349885135,40.65000000000009,1.2000000000000455,39.450000000000045,40.65000000000009,43.08928571428573,3907828.9,No Signal
654,2025-02-17T00:00:00+05:30,1955.0,1963.95,1932.65,1945.3,2300119,1.3633772704636848,1931.6677785235622,1898.0828426439823,33.584935879579916,33.53912597499706,31.299999999999955,11.549999999999955,19.75,31.299999999999955,42.48928571428572,3802051.7,No Signal
655,2025-02-18T00:00:00+05:30,1942.05,1966.0,1939.15,1963.35,4344125,1.4467246761675343,1936.5419664430142,1902.9174468925762,33.62451955043798,33.556204690085245,26.84999999999991,20.700000000000045,6.149999999999864,26.84999999999991,40.07500000000001,3810424.5,No Signal
656,2025-02-19T00:00:00+05:30,1963.95,1994.9,1962.0,1985.0,3914165,1.571508773399168,1943.9970485287042,1908.9976360116445,34.99941251705968,33.844846255480135,32.90000000000009,31.550000000000182,1.349999999999909,32.90000000000009,41.04285714285715,3848074.8,No Signal
657,2025-02-20T00:00:00+05:30,1982.3,1982.35,1960.0,1970.55,4724372,1.5946268489372548,1948.0821179858267,1913.5570703811525,34.52504760467423,33.98088652531896,22.34999999999991,2.650000000000091,25.0,25.0,39.574999999999996,3883025.1,No Signal
658,2025-02-21T00:00:00+05:30,1970.55,1978.35,1934.5,1953.05,4008552,1.5241023558384525,1948.8464075264687,1916.4824725751412,32.363934951327565,33.657496210520684,43.84999999999991,7.7999999999999545,36.049999999999955,43.84999999999991,41.11785714285713,3987027.55,No Signal
659,2025-02-24T00:00:00+05:30,1938.3,1970.0,1933.55,1966.1,2218081,1.4602661528692298,1951.5008063685505,1920.1578449769825,31.342961391567997,33.194589246730146,36.450000000000045,16.950000000000045,19.5,36.450000000000045,39.14999999999999,3840062.4,No Signal
660,2025-02-24T00:00:00+05:30,1938.3,1970.0,1933.55,1966.1,2218081,1.484418454573972,1953.7468361580043,1923.5609675712801,30.185868586724155,32.59284511472895,36.450000000000045,3.900000000000091,32.549999999999955,36.450000000000045,39.1392857142857,3833384.9,No Signal
661,2025-02-25T00:00:00+05:30,1969.0,1979.55,1958.6,1967.25,4019894,1.4473754745141363,1955.8242459798498,1926.7971921956298,29.027053784220016,31.879686848627166,20.950000000000045,13.450000000000045,7.5,20.950000000000045,38.95357142857142,3822420.55,No Signal
