,Date,Open,High,Low,Close,Volume,Volatility,EMA12,EMA26,MACD,Signal Line,H-L,H-PC,L-PC,TR,ATR,Avg_Volume,Signal
0,2022-07-05T00:00:00+05:30,158.25,161.96,158.21,160.61,20083997,,160.61,160.61,0.0,0.0,3.75,,,3.75,,,No Signal
1,2022-07-06T00:00:00+05:30,160.5,160.61,156.15,157.84,19203528,,160.18384615384616,160.40481481481484,-0.22096866096867984,-0.04419373219373597,4.460000000000008,0.0,4.460000000000008,4.460000000000008,,,No Signal
2,2022-07-07T00:00:00+05:30,159.94,161.48,159.08,159.41,14069302,,160.06479289940827,160.33112482853227,-0.26633192912399295,-0.08862137157978738,2.3999999999999773,3.6399999999999864,1.240000000000009,3.6399999999999864,,,No Signal
3,2022-07-08T00:00:00+05:30,160.5,164.55,159.49,164.1,17142257,,160.685593991807,160.61030076715952,0.07529322464748134,-0.055838452334333634,5.060000000000002,5.140000000000015,0.0800000000000125,5.140000000000015,,,No Signal
4,2022-07-11T00:00:00+05:30,165.0,165.94,162.15,162.79,10826080,,161.00934876229823,160.77175996959215,0.23758879270607736,0.0028469966737485657,3.789999999999992,1.8400000000000034,1.9499999999999886,3.789999999999992,,,No Signal
5,2022-07-12T00:00:00+05:30,161.33,162.71,159.86,160.13,8503696,,160.87406433732926,160.7242221940668,0.14984214326244683,0.03224602599148822,2.8499999999999943,0.07999999999998408,2.9299999999999784,2.9299999999999784,,,No Signal
6,2022-07-13T00:00:00+05:30,160.88,162.53,160.09,160.84,10210005,,160.86882367004785,160.73279832783965,0.13602534220819962,0.053001889234830506,2.4399999999999977,2.4000000000000057,0.03999999999999204,2.4399999999999977,,,No Signal
7,2022-07-14T00:00:00+05:30,164.44,164.44,159.64,161.14,10898404,,160.9105431054251,160.76296141466634,0.1475816907587557,0.07191784953961555,4.800000000000011,3.5999999999999943,1.200000000000017,4.800000000000011,,,No Signal
8,2022-07-15T00:00:00+05:30,162.75,162.75,156.6,156.98,22067480,,160.30584416612894,160.482742050617,-0.17689788448805643,0.02215470273408116,6.150000000000006,1.6100000000000136,4.539999999999992,6.150000000000006,,,No Signal
9,2022-07-18T00:00:00+05:30,157.76,159.3,156.68,157.69,15155654,,159.9034066021091,160.2758722690898,-0.3724656669807018,-0.056769371208875444,2.6200000000000045,2.3200000000000216,0.29999999999998295,2.6200000000000045,,,No Signal
10,2022-07-19T00:00:00+05:30,157.43,158.63,157.2,157.5,14922396,,159.53365174024617,160.0702521010091,-0.5366003607629182,-0.152735569119684,1.4300000000000068,0.9399999999999977,0.4900000000000091,1.4300000000000068,,,No Signal
11,2022-07-20T00:00:00+05:30,158.48,159.23,156.38,156.94,14181034,,159.13462839559293,159.8383815750084,-0.7037531794154859,-0.2629390911788444,2.8499999999999943,1.7299999999999898,1.1200000000000045,2.8499999999999943,,,No Signal
12,2022-07-21T00:00:00+05:30,157.46,159.9,157.09,159.23,12461554,,159.1493009501171,159.79331627315594,-0.6440153230388432,-0.3391543375508442,2.8100000000000023,2.960000000000008,0.15000000000000568,2.960000000000008,,,No Signal
13,2022-07-22T00:00:00+05:30,160.46,160.46,157.13,157.5,9272200,,158.89556234240678,159.6234409936629,-0.7278786512561339,-0.41689920029190214,3.3300000000000125,1.2300000000000182,2.0999999999999943,3.3300000000000125,3.5921428571428584,,No Signal
14,2022-07-25T00:00:00+05:30,157.5,158.25,155.55,155.93,12306548,,158.43932198203652,159.3498527719101,-0.9105307898735759,-0.5156255182082369,2.6999999999999886,0.75,1.9499999999999886,2.6999999999999886,3.517142857142858,,No Signal
15,2022-07-26T00:00:00+05:30,155.93,158.25,155.33,156.83,11451316,,158.19173398480012,159.16319701102788,-0.9714630262277524,-0.60679301981214,2.9199999999999875,2.319999999999993,0.5999999999999943,2.9199999999999875,3.407142857142856,,No Signal
16,2022-07-27T00:00:00+05:30,157.43,158.25,157.05,157.99,9209354,,158.16069798713858,159.0762935287295,-0.9155955415909318,-0.6685535241678984,1.1999999999999886,1.4199999999999875,0.21999999999999886,1.4199999999999875,3.2485714285714278,,No Signal
17,2022-07-28T00:00:00+05:30,158.25,161.1,157.54,160.65,13192642,,158.5436675275788,159.19286437845324,-0.6491968508744321,-0.6646821895092051,3.5600000000000023,3.109999999999985,0.45000000000001705,3.5600000000000023,3.135714285714284,,No Signal
18,2022-07-29T00:00:00+05:30,162.3,163.35,159.64,160.46,15433068,,158.8384879079513,159.2867262763456,-0.44823836839429987,-0.6213934252862241,3.710000000000008,2.6999999999999886,1.0100000000000193,3.710000000000008,3.1299999999999994,,No Signal
19,2022-08-01T00:00:00+05:30,161.29,165.11,160.61,164.21,12136557,1.4760376591586986,159.6648743836511,159.6514132188385,0.013461164812582638,-0.49442250726646275,4.5,4.650000000000006,0.15000000000000568,4.650000000000006,3.2528571428571444,13636353.6,No Signal
20,2022-08-02T00:00:00+05:30,164.96,167.55,163.01,166.95,17748748,1.7633289214730095,160.78566294001246,160.19204927670233,0.5936136633101228,-0.2768152731511457,4.5400000000000205,3.3400000000000034,1.200000000000017,4.5400000000000205,3.402857142857146,13519591.15,No Signal
21,2022-08-03T00:00:00+05:30,167.51,168.56,164.74,167.7,12406038,2.025614620843311,161.84940710308746,160.74819377472437,1.1012133283630874,-0.0012095528482990625,3.819999999999993,1.6100000000000136,2.2099999999999795,3.819999999999993,3.3328571428571445,13179716.65,No Signal
22,2022-08-04T00:00:00+05:30,168.0,168.15,164.33,165.6,9712268,2.1696116371075007,162.42642139492017,161.1075868284485,1.3188345664716792,0.26279927101569656,3.819999999999993,0.45000000000001705,3.369999999999976,3.819999999999993,3.1664285714285723,12961864.95,No Signal
23,2022-08-05T00:00:00+05:30,166.28,168.56,164.14,167.74,14099224,2.30340253174656,163.2438950264709,161.59887669300787,1.6450183334630424,0.5392430835051658,4.420000000000016,2.960000000000008,1.460000000000008,4.420000000000016,3.2950000000000017,12809713.3,No Signal
24,2022-08-08T00:00:00+05:30,168.75,169.73,165.83,166.43,14063396,2.4315144335758343,163.73406502239845,161.956737678711,1.7773273436874604,0.7868599355416247,3.8999999999999773,1.9899999999999807,1.9099999999999966,3.8999999999999773,3.471428571428571,12971579.1,No Signal
25,2022-08-10T00:00:00+05:30,165.56,168.68,165.41,167.63,8585266,2.5702722179757607,164.33343963433714,162.3769793321398,1.9564603021973426,1.0207800088727683,3.2700000000000102,2.25,1.0200000000000102,3.2700000000000102,3.5014285714285722,12975657.6,No Signal
26,2022-08-11T00:00:00+05:30,168.49,170.18,166.28,167.14,5040626,2.6920224253454212,164.7652181521314,162.72979567790722,2.035422474224191,1.223708501943053,3.9000000000000057,2.5500000000000114,1.3499999999999943,3.9000000000000057,3.568571428571429,12717188.65,No Signal
27,2022-08-12T00:00:00+05:30,167.25,171.45,166.5,171.04,13279062,2.9029721202413064,165.73056920564966,163.34536636843262,2.3852028372170366,1.4560073689978497,4.949999999999989,4.310000000000002,0.6399999999999864,4.949999999999989,3.6842857142857133,12836221.55,No Signal
28,2022-08-16T00:00:00+05:30,171.9,172.46,170.29,171.64,11298246,3.0545716810107004,166.63971240478048,163.95978367447464,2.6799287303058463,1.700791641259449,2.170000000000016,1.420000000000016,0.75,2.170000000000016,3.6464285714285722,12297759.85,No Signal
29,2022-08-17T00:00:00+05:30,171.64,173.21,170.78,171.38,11225465,3.1658250068588094,167.36898741942963,164.50942932821727,2.8595580912123637,1.932544931250032,2.430000000000007,1.5700000000000216,0.8599999999999852,2.430000000000007,3.6114285714285734,12101250.4,No Signal
30,2022-08-18T00:00:00+05:30,170.96,173.78,170.81,173.51,11360485,3.265345811419972,168.31375858567122,165.17613826686784,3.1376203188033855,2.173560008760703,2.969999999999999,2.4000000000000057,0.5699999999999932,2.969999999999999,3.72214285714286,11923154.85,No Signal
31,2022-08-19T00:00:00+05:30,171.34,172.28,169.28,171.11,9829530,3.2604268578041107,168.74394957249103,165.61568358043317,3.1282659920578624,2.364501205420135,3.0,1.2299999999999898,4.22999999999999,4.22999999999999,3.7700000000000022,11705579.65,No Signal
32,2022-08-22T00:00:00+05:30,171.08,173.1,169.24,169.46,9190493,3.2379500543600623,168.8541111767232,165.90044775966035,2.9536634170628417,2.482333647748676,3.859999999999985,1.9899999999999807,1.8700000000000045,3.859999999999985,3.780714285714286,11542026.6,Buy
33,2022-08-23T00:00:00+05:30,168.71,171.64,168.15,170.66,8903752,3.079629530901471,169.13194022645808,166.2530071848707,2.8789330415873735,2.561653526516416,3.4899999999999807,2.1799999999999784,1.3100000000000023,3.4899999999999807,3.6978571428571416,11523604.2,Buy
34,2022-08-24T00:00:00+05:30,170.51,172.46,169.88,172.09,13007225,2.799190037794483,169.58702634546452,166.68537702302842,2.9016493224361,2.629652685700353,2.5800000000000125,1.8000000000000114,0.7800000000000011,2.5800000000000125,3.557857142857141,11558638.05,Buy
35,2022-08-25T00:00:00+05:30,172.88,173.25,168.83,169.73,12124365,2.478756606922854,169.60902229231613,166.91090465095223,2.6981176413638934,2.643345676833061,4.4199999999999875,1.1599999999999966,3.259999999999991,4.4199999999999875,3.6007142857142833,11592290.5,Buy
36,2022-08-26T00:00:00+05:30,169.95,173.4,169.95,172.84,7966045,2.1350023319306612,170.10609578580596,167.35009689902984,2.7559988867761263,2.6658763188216743,3.450000000000017,3.670000000000016,0.21999999999999886,3.670000000000016,3.5899999999999994,11530125.05,Buy
37,2022-08-29T00:00:00+05:30,171.19,171.68,169.2,170.29,7517013,1.8938541467746755,170.1343887418358,167.5678674991017,2.5665212427340975,2.6460053036041593,2.480000000000018,1.1599999999999966,3.640000000000015,3.640000000000015,3.5342857142857134,11246343.6,Sell
38,2022-08-30T00:00:00+05:30,171.15,172.69,171.08,172.2,7214498,1.5239145322658318,170.45217508924569,167.9109884250942,2.541186664151496,2.625041575713627,1.6099999999999852,2.4000000000000057,0.7900000000000205,2.4000000000000057,3.4271428571428584,10835415.1,No Signal
39,2022-09-01T00:00:00+05:30,168.79,172.58,168.75,169.58,13109081,1.3647646756122715,170.31799430628482,168.03461891212424,2.283375394160572,2.5567083394030163,3.8300000000000125,0.3800000000000239,3.4499999999999886,3.8300000000000125,3.4671428571428584,10884041.3,No Signal
40,2022-09-02T00:00:00+05:30,170.63,171.64,167.85,168.15,6897237,1.3399244923902494,169.98445672070252,168.0431656593743,1.9412910613282293,2.433624883788059,3.789999999999992,2.059999999999974,1.7300000000000182,3.789999999999992,3.459285714285715,10341465.75,No Signal
41,2022-09-05T00:00:00+05:30,168.75,169.16,166.28,167.55,18055474,1.3492475437913845,169.60992491751753,168.00663486979101,1.6032900477265173,2.267557916575751,2.8799999999999955,1.009999999999991,1.8700000000000045,2.8799999999999955,3.3114285714285723,10623937.55,No Signal
42,2022-09-06T00:00:00+05:30,168.0,171.0,168.0,168.79,14103701,1.2160365516130598,169.48378262251484,168.06466191647317,1.4191207060416673,2.0978704744689343,3.0,3.4499999999999886,0.44999999999998863,3.4499999999999886,3.4028571428571417,10843509.2,No Signal
43,2022-09-07T00:00:00+05:30,167.29,170.21,167.29,168.3,7866745,1.2028935122616546,169.30166221905102,168.0820943671048,1.2195678519462376,1.922209949964395,2.920000000000016,1.420000000000016,1.5,2.920000000000016,3.4378571428571427,10531885.25,No Signal
44,2022-09-08T00:00:00+05:30,169.5,170.18,167.59,168.3,7187736,1.1235008132666229,169.147560339197,168.09823552509704,1.0493248140999754,1.747632922791511,2.5900000000000034,1.8799999999999955,0.710000000000008,2.5900000000000034,3.4107142857142856,10188102.25,No Signal
45,2022-09-09T00:00:00+05:30,169.54,169.61,166.88,167.18,9162028,1.1507348964047803,168.84485874855133,168.03021807879355,0.8146406697577788,1.5610344721847647,2.730000000000018,1.3100000000000023,1.420000000000016,2.730000000000018,3.3035714285714306,10216940.35,No Signal
46,2022-09-12T00:00:00+05:30,167.66,168.53,166.65,167.96,8778920,1.1112571643470608,168.7087266333896,168.02501673962365,0.6837098937659505,1.385569556501002,1.8799999999999955,1.3499999999999943,0.5300000000000011,1.8799999999999955,3.16214285714286,10403855.05,No Signal
47,2022-09-13T00:00:00+05:30,168.23,170.63,167.85,170.1,11278384,1.089370964207238,168.9227686897912,168.17871920335523,0.7440494864359835,1.2572655424879984,2.780000000000001,2.6699999999999875,0.11000000000001364,2.780000000000001,3.1114285714285757,10303821.15,No Signal
48,2022-09-14T00:00:00+05:30,168.75,174.9,168.53,174.41,25072958,1.1866733573268362,169.76695812213103,168.64029555866225,1.1266625634687841,1.2311449466841555,6.3700000000000045,4.800000000000011,1.5699999999999932,6.3700000000000045,3.3821428571428607,10992556.75,No Signal
49,2022-09-15T00:00:00+05:30,175.09,178.69,174.26,178.2,23606369,1.533847277358793,171.0643491802647,169.34842181357615,1.715927366688561,1.3281014306850367,4.430000000000007,4.280000000000001,0.15000000000000568,4.430000000000007,3.382857142857148,11611601.95,No Signal
50,2022-09-16T00:00:00+05:30,178.8,178.84,175.05,176.74,29399642,1.6982656474652733,171.93752622945476,169.89594612368163,2.0415801057731358,1.4707971657026566,3.789999999999992,0.6400000000000148,3.1499999999999773,3.789999999999992,3.3914285714285746,12513559.8,No Signal
51,2022-09-19T00:00:00+05:30,176.96,178.58,173.74,174.86,13920046,1.7976848374170709,172.38713757876943,170.26365381822373,2.123483760545696,1.6013344846712645,4.840000000000003,1.8400000000000034,3.0,4.840000000000003,3.4771428571428595,12718085.6,Buy
52,2022-09-20T00:00:00+05:30,175.5,177.19,174.08,174.53,20162973,1.8490235868344223,172.7168087204972,170.57967946131828,2.13712925917892,1.7084934395727958,3.109999999999985,2.329999999999984,0.7800000000000011,3.109999999999985,3.527857142857144,13266709.6,Buy
53,2022-09-21T00:00:00+05:30,175.39,175.76,168.23,170.29,14468837,1.8973240079494431,172.3434535327284,170.55822172344284,1.7852318092855626,1.7238411135153493,7.530000000000001,1.2299999999999898,6.300000000000011,7.530000000000001,3.7921428571428573,13544963.85,Buy
54,2022-09-22T00:00:00+05:30,168.0,169.8,164.36,165.08,26264530,2.1131514231102244,171.22599914307787,170.15242752170633,1.073571621371542,1.593787215086588,5.439999999999998,0.4899999999999807,5.929999999999978,5.929999999999978,3.9449999999999994,14207829.1,Sell
55,2022-09-23T00:00:00+05:30,163.73,164.81,148.58,151.91,87162722,3.6036069308515306,168.25430696721975,168.80113659417253,-0.5468296269527855,1.1656638466787133,16.22999999999999,0.27000000000001023,16.5,16.5,4.917857142857143,17959746.95,Sell
56,2022-09-26T00:00:00+05:30,150.0,157.01,139.76,150.64,167547134,4.5825014890191085,165.54441358764748,167.45586721682642,-1.9114536291789364,0.5502403515071834,17.25,5.099999999999994,12.150000000000006,17.25,5.903571428571429,25938801.4,Sell
57,2022-09-27T00:00:00+05:30,154.35,155.93,150.94,153.64,54127096,4.9918054072524045,163.71296534339402,166.43246964520964,-2.7195043018156184,-0.10370857915737693,4.990000000000009,5.2900000000000205,0.30000000000001137,5.2900000000000205,6.072857142857144,28269305.55,Sell
58,2022-09-28T00:00:00+05:30,153.9,157.8,151.91,155.78,52877873,5.171584930788453,162.492509136718,165.64339781963855,-3.150888682920538,-0.7131445999100092,5.890000000000015,4.160000000000025,1.7299999999999898,5.890000000000015,6.3085714285714305,30552474.3,Sell
59,2022-09-29T00:00:00+05:30,156.71,159.08,154.54,156.0,36761869,5.385336480136605,161.49366157722292,164.92907205522087,-3.435410477997948,-1.257597775527597,4.5400000000000205,3.3000000000000114,1.240000000000009,4.5400000000000205,6.437857142857145,31735113.7,Sell
60,2022-09-30T00:00:00+05:30,155.25,164.03,155.25,159.15,62897614,5.368170564910269,161.13309825765018,164.50099264372304,-3.3678943860728623,-1.6796570976366503,8.780000000000001,8.030000000000001,0.75,8.780000000000001,6.930714285714288,34535132.55,Sell
61,2022-10-03T00:00:00+05:30,159.75,160.99,156.75,158.1,17201040,5.509907144234389,160.66646775647322,164.0268450404843,-3.360377284011065,-2.0158011349115332,4.240000000000009,1.8400000000000034,2.4000000000000057,4.240000000000009,7.035000000000003,34492410.85,Sell
62,2022-10-04T00:00:00+05:30,159.08,159.26,156.0,156.34,19179333,5.696680896128944,160.00085733240041,163.45744911155953,-3.456591779159112,-2.3039592637610493,3.259999999999991,1.1599999999999966,2.0999999999999943,3.259999999999991,6.812857142857145,34746192.45,Sell
63,2022-10-06T00:00:00+05:30,156.64,158.18,154.2,154.73,20692745,5.910465974911407,159.1899562043388,162.81097139959215,-3.621015195253335,-2.5673704500595065,3.980000000000018,1.8400000000000034,2.140000000000015,3.980000000000018,6.780714285714288,35387492.45,Sell
64,2022-10-07T00:00:00+05:30,153.0,157.31,153.0,157.05,14282850,5.874082109567337,158.8607321729021,162.38423277740014,-3.5235006044980537,-2.758596480947216,4.310000000000002,2.5800000000000125,1.7299999999999898,4.310000000000002,6.817857142857146,35742248.15,Sell
65,2022-10-10T00:00:00+05:30,155.96,158.96,155.66,156.71,16834226,5.940998847913566,158.52985030014793,161.96391923833346,-3.4340689381855327,-2.8936909723948796,3.3000000000000114,1.9099999999999966,1.3900000000000148,3.3000000000000114,6.707857142857146,36125858.05,Sell
66,2022-10-11T00:00:00+05:30,157.5,158.59,154.91,156.26,17807162,5.9880221565088405,158.18064256166363,161.5414067021606,-3.3607641404969684,-2.9871056060152976,3.680000000000007,1.8799999999999955,1.8000000000000114,3.680000000000007,6.7485714285714336,36577270.15,Sell
67,2022-10-12T00:00:00+05:30,157.84,161.96,157.01,161.66,35288330,5.6823450088455125,158.7159283214077,161.55019139088944,-2.83426306948175,-2.9565370987085884,4.950000000000017,5.700000000000017,0.75,5.700000000000017,6.617857142857149,37777767.45,Buy
68,2022-10-13T00:00:00+05:30,161.21,162.98,159.94,160.46,16436904,5.434568482116186,158.9842470411911,161.4694364730458,-2.4851894318546783,-2.8622675653378065,3.039999999999992,1.3199999999999932,1.7199999999999989,3.039999999999992,6.411428571428579,37345964.75,Buy
69,2022-10-14T00:00:00+05:30,163.5,163.5,158.66,159.49,23365190,4.875801001707444,159.06205518870019,161.32281154911647,-2.2607563604162806,-2.7419653243535014,4.840000000000003,3.039999999999992,1.8000000000000114,4.840000000000003,5.578571428571436,37333905.8,No Signal
70,2022-10-17T00:00:00+05:30,158.96,161.21,158.25,158.89,9520537,4.260914449681292,159.03558515966938,161.14260328621896,-2.107018126549576,-2.6149758847927167,2.960000000000008,1.7199999999999989,1.240000000000009,2.960000000000008,4.557857142857151,36339950.55,No Signal
71,2022-10-18T00:00:00+05:30,159.71,161.25,158.66,159.26,13256574,3.602075435702072,159.07011051972026,161.00315119094347,-1.9330406712232104,-2.478588842078816,2.5900000000000034,2.3600000000000136,0.22999999999998977,2.5900000000000034,4.365000000000007,36306776.95,No Signal
72,2022-10-19T00:00:00+05:30,159.75,162.68,159.71,160.43,11595368,2.7525964044446676,159.27932428591714,160.96069554716988,-1.6813712612527354,-2.3191453259136,2.969999999999999,3.420000000000016,0.45000000000001705,3.420000000000016,4.188571428571436,35878396.7,No Signal
73,2022-10-20T00:00:00+05:30,159.41,163.5,159.26,163.13,16371066,2.199318858812054,159.8717359342376,161.12138476589803,-1.249648831660437,-2.1052460270629676,4.240000000000009,3.069999999999993,1.170000000000016,4.240000000000009,4.1671428571428635,35973508.15,No Signal
74,2022-10-21T00:00:00+05:30,161.51,164.18,160.5,162.98,11634492,2.0779111006014443,160.34993040589336,161.2590599684241,-0.909129562530751,-1.8660227341565243,3.680000000000007,1.0500000000000114,2.6299999999999955,3.680000000000007,3.8028571428571496,35242006.25,No Signal
75,2022-10-24T00:00:00+05:30,164.85,165.19,163.95,164.14,1132860,2.0734777282725427,160.9330180357559,161.47246293372604,-0.5394448979701281,-1.6007071669192452,1.240000000000009,2.210000000000008,0.9699999999999989,2.210000000000008,3.6578571428571496,30940513.15,No Signal
76,2022-10-25T00:00:00+05:30,164.14,164.55,160.69,163.88,24173820,1.9056761978562522,161.38639987640883,161.65079901270929,-0.26439913630045453,-1.3334455607954872,3.8600000000000136,0.410000000000025,3.4499999999999886,3.8600000000000136,3.700714285714294,23771847.45,No Signal
77,2022-10-27T00:00:00+05:30,164.48,168.64,163.01,167.93,24298489,2.06671537136231,162.39310758773055,162.11592501176787,0.2771825759626836,-1.011319933443853,5.6299999999999955,4.759999999999991,0.8700000000000045,5.6299999999999955,3.818571428571435,22280417.1,No Signal
78,2022-10-28T00:00:00+05:30,167.85,171.75,167.4,170.1,11669880,2.3889150912174557,163.57878334346432,162.70733797385915,0.8714453696051692,-0.6347668728340485,4.349999999999994,3.819999999999993,0.5300000000000011,4.349999999999994,3.8214285714285774,20220017.45,No Signal
79,2022-10-31T00:00:00+05:30,170.96,172.69,170.03,171.11,11755682,2.6803044708709605,164.73743205985443,163.32975738320292,1.40767467665151,-0.22627856293693685,2.6599999999999966,2.5900000000000034,0.06999999999999318,2.6599999999999966,3.7757142857142907,18969708.1,No Signal
80,2022-11-01T00:00:00+05:30,172.99,176.93,172.35,176.36,15220278,3.2239878193256253,166.52551943526143,164.2949605400027,2.2305588952587243,0.26508892870219536,4.5800000000000125,5.819999999999993,1.2399999999999807,5.819999999999993,3.928571428571433,16585841.3,No Signal
81,2022-11-02T00:00:00+05:30,176.36,177.41,174.64,174.98,12884449,3.602388232554991,167.82620875291352,165.08644494444695,2.739763808466563,0.760023904655069,2.7700000000000102,1.049999999999983,1.7200000000000273,2.7700000000000102,3.719285714285718,16370011.75,No Signal
82,2022-11-03T00:00:00+05:30,174.75,175.2,170.03,171.04,15958813,3.7230681090801685,168.3206381755422,165.52744902263606,2.7931891529061375,1.1666569543052827,5.1699999999999875,0.21999999999999886,4.949999999999989,5.1699999999999875,3.8714285714285745,16208985.75,No Signal
83,2022-11-04T00:00:00+05:30,171.0,172.09,168.75,169.61,8059668,3.626733712519179,168.51900153315108,165.8298602061445,2.689141327006581,1.4711538288455424,3.3400000000000034,1.0500000000000114,2.289999999999992,3.3400000000000034,3.7642857142857173,15577331.9,No Signal
84,2022-11-07T00:00:00+05:30,170.48,173.93,169.8,171.0,14862038,3.5553206070823857,168.90069360497398,166.21283352420787,2.6878600807661144,1.714495079229657,4.1299999999999955,4.319999999999993,0.18999999999999773,4.319999999999993,3.8614285714285734,15606291.3,No Signal
85,2022-11-09T00:00:00+05:30,173.25,173.25,163.54,164.06,22831150,3.515861432305452,168.15597151190107,166.05336437426655,2.1026071376345215,1.7921174909106299,9.710000000000008,2.25,7.460000000000008,9.710000000000008,4.370000000000003,15906137.5,No Signal
86,2022-11-10T00:00:00+05:30,162.0,165.11,160.13,161.18,16217632,3.3857125270273714,167.08274512545475,165.69237442061717,1.3903707048375793,1.7117681336960198,4.980000000000018,1.0500000000000114,3.930000000000007,4.980000000000018,4.481428571428574,15826661.0,Sell
87,2022-11-11T00:00:00+05:30,162.0,163.39,160.16,160.54,12123886,3.4290643962864764,166.07616895230785,165.310717056127,0.7654518961808492,1.5225048861929857,3.2299999999999898,2.2099999999999795,1.0200000000000102,3.2299999999999898,4.409285714285716,14668438.8,Sell
88,2022-11-14T00:00:00+05:30,158.21,160.28,156.79,158.51,25061460,3.542785762497508,164.9121429596451,164.80696023715464,0.10518272249046845,1.2390404534524824,3.490000000000009,0.2599999999999909,3.75,3.75,4.4142857142857155,15099666.6,Sell
89,2022-11-15T00:00:00+05:30,157.5,162.38,157.24,162.0,15258104,3.3968051964987165,164.46412096585354,164.59903725662465,-0.1349162907711161,0.9642491046077627,5.139999999999986,3.8700000000000045,1.2699999999999818,5.139999999999986,4.623571428571428,14694312.3,Sell
90,2022-11-16T00:00:00+05:30,161.96,163.09,160.09,162.83,9825808,3.2666347288229867,164.2127177403376,164.46799745983765,-0.255279719500038,0.7203433397862026,3.0,1.0900000000000034,1.9099999999999966,3.0,4.562142857142855,14709575.85,Sell
91,2022-11-17T00:00:00+05:30,162.68,165.34,162.19,163.73,9449665,3.128393264057685,164.13845347259337,164.41333098133114,-0.2748775087377737,0.5212991700814074,3.1500000000000057,2.509999999999991,0.6400000000000148,3.1500000000000057,4.384999999999999,14519230.4,Sell
92,2022-11-18T00:00:00+05:30,163.76,164.1,162.64,163.76,5828998,3.043840617508398,164.08022986142515,164.36493609382512,-0.2847062323999694,0.360098089585132,1.460000000000008,0.37000000000000455,1.0900000000000034,1.460000000000008,4.178571428571429,14230911.9,Sell
93,2022-11-21T00:00:00+05:30,163.13,164.63,162.38,164.29,4712052,3.0156066888172868,164.11250219043666,164.3593852720603,-0.24688308162365047,0.23870185534337554,2.25,0.8700000000000045,1.3799999999999955,2.25,4.149285714285715,13647961.2,Sell
94,2022-11-22T00:00:00+05:30,163.88,164.4,162.68,163.35,4366445,3.025622289421715,163.9951941611387,164.28461599264844,-0.2894218315097419,0.13307711797275207,1.7199999999999989,0.11000000000001364,1.6099999999999852,1.7199999999999989,3.856428571428572,13284558.85,No Signal
95,2022-11-23T00:00:00+05:30,163.69,164.1,160.69,161.36,13510578,3.124701985334722,163.58977967480968,164.06797777097077,-0.4781980961610941,0.010822075145982837,3.4099999999999966,0.75,2.6599999999999966,3.4099999999999966,3.9021428571428567,13903444.75,No Signal
96,2022-11-24T00:00:00+05:30,161.55,165.75,161.33,165.56,7622244,3.030535527037576,163.89289049406972,164.17849793608406,-0.28560744201433863,-0.04846382828608146,4.4199999999999875,4.389999999999986,0.030000000000001137,4.4199999999999875,3.8485714285714283,13075865.95,No Signal
97,2022-11-25T00:00:00+05:30,165.56,165.68,162.45,165.45,10989672,3.0233064507663103,164.13244580267437,164.27268327415192,-0.14023747147754761,-0.06681855692437469,3.230000000000018,0.12000000000000455,3.1100000000000136,3.230000000000018,3.8407142857142866,12410425.1,No Signal
98,2022-11-28T00:00:00+05:30,164.36,166.65,164.36,165.98,4526153,2.958243273160687,164.41668490995522,164.39915117977029,0.017533730184936758,-0.0499480995025124,2.289999999999992,1.200000000000017,1.089999999999975,2.289999999999992,3.695714285714286,12053238.75,No Signal
99,2022-11-29T00:00:00+05:30,165.98,166.69,163.91,164.51,6476054,2.8911842755690387,164.4310410776544,164.407362203491,0.023678874163408636,-0.0352227047693282,2.780000000000001,0.710000000000008,2.069999999999993,2.780000000000001,3.200714285714286,11789257.35,No Signal
100,2022-11-30T00:00:00+05:30,164.51,168.71,163.24,168.0,17317952,2.4225787130323337,164.98011168109218,164.67348352175094,0.3066281593412441,0.03314746805278627,5.469999999999999,4.200000000000017,1.2699999999999818,5.469999999999999,3.2357142857142844,11894141.05,No Signal
101,2022-12-01T00:00:00+05:30,168.0,168.64,165.38,166.43,13241961,2.0212056717611016,165.20317142246262,164.8035958534731,0.39957556898951907,0.10643308824013284,3.259999999999991,0.6399999999999864,2.6200000000000045,3.259999999999991,3.2378571428571417,11912016.65,No Signal
102,2022-12-02T00:00:00+05:30,163.91,166.13,163.91,164.85,12880949,1.8273204657124158,165.14883735746838,164.80703319766027,0.3418041598081061,0.1535073025537275,2.219999999999999,0.30000000000001137,2.5200000000000102,2.5200000000000102,3.1499999999999995,11758123.45,No Signal
103,2022-12-05T00:00:00+05:30,164.78,166.69,162.9,166.43,16477957,1.6801432163568961,165.34593930247325,164.92725296079655,0.41868634167670393,0.2065431103783228,3.789999999999992,1.8400000000000034,1.9499999999999886,3.789999999999992,3.0535714285714284,12179037.9,No Signal
104,2022-12-06T00:00:00+05:30,166.16,168.11,164.55,167.63,11299945,1.4577762901167493,165.6973332559389,165.127456445182,0.5698768107569094,0.2792098504540401,3.5600000000000023,1.6800000000000068,1.8799999999999955,3.5600000000000023,3.093571428571429,12000933.25,No Signal
105,2022-12-07T00:00:00+05:30,167.14,168.08,165.34,165.79,5813973,1.493141648392975,165.71158967810214,165.17653374553888,0.5350559325632673,0.3303790668758856,2.740000000000009,0.45000000000001705,2.289999999999992,2.740000000000009,3.0642857142857145,11150074.4,No Signal
106,2022-12-08T00:00:00+05:30,166.35,166.39,162.68,163.35,11176440,1.4608472129944883,165.34826818916335,165.04123494957304,0.3070332395903108,0.32570990141877065,3.7099999999999795,0.5999999999999943,3.109999999999985,3.7099999999999795,3.2249999999999983,10898014.8,No Signal
107,2022-12-09T00:00:00+05:30,163.8,164.21,161.78,162.9,6020032,1.380780268816324,164.97161154467668,164.88262495330838,0.08898659136829679,0.2783652394086759,2.430000000000007,0.8600000000000136,1.5699999999999932,2.430000000000007,3.2378571428571417,10592822.1,No Signal
108,2022-12-12T00:00:00+05:30,162.0,163.5,160.95,161.66,8194429,1.1775540770883948,164.46213284549566,164.64391199380407,-0.1817791483084079,0.18633636186525915,2.5500000000000114,0.5999999999999943,1.950000000000017,2.5500000000000114,3.2971428571428567,9749470.55,No Signal
109,2022-12-13T00:00:00+05:30,161.66,162.6,159.79,162.23,8235450,1.1640354735332745,164.11872779234247,164.46510369796673,-0.3463759056242566,0.07979390836735602,2.8100000000000023,0.9399999999999977,1.8700000000000045,2.8100000000000023,3.2542857142857144,9398337.85,No Signal
110,2022-12-14T00:00:00+05:30,162.23,165.41,162.23,164.4,10055353,1.1236790569562263,164.1620004396744,164.46028120182103,-0.29828076214664634,0.004178974264555547,3.180000000000007,3.180000000000007,0.0,3.180000000000007,3.1657142857142873,9409815.1,No Signal
111,2022-12-15T00:00:00+05:30,164.63,165.3,161.93,162.26,5385778,1.1778582058827043,163.8693849874168,164.29729740909355,-0.42791242167675136,-0.08223930492370583,3.3700000000000045,0.9000000000000057,2.469999999999999,3.3700000000000045,3.175714285714286,9206620.75,No Signal
112,2022-12-16T00:00:00+05:30,161.25,163.65,159.45,159.9,11166617,1.3561282412058375,163.25871037396806,163.9715716750866,-0.7128613011185507,-0.2083637041626748,4.200000000000017,1.3900000000000148,2.8100000000000023,4.200000000000017,3.3121428571428595,9473501.7,No Signal
113,2022-12-19T00:00:00+05:30,160.54,164.4,160.13,164.18,7758862,1.32090345939524,163.40044723951144,163.9870108102654,-0.5865635707539525,-0.28400367748093036,4.27000000000001,4.5,0.22999999999998977,4.5,3.4350000000000023,9625842.2,Sell
114,2022-12-20T00:00:00+05:30,164.18,164.18,160.43,162.98,6541929,1.3368774972347277,163.33576304881737,163.9124174169124,-0.5766543680950349,-0.3425338156037513,3.75,0.0,3.75,3.75,3.3121428571428595,9734616.4,No Signal
115,2022-12-21T00:00:00+05:30,162.79,163.69,160.39,162.04,7005861,1.317914970243081,163.13641488746086,163.77371983047445,-0.6373049430135893,-0.4014880410857189,3.3000000000000114,0.710000000000008,2.5900000000000034,3.3000000000000114,3.315000000000004,9409380.55,Sell
116,2022-12-22T00:00:00+05:30,162.08,162.75,159.64,161.25,6961416,1.3769336893259205,162.84619721246688,163.58677762080967,-0.7405804083427938,-0.4693065145371339,3.1100000000000136,0.710000000000008,2.4000000000000057,3.1100000000000136,3.357142857142861,9376339.15,Sell
117,2022-12-23T00:00:00+05:30,160.05,161.48,157.84,158.44,4554652,1.5965471404445903,162.1683207182412,163.20553483408304,-1.0372141158418344,-0.582888034798074,3.6399999999999864,0.22999999999998977,3.4099999999999966,3.6399999999999864,3.346428571428575,9054588.15,Sell
118,2022-12-26T00:00:00+05:30,158.63,160.69,158.21,158.89,6864332,1.6952838792868754,161.66396368466565,162.88586558711393,-1.2219019024482805,-0.7106908083281154,2.4799999999999898,2.25,0.22999999999998977,2.4799999999999898,3.2692857142857172,9171497.1,Sell
119,2022-12-27T00:00:00+05:30,159.71,161.4,158.85,159.49,13115852,1.7659023467882506,161.32950773317862,162.63431998806846,-1.304812254889839,-0.8295150976404602,2.5500000000000114,2.5100000000000193,0.03999999999999204,2.5500000000000114,3.2557142857142884,9503487.0,Sell
120,2022-12-28T00:00:00+05:30,159.38,163.8,159.38,161.81,16815549,1.59862828631358,161.4034296203819,162.57325924821154,-1.1698296278296425,-0.8975780036782967,4.420000000000016,4.310000000000002,0.11000000000001364,4.420000000000016,3.306428571428577,9478366.85,Sell
121,2022-12-29T00:00:00+05:30,160.54,162.38,160.13,161.81,22536873,1.5157283668420403,161.4659789095539,162.5167215261218,-1.0507426165679021,-0.9282109262562178,2.25,0.5699999999999932,1.6800000000000068,2.25,3.2935714285714335,9943112.45,Sell
122,2022-12-30T00:00:00+05:30,162.04,162.56,159.94,160.28,4643134,1.5262302225322535,161.28352061577638,162.35103845011278,-1.0675178343363996,-0.9560723078722542,2.6200000000000045,0.75,1.8700000000000045,2.6200000000000045,3.298571428571433,9531221.7,Sell
123,2023-01-02T00:00:00+05:30,160.91,161.63,159.75,161.29,5959394,1.402500103843631,161.28451744411848,162.27244300936368,-0.9879255652452059,-0.9624429593468445,1.8799999999999955,1.3499999999999943,0.5300000000000011,1.8799999999999955,3.232142857142861,9005293.55,No Signal
124,2023-01-03T00:00:00+05:30,161.44,162.15,160.76,161.7,2873110,1.1472694904106935,161.348437837331,162.2300398234849,-0.8816019861538962,-0.9462747647082549,1.3900000000000148,0.8600000000000136,0.5300000000000011,1.3900000000000148,3.104285714285719,8583951.8,No Signal
125,2023-01-04T00:00:00+05:30,161.55,161.55,157.88,158.29,9954542,1.1176264955331503,160.87790893928008,161.93818502174528,-1.060276082465208,-0.9690750282596455,3.670000000000016,0.14999999999997726,3.819999999999993,3.819999999999993,3.136428571428575,8790980.25,No Signal
126,2023-01-05T00:00:00+05:30,158.93,158.93,154.95,156.6,21273509,1.2871790625586523,160.21976910246775,161.54276390902342,-1.3229948065556698,-1.0398589839188503,3.980000000000018,0.6400000000000148,3.3400000000000034,3.980000000000018,3.1207142857142895,9295833.7,No Signal
127,2023-01-06T00:00:00+05:30,156.11,157.73,155.66,156.08,11510472,1.4484436839045984,159.58288154824194,161.13811473057723,-1.5552331823352858,-1.1429338236021376,2.069999999999993,1.1299999999999955,0.9399999999999977,2.069999999999993,2.9471428571428606,9570355.7,No Signal
128,2023-01-09T00:00:00+05:30,156.9,158.96,153.19,156.83,52485126,1.5395149590015593,159.15936131005088,160.81899512090484,-1.6596338108539612,-1.2462738210525024,5.77000000000001,2.8799999999999955,2.890000000000015,5.77000000000001,3.0914285714285756,11784890.55,No Signal
129,2023-01-10T00:00:00+05:30,157.43,159.34,156.75,158.85,17248326,1.515897143157912,159.11176726235075,160.67314363046745,-1.5613763681166972,-1.3092943304653415,2.5900000000000034,2.509999999999991,0.0800000000000125,2.5900000000000034,3.0407142857142895,12235534.35,No Signal
130,2023-01-11T00:00:00+05:30,159.15,159.79,157.58,158.96,9164361,1.4024020226534393,159.08841845275833,160.54624410228467,-1.4578256495263417,-1.3390005942775416,2.2099999999999795,0.9399999999999977,1.2699999999999818,2.2099999999999795,2.9764285714285728,12190984.75,No Signal
131,2023-01-12T00:00:00+05:30,160.16,160.43,158.55,160.13,21179556,1.3555025674826797,159.2486617677186,160.51541120581913,-1.2667494381005326,-1.3245503630421398,1.8799999999999955,1.4699999999999989,0.4099999999999966,1.8799999999999955,2.8507142857142873,12980673.65,No Signal
132,2023-01-13T00:00:00+05:30,160.2,161.51,159.98,160.5,6560245,1.3541441800003593,159.44117534191574,160.5142696350177,-1.073094293101974,-1.2742591490541066,1.5300000000000011,1.3799999999999955,0.15000000000000568,1.5300000000000011,2.7828571428571456,12750355.05,No Signal
133,2023-01-16T00:00:00+05:30,161.25,161.93,159.53,161.74,8362194,1.2292492576123426,159.7948406739287,160.60506447686825,-0.8102238029395608,-1.1814520798311976,2.4000000000000057,1.4300000000000068,0.9699999999999989,2.4000000000000057,2.7721428571428595,12780521.65,No Signal
134,2023-01-17T00:00:00+05:30,161.74,164.03,161.18,163.8,13000572,1.2589546644581708,160.41101903178583,160.8417263674706,-0.4307073356847866,-1.0313031310019154,2.8499999999999943,2.289999999999992,0.5600000000000023,2.8499999999999943,2.6600000000000006,13103453.8,No Signal
135,2023-01-18T00:00:00+05:30,163.73,165.11,162.3,164.51,11171369,1.3732710249641413,161.04163148843415,161.11345034025058,-0.0718188518164311,-0.8394062751648186,2.8100000000000023,1.3100000000000023,1.5,2.8100000000000023,2.7000000000000006,13311729.2,No Signal
136,2023-01-19T00:00:00+05:30,164.1,165.94,163.99,165.56,11586816,1.5483651750450043,161.73676510559812,161.44282438912091,0.2939407164772092,-0.6127368768364131,1.9499999999999886,1.4300000000000068,0.5199999999999818,1.9499999999999886,2.6521428571428567,13542999.2,No Signal
137,2023-01-20T00:00:00+05:30,165.75,167.93,165.75,167.44,10112645,1.7797152049624152,162.61418585858303,161.8870596195564,0.7271262390266315,-0.3447642536638042,2.180000000000007,2.3700000000000045,0.18999999999999773,2.3700000000000045,2.6871428571428573,13820898.85,No Signal
138,2023-01-23T00:00:00+05:30,168.0,171.23,167.66,168.83,14393610,2.0430193151048384,163.57046495726257,162.40135149958925,1.169113457673319,-0.04198871139637953,3.569999999999993,3.789999999999992,0.21999999999999886,3.789999999999992,2.858571428571427,14197362.75,No Signal
139,2023-01-24T00:00:00+05:30,169.69,169.95,165.38,165.71,6150893,2.150198280204034,163.8996241946068,162.64643657369376,1.2531876209130246,0.2170465550655013,4.569999999999993,1.1199999999999761,3.450000000000017,4.569999999999993,2.912142857142856,13849114.8,No Signal
140,2023-01-25T00:00:00+05:30,165.53,165.94,163.35,164.55,5790332,2.2037671367849487,163.99968201082112,162.78744127193866,1.212240738882457,0.4160853918288924,2.5900000000000034,0.22999999999998977,2.3600000000000136,2.5900000000000034,2.8128571428571405,13297853.95,No Signal
141,2023-01-27T00:00:00+05:30,164.48,166.09,162.75,164.44,10458604,2.2371889116974044,164.06742323992555,162.90985302957284,1.1575702103527021,0.5643823555336543,3.3400000000000034,1.539999999999992,1.8000000000000114,3.3400000000000034,2.903571428571427,12693940.5,No Signal
142,2023-01-30T00:00:00+05:30,163.5,164.14,157.91,158.89,24288177,2.3425175835051535,163.2708965876293,162.61208613849337,0.6588104491359275,0.583267974254109,6.22999999999999,0.30000000000001137,6.530000000000001,6.530000000000001,2.9578571428571405,13676192.65,Buy
143,2023-01-31T00:00:00+05:30,159.45,165.15,159.11,162.49,20997546,2.2919236077207144,163.15075865107093,162.6030427208272,0.5477159302437258,0.5761575654520324,6.039999999999992,6.260000000000019,0.22000000000002728,6.260000000000019,3.219999999999999,14428100.25,Sell
144,2023-02-01T00:00:00+05:30,168.75,168.75,160.2,162.41,20246369,2.294548756608044,163.0367957816754,162.58874326002518,0.4480525216502258,0.5505365566916711,8.550000000000011,6.259999999999991,2.2900000000000205,8.550000000000011,3.672857142857144,15296763.2,Sell
145,2023-02-02T00:00:00+05:30,162.0,162.83,158.51,159.53,12820664,2.3033434330022597,162.49728873834073,162.3621696852085,0.13511905313222883,0.4674530559797827,4.320000000000022,0.4200000000000159,3.9000000000000057,4.320000000000022,3.84714285714286,15440069.3,Sell
146,2023-02-03T00:00:00+05:30,159.9,161.36,157.8,161.14,10815686,2.150055309792512,162.28847508628832,162.2716385974153,0.016836488873025246,0.3773297425584312,3.5600000000000023,1.8300000000000125,1.7299999999999898,3.5600000000000023,3.99214285714286,14917178.15,Sell
147,2023-02-06T00:00:00+05:30,160.09,163.01,159.79,162.79,6948201,1.9414678098375955,162.36563276532087,162.3100357383475,0.05559702697337343,0.31298319944141967,3.219999999999999,1.8700000000000045,1.3499999999999943,3.219999999999999,4.050714285714288,14689064.6,Sell
148,2023-02-07T00:00:00+05:30,163.5,163.65,161.33,162.64,10035526,1.764594053481665,162.40784310911766,162.33447753550695,0.07336557361071527,0.2650596742752788,2.319999999999993,0.8600000000000136,1.4599999999999795,2.319999999999993,4.012857142857145,12566584.6,Sell
149,2023-02-08T00:00:00+05:30,159.64,159.94,157.84,159.0,12432720,1.7983625870669835,161.8835595538688,162.08747919954348,-0.2039196456746879,0.17126381028528548,2.0999999999999943,2.6999999999999886,4.799999999999983,4.799999999999983,4.155000000000001,12325804.3,Sell
150,2023-02-09T00:00:00+05:30,159.0,160.46,159.0,159.64,7011082,1.7637368445583228,161.5383965455813,161.90618444402173,-0.36778789844044013,0.06345346854014036,1.460000000000008,1.460000000000008,0.0,1.460000000000008,4.120000000000003,12218140.35,Sell
151,2023-02-10T00:00:00+05:30,158.93,160.84,158.89,160.58,10892160,1.7405667401714489,161.39095092318416,161.8079485592794,-0.4169976360952319,-0.03263675238693409,1.950000000000017,1.200000000000017,0.75,1.950000000000017,4.090000000000003,11703770.55,Sell
152,2023-02-13T00:00:00+05:30,160.58,162.38,160.5,162.0,7710133,1.6972366393963019,161.48465078115584,161.82217459192537,-0.3375238107695395,-0.09361416406345519,1.8799999999999955,1.799999999999983,0.0800000000000125,1.8799999999999955,3.9535714285714323,11761264.95,Sell
153,2023-02-14T00:00:00+05:30,162.79,162.79,159.56,161.25,6010681,1.713123241821832,161.44855066097801,161.77979128881978,-0.33124062784176544,-0.14113945681911724,3.2299999999999898,0.789999999999992,2.4399999999999977,3.2299999999999898,3.857857142857146,11643689.3,Sell
154,2023-02-15T00:00:00+05:30,159.94,161.4,159.75,160.88,8107497,1.732451964190002,161.36108132851987,161.71314008224053,-0.3520587537206552,-0.18332331619942485,1.6500000000000057,0.15000000000000568,1.5,1.6500000000000057,3.7907142857142895,11399035.55,Sell
155,2023-02-16T00:00:00+05:30,162.68,162.68,160.5,160.95,3963116,1.727307298061974,161.29783804720913,161.65661118725976,-0.35877314005063,-0.2184132809696659,2.180000000000007,1.8000000000000114,0.37999999999999545,2.180000000000007,3.7078571428571467,11038622.9,Sell
156,2023-02-17T00:00:00+05:30,160.5,161.93,159.75,160.35,6491149,1.6996497559825983,161.15201680917696,161.55982517338867,-0.40780836421171784,-0.2562922976180763,2.180000000000007,0.9800000000000182,1.1999999999999886,2.180000000000007,3.3971428571428612,10783839.55,No Signal
157,2023-02-20T00:00:00+05:30,161.7,162.75,160.65,161.85,6841917,1.507270707434858,161.25939883853434,161.58131960498952,-0.32192076645517886,-0.2694179913854968,2.0999999999999943,2.4000000000000057,0.30000000000001137,2.4000000000000057,3.1214285714285745,10620303.15,No Signal
158,2023-02-21T00:00:00+05:30,163.16,164.06,162.04,162.9,6701434,1.1391674623226753,161.51179901722136,161.67899963424955,-0.16720061702818612,-0.2489745165140347,2.0200000000000102,2.210000000000008,0.18999999999999773,2.210000000000008,2.6685714285714317,10235694.35,No Signal
159,2023-02-22T00:00:00+05:30,162.0,162.98,159.75,160.99,9128660,0.994815070939125,161.43152224534114,161.62796262430513,-0.19644037896398459,-0.2384676890040247,3.2299999999999898,0.07999999999998408,3.1500000000000057,3.2299999999999898,2.5907142857142866,10384582.7,No Signal
160,2023-02-23T00:00:00+05:30,161.25,161.93,159.45,159.94,10345874,0.9124592963087038,161.20205728451944,161.5029283558381,-0.3008710713186531,-0.2509483654669504,2.480000000000018,0.9399999999999977,1.5400000000000205,2.480000000000018,2.5135714285714306,10612359.8,No Signal
161,2023-02-24T00:00:00+05:30,159.3,161.55,159.3,161.29,9808830,0.7750171477721591,161.2155869330549,161.48715588503526,-0.27156895198035613,-0.25507248276963157,2.25,1.6100000000000136,0.6399999999999864,2.25,2.444285714285716,10579871.1,No Signal
162,2023-02-27T00:00:00+05:30,162.34,164.96,160.91,164.4,17763618,0.8190198757515812,161.70549663566186,161.7029221157734,0.00257451988846924,-0.20354308223801143,4.050000000000011,3.670000000000016,0.37999999999999545,4.050000000000011,2.567857142857146,10253643.15,No Signal
163,2023-02-28T00:00:00+05:30,165.45,167.25,164.06,166.69,36559278,1.0729168371765985,162.4723433070985,162.07233529238277,0.40000801471572345,-0.08283286284726446,3.1899999999999977,2.8499999999999943,0.3400000000000034,3.1899999999999977,2.4528571428571473,11031729.75,No Signal
164,2023-03-01T00:00:00+05:30,166.16,166.69,163.05,164.18,12896085,1.1416717473887938,162.73505972139105,162.22845860405812,0.5066011173329343,0.035053933188775296,3.6399999999999864,0.0,3.6399999999999864,3.6399999999999864,2.608571428571431,10664215.55,No Signal
165,2023-03-02T00:00:00+05:30,163.5,165.75,161.85,165.26,79708558,1.191402680232741,163.12351207194627,162.45301722597975,0.6704948459665161,0.16214211574432347,3.9000000000000057,1.5699999999999932,2.3300000000000125,3.9000000000000057,2.747857142857145,14008610.25,No Signal
166,2023-03-03T00:00:00+05:30,165.3,169.09,165.3,166.58,9951869,1.3289127028522145,163.655279445493,162.75871965368495,0.8965597918080448,0.30902565095706774,3.789999999999992,3.8300000000000125,0.040000000000020464,3.8300000000000125,2.88714285714286,13965419.4,No Signal
167,2023-03-06T00:00:00+05:30,168.0,171.6,167.25,170.36,15659957,1.6839095234975103,164.68677491541715,163.3217774571157,1.3649974583014455,0.5202200124259433,4.349999999999994,5.019999999999982,0.6699999999999875,5.019999999999982,3.015000000000003,14401007.2,No Signal
168,2023-03-08T00:00:00+05:30,170.21,171.26,169.28,171.04,11591496,2.0087758961911053,165.66419415919913,163.8934976454775,1.7706965137216173,0.7703153126850781,1.9799999999999898,0.8999999999999773,1.0800000000000125,1.9799999999999898,3.03857142857143,14478805.7,No Signal
169,2023-03-09T00:00:00+05:30,171.75,172.84,169.13,169.35,13941653,2.112277215165719,166.23124121163002,164.29768300507178,1.9335582065582457,1.0029638914597117,3.710000000000008,1.8000000000000114,1.9099999999999966,3.710000000000008,3.1478571428571445,14554252.35,Buy
170,2023-03-10T00:00:00+05:30,166.69,171.11,166.69,169.91,9605434,2.1919541461275442,166.79720410214847,164.71341018988127,2.083793912267197,1.2191298956212087,4.420000000000016,1.7600000000000193,2.6599999999999966,4.420000000000016,3.307857142857145,14683969.95,Buy
171,2023-03-13T00:00:00+05:30,171.04,172.54,169.05,169.58,13209653,2.256699763592341,167.22532654797178,165.07389832396413,2.1514282240076454,1.405589561298496,3.4899999999999807,2.6299999999999955,0.8599999999999852,3.4899999999999807,3.385714285714286,14799844.6,Buy
172,2023-03-14T00:00:00+05:30,168.86,170.81,168.0,168.9,9583405,2.3097447622183696,167.4829686175146,165.35731326292975,2.1256553545848362,1.5496027199557643,2.8100000000000023,1.2299999999999898,1.5800000000000125,2.8100000000000023,3.4285714285714284,14893508.2,Buy
173,2023-03-15T00:00:00+05:30,169.95,172.54,169.28,171.23,12228069,2.3676214600699965,168.0594349840508,165.79232709530532,2.267107888745471,1.6931037537137057,3.259999999999991,3.6399999999999864,0.37999999999999545,3.6399999999999864,3.4578571428571427,15204377.6,Buy
174,2023-03-16T00:00:00+05:30,172.09,174.68,171.26,174.11,18437817,2.5027340613218065,168.99029114035068,166.4084510141716,2.581840126179088,1.8708510282067823,3.420000000000016,3.450000000000017,0.030000000000001137,3.450000000000017,3.5271428571428567,15720893.6,Buy
175,2023-03-17T00:00:00+05:30,175.46,175.5,171.23,172.28,33711025,2.5560851393641277,169.49640019568133,166.8433805686774,2.6530196270039426,2.0272847479662146,4.27000000000001,1.3899999999999864,2.880000000000024,4.27000000000001,3.6714285714285717,17208289.05,Buy
176,2023-03-20T00:00:00+05:30,168.98,172.05,168.98,170.63,9281412,2.4834492999082154,169.6708001655765,167.1238708969235,2.5469292686530025,2.1312136521035723,3.0700000000000216,0.22999999999998977,3.3000000000000114,3.3000000000000114,3.6178571428571433,17347802.2,Buy
177,2023-03-21T00:00:00+05:30,170.44,170.78,166.84,167.36,11272788,2.423055997331299,169.3152924477955,167.14136194159585,2.1739305061996674,2.1397570229227916,3.9399999999999977,0.15000000000000568,3.789999999999992,3.9399999999999977,3.6714285714285717,17569345.75,Buy
178,2023-03-22T00:00:00+05:30,167.25,168.53,165.6,168.08,7589846,2.3317830437872065,169.12524745582698,167.21089068666282,1.9143567691641579,2.0946769721710647,2.930000000000007,1.1699999999999875,1.7600000000000193,2.930000000000007,3.6207142857142878,17613766.35,Sell
179,2023-03-23T00:00:00+05:30,168.0,168.38,165.94,166.61,17091298,2.166126162181121,168.73828630877668,167.16638026542853,1.5719060433481502,1.9901227864064819,2.4399999999999977,0.29999999999998295,2.140000000000015,2.4399999999999977,3.516428571428573,18011898.25,Sell
180,2023-03-24T00:00:00+05:30,167.25,168.19,165.6,166.8,10371666,1.8611918988802267,168.44008841511874,167.1392409865079,1.3008474286108367,1.852267714847353,2.5900000000000034,1.579999999999984,1.0100000000000193,2.5900000000000034,3.4278571428571434,18013187.85,Sell
181,2023-03-27T00:00:00+05:30,167.18,169.69,164.66,165.08,19983733,1.6684930244404903,167.9231517358697,166.98670461713695,0.9364471187327581,1.669103595624434,5.030000000000001,2.8899999999999864,2.140000000000015,5.030000000000001,3.4285714285714306,18521933.0,Sell
182,2023-03-28T00:00:00+05:30,165.94,167.33,164.03,166.58,8689166,1.577031139438574,167.71651300727436,166.95657834920087,0.7599346580734903,1.4872698081142453,3.3000000000000114,2.25,1.0500000000000114,3.3000000000000114,3.5228571428571462,18068210.4,Sell
183,2023-03-29T00:00:00+05:30,166.58,167.78,165.41,166.84,19743258,1.5713834310225285,167.58166485230907,166.94794291592672,0.6337219363823579,1.316560233767868,2.3700000000000045,1.1999999999999886,1.170000000000016,2.3700000000000045,3.4271428571428606,17227409.4,Sell
184,2023-03-31T00:00:00+05:30,168.0,170.06,167.25,169.28,10202058,1.4268759587356663,167.84294718272307,167.12068788511732,0.7222592976057456,1.1977000465354435,2.8100000000000023,3.219999999999999,0.4099999999999966,3.219999999999999,3.3414285714285734,17092708.05,No Signal
185,2023-04-03T00:00:00+05:30,170.51,170.51,167.89,168.45,7643214,1.348076818982861,167.93633992384258,167.2191554491827,0.7171844746598879,1.1015969321603325,2.6200000000000045,1.2299999999999898,1.3900000000000148,2.6200000000000045,3.279285714285718,13489440.85,No Signal
186,2023-04-05T00:00:00+05:30,169.95,169.95,167.78,169.24,12019382,1.3007578605098424,168.13690301248218,167.36884763813214,0.7680553743500411,1.0348886205982744,2.1699999999999875,1.5,0.6699999999999875,2.1699999999999875,3.233571428571431,13592816.5,No Signal
187,2023-04-06T00:00:00+05:30,170.4,170.55,168.49,168.94,4282876,1.290954001809395,168.26045639517721,167.4852292945668,0.7752271006104081,0.9829563166007012,2.0600000000000023,1.3100000000000023,0.75,2.0600000000000023,3.1207142857142895,13023962.45,No Signal
188,2023-04-10T00:00:00+05:30,168.9,172.05,168.75,171.79,4145644,1.2943874149015917,168.80346310361148,167.80410119867298,0.9993619049384961,0.9862374342682602,3.3000000000000114,3.1100000000000136,0.18999999999999773,3.3000000000000114,3.1100000000000034,12651669.85,No Signal
189,2023-04-11T00:00:00+05:30,171.68,174.0,171.34,173.51,5106602,1.404686753868095,169.52754570305586,168.22676036914166,1.300785333914206,1.0491470141974493,2.6599999999999966,2.210000000000008,0.44999999999998863,2.6599999999999966,2.9950000000000023,12209917.3,No Signal
190,2023-04-12T00:00:00+05:30,173.55,173.66,170.29,170.48,9118796,1.4362852687203227,169.67407713335496,168.3936670084645,1.2804101248904658,1.0953996363360528,3.3700000000000045,0.15000000000000568,3.219999999999999,3.3700000000000045,3.000000000000002,12185585.4,No Signal
191,2023-04-13T00:00:00+05:30,170.48,173.74,170.25,173.4,11428621,1.5085311862053497,170.24729603591572,168.76450648931896,1.4827895465967629,1.1728776183881948,3.490000000000009,3.2600000000000193,0.22999999999998977,3.490000000000009,2.9678571428571456,12096533.8,No Signal
192,2023-04-17T00:00:00+05:30,174.45,179.93,174.23,177.49,21815048,1.7823589373932573,171.36155818423637,169.410839341962,1.9507188422743695,1.32844586316543,5.700000000000017,6.530000000000001,0.8299999999999841,6.530000000000001,3.2250000000000023,12708115.95,No Signal
193,2023-04-18T00:00:00+05:30,177.68,178.13,172.24,172.73,13482833,1.8606238233720613,171.57208769435385,169.65670309440927,1.9153845999445878,1.4458336105212615,5.889999999999986,0.6399999999999864,5.25,5.889999999999986,3.471428571428573,12770854.15,Buy
194,2023-04-19T00:00:00+05:30,171.75,173.55,171.49,172.46,8264190,1.8104129595914908,171.7086895875302,169.86435471704561,1.8443348704845732,1.5255338625139239,2.0600000000000023,0.8200000000000216,1.2399999999999807,2.0600000000000023,3.43357142857143,12262172.8,Buy
195,2023-04-20T00:00:00+05:30,173.14,174.68,172.24,173.18,7308750,1.8273025396662639,171.93504503560246,170.10995807133853,1.8250869642639316,1.5854444828639256,2.4399999999999977,2.219999999999999,0.21999999999999886,2.4399999999999977,3.24857142857143,10942059.05,No Signal
196,2023-04-21T00:00:00+05:30,173.85,174.26,172.2,173.66,5030650,1.8828443252567222,172.20042272243285,170.37292414012828,1.827498582304571,1.6338553027520548,2.0600000000000023,1.079999999999984,0.9800000000000182,2.0600000000000023,3.1600000000000006,10729520.95,No Signal
197,2023-04-24T00:00:00+05:30,173.25,174.23,172.46,173.96,5725068,1.9036876387434418,172.47112691898164,170.63863346308173,1.8324934558999075,1.6735829333816254,1.7699999999999818,0.5699999999999932,1.1999999999999886,1.7699999999999818,3.117142857142856,10452134.95,No Signal
198,2023-04-25T00:00:00+05:30,173.48,175.43,172.99,174.68,8338704,1.9425243658446798,172.81095354683063,170.9379939472979,1.8729595995327202,1.7134582666118445,2.4399999999999977,1.4699999999999989,0.9699999999999989,2.4399999999999977,3.0614285714285705,10489577.85,No Signal
199,2023-04-26T00:00:00+05:30,175.54,179.63,174.0,178.73,13581018,2.0608076046111705,173.72157607808745,171.5151795808314,2.2063964972560655,1.812045912740689,5.6299999999999955,4.949999999999989,0.6800000000000068,5.6299999999999955,3.27642857142857,10314063.85,Buy
200,2023-04-27T00:00:00+05:30,178.5,178.73,175.13,176.96,9794457,2.1028051831040027,174.21979514299707,171.91849961188092,2.3012955311161534,1.9098958364157819,3.5999999999999943,0.0,3.5999999999999943,3.5999999999999943,3.3785714285714272,10285203.4,Buy
201,2023-04-28T00:00:00+05:30,177.71,178.46,174.83,177.94,10585488,2.0201482123055303,174.79213435176675,172.36453667766753,2.427597674099218,2.013436203952469,3.6299999999999955,1.5,2.1299999999999955,3.6299999999999955,3.490714285714284,9815291.15,Buy
202,2023-05-02T00:00:00+05:30,179.03,180.86,178.69,180.08,6732908,2.0478830370515095,175.60565214380264,172.9360524793218,2.6695996644808417,2.144668896058144,2.170000000000016,2.920000000000016,0.75,2.920000000000016,3.463571428571427,9717478.25,Buy
203,2023-05-03T00:00:00+05:30,180.0,181.5,179.1,179.78,4789217,2.0302885612380845,176.24785950629453,173.44301155492758,2.804847951366952,2.276704707119906,2.4000000000000057,1.4199999999999875,0.9800000000000182,2.4000000000000057,3.4449999999999994,8969776.2,Buy
204,2023-05-04T00:00:00+05:30,179.74,180.53,176.21,179.14,9189784,2.047557138934758,176.69280419763382,173.86501069900703,2.8277934986267894,2.3869224654212826,4.319999999999993,0.75,3.569999999999993,4.319999999999993,3.512857142857141,8919162.5,Buy
205,2023-05-05T00:00:00+05:30,179.1,181.13,178.65,180.79,3896441,2.0270571881308057,177.32314201338247,174.37797286945096,2.9451691439315084,2.4985718011233278,2.4799999999999898,1.990000000000009,0.4899999999999807,2.4799999999999898,3.4407142857142827,8731823.85,Buy
206,2023-05-08T00:00:00+05:30,181.39,184.69,180.83,183.56,8758321,2.115597006324844,178.28265862670824,175.0581230272694,3.2245355994388376,2.6437645607864297,3.859999999999985,3.9000000000000057,0.040000000000020464,3.9000000000000057,3.2528571428571404,8568770.8,No Signal
207,2023-05-09T00:00:00+05:30,183.04,185.18,182.03,182.55,9166941,2.1010453121473103,178.93917268413776,175.6130768771013,3.3260958070364666,2.780230810036437,3.1500000000000057,1.6200000000000045,1.5300000000000011,3.1500000000000057,3.057142857142856,8812974.05,No Signal
208,2023-05-10T00:00:00+05:30,183.86,185.96,183.45,185.74,9689409,2.268546442522606,179.98545380965504,176.36321933064934,3.622234479005698,2.9486315438302895,2.5100000000000193,3.4099999999999966,0.8999999999999773,3.4099999999999966,3.153571428571427,9090162.3,No Signal
209,2023-05-11T00:00:00+05:30,185.78,186.9,184.95,186.41,12616726,2.4746767287594835,180.97384553124658,177.1074253061568,3.866420225089769,3.1321892800821853,1.950000000000017,1.1599999999999966,0.7900000000000205,1.950000000000017,3.1185714285714283,9465668.5,No Signal
210,2023-05-12T00:00:00+05:30,186.64,187.2,180.86,181.31,13853808,2.3996677726824616,181.0255616033625,177.41872713533039,3.6068344680321047,3.2271183176721694,6.339999999999975,0.789999999999992,5.549999999999983,6.339999999999975,3.424285714285712,9702419.1,Buy
211,2023-05-15T00:00:00+05:30,182.55,184.24,181.76,182.44,12187764,2.3526089734818725,181.2431675105375,177.79067327345408,3.452494237083414,3.2721935015544186,2.480000000000018,2.930000000000007,0.44999999999998863,2.930000000000007,3.5071428571428567,9740376.25,Buy
212,2023-05-16T00:00:00+05:30,182.66,183.41,180.0,180.45,11418509,2.382904343093868,181.12114173968556,177.98766043838341,3.1334813013021403,3.244451061503963,3.4099999999999966,0.9699999999999989,2.4399999999999977,3.4099999999999966,3.576428571428571,9220549.3,Sell
213,2023-05-17T00:00:00+05:30,180.68,181.43,178.09,179.1,11560929,2.263193677405775,180.810196856657,178.07005596146612,2.7401408951908763,3.1435890282413457,3.3400000000000034,0.9800000000000182,2.359999999999985,3.3400000000000034,3.412857142857143,9124454.1,Sell
214,2023-05-18T00:00:00+05:30,180.75,180.75,175.95,176.74,14497724,2.1421142496889267,180.1840127248636,177.97153329765382,2.212479427209786,2.957367108035034,4.800000000000011,1.6500000000000057,3.1500000000000057,4.800000000000011,3.49857142857143,9436130.8,Sell
215,2023-05-19T00:00:00+05:30,176.74,178.13,174.0,175.28,10071694,2.0718430110832857,179.42954922873074,177.7721604607906,1.657388767940148,2.697371440016057,4.1299999999999955,1.3899999999999864,2.740000000000009,4.1299999999999955,3.5342857142857156,9574278.0,Sell
216,2023-05-22T00:00:00+05:30,176.03,179.25,174.49,175.76,12566129,1.9811881928978365,178.86500319354138,177.62311153776906,1.2418916557723207,2.4062754831673097,4.759999999999991,3.969999999999999,0.789999999999992,4.759999999999991,3.665714285714285,9951051.95,Sell
217,2023-05-23T00:00:00+05:30,175.54,177.41,175.01,175.58,12458561,1.9145253563712388,178.35961808684272,177.47176994237876,0.887848144463959,2.1025900154266397,2.4000000000000057,1.6500000000000057,0.75,2.4000000000000057,3.665714285714285,10287726.6,Sell
218,2023-05-24T00:00:00+05:30,178.35,178.39,176.14,176.85,8877972,1.8235074162916594,178.12736915040537,177.42571290960996,0.7016562407954154,1.822403260500395,2.25,2.809999999999974,0.5599999999999739,2.809999999999974,3.557857142857141,10314690.0,Sell
219,2023-05-25T00:00:00+05:30,178.28,180.23,177.23,178.46,12502748,1.8099128693422968,178.1785431272661,177.50232676815736,0.6762163591087358,1.5931658802220632,3.0,3.3799999999999955,0.37999999999999545,3.3799999999999955,3.6221428571428556,10260776.5,Sell
220,2023-05-26T00:00:00+05:30,178.39,178.43,176.1,177.98,6811801,1.7931727417484926,178.14799803076363,177.53770997051606,0.6102880602475693,1.3965903162271645,2.3300000000000125,0.030000000000001137,2.3600000000000136,2.3600000000000136,3.512142857142856,10111643.7,Sell
221,2023-05-29T00:00:00+05:30,178.65,178.76,175.58,175.88,13638297,1.8685494943196923,177.7990752568,177.41491663936674,0.38415861743325763,1.1941039764683832,3.1799999999999784,0.7800000000000011,2.3999999999999773,3.1799999999999784,3.5142857142857116,10264284.15,Sell
222,2023-05-30T00:00:00+05:30,176.93,176.93,175.28,176.33,9469926,1.9107107062239317,177.57306367883078,177.3345524438581,0.238511234972691,1.0029854281692447,1.6500000000000057,1.0500000000000114,0.5999999999999943,1.6500000000000057,3.3885714285714266,10401135.05,No Signal
223,2023-05-31T00:00:00+05:30,176.25,176.4,172.5,175.39,48104157,1.9905317194005734,177.23720772824143,177.19051152209082,0.04669620615061376,0.8117275837655186,3.9000000000000057,0.06999999999999318,3.8300000000000125,3.9000000000000057,3.52785714285714,12566882.05,Sell
224,2023-06-01T00:00:00+05:30,174.71,175.58,172.54,174.75,8804790,2.0806450752353616,176.85456038543506,177.00973289082484,-0.15517250538977123,0.6183475659344606,3.0400000000000205,0.19000000000002615,2.8499999999999943,3.0400000000000205,3.2921428571428573,12547632.35,No Signal
225,2023-06-02T00:00:00+05:30,175.5,176.33,174.83,175.95,6617781,2.089284214859098,176.71539724921428,176.93123415817115,-0.21583690895687369,0.4515106709561938,1.5,1.5800000000000125,0.0800000000000125,1.5800000000000125,3.195714285714286,12683699.35,No Signal
226,2023-06-05T00:00:00+05:30,177.34,178.5,176.1,176.7,27428302,1.9966900171667121,176.71302844164285,176.91410570201032,-0.20107726036746953,0.32099308469146115,2.4000000000000057,2.5500000000000114,0.15000000000000568,2.5500000000000114,3.134285714285716,13617198.4,No Signal
227,2023-06-06T00:00:00+05:30,177.34,177.75,175.84,176.48,6898604,1.9374639897344972,176.67717791215932,176.88194972408363,-0.20477181192430294,0.21584010536830833,1.9099999999999966,1.0500000000000114,0.8599999999999852,1.9099999999999966,3.0321428571428584,13503781.55,No Signal
228,2023-06-07T00:00:00+05:30,177.53,180.04,177.11,179.4,11153572,1.639874934256504,177.09607361798098,177.06847196674408,0.02760165123689262,0.1781924145420252,2.9299999999999784,3.5600000000000023,0.6300000000000239,3.5600000000000023,2.943571428571429,13576989.7,No Signal
229,2023-06-08T00:00:00+05:30,179.44,184.09,179.44,181.24,19300834,1.2749612979783735,177.73360075367623,177.37747404328155,0.35612671039467614,0.2137792737125554,4.650000000000006,4.689999999999998,0.03999999999999204,4.689999999999998,2.9835714285714294,13911195.1,No Signal
230,2023-06-09T00:00:00+05:30,182.66,184.13,181.35,183.68,11037141,1.392817490886332,178.6484314069568,177.8443278178533,0.8041035891035051,0.33184413679074537,2.780000000000001,2.8899999999999864,0.10999999999998522,2.8899999999999864,2.8500000000000005,13770361.75,No Signal
231,2023-06-12T00:00:00+05:30,183.75,184.84,180.9,181.24,8188909,1.3538892667055211,179.04713426742498,178.0958590906049,0.9512751768200758,0.45573034479661145,3.9399999999999977,1.1599999999999966,2.780000000000001,3.9399999999999977,2.96,13570419.0,No Signal
232,2023-06-13T00:00:00+05:30,181.5,182.59,181.09,181.69,6443218,1.3990975463835587,179.45372899551344,178.3620917505601,1.091637244953347,0.5829117248279586,1.5,1.3499999999999943,0.15000000000000568,1.5,2.8664285714285733,13321654.45,No Signal
233,2023-06-14T00:00:00+05:30,181.58,185.4,181.58,184.88,10297426,1.6199200210728002,180.2885399192806,178.8448997690371,1.443640150243482,0.7550574099110633,3.819999999999993,3.710000000000008,0.10999999999998522,3.819999999999993,2.8978571428571445,13258479.3,No Signal
234,2023-06-15T00:00:00+05:30,185.21,185.21,182.85,184.84,9732749,1.8076949001139986,180.98876454708358,179.28898126762695,1.699783279456625,0.9440025838201757,2.3600000000000136,0.3300000000000125,2.030000000000001,2.3600000000000136,2.8978571428571445,13020230.55,No Signal
235,2023-06-16T00:00:00+05:30,184.8,185.51,183.38,184.84,9702361,1.9185928827039254,181.58126230907072,179.70016784039532,1.8810944686753999,1.1314209607912205,2.1299999999999955,0.6699999999999875,1.460000000000008,2.1299999999999955,2.8228571428571456,13001763.9,No Signal
236,2023-06-19T00:00:00+05:30,184.84,186.23,181.8,182.33,10431648,1.9441889981924438,181.69645272305985,179.89497022258826,1.801482500471593,1.2654332687272951,4.429999999999978,1.3899999999999864,3.039999999999992,4.429999999999978,3.0214285714285722,12895039.85,No Signal
237,2023-06-20T00:00:00+05:30,182.89,187.28,182.81,186.56,13426365,2.032757584465151,182.44469076566602,180.38867613202618,2.0560146336398475,1.4235495417098056,4.469999999999999,4.949999999999989,0.47999999999998977,4.949999999999989,3.096428571428571,12943430.05,No Signal
238,2023-06-21T00:00:00+05:30,186.6,194.29,186.56,193.65,31172093,2.4939101798638634,184.1685844940251,181.37099641854275,2.7975880754823663,1.698357248464318,7.72999999999999,7.72999999999999,0.0,7.72999999999999,3.431428571428569,14058136.1,Buy
239,2023-06-22T00:00:00+05:30,193.5,193.5,189.53,190.16,7430965,2.7585006406797974,185.09034072571356,182.0220337208729,3.068307004840648,1.972347199739584,3.969999999999999,0.15000000000000568,4.1200000000000045,4.1200000000000045,3.61285714285714,13804546.95,Buy
240,2023-06-23T00:00:00+05:30,190.2,190.99,187.16,187.58,5593393,2.8644990254442133,185.47336522944994,182.4337349267342,3.03963030271575,2.1858038203348173,3.8300000000000125,0.8300000000000125,3.0,3.8300000000000125,3.704285714285711,13743626.55,Buy
241,2023-06-26T00:00:00+05:30,187.5,187.69,185.36,186.38,7305362,2.837836139566421,185.61284750184225,182.7260508580872,2.886796643755048,2.3260023850188634,2.329999999999984,0.10999999999998522,2.219999999999999,2.329999999999984,3.7342857142857104,13426979.8,Buy
242,2023-06-27T00:00:00+05:30,186.08,187.54,185.74,187.16,11142908,2.7837020545407274,185.8508709630973,183.05449153526592,2.7963794278313685,2.4200777935813647,1.799999999999983,1.1599999999999966,0.6399999999999864,1.799999999999983,3.608571428571423,13510628.9,Buy
243,2023-06-28T00:00:00+05:30,188.1,189.38,184.84,187.61,17808717,2.67305594844933,186.12150619954386,183.3919366067277,2.729569592816148,2.4819761534283216,4.539999999999992,2.219999999999999,2.319999999999993,4.539999999999992,3.597857142857137,11995856.9,Buy
244,2023-06-30T00:00:00+05:30,192.38,194.78,188.4,191.36,17659980,2.5545923537393396,186.92742832269096,183.98216352474788,2.945264797943082,2.5746338823312738,6.3799999999999955,7.1699999999999875,0.789999999999992,7.1699999999999875,3.9035714285714227,12438616.4,Buy
245,2023-07-03T00:00:00+05:30,190.91,191.21,187.13,187.88,12467240,2.419860055708006,187.07397781150775,184.27089215254432,2.8030856589634254,2.6203242376577043,4.0800000000000125,0.15000000000000568,4.230000000000018,4.230000000000018,3.92428571428571,12731089.35,Buy
246,2023-07-04T00:00:00+05:30,189.38,189.38,186.9,187.2,8637968,2.218566677828849,187.09336584050655,184.4878631042077,2.6055027362988596,2.6173599373859355,2.4799999999999898,1.5,0.9799999999999898,2.4799999999999898,3.9942857142857093,11791572.65,Sell
247,2023-07-05T00:00:00+05:30,187.28,190.46,187.13,189.94,5340908,1.9557521539335223,187.5313095573517,184.8917250964886,2.639584460863091,2.621804842081367,3.3300000000000125,3.2600000000000193,0.06999999999999318,3.3300000000000125,3.9592857142857105,11713687.85,Buy
248,2023-07-06T00:00:00+05:30,194.96,197.7,190.8,197.03,16705046,2.1004490194647603,188.99264654852837,185.7908565708228,3.201789977705573,2.7378018692062085,6.899999999999977,7.759999999999991,0.8600000000000136,7.759999999999991,4.344999999999994,11991261.55,Buy
249,2023-07-07T00:00:00+05:30,196.91,196.91,191.03,191.59,13149184,2.1110107649152465,189.3922393872163,186.22042275076186,3.1718166364544516,2.824604822655857,5.8799999999999955,0.12000000000000455,6.0,6.0,4.621428571428567,11683679.05,Buy
250,2023-07-10T00:00:00+05:30,191.59,192.3,186.38,187.5,15319048,2.1064772022288825,189.10112563533687,186.31520625070542,2.7859193846314554,2.8168677350509768,5.920000000000016,0.710000000000008,5.210000000000008,5.920000000000016,4.7278571428571405,11897774.4,Sell
251,2023-07-11T00:00:00+05:30,189.0,191.55,187.54,190.13,7486045,1.9415408840176902,189.2594139991312,186.59778356546798,2.6616304336632197,2.7858202747734255,4.010000000000019,4.050000000000011,0.03999999999999204,4.050000000000011,4.663571428571428,11862631.2,Sell
252,2023-07-12T00:00:00+05:30,190.5,191.06,188.36,189.04,9390877,1.7887325305674633,189.22565799926485,186.7786884865444,2.446969512720443,2.718050122362829,2.6999999999999886,0.9300000000000068,1.7699999999999818,2.6999999999999886,4.304285714285713,12010014.15,Sell
253,2023-07-13T00:00:00+05:30,188.81,189.15,181.28,182.33,30591450,1.9544904594695574,188.1647875378395,186.44915600605964,1.7156315317798487,2.517566404246233,7.8700000000000045,0.11000000000001364,7.759999999999991,7.8700000000000045,4.572142857142857,13024715.35,Sell
254,2023-07-14T00:00:00+05:30,182.25,183.3,177.53,180.04,72085832,2.1921725548633786,186.91482022432572,185.9744037093145,0.9404165150112362,2.2021364263992336,5.77000000000001,0.9699999999999989,4.800000000000011,5.77000000000001,4.7107142857142845,16142369.5,Sell
255,2023-07-17T00:00:00+05:30,181.88,183.71,179.4,180.75,11474161,2.3328981947530214,185.96638634366022,185.58741084195785,0.3789755017023708,1.837504241459861,4.310000000000002,3.670000000000016,0.6399999999999864,4.310000000000002,4.852142857142858,16230959.5,Sell
256,2023-07-18T00:00:00+05:30,180.75,182.78,179.7,180.86,14940593,2.3933462576442075,185.18078844463557,185.23723226107208,-0.05644381643651286,1.4587146298805864,3.0800000000000125,2.030000000000001,1.0500000000000114,3.0800000000000125,4.943571428571431,16456406.75,Sell
257,2023-07-19T00:00:00+05:30,180.75,184.65,180.41,182.44,22954874,2.457180462855644,184.7591286839224,185.03002987136304,-0.27090118744064284,1.1127914664163405,4.240000000000009,3.789999999999992,0.45000000000001705,4.240000000000009,4.922142857142861,16932832.2,Sell
258,2023-07-20T00:00:00+05:30,182.96,184.39,181.73,183.19,10249082,2.3687729266305664,184.51772427101125,184.8937313623732,-0.37600709136194155,0.8150317548606841,2.6599999999999966,1.9499999999999886,0.710000000000008,2.6599999999999966,4.600000000000004,15886681.65,Sell
259,2023-07-21T00:00:00+05:30,182.44,184.73,181.65,183.08,18466409,2.3800957631962607,184.2965359216249,184.7593808910863,-0.4628449694614005,0.5594564099962672,3.079999999999984,1.539999999999992,1.539999999999992,3.079999999999984,4.517857142857145,16438453.85,Sell
260,2023-07-24T00:00:00+05:30,183.04,186.11,182.14,185.59,14825562,2.3481620833722316,184.49553039522107,184.8209082324873,-0.32537783726624525,0.38248956054376476,3.9700000000000273,3.030000000000001,0.9400000000000261,3.9700000000000273,4.624285714285719,16900062.3,Sell
261,2023-07-25T00:00:00+05:30,186.71,188.63,186.11,188.36,10500017,2.323328154783339,185.0900641805717,185.083063178229,0.007001002342690299,0.30739184890354987,2.519999999999982,3.039999999999992,0.5200000000000102,3.039999999999992,4.603571428571432,17059795.05,Sell
262,2023-07-26T00:00:00+05:30,190.43,191.74,187.5,188.25,12898172,2.3318039109801356,185.57620815279142,185.31765109095278,0.25855706183864413,0.29762489149056875,4.240000000000009,3.3799999999999955,0.8600000000000136,4.240000000000009,4.352142857142861,17147558.25,No Signal
263,2023-07-27T00:00:00+05:30,189.0,190.05,187.28,188.03,10836773,2.3374790106590195,185.95371459082352,185.51856582495628,0.4351487658672397,0.32512966636590296,2.7700000000000102,1.8000000000000114,0.9699999999999989,2.7700000000000102,4.121428571428576,16798961.05,No Signal
264,2023-07-28T00:00:00+05:30,188.85,195.86,187.58,193.65,17518458,2.3492221880469955,187.1377584999276,186.12089428236692,1.0168642175606806,0.4634765766048585,8.280000000000001,7.8300000000000125,0.44999999999998863,8.280000000000001,4.2900000000000045,16791884.95,No Signal
265,2023-07-31T00:00:00+05:30,196.5,200.25,194.36,199.54,24269734,2.687841035821815,189.0457956537849,187.1149021133027,1.9308935404822023,0.7569599693803274,5.889999999999986,6.599999999999994,0.710000000000008,6.599999999999994,4.4721428571428605,17382009.65,No Signal
266,2023-08-01T00:00:00+05:30,196.5,196.5,187.88,188.85,31395702,2.8447578811766863,189.0156732455103,187.24342788268768,1.7722453628226162,0.9600170480687853,8.620000000000005,3.039999999999992,11.659999999999997,11.659999999999997,5.112142857142861,18519896.35,Buy
267,2023-08-02T00:00:00+05:30,189.68,190.35,184.95,186.41,20825405,2.867976507149803,188.61480043850872,187.18169248397007,1.4331079545386558,1.0546352293627594,5.400000000000006,1.5,3.9000000000000057,5.400000000000006,4.9357142857142895,19294121.2,Buy
268,2023-08-03T00:00:00+05:30,186.75,187.95,184.58,186.53,10882020,2.592039707044032,188.29406190950738,187.13341896663894,1.160642942868435,1.0758367720638946,3.369999999999976,1.539999999999992,1.829999999999984,3.369999999999976,4.764285714285715,19002969.9,Buy
269,2023-08-04T00:00:00+05:30,186.0,186.79,184.95,185.51,7406390,2.53781935613906,187.8657446926601,187.01316570985088,0.8525789828092059,1.031185214212957,1.8400000000000034,0.2599999999999909,1.5800000000000125,1.8400000000000034,4.587857142857144,18715830.2,No Signal
270,2023-08-07T00:00:00+05:30,186.6,186.71,184.5,185.96,6345966,2.5292282100986627,187.5725532014816,186.9351534350471,0.6373997664344984,0.9524281246572652,2.210000000000008,1.200000000000017,1.009999999999991,2.210000000000008,4.525714285714287,18267176.1,No Signal
271,2023-08-08T00:00:00+05:30,183.94,183.94,180.49,181.13,15171726,2.6282843959572544,186.58139117048444,186.50514206948807,0.07624910099636395,0.777192319925085,3.4499999999999886,2.0200000000000102,5.469999999999999,5.469999999999999,4.613571428571428,18651460.15,No Signal
272,2023-08-09T00:00:00+05:30,182.25,182.63,179.81,180.26,18442141,2.699948797672784,185.60886945194838,186.0425389532297,-0.4336695012813152,0.535019955683805,2.819999999999993,1.5,1.3199999999999932,2.819999999999993,4.625,19104023.35,No Signal
273,2023-08-10T00:00:00+05:30,180.41,181.99,180.04,181.35,9962450,2.705103067647316,184.95365876703323,185.69494347521268,-0.7412847081794496,0.2797590229111541,1.950000000000017,1.7300000000000182,0.21999999999999886,1.950000000000017,4.544285714285716,18072573.35,No Signal
274,2023-08-11T00:00:00+05:30,184.13,184.69,182.1,183.23,23866073,2.60283487775266,184.68848049518198,185.51235506964136,-0.8238745744593814,0.05903230343704702,2.5900000000000034,3.3400000000000034,0.75,3.3400000000000034,4.4992857142857146,15661585.4,No Signal
275,2023-08-14T00:00:00+05:30,183.64,183.98,180.56,183.38,9188486,2.542292024724792,184.48717580361551,185.35440284226053,-0.8672270386450123,-0.12621956497936485,3.4199999999999875,0.75,2.6699999999999875,3.4199999999999875,4.526428571428572,15547301.65,No Signal
276,2023-08-16T00:00:00+05:30,183.45,186.49,182.29,186.04,9191472,2.4274008685973434,184.7260718338285,185.4051878169079,-0.6791159830793845,-0.23679884859936878,4.200000000000017,3.1100000000000136,1.0900000000000034,4.200000000000017,4.5235714285714295,15259845.6,No Signal
277,2023-08-17T00:00:00+05:30,186.04,186.6,181.65,182.78,15301142,2.4632315459283363,184.42667616708567,185.2107294600999,-0.7840532930142388,-0.3462497374823428,4.949999999999989,0.5600000000000023,4.389999999999986,4.949999999999989,4.679285714285713,14877159.0,Sell
278,2023-08-18T00:00:00+05:30,182.74,182.74,180.08,180.75,12292241,2.5536232270164194,183.8610336798417,184.88030505564808,-1.019271375806369,-0.480854065147148,2.6599999999999966,0.03999999999999204,2.6999999999999886,2.6999999999999886,4.280714285714284,14979316.95,No Signal
279,2023-08-21T00:00:00+05:30,181.73,185.78,181.28,185.4,9129526,2.4644501950240785,184.09779772909684,184.91880097745192,-0.8210032483550833,-0.5488839017887351,4.5,5.030000000000001,0.5300000000000011,5.030000000000001,4.168571428571427,14512472.8,No Signal
280,2023-08-22T00:00:00+05:30,186.0,187.61,185.03,185.85,11107830,2.4579406773275005,184.3673673092358,184.98777868282585,-0.6204113735900592,-0.563189396149,2.5800000000000125,2.210000000000008,0.37000000000000455,2.5800000000000125,3.52,14326586.2,No Signal
281,2023-08-23T00:00:00+05:30,187.5,187.5,185.4,187.2,8487620,2.4277176662186557,184.80315695396874,185.15164692854245,-0.34848997457370956,-0.520249511833942,2.0999999999999943,1.6500000000000057,0.44999999999998863,2.0999999999999943,3.2842857142857134,14225966.35,No Signal
282,2023-08-24T00:00:00+05:30,187.5,189.49,184.35,184.73,18982088,2.4475011737669816,184.79190203797356,185.1204138227245,-0.3285117847509298,-0.48190196641733957,5.140000000000015,2.2900000000000205,2.8499999999999943,5.140000000000015,3.410714285714288,14530162.15,No Signal
283,2023-08-25T00:00:00+05:30,184.61,185.55,181.05,181.5,12851344,2.52850064170453,184.285455570593,184.8522350210412,-0.5667794504481947,-0.4988774632235106,4.5,0.8200000000000216,3.6799999999999784,4.5,3.6007142857142873,14630890.7,No Signal
284,2023-08-28T00:00:00+05:30,182.25,186.75,181.91,186.38,11908665,2.2424913499386228,184.60769317511716,184.96540279726037,-0.35770962214320434,-0.4706438950074494,4.840000000000003,5.25,0.4099999999999966,5.25,3.817857142857144,14350401.05,No Signal
285,2023-08-29T00:00:00+05:30,187.2,189.75,186.45,188.36,12363321,1.381417319528658,185.18497114817606,185.21685444190774,-0.031883293731681306,-0.3828917747522958,3.3000000000000114,3.3700000000000045,0.06999999999999318,3.3700000000000045,3.6678571428571445,13755080.4,No Signal
286,2023-08-30T00:00:00+05:30,188.48,188.7,184.84,185.33,6748008,1.3003688419966781,185.2072832792259,185.22523559435902,-0.01795231513312956,-0.3099038828284626,3.859999999999985,0.339999999999975,3.5200000000000102,3.859999999999985,3.7421428571428583,12522695.7,No Signal
287,2023-08-31T00:00:00+05:30,185.89,187.2,182.66,183.41,20715820,1.2930606900415855,184.93077815934498,185.09077369848058,-0.1599955391355934,-0.27992221408988877,4.539999999999992,1.8699999999999761,2.670000000000016,4.539999999999992,3.9271428571428566,12517216.45,No Signal
288,2023-09-01T00:00:00+05:30,185.25,189.45,183.9,189.15,13120724,1.3577341580707538,185.57988921175345,185.39145712822275,0.1884320835306994,-0.18625135456577113,5.549999999999983,6.039999999999992,0.4900000000000091,6.039999999999992,4.119999999999998,12629151.65,No Signal
289,2023-09-04T00:00:00+05:30,190.2,192.38,188.1,191.55,10240032,1.5778524532541738,186.4983677945606,185.84764548909513,0.6507223054654787,-0.018856622559521172,4.280000000000001,3.2299999999999898,1.0500000000000114,4.280000000000001,4.181428571428571,12770833.75,Buy
290,2023-09-05T00:00:00+05:30,191.48,192.75,189.75,190.73,10893186,1.7319082872288611,187.14938813385896,186.2093013787918,0.9400867550671705,0.17293205296581718,3.0,1.1999999999999886,1.8000000000000114,3.0,4.095714285714284,12998194.75,Buy
291,2023-09-06T00:00:00+05:30,192.53,192.94,189.11,190.88,10018473,1.7972785667835909,187.72332842095759,186.55527905443685,1.1680493665207337,0.37195551567680046,3.829999999999984,2.210000000000008,1.6199999999999761,3.829999999999984,4.015714285714283,12740532.1,No Signal
292,2023-09-07T00:00:00+05:30,190.5,193.28,189.11,192.75,13760453,1.8557401366599502,188.49666251004103,187.0141472726267,1.4825152374143329,0.594067460024307,4.1699999999999875,2.4000000000000057,1.7699999999999818,4.1699999999999875,4.120714285714284,12506447.7,Buy
293,2023-09-08T00:00:00+05:30,193.69,195.98,192.83,193.99,16781752,1.9660493227951648,189.3417913546501,187.53087710428397,1.8109142503661246,0.8374368180926706,3.1499999999999773,3.2299999999999898,0.0800000000000125,3.2299999999999898,3.9921428571428543,12847412.8,No Signal
294,2023-09-11T00:00:00+05:30,195.26,198.75,193.2,198.38,17683806,2.284400761405225,190.73228499239625,188.3345158373,2.397769155096256,1.1495032854933878,5.550000000000011,4.759999999999991,0.7900000000000205,5.550000000000011,4.204285714285711,12538299.45,Buy
295,2023-09-12T00:00:00+05:30,203.0,204.25,190.65,191.3,29826173,2.3552029193431383,190.81962576279682,188.55418133083333,2.2654444319634877,1.372691514787408,13.599999999999994,5.8700000000000045,7.72999999999999,13.599999999999994,5.025714285714282,13570183.8,Buy
296,2023-09-13T00:00:00+05:30,193.2,194.6,191.3,193.2,10692151,2.4010661354528224,191.185837183905,188.8983160470679,2.2875211368370856,1.5556574391973435,3.299999999999983,3.299999999999983,0.0,3.299999999999983,4.894285714285709,13645217.75,Buy
297,2023-09-14T00:00:00+05:30,194.2,195.65,193.7,195.15,10941807,2.410975152406762,191.79570838638114,189.3614037472851,2.434304639096041,1.731386879177083,1.950000000000017,2.450000000000017,0.5,2.450000000000017,4.747857142857138,13427251.0,Buy
298,2023-09-15T00:00:00+05:30,196.15,196.2,192.2,194.1,20516593,2.2888178140408204,192.15021478847635,189.71241087711581,2.4378039113605325,1.872670285613773,4.0,1.049999999999983,2.950000000000017,4.0,4.658571428571425,13838468.6,Buy
299,2023-09-18T00:00:00+05:30,195.25,200.5,194.1,200.1,25627043,2.4608827929914803,193.37325866717228,190.4818619232554,2.8913967439168857,2.0764155772743957,6.400000000000006,6.400000000000006,0.0,6.400000000000006,4.874999999999996,14663344.45,Buy
300,2023-09-20T00:00:00+05:30,198.7,205.95,198.45,204.65,33369524,2.8200713709585945,195.1081419491458,191.53135363264389,3.5767883165019043,2.3764901251198975,7.5,5.849999999999994,1.6500000000000057,7.5,5.134999999999997,15776429.15,Buy
301,2023-09-21T00:00:00+05:30,205.0,205.55,200.4,201.6,20332556,3.045666639969535,196.1068893415849,192.27717928948508,3.829710052099813,2.667134110515881,5.150000000000006,0.9000000000000057,4.25,5.150000000000006,5.178571428571426,16368675.95,Buy
302,2023-09-22T00:00:00+05:30,200.55,202.9,196.4,199.15,21193988,3.0655513202995666,196.5750602121103,192.78627711989358,3.788783092216704,2.8914639068560457,6.5,1.3000000000000114,5.199999999999989,6.5,5.21142857142857,16479270.95,Buy
303,2023-09-25T00:00:00+05:30,200.0,200.65,196.7,198.9,11951847,2.8489620100626842,196.932743256401,193.23914548138293,3.693597775018077,3.051890680488452,3.950000000000017,1.5,2.450000000000017,3.950000000000017,5.187857142857142,16434296.1,Buy
304,2023-09-26T00:00:00+05:30,199.1,200.05,197.6,198.35,7440011,2.7780164344984737,197.15078275541623,193.61772729757678,3.5330554578394526,3.1481236359586524,2.450000000000017,1.1500000000000057,1.3000000000000114,2.450000000000017,5.1485714285714295,16210863.4,Buy
305,2023-09-27T00:00:00+05:30,199.3,199.6,197.3,199.35,6736870,2.739153780516712,197.48912386996759,194.04234009034886,3.446783779618727,3.2078556646906677,2.299999999999983,1.25,1.049999999999983,2.299999999999983,5.0392857142857155,15929540.85,Buy
306,2023-09-28T00:00:00+05:30,200.1,204.45,197.8,200.75,50185120,2.5719060897101826,197.9907971207418,194.53920378736007,3.4515933333817372,3.256603198428882,6.649999999999977,5.099999999999994,1.549999999999983,6.649999999999977,5.216428571428572,18101396.45,Buy
307,2023-09-29T00:00:00+05:30,200.95,201.9,199.1,199.75,16293959,2.206888645656958,198.26144371755075,194.92518869200006,3.3362550255506846,3.272533563853243,2.8000000000000114,1.1500000000000057,1.6500000000000057,2.8000000000000114,5.185714285714288,17880303.4,Buy
308,2023-10-03T00:00:00+05:30,198.75,200.0,196.9,199.55,10830728,2.07438378191852,198.45968314561986,195.26776730740747,3.1919158382123953,3.2564100187250737,3.0999999999999943,0.25,2.8499999999999943,3.0999999999999943,5.010714285714286,17765803.6,Sell
309,2023-10-04T00:00:00+05:30,198.9,199.4,195.4,199.0,14120040,2.0015074181645893,198.5428088155245,195.54422898834025,2.998579827184244,3.204843980416908,4.0,0.15000000000000568,4.150000000000006,4.150000000000006,4.335714285714287,17959804.0,No Signal
310,2023-10-05T00:00:00+05:30,199.5,199.5,195.35,196.6,14575590,1.8801077736440326,198.24391515159763,195.6224342484632,2.621480903134426,3.0881713649604117,4.150000000000006,0.5,3.6500000000000057,4.150000000000006,4.396428571428574,18143924.2,No Signal
311,2023-10-06T00:00:00+05:30,197.0,197.45,194.85,197.05,12857229,1.7095320093107749,198.0602358975057,195.72817985968817,2.332056037817523,2.936948299531834,2.5999999999999943,0.8499999999999943,1.75,2.5999999999999943,4.407142857142858,18285862.0,No Signal
312,2023-10-09T00:00:00+05:30,196.5,196.9,193.75,196.25,7853369,1.6227984901810377,197.7817380671202,195.76683320341496,2.014904863705226,2.7525396123665127,3.1500000000000057,0.15000000000000568,3.3000000000000114,3.3000000000000114,4.357142857142859,17990507.8,No Signal
313,2023-10-10T00:00:00+05:30,196.25,198.55,195.7,197.95,7440527,1.541754171970579,197.80762451833246,195.92854926242126,1.8790752559112036,2.577846741075451,2.8500000000000227,2.3000000000000114,0.5500000000000114,2.8500000000000227,4.103571428571432,17523446.55,No Signal
314,2023-10-11T00:00:00+05:30,197.35,199.15,197.35,198.5,10031916,1.5378789477756294,197.9141438232044,196.1190270948345,1.7951167283698908,2.421300738534339,1.8000000000000114,1.200000000000017,0.5999999999999943,1.8000000000000114,3.6964285714285756,17140852.05,No Signal
315,2023-10-12T00:00:00+05:30,197.35,202.0,197.35,200.75,21872719,1.3233007342607974,198.35042938886525,196.46206212484677,1.888367264018484,2.3147140436311684,4.650000000000006,3.5,1.1500000000000057,4.650000000000006,3.6607142857142896,16743179.35,No Signal
316,2023-10-13T00:00:00+05:30,200.45,202.4,199.3,201.8,13105921,1.206266503193076,198.88113255980906,196.85746493041367,2.0236676293953906,2.2565047607840127,3.0999999999999943,1.6500000000000057,1.4499999999999886,3.0999999999999943,3.4178571428571467,16863867.85,No Signal
317,2023-10-16T00:00:00+05:30,200.3,203.85,200.1,203.05,18336656,1.193571420933395,199.5224967813769,197.3161712318645,2.2063255495123997,2.24646891852969,3.75,2.049999999999983,1.700000000000017,3.75,3.403571428571431,17233610.3,No Signal
318,2023-10-17T00:00:00+05:30,203.55,209.0,202.6,207.15,19378328,1.2920113454105369,200.69595881501124,198.04460299246713,2.6513558225441045,2.327446299332573,6.400000000000006,5.949999999999989,0.45000000000001705,6.400000000000006,3.6857142857142873,17176697.05,No Signal
319,2023-10-18T00:00:00+05:30,208.45,208.45,204.0,206.5,14923328,1.4744209946533187,201.58888822808643,198.67092869672882,2.91795953135761,2.4455489457375807,4.449999999999989,1.299999999999983,3.1500000000000057,4.449999999999989,3.839285714285716,16641511.3,No Signal
320,2023-10-19T00:00:00+05:30,204.0,207.4,202.2,205.8,13192888,1.525694515940726,202.2367515776116,199.1990080525267,3.0377435250849203,2.563987861607049,5.200000000000017,0.9000000000000057,4.300000000000011,5.200000000000017,3.7357142857142907,15632679.5,No Signal
321,2023-10-20T00:00:00+05:30,205.2,205.2,200.9,202.85,22081120,1.5664029033098739,202.3310974887483,199.46945190048768,2.8616455882606147,2.623519406937762,4.299999999999983,0.6000000000000227,4.900000000000006,4.900000000000006,3.88571428571429,15720107.7,No Signal
322,2023-10-23T00:00:00+05:30,202.0,205.15,199.0,199.75,6988219,1.5856419333323855,201.9340055674024,199.4902332411923,2.4437723262101088,2.5875699907922316,6.150000000000006,2.3000000000000114,3.8499999999999943,6.150000000000006,4.103571428571434,15009819.25,No Signal
323,2023-10-25T00:00:00+05:30,199.0,200.45,197.8,199.5,16817158,1.5811312506002324,201.55954317241742,199.49095670480767,2.068586467609748,2.483773286155735,2.6499999999999773,0.6999999999999886,1.9499999999999886,2.6499999999999773,3.9964285714285745,15253084.8,No Signal
324,2023-10-26T00:00:00+05:30,198.75,200.0,196.3,198.95,11070090,1.5760263635624816,201.1580749920455,199.45088583778488,1.7071891542606181,2.3284564597767115,3.6999999999999886,0.5,3.1999999999999886,3.6999999999999886,3.964285714285716,15434588.75,No Signal
325,2023-10-27T00:00:00+05:30,199.25,201.8,199.15,200.95,9995487,1.5545494715553811,201.12606345480773,199.5619313312823,1.5641321235254395,2.175591592526457,2.6500000000000057,2.8500000000000227,0.20000000000001705,2.8500000000000227,3.982142857142861,15597519.6,No Signal
326,2023-10-30T00:00:00+05:30,200.95,202.2,197.65,200.85,7679981,1.5554702478978413,201.08359215406807,199.6573438252614,1.426248328806679,2.0257229397825016,4.549999999999983,1.25,3.299999999999983,4.549999999999983,4.071428571428574,13472262.65,Sell
327,2023-10-31T00:00:00+05:30,201.5,202.95,200.55,202.15,7474770,1.5507085819873887,201.24765489959606,199.84198502339018,1.4056698762058772,1.9017123270671767,2.3999999999999773,2.0999999999999943,0.29999999999998295,2.3999999999999773,4.039285714285713,13031303.2,Sell
328,2023-11-01T00:00:00+05:30,202.35,202.35,200.5,200.95,5598615,1.5537275947479416,201.20186183811973,199.92406020684277,1.277801631276958,1.776930187909133,1.8499999999999943,0.19999999999998863,1.6500000000000057,1.8499999999999943,4.04285714285714,12769697.55,Sell
329,2023-11-02T00:00:00+05:30,201.75,203.65,200.9,203.1,12924797,1.5416974684738296,201.4938830937936,200.1593150063359,1.3345680874577113,1.6884577678188488,2.75,2.700000000000017,0.04999999999998295,2.75,3.9071428571428544,12709935.4,No Signal
330,2023-11-03T00:00:00+05:30,203.4,206.5,203.1,204.4,8684015,1.4851564451796808,201.94097800244074,200.4734398206814,1.4675381817593518,1.6442738506069494,3.4000000000000057,3.4000000000000057,0.0,3.4000000000000057,3.9285714285714266,12415356.65,Sell
331,2023-11-06T00:00:00+05:30,205.0,208.95,204.95,208.2,9804415,1.5423146841313473,202.9039044636037,201.04577761174204,1.8581268518616696,1.6870444508578935,4.0,4.549999999999983,0.549999999999983,4.549999999999983,3.9857142857142827,12262715.95,Buy
332,2023-11-07T00:00:00+05:30,208.2,209.1,205.75,208.0,10730361,1.5308968205061597,203.68791916151082,201.56090519605743,2.1270139654533864,1.775038353776992,3.3499999999999943,0.9000000000000057,2.4499999999999886,3.3499999999999943,3.767857142857139,12406565.55,No Signal
333,2023-11-08T00:00:00+05:30,209.0,209.6,206.65,207.0,7435543,1.5158170983208659,204.1974700597399,201.9638011074606,2.2336689522793165,1.866764473477457,2.9499999999999886,1.5999999999999943,1.3499999999999943,2.9499999999999886,3.6607142857142816,12406316.35,No Signal
334,2023-11-09T00:00:00+05:30,207.3,210.5,206.1,209.8,13777877,1.571148628030649,205.05939774285685,202.54426028468575,2.515137458171097,1.9964390704161852,4.400000000000006,3.5,0.9000000000000057,4.400000000000006,3.6035714285714238,12593614.4,No Signal
335,2023-11-10T00:00:00+05:30,210.5,213.0,209.6,211.15,12066023,1.7194089871739315,205.99641347472502,203.18172248582013,2.8146909889048857,2.1600894541139253,3.4000000000000057,3.1999999999999886,0.20000000000001705,3.4000000000000057,3.4964285714285666,12103279.6,No Signal
336,2023-11-12T00:00:00+05:30,213.6,213.7,211.7,212.0,1008214,1.881990226869115,206.92004217092116,203.83492822761124,3.0851139433099206,2.3450943519531244,2.0,2.549999999999983,0.549999999999983,2.549999999999983,3.2392857142857077,11498394.25,No Signal
337,2023-11-13T00:00:00+05:30,212.0,215.1,210.7,212.3,11352269,2.0359629557613377,207.74772799077945,204.46197058112153,3.2857574096579185,2.5332269634940836,4.400000000000006,3.0999999999999943,1.3000000000000114,4.400000000000006,3.36428571428571,11149174.9,No Signal
338,2023-11-15T00:00:00+05:30,215.0,215.0,209.8,210.15,19182861,2.116884603967591,208.1173082998903,204.88330609363106,3.234002206259248,2.673382012047117,5.199999999999989,2.6999999999999886,2.5,5.199999999999989,3.471428571428567,11139401.55,No Signal
339,2023-11-16T00:00:00+05:30,206.7,208.85,205.7,207.2,27533260,2.153469037021091,207.97618394606104,205.05491304965838,2.9212708964026604,2.7229597889182258,3.1500000000000057,1.3000000000000114,4.450000000000017,4.450000000000017,3.585714285714281,11769898.15,No Signal
340,2023-11-17T00:00:00+05:30,207.7,210.7,206.9,209.5,16705395,2.177315987674953,208.21061718512857,205.38417874968368,2.826438435444885,2.743655518223558,3.799999999999983,3.5,0.29999999999998295,3.799999999999983,3.532142857142852,11945523.5,No Signal
341,2023-11-20T00:00:00+05:30,210.1,211.2,208.85,209.3,11156900,2.1962655387792007,208.37821454126265,205.67423958304045,2.7039749582222044,2.7357194062232875,2.3499999999999943,1.6999999999999886,0.6500000000000057,2.3499999999999943,3.528571428571425,11399312.5,No Signal
342,2023-11-21T00:00:00+05:30,210.0,210.15,207.95,208.95,9608081,2.115653146920826,208.46618153491454,205.91688850281523,2.549293032099314,2.6984341313984928,2.200000000000017,0.8499999999999943,1.3500000000000227,2.200000000000017,3.5535714285714266,11530305.6,No Signal
343,2023-11-22T00:00:00+05:30,208.2,212.6,208.2,211.6,13079580,2.021864434187048,208.94830745261999,206.33785972482892,2.610447727791069,2.680836850677008,4.400000000000006,3.6500000000000057,0.75,4.400000000000006,3.67142857142857,11343426.7,No Signal
344,2023-11-23T00:00:00+05:30,212.05,213.1,209.25,210.9,11382709,1.8690356144043523,209.24856784452462,206.67579604150825,2.5727718030163658,2.65922384114488,3.8499999999999943,1.5,2.3499999999999943,3.8499999999999943,3.703571428571426,11359057.65,No Signal
345,2023-11-24T00:00:00+05:30,211.3,212.1,209.5,210.45,7250200,1.750915063717938,209.4334035607516,206.95536670510023,2.478036855651368,2.6229864440461776,2.5999999999999943,1.1999999999999886,1.4000000000000057,2.5999999999999943,3.5642857142857127,11221793.3,No Signal
346,2023-11-28T00:00:00+05:30,214.45,214.45,209.5,210.2,15629209,1.5787499957841233,209.55134147448211,207.19570991212984,2.355631562352272,2.569515467707397,4.949999999999989,4.0,0.9499999999999886,4.949999999999989,3.6785714285714266,11619254.7,Sell
347,2023-11-29T00:00:00+05:30,210.3,211.45,209.1,211.05,10062023,1.433314279482849,209.7819043245618,207.48121288160172,2.3006914429600727,2.5157506627579322,2.3499999999999943,1.25,1.0999999999999943,2.3499999999999943,3.635714285714284,11748617.35,No Signal
348,2023-11-30T00:00:00+05:30,210.4,212.8,208.25,208.95,60354322,1.1457787036754141,209.65391904386,207.590011927409,2.0639071164509915,2.425381953496544,4.550000000000011,1.75,2.8000000000000114,4.550000000000011,3.64642857142857,14486402.7,Sell
349,2023-12-01T00:00:00+05:30,211.5,212.45,209.45,210.2,20719909,0.9133434138034364,209.73793149865077,207.78334437723055,1.954587121420218,2.3312229870812793,3.0,3.5,0.5,3.5,3.653571428571427,14876158.3,Sell
350,2023-12-04T00:00:00+05:30,211.7,214.1,211.7,212.9,27914088,0.7685082324941493,210.22440357578142,208.1623559048431,2.0620476709383126,2.277387923852686,2.4000000000000057,3.9000000000000057,1.5,3.9000000000000057,3.75,15837661.95,Sell
351,2023-12-05T00:00:00+05:30,213.7,223.25,211.55,222.3,40709207,1.419733546204499,212.08218764104583,209.20958880078066,2.8725988402651694,2.396430107135183,11.699999999999989,10.349999999999994,1.3499999999999943,11.699999999999989,4.2714285714285705,17382901.55,Buy
352,2023-12-06T00:00:00+05:30,226.0,226.25,222.5,224.4,29544730,1.9299729412847053,213.97723569626956,210.3348044451673,3.6424312511022663,2.6456303359285998,3.75,3.9499999999999886,0.19999999999998863,3.9499999999999886,4.182142857142856,18323620.0,Buy
353,2023-12-07T00:00:00+05:30,225.0,232.4,224.25,230.0,24534268,2.5454392096597194,216.44227635838195,211.79148559737712,4.650790761004828,3.0466624209438455,8.150000000000006,8.0,0.15000000000000568,8.150000000000006,4.446428571428569,19178556.25,Buy
354,2023-12-08T00:00:00+05:30,231.8,233.4,226.45,228.6,22206320,2.975837502590221,218.31269538016934,213.03656073831215,5.2761346418571975,3.492556865126516,6.950000000000017,3.4000000000000057,3.5500000000000114,6.950000000000017,4.671428571428572,19599978.4,Buy
355,2023-12-11T00:00:00+05:30,228.0,232.9,226.55,230.95,19106395,3.375212859902167,220.25689609091253,214.36348216510385,5.893413925808687,3.9727282772629504,6.349999999999994,4.300000000000011,2.049999999999983,6.349999999999994,4.957142857142857,19951997.0,Buy
356,2023-12-12T00:00:00+05:30,230.0,233.3,229.5,231.35,14355329,3.7232974395344898,221.96352746154136,215.62174274546652,6.341784716074841,4.446539565025328,3.8000000000000114,2.3500000000000227,1.4499999999999886,3.8000000000000114,5.071428571428571,20619352.75,Buy
357,2023-12-13T00:00:00+05:30,231.0,237.5,230.6,236.95,26878281,4.137490684991753,224.26913862130422,217.20161365320973,7.067524968094489,4.97073664563916,6.900000000000006,6.150000000000006,0.75,6.900000000000006,5.25,21395653.35,Buy
358,2023-12-14T00:00:00+05:30,237.25,237.6,231.1,232.1,29972018,4.411749669581369,225.47388652571897,218.30519782704604,7.1686886986729235,5.410327056245913,6.5,0.6500000000000057,5.849999999999994,6.5,5.439285714285715,21935111.2,Buy
359,2023-12-15T00:00:00+05:30,235.0,238.1,227.15,237.35,41341690,4.544921332848515,227.3009809063776,219.71592391393153,7.585056992446056,5.845273043485943,10.949999999999989,6.0,4.949999999999989,10.949999999999989,6.035714285714286,22625532.7,Buy
360,2023-12-18T00:00:00+05:30,236.9,236.9,231.45,231.85,29051897,4.686303215901231,228.0008299977041,220.61474436475143,7.386085632952671,6.153435561379289,5.450000000000017,0.44999999999998863,5.900000000000006,5.900000000000006,6.1035714285714295,23242857.8,Buy
361,2023-12-19T00:00:00+05:30,232.15,234.4,230.85,233.55,12612164,4.66731915602954,228.85454845959578,221.5729114488439,7.281637010751865,6.379075851253805,3.5500000000000114,2.5500000000000114,1.0,3.5500000000000114,6.189285714285717,23315621.0,Buy
362,2023-12-20T00:00:00+05:30,234.95,235.4,226.2,227.15,20400245,4.6360948277065726,228.5923102350426,221.98602911929993,6.606281115742661,6.424516904151576,9.200000000000017,1.8499999999999943,7.350000000000023,9.200000000000017,6.521428571428574,23855229.2,Buy
363,2023-12-21T00:00:00+05:30,224.45,233.2,222.7,232.35,17755207,4.4791928940713674,229.17041635272835,222.75373066601844,6.416685686709911,6.422950660663243,10.5,6.049999999999983,4.450000000000017,10.5,7.021428571428574,24089010.55,Sell
364,2023-12-22T00:00:00+05:30,233.0,234.2,230.5,231.75,9735375,4.358079343471073,229.56727537538552,223.4201209870541,6.1471543883314155,6.367791406196878,3.6999999999999886,1.8499999999999943,1.8499999999999943,3.6999999999999886,7.007142857142859,24006643.85,Sell
365,2023-12-26T00:00:00+05:30,232.0,235.8,231.05,233.35,6772092,4.151081754545096,230.14923300994158,224.15566758060567,5.993565429335916,6.292946210824686,4.75,4.050000000000011,0.6999999999999886,4.75,6.510714285714288,23982738.45,Sell
366,2023-12-27T00:00:00+05:30,235.0,235.85,232.5,234.05,10231881,3.891178361252709,230.7493510084121,224.8885810931534,5.8607699152587145,6.2065109517114925,3.3499999999999943,2.5,0.8499999999999943,3.3499999999999943,6.467857142857146,23712872.05,Sell
367,2023-12-28T00:00:00+05:30,235.1,239.95,234.1,239.1,39164340,3.6224767122471357,232.03406623788717,225.94127878995684,6.092787447930334,6.183766250955261,5.849999999999994,5.899999999999977,0.04999999999998295,5.899999999999977,6.307142857142858,25167987.9,Sell
368,2023-12-29T00:00:00+05:30,237.8,238.25,234.75,237.2,12665999,3.180255485120976,232.8288252782122,226.77525813884893,6.053567139363281,6.157726428636866,3.5,0.8499999999999943,4.349999999999994,4.349999999999994,6.121428571428571,22783571.75,Sell
369,2024-01-01T00:00:00+05:30,237.9,239.5,236.4,238.25,5952776,2.5928089966499845,233.66285215848725,227.6252390174527,6.037613141034541,6.1337037711164015,3.0999999999999943,2.3000000000000114,0.799999999999983,3.0999999999999943,5.889285714285713,22045215.1,Sell
370,2024-01-02T00:00:00+05:30,240.0,240.1,236.15,237.85,9128513,1.927878795073482,234.3070287494892,228.38262871986362,5.924400029625588,6.091843022818239,3.9499999999999886,1.8499999999999943,2.0999999999999943,3.9499999999999886,5.899999999999998,21105936.35,Sell
371,2024-01-03T00:00:00+05:30,236.0,238.7,234.6,237.05,8284439,1.6891358727937815,234.72902432649087,229.02465622209596,5.704368104394916,6.014348039133575,4.099999999999994,0.8499999999999943,3.25,4.099999999999994,5.699999999999997,19484697.95,No Signal
372,2024-01-04T00:00:00+05:30,238.0,243.1,237.05,241.45,19663959,1.5861224617255205,235.76302058395382,229.94505205749624,5.817968526457577,5.975072136598375,6.049999999999983,6.049999999999983,0.0,6.049999999999983,5.667857142857138,18990659.4,No Signal
373,2024-01-05T00:00:00+05:30,242.0,245.0,239.3,241.25,16345257,1.6644747980378873,236.60717126334555,230.78245560879282,5.824715654552733,5.945000840189247,5.699999999999989,3.5500000000000114,2.1499999999999773,5.699999999999989,5.292857142857138,18581208.85,No Signal
374,2024-01-08T00:00:00+05:30,242.4,245.25,240.4,242.35,13585746,1.6905079721817065,237.490683376677,231.63931074888222,5.851372627794774,5.926275197710353,4.849999999999994,4.0,0.8499999999999943,4.849999999999994,5.217857142857137,18150180.15,No Signal
375,2024-01-09T00:00:00+05:30,242.6,244.65,241.5,242.3,8688409,1.7487632401201842,238.2305782418036,232.42899143415022,5.801586807653393,5.901337519698962,3.1500000000000057,2.3000000000000114,0.8499999999999943,3.1500000000000057,5.189285714285709,17629280.85,No Signal
376,2024-01-10T00:00:00+05:30,241.0,242.1,238.0,239.15,16872195,1.7359872507008662,238.3720277430646,232.92684392050947,5.445183822555123,5.8101067802701944,4.099999999999994,0.20000000000001705,4.300000000000011,4.300000000000011,4.839285714285708,17755124.15,No Signal
377,2024-01-11T00:00:00+05:30,240.25,243.1,239.2,241.95,18812468,1.7928957272645798,238.92248501336235,233.59522585232358,5.327259161038768,5.713537256423909,3.9000000000000057,3.9499999999999886,0.04999999999998295,3.9499999999999886,4.371428571428565,17351833.5,No Signal
378,2024-01-12T00:00:00+05:30,242.5,242.65,238.8,239.5,11296498,1.7750744074183908,239.01133347284505,234.03261652992924,4.97871694291581,5.56657319372229,3.8499999999999943,0.700000000000017,3.1499999999999773,3.8499999999999943,4.382142857142851,16418057.5,No Signal
379,2024-01-15T00:00:00+05:30,240.4,241.5,237.0,241.15,12597366,1.8056229990366732,239.34035909240734,234.55983012030487,4.7805289721024735,5.409364349398326,4.5,2.0,2.5,4.5,4.364285714285708,14980841.3,No Signal
380,2024-01-16T00:00:00+05:30,241.65,242.4,237.7,239.05,7478450,1.752461597863458,239.29568846280623,234.89243529657858,4.403253166227643,5.20814211276419,4.700000000000017,1.25,3.450000000000017,4.700000000000017,4.460714285714281,13902168.95,No Signal
381,2024-01-17T00:00:00+05:30,238.5,241.2,237.7,239.2,13620300,1.7136774919691184,239.28096716083604,235.2115141634987,4.0694529973373506,4.980404289678822,3.5,2.1499999999999773,1.3500000000000227,3.5,4.289285714285711,13952575.75,No Signal
382,2024-01-18T00:00:00+05:30,227.25,235.7,226.05,233.45,25522629,1.4678885991335346,238.38389528993818,235.08103163286916,3.3028636570690253,4.644896163156863,9.649999999999977,3.5,13.149999999999977,13.149999999999977,4.917857142857138,14208694.95,No Signal
383,2024-01-19T00:00:00+05:30,235.0,236.95,232.4,235.4,20931080,1.3677226567807552,237.92483447610155,235.1046589193233,2.8201755567782527,4.279952041881141,4.549999999999983,3.5,1.049999999999983,4.549999999999983,5.021428571428566,14367488.6,No Signal
384,2024-01-20T00:00:00+05:30,238.0,240.8,236.5,237.2,6491870,1.2019142153727622,237.81332147977824,235.2598693697438,2.553452110034442,3.934652055511801,4.300000000000011,5.400000000000006,1.0999999999999943,5.400000000000006,5.124999999999996,14205313.35,No Signal
385,2024-01-23T00:00:00+05:30,241.0,246.8,236.25,237.95,27492163,1.086679656228295,237.83434894442775,235.45913830531833,2.3752106391094117,3.6227637722313233,10.550000000000011,9.600000000000023,0.9499999999999886,10.550000000000011,5.585714285714283,15241316.9,Sell
386,2024-01-24T00:00:00+05:30,236.15,247.0,235.0,246.2,28309825,1.1535472615135742,239.12137218374656,236.25475769010956,2.8666144936370017,3.4715339165124592,12.0,9.050000000000011,2.9499999999999886,12.0,6.010714285714284,16145214.1,Sell
387,2024-01-25T00:00:00+05:30,244.75,248.7,243.1,245.5,20651484,1.28457344971246,240.10269954009325,236.93959045380515,3.1631090862881024,3.409848950467588,5.599999999999994,2.5,3.0999999999999943,5.599999999999994,6.003571428571427,15219571.3,Sell
388,2024-01-29T00:00:00+05:30,245.45,255.0,245.15,253.95,26181011,1.7441531210087786,242.23305345700197,238.19962079056032,4.033432666441655,3.5345656936624015,9.849999999999994,9.5,0.3499999999999943,9.849999999999994,6.360714285714285,15895321.9,Buy
389,2024-01-30T00:00:00+05:30,254.0,256.95,251.5,254.1,16031367,2.097756557382106,244.05873754054014,239.3774266579262,4.6813108826139285,3.763914731452707,5.449999999999989,3.0,2.4499999999999886,5.449999999999989,6.524999999999998,16399251.45,Buy
390,2024-01-31T00:00:00+05:30,254.0,260.0,252.4,259.3,34369455,2.547316174893708,246.4035471496878,240.85317283141316,5.550374318274635,4.121206648817092,7.599999999999994,5.900000000000006,1.6999999999999886,7.599999999999994,6.760714285714282,17661298.55,Buy
391,2024-02-01T00:00:00+05:30,259.0,270.95,258.3,265.8,29929092,3.1217216312729525,249.3876168189666,242.7010859550122,6.6865308639544025,4.6342714918445544,12.649999999999977,11.649999999999977,1.0,12.649999999999977,7.382142857142853,18743531.2,Buy
392,2024-02-02T00:00:00+05:30,264.5,281.4,263.95,277.1,33900724,4.011119028422085,253.65106038527944,245.24915366204831,8.401906723231122,5.387798538121868,17.44999999999999,15.599999999999966,1.8500000000000227,17.44999999999999,8.353571428571424,19455369.45,Buy
393,2024-02-05T00:00:00+05:30,277.5,289.4,274.9,282.9,27440927,4.888241850709407,258.1508972490826,248.03810524263733,10.11279200644529,6.332797231786553,14.5,12.299999999999955,2.2000000000000455,14.5,9.067857142857138,20010152.95,Buy
394,2024-02-06T00:00:00+05:30,282.9,282.9,272.3,274.25,29668277,5.460173468423682,260.6276822876853,249.97972707651604,10.647955211169233,7.195828827663089,10.599999999999966,0.0,10.599999999999966,10.599999999999966,9.489285714285705,20814279.5,Buy
395,2024-02-07T00:00:00+05:30,272.1,274.4,268.5,270.2,17932884,5.7655139809748945,262.1003465511183,251.47752507084817,10.622821480270147,7.881227358184501,5.899999999999977,0.14999999999997726,5.75,5.899999999999977,9.660714285714276,21276503.25,Buy
396,2024-02-08T00:00:00+05:30,270.8,288.05,270.8,276.2,69776717,5.9095532307356144,264.2695240047924,253.3088195100446,10.960704494747802,8.497122785497162,17.25,17.850000000000023,0.6000000000000227,17.850000000000023,9.996428571428565,23921729.35,Buy
397,2024-02-09T00:00:00+05:30,278.6,279.45,269.1,273.0,24496638,6.13025131862379,265.61267415790127,254.7674254722635,10.845248685637756,8.96674796552528,10.349999999999966,3.25,7.099999999999966,10.349999999999966,10.410714285714278,24205937.85,Buy
398,2024-02-12T00:00:00+05:30,273.2,276.0,266.25,270.3,19140023,6.193635533838252,266.3338012105318,255.91798654839215,10.415814662139667,9.256561304848159,9.75,3.0,6.75,9.75,10.721428571428563,24598114.1,Buy
399,2024-02-13T00:00:00+05:30,270.3,270.85,264.25,270.25,22031847,6.1731631873561215,266.93629333198845,256.9796171744372,9.956676157551271,9.396584275388781,6.600000000000023,0.5500000000000114,6.050000000000011,6.600000000000023,10.439285714285706,25069838.15,Buy
400,2024-02-14T00:00:00+05:30,269.5,275.0,267.0,273.65,13546941,6.033110051865806,267.9691712809133,258.2144603467011,9.754710934212198,9.468209607153465,8.0,4.75,3.25,8.0,10.153571428571421,25373262.7,Buy
401,2024-02-15T00:00:00+05:30,272.0,283.35,271.35,281.65,25475670,5.889009348101064,270.0739141607728,259.9504262469455,10.123487913827319,9.599265268488237,12.0,9.700000000000045,2.2999999999999545,12.0,10.610714285714279,25966031.2,Buy
402,2024-02-16T00:00:00+05:30,282.0,282.9,273.3,274.55,25129188,5.651308229029859,270.76254275142315,261.03187615457915,9.730666596844003,9.625545534159391,9.599999999999966,1.25,8.349999999999966,9.599999999999966,10.592857142857133,25946359.15,Buy
403,2024-02-19T00:00:00+05:30,275.1,278.3,273.3,276.35,11429901,5.190250801459512,271.6221515588965,262.1665519949807,9.455599563915825,9.591556340110678,5.0,3.75,1.25,5.0,10.560714285714278,25471300.2,Sell
404,2024-02-20T00:00:00+05:30,278.35,288.75,277.7,287.9,43053543,4.734355432109852,274.1264359344509,264.07273332868584,10.053702605765068,9.683985593241557,11.050000000000011,12.399999999999977,1.349999999999966,12.399999999999977,10.90357142857142,27299383.85,Buy
405,2024-02-21T00:00:00+05:30,287.55,289.45,279.25,280.1,24651085,4.273177276273905,275.04544579068926,265.2599382673017,9.785507523387537,9.704289979270754,10.199999999999989,1.5500000000000114,8.649999999999977,10.199999999999989,10.728571428571419,27157329.95,Buy
406,2024-02-22T00:00:00+05:30,280.1,283.5,273.25,282.6,26793590,3.8700152337877407,276.207684899814,266.54438728453863,9.663297615275383,9.696091506471681,10.25,3.3999999999999773,6.850000000000023,10.25,10.214285714285706,27081518.2,Sell
407,2024-02-23T00:00:00+05:30,282.55,285.2,279.0,281.95,14313526,3.295786009549965,277.0911179921503,267.6855437819802,9.40557421017013,9.63798804721137,6.199999999999989,2.599999999999966,3.6000000000000227,6.199999999999989,9.621428571428563,26764620.3,Sell
408,2024-02-26T00:00:00+05:30,282.95,291.5,282.05,287.8,31012494,3.0026191523653276,278.7386383010503,269.17550350183353,9.563134799216755,9.623017397612449,9.449999999999989,9.550000000000011,0.10000000000002274,9.550000000000011,9.546428571428565,27006194.45,No Signal
409,2024-02-27T00:00:00+05:30,284.1,293.4,284.1,292.5,36510093,2.7336381627347874,280.85577087011944,270.9032439831792,9.952526886940234,9.688919295478007,9.299999999999955,5.599999999999966,3.6999999999999886,9.299999999999955,9.789285714285707,28030130.75,Buy
410,2024-02-28T00:00:00+05:30,291.5,293.65,278.4,279.55,18824161,2.449369438056471,280.6548830439472,271.5437444288696,9.111138615077607,9.573363159397926,15.25,1.1499999999999773,14.100000000000023,15.25,9.603571428571419,27252866.05,No Signal
411,2024-02-29T00:00:00+05:30,279.6,285.0,274.4,282.85,35043015,2.2261861956858326,280.9925933448784,272.38124484154594,8.611348503332465,9.380960228184835,10.600000000000023,5.449999999999989,5.150000000000034,10.600000000000023,9.621428571428567,27508562.2,No Signal
412,2024-03-01T00:00:00+05:30,285.0,289.4,284.6,287.7,15149735,2.2895746003634967,282.02450206105095,273.51596744587584,8.508534615175108,9.20647510558289,4.7999999999999545,6.5499999999999545,1.75,6.5499999999999545,9.392857142857135,26571012.75,No Signal
413,2024-03-02T00:00:00+05:30,289.0,289.8,286.2,286.85,494394,2.355707470428152,282.7668863593508,274.50367356099616,8.26321279835463,9.017822644137238,3.6000000000000227,2.1000000000000227,1.5,3.6000000000000227,9.17857142857142,25223686.1,No Signal
414,2024-03-04T00:00:00+05:30,288.0,297.0,288.0,294.65,23131460,2.5209432452259253,284.59505768868144,275.9959940379594,8.59906365072203,8.934070845454197,9.0,10.149999999999977,1.1499999999999773,10.149999999999977,9.332142857142847,24896845.25,No Signal
415,2024-03-05T00:00:00+05:30,292.05,295.45,289.75,295.0,13220556,2.6028919480052277,286.1958180442689,277.4036981832958,8.792119860973116,8.905680648557981,5.699999999999989,0.8000000000000114,4.899999999999977,5.699999999999989,8.882142857142847,24661228.85,No Signal
416,2024-03-06T00:00:00+05:30,290.3,294.9,286.5,293.7,15969436,2.72411932337732,287.3503075759198,278.6108316511998,8.739475924720011,8.872439703790388,8.399999999999977,0.10000000000002274,8.5,8.5,8.80357142857142,21970864.8,No Signal
417,2024-03-07T00:00:00+05:30,294.0,298.9,291.0,292.65,14908694,2.72011045261815,288.16564487193216,279.6507700474072,8.514874824524952,8.8009267279373,7.899999999999977,5.199999999999989,2.6999999999999886,7.899999999999977,9.010714285714275,21491467.6,No Signal
418,2024-03-11T00:00:00+05:30,288.4,291.95,284.4,285.55,19020659,2.56394280350386,287.763237968558,280.08775004389554,7.675487924662434,8.575838967282328,7.550000000000011,0.6999999999999886,8.25,8.25,8.714285714285706,21485499.4,No Signal
419,2024-03-12T00:00:00+05:30,284.9,288.65,282.75,285.15,17906155,2.2869091893807876,287.3612013580106,280.4627315221255,6.8984698358850665,8.240365141002876,5.899999999999977,3.099999999999966,2.8000000000000114,5.899999999999977,8.407142857142848,21279214.8,No Signal
420,2024-03-13T00:00:00+05:30,283.3,283.9,261.8,264.3,39389523,2.886447198142705,283.81332422600894,279.26549215011624,4.5478320758927,7.501858527980841,22.099999999999966,1.25,23.349999999999966,23.349999999999966,9.342857142857131,22571343.9,No Signal
421,2024-03-14T00:00:00+05:30,264.05,268.4,260.7,266.35,26005940,3.2463382844655873,281.1266589604691,278.30878902788544,2.817869932583676,6.565060808901408,7.699999999999989,4.099999999999966,3.6000000000000227,7.699999999999989,9.449999999999989,22597857.4,No Signal
422,2024-03-15T00:00:00+05:30,268.1,272.0,257.65,265.95,43817794,3.505752183741473,278.7917883511662,277.393323173968,1.3984651771982044,5.531741682560767,14.350000000000023,5.649999999999977,8.700000000000045,14.350000000000023,9.792857142857132,23532287.7,Sell
423,2024-03-18T00:00:00+05:30,265.95,266.65,259.5,264.9,12423655,3.8138462413959027,276.65459014329446,276.46789182774813,0.1866983155463231,4.462733009157879,7.149999999999977,0.6999999999999886,6.449999999999989,7.149999999999977,9.639285714285705,23581975.4,Sell
424,2024-03-19T00:00:00+05:30,262.15,266.5,258.3,259.0,20031514,4.3787619352697185,273.93849935201837,275.1739739145816,-1.2354745625632404,3.323091494813655,8.199999999999989,1.6000000000000227,6.599999999999966,8.199999999999989,9.135714285714275,22430873.95,No Signal
425,2024-03-20T00:00:00+05:30,259.95,265.15,258.95,264.65,11308487,4.514676933142585,272.5094994517078,274.3944202912793,-1.884920839571464,2.2814890279366313,6.199999999999989,6.149999999999977,0.05000000000001137,6.199999999999989,8.821428571428559,21763744.05,No Signal
426,2024-03-21T00:00:00+05:30,267.8,274.5,267.1,273.75,23559105,4.397037685251869,272.7003456899066,274.34668545488825,-1.646339764981633,1.4959232693529785,7.399999999999977,9.850000000000023,2.4500000000000455,9.850000000000023,9.05714285714285,21602019.8,No Signal
427,2024-03-22T00:00:00+05:30,273.75,278.25,271.35,275.75,22097588,4.377270947227651,273.1695232760748,274.4506346804521,-1.2811114043772704,0.9405163346069287,6.899999999999977,4.5,2.3999999999999773,6.899999999999977,9.292857142857132,21991222.9,Sell
428,2024-03-26T00:00:00+05:30,270.1,274.1,266.1,270.05,28477120,4.48571967621056,272.68959661821714,274.12466174115934,-1.4350651229422056,0.4654000430971019,8.0,1.6499999999999773,9.649999999999977,9.649999999999977,9.257142857142847,21864454.2,Sell
429,2024-03-27T00:00:00+05:30,271.0,272.8,269.2,270.25,18094214,4.3778463525063325,272.31427406156837,273.83764976033274,-1.5233756987643687,0.06764489472480781,3.6000000000000227,2.75,0.8500000000000227,3.6000000000000227,9.107142857142849,20943660.25,No Signal
430,2024-03-28T00:00:00+05:30,272.0,279.5,271.65,276.9,26646830,4.2711702172871755,273.0197703597886,274.06449051882663,-1.044720159038036,-0.15482811602776095,7.850000000000023,9.25,1.3999999999999773,9.25,9.160714285714278,21334793.7,No Signal
431,2024-04-01T00:00:00+05:30,280.75,281.6,277.65,280.15,8945400,4.205420300741437,274.116728765975,274.51526899891354,-0.3985402329385579,-0.20357053940992034,3.9500000000000455,4.7000000000000455,0.75,4.7000000000000455,8.932142857142853,20029912.95,No Signal
432,2024-04-02T00:00:00+05:30,279.25,281.7,278.5,279.55,13229425,4.133357052657747,274.9526166481327,274.88821203603106,0.06440461210161175,-0.14997550910761392,3.1999999999999886,1.5500000000000114,1.6499999999999773,3.1999999999999886,8.571428571428568,19933897.45,No Signal
433,2024-04-03T00:00:00+05:30,280.15,283.1,278.55,280.1,14499308,4.054506575043416,275.7445217791892,275.2742704037325,0.47025137545671214,-0.025930132194748712,4.550000000000011,3.5500000000000114,1.0,4.550000000000011,8.474999999999998,20634143.15,No Signal
434,2024-04-04T00:00:00+05:30,282.8,286.7,275.05,277.65,23722104,3.806393660321804,276.03767227469854,275.45025037382635,0.5874219008721866,0.09674027441863836,11.649999999999977,6.599999999999966,5.050000000000011,11.649999999999977,7.639285714285713,20663675.35,No Signal
435,2024-04-05T00:00:00+05:30,279.95,279.95,275.15,278.4,9308711,3.4525410082193946,276.40110730936027,275.6687503461355,0.7323569632247882,0.22386361217986833,4.800000000000011,2.3000000000000114,2.5,4.800000000000011,7.432142857142858,20468083.1,No Signal
436,2024-04-08T00:00:00+05:30,280.55,284.2,279.05,281.75,14473340,3.100350370995569,277.224013877151,276.1192132834588,1.1048005936921754,0.4000510084823298,5.149999999999977,5.800000000000011,0.6500000000000341,5.800000000000011,6.821428571428571,20393278.3,No Signal
437,2024-04-09T00:00:00+05:30,282.85,284.35,281.0,281.2,5780865,2.78094574464798,277.835704049897,276.49556785505445,1.3401361948425574,0.5880680457543753,3.3500000000000227,2.6000000000000227,0.75,3.3500000000000227,6.550000000000003,19936886.85,No Signal
438,2024-04-10T00:00:00+05:30,280.0,285.35,280.0,282.55,8809693,2.6948292462715524,278.5609803499129,276.9440443102356,1.6169360396772845,0.7938416445389572,5.350000000000023,4.150000000000034,1.1999999999999886,5.350000000000023,6.346428571428577,19426338.55,No Signal
439,2024-04-12T00:00:00+05:30,281.5,284.45,274.65,275.25,17731780,2.5988882862674885,278.0515987576186,276.81855954651445,1.233039211104142,0.8816811578519942,9.800000000000011,1.8999999999999773,7.900000000000034,9.800000000000011,6.603571428571436,19417619.8,No Signal
440,2024-04-15T00:00:00+05:30,270.25,276.2,268.4,274.05,13378690,2.4899305519096964,277.4359681795234,276.61348106158744,0.8224871179359639,0.8698423498687882,7.800000000000011,0.9499999999999886,6.850000000000023,7.800000000000011,6.4571428571428635,18117078.15,No Signal
441,2024-04-16T00:00:00+05:30,273.0,275.55,271.75,272.1,5150939,2.4277939915704283,276.6150499980583,276.2791491310995,0.3359008669588093,0.7630540532867924,3.8000000000000114,1.5,2.3000000000000114,3.8000000000000114,6.235714285714295,17074328.1,No Signal
442,2024-04-18T00:00:00+05:30,287.9,289.9,277.7,280.1,51039603,2.2962024423616683,277.15119615220317,276.5621751213884,0.589021030814763,0.7282474487923866,12.199999999999989,17.799999999999955,5.599999999999966,17.799999999999955,6.81785714285715,17435418.55,No Signal
443,2024-04-19T00:00:00+05:30,278.1,280.25,274.7,279.3,8196894,2.1651326674492064,277.4817813595565,276.76497696424855,0.7168043953079746,0.7259588380955042,5.550000000000011,0.14999999999997726,5.400000000000034,5.550000000000011,6.9571428571428635,17224080.5,No Signal
444,2024-04-22T00:00:00+05:30,284.0,284.7,281.7,283.65,14965203,1.720359336184224,278.4307380734709,277.2749786706005,1.1557594028703875,0.811918951050481,3.0,5.399999999999977,2.3999999999999773,5.399999999999977,6.682142857142862,16970764.95,No Signal
445,2024-04-23T00:00:00+05:30,283.65,287.15,280.7,285.35,11464036,1.5129175524666805,279.49523990832154,277.8731283987042,1.6221115096173548,0.9739574627638558,6.449999999999989,3.5,2.9499999999999886,6.449999999999989,6.807142857142858,16978542.4,No Signal
446,2024-04-24T00:00:00+05:30,285.0,291.85,284.4,290.4,19324163,1.7299491854349365,281.1728953070413,278.80104481361496,2.3718504934263365,1.253536068896352,7.4500000000000455,6.5,0.9500000000000455,7.4500000000000455,7.11071428571429,16766795.3,No Signal
447,2024-04-25T00:00:00+05:30,292.0,294.5,289.25,293.3,22022414,2.021176420973824,283.03860372134267,279.87504149408795,3.1635622272547153,1.6355413005680246,5.25,4.100000000000023,1.1499999999999773,5.25,7.16071428571429,16763036.6,No Signal
448,2024-04-26T00:00:00+05:30,294.25,296.15,291.45,292.25,15581578,2.0943046356622754,284.4557416103669,280.7917050871185,3.6640365232483987,2.0412403451040997,4.699999999999989,2.849999999999966,1.8500000000000227,4.699999999999989,6.664285714285719,16118259.5,No Signal
449,2024-04-29T00:00:00+05:30,292.3,294.6,289.6,293.7,9804396,2.1298889717150535,285.877935208772,281.74787508066527,4.13006012810672,2.459004301704624,5.0,2.3500000000000227,2.6499999999999773,5.0,6.678571428571432,15703768.6,No Signal
450,2024-04-30T00:00:00+05:30,293.7,304.35,293.05,301.85,33288857,2.5047835364013076,288.335175945884,283.23692137098635,5.098254574897624,2.9868543563432244,11.300000000000011,10.650000000000034,0.6499999999999773,11.300000000000011,7.071428571428576,16035869.95,No Signal
451,2024-05-02T00:00:00+05:30,301.95,317.25,301.85,313.6,44059506,3.2300832961781363,292.2220719542095,285.48603830646886,6.736033647740669,3.7366902146227132,15.399999999999977,15.399999999999977,0.0,15.399999999999977,7.932142857142858,17791575.25,Buy
452,2024-05-03T00:00:00+05:30,312.0,316.1,308.25,310.85,27074447,3.727794694340632,295.0879070381773,287.36485028376745,7.723056754409868,4.5339635225801445,7.850000000000023,2.5,5.350000000000023,7.850000000000023,8.110714285714286,18483826.35,Buy
453,2024-05-06T00:00:00+05:30,310.2,310.8,303.1,306.85,16855909,4.023169533253208,296.89745980153464,288.8081947071921,8.089265094342522,5.24502383693262,7.699999999999989,0.05000000000001137,7.75,7.75,7.964285714285714,18601656.4,Buy
454,2024-05-07T00:00:00+05:30,307.0,308.3,294.5,295.25,13857464,4.137869477402803,296.6440044474524,289.2853654696223,7.358638977830083,5.667746865112113,13.800000000000011,1.4499999999999886,12.350000000000023,13.800000000000011,8.392857142857142,18108424.4,Buy
455,2024-05-08T00:00:00+05:30,292.0,302.85,292.0,302.0,18754452,4.079661711174276,297.468003763229,290.2271902496503,7.240813513578701,5.98236019480543,10.850000000000023,7.600000000000023,3.25,10.850000000000023,8.896428571428572,18580711.45,Buy
456,2024-05-09T00:00:00+05:30,302.75,304.35,295.25,296.15,11196567,4.1357186606205785,297.2652339535014,290.66591689782433,6.599317055677091,6.105751566979762,9.100000000000023,2.3500000000000227,6.75,9.100000000000023,8.275000000000006,18416872.8,Buy
457,2024-05-10T00:00:00+05:30,296.25,304.45,296.25,303.75,11786977,4.077407684384118,298.26289026834735,291.6351082387262,6.62778202962113,6.210157659508036,8.199999999999989,8.300000000000011,0.10000000000002274,8.300000000000011,8.471428571428577,18717178.4,Buy
458,2024-05-13T00:00:00+05:30,304.2,307.65,297.6,306.55,11710605,4.11711815046127,299.5378302270631,292.7399150358576,6.7979151912055045,6.32770916584753,10.049999999999955,3.8999999999999773,6.149999999999977,10.049999999999955,8.803571428571432,18862224.0,Buy
459,2024-05-14T00:00:00+05:30,308.0,313.0,307.75,309.25,9957875,4.015773414944921,301.0320101921303,293.9628842924608,7.06912589966953,6.47599251261193,5.25,6.449999999999989,1.1999999999999886,6.449999999999989,8.803571428571432,18473528.75,Buy
460,2024-05-15T00:00:00+05:30,310.0,312.95,308.85,312.35,5259808,3.856015639673336,302.77323939334104,295.3248928633896,7.448346529951436,6.670463316079832,4.099999999999966,3.6999999999999886,0.39999999999997726,4.099999999999966,8.564285714285713,18067584.65,Buy
461,2024-05-16T00:00:00+05:30,314.5,315.6,305.3,312.5,19843532,3.5519393072101146,304.2696641020578,296.59712302165707,7.67254108040072,6.87087886894401,10.300000000000011,3.25,7.050000000000011,10.300000000000011,8.924999999999999,18802214.3,Buy
462,2024-05-17T00:00:00+05:30,314.9,316.0,310.75,313.15,9069551,3.409307384777476,305.6358696248181,297.8232620570899,7.812607567728207,7.05922460870085,5.25,3.5,1.75,5.25,8.964285714285714,16703711.7,Buy
463,2024-05-18T00:00:00+05:30,315.85,318.25,315.0,316.0,1503108,3.1797639078463815,307.2303512209999,299.16968708989805,8.060664131101873,7.259512513181055,3.25,5.100000000000023,1.8500000000000227,5.100000000000023,8.971428571428573,16369022.4,Buy
464,2024-05-21T00:00:00+05:30,311.0,327.45,311.0,325.65,21976662,3.195876498691761,310.0641433408461,301.1311917499056,8.93295159094049,7.594200328732943,16.44999999999999,11.449999999999989,5.0,16.44999999999999,9.339285714285714,16719595.35,Buy
465,2024-05-22T00:00:00+05:30,327.75,327.75,320.2,325.75,10287081,3.2262580068174405,312.477352057639,302.95480717583854,9.522544881800457,7.979869239346446,7.550000000000011,2.1000000000000227,5.449999999999989,7.550000000000011,8.77857142857143,16660747.6,Buy
466,2024-05-23T00:00:00+05:30,319.45,320.7,309.0,319.9,35705284,3.2083881663110483,313.6192978949253,304.21000664429494,9.40929125063036,8.26575364160323,11.699999999999989,5.050000000000011,16.75,16.75,9.414285714285715,17479803.65,Buy
467,2024-05-24T00:00:00+05:30,318.0,322.95,317.4,318.8,15058182,3.1312946583944052,314.41632898801373,305.2907468928657,9.125582095148047,8.437719332312193,5.550000000000011,3.0500000000000114,2.5,5.550000000000011,9.257142857142858,17131592.05,Buy
468,2024-05-27T00:00:00+05:30,321.5,321.5,314.5,317.95,12857918,2.948461606244137,314.9599706821655,306.228469345246,8.73150133691945,8.496475733233645,7.0,2.6999999999999886,4.300000000000011,7.0,8.771428571428572,16995409.05,Buy
469,2024-05-28T00:00:00+05:30,319.0,319.5,312.0,312.8,10935739,2.73457602070717,314.62766750029385,306.7152493937463,7.912418106547534,8.379664207896424,7.5,1.5500000000000114,5.949999999999989,7.5,8.532142857142857,17051976.2,No Signal
470,2024-05-29T00:00:00+05:30,309.1,318.7,309.1,317.7,16812268,2.6406765625520494,315.1003340387102,307.5289346238392,7.571399414870996,8.218011249291338,9.599999999999966,5.899999999999977,3.6999999999999886,9.599999999999966,8.567857142857138,16228146.75,No Signal
471,2024-05-30T00:00:00+05:30,314.6,317.65,303.8,306.7,22768893,2.7567209418892826,313.8079749558317,307.46753205911034,6.340442896721356,7.842497578777342,13.849999999999966,0.05000000000001137,13.899999999999977,13.899999999999977,8.967857142857136,15163616.1,Sell
472,2024-05-31T00:00:00+05:30,308.55,311.5,305.7,310.0,36929443,2.729164681691908,313.2221326549345,307.65512227695405,5.567010377980466,7.387400138617967,5.800000000000011,4.800000000000011,1.0,5.800000000000011,8.664285714285711,15656365.9,No Signal
473,2024-06-03T00:00:00+05:30,335.0,348.7,325.6,337.65,55218939,3.0215873681129923,316.9802660926369,309.8769650712537,7.103301021383174,7.330580315171009,23.099999999999966,38.69999999999999,15.600000000000023,38.69999999999999,10.96785714285714,17574517.4,Sell
474,2024-06-04T00:00:00+05:30,334.95,334.95,279.75,295.95,73262478,3.4260264060919408,313.74484053992353,308.8453380289386,4.899502510984917,6.844364754333791,55.19999999999999,2.6999999999999886,57.89999999999998,57.89999999999998,14.810714285714283,20544768.1,Sell
475,2024-06-05T00:00:00+05:30,296.3,301.05,279.2,298.8,45312613,3.4623990624823553,311.44563430301224,308.1012389156839,3.3443953873283476,6.144370880932702,21.850000000000023,5.100000000000023,16.75,21.850000000000023,15.635714285714284,21872676.15,Sell
476,2024-06-06T00:00:00+05:30,303.4,311.45,298.1,300.45,36508044,3.334825972996839,309.753998256395,307.5344804774851,2.2195177789099034,5.359400260528143,13.349999999999966,12.649999999999977,0.6999999999999886,13.349999999999966,16.21428571428571,23138250.0,Sell
477,2024-06-07T00:00:00+05:30,298.05,310.65,296.8,309.35,38016104,3.1747996615017584,309.69184467848805,307.6689634050788,2.0228812734092685,4.6920964631043685,13.849999999999966,10.199999999999989,3.6499999999999773,13.849999999999966,16.839285714285705,24449706.35,Sell
478,2024-06-10T00:00:00+05:30,313.0,323.35,311.6,315.8,25478964,3.071755420074645,310.6315608817976,308.27126241211,2.3602984696876206,4.225736864421019,11.75,14.0,2.25,14.0,16.664285714285707,25138124.3,Sell
479,2024-06-11T00:00:00+05:30,316.2,319.7,315.15,316.55,12238518,3.0505889701237954,311.5420899769057,308.88450223343517,2.657587743470515,3.912107040230918,4.550000000000011,3.8999999999999773,0.6500000000000341,4.550000000000011,16.449999999999992,25252156.45,Sell
480,2024-06-12T00:00:00+05:30,319.9,327.1,316.9,324.65,20346144,3.056009241985795,313.55869151892017,310.0523168828103,3.506374636109854,3.8309605594067055,10.200000000000045,10.550000000000011,0.3499999999999659,10.550000000000011,16.00714285714285,26006473.25,Sell
481,2024-06-13T00:00:00+05:30,327.0,327.95,320.65,321.45,11756503,3.115045318848582,314.7727389775478,310.89658970630586,3.8761492712419567,3.8399983017737562,7.300000000000011,3.3000000000000114,4.0,7.300000000000011,16.13214285714285,25602121.8,Buy
482,2024-06-14T00:00:00+05:30,326.0,326.0,319.35,321.5,14159988,3.1399004003008746,315.80770221177124,311.68202750583873,4.125674705932511,3.8971335826055076,6.649999999999977,4.550000000000011,2.099999999999966,6.649999999999977,16.10714285714285,25856643.65,Buy
483,2024-06-18T00:00:00+05:30,322.0,332.5,322.0,331.8,21653702,3.2311012245284787,318.2680557176526,313.1722476905914,5.095808027061196,4.136868471496645,10.5,11.0,0.5,11.0,16.35714285714285,26864173.35,Buy
484,2024-06-19T00:00:00+05:30,334.0,334.85,325.4,327.3,14235150,3.3001168695403775,319.6575856072445,314.2187478616587,5.438837745585829,4.3972623263144826,9.450000000000045,3.0500000000000114,6.400000000000034,9.450000000000045,16.346428571428568,26477097.75,Buy
485,2024-06-20T00:00:00+05:30,327.5,328.3,322.3,324.55,11749507,3.312481337416511,320.41026474459153,314.98402579783215,5.4262389467593835,4.603057650403463,6.0,1.0,5.0,6.0,15.782142857142857,26550219.05,Buy
486,2024-06-21T00:00:00+05:30,326.7,329.6,323.0,325.95,17209541,3.354934698534253,321.2625317069621,315.7963201831779,5.466211523784182,4.775688425079608,6.600000000000023,5.050000000000011,1.5500000000000114,6.600000000000023,15.839285714285714,25625431.9,Buy
487,2024-06-24T00:00:00+05:30,323.1,334.0,322.55,332.95,18044357,3.4584821222296696,323.0606037520448,317.06696313257214,5.9936406194726715,5.01927886395822,11.449999999999989,8.050000000000011,3.3999999999999773,11.449999999999989,13.892857142857142,25774740.65,Buy
488,2024-06-25T00:00:00+05:30,335.0,335.0,325.8,327.4,13979671,3.581769629717769,323.72820317480716,317.8323732709001,5.8958299039070425,5.194589071947985,9.199999999999989,2.0500000000000114,7.149999999999977,9.199999999999989,10.414285714285715,25830828.3,No Signal
489,2024-06-26T00:00:00+05:30,325.7,330.2,324.95,326.7,12946277,3.616789979517073,324.1854026863753,318.48923451009273,5.696168176282583,5.2949048928149045,5.25,2.8000000000000114,2.4499999999999886,5.25,9.228571428571428,25931355.2,No Signal
490,2024-06-27T00:00:00+05:30,328.55,332.5,324.35,331.55,27061015,3.6669402463947205,325.3184176577022,319.4566986204562,5.861719037245962,5.408267721701116,8.149999999999977,5.800000000000011,2.349999999999966,8.149999999999977,8.857142857142858,26443792.55,No Signal
491,2024-06-28T00:00:00+05:30,333.0,337.35,329.6,330.95,21676594,3.637447137872081,326.18481494113263,320.3080542782002,5.8767606629324405,5.501966309947381,7.75,5.800000000000011,1.9499999999999886,7.75,8.421428571428574,26389177.6,No Signal
492,2024-07-01T00:00:00+05:30,331.0,331.75,325.25,329.6,11959181,3.6195698880451745,326.71022802711224,320.99634655388905,5.713881473223182,5.544349342602541,6.5,0.8000000000000114,5.699999999999989,6.5,7.885714285714288,25140664.5,No Signal
493,2024-07-02T00:00:00+05:30,330.05,334.4,328.05,330.8,12684459,3.487062657109035,327.3394237152488,321.7225431054528,5.616880609795999,5.558855596041234,6.349999999999966,4.7999999999999545,1.5500000000000114,6.349999999999966,8.014285714285714,23013940.5,No Signal
494,2024-07-03T00:00:00+05:30,331.1,336.9,329.1,335.15,9369793,3.0674969928543723,328.5410508359798,322.7171695420859,5.823881293893862,5.611860735611759,7.7999999999999545,6.099999999999966,1.6999999999999886,7.7999999999999545,7.817857142857138,19819306.25,No Signal
495,2024-07-04T00:00:00+05:30,337.0,338.7,333.9,335.0,12878827,2.6427804476881684,329.5347353227521,323.62700883526475,5.907726487487366,5.671033885986881,4.800000000000011,3.5500000000000114,1.25,4.800000000000011,7.63928571428571,18197616.95,No Signal
496,2024-07-05T00:00:00+05:30,335.0,339.9,332.85,339.4,10894118,2.1589930987160386,331.052468350021,324.79537855117104,6.257089798849961,5.7882450685594975,7.0499999999999545,4.899999999999977,2.1499999999999773,7.0499999999999545,7.6678571428571365,16916920.65,No Signal
497,2024-07-08T00:00:00+05:30,341.0,341.0,336.85,339.4,7828162,1.9380680862396287,332.3367039884793,325.8772023621954,6.459501626283895,5.922496380104377,4.149999999999977,1.6000000000000227,2.5499999999999545,4.149999999999977,7.178571428571421,15407523.55,No Signal
498,2024-07-09T00:00:00+05:30,340.0,342.35,338.1,341.15,9214579,1.8932519790162188,333.6925956825594,327.0085207057365,6.684074976822899,6.074812099448081,4.25,2.9500000000000455,1.2999999999999545,4.25,6.807142857142845,14594304.3,No Signal
499,2024-07-10T00:00:00+05:30,343.0,347.8,335.5,346.05,10662609,1.9261000927933467,335.5937348083195,328.4190006534597,7.174734154859777,6.294796510530421,12.300000000000011,6.650000000000034,5.649999999999977,12.300000000000011,7.2571428571428465,14515508.85,No Signal
500,2024-07-11T00:00:00+05:30,348.5,348.75,342.0,342.8,12642065,2.0305115221223238,336.70239099165497,329.48425986431454,7.218131127340428,6.479463433892423,6.75,2.6999999999999886,4.050000000000011,6.75,7.267857142857131,14130304.9,No Signal
501,2024-07-12T00:00:00+05:30,342.8,345.9,340.1,343.1,11380570,2.012508379513731,337.6866385314004,330.49283320769865,7.193805323701724,6.622331811854284,5.7999999999999545,3.099999999999966,2.6999999999999886,5.7999999999999545,6.8642857142857,14111508.25,No Signal
502,2024-07-15T00:00:00+05:30,345.4,345.4,340.2,343.85,5277531,1.9559773237769669,338.634847988108,331.48225297009134,7.152595018016655,6.7283844530867585,5.199999999999989,2.2999999999999545,2.900000000000034,5.199999999999989,6.578571428571414,13667385.4,No Signal
503,2024-07-16T00:00:00+05:30,342.75,347.0,341.5,342.45,11363095,2.025937651337581,339.221794451476,332.2946786760105,6.927115775465495,6.7681307175625065,5.5,3.1499999999999773,2.3500000000000227,5.5,6.596428571428556,13152855.05,No Signal
504,2024-07-18T00:00:00+05:30,342.0,344.7,336.95,341.25,13908161,2.005625219671161,339.5338260743258,332.95803581112085,6.575790263204965,6.729662626690999,7.75,2.25,5.5,7.75,6.56785714285713,13136505.6,No Signal
505,2024-07-19T00:00:00+05:30,339.55,341.85,331.0,332.2,12937990,1.9263033217707115,338.40554513981414,332.90188501029706,5.503660129517073,6.484462127256214,10.850000000000023,0.6000000000000227,10.25,10.850000000000023,6.789285714285703,13195929.75,No Signal
506,2024-07-22T00:00:00+05:30,330.0,339.4,329.5,338.6,10678640,1.765132088067806,338.4354612721504,333.3239676021269,5.111493670023492,6.20986843580967,9.899999999999977,7.199999999999989,2.6999999999999886,9.899999999999977,7.032142857142844,12869384.7,No Signal
507,2024-07-23T00:00:00+05:30,339.1,340.5,321.1,334.25,15954324,1.7779715809407923,337.791544153358,333.392562594562,4.398981558796038,5.8476910604069445,19.399999999999977,1.8999999999999773,17.5,19.399999999999977,7.964285714285702,12764883.05,Sell
508,2024-07-24T00:00:00+05:30,330.9,338.8,330.3,337.15,12573882,1.6419827210952167,337.6928450528414,333.6708912912611,4.021953761580278,5.482543600641612,8.5,4.550000000000011,3.9499999999999886,8.5,8.014285714285705,12694593.6,Sell
509,2024-07-25T00:00:00+05:30,330.45,342.6,330.45,339.45,16271884,1.468757491958808,337.9631765831735,334.0989734178344,3.86420316533912,5.158875513581114,12.150000000000034,5.4500000000000455,6.699999999999989,12.150000000000034,8.539285714285707,12860873.95,Sell
510,2024-07-26T00:00:00+05:30,340.35,345.55,338.5,344.2,11468068,1.442705844850414,338.9226878780699,334.8471976091059,4.075490268964018,4.942198464657695,7.050000000000011,6.100000000000023,0.9499999999999886,7.050000000000011,8.539285714285711,12081226.6,Sell
511,2024-07-29T00:00:00+05:30,339.8,345.9,337.75,342.35,31849674,1.379037212185102,339.44996666605914,335.4029607491721,4.047005916887031,4.763159955103562,8.149999999999977,1.6999999999999886,6.449999999999989,8.149999999999977,8.824999999999998,12589880.6,Sell
512,2024-07-30T00:00:00+05:30,345.0,356.95,343.3,349.8,25813219,1.3678910788094556,341.04227948666545,336.46940810108526,4.572871385580186,4.725102241198887,13.649999999999977,14.599999999999966,0.9499999999999886,14.599999999999966,9.564285714285708,13282582.5,Sell
513,2024-07-31T00:00:00+05:30,348.25,350.65,342.6,348.2,17976593,1.3263481989703805,342.1434672579477,337.3383408343382,4.805126423609465,4.741107077681003,8.049999999999955,0.8499999999999659,7.199999999999989,8.049999999999955,9.260714285714275,13547189.2,Buy
514,2024-08-01T00:00:00+05:30,351.15,362.5,350.15,361.1,26792459,1.7425385795353405,345.0598569105711,339.09846373549834,5.9613931750727716,4.985164297159358,12.350000000000023,14.300000000000011,1.9499999999999886,14.300000000000011,9.799999999999992,14418322.5,Buy
515,2024-08-02T00:00:00+05:30,358.0,361.05,354.0,358.25,13771470,1.9594285730391352,347.08910969356015,340.51709605138734,6.572013642172806,5.302534166162047,7.050000000000011,0.05000000000001137,7.100000000000023,7.100000000000023,9.892857142857139,14462954.65,Buy
516,2024-08-05T00:00:00+05:30,352.75,354.8,341.5,342.8,13566586,2.031051449272159,346.42924666378167,340.6862000475809,5.743046616200786,5.390636656169796,13.300000000000011,3.4499999999999886,16.75,16.75,10.71785714285714,14596578.05,Buy
517,2024-08-06T00:00:00+05:30,342.8,350.8,339.25,340.75,12273667,2.0331263355307234,345.5555164078153,340.6909259699823,4.864590437832987,5.285427412502434,11.550000000000011,8.0,3.5500000000000114,11.550000000000011,11.149999999999997,14818853.3,Sell
518,2024-08-07T00:00:00+05:30,345.85,352.55,343.4,352.05,12441847,2.0335722984613334,346.55466772968987,341.53233886109473,5.022328868595139,5.232807703720976,9.150000000000034,11.800000000000011,2.6499999999999773,11.800000000000011,11.439285714285713,14980216.7,Sell
519,2024-08-08T00:00:00+05:30,355.0,355.0,341.25,342.65,15489731,2.08642157305525,345.9539496174299,341.61512857508774,4.338821042342147,5.0540103714452105,13.75,2.9499999999999886,10.800000000000011,13.75,11.646428571428569,15221572.8,Sell
520,2024-08-09T00:00:00+05:30,347.9,348.95,344.3,346.0,8720610,2.0693333297754504,345.96103429167147,341.93993386582196,4.021100425849511,4.847428382326071,4.649999999999977,6.300000000000011,1.650000000000034,6.300000000000011,11.389285714285714,15025500.05,Sell
521,2024-08-12T00:00:00+05:30,343.0,343.8,339.5,341.15,12521136,2.1065058985354086,345.22087516987585,341.8814202461314,3.3394549237444267,4.545833690609743,4.300000000000011,2.1999999999999886,6.5,6.5,10.467857142857143,15082528.35,Sell
522,2024-08-13T00:00:00+05:30,337.0,342.45,335.15,336.95,10435954,2.1824633703341596,343.94843283604877,341.5161298575291,2.432302978519658,4.123127548191726,7.300000000000011,1.3000000000000114,6.0,7.300000000000011,10.382142857142858,15340449.5,Sell
523,2024-08-14T00:00:00+05:30,337.0,338.35,332.5,333.5,12385993,2.306083557204049,342.3409816305028,340.9223424606751,1.4186391698277134,3.5822298725189237,5.850000000000023,1.400000000000034,4.449999999999989,5.850000000000023,9.932142857142859,15391594.4,Sell
524,2024-08-16T00:00:00+05:30,333.0,339.55,330.6,338.6,13013828,2.2881117250077194,341.76544599504086,340.7503170932177,1.015128901823175,3.068809678379774,8.949999999999989,6.050000000000011,2.8999999999999773,8.949999999999989,10.067857142857141,15346877.75,Sell
525,2024-08-19T00:00:00+05:30,342.65,343.3,339.3,340.3,5891370,2.1613387801402406,341.5399927650346,340.71696027149784,0.8230324935367435,2.619654241411168,4.0,4.699999999999989,0.6999999999999886,4.699999999999989,9.821428571428571,14994546.75,Sell
526,2024-08-20T00:00:00+05:30,340.45,342.65,338.8,340.5,6393840,2.1444300172628337,341.3799938781062,340.70088914027576,0.6791047378304143,2.2315443406950175,3.849999999999966,2.349999999999966,1.5,3.849999999999966,9.053571428571429,14780306.75,No Signal
527,2024-08-21T00:00:00+05:30,340.0,340.95,336.15,336.65,10118601,2.12687136968331,340.6523025122437,340.4008232780331,0.25147923421059204,1.8355313193981324,4.800000000000011,0.44999999999998863,4.350000000000023,4.800000000000011,8.821428571428575,14488520.6,No Signal
528,2024-08-22T00:00:00+05:30,336.0,337.7,330.5,334.0,18370039,2.1982787745010683,339.6288713565139,339.92668822040105,-0.29781686388713524,1.408861682741079,7.199999999999989,1.0500000000000114,6.149999999999977,7.199999999999989,8.314285714285717,14778328.45,No Signal
529,2024-08-23T00:00:00+05:30,334.65,336.95,333.35,336.25,7494822,2.2209905610982505,339.1090449939733,339.6543409448158,-0.5452959508424442,1.0180301560243743,3.599999999999966,2.9499999999999886,0.6499999999999773,3.599999999999966,8.064285714285713,14339475.35,No Signal
530,2024-08-26T00:00:00+05:30,336.45,341.5,335.85,338.25,7993675,2.231640938564573,338.9768842256697,339.5503156896442,-0.5734314639744866,0.6997378320246022,5.649999999999977,5.25,0.39999999999997726,5.649999999999977,7.271428571428568,14165755.7,No Signal
531,2024-08-27T00:00:00+05:30,339.0,341.45,335.0,335.35,9589690,2.308137864856325,338.41890203710517,339.239181194115,-0.8202791570098498,0.39573443421771176,6.449999999999989,3.1999999999999886,3.25,6.449999999999989,6.907142857142852,13052756.5,No Signal
532,2024-08-28T00:00:00+05:30,335.35,338.9,333.75,334.45,8790600,2.3189086826709335,337.8083017237044,338.88442703158796,-1.076125307883558,0.10136248579745781,5.149999999999977,3.5499999999999545,1.6000000000000227,5.149999999999977,6.43214285714285,12201625.55,No Signal
533,2024-08-29T00:00:00+05:30,332.5,335.9,328.8,333.3,17653536,2.350003451983904,337.1147168431345,338.4707657699889,-1.3560489268543847,-0.1901197967329107,7.099999999999966,1.4499999999999886,5.649999999999977,7.099999999999966,5.9571428571428475,12185472.7,No Signal
534,2024-08-30T00:00:00+05:30,335.0,340.85,334.05,337.4,22713812,1.866156611711349,337.15860655957533,338.3914497870267,-1.232843227451383,-0.39866448287660516,6.800000000000011,7.550000000000011,0.75,7.550000000000011,6.046428571428562,11981540.35,No Signal
535,2024-09-02T00:00:00+05:30,338.4,339.9,334.2,335.55,9789776,1.3882613769578969,336.91112862733297,338.18097202502474,-1.2698433976917727,-0.5729002658396387,5.699999999999989,2.5,3.1999999999999886,5.699999999999989,5.989285714285704,11782455.65,No Signal
536,2024-09-03T00:00:00+05:30,336.0,337.95,334.0,334.65,8434423,1.3890682875900517,336.56326268466637,337.9194185416896,-1.356155857023225,-0.729551384076356,3.9499999999999886,2.3999999999999773,1.5500000000000114,3.9499999999999886,5.749999999999988,11525847.5,No Signal
537,2024-09-04T00:00:00+05:30,331.2,334.7,331.0,332.9,9025610,1.433098485323403,335.9996838101023,337.5476097608237,-1.5479259507214351,-0.8932262974053718,3.6999999999999886,0.05000000000001137,3.6499999999999773,3.6999999999999886,5.596428571428556,11363444.65,No Signal
538,2024-09-05T00:00:00+05:30,332.35,334.3,329.6,331.25,13912371,1.1165545764882374,335.2689632239327,337.0811201489108,-1.812156924978126,-1.0770124229199227,4.699999999999989,1.400000000000034,3.2999999999999545,4.699999999999989,5.2928571428571285,11436970.85,No Signal
539,2024-09-06T00:00:00+05:30,333.05,333.1,325.0,329.8,23755639,1.1453961761185925,334.4275842664046,336.5417779156582,-2.1141936492535933,-1.284448668186657,8.100000000000023,1.8500000000000227,6.25,8.100000000000023,5.535714285714273,11850266.25,No Signal
540,2024-09-09T00:00:00+05:30,327.7,329.2,323.55,328.55,18597200,1.0433580917631398,333.5233405331116,335.9497943663502,-2.426453833238611,-1.5128497011970479,5.649999999999977,0.6000000000000227,6.25,6.25,5.7071428571428475,12344095.75,No Signal
541,2024-09-10T00:00:00+05:30,327.0,335.3,327.0,334.15,15472387,0.9470154178504805,333.61974968186365,335.8164762651391,-2.1967265832754492,-1.6496250776127281,8.300000000000011,6.75,1.5500000000000114,8.300000000000011,5.9571428571428475,12491658.3,No Signal
542,2024-09-11T00:00:00+05:30,336.9,337.25,332.0,333.2,10134008,0.9487556768036327,333.5551728077308,335.62266320846214,-2.0674904007313444,-1.7331981422364515,5.25,3.1000000000000227,2.1499999999999773,5.25,5.817857142857134,12476561.0,No Signal
543,2024-09-12T00:00:00+05:30,334.85,339.0,333.25,338.2,18410837,0.9531159119545989,334.26976160654146,335.8135770448724,-1.5438154383309097,-1.6953216014553434,5.75,5.800000000000011,0.05000000000001137,5.800000000000011,5.974999999999994,12777803.2,No Signal
544,2024-09-13T00:00:00+05:30,339.8,341.25,336.1,337.25,10417461,0.9373630946738364,334.7282598209197,335.9199787452522,-1.1917189243325197,-1.5946010660307788,5.149999999999977,3.0500000000000114,2.099999999999966,5.149999999999977,5.939285714285709,12647984.85,No Signal
545,2024-09-16T00:00:00+05:30,337.25,341.5,337.05,338.25,7748570,0.8909014419162564,335.27006600231664,336.09257291227055,-0.8225069099539155,-1.4401822348154063,4.449999999999989,4.25,0.19999999999998863,4.449999999999989,5.7964285714285655,12740844.85,No Signal
546,2024-09-17T00:00:00+05:30,336.7,340.0,334.5,336.9,11451846,0.8205946398330398,335.5208250788833,336.15238232617645,-0.6315572472931308,-1.2784572373109513,5.5,1.75,3.75,5.5,5.821428571428568,12993745.15,No Signal
547,2024-09-18T00:00:00+05:30,338.5,338.9,333.1,334.3,6583254,0.8173012544359805,335.3330058359782,336.01516882053375,-0.6821629845555321,-1.1591983867598674,5.7999999999999545,2.0,3.7999999999999545,5.7999999999999545,5.728571428571423,12816977.8,No Signal
548,2024-09-19T00:00:00+05:30,336.2,338.35,333.1,334.9,10589610,0.814438078691896,335.26638955352,335.93256372271645,-0.666174169196438,-1.0605935432471816,5.25,4.050000000000011,1.1999999999999886,5.25,5.564285714285709,12427956.35,No Signal
549,2024-09-20T00:00:00+05:30,338.15,342.95,334.75,340.85,31236123,0.8912069687333555,336.1254065452862,336.2968182617745,-0.17141171648830777,-0.8827571778954069,8.199999999999989,8.050000000000011,0.14999999999997726,8.199999999999989,5.7428571428571376,13615021.4,No Signal
550,2024-09-23T00:00:00+05:30,342.0,342.5,340.25,341.15,6542941,0.9565302473967703,336.89842092293446,336.65631320534675,0.24210771758771443,-0.6577841987987827,2.25,1.6499999999999773,0.6000000000000227,2.25,5.621428571428567,13542484.7,No Signal
551,2024-09-24T00:00:00+05:30,344.55,351.0,342.35,350.05,26145769,1.334213081473985,338.92174078094456,337.6484381530988,1.2733026278457373,-0.2715668334698787,8.649999999999977,9.850000000000023,1.2000000000000455,9.850000000000023,6.060714285714283,14370288.65,Buy
552,2024-09-25T00:00:00+05:30,353.85,366.25,352.35,363.75,40770462,2.1367679036828306,342.74147296849156,339.5818871787952,3.1595857896963366,0.41466369116336443,13.899999999999977,16.19999999999999,2.3000000000000114,16.19999999999999,6.8821428571428545,15969281.75,Buy
553,2024-09-26T00:00:00+05:30,364.05,366.1,357.2,365.45,18733959,2.7157069087334307,346.23509251180053,341.49804368406967,4.73704882773086,1.2791407184768635,8.900000000000034,2.3500000000000227,6.550000000000011,8.900000000000034,6.939285714285712,16023302.9,Buy
554,2024-09-27T00:00:00+05:30,362.2,363.3,353.35,354.25,33148043,2.9604840706463524,347.46815520229273,342.4426330408053,5.025522161487459,2.028417007078983,9.949999999999989,2.1499999999999773,12.099999999999966,12.099999999999966,7.357142857142853,16545014.45,Buy
555,2024-09-30T00:00:00+05:30,354.25,357.45,349.7,352.85,16356171,3.06907409191166,348.2961313250169,343.21354911185676,5.082582213160151,2.639250048295217,7.75,3.1999999999999886,4.550000000000011,7.75,7.317857142857138,16873334.2,Buy
556,2024-10-01T00:00:00+05:30,351.1,356.0,349.95,350.8,9856291,3.1245663154950085,348.6813418903989,343.77550843690443,4.905833453494495,3.0925667293350725,6.050000000000011,3.1499999999999773,2.900000000000034,6.050000000000011,7.374999999999996,16944427.6,Buy
557,2024-10-03T00:00:00+05:30,343.0,349.9,342.6,344.15,19350466,3.134370901830935,347.9842123687991,343.8032485526893,4.180963816109795,3.3102461466900173,7.2999999999999545,0.9000000000000341,8.199999999999989,8.199999999999989,7.5464285714285655,17460670.4,Buy
558,2024-10-04T00:00:00+05:30,343.0,347.45,337.75,338.85,20121706,3.1042485201373466,346.57894892744537,343.4363412524901,3.1426076749552863,3.2767184523430712,9.699999999999989,3.3000000000000114,6.399999999999977,9.699999999999989,7.871428571428567,17771137.15,Sell
559,2024-10-07T00:00:00+05:30,340.0,340.0,325.0,328.95,13851446,3.2144195605816344,343.86680293860763,342.3632789374908,1.5035240011168298,2.922079562097823,15.0,1.1499999999999773,13.850000000000023,15.0,8.624999999999996,17275927.5,Sell
560,2024-10-08T00:00:00+05:30,327.3,331.0,322.35,327.15,21148292,3.262750467017239,341.29498710189876,341.23636938656557,0.058617715333184606,2.3493871927448953,8.649999999999977,2.0500000000000114,6.599999999999966,8.649999999999977,8.849999999999994,17403482.1,Sell
561,2024-10-09T00:00:00+05:30,327.0,331.8,325.5,329.75,9228363,3.3035167833872996,339.5188352400682,340.38552720978294,-0.8666919697147364,1.7061713602529691,6.300000000000011,4.650000000000034,1.6499999999999773,6.300000000000011,8.885714285714284,17091280.9,Sell
562,2024-10-10T00:00:00+05:30,330.2,338.1,330.1,334.35,20773976,3.244238264934269,338.72362981851927,339.93845112016936,-1.2148213016500904,1.1219728278723573,8.0,8.350000000000023,0.35000000000002274,8.350000000000023,9.107142857142858,17623279.3,Sell
563,2024-10-11T00:00:00+05:30,334.45,335.35,329.5,330.05,6098468,3.3784208217716225,337.38922523105475,339.20597325941606,-1.8167480283613031,0.5342286566256252,5.850000000000023,1.0,4.850000000000023,5.850000000000023,8.939285714285717,17007660.85,Sell
564,2024-10-14T00:00:00+05:30,330.05,331.5,327.8,330.7,5944216,3.4417438720832534,336.3601136570463,338.57590116612596,-2.2157875090796324,-0.015774576515426283,3.6999999999999886,1.4499999999999886,2.25,3.6999999999999886,9.042857142857144,16783998.6,Sell
565,2024-10-15T00:00:00+05:30,333.45,333.45,327.5,329.85,12415489,3.533376982953991,335.35855770980845,337.9295381167833,-2.5709804069748543,-0.5268157426073119,5.949999999999989,2.75,3.1999999999999886,5.949999999999989,8.764285714285714,17017344.55,Sell
566,2024-10-16T00:00:00+05:30,331.7,332.65,324.95,327.2,22085298,3.676101625566592,334.1033949852225,337.1347575155401,-3.031362530317608,-1.0277251001493712,7.699999999999989,2.7999999999999545,4.900000000000034,7.699999999999989,8.157142857142857,17549017.15,Sell
567,2024-10-17T00:00:00+05:30,328.5,331.9,324.6,331.15,17039729,3.664012439348797,333.6490265259575,336.69144214401865,-3.0424156180611703,-1.430663203731731,7.2999999999999545,4.699999999999989,2.599999999999966,7.2999999999999545,8.042857142857136,18071840.9,Sell
568,2024-10-18T00:00:00+05:30,331.5,333.85,328.25,332.05,10569021,3.679177389472907,333.40302244504096,336.3476316148321,-2.9446091697911356,-1.733452396943612,5.600000000000023,2.7000000000000455,2.8999999999999773,5.600000000000023,7.5785714285714265,18070811.45,No Signal
569,2024-10-21T00:00:00+05:30,333.0,333.75,329.45,331.15,8745904,3.7383797462782655,333.05640360734236,335.9626218655853,-2.906218258242916,-1.9680055692034728,4.300000000000011,1.6999999999999886,2.6000000000000227,4.300000000000011,7.3321428571428555,16946300.5,No Signal
570,2024-10-22T00:00:00+05:30,332.9,335.65,321.05,322.75,11219831,4.008069984683458,331.4708030523666,334.9839091348012,-3.5131060824346036,-2.277025671849699,14.599999999999966,4.5,10.099999999999966,14.599999999999966,7.942857142857138,17180145.0,Sell
571,2024-10-23T00:00:00+05:30,319.2,321.9,313.85,316.9,12541589,4.267608606537749,329.2291410443102,333.6443603100011,-4.415219265690894,-2.704664390617938,8.049999999999955,0.8500000000000227,8.899999999999977,8.899999999999977,7.9928571428571376,16499936.0,No Signal
572,2024-10-24T00:00:00+05:30,315.25,320.8,315.25,319.15,8327779,3.929375678709732,327.6785039605702,332.5707039907418,-4.89220003017158,-3.1421715185286665,5.550000000000011,3.900000000000034,1.6499999999999773,5.550000000000011,7.696428571428568,14877801.85,No Signal
573,2024-10-25T00:00:00+05:30,321.5,321.5,313.25,315.8,12979410,3.479303320437885,325.8510418127902,331.3284296210572,-5.477387808266997,-3.6092147764763327,8.25,2.3500000000000227,5.899999999999977,8.25,7.21428571428571,14590074.4,No Signal
574,2024-10-28T00:00:00+05:30,314.5,320.45,310.75,318.3,9610615,3.182812456111148,324.68934307236094,330.36336076023815,-5.67401768787721,-4.022175358756509,9.699999999999989,4.649999999999977,5.050000000000011,9.699999999999989,7.289285714285711,13413203.0,No Signal
575,2024-10-29T00:00:00+05:30,316.1,321.2,314.15,320.55,15856332,2.775118865316082,324.0525210612285,329.63644514836864,-5.583924087140133,-4.334525104433234,7.050000000000011,2.8999999999999773,4.150000000000034,7.050000000000011,7.34285714285714,13388211.05,No Signal
576,2024-10-30T00:00:00+05:30,318.55,325.4,316.75,318.45,14498110,2.374043846612454,323.1905947441164,328.8078195818228,-5.617224837706374,-4.591065051087862,8.649999999999977,4.849999999999966,3.8000000000000114,8.649999999999977,7.364285714285708,13620302.0,No Signal
577,2024-10-31T00:00:00+05:30,320.4,322.7,317.85,320.8,9900390,2.0477694916408162,322.8228109373293,328.21464776094706,-5.39183682361778,-4.751219405593846,4.849999999999966,4.25,0.5999999999999659,4.849999999999966,7.292857142857132,13147798.2,No Signal
578,2024-11-01T00:00:00+05:30,322.45,322.7,320.0,322.05,847672,1.834054667216511,322.70391694697093,327.7580071860621,-5.054090239091181,-4.811793572293314,2.6999999999999886,1.8999999999999773,0.8000000000000114,2.6999999999999886,7.221428571428561,12184096.5,No Signal
579,2024-11-04T00:00:00+05:30,324.55,324.7,311.6,315.45,9249409,1.9769531355480656,321.58792972436004,326.8463029500575,-5.258373225697483,-4.901109502974148,13.099999999999966,2.6499999999999773,10.449999999999989,13.099999999999966,7.732142857142845,11953994.65,No Signal
580,2024-11-05T00:00:00+05:30,312.35,317.7,312.0,316.6,7518195,2.039988150501478,320.8205559206123,326.08731754634954,-5.266761625737217,-4.974239927526762,5.699999999999989,2.25,3.4499999999999886,5.699999999999989,7.589285714285702,11272489.8,No Signal
581,2024-11-06T00:00:00+05:30,317.4,320.35,313.9,318.5,11019250,2.0205015385867022,320.46354731744117,325.52529402439774,-5.061746706956569,-4.991741283412724,6.4500000000000455,3.75,2.7000000000000455,6.4500000000000455,7.528571428571423,11362034.15,No Signal
582,2024-11-07T00:00:00+05:30,319.0,319.0,311.7,312.95,14504208,2.0227841702642033,319.30761696091173,324.59379076333124,-5.286173802419512,-5.050627787214082,7.300000000000011,0.5,6.800000000000011,7.300000000000011,7.649999999999993,11048545.75,No Signal
583,2024-11-08T00:00:00+05:30,311.85,317.55,308.7,316.25,15740539,1.9659853956160798,318.8372143515407,323.97573218826966,-5.1385178367289654,-5.068205797117058,8.850000000000023,4.600000000000023,4.25,8.850000000000023,7.974999999999994,11530649.3,Sell
584,2024-11-11T00:00:00+05:30,313.55,332.4,312.8,329.8,22838987,1.8656070833340712,320.52379675899596,324.40715943358305,-3.88336267458709,-4.831237172611065,19.599999999999966,16.149999999999977,3.4499999999999886,19.599999999999966,8.332142857142852,12375387.85,Buy
585,2024-11-12T00:00:00+05:30,331.5,332.5,321.8,322.7,12069181,1.81601156693069,320.85859725761196,324.2807031792436,-3.422105921631612,-4.549410922415174,10.699999999999989,2.6999999999999886,8.0,10.699999999999989,8.46071428571428,12358072.45,Buy
586,2024-11-13T00:00:00+05:30,322.65,324.6,317.15,318.0,12918639,1.8060432061500091,320.4188130641332,323.815465906707,-3.3966528425738147,-4.318859306446903,7.4500000000000455,1.900000000000034,5.550000000000011,7.4500000000000455,8.59642857142857,11899739.5,Buy
587,2024-11-14T00:00:00+05:30,315.1,318.8,310.6,312.1,12500377,1.775635292819113,319.13899566965114,322.9476536173213,-3.808657947670156,-4.216819034691554,8.199999999999989,0.8000000000000114,7.399999999999977,8.199999999999989,8.59285714285714,11672771.9,Buy
588,2024-11-18T00:00:00+05:30,314.0,315.55,310.1,312.05,9408101,1.6142556223527615,318.04838095124325,322.14042001603826,-4.092039064795017,-4.191863040712247,5.449999999999989,3.4499999999999886,2.0,5.449999999999989,8.289285714285711,11614725.9,Buy
589,2024-11-19T00:00:00+05:30,313.05,318.25,312.25,315.05,13157158,1.3379913202286349,317.5870915741289,321.61520371855397,-4.028112144425052,-4.159112861454807,6.0,6.199999999999989,0.19999999999998863,6.199999999999989,8.228571428571424,11835288.6,Buy
590,2024-11-21T00:00:00+05:30,316.0,326.75,313.0,325.9,25406386,1.3643492291286103,318.8660005627245,321.9325960356981,-3.0665954729736313,-3.9406093837585723,13.75,11.699999999999989,2.0500000000000114,13.75,8.59285714285714,12544616.35,Buy
591,2024-11-22T00:00:00+05:30,325.8,337.6,324.0,336.95,31523269,1.7997085424727517,321.64815432230534,323.0449963293501,-1.3968420070447678,-3.4318559084158116,13.600000000000023,11.700000000000045,1.8999999999999773,13.600000000000023,9.217857142857143,13493700.35,Buy
592,2024-11-25T00:00:00+05:30,341.85,345.4,336.15,342.75,29419152,2.3354299423815843,324.89459211887373,324.50462623087975,0.3899658879939807,-2.667491549133853,9.25,8.449999999999989,0.8000000000000114,9.25,9.685714285714287,14548269.0,Buy
593,2024-11-26T00:00:00+05:30,342.0,344.6,337.9,338.8,13997179,2.623849074954715,327.033885639047,325.56354280637015,1.470342832676863,-1.83992467277171,6.7000000000000455,1.8500000000000227,4.850000000000023,6.7000000000000455,9.228571428571437,14599157.45,Buy
594,2024-11-27T00:00:00+05:30,337.25,341.3,336.5,339.25,12177260,2.84984635441828,328.9132878484244,326.57735445034274,2.335933398081636,-1.004753058601041,4.800000000000011,2.5,2.3000000000000114,4.800000000000011,9.164285714285723,14727489.7,Buy
595,2024-11-28T00:00:00+05:30,339.25,341.75,332.2,333.65,16920231,2.982468048495768,329.64201279482063,327.1012541206877,2.540758674132917,-0.2956507120542494,9.550000000000011,2.5,7.050000000000011,9.550000000000011,9.385714285714291,14780684.65,Buy
596,2024-11-29T00:00:00+05:30,331.35,332.5,326.5,329.4,13890537,3.025318964977567,329.6047800571559,327.2715315932294,2.333248463926509,0.2301291231419023,6.0,1.1499999999999773,7.149999999999977,7.149999999999977,9.375000000000004,14750306.0,Buy
597,2024-12-02T00:00:00+05:30,328.15,331.95,326.2,327.85,16003524,3.0418783591500658,329.3348138945165,327.314381104842,2.020432789674487,0.5881898564484193,5.75,2.5500000000000114,3.1999999999999886,5.75,9.15357142857143,15055462.7,Buy
598,2024-12-03T00:00:00+05:30,324.25,331.35,324.25,329.65,23174488,3.0417407799134812,329.3833040645909,327.4873899118908,1.8959141527001293,0.8497347156987614,7.100000000000023,3.5,3.6000000000000227,7.100000000000023,8.260714285714291,16171803.5,No Signal
599,2024-12-04T00:00:00+05:30,329.05,331.25,321.1,325.05,17880011,3.0114816679759926,328.7166419008077,327.30684251100996,1.4097993897977403,0.9617476505185572,10.149999999999977,1.6000000000000227,8.549999999999955,10.149999999999977,8.221428571428577,16603333.6,No Signal
600,2024-12-05T00:00:00+05:30,325.0,330.45,319.55,328.35,19785053,2.9232920018602284,328.6602354545296,327.38411343612034,1.2761220184092394,1.0246225240966937,10.899999999999977,5.399999999999977,5.5,10.899999999999977,8.467857142857143,17216676.5,No Signal
601,2024-12-06T00:00:00+05:30,327.1,332.75,326.7,328.9,8802058,2.8780734022105467,328.69712230767885,327.49640132974105,1.2007209779378059,1.0598422148649163,6.050000000000011,4.399999999999977,1.650000000000034,6.050000000000011,8.314285714285717,17105816.9,No Signal
602,2024-12-09T00:00:00+05:30,327.75,330.65,326.7,329.1,9376929,2.717831016059067,328.75910349111285,327.6151864164269,1.1439170746859304,1.076657186829119,3.9499999999999886,1.75,2.1999999999999886,3.9499999999999886,8.207142857142859,16849452.95,No Signal
603,2024-12-10T00:00:00+05:30,331.85,331.85,325.35,327.9,14994365,2.6147625799712184,328.62693372324935,327.63628371891383,0.9906500043355209,1.0594557503303994,6.5,2.75,3.75,6.5,8.228571428571431,16812144.25,No Signal
604,2024-12-10T00:00:00+05:30,331.85,331.85,325.35,327.9,14994365,2.61035707059304,328.5150977658264,327.65581825825353,0.8592795075728645,1.0194205017788924,6.5,3.9500000000000455,2.5499999999999545,6.5,7.710714285714289,16419913.15,No Signal
605,2024-12-11T00:00:00+05:30,327.25,329.0,326.85,327.55,5013051,2.5897217447844656,328.3666211864685,327.6479798687533,0.7186413177151962,0.9592646649661533,2.1499999999999773,1.1000000000000227,1.0499999999999545,2.1499999999999773,6.892857142857143,16067106.65,No Signal
606,2024-12-12T00:00:00+05:30,328.0,329.9,325.85,329.2,10414162,2.480205330402924,328.4948333116272,327.7629443229197,0.7318889887075102,0.9137895297144247,4.0499999999999545,2.349999999999966,1.6999999999999886,4.0499999999999545,6.521428571428568,15941882.8,No Signal
607,2024-12-13T00:00:00+05:30,330.65,334.3,325.05,333.85,14973536,2.1821677333596936,329.3187051098384,328.21383733603676,1.1048677738016295,0.9520051785318657,9.25,5.100000000000023,4.149999999999977,9.25,6.703571428571422,16065540.75,No Signal
608,2024-12-16T00:00:00+05:30,333.85,336.25,331.6,335.0,12695136,1.8246100382037729,330.19275047755553,328.7165160518859,1.4762344256696451,1.0568510279594217,4.649999999999977,2.3999999999999773,2.25,4.649999999999977,6.692857142857134,16229892.5,No Signal
609,2024-12-17T00:00:00+05:30,332.5,335.55,328.0,329.8,17360248,1.4883082582318587,330.1323273271624,328.7967741221166,1.3355532050458123,1.1125914633766998,7.550000000000011,0.5500000000000114,7.0,7.550000000000011,6.549999999999991,16440047.0,No Signal
610,2024-12-18T00:00:00+05:30,328.0,329.1,320.65,321.55,15037099,1.631749551628865,328.8119692768297,328.25997603899685,0.5519932378328463,1.000471818267929,8.450000000000045,0.6999999999999886,9.150000000000034,9.150000000000034,6.692857142857138,15921582.65,No Signal
611,2024-12-19T00:00:00+05:30,318.0,323.85,316.85,321.65,10234715,1.6985623010082198,327.7101278496251,327.77034818425636,-0.060220334631253536,0.7883333876880926,7.0,2.3000000000000114,4.699999999999989,7.0,6.782142857142852,14857154.95,No Signal
612,2024-12-20T00:00:00+05:30,321.3,325.6,313.6,315.8,13973399,1.7633105515367693,325.8778004881443,326.8836557261633,-1.0058552380189667,0.42949566254668076,12.0,3.9500000000000455,8.049999999999955,12.0,7.132142857142851,14084867.3,No Signal
613,2024-12-23T00:00:00+05:30,318.0,318.3,311.55,315.3,5984169,1.8602815193973066,324.25044656689136,326.0256071538549,-1.7751605869635227,-0.011435587355359947,6.75,2.5,4.25,6.75,6.88928571428571,13684216.8,No Signal
614,2024-12-24T00:00:00+05:30,314.1,316.65,308.75,310.1,4833589,2.0864962332034986,322.0734547873696,324.8459325498656,-2.7724777624960097,-0.56364402238349,7.899999999999977,1.349999999999966,6.550000000000011,7.899999999999977,6.674999999999995,13317033.25,No Signal
615,2024-12-26T00:00:00+05:30,310.1,313.1,308.75,310.3,3775101,2.307090937717212,320.2621540508512,323.7684560646904,-3.5063020138391607,-1.1521756206746243,4.350000000000023,3.0,1.3500000000000227,4.350000000000023,6.553571428571424,12659776.75,No Signal
616,2024-12-27T00:00:00+05:30,310.75,312.3,308.8,309.4,3981693,2.553714430611494,318.5910534276433,322.7041259858244,-4.113072558181102,-1.74435500817592,3.5,2.0,1.5,3.5,6.521428571428568,12164334.55,No Signal
617,2024-12-30T00:00:00+05:30,309.0,312.0,306.3,307.55,12489142,2.8206722899554846,316.8924298233905,321.5815981350226,-4.689168311632102,-2.3333176688671564,5.699999999999989,2.6000000000000227,3.099999999999966,5.699999999999989,6.46428571428571,11988615.45,No Signal
618,2024-12-31T00:00:00+05:30,307.35,309.75,305.15,308.7,8402716,2.9506102395367426,315.63205600440733,320.6274056805765,-4.995349676169155,-2.8657240703275564,4.600000000000023,2.1999999999999886,2.400000000000034,4.600000000000023,6.3285714285714265,11250026.85,No Signal
619,2025-01-01T00:00:00+05:30,308.7,311.35,305.9,310.4,4239498,3.0430615867465884,314.8271243114216,319.86982007460784,-5.042695763186259,-3.301118408899297,5.4500000000000455,2.650000000000034,2.8000000000000114,5.4500000000000455,6.564285714285717,10568001.2,No Signal
620,2025-01-02T00:00:00+05:30,309.85,317.2,308.75,315.15,10766571,2.9816355811282813,314.8767974942798,319.52020377278507,-4.643406278505267,-3.569575982820491,8.449999999999989,6.800000000000011,1.6499999999999773,8.449999999999989,6.878571428571433,10117077.1,No Signal
621,2025-01-03T00:00:00+05:30,316.35,318.0,313.65,316.05,7636948,2.9262901660215026,315.0572901874675,319.26315164146763,-4.2058614540001145,-3.696833077056416,4.350000000000023,2.8500000000000227,1.5,4.350000000000023,6.528571428571435,10058821.6,No Signal
622,2025-01-06T00:00:00+05:30,315.8,316.5,304.8,306.0,6722495,3.1065040040418275,313.6638609278571,318.28069596432186,-4.6168350364647495,-3.880833468938083,11.699999999999989,0.44999999999998863,11.25,11.699999999999989,7.032142857142865,9926099.9,Sell
623,2025-01-07T00:00:00+05:30,306.0,310.7,303.0,305.05,10137739,3.194460912822966,312.33865155434063,317.3006444114091,-4.961992857068481,-4.097065346564163,7.699999999999989,4.699999999999989,3.0,7.699999999999989,7.042857142857149,9683268.6,Sell
624,2025-01-08T00:00:00+05:30,306.15,307.85,303.0,306.65,6907996,3.1781207303500243,311.4634743921344,316.51170778834177,-5.048233396207365,-4.287298956492804,4.850000000000023,2.8000000000000114,2.0500000000000114,4.850000000000023,6.73571428571429,9278950.15,Sell
625,2025-01-09T00:00:00+05:30,306.65,306.9,303.65,305.25,8244909,3.18459870154627,310.50755525488296,315.67750721142755,-5.169951956544594,-4.463829556503162,3.25,0.25,3.0,3.25,6.467857142857148,9440543.05,No Signal
626,2025-01-10T00:00:00+05:30,304.05,305.25,298.5,299.7,6540783,3.2674666555882332,308.84485444643946,314.4939881587292,-5.649133712289768,-4.7008903876604835,6.75,0.0,6.75,6.75,6.092857142857148,9246874.1,No Signal
627,2025-01-13T00:00:00+05:30,295.0,298.55,286.75,287.6,19474228,3.5967076889885012,305.5764153008334,312.50184088771226,-6.925425586878873,-5.145797427504162,11.800000000000011,1.1499999999999773,12.949999999999989,12.949999999999989,6.53571428571429,9471908.7,No Signal
628,2025-01-14T00:00:00+05:30,287.75,293.05,286.8,290.25,15954608,3.4120791158797363,303.2185052545513,310.8535563775114,-7.635051122960078,-5.643648166595345,6.25,5.449999999999989,0.8000000000000114,6.25,6.417857142857149,9634882.3,No Signal
629,2025-01-14T00:00:00+05:30,287.75,293.05,286.8,290.25,15954608,3.309051965986877,301.22335060000495,309.3273670162142,-8.104016416209276,-6.1357218165181315,6.25,2.8000000000000114,3.4499999999999886,6.25,6.553571428571432,9564600.3,No Signal
630,2025-01-15T00:00:00+05:30,295.0,302.5,291.1,298.65,12198882,3.085709158668395,300.8274505076965,308.5364509409391,-7.709000433242636,-6.450377539863033,11.399999999999977,12.25,0.8500000000000227,12.25,7.178571428571432,9422689.45,Sell
631,2025-01-16T00:00:00+05:30,299.0,301.6,296.6,297.65,11694289,2.917793147314747,300.3386119680509,307.7300471675362,-7.391435199485329,-6.638589071787493,5.0,2.9500000000000455,2.0499999999999545,5.0,7.128571428571433,9495668.15,Sell
632,2025-01-17T00:00:00+05:30,297.65,305.0,295.7,302.6,7593230,2.7556971744258463,300.68651781911996,307.3500436736446,-6.663525854524664,-6.643576428334928,9.300000000000011,7.350000000000023,1.9499999999999886,9.300000000000011,7.464285714285718,9176659.7,Sell
633,2025-01-20T00:00:00+05:30,302.6,308.8,301.95,306.25,9435937,2.6013061788071905,301.54243815463997,307.26855895707837,-5.726120802438402,-6.460085303155623,6.850000000000023,6.199999999999989,0.6500000000000341,6.850000000000023,7.564285714285717,9349248.1,Buy
634,2025-01-21T00:00:00+05:30,307.0,309.95,301.5,302.35,13911546,2.596628659784821,301.6666784385415,306.904221256554,-5.237542818012514,-6.215576806127001,8.449999999999989,3.6999999999999886,4.75,8.449999999999989,7.564285714285717,9803145.95,Buy
635,2025-01-22T00:00:00+05:30,302.0,302.3,295.8,297.55,9723333,2.6254499770449526,301.0333432941505,306.21131597829077,-5.177972684140286,-6.008055981729658,6.5,0.05000000000001137,6.550000000000011,6.550000000000011,7.721428571428573,10100557.55,Buy
636,2025-01-23T00:00:00+05:30,297.5,299.6,293.6,294.35,12228286,2.684858463429752,300.00513663351194,305.33269997989885,-5.32756334638691,-5.871957454661109,6.0,2.0500000000000114,3.9499999999999886,6.0,7.314285714285717,10512887.2,Buy
637,2025-01-24T00:00:00+05:30,295.3,302.5,294.35,295.85,11142914,2.6819569376284815,299.36588484374084,304.6302777591656,-5.264392915424764,-5.75044454681384,8.149999999999977,8.149999999999977,0.0,8.149999999999977,7.346428571428573,10445575.8,Buy
638,2025-01-27T00:00:00+05:30,295.0,295.0,283.75,287.0,13477947,2.9312871572319197,297.46344102162686,303.32433125848667,-5.860890236859802,-5.772533684823033,11.25,0.8500000000000227,12.100000000000023,12.100000000000023,7.864285714285716,10699337.35,Sell
639,2025-01-28T00:00:00+05:30,287.15,288.8,279.35,283.95,11298068,3.126865234301082,295.38445009522275,301.8891956097099,-6.5047455144871265,-5.918976050755852,9.449999999999989,1.8000000000000114,7.649999999999977,9.449999999999989,8.307142857142859,11052265.85,Sell
640,2025-01-29T00:00:00+05:30,285.35,289.15,283.3,287.85,4800024,2.9243307937366283,294.22530392672695,300.8492551941758,-6.623951267448831,-6.059971094094448,5.849999999999966,5.199999999999989,0.6499999999999773,5.849999999999966,8.242857142857142,10753938.5,Sell
641,2025-01-30T00:00:00+05:30,287.85,297.1,287.85,295.35,10969499,2.465945042203384,294.39833409184587,300.44190295757016,-6.043568865724296,-6.0566906484204175,9.25,9.25,0.0,9.25,7.978571428571428,10920566.05,Buy
642,2025-01-31T00:00:00+05:30,297.0,303.45,295.9,301.65,14141459,2.3411521870963745,295.51397500079264,300.5313916273798,-5.017416626587135,-5.848835844053761,7.550000000000011,8.099999999999966,0.5499999999999545,8.099999999999966,8.110714285714282,11291514.25,Buy
643,2025-02-01T00:00:00+05:30,301.65,305.35,288.65,289.85,6945157,2.3954714207502064,294.64259423143994,299.740177432759,-5.0975832013190825,-5.698585315506826,16.700000000000045,3.7000000000000455,13.0,16.700000000000045,8.857142857142858,11131885.15,Buy
644,2025-02-03T00:00:00+05:30,290.0,292.0,278.0,283.8,14978897,2.460762493066644,292.97450281121843,298.55942354885093,-5.584920737632501,-5.675852399931961,14.0,2.1499999999999773,11.850000000000023,14.0,8.982142857142858,11535430.2,Buy
645,2025-02-04T00:00:00+05:30,281.0,286.4,272.1,285.65,19836427,2.38977955259587,291.84765622487714,297.60316995263975,-5.7555137277626045,-5.69178466549809,14.299999999999955,2.599999999999966,11.699999999999989,14.299999999999955,9.646428571428569,12115006.1,Sell
646,2025-02-05T00:00:00+05:30,285.6,290.75,284.55,285.2,15337191,2.436094824366661,290.82493988258835,296.6844166228146,-5.859476740226228,-5.725323080443718,6.199999999999989,5.100000000000023,1.099999999999966,6.199999999999989,9.424999999999995,12554826.5,Sell
647,2025-02-06T00:00:00+05:30,287.5,290.95,279.75,281.15,21418561,2.617139959721451,289.3364875929594,295.5337190951987,-6.197231502239333,-5.819704764802841,11.199999999999989,5.75,5.449999999999989,11.199999999999989,9.735714285714279,12652043.15,Sell
648,2025-02-07T00:00:00+05:30,273.1,281.9,270.0,278.15,17193482,2.8937598677098793,287.6154895017348,294.24603619925807,-6.630546697523243,-5.981873151346922,11.899999999999977,0.75,11.149999999999977,11.899999999999977,9.982142857142849,12713986.85,Sell
649,2025-02-10T00:00:00+05:30,275.0,276.0,268.1,268.7,16709670,3.5803982368953533,284.7054141937756,292.35373722153525,-7.648323027759659,-6.31516312662947,7.899999999999977,2.1499999999999773,10.049999999999955,10.049999999999955,10.232142857142845,12751739.95,Sell
650,2025-02-11T00:00:00+05:30,268.7,268.8,260.0,261.45,22083955,4.402467123542627,281.127658163964,290.06457150142154,-8.936913337457554,-6.839513168795087,8.800000000000011,0.10000000000002274,8.699999999999989,8.800000000000011,10.432142857142846,13245993.6,Sell
651,2025-02-12T00:00:00+05:30,259.5,262.1,254.0,257.05,17861265,5.2091220001566425,277.4234030618157,287.6190476865014,-10.195644624685713,-7.510739459973213,8.100000000000023,0.6500000000000341,7.449999999999989,8.100000000000023,10.42857142857142,13554342.4,Sell
652,2025-02-13T00:00:00+05:30,257.25,261.35,256.1,259.15,12257226,5.506748358894168,274.6121102830748,285.51022933935315,-10.898119056278347,-8.18821537923424,5.25,4.300000000000011,0.9499999999999886,5.25,9.939285714285704,13787542.2,Sell
653,2025-02-14T00:00:00+05:30,260.4,261.5,254.75,257.35,11339563,5.6900145493908,271.9564010087556,283.424286425327,-11.467885416571391,-8.844149386701671,6.75,2.3500000000000227,4.399999999999977,6.75,9.746428571428563,13882723.5,Sell
654,2025-02-17T00:00:00+05:30,256.9,264.0,252.2,263.2,8332653,5.505300156082792,270.609262392024,281.92619113456203,-11.316928742538039,-9.338705257868945,11.800000000000011,6.649999999999977,5.150000000000034,11.800000000000011,10.171428571428565,13603778.85,Sell
655,2025-02-18T00:00:00+05:30,263.85,267.9,260.2,266.95,10483635,5.3312348246897745,270.0462989470972,280.816843643113,-10.770544696015747,-9.625073145498305,7.699999999999989,4.699999999999989,3.0,7.699999999999989,10.06071428571428,13641793.95,Sell
656,2025-02-19T00:00:00+05:30,262.5,268.5,262.3,263.05,14602009,5.397058709386418,268.96994526292843,279.50078115103054,-10.530835888102104,-9.806225694019066,6.199999999999989,1.5500000000000114,4.649999999999977,6.199999999999989,9.924999999999995,13760480.1,Sell
657,2025-02-20T00:00:00+05:30,262.75,266.45,261.3,265.75,15312926,5.174357567849372,268.47456906863175,278.48220476947273,-10.007635700840979,-9.84650769538345,5.149999999999977,3.3999999999999773,1.75,5.149999999999977,9.09999999999999,13968980.7,No Signal
658,2025-02-21T00:00:00+05:30,265.3,265.75,259.4,261.9,10757038,5.288251760316903,267.46309690422686,277.2538933050673,-9.790796400840463,-9.835365436474852,6.350000000000023,0.0,6.350000000000023,6.350000000000023,8.55357142857142,13832935.25,No Signal
659,2025-02-24T00:00:00+05:30,258.0,261.8,257.25,259.15,14599185,5.441225436708701,266.1841589189612,275.91286417135865,-9.728705252397447,-9.81403339965937,4.550000000000011,0.0999999999999659,4.649999999999977,4.649999999999977,7.864285714285708,13997991.1,No Signal
660,2025-02-24T00:00:00+05:30,258.0,261.8,257.25,259.15,14599185,5.416367013385631,265.1019806237364,274.6711705290358,-9.569189905299424,-9.765064700787383,4.550000000000011,2.650000000000034,1.8999999999999773,4.550000000000011,7.746428571428567,14487949.15,No Signal
661,2025-02-25T00:00:00+05:30,258.8,259.95,254.9,255.75,21287363,5.229266833219681,263.66321437393077,273.2696023416998,-9.606387967769024,-9.733329354183711,5.049999999999983,0.8000000000000114,4.249999999999972,5.049999999999983,7.307142857142852,15003842.35,No Signal
