,Date,Open,High,Low,Close,Volume,Volatility,EMA12,EMA26,MACD,Signal Line,H-L,H-PC,L-PC,TR,ATR,Avg_Volume,Signal
0,2022-07-05T00:00:00+05:30,732.0,739.25,726.1,729.05,1367769,,729.05,729.05,0.0,0.0,13.149999999999977,,,13.149999999999977,,,No Signal
1,2022-07-06T00:00:00+05:30,721.25,751.85,721.25,749.95,1351519,,732.2653846153846,730.5981481481481,1.6672364672365347,0.33344729344730695,30.600000000000023,22.800000000000068,7.7999999999999545,30.600000000000023,,,No Signal
2,2022-07-07T00:00:00+05:30,753.0,759.6,750.0,754.85,2064199,,735.7399408284024,732.3945816186556,3.345359209746789,0.9358296767072034,9.600000000000023,9.649999999999977,0.049999999999954525,9.649999999999977,,,No Signal
3,2022-07-08T00:00:00+05:30,756.5,764.35,755.05,761.4,1456394,,739.6876422394174,734.5431311283849,5.144511111032557,1.7775659635722743,9.300000000000068,9.5,0.1999999999999318,9.5,,,No Signal
4,2022-07-11T00:00:00+05:30,761.55,770.0,758.4,765.9,1287117,,743.7203126641224,736.8658621559119,6.854450508210448,2.7929428724999092,11.600000000000023,8.600000000000023,3.0,11.600000000000023,,,No Signal
5,2022-07-12T00:00:00+05:30,760.0,762.0,752.15,756.45,609080,,745.6787261004113,738.3165390332518,7.362187067159425,3.7067917114318125,9.850000000000023,3.8999999999999773,13.75,13.75,,,No Signal
6,2022-07-13T00:00:00+05:30,758.0,768.0,757.0,762.55,697646,,748.274306700348,740.1116102159739,8.162696484374123,4.597972666020275,11.0,11.549999999999955,0.5499999999999545,11.549999999999955,,,No Signal
7,2022-07-14T00:00:00+05:30,765.0,778.8,759.3,765.85,1697611,,750.978259515679,742.0181576073833,8.96010190829577,5.470398514475374,19.5,16.25,3.25,19.5,,,No Signal
8,2022-07-15T00:00:00+05:30,766.25,792.65,766.25,790.55,3002946,,757.0662195901899,745.6131088957252,11.453110694464726,6.666940950473244,26.399999999999977,26.799999999999955,0.39999999999997726,26.799999999999955,,,No Signal
9,2022-07-18T00:00:00+05:30,797.8,797.95,787.8,794.35,1335985,,762.8021858070838,749.2232489775233,13.578936829560462,8.049340126290689,10.150000000000091,7.400000000000091,2.75,10.150000000000091,,,No Signal
10,2022-07-19T00:00:00+05:30,790.9,793.35,784.2,787.25,1184051,,766.5633879906094,752.0400453495587,14.523342641050704,9.344140629242693,9.149999999999977,1.0,10.149999999999977,10.149999999999977,,,No Signal
11,2022-07-20T00:00:00+05:30,791.0,801.2,787.5,795.0,1173216,,770.9382513766695,755.2222642125544,15.715987164115177,10.61850993621719,13.700000000000045,13.950000000000045,0.25,13.950000000000045,,,No Signal
12,2022-07-21T00:00:00+05:30,795.0,820.65,793.35,818.3,2245980,,778.2246742417973,759.8946890856985,18.329985156098815,12.160804980193516,27.299999999999955,25.649999999999977,1.6499999999999773,27.299999999999955,,,No Signal
13,2022-07-22T00:00:00+05:30,818.3,824.0,801.15,804.05,1746104,,782.1978012815208,763.1654528571282,19.03234842439258,13.535113669033331,22.850000000000023,5.7000000000000455,17.149999999999977,22.850000000000023,16.464285714285715,,No Signal
14,2022-07-25T00:00:00+05:30,804.05,813.8,801.25,807.95,940226,,786.1596780074407,766.4828267195631,19.676851287877525,14.76346119280217,12.549999999999955,9.75,2.7999999999999545,12.549999999999955,16.42142857142857,,No Signal
15,2022-07-26T00:00:00+05:30,805.7,809.7,788.25,790.85,1146268,,786.881266006296,768.2878025181141,18.593463488181897,15.529461651878117,21.450000000000045,1.75,19.700000000000045,21.450000000000045,15.767857142857142,,No Signal
16,2022-07-27T00:00:00+05:30,790.0,803.7,787.05,801.6,1056878,,789.145686620712,770.7553727019574,18.3903139187546,16.101632105253415,16.65000000000009,12.850000000000023,3.800000000000068,16.65000000000009,16.26785714285715,,No Signal
17,2022-07-28T00:00:00+05:30,804.0,809.9,798.6,806.6,1192532,,791.830965602141,773.4105302795901,18.420435322550816,16.565392748712895,11.299999999999955,8.299999999999955,3.0,11.299999999999955,16.396428571428576,,No Signal
18,2022-07-29T00:00:00+05:30,809.0,814.7,803.8,811.65,867435,,794.8800478171962,776.2430835922131,18.636964224983103,16.979707043966936,10.900000000000091,8.100000000000023,2.800000000000068,10.900000000000091,16.346428571428582,,No Signal
19,2022-08-01T00:00:00+05:30,812.0,814.5,799.45,811.1,1268824,3.1247295198056433,797.3754250760891,778.8250774001973,18.55034767589177,17.293835170351905,15.049999999999955,2.8500000000000227,12.199999999999932,15.049999999999955,16.43928571428572,1384589.0,No Signal
20,2022-08-02T00:00:00+05:30,813.0,826.0,806.25,811.6,2161673,2.7880008220749364,799.5638212182292,781.2528494446271,18.31097177360209,17.497262491001944,19.75,14.899999999999977,4.850000000000023,19.75,17.02500000000001,1424284.2,No Signal
21,2022-08-03T00:00:00+05:30,811.6,815.4,801.55,812.75,908379,2.643747890253137,801.5924641077324,783.585971707988,18.00649239974439,17.599108472750434,13.850000000000023,3.7999999999999545,10.050000000000068,13.850000000000023,16.621428571428584,1402127.2,No Signal
22,2022-08-04T00:00:00+05:30,792.3,798.0,781.1,789.25,15357368,2.5075030978896837,799.6936234757736,784.0055293592482,15.688094116525463,17.21690560150544,16.899999999999977,14.75,31.649999999999977,31.649999999999977,16.967857142857156,2066785.65,No Signal
23,2022-08-05T00:00:00+05:30,785.05,793.4,782.1,784.8,2109881,2.3600495254250142,797.4022967871931,784.0643790363409,13.33791775085217,16.44110803137479,11.299999999999955,4.149999999999977,7.149999999999977,11.299999999999955,17.050000000000004,2099460.0,No Signal
24,2022-08-08T00:00:00+05:30,781.5,793.9,781.0,788.7,947086,2.2070224845189914,796.0634818968557,784.4077583669823,11.655723529873399,15.484031131074511,12.899999999999977,9.100000000000023,3.7999999999999545,12.899999999999977,17.246428571428574,2082458.45,No Signal
25,2022-08-10T00:00:00+05:30,788.7,793.7,786.35,790.55,1185103,1.8946361666029028,795.215253912724,784.8627392286874,10.352514684036692,14.457727841666948,7.350000000000023,5.0,2.3500000000000227,7.350000000000023,16.775000000000002,2111259.6,No Signal
26,2022-08-11T00:00:00+05:30,794.55,798.55,771.6,773.45,3370819,1.7896338939578476,791.8667533107665,784.0173511376735,7.84940217309304,13.136062707952167,26.949999999999932,8.0,18.949999999999932,26.949999999999932,16.75,2244918.25,No Signal
27,2022-08-12T00:00:00+05:30,773.45,775.9,760.55,763.45,2256783,1.8510471238193673,787.4949451091102,782.4938436459939,5.0011014631162425,11.509070458984983,15.350000000000023,2.449999999999932,12.900000000000091,15.350000000000023,16.214285714285715,2272876.85,No Signal
28,2022-08-16T00:00:00+05:30,767.3,780.6,765.3,779.5,1804287,1.8720956578333847,786.2649535538625,782.2720774499944,3.9928761038680705,10.0058315879616,15.300000000000068,17.149999999999977,1.849999999999909,17.149999999999977,16.542857142857144,2212943.9,No Signal
29,2022-08-17T00:00:00+05:30,780.5,796.55,780.5,793.5,3021340,1.8399119963776431,787.378037622499,783.1037754166615,4.274262205837545,8.859517711536789,16.049999999999955,17.049999999999955,1.0,17.049999999999955,16.228571428571424,2297211.65,No Signal
30,2022-08-18T00:00:00+05:30,793.0,813.8,791.0,807.85,3191181,1.8158497690907949,790.5275702959607,784.9368290895014,5.590741206459256,8.205762410521283,22.799999999999955,20.299999999999955,2.5,22.799999999999955,16.667857142857127,2397568.15,No Signal
31,2022-08-19T00:00:00+05:30,807.15,809.5,784.1,786.95,1767003,1.8857819842680756,789.9771748658129,785.0859528606495,4.8912220051633994,7.542854329449707,25.399999999999977,1.6499999999999773,23.75,25.399999999999977,17.674999999999986,2427257.5,No Signal
32,2022-08-22T00:00:00+05:30,785.9,796.95,780.1,793.95,2166740,1.7568907530085265,790.588378732611,785.7425489450459,4.845829787565094,7.0034494210727845,16.850000000000023,10.0,6.850000000000023,16.850000000000023,18.099999999999984,2423295.5,Sell
33,2022-08-23T00:00:00+05:30,791.9,811.65,787.0,809.35,1889998,1.7505818069349144,793.474782004517,787.4912490231907,5.983532981326334,6.799466133123495,24.649999999999977,17.699999999999932,6.9500000000000455,24.649999999999977,18.78571428571427,2430490.2,Sell
34,2022-08-24T00:00:00+05:30,805.0,813.0,798.5,805.7,1355354,1.7469477457284597,795.3555847730529,788.8400453918432,6.515539381209692,6.7426807827407345,14.5,3.6499999999999773,10.850000000000023,14.5,18.41071428571427,2451246.6,Sell
35,2022-08-25T00:00:00+05:30,808.0,811.9,797.5,801.85,1267323,1.7574758833156574,796.3547255771986,789.8037457331882,6.550979844010385,6.704340594994665,14.399999999999977,6.199999999999932,8.200000000000045,14.399999999999977,18.44999999999998,2457299.35,Sell
36,2022-08-26T00:00:00+05:30,805.9,810.8,798.8,801.95,1253909,1.7581625696108167,797.2155370268604,790.7034682714706,6.512068755389805,6.665886227073694,12.0,8.949999999999932,3.050000000000068,12.0,17.046428571428553,2467150.9,No Signal
37,2022-08-29T00:00:00+05:30,790.0,816.7,783.85,806.15,2181205,1.7468840428176406,798.5900697919587,791.8476558069171,6.742413985041594,6.681191778667274,32.85000000000002,14.75,18.100000000000023,32.85000000000002,18.58571428571427,2516584.55,Buy
38,2022-08-30T00:00:00+05:30,809.0,813.95,806.3,809.65,2692923,1.7258964244901782,800.2915975162728,793.1663479693677,7.1252495469050245,6.7700033323148245,7.650000000000091,7.800000000000068,0.14999999999997726,7.800000000000068,18.221428571428564,2607858.95,Buy
39,2022-09-01T00:00:00+05:30,809.65,842.0,806.0,838.4,6228262,1.9802041060122986,806.1544286676154,796.5169888605257,9.637439807089777,7.343490627269816,36.0,32.35000000000002,3.6499999999999773,36.0,20.267857142857135,2855830.85,Buy
40,2022-09-02T00:00:00+05:30,845.0,847.0,830.7,833.7,1885336,2.188583602087654,810.3922088725976,799.2712859819682,11.120922890629458,8.098977079941745,16.299999999999955,8.600000000000023,7.699999999999932,16.299999999999955,19.50714285714285,2842014.0,Buy
41,2022-09-05T00:00:00+05:30,834.0,841.15,829.05,837.45,1553674,2.3890696337799984,814.554945969121,802.0993388721928,12.455607096928247,8.970303083339045,12.100000000000023,7.449999999999932,4.650000000000091,12.100000000000023,19.274999999999995,2874278.75,Buy
42,2022-09-06T00:00:00+05:30,841.65,845.8,816.0,818.25,2618628,2.4749444629845025,815.1234158200255,803.2956841409192,11.82773167910625,9.541788802492487,29.799999999999955,8.349999999999909,21.450000000000045,29.799999999999955,20.17857142857142,2237341.75,Buy
43,2022-09-07T00:00:00+05:30,815.0,827.5,814.05,825.1,1321821,2.4882469873302533,816.6582749246369,804.9108186489992,11.74745627563766,9.982922297121522,13.450000000000045,9.25,4.2000000000000455,13.450000000000045,19.92142857142857,2197938.75,Buy
44,2022-09-08T00:00:00+05:30,829.25,831.6,815.0,819.1,1094842,2.5052126977374694,817.0339249362312,805.9618691194437,11.072055816787497,10.200749001054717,16.600000000000023,6.5,10.100000000000023,16.600000000000023,19.47857142857143,2205326.55,Buy
45,2022-09-09T00:00:00+05:30,827.0,827.0,813.15,816.3,884012,2.4974801908791604,816.9210134075803,806.7276565920774,10.193356815502852,10.199270563944344,13.850000000000023,7.899999999999977,5.9500000000000455,13.850000000000023,18.653571428571436,2190272.0,Sell
46,2022-09-12T00:00:00+05:30,820.4,831.0,820.4,825.5,1300510,2.337408942761815,818.2408574987218,808.1182005482199,10.122656950501892,10.183947841255854,10.600000000000023,14.700000000000045,4.100000000000023,14.700000000000045,18.500000000000007,2086756.55,Sell
47,2022-09-13T00:00:00+05:30,829.95,852.0,829.7,849.0,3309968,2.1426581399455706,822.9730332681492,811.1464819890924,11.82655127905673,10.51246852881603,22.299999999999955,26.5,4.2000000000000455,26.5,18.632142857142867,2139415.8,Buy
48,2022-09-14T00:00:00+05:30,842.9,861.15,838.55,840.25,3817784,2.066426080531382,825.6310281499724,813.3022981380485,12.32873001192388,10.8757208254376,22.600000000000023,12.149999999999977,10.450000000000045,22.600000000000023,19.210714285714296,2240090.65,Buy
49,2022-09-15T00:00:00+05:30,844.5,848.0,830.2,837.4,1697461,2.0471514511996713,827.4416392038228,815.0873130907856,12.354326113037132,11.171441882957508,17.799999999999955,7.75,10.049999999999955,17.799999999999955,19.45357142857144,2173896.7,Buy
50,2022-09-16T00:00:00+05:30,839.7,839.7,791.2,795.2,4785950,2.234223595529407,822.4813870186193,813.6141787877644,8.867208230854885,10.710595152536984,48.5,2.300000000000068,46.19999999999993,48.5,22.060714285714294,2253635.15,Sell
51,2022-09-19T00:00:00+05:30,799.2,802.2,787.35,793.0,1707537,2.176833141754214,817.9457890157548,812.0872025812633,5.858586434491485,9.740193408927885,14.850000000000023,7.0,7.850000000000023,14.850000000000023,20.77500000000001,2250661.85,Sell
52,2022-09-20T00:00:00+05:30,797.0,812.9,795.95,804.2,1547105,2.071190064916778,815.8310522441002,811.5029653530216,4.328086891078556,8.657772105358019,16.949999999999932,19.899999999999977,2.9500000000000455,19.899999999999977,21.639285714285716,2219680.1,Sell
53,2022-09-21T00:00:00+05:30,804.2,811.0,798.1,804.2,1082441,2.094273629689226,814.0416595911616,810.9620049565016,3.0796546346600735,7.542148611218431,12.899999999999977,6.7999999999999545,6.100000000000023,12.899999999999977,19.989285714285717,2179302.25,Sell
54,2022-09-22T00:00:00+05:30,800.55,807.75,788.0,803.2,1255058,2.11007271308739,812.3737119617522,810.3870416263903,1.9866703353618504,6.431052956047115,19.75,3.5499999999999545,16.200000000000045,19.75,20.23571428571429,2174287.45,Sell
55,2022-09-23T00:00:00+05:30,803.0,806.3,779.5,781.55,1229118,2.367390851709341,807.6316024291749,808.2509644688799,-0.6193620397050381,5.020969956896685,26.799999999999955,3.099999999999909,23.700000000000045,26.799999999999955,21.285714285714285,2172377.2,Sell
56,2022-09-26T00:00:00+05:30,779.0,785.95,762.0,780.85,1431878,2.55481686819592,803.5113559016096,806.2212633971111,-2.709907495501511,3.4747944664170456,23.950000000000045,4.400000000000091,19.549999999999955,23.950000000000045,20.86785714285715,2181275.65,Sell
57,2022-09-27T00:00:00+05:30,784.8,801.4,781.05,797.85,1830829,2.53774347102366,802.6403780705928,805.6011698121399,-2.9607917415471547,2.187677224824206,20.350000000000023,20.549999999999955,0.1999999999999318,20.549999999999955,21.375,2163756.85,Sell
58,2022-09-28T00:00:00+05:30,795.95,804.2,790.05,793.65,1414822,2.6207478418985266,801.2572429828093,804.7158979742036,-3.458654991394269,1.0584107815805108,14.150000000000091,6.350000000000023,7.800000000000068,14.150000000000091,21.200000000000006,2099851.8,Sell
59,2022-09-29T00:00:00+05:30,797.65,803.7,790.3,792.6,1136823,2.595735181513155,799.9253594469925,803.8184240501885,-3.893064603195967,0.06811570462521531,13.400000000000091,10.050000000000068,3.3500000000000227,13.400000000000091,21.16785714285715,1845279.85,Sell
60,2022-09-30T00:00:00+05:30,791.0,806.0,787.0,802.85,1436355,2.4965846997791052,800.3753041474552,803.7466889353597,-3.3713847879045034,-0.6197843938807284,19.0,13.399999999999977,5.600000000000023,19.0,21.475000000000005,1822830.8,Sell
61,2022-10-03T00:00:00+05:30,802.85,804.8,776.0,777.95,1652214,2.6101636239792017,796.925257355539,801.835823088296,-4.91056573275705,-1.4779406616559927,28.799999999999955,1.9499999999999318,26.850000000000023,28.799999999999955,21.639285714285716,1827757.8,Sell
62,2022-10-04T00:00:00+05:30,786.75,792.45,781.2,785.15,1238726,2.6442817619010395,795.1136793008407,800.5998361928666,-5.486156892025974,-2.279583907729989,11.25,14.5,3.25,14.5,21.060714285714287,1758762.7,Sell
63,2022-10-06T00:00:00+05:30,790.0,799.6,784.1,794.3,2066942,2.571953829564104,794.9884978699421,800.1331816600617,-5.144683790119643,-2.85260388420792,15.5,14.450000000000045,1.0499999999999545,15.5,20.896428571428576,1796018.75,Sell
64,2022-10-07T00:00:00+05:30,787.9,793.9,779.05,780.9,1053877,2.662928860713337,792.8210366591818,798.7085015370942,-5.887464877912407,-3.4595760829488174,14.850000000000023,0.39999999999997726,15.25,15.25,18.521428571428576,1793970.5,No Signal
65,2022-10-10T00:00:00+05:30,769.25,775.05,755.0,757.15,2334163,3.0212218437514315,787.3331848654615,795.6300940158279,-8.296909150366446,-4.427042696432343,20.049999999999955,5.850000000000023,25.899999999999977,25.899999999999977,19.310714285714287,1866478.05,No Signal
66,2022-10-11T00:00:00+05:30,758.0,759.85,740.25,742.6,1956260,3.4145655741271175,780.4511564246212,791.7019389035444,-11.250782478923156,-5.791790652930506,19.600000000000023,2.7000000000000455,16.899999999999977,19.600000000000023,19.289285714285718,1899265.55,No Signal
67,2022-10-12T00:00:00+05:30,745.5,759.0,738.8,757.35,1372833,3.0928349811009284,776.8971323592949,789.1573508366151,-12.260218477320223,-7.085476217808449,20.200000000000045,16.399999999999977,3.800000000000068,20.200000000000045,19.810714285714294,1802408.8,No Signal
68,2022-10-13T00:00:00+05:30,754.95,760.2,749.15,757.4,1198483,2.841935848366922,773.897573534788,786.8049544783473,-12.90738094355936,-8.249857162958632,11.050000000000068,2.8500000000000227,8.200000000000045,11.050000000000068,19.189285714285727,1671443.75,No Signal
69,2022-10-14T00:00:00+05:30,768.95,768.95,760.0,761.25,1278726,2.4540711133886948,771.9517929909745,784.9119948873587,-12.960201896384206,-9.191926109643747,8.950000000000045,11.550000000000068,2.6000000000000227,11.550000000000068,18.100000000000023,1650507.0,No Signal
70,2022-10-17T00:00:00+05:30,761.25,771.95,757.3,763.15,940568,2.48534523382396,770.597670992363,783.2999952660729,-12.702324273709905,-9.89400574245698,14.650000000000091,10.700000000000045,3.9500000000000455,14.650000000000091,17.43571428571431,1458237.9,No Signal
71,2022-10-18T00:00:00+05:30,767.0,776.0,763.55,774.35,1359579,2.432068545437473,771.1749523781533,782.6370326537711,-11.462080275617836,-10.20762064908915,12.450000000000045,12.850000000000023,0.39999999999997726,12.850000000000023,16.885714285714318,1440840.0,No Signal
72,2022-10-19T00:00:00+05:30,774.45,777.0,761.1,764.55,1115247,2.393539708769461,770.1557289353605,781.2972524571956,-11.141523521835097,-10.39440122363834,15.899999999999977,2.6499999999999773,13.25,15.899999999999977,17.010714285714307,1419247.1,No Signal
73,2022-10-20T00:00:00+05:30,761.55,772.0,755.5,770.7,955521,2.2506360751152177,770.239462945305,780.5122707936996,-10.272807848394564,-10.370082548589586,16.5,7.4500000000000455,9.049999999999955,16.5,17.232142857142872,1412901.1,No Signal
74,2022-10-21T00:00:00+05:30,773.0,780.85,755.05,761.65,1692229,2.1671811602284143,768.9180071075658,779.1150655497219,-10.197058442156049,-10.335477727302878,25.800000000000068,10.149999999999977,15.650000000000091,25.800000000000068,17.717857142857163,1434759.65,No Signal
75,2022-10-24T00:00:00+05:30,770.0,776.0,764.85,770.95,292292,2.1339023977822023,769.2306213987096,778.5102458793721,-9.279624480662505,-10.124307077974805,11.149999999999977,14.350000000000023,3.2000000000000455,14.350000000000023,16.68571428571431,1387918.35,No Signal
76,2022-10-25T00:00:00+05:30,770.0,776.8,764.65,766.95,871911,2.1456838872351445,768.8797565681389,777.653931369789,-8.774174801650133,-9.854280622709872,12.149999999999977,5.849999999999909,6.300000000000068,12.149999999999977,16.517857142857167,1359920.0,No Signal
77,2022-10-27T00:00:00+05:30,774.75,779.5,759.6,770.05,1691335,2.006267002433284,769.0597940191944,777.0906771942491,-8.030883175054669,-9.489601133178832,19.899999999999977,12.549999999999955,7.350000000000023,19.899999999999977,16.83214285714288,1352945.3,No Signal
78,2022-10-28T00:00:00+05:30,773.45,773.45,759.5,761.35,1597327,1.9400470975135746,767.8736718623953,775.9247011057862,-8.051029243390872,-9.20188675522124,13.950000000000045,3.400000000000091,10.549999999999955,13.950000000000045,16.73928571428574,1362070.55,No Signal
79,2022-10-31T00:00:00+05:30,765.2,772.45,761.9,770.15,997809,1.7969396834028488,768.2238761912575,775.4969454683205,-7.273069277062973,-8.816123259589586,10.550000000000068,11.100000000000023,0.5499999999999545,11.100000000000023,15.682142857142887,1355119.85,No Signal
80,2022-11-01T00:00:00+05:30,773.0,784.5,767.4,774.85,1893453,1.4857696419466215,769.243279854141,775.4490235817783,-6.205743727637355,-8.29404735319914,17.100000000000023,14.350000000000023,2.75,17.100000000000023,15.503571428571458,1377974.75,No Signal
81,2022-11-02T00:00:00+05:30,776.0,778.2,764.7,768.05,1073600,1.4685030403074124,769.0596983381192,774.9009477609059,-5.841249422786632,-7.803487767116639,13.5,3.3500000000000227,10.149999999999977,13.5,15.025000000000025,1349044.05,No Signal
82,2022-11-03T00:00:00+05:30,768.05,770.0,756.65,762.75,1573546,1.3813925055869445,768.0889755168702,774.0008775563944,-5.911902039524193,-7.42517062159815,13.350000000000023,1.9500000000000455,11.399999999999977,13.350000000000023,15.189285714285736,1365785.05,No Signal
83,2022-11-04T00:00:00+05:30,761.0,767.0,759.2,764.3,940118,1.0813079589917802,767.5060562065825,773.2822940336985,-5.776237827116006,-7.095384062701722,7.7999999999999545,4.25,3.5499999999999545,7.7999999999999545,14.921428571428587,1309443.85,No Signal
84,2022-11-07T00:00:00+05:30,768.15,776.45,764.3,772.15,1004191,0.9820898610705342,768.2205090978774,773.1984204015727,-4.977911303695237,-6.671889510900425,12.150000000000091,12.150000000000091,0.0,12.150000000000091,14.742857142857158,1306959.55,No Signal
85,2022-11-09T00:00:00+05:30,778.5,781.8,765.85,770.15,1256527,0.969766351275118,768.5173538520501,772.9726114829376,-4.455257630887559,-6.228563134897852,15.949999999999932,9.649999999999977,6.2999999999999545,15.949999999999932,14.964285714285722,1253077.75,No Signal
86,2022-11-10T00:00:00+05:30,770.0,771.7,762.05,768.7,839279,0.6841117621786643,768.545453259427,772.6561217434607,-4.110668484033795,-5.8049842047250415,9.650000000000091,1.5500000000000682,8.100000000000023,9.650000000000091,14.517857142857158,1197228.7,No Signal
87,2022-11-11T00:00:00+05:30,772.55,779.85,770.05,773.2,920879,0.6451478248412638,769.2615373733613,772.696409021723,-3.43487164836165,-5.330961693452363,9.800000000000068,11.149999999999977,1.349999999999909,11.149999999999977,14.1357142857143,1174631.0,No Signal
88,2022-11-14T00:00:00+05:30,773.35,775.0,766.5,767.75,708742,0.5739594967418392,769.0289931620749,772.3300083534472,-3.301015191372244,-4.92497239303634,8.5,1.7999999999999545,6.7000000000000455,8.5,12.90000000000001,1150143.95,No Signal
89,2022-11-15T00:00:00+05:30,767.75,774.0,763.5,772.75,755716,0.5496551978802346,769.6014557525249,772.3611188457844,-2.759663093259519,-4.491910533080976,10.5,6.25,4.25,10.5,12.625000000000009,1123993.45,No Signal
90,2022-11-16T00:00:00+05:30,772.75,774.2,764.8,769.55,1071223,0.5284067629835674,769.5935394829056,772.1528878201707,-2.559348337265078,-4.105398093917796,9.400000000000091,1.4500000000000455,7.9500000000000455,9.400000000000091,12.428571428571445,1130526.2,No Signal
91,2022-11-17T00:00:00+05:30,766.0,789.45,766.0,786.0,2944665,0.6991075259473598,772.1176103316893,773.1785998334914,-1.0609895018020552,-3.4965163754946484,23.450000000000045,19.90000000000009,3.5499999999999545,23.450000000000045,12.682142857142878,1209780.5,No Signal
92,2022-11-18T00:00:00+05:30,789.35,793.0,769.25,775.7,1416753,0.7154968486982166,772.6687472037371,773.3653702161957,-0.6966230124586446,-2.9365377028874478,23.75,7.0,16.75,23.75,13.382142857142876,1224855.8,No Signal
93,2022-11-21T00:00:00+05:30,774.3,775.45,762.3,770.95,760583,0.7201922689469543,772.4043245570083,773.186453903885,-0.7821293468766726,-2.5056560316852927,13.150000000000091,0.25,13.400000000000091,13.400000000000091,13.546428571428594,1215108.9,No Signal
94,2022-11-22T00:00:00+05:30,771.0,776.9,766.2,771.3,868278,0.67501724296782,772.2344284713147,773.0467165776713,-0.8122881063566183,-2.166982446619558,10.699999999999932,5.949999999999932,4.75,10.699999999999932,13.089285714285731,1173911.35,No Signal
95,2022-11-23T00:00:00+05:30,773.1,776.0,765.0,770.15,875750,0.6758256443789799,771.9137471680355,772.8321449793253,-0.9183978112898785,-1.9172655195536223,11.0,4.7000000000000455,6.2999999999999545,11.0,12.910714285714302,1203084.25,No Signal
96,2022-11-24T00:00:00+05:30,787.85,795.0,781.25,792.75,6211715,0.9023087162541327,775.1193245267992,774.3075416475234,0.8117828792758246,-1.371455839787733,13.75,24.850000000000023,11.100000000000023,24.850000000000023,13.732142857142874,1470074.45,No Signal
97,2022-11-25T00:00:00+05:30,798.75,799.5,780.0,789.15,2384687,1.0312593590429946,777.2778899842148,775.4069830069661,1.8709069772486373,-0.722983276380459,19.5,6.75,12.75,19.5,14.567857142857163,1504742.05,Buy
98,2022-11-28T00:00:00+05:30,789.0,808.9,785.0,804.3,2043706,1.2901243037933425,781.4351376789509,777.5472064879316,3.8879311910193337,0.19919961709949952,23.899999999999977,19.75,4.149999999999977,23.899999999999977,15.407142857142869,1527061.0,Buy
99,2022-11-29T00:00:00+05:30,804.95,811.9,803.05,805.05,1278311,1.5301106756744585,785.0681934206508,779.5844504517885,5.483742968862316,1.2561082874520628,8.850000000000023,7.600000000000023,1.25,8.850000000000023,14.900000000000018,1541086.1,Buy
100,2022-11-30T00:00:00+05:30,805.05,821.95,804.25,818.05,3390682,1.8844618382654104,790.1423175097814,782.4337504183227,7.70856709145869,2.546600048253388,17.700000000000045,16.90000000000009,0.7999999999999545,17.700000000000045,15.475000000000014,1615947.55,Buy
101,2022-12-01T00:00:00+05:30,821.9,821.9,810.15,813.2,965904,2.091431478385087,793.6896532775073,784.7127318688173,8.976921408690032,3.8326643203407174,11.75,3.8500000000000227,7.899999999999977,11.75,15.517857142857158,1610562.75,Buy
102,2022-12-02T00:00:00+05:30,810.0,812.5,792.2,795.55,2881708,2.1048509181301585,793.9758604655831,785.5154924711271,8.460367994455964,4.758205055163767,20.299999999999955,0.7000000000000455,21.0,21.0,16.410714285714302,1675970.85,Buy
103,2022-12-05T00:00:00+05:30,795.55,803.0,788.6,800.5,1540130,2.0770005170068733,794.9795742401087,786.6254559917844,8.354118248324312,5.477387693795876,14.399999999999977,7.4500000000000455,6.949999999999932,14.399999999999977,16.689285714285727,1705971.45,Buy
104,2022-12-06T00:00:00+05:30,800.0,800.0,793.55,797.65,826214,2.083586571758065,795.3904089723997,787.4420888812818,7.948320091117807,5.9715741732602625,6.4500000000000455,0.5,6.9500000000000455,6.9500000000000455,16.514285714285727,1697072.6,Buy
105,2022-12-07T00:00:00+05:30,799.9,806.5,797.05,799.35,2019710,2.0605629917793284,795.9995768227997,788.3241563715573,7.675420451242417,6.3123434288566935,9.450000000000045,8.850000000000023,0.6000000000000227,9.450000000000045,15.514285714285725,1735231.75,Buy
106,2022-12-08T00:00:00+05:30,800.55,807.95,796.5,804.2,804784,2.0266179705036356,797.2611803885228,789.5001447884789,7.761035600043897,6.602081863094135,11.450000000000045,8.600000000000023,2.8500000000000227,11.450000000000045,14.6357142857143,1733507.0,Buy
107,2022-12-09T00:00:00+05:30,804.2,809.9,801.0,803.3,1080792,2.0123952386652704,798.1902295595193,790.5223562856286,7.667873273890677,6.815240145253444,8.899999999999977,5.699999999999932,3.2000000000000455,8.899999999999977,14.31428571428572,1741502.65,No Signal
108,2022-12-12T00:00:00+05:30,803.0,813.0,799.2,810.05,948100,1.9523562670708599,800.0148096272856,791.9688484126191,8.045961214666477,7.061384359136051,13.799999999999955,9.700000000000045,4.099999999999909,13.799999999999955,14.535714285714294,1753470.55,Buy
109,2022-12-13T00:00:00+05:30,812.0,814.45,804.7,807.6,1224724,1.912194801999616,801.1817619923186,793.1267114931658,8.055050499152799,7.260117587139401,9.75,4.400000000000091,5.349999999999909,9.75,14.44642857142858,1776920.95,No Signal
110,2022-12-14T00:00:00+05:30,808.4,817.0,807.35,815.45,971275,1.8380039092208966,803.3768755319619,794.7802884195979,8.596587112363977,7.527411492184317,9.649999999999977,9.399999999999977,0.25,9.649999999999977,13.360714285714291,1771923.55,No Signal
111,2022-12-15T00:00:00+05:30,815.4,815.45,802.05,804.9,783050,1.8493947136460225,803.6112023731986,795.5298966848129,8.081305688385669,7.638190331424588,13.400000000000091,0.0,13.400000000000091,13.400000000000091,12.925000000000011,1663842.8,No Signal
112,2022-12-16T00:00:00+05:30,803.3,804.95,795.0,801.55,848988,1.7456987643628419,803.2940943157834,795.9758302637157,7.318264052067661,7.574205075553203,9.950000000000045,0.05000000000006821,9.899999999999977,9.950000000000045,11.928571428571445,1635454.55,No Signal
113,2022-12-19T00:00:00+05:30,801.15,810.0,798.45,808.85,1120141,1.5476640066034875,804.1488490364321,796.9294724664035,7.219376570028658,7.503239374448294,11.549999999999955,8.450000000000045,3.099999999999909,11.549999999999955,12.121428571428583,1653432.45,No Signal
114,2022-12-20T00:00:00+05:30,808.5,809.95,800.1,808.3,677084,1.3026483013685963,804.7874876462117,797.7717337651884,7.015753881023329,7.405742275763302,9.850000000000023,1.1000000000000227,8.75,9.850000000000023,11.560714285714296,1643872.75,No Signal
115,2022-12-21T00:00:00+05:30,809.0,811.9,801.0,802.6,810361,0.9073455842541279,804.4509510852561,798.1293831159152,6.32156796934089,7.1889074144788205,10.899999999999977,3.6000000000000227,7.2999999999999545,10.899999999999977,11.500000000000009,1640603.3,No Signal
116,2022-12-22T00:00:00+05:30,802.75,809.0,787.0,798.65,1017964,0.8648954902186933,803.5584970721397,798.1679473295511,5.390549742588632,6.829235880100783,22.0,6.399999999999977,15.600000000000023,22.0,11.57142857142858,1380915.75,No Signal
117,2022-12-23T00:00:00+05:30,793.05,797.9,775.8,779.0,1216573,1.0676415772491084,799.780266753349,796.748099379214,3.0321673741350423,6.069822178907636,22.100000000000023,0.75,22.850000000000023,22.850000000000023,12.175000000000011,1322510.05,No Signal
118,2022-12-26T00:00:00+05:30,779.0,783.7,773.0,775.3,1014090,1.3528733895501062,796.0140718682184,795.15935127705,0.8547205911684159,5.026801861359792,10.700000000000045,4.7000000000000455,6.0,10.700000000000045,12.442857142857154,1271029.25,No Signal
119,2022-12-27T00:00:00+05:30,778.8,781.0,770.6,777.85,600969,1.5188399623314874,793.2195992731079,793.8771771083796,-0.6575778352716952,3.8899259220334947,10.399999999999977,5.7000000000000455,4.699999999999932,10.399999999999977,12.510714285714291,1237162.15,No Signal
120,2022-12-28T00:00:00+05:30,778.0,782.9,773.15,780.15,610240,1.5368651113524054,791.2088916926298,792.8603491744256,-1.6514574817957737,2.7816492412676412,9.75,5.0499999999999545,4.7000000000000455,9.75,12.389285714285718,1098140.05,No Signal
121,2022-12-29T00:00:00+05:30,779.0,779.0,763.1,776.1,1691955,1.6191163189498277,788.8844468168405,791.6188418281718,-2.7343950113312303,1.678440390747867,15.899999999999977,1.1499999999999773,17.049999999999955,17.049999999999955,12.971428571428573,1134442.6,No Signal
122,2022-12-30T00:00:00+05:30,778.0,782.3,765.0,766.95,715796,1.8632298870896358,785.5099165373266,789.7915202112702,-4.28160367394355,0.4864315778095837,17.299999999999955,6.199999999999932,11.100000000000023,17.299999999999955,13.221428571428573,1026147.0,No Signal
123,2023-01-02T00:00:00+05:30,769.9,771.0,758.1,762.3,1061086,2.110076083270863,781.9391601469687,787.7551113067316,-5.815951159762903,-0.7740449697049137,12.899999999999977,4.0499999999999545,8.850000000000023,12.899999999999977,13.446428571428571,1002194.8,Sell
124,2023-01-03T00:00:00+05:30,765.0,767.9,759.1,767.15,785495,2.233335747575073,779.6639047397427,786.2288067654922,-6.564902025749461,-1.9322163809138233,8.799999999999955,5.600000000000023,3.199999999999932,8.799999999999955,13.385714285714284,1000158.85,Sell
125,2023-01-04T00:00:00+05:30,767.5,767.5,759.4,762.25,1004383,2.4030881009947276,776.98484247209,784.4525988569372,-7.467756384847235,-3.0393243817005056,8.100000000000023,0.35000000000002274,7.75,8.100000000000023,13.007142857142851,949392.5,Sell
126,2023-01-05T00:00:00+05:30,762.0,781.0,760.1,763.85,3198519,2.481467781562614,774.9640974763838,782.9264804230901,-7.962382946706271,-4.023936094701659,20.899999999999977,18.75,2.1499999999999773,20.899999999999977,13.789285714285702,1069079.25,Sell
127,2023-01-06T00:00:00+05:30,763.8,770.85,759.05,761.35,603050,2.5684419109858663,772.8696209415556,781.3282226139723,-8.458601672416762,-4.910869210244679,11.800000000000068,7.0,4.800000000000068,11.800000000000068,13.807142857142853,1045192.15,Sell
128,2023-01-09T00:00:00+05:30,765.2,768.8,761.1,766.95,729173,2.5028613474171144,771.9589100274701,780.2631690870114,-8.304259059541323,-5.589547180104009,7.699999999999932,7.449999999999932,0.25,7.699999999999932,13.65357142857142,1034245.8,Sell
129,2023-01-10T00:00:00+05:30,766.95,772.8,764.55,769.25,873061,2.425665651521692,771.5421546386285,779.4473787842699,-7.905224145641341,-6.0526825732114755,8.25,5.849999999999909,2.400000000000091,8.25,13.464285714285706,1016662.65,Sell
130,2023-01-11T00:00:00+05:30,772.0,772.75,755.5,759.3,688374,2.321417499954547,769.6587462326856,777.9549803558054,-8.296234123119802,-6.501392883193142,17.25,3.5,13.75,17.25,13.124999999999991,1002517.6,Sell
131,2023-01-12T00:00:00+05:30,760.0,763.85,752.0,754.25,763021,2.312545556637399,767.2881698891955,776.199055885005,-8.910885995809508,-6.983291505716416,11.850000000000023,4.550000000000068,7.2999999999999545,11.850000000000023,12.339285714285706,1001516.15,No Signal
132,2023-01-13T00:00:00+05:30,755.1,757.6,750.0,752.9,1067599,2.290342040297191,765.0746052908577,774.4731998935232,-9.398594602665526,-7.466352125106238,7.600000000000023,3.3500000000000227,4.25,7.600000000000023,12.117857142857133,1012446.7,No Signal
133,2023-01-16T00:00:00+05:30,752.1,755.0,745.1,747.25,838829,2.1802240977281815,762.3323583230334,772.456666568077,-10.124308245043608,-7.997943349093712,9.899999999999977,2.1000000000000227,7.7999999999999545,9.899999999999977,12.082142857142847,998381.1,No Signal
134,2023-01-17T00:00:00+05:30,744.0,752.8,741.6,750.05,1427736,1.931836213689412,760.4427647348745,770.7969134889602,-10.354148754085713,-8.469184430092113,11.199999999999932,5.5499999999999545,5.649999999999977,11.199999999999932,12.18571428571427,1035913.7,No Signal
135,2023-01-18T00:00:00+05:30,750.0,752.7,746.55,750.5,747592,1.68335560903704,758.9131086218168,769.2934384157039,-10.380329793887086,-8.85141350285111,6.150000000000091,2.650000000000091,3.5,6.150000000000091,11.407142857142853,1032775.25,No Signal
136,2023-01-19T00:00:00+05:30,750.2,752.75,737.6,738.5,1140422,1.5687067606138927,755.7726303723066,767.0124429775036,-11.239812605197017,-9.329093323320292,15.149999999999977,2.25,12.899999999999977,15.149999999999977,11.253571428571425,1038898.15,No Signal
137,2023-01-20T00:00:00+05:30,738.0,742.9,736.0,738.45,878832,1.649589703388189,753.1076103150286,764.8967064606514,-11.789096145622807,-9.821093887780796,6.899999999999977,4.399999999999977,2.5,6.899999999999977,10.824999999999998,1022011.1,No Signal
138,2023-01-23T00:00:00+05:30,739.15,743.9,734.0,742.45,682160,1.6660515633165527,751.4679779588704,763.2339874635661,-11.766009504695717,-10.210077011163781,9.899999999999977,5.449999999999932,4.4500000000000455,9.899999999999977,10.903571428571427,1005414.6,No Signal
139,2023-01-24T00:00:00+05:30,743.85,749.5,740.0,740.9,653737,1.6501406706393176,749.8421351959672,761.5796180218205,-11.737482825853249,-10.515558174101676,9.5,7.0499999999999545,2.4500000000000455,9.5,11.003571428571425,1008053.0,No Signal
140,2023-01-25T00:00:00+05:30,740.35,742.5,731.2,740.05,868627,1.5667945843022852,748.3356528581261,759.9848315016856,-11.64917864355948,-10.742282267993238,11.299999999999955,1.6000000000000227,9.699999999999932,11.299999999999955,10.317857142857138,1020972.35,No Signal
141,2023-01-27T00:00:00+05:30,740.05,745.9,725.7,735.25,772860,1.5475246639725853,746.3224754953375,758.15262176082,-11.83014626548254,-10.959855067491098,20.199999999999932,5.850000000000023,14.349999999999909,20.199999999999932,10.917857142857128,975017.6,No Signal
142,2023-01-30T00:00:00+05:30,736.0,740.35,727.55,735.65,1295677,1.5742371775095223,744.6805561883625,756.4857608896482,-11.805204701285675,-11.128924994250013,12.800000000000068,5.100000000000023,7.7000000000000455,12.800000000000068,11.282142857142853,1004011.65,No Signal
143,2023-01-31T00:00:00+05:30,736.0,739.4,725.05,729.5,2189899,1.690621153609659,742.3450860055375,754.4868156385631,-12.141729633025648,-11.331485922005141,14.350000000000023,3.75,10.600000000000023,14.350000000000023,11.71785714285714,1060452.3,No Signal
144,2023-02-01T00:00:00+05:30,737.25,748.4,731.25,740.8,933031,1.5975371898939033,742.1073804662241,753.472977443114,-11.365596976889947,-11.338308132982103,17.149999999999977,18.899999999999977,1.75,18.899999999999977,11.83571428571428,1067829.1,No Signal
145,2023-02-02T00:00:00+05:30,738.8,742.75,732.8,737.15,704702,1.5847957907306747,741.3447065483434,752.2638680028833,-10.919161454539903,-11.254478797293663,9.950000000000045,1.9500000000000455,8.0,9.950000000000045,11.699999999999998,1052845.05,No Signal
146,2023-02-03T00:00:00+05:30,737.15,741.0,720.45,726.6,1752697,1.6434705446097806,739.0762901562906,750.3628407434105,-11.286550587119905,-11.260893155258913,20.549999999999955,3.8500000000000227,16.699999999999932,20.549999999999955,12.624999999999991,980553.95,Sell
147,2023-02-06T00:00:00+05:30,728.4,732.5,721.0,729.75,851766,1.6270936618103293,737.641476286092,748.835963651306,-11.194487365213945,-11.24761199724992,11.5,5.899999999999977,5.600000000000023,11.5,12.739285714285709,992989.75,Buy
148,2023-02-07T00:00:00+05:30,731.8,734.95,722.0,728.2,1244247,1.5265510777072586,736.1889414728471,747.3073737512093,-11.118432278362206,-11.221776053472377,12.950000000000045,5.2000000000000455,7.75,12.950000000000045,12.864285714285716,1018743.45,Buy
149,2023-02-08T00:00:00+05:30,731.85,731.85,721.1,724.4,1521104,1.3602463786841001,734.3752581693321,745.6105312511197,-11.235273081787568,-11.224475459135416,10.75,3.6499999999999773,7.100000000000023,10.75,13.192857142857138,1051145.6,Sell
150,2023-02-09T00:00:00+05:30,724.5,726.35,720.8,721.95,688243,1.3237963447494507,732.4636799894349,743.8578993065923,-11.394219317157422,-11.258424230739818,5.550000000000068,1.9500000000000455,3.6000000000000227,5.550000000000068,12.507142857142858,1051139.05,Sell
151,2023-02-10T00:00:00+05:30,722.0,728.0,719.15,726.6,651630,1.2533253259479915,731.5615753756757,742.5795363949929,-11.017961019317227,-11.2103315884553,8.850000000000023,6.0499999999999545,2.800000000000068,8.850000000000023,12.646428571428576,1045569.5,Buy
152,2023-02-13T00:00:00+05:30,726.6,729.5,716.0,717.8,599763,1.286023596181837,729.4444099332641,740.744015180549,-11.299605247284944,-11.22818632022123,13.5,2.8999999999999773,10.600000000000023,13.5,12.903571428571436,1022177.7,Sell
153,2023-02-14T00:00:00+05:30,718.0,723.75,715.0,721.0,563171,1.2867089715717746,728.1452699435312,739.2814955375454,-11.136225594014263,-11.209794174979837,8.75,5.9500000000000455,2.7999999999999545,8.75,12.850000000000007,1008394.8,Buy
154,2023-02-15T00:00:00+05:30,721.05,729.8,717.2,728.1,727403,1.1699077570836849,728.138305336834,738.4532366088383,-10.314931272004287,-11.030821594384728,12.599999999999909,8.799999999999955,3.7999999999999545,12.599999999999909,12.942857142857147,973378.15,Buy
155,2023-02-16T00:00:00+05:30,732.2,735.5,728.1,732.6,837121,1.0123293004285236,728.824719900398,738.0196635267022,-9.194943626304166,-10.663646000768615,7.399999999999977,7.399999999999977,0.0,7.399999999999977,12.028571428571436,977854.6,Buy
156,2023-02-17T00:00:00+05:30,731.2,734.8,724.15,726.25,624402,1.010395246505807,728.4286091464907,737.1478365987983,-8.719227452307678,-10.274762291076428,10.649999999999977,2.199999999999932,8.450000000000045,10.649999999999977,11.875,952053.6,No Signal
157,2023-02-20T00:00:00+05:30,726.95,729.45,718.6,721.8,1316763,1.0270153949820524,727.4088231239537,736.0109598137021,-8.602136689748477,-9.940237170810839,10.850000000000023,3.2000000000000455,7.649999999999977,10.850000000000023,11.625,973950.15,No Signal
158,2023-02-21T00:00:00+05:30,725.45,730.0,722.05,726.2,673449,0.9484653856972148,727.2228503356531,735.2842220497242,-8.061371714071129,-9.564464079462898,7.9500000000000455,8.200000000000045,0.25,8.200000000000045,10.860714285714291,973514.6,No Signal
159,2023-02-22T00:00:00+05:30,726.0,734.0,719.85,721.45,1690647,0.909691910563409,726.3347195147834,734.2594648608558,-7.924745346072427,-9.236520332784805,14.149999999999977,7.7999999999999545,6.350000000000023,14.149999999999977,11.160714285714286,1025360.1,No Signal
160,2023-02-23T00:00:00+05:30,722.95,724.95,715.0,716.1,1165270,0.9132976730426327,724.7601472817398,732.9143193156073,-8.15417203386744,-9.020050673001332,9.950000000000045,3.5,6.4500000000000455,9.950000000000045,10.403571428571436,1040192.25,No Signal
161,2023-02-24T00:00:00+05:30,717.0,721.35,713.6,716.15,1040351,0.9382184416979535,723.4355092383952,731.6725178848216,-8.237008646426375,-8.863442267686342,7.75,5.25,2.5,7.75,10.135714285714291,1053566.8,No Signal
162,2023-02-27T00:00:00+05:30,720.0,720.5,700.0,710.3,1064436,1.0210648802776834,721.4146616632574,730.0893684118718,-8.674706748614312,-8.825695163871936,20.5,4.350000000000023,16.149999999999977,20.5,10.675000000000002,1042004.75,No Signal
163,2023-02-28T00:00:00+05:30,712.0,717.75,705.55,715.3,2395442,1.0476535597056735,720.4739444842947,728.993859640622,-8.519915156327215,-8.764539162362992,12.200000000000045,7.4500000000000455,4.75,12.200000000000045,10.778571428571436,1052281.9,No Signal
164,2023-03-01T00:00:00+05:30,712.95,716.9,709.55,715.25,991540,0.935357354287388,719.6702607174801,727.9757959635389,-8.305535246058753,-8.672738379102144,7.350000000000023,1.6000000000000227,5.75,7.350000000000023,10.90714285714286,1055207.35,No Signal
165,2023-03-02T00:00:00+05:30,716.85,718.35,705.85,707.35,969963,0.9508447285178162,717.774835991714,726.447959225499,-8.673123233784963,-8.672815350038709,12.5,3.1000000000000227,9.399999999999977,12.5,11.167857142857144,1068470.4,No Signal
166,2023-03-03T00:00:00+05:30,709.0,713.25,706.2,709.85,873195,1.0016002989016128,716.5556304545272,725.2184807643508,-8.662850309823625,-8.670822341995693,7.0499999999999545,5.899999999999977,1.1499999999999773,7.0499999999999545,10.707142857142856,1024495.3,No Signal
167,2023-03-06T00:00:00+05:30,713.0,718.75,709.95,714.0,738873,0.9718336949425437,716.1624565384461,724.3874821892138,-8.225025650767634,-8.581663003750082,8.799999999999955,8.899999999999977,0.10000000000002274,8.899999999999977,10.71785714285714,1018850.65,No Signal
168,2023-03-08T00:00:00+05:30,713.0,723.2,710.8,720.5,1026064,0.9257861336009849,716.8297709171467,724.0995205455683,-7.269749628421664,-8.319280328684398,12.400000000000091,9.200000000000045,3.2000000000000455,12.400000000000091,10.703571428571438,1007941.5,No Signal
169,2023-03-09T00:00:00+05:30,722.85,722.85,708.1,709.25,905482,0.9807944377470438,715.6636523145087,722.9995560607114,-7.335903746202689,-8.122605012188057,14.75,2.3500000000000227,12.399999999999977,14.75,11.22857142857144,977160.4,No Signal
170,2023-03-10T00:00:00+05:30,707.0,710.2,701.35,704.4,970968,1.0824484720305225,713.9307827276612,721.6218111673253,-7.691028439664137,-8.036289697683273,8.850000000000023,0.9500000000000455,7.899999999999977,8.850000000000023,11.100000000000014,991296.65,No Signal
171,2023-03-13T00:00:00+05:30,705.0,707.3,691.75,694.15,1158256,1.300179040595652,710.887585384944,719.5868621919678,-8.699276807023807,-8.16888711955138,15.549999999999955,2.8999999999999773,12.649999999999977,15.549999999999955,11.435714285714296,1016627.95,Sell
172,2023-03-14T00:00:00+05:30,696.0,700.0,689.45,693.3,1501573,1.4977839944744678,708.1818030180295,717.639687214785,-9.457884196755458,-8.426686534992196,10.549999999999955,5.850000000000023,4.699999999999932,10.549999999999955,11.603571428571431,1061718.45,Sell
173,2023-03-15T00:00:00+05:30,696.0,699.95,686.6,687.55,1119383,1.740655470274533,705.0076794767942,715.4108214951713,-10.403142018377025,-8.821977631669162,13.350000000000023,6.650000000000091,6.699999999999932,13.350000000000023,11.546428571428578,1089529.05,Sell
174,2023-03-16T00:00:00+05:30,689.0,696.45,689.0,694.0,974834,1.7584997851486914,703.3141903265182,713.8248347177512,-10.510644391232972,-9.159710983581924,7.4500000000000455,8.900000000000091,1.4500000000000455,8.900000000000091,11.47142857142858,1101900.6,Sell
175,2023-03-17T00:00:00+05:30,698.0,708.65,694.4,706.2,2110930,1.589164208499595,703.7581610455154,713.2600321460659,-9.501871100550488,-9.228143006975637,14.25,14.649999999999977,0.39999999999997726,14.649999999999977,11.964285714285722,1165591.05,Sell
176,2023-03-20T00:00:00+05:30,691.0,706.75,691.0,702.6,1018400,1.5238091662289999,703.5799824231284,712.4704001352462,-8.890417712117824,-9.160597948004074,15.75,0.5499999999999545,15.200000000000045,15.75,11.625000000000009,1185290.95,Buy
177,2023-03-21T00:00:00+05:30,704.1,706.0,700.0,700.9,721238,1.489092508412331,703.1676774349548,711.6133334585613,-8.445656023606489,-9.017609563124557,6.0,3.3999999999999773,2.6000000000000227,6.0,11.182142857142862,1155514.7,Buy
178,2023-03-22T00:00:00+05:30,701.0,716.2,701.0,710.9,776194,1.3471106186370414,704.3572655218849,711.5604939431123,-7.203228421227436,-8.654733334745133,15.200000000000045,15.300000000000068,0.10000000000002274,15.300000000000068,11.750000000000009,1160651.95,Buy
179,2023-03-23T00:00:00+05:30,711.55,713.95,705.8,707.15,587640,1.271927720728117,704.7869169800564,711.233790688067,-6.446873708010571,-8.213161409398221,8.150000000000091,3.050000000000068,5.100000000000023,8.150000000000091,11.43928571428573,1105501.6,Buy
180,2023-03-24T00:00:00+05:30,707.0,709.7,698.85,702.35,960466,1.2480294306414472,704.4120066754323,710.5757321185805,-6.163725443148223,-7.803274216148222,10.850000000000023,2.550000000000068,8.299999999999955,10.850000000000023,11.710714285714305,1095261.4,Buy
181,2023-03-27T00:00:00+05:30,706.9,707.4,697.2,699.35,3695269,1.2227547446361584,703.6332364176735,709.744196406093,-6.110959988419495,-7.464811370602477,10.199999999999932,5.0499999999999545,5.149999999999977,10.199999999999932,11.803571428571445,1228007.3,Buy
182,2023-03-28T00:00:00+05:30,690.0,699.65,690.0,696.05,1113458,1.2498046033637533,702.4665846611084,708.7298114871231,-6.263226826014716,-7.224494461684925,9.649999999999977,0.2999999999999545,9.350000000000023,9.649999999999977,11.607142857142865,1230458.4,Buy
183,2023-03-29T00:00:00+05:30,696.05,703.0,694.8,697.55,1160584,1.2104174521613769,701.7101870209378,707.9016773028918,-6.191490281953975,-7.017893625738735,8.200000000000045,6.9500000000000455,1.25,8.200000000000045,11.139285714285725,1168715.5,No Signal
184,2023-03-31T00:00:00+05:30,700.15,711.0,698.55,711.0,972790,1.151198540318998,703.1393890177167,708.1311826878627,-4.99179367014608,-6.612673634620204,12.450000000000045,13.450000000000045,1.0,13.450000000000045,11.467857142857156,1167778.0,Buy
185,2023-04-03T00:00:00+05:30,710.0,718.5,709.3,717.05,797517,1.2134793516021507,705.279483014991,708.7918358220951,-3.5123528071040937,-5.9926094691169824,9.200000000000045,7.5,1.7000000000000455,9.200000000000045,11.014285714285734,1159155.7,No Signal
186,2023-04-05T00:00:00+05:30,717.0,728.4,715.0,727.4,947633,1.3890822905242313,708.6826394742232,710.1702183537917,-1.4875788795685594,-5.091603351207298,13.399999999999977,11.350000000000023,2.0499999999999545,13.399999999999977,11.217857142857165,1162877.6,No Signal
187,2023-04-06T00:00:00+05:30,727.3,731.45,722.5,730.5,738717,1.5710850150591031,712.0391564781888,711.6761281053627,0.36302837282607925,-4.000677006400623,8.950000000000045,4.050000000000068,4.899999999999977,8.950000000000045,10.903571428571452,1162869.8,No Signal
188,2023-04-10T00:00:00+05:30,727.0,730.65,720.0,720.65,916609,1.5939866519980177,713.3639016353906,712.3408593568174,1.0230422785731434,-2.99593314940587,10.649999999999977,0.14999999999997726,10.5,10.649999999999977,11.028571428571443,1157397.05,No Signal
189,2023-04-11T00:00:00+05:30,725.95,725.95,715.7,717.3,775911,1.639335373818343,713.9694552299459,712.7082031081643,1.261252121781581,-2.1444960951683796,10.25,5.300000000000068,4.949999999999932,10.25,10.714285714285731,1150918.5,No Signal
190,2023-04-12T00:00:00+05:30,720.9,723.6,716.35,718.4,701963,1.6801477672789469,714.6510775022618,713.1298176927447,1.5212598095171188,-1.41134491423128,7.25,6.300000000000068,0.9499999999999318,7.25,10.107142857142874,1137468.25,No Signal
191,2023-04-13T00:00:00+05:30,722.0,723.7,717.65,719.6,502327,1.6699465561511913,715.4124501942216,713.6090904562451,1.803359737976507,-0.7684039837897226,6.050000000000068,5.300000000000068,0.75,6.050000000000068,10.110714285714307,1104671.8,No Signal
192,2023-04-17T00:00:00+05:30,717.0,719.25,711.5,713.6,1180244,1.6198789437676608,715.1336117028029,713.6084170891158,1.5251946136870629,-0.3096842642943655,7.75,0.35000000000002274,8.100000000000023,8.100000000000023,9.59642857142859,1088605.35,No Signal
193,2023-04-18T00:00:00+05:30,716.2,719.9,706.7,707.05,1323586,1.4738504557424799,713.889979133141,713.122608415848,0.7673707172929198,-0.09427326797690845,13.199999999999932,6.2999999999999545,6.899999999999977,13.199999999999932,9.957142857142864,1098815.5,No Signal
194,2023-04-19T00:00:00+05:30,708.0,708.9,698.25,700.85,1235143,1.4226808197983072,711.8838284972732,712.2135263109705,-0.3296978136972939,-0.14135817712098556,10.649999999999977,1.8500000000000227,8.799999999999955,10.649999999999977,9.942857142857147,1111830.95,No Signal
195,2023-04-20T00:00:00+05:30,699.0,704.4,696.45,703.4,1262966,1.4289341684189547,710.5786241130772,711.5606725101578,-0.9820483970805753,-0.30949622111290354,7.949999999999932,3.5499999999999545,4.399999999999977,7.949999999999932,9.78214285714286,1069432.75,No Signal
196,2023-04-21T00:00:00+05:30,703.4,705.0,697.0,700.4,966029,1.4491755572185747,709.0126819418346,710.7339560279239,-1.7212740860893518,-0.5918517941081932,8.0,1.6000000000000227,6.399999999999977,8.0,9.66428571428572,1066814.2,No Signal
197,2023-04-24T00:00:00+05:30,706.0,735.0,706.0,732.55,6009290,1.5111925530197923,712.6338077969369,712.3499592851148,0.283848511822157,-0.4167117329221232,29.0,34.60000000000002,5.600000000000023,34.60000000000002,11.550000000000002,1331216.8,Buy
198,2023-04-25T00:00:00+05:30,736.0,738.0,728.35,734.45,1783879,1.658698790766315,715.9901450589466,713.9869993380693,2.0031457208773418,0.06725975783776976,9.649999999999977,5.4500000000000455,4.199999999999932,9.649999999999977,11.278571428571427,1381601.05,Buy
199,2023-04-26T00:00:00+05:30,733.95,749.0,724.0,746.7,3725680,1.907923397868614,720.714738126801,716.4101845722863,4.304553554514655,0.9147185171731469,25.0,14.549999999999955,10.450000000000045,25.0,12.407142857142853,1538503.05,Buy
200,2023-04-27T00:00:00+05:30,743.0,755.25,742.15,754.0,1664942,2.1736296332806035,725.8355476457547,719.1946153447095,6.640932301045154,2.0599612739475486,13.100000000000023,8.549999999999955,4.550000000000068,13.100000000000023,12.385714285714284,1573726.85,Buy
201,2023-04-28T00:00:00+05:30,758.0,765.0,751.5,763.85,1261145,2.463576539074725,731.6839249310232,722.5024216154718,9.181503315551367,3.484269682268313,13.5,11.0,2.5,13.5,12.71071428571428,1452020.65,Buy
202,2023-05-02T00:00:00+05:30,767.95,783.05,764.95,779.6,1438425,2.830935333485154,739.0556287877888,726.7318718661776,12.32375692161122,5.252167130136895,18.09999999999991,19.199999999999932,1.1000000000000227,19.199999999999932,13.321428571428564,1468269.0,Buy
203,2023-05-03T00:00:00+05:30,777.9,786.85,774.7,781.4,1189150,3.1299132703401344,745.5701474358212,730.7813628390534,14.788784596767869,7.15949062346309,12.149999999999977,7.25,4.899999999999977,12.149999999999977,13.457142857142847,1469697.3,Buy
204,2023-05-04T00:00:00+05:30,773.0,782.65,768.9,775.5,1001352,3.372550945944655,750.1747401380026,734.0938544806049,16.08088565739763,8.943769630249998,13.75,1.25,12.5,13.75,13.921428571428562,1471125.4,Buy
205,2023-05-05T00:00:00+05:30,777.9,782.2,775.0,776.25,617459,3.5626066878341813,754.1863185783099,737.216531926486,16.969786651823824,10.548973034564764,7.2000000000000455,6.7000000000000455,0.5,7.2000000000000455,14.003571428571417,1462122.5,Buy
206,2023-05-08T00:00:00+05:30,776.8,789.8,776.4,788.9,1048005,3.8103193723412176,759.5268849508776,741.0449369689685,18.481947981909116,12.135568024033635,13.399999999999977,13.549999999999955,0.14999999999997726,13.549999999999955,14.392857142857126,1467141.1,Buy
207,2023-05-09T00:00:00+05:30,789.65,792.2,785.0,789.0,652399,4.061672537051251,764.0612103430503,744.597163860156,19.464046482894332,13.601263715805775,7.2000000000000455,3.300000000000068,3.8999999999999773,7.2000000000000455,13.964285714285706,1462825.2,Buy
208,2023-05-10T00:00:00+05:30,789.0,792.0,784.8,791.15,476497,4.236131010230379,768.2287164441195,748.0455220927371,20.18319435138244,14.917649842921108,7.2000000000000455,3.0,4.2000000000000455,7.2000000000000455,13.71785714285714,1440819.6,Buy
209,2023-05-11T00:00:00+05:30,791.15,791.5,786.0,789.45,968940,4.34278866303976,771.4935292988704,751.112520456238,20.381008842632355,16.010321642863357,5.5,0.35000000000002274,5.149999999999977,5.5,13.542857142857144,1450471.05,Buy
210,2023-05-12T00:00:00+05:30,788.0,795.25,784.8,789.05,747655,4.3949258834708695,774.1945247913519,753.9227041261463,20.27182066520561,16.862621447331808,10.450000000000045,5.7999999999999545,4.650000000000091,10.450000000000045,13.717857142857147,1452755.65,Buy
211,2023-05-15T00:00:00+05:30,789.0,791.4,784.2,786.95,803643,4.403454136577207,776.1569055926824,756.3691704871725,19.78773510550991,17.44764417896743,7.199999999999932,2.3500000000000227,4.849999999999909,7.199999999999932,11.760714285714284,1467821.45,No Signal
212,2023-05-16T00:00:00+05:30,787.5,789.7,784.8,786.25,658173,4.3066346232843475,777.7096893476544,758.5825652659005,19.12712408175389,17.783540159524723,4.900000000000091,2.75,2.150000000000091,4.900000000000091,11.421428571428578,1441717.9,No Signal
213,2023-05-17T00:00:00+05:30,786.25,786.6,772.85,778.25,907649,4.087423513552695,777.7928140633999,760.0394122832412,17.753401780158697,17.777512483651517,13.75,0.35000000000002274,13.399999999999977,13.75,10.617857142857149,1420921.05,No Signal
214,2023-05-18T00:00:00+05:30,783.4,786.0,775.0,776.3,1004449,3.6610053640694877,777.5631503613383,761.2439002622604,16.319250099077976,17.48586000673681,11.0,7.75,3.25,11.0,10.467857142857147,1409386.35,No Signal
215,2023-05-19T00:00:00+05:30,771.9,771.9,756.45,765.45,1233831,3.173934242434688,775.6995887672863,761.5554632057966,14.144125561489659,16.81751311768738,15.449999999999932,4.399999999999977,19.84999999999991,19.84999999999991,10.921428571428569,1407929.6,No Signal
216,2023-05-22T00:00:00+05:30,765.45,768.0,760.2,766.1,548104,2.370348409668957,774.2227289569346,761.8920955609228,12.330633396011763,15.920137173352257,7.7999999999999545,2.5499999999999545,5.25,7.7999999999999545,10.107142857142858,1387033.35,No Signal
217,2023-05-23T00:00:00+05:30,766.05,771.55,762.05,770.05,826476,2.0207837299804696,773.5807706558677,762.4963847786322,11.08438587723549,14.952986914128905,9.5,5.449999999999932,4.050000000000068,9.5,9.917857142857144,1127892.65,No Signal
218,2023-05-24T00:00:00+05:30,767.4,774.6,765.55,771.15,861728,1.6146250726996947,773.2068059395804,763.1373933135484,10.069412626031976,13.97627205650952,9.050000000000068,4.550000000000068,4.5,9.050000000000068,9.582142857142864,1081785.1,No Signal
219,2023-05-25T00:00:00+05:30,765.05,782.45,765.05,780.3,980266,1.325061550928216,774.2980665642604,764.4086975125448,9.889369051715562,13.15889145555073,17.40000000000009,11.300000000000068,6.100000000000023,17.40000000000009,10.310714285714296,944514.4,No Signal
220,2023-05-26T00:00:00+05:30,784.0,791.0,781.15,789.7,961268,1.137114255224301,776.6675947851434,766.2821273264303,10.385467458713038,12.604206656183193,9.850000000000023,10.700000000000045,0.8500000000000227,10.700000000000045,10.107142857142874,909330.7,No Signal
221,2023-05-29T00:00:00+05:30,791.0,797.0,790.25,794.25,1171159,1.097762951315141,779.3725802028137,768.3538215985466,11.018758604267077,12.28711704579997,6.75,7.2999999999999545,0.5499999999999545,7.2999999999999545,10.114285714285725,904831.4,No Signal
222,2023-05-30T00:00:00+05:30,792.55,797.0,788.25,790.9,601270,1.1340004580784613,781.1460294023808,770.0239088875431,11.122120514837661,12.05411773960751,8.75,2.75,6.0,8.75,10.225000000000007,862973.65,No Signal
223,2023-05-31T00:00:00+05:30,787.05,800.0,787.05,798.65,2201928,1.2175765322919423,783.8389479558607,772.1443600810585,11.69458787480221,11.982211766646449,12.950000000000045,9.100000000000023,3.8500000000000227,12.950000000000045,10.757142857142867,913612.55,No Signal
224,2023-06-01T00:00:00+05:30,798.9,801.45,789.35,793.65,703293,1.2429586728408692,785.348340578036,773.7373704454245,11.610970132611442,11.907963439839449,12.100000000000023,2.800000000000068,9.299999999999955,12.100000000000023,10.875000000000009,898709.6,No Signal
225,2023-06-02T00:00:00+05:30,795.5,799.85,793.0,796.05,697200,1.2663507569528527,786.9947497198766,775.3901578198376,11.604591900039054,11.84728913187937,6.850000000000023,6.2000000000000455,0.6499999999999773,6.850000000000023,10.850000000000014,902696.65,No Signal
226,2023-06-05T00:00:00+05:30,796.95,800.45,790.6,792.45,774985,1.286080607480539,787.8340189937418,776.6538498331829,11.180169160558876,11.713865137615272,9.850000000000023,4.400000000000091,5.449999999999932,9.850000000000023,11.203571428571438,889045.65,No Signal
227,2023-06-06T00:00:00+05:30,792.95,795.95,784.45,792.1,744002,1.2981530936151149,788.4903237639354,777.798009104799,10.6923146591364,11.509555041919498,11.5,3.5,8.0,11.5,11.042857142857153,893625.8,No Signal
228,2023-06-07T00:00:00+05:30,794.0,824.0,791.5,823.1,3971089,1.6198092122596894,793.8148893387146,781.1537121340732,12.661177204641376,11.739879474463875,32.5,31.899999999999977,0.6000000000000227,32.5,12.578571428571438,1068355.4,Buy
229,2023-06-08T00:00:00+05:30,824.8,824.8,805.2,807.1,1117198,1.746962578769092,795.8587525173739,783.0756593834011,12.783093133972784,11.948522206365658,19.59999999999991,1.6999999999999318,17.899999999999977,19.59999999999991,12.560714285714296,1075768.3,Buy
230,2023-06-09T00:00:00+05:30,810.7,811.85,799.0,801.0,835145,1.8006580967495287,796.6497136685472,784.403388317964,12.24632535058322,12.008082835209171,12.850000000000023,4.75,8.100000000000023,12.850000000000023,12.921428571428587,1080142.8,Buy
231,2023-06-12T00:00:00+05:30,802.95,807.85,799.35,800.75,3168760,1.835590566837127,797.2805269503092,785.6142484425592,11.666278507750008,11.93972196971734,8.5,6.850000000000023,1.6499999999999773,8.5,12.850000000000014,1198398.65,Sell
232,2023-06-13T00:00:00+05:30,802.35,821.1,802.35,819.9,2697513,1.9819520796675723,800.7604458810308,788.1539337431103,12.606512137920504,12.073080003357973,18.75,20.350000000000023,1.6000000000000227,20.350000000000023,13.657142857142869,1300365.65,Buy
233,2023-06-14T00:00:00+05:30,822.8,865.0,816.0,862.5,7652583,2.622366400068758,810.2588388224107,793.6610497621392,16.597789060271452,12.97802181474067,49.0,45.10000000000002,3.8999999999999773,49.0,15.91428571428572,1637612.35,Buy
234,2023-06-15T00:00:00+05:30,864.0,872.4,856.0,865.0,3106263,3.1328134144975075,818.6805559266552,798.9454164464252,19.735139480230032,14.329445347838544,16.399999999999977,9.899999999999977,6.5,16.399999999999977,16.321428571428573,1742703.05,Buy
235,2023-06-16T00:00:00+05:30,868.0,870.45,852.5,862.5,1750225,3.4049583854571326,825.4220088610159,803.6531633763196,21.76884548469627,15.81732537521009,17.950000000000045,5.4500000000000455,12.5,17.950000000000045,17.082142857142863,1768522.75,Buy
236,2023-06-19T00:00:00+05:30,866.45,870.0,854.95,856.5,1302083,3.5254316461979665,830.2032382670135,807.5677438669626,22.635494400050902,17.180959180178252,15.049999999999955,7.5,7.5499999999999545,15.049999999999955,17.532142857142862,1806221.7,Buy
237,2023-06-20T00:00:00+05:30,857.0,866.55,847.3,859.6,1176158,3.5882834734255105,834.7258169951652,811.4219850620024,23.303831933162883,18.40553373077518,19.25,10.049999999999955,9.200000000000045,19.25,17.982142857142858,1823705.8,Buy
238,2023-06-21T00:00:00+05:30,859.0,877.2,853.05,858.95,1437437,3.590955258823722,838.4526143805244,814.9425787611133,23.510035619411155,19.426434108502377,24.15000000000009,17.600000000000023,6.550000000000068,24.15000000000009,18.84285714285715,1852491.25,Buy
239,2023-06-22T00:00:00+05:30,862.0,862.0,840.6,842.0,986467,3.566435384409367,838.9983660142899,816.946832186216,22.051533828073843,19.951454052416672,21.399999999999977,3.0499999999999545,18.350000000000023,21.399999999999977,19.88214285714286,1852801.3,Buy
240,2023-06-23T00:00:00+05:30,842.0,845.95,831.75,842.8,804389,3.502800391897364,839.5832327813222,818.8618816539038,20.721351127418416,20.105433467417022,14.200000000000045,3.9500000000000455,10.25,14.200000000000045,20.192857142857147,1844957.35,Buy
241,2023-06-26T00:00:00+05:30,854.0,866.0,847.85,861.9,3012780,3.47237637246594,843.0165815841957,822.0498904202813,20.966691163914447,20.27768500671651,18.149999999999977,23.200000000000045,5.050000000000068,23.200000000000045,21.028571428571436,1937038.4,Buy
242,2023-06-27T00:00:00+05:30,863.95,868.05,852.6,853.9,1126258,3.432209809637192,844.6909536481655,824.4091577965568,20.281795851608763,20.278507175694962,15.449999999999932,6.149999999999977,9.299999999999955,15.449999999999932,19.810714285714287,1963287.8,Buy
243,2023-06-28T00:00:00+05:30,854.5,860.0,851.0,857.0,910192,3.381013281050328,846.5846530869093,826.8232942560711,19.761358830838162,20.175077506723603,9.0,6.100000000000023,2.8999999999999773,9.0,19.053571428571438,1898701.0,Sell
244,2023-06-30T00:00:00+05:30,850.05,863.4,850.05,859.65,1389688,3.265222539682987,848.594706458154,829.2549020889547,19.339804369199214,20.00802287921873,13.350000000000023,6.399999999999977,6.9500000000000455,13.350000000000023,19.089285714285722,1933020.75,Sell
245,2023-07-03T00:00:00+05:30,866.95,866.95,856.45,858.95,1220530,3.1302879734357516,850.1878285415149,831.4545389712544,18.73328957026058,19.7530762174271,10.5,7.300000000000068,3.199999999999932,10.5,19.232142857142865,1959187.25,Sell
246,2023-07-04T00:00:00+05:30,858.65,861.7,852.2,855.9,757207,2.8953630427547465,851.0666241505127,833.2653138622726,17.801310288240074,19.362723031589695,9.5,2.75,6.75,9.5,18.457142857142863,1958298.35,Sell
247,2023-07-05T00:00:00+05:30,859.0,861.0,841.15,846.45,2534665,2.577573081218247,850.356374281203,834.2419572798821,16.11441700132093,18.71306182553594,19.850000000000023,5.100000000000023,14.75,19.850000000000023,16.375000000000007,2047831.5,No Signal
248,2023-07-06T00:00:00+05:30,845.9,847.55,841.4,845.0,2360241,2.510547114755063,849.5323166994795,835.0388493332241,14.493467366255345,17.86914293367982,6.149999999999977,1.099999999999909,5.050000000000068,6.149999999999977,15.642857142857151,1967289.1,No Signal
249,2023-07-07T00:00:00+05:30,845.05,852.5,832.0,834.0,1808334,2.32640571444966,847.1427295149441,834.961897530763,12.180831984181054,16.731480743780068,20.5,7.5,13.0,20.5,15.825000000000005,2001845.9,No Signal
250,2023-07-10T00:00:00+05:30,841.5,841.5,822.0,827.0,1172547,2.0369375082558663,844.0438480511066,834.3721273432991,9.67172070780748,15.319528736585552,19.5,7.5,12.0,19.5,16.14285714285715,2018716.0,No Signal
251,2023-07-11T00:00:00+05:30,826.0,843.0,826.0,842.5,2164458,1.5061536958943844,843.806332966321,834.9741919845362,8.832140981784733,14.022051185625388,17.0,16.0,1.0,17.0,15.982142857142865,1968500.9,No Signal
252,2023-07-12T00:00:00+05:30,844.95,847.75,838.9,842.9,1432502,1.2619382207114074,843.6668971253486,835.5612888745706,8.105608250778005,12.838762598655912,8.850000000000023,5.25,3.6000000000000227,8.850000000000023,14.889285714285718,1905250.35,No Signal
253,2023-07-13T00:00:00+05:30,847.0,849.0,835.2,837.0,984257,1.2912094541466812,842.6412206445257,835.6678600690468,6.973360575478864,11.665682194020503,13.799999999999955,6.100000000000023,7.699999999999932,13.799999999999955,14.346428571428573,1571834.05,No Signal
254,2023-07-14T00:00:00+05:30,838.95,852.75,833.9,852.0,1701389,1.2048342395546738,844.0810328530602,836.8776482120804,7.203384640979721,10.773222683412348,18.850000000000023,15.75,3.1000000000000227,18.850000000000023,14.678571428571429,1501590.35,No Signal
255,2023-07-17T00:00:00+05:30,855.1,860.7,849.35,851.0,1192735,1.1551968503869277,845.1454893372047,837.9237483445189,7.221740992685795,10.062926345267037,11.350000000000023,8.700000000000045,2.6499999999999773,11.350000000000023,13.832142857142856,1473715.85,No Signal
256,2023-07-18T00:00:00+05:30,854.2,862.95,848.5,859.0,1408323,1.1575105085686033,847.2769525160963,839.4849521708509,7.792000345245469,9.608741145262725,14.450000000000045,11.950000000000045,2.5,14.450000000000045,13.760714285714291,1479027.85,No Signal
257,2023-07-19T00:00:00+05:30,864.95,864.95,854.4,859.0,947349,1.1538295251574748,849.0804982828507,840.9305112693064,8.149987013544319,9.316990318919045,10.550000000000068,5.9500000000000455,4.600000000000023,10.550000000000068,13.871428571428583,1467587.4,No Signal
258,2023-07-20T00:00:00+05:30,860.0,875.0,854.65,874.8,1375026,1.28732631922405,853.0373447008736,843.4393622863948,9.597982414478793,9.373188738030995,20.350000000000023,16.0,4.350000000000023,20.350000000000023,14.371428571428583,1464466.85,No Signal
259,2023-07-21T00:00:00+05:30,873.7,876.35,849.6,852.25,1223782,1.3028853057871397,852.916214746893,844.0920021170323,8.824212629860767,9.26339351639695,26.75,1.5500000000000682,25.199999999999932,26.75,15.532142857142869,1476332.6,No Signal
260,2023-07-24T00:00:00+05:30,854.0,866.95,849.35,860.2,1145201,1.2948168523249524,854.0367970935249,845.2851871454003,8.75160994812461,9.161036802742483,17.600000000000023,14.700000000000045,2.8999999999999773,17.600000000000023,16.110714285714298,1493373.2,No Signal
261,2023-07-25T00:00:00+05:30,863.1,869.5,856.0,869.0,871015,1.3337439847670922,856.3388283099057,847.0418399494447,9.296988360461,9.188227114286187,13.5,9.299999999999955,4.2000000000000455,13.5,15.657142857142869,1386284.95,No Signal
262,2023-07-26T00:00:00+05:30,873.95,883.9,869.8,870.1,1931541,1.4118481381286903,858.4559316468433,848.7498518050414,9.706079841801852,9.29179765978932,14.100000000000023,14.899999999999977,0.7999999999999545,14.899999999999977,16.28214285714287,1426549.1,Buy
263,2023-07-27T00:00:00+05:30,875.95,876.0,847.7,850.2,3164176,1.44117144529742,857.1857883165598,848.8572701898531,8.328518126706626,9.099141753172782,28.299999999999955,5.899999999999977,22.399999999999977,28.299999999999955,16.839285714285722,1539248.3,Sell
264,2023-07-28T00:00:00+05:30,854.25,860.4,842.45,859.4,2351706,1.4248452565021643,857.5264362678582,849.6382131387529,7.888223129105313,8.856958028359289,17.949999999999932,10.199999999999932,7.75,17.949999999999932,16.72857142857143,1587349.2,Sell
265,2023-07-31T00:00:00+05:30,859.35,860.7,852.5,858.1,1449972,1.4243558412185253,857.6146768420339,850.265012165512,7.349664676521911,8.555499357991813,8.200000000000045,1.3000000000000682,6.899999999999977,8.200000000000045,16.100000000000005,1598821.3,Sell
266,2023-08-01T00:00:00+05:30,861.9,862.7,853.1,856.05,983016,1.4280445124771015,857.3739573278748,850.6935297828815,6.680427544993336,8.180484995392119,9.600000000000023,4.600000000000023,5.0,9.600000000000023,16.153571428571436,1610111.75,Sell
267,2023-08-02T00:00:00+05:30,855.0,855.0,838.25,840.8,1601761,1.4784212779187667,854.8241177389709,849.9606757248903,4.863442014080647,7.517076399129825,16.75,1.0499999999999545,17.799999999999955,17.799999999999955,16.43928571428572,1563466.55,Sell
268,2023-08-03T00:00:00+05:30,840.0,841.65,832.55,834.9,1373228,1.5481910670135939,851.7588688560523,848.8450701156391,2.913798740413199,6.5964208673865,9.100000000000023,0.8500000000000227,8.25,9.100000000000023,15.742857142857149,1514115.9,Sell
269,2023-08-04T00:00:00+05:30,837.05,841.45,832.4,834.2,885652,1.547789177598867,849.0575044166596,847.7602501070733,1.2972543095863784,5.536587555826475,9.050000000000068,6.550000000000068,2.5,9.050000000000068,15.578571428571438,1467981.8,Sell
270,2023-08-07T00:00:00+05:30,836.95,840.65,829.5,835.3,1104250,1.4600263306514647,846.9409652756351,846.8372686176605,0.10369665797463767,4.450009376256108,11.149999999999977,6.449999999999932,4.7000000000000455,11.149999999999977,15.342857142857147,1464566.95,No Signal
271,2023-08-08T00:00:00+05:30,839.0,853.1,833.9,846.0,1250603,1.4276156378590357,846.7962013870758,846.775248720056,0.020952667019855653,3.5641980344088573,19.200000000000045,17.800000000000068,1.3999999999999773,19.200000000000045,15.960714285714289,1418874.2,Sell
272,2023-08-09T00:00:00+05:30,851.0,862.45,847.65,860.75,1703033,1.3965277380421943,848.942939635218,847.8104154815333,1.1325241536846988,3.077863258264026,14.800000000000068,16.450000000000045,1.6499999999999773,16.450000000000045,15.682142857142862,1432400.75,Sell
273,2023-08-10T00:00:00+05:30,861.15,863.2,848.4,850.7,938377,1.3444087069308228,849.2132566144152,848.0244587791974,1.1887978352177697,2.700050173654775,14.800000000000068,2.4500000000000455,12.350000000000023,14.800000000000068,14.828571428571438,1430106.75,No Signal
274,2023-08-11T00:00:00+05:30,849.7,853.0,835.0,835.8,907175,1.4496513713468904,847.1496786737359,847.1189433140717,0.030735359664276984,2.1661872108566755,18.0,2.2999999999999545,15.700000000000045,18.0,14.857142857142865,1390396.05,No Signal
275,2023-08-14T00:00:00+05:30,838.85,845.9,830.05,845.25,751548,1.4469990329188493,846.8574204162381,846.9805030685849,-0.12308265234673854,1.7083332382159928,15.850000000000023,10.100000000000023,5.75,15.850000000000023,15.02500000000001,1368336.7,No Signal
276,2023-08-16T00:00:00+05:30,840.9,843.05,837.0,838.8,357964,1.4907666607748096,845.6178172752784,846.3745398783193,-0.7567226030408847,1.2153220699646174,6.0499999999999545,2.2000000000000455,8.25,8.25,14.550000000000011,1315818.75,No Signal
277,2023-08-17T00:00:00+05:30,835.0,845.95,835.0,844.9,1102873,1.4749199797597492,845.5073838483125,846.2653147021475,-0.7579308538349778,0.8206714852046985,10.950000000000045,7.150000000000091,3.7999999999999545,10.950000000000045,13.310714285714303,1323594.95,No Signal
278,2023-08-18T00:00:00+05:30,845.0,848.95,835.5,843.4,1141865,1.328334167531238,845.1831709485722,846.0530691686552,-0.8698982200829732,0.4825575441471641,13.450000000000045,4.050000000000068,9.399999999999977,13.450000000000045,12.98928571428574,1311936.9,No Signal
279,2023-08-21T00:00:00+05:30,846.0,849.4,840.8,847.7,676982,1.3196183501006356,845.5703754180226,846.175064045051,-0.6046886270283949,0.2651083099120523,8.600000000000023,6.0,2.6000000000000227,8.600000000000023,13.017857142857167,1284596.9,No Signal
280,2023-08-22T00:00:00+05:30,847.0,851.2,844.0,846.5,780739,1.2858673682078525,845.7133945844807,846.1991333750473,-0.48573879056652913,0.11493888981633602,7.2000000000000455,3.5,3.7000000000000455,7.2000000000000455,12.846428571428598,1266373.8,No Signal
281,2023-08-23T00:00:00+05:30,848.0,848.0,840.35,844.0,512858,1.157868939045224,845.4497954176376,846.0362346065252,-0.5864391888876526,-0.025336725924461703,7.649999999999977,1.5,6.149999999999977,7.649999999999977,12.121428571428599,1248465.95,No Signal
282,2023-08-24T00:00:00+05:30,845.0,854.8,842.95,845.0,1478458,0.9639301400693568,845.3805961226165,845.9594764875234,-0.5788803649069223,-0.13604545372095384,11.849999999999909,10.799999999999955,1.0499999999999545,11.849999999999909,12.317857142857163,1225811.8,No Signal
283,2023-08-25T00:00:00+05:30,840.0,846.15,830.55,831.0,1147456,1.0494916708637656,843.168196719137,844.8513671180772,-1.6831703989402058,-0.44547044276480424,15.600000000000023,1.1499999999999773,14.450000000000045,15.600000000000023,12.785714285714302,1124975.8,No Signal
284,2023-08-28T00:00:00+05:30,832.5,842.95,828.25,840.0,646782,0.9621837974494776,842.6807818392697,844.4920065908123,-1.811224751542568,-0.718621304520357,14.700000000000045,11.950000000000045,2.75,14.700000000000045,13.039285714285736,1039729.6,No Signal
285,2023-08-29T00:00:00+05:30,841.0,843.95,836.0,838.05,604904,0.8895591753200334,841.9683538639974,844.0148209174188,-2.0464670534213383,-0.9841904543005533,7.9500000000000455,3.9500000000000455,4.0,7.9500000000000455,12.235714285714307,997476.2,No Signal
286,2023-08-30T00:00:00+05:30,841.0,849.25,838.7,848.0,603780,0.8146197480182625,842.8962994233824,844.3100193679803,-1.413719944597915,-1.0700963523600258,10.549999999999955,11.200000000000045,0.650000000000091,11.200000000000045,11.860714285714307,978514.4,No Signal
287,2023-08-31T00:00:00+05:30,848.35,851.45,829.05,837.0,2020923,0.8375407120528409,841.9891764351697,843.7685364518336,-1.7793600166638726,-1.2119490852207953,22.40000000000009,3.4500000000000455,18.950000000000045,22.40000000000009,12.403571428571452,999472.5,No Signal
288,2023-09-01T00:00:00+05:30,833.0,847.4,833.0,844.15,661741,0.8048044552440129,842.321610829759,843.796793010957,-1.4751821811979653,-1.2645957044162293,14.399999999999977,10.399999999999977,4.0,14.399999999999977,12.146428571428592,963898.15,No Signal
289,2023-09-04T00:00:00+05:30,844.0,849.0,837.0,846.05,705024,0.7697993650048381,842.8952091636422,843.9636972323676,-1.0684880687254008,-1.2253741772780637,12.0,4.850000000000023,7.149999999999977,12.0,11.871428571428591,954866.75,No Signal
290,2023-09-05T00:00:00+05:30,847.0,852.4,843.05,846.3,745626,0.7385654561387776,843.4190231384665,844.1367566966367,-0.7177335581701527,-1.1238460534564816,9.350000000000023,6.350000000000023,3.0,9.350000000000023,11.95000000000002,936935.55,No Signal
291,2023-09-06T00:00:00+05:30,845.8,883.0,845.5,878.9,3618782,1.139081421022538,848.8776349633179,846.711811756145,2.1658232071728207,-0.4659122013306211,37.5,36.700000000000045,0.7999999999999545,37.5,13.84642857142859,1055344.5,Buy
292,2023-09-07T00:00:00+05:30,865.7,866.95,854.0,858.7,3458930,1.1479631088109392,850.3887680458844,847.5998257001343,2.7889423457501152,0.1850587080855262,12.950000000000045,11.949999999999932,24.899999999999977,24.899999999999977,14.664285714285727,1143139.35,Buy
293,2023-09-08T00:00:00+05:30,864.0,864.85,851.75,853.1,901217,1.1649679393227408,850.8058806542099,848.0072460186428,2.798634635567055,0.707773893581832,13.100000000000023,6.149999999999977,6.9500000000000455,13.100000000000023,14.985714285714298,1141281.35,Buy
294,2023-09-11T00:00:00+05:30,855.5,864.95,854.75,862.6,1039583,1.1989038647414447,852.6203605535623,849.0881907580026,3.532169795559639,1.2726530739773934,10.200000000000045,11.850000000000023,1.6499999999999773,11.850000000000023,15.317857142857154,1147901.75,Buy
295,2023-09-12T00:00:00+05:30,867.0,874.0,856.0,864.75,1795152,1.2795576032252582,854.4864589299373,850.2483247759284,4.23813415400889,1.8657492899836927,18.0,11.399999999999977,6.600000000000023,18.0,16.05714285714287,1200081.95,Buy
296,2023-09-13T00:00:00+05:30,862.0,891.25,860.15,889.3,2812359,1.5955465305692047,859.8423883253315,853.1410414591929,6.701346866138579,2.83286880521467,31.100000000000023,26.5,4.600000000000023,31.100000000000023,17.43214285714288,1322801.7,Buy
297,2023-09-14T00:00:00+05:30,895.0,897.7,881.0,884.55,2205160,1.8112723282322662,863.6435593522036,855.4676309807342,8.175928371469467,3.9014807184656295,16.700000000000045,8.400000000000091,8.299999999999955,16.700000000000045,17.510714285714307,1377916.05,Buy
298,2023-09-15T00:00:00+05:30,887.55,889.75,873.5,875.9,1104866,1.9053978196012764,865.5291656057108,856.9811397969761,8.548025808734678,4.830789736519439,16.25,5.2000000000000455,11.049999999999955,16.25,17.62142857142859,1376066.1,Buy
299,2023-09-18T00:00:00+05:30,883.0,885.95,875.9,880.95,1084407,2.0034216937911182,867.9016016663707,858.756610923126,9.144990743244648,5.693629937864482,10.050000000000068,10.050000000000068,0.0,10.050000000000068,17.771428571428594,1396437.35,Buy
300,2023-09-20T00:00:00+05:30,880.8,880.9,865.0,869.7,924868,2.043447821306471,868.1782783330829,859.5672323362278,8.611045996855069,6.2771131496626,15.899999999999977,0.05000000000006821,15.950000000000045,15.950000000000045,18.110714285714305,1403643.8,Buy
301,2023-09-21T00:00:00+05:30,869.0,874.0,861.2,871.0,1165593,2.0397092571273183,868.6123893587624,860.4141040150257,8.198285343736643,6.661347588477408,12.799999999999955,4.2999999999999545,8.5,12.799999999999955,17.42500000000001,1436280.55,Buy
302,2023-09-22T00:00:00+05:30,871.0,889.85,870.05,877.75,1518828,2.0493572822029305,870.0181756112604,861.6982444583572,8.319931152903223,6.993064301362572,19.800000000000068,18.850000000000023,0.9500000000000455,19.800000000000068,17.810714285714305,1438299.05,Buy
303,2023-09-25T00:00:00+05:30,881.95,905.6,870.55,900.6,2700627,2.089579898494398,874.7230716710665,864.5798559799604,10.143215691106093,7.623094579311276,35.05000000000007,27.850000000000023,7.2000000000000455,35.05000000000007,19.45714285714288,1515957.6,Buy
304,2023-09-26T00:00:00+05:30,907.6,909.9,891.5,895.2,2064298,2.150814758775855,877.8733683370563,866.8480147962596,11.025353540796687,8.303546371608359,18.399999999999977,9.299999999999955,9.100000000000023,18.399999999999977,20.10357142857145,1586833.4,Buy
305,2023-09-27T00:00:00+05:30,899.0,904.0,886.9,888.85,1233749,2.103605553349737,879.562080900586,868.4777914780182,11.08428942256785,8.859694981800258,17.100000000000023,8.799999999999955,8.300000000000068,17.100000000000023,18.646428571428594,1618275.65,Buy
306,2023-09-28T00:00:00+05:30,894.8,896.0,870.1,876.5,1801983,2.0669573648951243,879.0909915312651,869.0720291463131,10.018962384952033,9.091548462430614,25.899999999999977,7.149999999999977,18.75,25.899999999999977,18.717857142857163,1678185.8,Buy
307,2023-09-29T00:00:00+05:30,885.9,885.9,873.7,876.9,817204,1.869784402836987,878.7539159110705,869.6518788391787,9.1020370718918,9.093646184322852,12.199999999999932,9.399999999999977,2.7999999999999545,12.199999999999932,18.653571428571443,1617999.85,Buy
308,2023-10-03T00:00:00+05:30,870.0,879.55,864.1,871.9,1183376,1.7231678508599937,877.6994673093674,869.8184063325729,7.881060976794515,8.851129142817186,15.449999999999932,2.6499999999999773,12.799999999999955,15.449999999999932,18.910714285714295,1644081.6,Sell
309,2023-10-04T00:00:00+05:30,867.0,869.85,855.0,864.75,623081,1.590759791814747,875.7072415694647,869.4429688264563,6.264272743008405,8.33375786285543,14.850000000000023,2.0499999999999545,16.899999999999977,16.899999999999977,18.832142857142863,1639984.45,Sell
310,2023-10-05T00:00:00+05:30,866.05,869.25,857.5,860.2,749977,1.4601611376306203,873.3215120972394,868.758304468941,4.563207628298414,7.5796478159440275,11.75,4.5,7.25,11.75,17.450000000000006,1640202.0,No Signal
311,2023-10-06T00:00:00+05:30,861.0,877.5,861.0,874.75,960117,1.4322436513535124,873.5412794668949,869.2021337675379,4.339145699357005,6.931547392626623,16.5,17.299999999999955,0.7999999999999545,17.299999999999955,17.49285714285714,1507268.75,No Signal
312,2023-10-09T00:00:00+05:30,868.0,883.85,866.8,880.65,1200788,1.3608780241444816,874.6349287796803,870.0501238588314,4.58480492084891,6.4621988982710805,17.050000000000068,9.100000000000023,7.9500000000000455,17.050000000000068,17.550000000000004,1394361.65,No Signal
313,2023-10-10T00:00:00+05:30,885.0,892.4,881.75,888.75,870512,1.2390203789540124,876.806478198191,871.4352998692883,5.371178328902715,6.243994784397408,10.649999999999977,11.75,1.1000000000000227,11.75,17.67142857142857,1392826.4,No Signal
314,2023-10-11T00:00:00+05:30,895.0,897.2,886.2,888.4,1062565,1.1982568334392325,878.5900969369309,872.6919443234151,5.8981526135157765,6.174826350221082,11.0,8.450000000000045,2.5499999999999545,11.0,17.31785714285714,1393975.5,No Signal
315,2023-10-12T00:00:00+05:30,888.9,894.15,883.2,892.35,775364,1.1743425890426997,880.7070051004799,874.1480965957547,6.558908504725196,6.251642781121905,10.949999999999932,5.75,5.199999999999932,10.949999999999932,17.18571428571428,1342986.1,No Signal
316,2023-10-13T00:00:00+05:30,890.25,918.0,888.85,913.35,5120134,1.3898626797380207,885.7290043157907,877.0519412923655,8.677063023425148,6.736726829582555,29.149999999999977,25.649999999999977,3.5,29.149999999999977,17.853571428571417,1458374.85,No Signal
317,2023-10-16T00:00:00+05:30,917.8,917.8,906.05,908.6,1524935,1.5463535478501327,889.2476190364383,879.3888345299681,9.858784506470215,7.361138364960087,11.75,4.449999999999932,7.300000000000068,11.75,16.189285714285695,1424363.6,No Signal
318,2023-10-17T00:00:00+05:30,912.05,928.0,905.15,907.85,3228492,1.6524939703932384,892.1095238000632,881.4970690092297,10.612454790833567,8.011401650134784,22.850000000000023,19.399999999999977,3.4500000000000455,22.850000000000023,16.507142857142842,1530544.9,No Signal
319,2023-10-18T00:00:00+05:30,912.45,915.0,892.1,895.7,1218914,1.6950452194276409,892.6619047538996,882.5491379715089,10.112766782390736,8.431674676585976,22.899999999999977,7.149999999999977,15.75,22.899999999999977,16.921428571428553,1537270.25,No Signal
320,2023-10-19T00:00:00+05:30,896.0,900.4,879.05,895.4,1430475,1.6626572105979052,893.0831501763766,883.5010536773231,9.582096499053591,8.661759041079499,21.350000000000023,4.699999999999932,16.65000000000009,21.350000000000023,16.596428571428557,1562550.6,No Signal
321,2023-10-20T00:00:00+05:30,891.95,901.8,888.65,898.95,2295312,1.6317717607641387,893.9857424569341,884.6454200715955,9.340322385338595,8.797471709931319,13.149999999999977,6.399999999999977,6.75,13.149999999999977,16.664285714285704,1619036.55,No Signal
322,2023-10-23T00:00:00+05:30,898.75,906.05,880.25,883.1,973113,1.6445027462327688,892.311012848175,884.5309445107366,7.780068337438365,8.59399103543273,25.799999999999955,7.099999999999909,18.700000000000045,25.799999999999955,17.403571428571418,1591750.8,No Signal
323,2023-10-25T00:00:00+05:30,883.3,894.45,882.35,890.0,1531972,1.5993721681244715,891.9554724099942,884.9360597321636,7.019412677830587,8.279075363912302,12.100000000000023,11.350000000000023,0.75,12.100000000000023,17.06071428571428,1533318.05,No Signal
324,2023-10-26T00:00:00+05:30,883.25,886.95,872.0,880.35,1966650,1.6135400655541248,890.1700151161489,884.5963516038552,5.573663512293706,7.737992993588583,14.950000000000045,3.0499999999999545,18.0,18.0,17.50714285714285,1528435.65,No Signal
325,2023-10-27T00:00:00+05:30,880.0,894.5,876.0,891.1,797507,1.5969291179395235,890.3130897136645,885.0781033369029,5.234986376761526,7.237391670223173,18.5,14.149999999999977,4.350000000000023,18.5,17.592857142857138,1506623.55,Sell
326,2023-10-30T00:00:00+05:30,886.0,896.0,880.2,893.55,1147541,1.5756735141031228,890.8110759115622,885.7056512378731,5.105424673689072,6.810998270916353,15.799999999999955,4.899999999999977,10.899999999999977,15.799999999999955,17.503571428571416,1473901.45,Sell
327,2023-10-31T00:00:00+05:30,899.5,903.4,892.0,900.5,1082510,1.5662533047765073,892.3016796174757,886.8015289239565,5.500150693519117,6.548828755436906,11.399999999999977,9.850000000000023,1.5499999999999545,11.399999999999977,17.478571428571417,1487166.75,Sell
328,2023-11-01T00:00:00+05:30,906.0,920.0,895.7,903.15,2678745,1.5321165996143564,893.9706519840179,888.0125267814412,5.958125202576639,6.430688044864853,24.299999999999955,19.5,4.7999999999999545,24.299999999999955,18.428571428571413,1561935.2,Sell
329,2023-11-02T00:00:00+05:30,910.15,917.7,903.55,911.25,1082513,1.444185670950384,896.6290132172459,889.7338210939271,6.895192123318793,6.523588860555642,14.150000000000091,14.550000000000068,0.39999999999997726,14.550000000000068,18.68571428571428,1584906.8,Buy
330,2023-11-03T00:00:00+05:30,912.0,919.3,911.25,913.7,901911,1.2582060931191856,899.2553188761311,891.509093605488,7.7462252706430945,6.768116142573133,8.049999999999955,8.049999999999955,0.0,8.049999999999955,17.17857142857142,1592503.5,No Signal
331,2023-11-06T00:00:00+05:30,916.75,923.7,916.0,918.65,742374,1.252082613571442,902.239115972111,893.5195311161926,8.719584855918356,7.158409885242178,7.7000000000000455,10.0,2.2999999999999545,10.0,17.05357142857142,1581616.35,No Signal
332,2023-11-07T00:00:00+05:30,920.0,923.7,913.0,922.05,819721,1.2987502151818953,905.2869442840939,895.6328991816598,9.654045102434111,7.657536928680565,10.700000000000045,5.050000000000068,5.649999999999977,10.700000000000045,16.18571428571428,1562563.0,No Signal
333,2023-11-08T00:00:00+05:30,922.5,929.45,914.15,916.3,1090425,1.333050994751339,906.9812605480795,897.1637955385739,9.817465009505554,8.089522544845563,15.300000000000068,7.400000000000091,7.899999999999977,15.300000000000068,15.642857142857142,1573558.65,No Signal
334,2023-11-09T00:00:00+05:30,916.3,918.95,898.35,902.85,3194352,1.3112262524819693,906.3456820022211,897.58499586905,8.760686133171134,8.223755262510677,20.600000000000023,2.650000000000091,17.949999999999932,20.600000000000023,15.589285714285714,1680148.0,No Signal
335,2023-11-10T00:00:00+05:30,902.85,916.85,896.5,912.7,3846444,1.2978556813176017,907.3232693864948,898.7046258046759,8.618643581818901,8.302732926372322,20.350000000000023,14.0,6.350000000000023,20.350000000000023,16.10357142857143,1833702.0,No Signal
336,2023-11-12T00:00:00+05:30,922.0,922.0,914.0,915.3,157797,1.3048415985612787,908.5504587116494,899.9339127821073,8.616545929542099,8.365495527006278,8.0,9.299999999999955,1.2999999999999545,9.299999999999955,14.925000000000002,1585585.15,No Signal
337,2023-11-13T00:00:00+05:30,914.0,920.45,907.1,916.55,904887,1.3382266639903224,909.7811573713957,901.1647340575067,8.616423313888959,8.415681084382815,13.350000000000023,5.150000000000091,8.199999999999932,13.350000000000023,15.014285714285718,1554582.75,No Signal
338,2023-11-15T00:00:00+05:30,921.4,932.0,916.35,929.6,1564164,1.4598659525686846,912.8302100834886,903.271050053247,9.559160030241628,8.644376873554577,15.649999999999977,15.450000000000045,0.1999999999999318,15.649999999999977,14.846428571428573,1471366.35,No Signal
339,2023-11-16T00:00:00+05:30,933.0,933.0,918.0,920.05,1315309,1.5027666045075423,913.9409469937211,904.5139352344879,9.42701175923321,8.800903850690304,15.0,3.3999999999999773,11.600000000000023,15.0,14.596428571428573,1476186.1,No Signal
340,2023-11-17T00:00:00+05:30,922.0,934.0,921.0,930.85,961365,1.576526779230097,916.5423397639179,906.4647548467481,10.077584917169816,9.056240063986207,13.0,13.950000000000045,0.9500000000000455,13.950000000000045,14.464285714285722,1452730.6,No Signal
341,2023-11-20T00:00:00+05:30,935.5,940.85,928.2,930.85,1169030,1.6553667374405616,918.7435182617767,908.2710693025446,10.47244895923211,9.339481843035388,12.649999999999977,10.0,2.6499999999999773,12.649999999999977,14.553571428571436,1396416.5,No Signal
342,2023-11-21T00:00:00+05:30,906.0,931.5,906.0,927.7,804344,1.5795547137184538,920.1214385291956,909.7102493542079,10.411189174987726,9.553823309425857,25.5,0.6499999999999773,24.850000000000023,25.5,14.639285714285725,1387978.05,No Signal
343,2023-11-22T00:00:00+05:30,931.45,939.8,922.25,928.25,885449,1.5307732753370265,921.371986447781,911.0835642168591,10.28842223092181,9.700743093725048,17.549999999999955,12.099999999999909,5.4500000000000455,17.549999999999955,14.853571428571431,1355651.9,No Signal
344,2023-11-23T00:00:00+05:30,929.15,937.7,927.0,933.0,907511,1.3476290561670128,923.1609116096608,912.7070039044992,10.453907705161669,9.851376016012372,10.700000000000045,9.450000000000045,1.25,10.700000000000045,15.042857142857153,1302694.95,No Signal
345,2023-11-24T00:00:00+05:30,934.7,936.85,924.0,926.9,521207,1.2240456779197562,923.7361559774054,913.7583369486103,9.977819028795011,9.8766646185689,12.850000000000023,3.8500000000000227,9.0,12.850000000000023,15.246428571428583,1288879.95,No Signal
346,2023-11-28T00:00:00+05:30,925.0,934.95,924.75,931.85,904835,1.098360492489642,924.9844396731892,915.0984601376022,9.885979535587012,9.878527601972523,10.200000000000045,8.050000000000068,2.1499999999999773,10.200000000000045,15.210714285714298,1276744.65,No Signal
347,2023-11-29T00:00:00+05:30,934.95,937.9,930.0,933.55,1047897,1.0325376245684206,926.3022181850063,916.4652408681501,9.836977316856178,9.870217544949254,7.899999999999977,6.0499999999999545,1.8500000000000227,7.899999999999977,14.682142857142862,1275014.0,No Signal
348,2023-11-30T00:00:00+05:30,932.0,948.2,932.0,940.75,2982505,1.0192744471221256,928.5249538488514,918.2641119149538,10.26084193389761,9.948342422738925,16.200000000000045,14.650000000000091,1.5499999999999545,16.200000000000045,14.367857142857149,1290202.0,No Signal
349,2023-12-01T00:00:00+05:30,945.9,952.9,939.75,942.85,1129388,1.0729530413209876,930.7288071028743,920.0852888101424,10.64351829273187,10.087377596737515,13.149999999999977,12.149999999999977,1.0,13.149999999999977,13.853571428571431,1292545.75,No Signal
350,2023-12-04T00:00:00+05:30,954.0,956.5,941.95,946.65,1112904,1.1495410287832306,933.1782213947398,922.0530451945763,11.125176200163537,10.29493731742272,14.549999999999955,13.649999999999977,0.8999999999999773,14.549999999999955,14.228571428571431,1303095.4,No Signal
351,2023-12-05T00:00:00+05:30,946.7,954.15,944.15,950.05,792716,1.2552910485777355,935.7738796417029,924.1268936986818,11.64698594302115,10.565347042542406,10.0,7.5,2.5,10.0,13.989285714285716,1305612.5,No Signal
352,2023-12-06T00:00:00+05:30,954.0,963.0,948.9,951.7,982484,1.361213506453326,938.2240520045178,926.1693460172979,12.054705987219904,10.863218831477907,14.100000000000023,12.950000000000045,1.1499999999999773,14.100000000000023,13.878571428571433,1313750.65,No Signal
353,2023-12-07T00:00:00+05:30,952.0,959.55,950.05,956.9,933106,1.456294472115149,941.0972747730535,928.4456907567574,12.65158401629617,11.22089186844156,9.5,7.849999999999909,1.650000000000091,9.5,13.485714285714291,1305884.7,No Signal
354,2023-12-08T00:00:00+05:30,960.0,961.85,943.8,946.6,649090,1.3287623490293146,941.9438478848914,929.790454404405,12.153393480486443,11.407392190850537,18.050000000000068,4.9500000000000455,13.100000000000023,18.050000000000068,13.778571428571436,1178621.6,No Signal
355,2023-12-11T00:00:00+05:30,949.9,953.0,944.05,950.45,476174,1.272523176642683,943.2524866718312,931.3207911151898,11.931695556641444,11.512252864008719,8.950000000000045,6.399999999999977,2.550000000000068,8.950000000000045,13.514285714285725,1010108.1,No Signal
356,2023-12-12T00:00:00+05:30,953.05,961.95,943.6,948.75,732063,1.206522557413147,944.0982579530879,932.6118436251757,11.486414327912257,11.507085156789428,18.350000000000023,11.5,6.850000000000023,18.350000000000023,13.003571428571442,1038821.4,No Signal
357,2023-12-13T00:00:00+05:30,948.0,959.7,946.5,957.3,899820,1.1703012314472485,946.1292951910743,934.4405959492367,11.68869924183764,11.54340797379907,13.200000000000045,10.950000000000045,2.25,13.200000000000045,12.692857142857163,1038568.05,No Signal
358,2023-12-14T00:00:00+05:30,960.8,960.8,944.1,950.45,1980762,1.1815535410902758,946.7940190078322,935.6264777307747,11.167541277057467,11.46823463445075,16.699999999999932,3.5,13.199999999999932,16.699999999999932,13.121428571428583,1059397.95,No Signal
359,2023-12-15T00:00:00+05:30,959.95,959.95,948.9,954.7,1155502,1.1104289117298838,948.010323775858,937.0393312321988,10.970992543659122,11.368786216292426,11.050000000000068,9.5,1.5500000000000682,11.050000000000068,12.992857142857158,1051407.6,No Signal
360,2023-12-18T00:00:00+05:30,956.0,958.2,945.3,949.7,999922,1.0943690033352564,948.2702739641875,937.9771585483322,10.293115415855254,11.153652056204992,12.900000000000091,3.5,9.400000000000091,12.900000000000091,13.185714285714303,1053335.45,No Signal
361,2023-12-19T00:00:00+05:30,953.0,978.0,949.15,966.15,3897491,1.1589251518407395,951.0210010466202,940.0640356929002,10.956965353719966,11.114314715707987,28.850000000000023,28.299999999999955,0.5500000000000682,28.850000000000023,14.682142857142878,1189758.5,Sell
362,2023-12-20T00:00:00+05:30,975.0,1010.0,966.15,976.3,4465789,1.2811118902347234,954.9100778086786,942.7481811971298,12.161896611548741,11.32383109487614,43.85000000000002,43.85000000000002,0.0,43.85000000000002,16.657142857142876,1372830.75,Buy
363,2023-12-21T00:00:00+05:30,976.0,983.9,963.05,979.3,1588905,1.3897236973331581,958.6623735304204,945.4557233306758,13.206650199744558,11.700394915849824,20.850000000000023,7.600000000000023,13.25,20.850000000000023,17.20714285714288,1408003.55,Buy
364,2023-12-22T00:00:00+05:30,986.0,998.3,979.65,992.8,1491449,1.6208049836884866,963.9143160642019,948.9627067876628,14.951609276539102,12.35063778798768,18.649999999999977,19.0,0.35000000000002274,19.0,17.525000000000027,1437200.45,Buy
365,2023-12-26T00:00:00+05:30,993.0,1017.0,992.8,1007.35,1804990,1.8944351274867592,970.5967289774017,953.2876914700581,17.309037507343533,13.34231773185885,24.200000000000045,24.200000000000045,0.0,24.200000000000045,18.539285714285743,1501389.6,Buy
366,2023-12-27T00:00:00+05:30,1014.95,1029.0,1010.1,1026.75,1799498,2.3174424875933584,979.2356937501091,958.7293439537575,20.50634979635163,14.775124144757406,18.899999999999977,21.649999999999977,2.75,21.649999999999977,19.078571428571454,1546122.75,Buy
367,2023-12-28T00:00:00+05:30,1030.75,1050.0,1025.3,1041.0,2052402,2.7639240059085166,988.7378947116308,964.8234666238495,23.91442808778129,16.602984933362183,24.700000000000045,23.25,1.4500000000000455,24.700000000000045,20.164285714285743,1596348.0,Buy
368,2023-12-29T00:00:00+05:30,1053.95,1094.0,1047.7,1086.8,5017576,3.55594620949108,1003.8243724483029,973.8587653924533,29.96560705584966,19.27550935785968,46.299999999999955,53.0,6.7000000000000455,53.0,22.66071428571431,1698101.55,Buy
369,2024-01-01T00:00:00+05:30,1093.85,1093.85,1076.0,1080.1,936544,4.12338468341757,1015.5590843793333,981.7284864744938,33.830597904839465,22.186527067255636,17.84999999999991,7.0499999999999545,10.799999999999955,17.84999999999991,23.296428571428585,1688459.35,Buy
370,2024-01-02T00:00:00+05:30,1086.35,1103.05,1079.5,1097.75,2635193,4.626077634101649,1028.2038406286665,990.3226726615684,37.88116796709812,25.325455247224134,23.549999999999955,22.950000000000045,0.599999999999909,23.549999999999955,23.66785714285715,1764573.8,Buy
371,2024-01-03T00:00:00+05:30,1097.95,1099.1,1082.7,1084.95,1100701,4.999464502762085,1036.9340189934871,997.3321043162671,39.601914677220066,28.180747133223324,16.399999999999864,1.349999999999909,15.049999999999955,16.399999999999864,23.89642857142857,1779973.05,Buy
372,2024-01-04T00:00:00+05:30,1088.1,1128.6,1086.15,1125.55,2777186,5.371774995873194,1050.567246840643,1006.8297262187658,43.73752062187725,31.292101830954113,42.44999999999982,43.649999999999864,1.2000000000000455,43.649999999999864,25.821428571428562,1869708.15,Buy
373,2024-01-05T00:00:00+05:30,1125.0,1131.15,1117.05,1122.95,1207155,5.778955557956522,1061.7030550190057,1015.4312279803387,46.27182703866697,34.288046872496686,14.100000000000136,5.600000000000136,8.5,14.100000000000136,26.03928571428571,1883410.6,Buy
374,2024-01-08T00:00:00+05:30,1125.05,1129.0,1094.65,1104.95,1722755,5.982851264740639,1068.3564311699279,1022.0622481299432,46.29418303998466,36.68927410599428,34.34999999999991,6.0499999999999545,28.299999999999955,34.34999999999991,27.571428571428555,1937093.85,Buy
375,2024-01-09T00:00:00+05:30,1106.0,1120.15,1106.0,1111.65,998355,6.024985862930327,1075.0169802207083,1028.6983778980955,46.31860232261283,38.61513974931799,14.150000000000091,15.200000000000045,1.0499999999999545,15.200000000000045,26.596428571428557,1963202.9,Buy
376,2024-01-10T00:00:00+05:30,1112.0,1117.7,1101.0,1113.95,933127,6.0003845663213164,1081.0066755713685,1035.013312868607,45.99336270276149,40.09078434000669,16.700000000000045,6.0499999999999545,10.650000000000091,16.700000000000045,24.657142857142844,1973256.1,Buy
377,2024-01-11T00:00:00+05:30,1117.0,1124.95,1112.05,1119.25,1084035,5.9457510812136745,1086.890263945004,1041.2530674709324,45.63719647407174,41.2000667668197,12.900000000000091,11.0,1.900000000000091,12.900000000000091,24.089285714285705,1982466.85,Buy
378,2024-01-12T00:00:00+05:30,1125.45,1165.55,1123.85,1159.0,6018282,5.81102191728394,1097.9840694919264,1049.9750624730855,48.009007018840975,42.56185481722396,41.700000000000045,46.299999999999955,4.599999999999909,46.299999999999955,26.039285714285704,2184342.85,Buy
379,2024-01-15T00:00:00+05:30,1190.0,1190.95,1134.75,1150.8,4237485,5.755751337972812,1106.1095972623993,1057.443576363968,48.66602089843127,43.782688033465426,56.200000000000045,31.950000000000045,24.25,56.200000000000045,28.32499999999999,2338442.0,Buy
380,2024-01-16T00:00:00+05:30,1152.55,1162.55,1142.0,1143.7,1449691,5.472673829177344,1111.8927361451072,1063.8329410777483,48.05979506735889,44.63810944024412,20.549999999999955,11.75,8.799999999999955,20.549999999999955,28.24642857142856,2360930.45,Buy
381,2024-01-17T00:00:00+05:30,1134.0,1152.95,1131.9,1138.6,1272932,5.148790965149639,1116.0015459689369,1069.3712417386557,46.630304230281126,45.036548398251526,21.049999999999955,9.25,11.799999999999955,21.049999999999955,27.985714285714266,2229702.5,Buy
382,2024-01-18T00:00:00+05:30,1134.95,1150.0,1122.5,1146.8,1218211,4.753895375918347,1120.7397696660234,1075.10670531357,45.6330643524534,45.1558515890919,27.5,11.400000000000091,16.09999999999991,27.5,26.164285714285693,2067323.6,Buy
383,2024-01-19T00:00:00+05:30,1156.75,1165.6,1146.7,1161.7,900162,4.284698379370479,1127.0413435635583,1081.5210234384908,45.52032012506743,45.22874529628701,18.899999999999864,18.799999999999955,0.09999999999990905,18.899999999999864,26.239285714285693,2032886.45,Buy
384,2024-01-20T00:00:00+05:30,1168.0,1169.0,1148.1,1150.1,332777,3.81602466167221,1130.5888291691647,1086.6009476282322,43.98788154093245,44.9805725452161,20.90000000000009,7.2999999999999545,13.600000000000136,20.90000000000009,26.049999999999986,1974952.85,Sell
385,2024-01-23T00:00:00+05:30,1158.95,1166.0,1138.25,1145.65,933643,3.2744559400084223,1132.9059323739086,1090.9749515076223,41.93098086628629,44.37065420943014,27.75,15.900000000000091,11.849999999999909,27.75,26.860714285714284,1931385.5,Sell
386,2024-01-24T00:00:00+05:30,1145.6,1161.0,1134.0,1159.0,1040096,2.7890389413484784,1136.9204043163843,1096.0138439885393,40.906560327845,43.67783543311312,27.0,15.349999999999909,11.650000000000091,27.0,25.671428571428578,1893415.4,Sell
387,2024-01-25T00:00:00+05:30,1160.0,1163.65,1132.35,1136.75,1125321,2.3020105859131648,1136.8941882677098,1099.0313370264253,37.86285124128449,42.514838594747395,31.300000000000182,4.650000000000091,26.65000000000009,31.300000000000182,26.90000000000001,1847061.35,Sell
388,2024-01-29T00:00:00+05:30,1136.75,1149.2,1135.0,1141.05,1588430,2.1509151586123867,1137.5335439188314,1102.1438305800234,35.38971333880795,41.08981354355951,14.200000000000045,12.450000000000045,1.75,14.200000000000045,25.460714285714307,1675604.05,No Signal
389,2024-01-30T00:00:00+05:30,1144.95,1147.2,1120.65,1122.9,798009,1.9315609829407234,1135.2822294697803,1103.6813246111328,31.600904858647482,39.192031806577106,26.549999999999955,6.150000000000091,20.399999999999864,26.549999999999955,26.271428571428583,1668677.3,Sell
390,2024-01-31T00:00:00+05:30,1125.0,1127.5,1112.0,1118.0,2428738,1.829252788073426,1132.623424935968,1104.7419672325304,27.88145770343749,36.929916985949184,15.5,4.599999999999909,10.900000000000091,15.5,26.185714285714294,1658354.55,No Signal
391,2024-02-01T00:00:00+05:30,1118.0,1134.9,1108.0,1129.65,4728358,1.5144861533326153,1132.165974945819,1106.5870066967875,25.578968249031504,34.65972723856565,26.90000000000009,16.90000000000009,10.0,26.90000000000009,27.185714285714294,1839737.4,Sell
392,2024-02-02T00:00:00+05:30,1132.0,1170.7,1132.0,1162.75,1741322,1.5492322514990335,1136.8712095695391,1110.7472284229514,26.123981146587766,32.95257802017007,38.700000000000045,41.049999999999955,2.349999999999909,41.049999999999955,26.810714285714294,1787944.2,Sell
393,2024-02-05T00:00:00+05:30,1169.9,1177.0,1146.3,1150.75,1266268,1.5596952413001588,1139.0064080973023,1113.7103966879179,25.29601140938439,31.421264698012937,30.700000000000045,14.25,16.450000000000045,30.700000000000045,24.989285714285725,1790899.85,No Signal
394,2024-02-06T00:00:00+05:30,1142.1,1166.8,1142.1,1163.55,1219085,1.4580357315569967,1142.7823453131018,1117.4022191554795,25.38012615762227,30.213036989934807,24.700000000000045,16.049999999999955,8.650000000000091,24.700000000000045,25.285714285714302,1765716.35,No Signal
395,2024-02-07T00:00:00+05:30,1168.05,1175.0,1153.05,1162.05,609324,1.381235896302384,1145.7465998803168,1120.7094621809995,25.037137699317327,29.17785713181131,21.950000000000045,11.450000000000045,10.5,21.950000000000045,25.350000000000023,1746264.8,No Signal
396,2024-02-08T00:00:00+05:30,1160.0,1162.9,1125.0,1137.9,2477973,1.2766995621372754,1144.5394306679605,1121.9828353527773,22.55659531518313,27.853604768485678,37.90000000000009,0.8500000000001364,37.049999999999955,37.90000000000009,26.092857142857174,1823507.1,No Signal
397,2024-02-09T00:00:00+05:30,1142.0,1149.4,1119.85,1129.25,917196,1.2172519199854208,1142.1872105651973,1122.5211438451643,19.666066720033086,26.21609715879516,29.550000000000182,11.5,18.050000000000182,29.550000000000182,26.85357142857148,1815165.15,Sell
398,2024-02-12T00:00:00+05:30,1130.05,1134.4,1075.0,1122.2,898953,1.2738621878626213,1139.1122550936286,1122.497355412189,16.61489968143951,24.295857663324032,59.40000000000009,5.150000000000091,54.25,59.40000000000009,29.60357142857148,1559198.7,Sell
399,2024-02-13T00:00:00+05:30,1123.0,1141.3,1118.2,1137.8,886148,1.2523201863516737,1138.9103696946088,1123.6308846409158,15.279485053692952,22.492583141397816,23.09999999999991,19.09999999999991,4.0,23.09999999999991,29.27142857142862,1391631.85,Sell
400,2024-02-14T00:00:00+05:30,1135.05,1139.85,1120.0,1135.6,1206706,1.2630313110265459,1138.4010820492842,1124.5174857786258,13.883596270658472,20.770785767249947,19.84999999999991,2.0499999999999545,17.799999999999955,19.84999999999991,28.760714285714325,1379482.6,Sell
401,2024-02-15T00:00:00+05:30,1140.05,1146.75,1127.25,1131.4,1278358,1.2849360420631668,1137.3239925032406,1125.0273016468757,12.296690856364876,19.075966785072932,19.5,11.150000000000091,8.349999999999909,19.5,27.91785714285717,1379753.9,Sell
402,2024-02-16T00:00:00+05:30,1135.0,1149.4,1132.4,1147.45,1213292,1.2679605401577623,1138.8818398104343,1126.6882422656256,12.193597544808654,17.69949293702008,17.0,18.0,1.0,18.0,28.189285714285738,1379507.95,Sell
403,2024-02-19T00:00:00+05:30,1150.0,1164.25,1144.5,1155.0,961914,1.2251139412831968,1141.361556762675,1128.785409505209,12.576147257466118,16.674823801109287,19.75,16.799999999999955,2.9500000000000455,19.75,27.703571428571454,1382595.55,Sell
404,2024-02-20T00:00:00+05:30,1154.5,1159.0,1138.8,1154.4,1056193,1.2398054705342663,1143.3674711068788,1130.682786578897,12.684684527981744,15.87679594648378,20.200000000000045,4.0,16.200000000000045,20.200000000000045,28.039285714285743,1418766.35,Sell
405,2024-02-21T00:00:00+05:30,1155.0,1171.9,1150.05,1160.75,1445959,1.2830399288329024,1146.041706321205,1132.9099875730528,13.131718748152252,15.327780506817476,21.850000000000136,17.5,4.350000000000136,21.850000000000136,27.678571428571463,1444382.15,Sell
406,2024-02-22T00:00:00+05:30,1161.0,1164.75,1142.45,1159.5,1689403,1.2869089125545943,1148.1122130410197,1134.8796181231971,13.232594917822553,14.908743389018491,22.299999999999955,4.0,18.299999999999955,22.299999999999955,26.339285714285747,1476847.5,No Signal
407,2024-02-23T00:00:00+05:30,1158.0,1165.6,1155.2,1160.3,1280859,1.321340258856305,1149.987257188555,1136.7626093733306,13.224647815224444,14.571924274259683,10.399999999999864,6.099999999999909,4.2999999999999545,10.399999999999864,24.889285714285734,1484624.4,No Signal
408,2024-02-26T00:00:00+05:30,1159.0,1182.8,1149.45,1177.1,1292210,1.442762312916145,1154.158448390316,1139.7505642345654,14.40788415575048,14.539116250557843,33.34999999999991,22.5,10.849999999999909,33.34999999999991,25.507142857142867,1469813.4,No Signal
409,2024-02-27T00:00:00+05:30,1182.0,1189.7,1174.95,1183.6,1584564,1.5244987133556223,1158.6879178687288,1142.9986705875606,15.689247281168264,14.769142456679928,14.75,12.600000000000136,2.1499999999998636,14.75,24.99285714285715,1509141.15,No Signal
410,2024-02-28T00:00:00+05:30,1189.75,1205.0,1163.1,1167.95,2170054,1.4520195703626408,1160.112853581232,1144.8469172107043,15.265936370527697,14.868501239449483,41.90000000000009,21.40000000000009,20.5,41.90000000000009,25.278571428571436,1496206.95,No Signal
411,2024-02-29T00:00:00+05:30,1166.95,1199.0,1150.6,1190.05,2722341,1.5297740824465627,1164.7185684148885,1148.195293713615,16.52327470127352,15.199455931814292,48.40000000000009,31.049999999999955,17.350000000000136,48.40000000000009,26.625,1395906.1,No Signal
412,2024-03-01T00:00:00+05:30,1204.0,1213.65,1194.25,1201.0,1804771,1.7424378866249413,1170.3003271202904,1152.1067534385325,18.193573681757925,15.79827948180302,19.40000000000009,23.600000000000136,4.2000000000000455,23.600000000000136,24.067857142857147,1399078.55,No Signal
413,2024-03-02T00:00:00+05:30,1209.0,1213.0,1200.0,1207.25,149379,1.9672674268405317,1175.9848921787072,1156.1914383690116,19.79345380969562,16.59731434738154,13.0,12.0,1.0,13.0,23.346428571428582,1343234.1,No Signal
414,2024-03-04T00:00:00+05:30,1206.95,1214.0,1190.0,1203.25,790960,2.136733493137425,1180.1795241512139,1159.677257749085,20.502266402128953,17.378304758331026,24.0,6.75,17.25,24.0,23.64285714285716,1321827.85,No Signal
415,2024-03-05T00:00:00+05:30,1206.85,1211.9,1196.0,1200.6,867925,2.2639588504261594,1183.321135820258,1162.7085719898935,20.61256383036448,18.025156572737718,15.900000000000091,8.650000000000091,7.25,15.900000000000091,23.385714285714307,1334757.9,No Signal
416,2024-03-06T00:00:00+05:30,1203.8,1223.0,1192.0,1220.05,1367260,2.401104154886369,1188.971730309449,1166.9560851758272,22.015645133621774,18.82325428491453,31.0,22.40000000000009,8.599999999999909,31.0,24.314285714285738,1279222.25,No Signal
417,2024-03-07T00:00:00+05:30,1228.0,1268.9,1216.75,1261.55,3522952,2.7510419148039973,1200.1376179541492,1173.9630418294696,26.17457612467956,20.293518652867537,52.15000000000009,48.850000000000136,3.2999999999999545,52.15000000000009,26.62857142857146,1409510.05,Buy
418,2024-03-11T00:00:00+05:30,1263.0,1269.0,1209.0,1220.65,2609165,2.7829388982555403,1203.2933690381262,1177.4213350272867,25.87203401083957,21.409221724461943,60.0,7.4500000000000455,52.549999999999955,60.0,29.471428571428596,1495020.65,Buy
419,2024-03-12T00:00:00+05:30,1227.45,1227.85,1209.15,1215.2,1089396,2.75368603293199,1205.125158416876,1180.219754654895,24.905403761981006,22.108458131965758,18.699999999999818,7.199999999999818,11.5,18.699999999999818,29.246428571428574,1505183.05,Buy
420,2024-03-13T00:00:00+05:30,1215.5,1217.4,1170.7,1178.95,2050756,2.68107968441111,1201.0982109681258,1180.1256987545326,20.97251221359329,21.881268948291265,46.700000000000045,2.2000000000000455,44.5,46.700000000000045,30.989285714285725,1547385.55,Sell
421,2024-03-14T00:00:00+05:30,1160.05,1205.05,1160.05,1198.35,2211062,2.428451584032601,1200.6754092807219,1181.4756469949375,19.199762285784345,21.34496761578988,45.0,26.09999999999991,18.90000000000009,45.0,33.4607142857143,1594020.75,Sell
422,2024-03-15T00:00:00+05:30,1200.0,1219.85,1175.9,1212.15,2843465,2.302599458868354,1202.4407309298415,1183.7478212916087,18.692909638232777,20.81455602027846,43.94999999999982,21.5,22.449999999999818,43.94999999999982,34.217857142857156,1675529.4,Sell
423,2024-03-18T00:00:00+05:30,1213.05,1217.65,1184.3,1186.95,803158,2.241262319705658,1200.0575415560197,1183.9850197144526,16.072521841567095,19.866149184536187,33.350000000000136,5.5,27.850000000000136,33.350000000000136,35.54642857142859,1667591.6,Sell
424,2024-03-19T00:00:00+05:30,1184.9,1184.9,1139.85,1146.25,2152306,2.3798098256687084,1191.779458239709,1181.1898330689376,10.589625170771342,18.01084438178322,45.05000000000018,2.0499999999999545,47.100000000000136,47.100000000000136,35.917857142857166,1722397.25,Sell
425,2024-03-20T00:00:00+05:30,1143.1,1153.4,1111.7,1124.05,2070193,2.7194484983494385,1181.359541587446,1176.9572528416088,4.402288745837268,15.289133254594029,41.700000000000045,7.150000000000091,34.549999999999955,41.700000000000045,35.43928571428574,1753608.95,Sell
426,2024-03-21T00:00:00+05:30,1134.0,1138.95,1121.5,1133.95,1901034,2.8590276746188032,1174.0657659586082,1173.771530408897,0.2942355497111748,12.290153713617459,17.450000000000045,14.900000000000091,2.5499999999999545,17.450000000000045,35.000000000000014,1764190.5,Sell
427,2024-03-22T00:00:00+05:30,1133.95,1140.0,1119.0,1122.75,1696377,3.132338728622123,1166.1710327342068,1169.9921577860157,-3.821125051808849,9.067897960532198,21.0,6.0499999999999545,14.950000000000045,21.0,35.57142857142859,1784966.4,Sell
428,2024-03-26T00:00:00+05:30,1105.35,1121.1,1105.35,1112.55,2407110,3.5001239706615115,1157.9216430827903,1165.7371831351998,-7.81554005240946,5.691210357943866,15.75,1.650000000000091,17.40000000000009,17.40000000000009,35.10000000000002,1840711.4,Sell
429,2024-03-27T00:00:00+05:30,1115.35,1117.0,1084.1,1091.05,1962948,4.0494457855287855,1147.6336979931302,1160.204799199259,-12.571101206128787,2.038748045129336,32.90000000000009,4.4500000000000455,28.450000000000045,32.90000000000009,36.31428571428574,1859630.6,Sell
430,2024-03-28T00:00:00+05:30,1103.9,1109.0,1093.65,1096.2,6721940,4.373397688234044,1139.7208213788024,1155.4637029622768,-15.7428815834744,-1.5175778805914115,15.349999999999909,17.950000000000045,2.6000000000001364,17.950000000000045,35.38214285714288,2087224.9,Sell
431,2024-04-01T00:00:00+05:30,1100.0,1104.4,1083.1,1086.9,2229535,4.762365353905357,1131.594541166679,1150.3849101502562,-18.79036898357731,-4.972136101188592,21.300000000000182,8.200000000000045,13.100000000000136,21.300000000000182,33.17857142857146,2062584.6,Sell
432,2024-04-02T00:00:00+05:30,1091.8,1133.4,1085.1,1131.15,5107047,4.5958702580877215,1131.5261502179592,1148.960101990978,-17.433951773018862,-7.464499235554646,48.30000000000018,46.5,1.800000000000182,48.30000000000018,32.34285714285719,2227698.4,Sell
433,2024-04-03T00:00:00+05:30,1129.0,1129.0,1112.8,1119.5,1133287,4.658918251168673,1129.67597326135,1146.7778722138685,-17.101898952518468,-9.39197917894741,16.200000000000045,2.150000000000091,18.350000000000136,18.350000000000136,32.317857142857214,2276893.8,Sell
434,2024-04-04T00:00:00+05:30,1132.8,1132.9,1108.55,1117.95,2403608,4.668225638839788,1127.8719773749885,1144.6424742721003,-16.770496897111798,-10.86768272258029,24.350000000000136,13.400000000000091,10.950000000000045,24.350000000000136,30.721428571428646,2357526.2,No Signal
435,2024-04-05T00:00:00+05:30,1116.0,1124.9,1111.0,1115.55,627856,4.667771531937986,1125.9762885480673,1142.4874761778706,-16.511187629803317,-11.996383704024895,13.900000000000091,6.9500000000000455,6.9500000000000455,13.900000000000091,28.50000000000008,2345522.75,No Signal
436,2024-04-08T00:00:00+05:30,1120.0,1140.45,1117.0,1137.35,1833218,4.381650366623237,1127.7260903099032,1142.1069223869172,-14.38083207701402,-12.473273378622721,23.450000000000045,24.90000000000009,1.4500000000000455,24.90000000000009,27.139285714285815,2368820.65,No Signal
437,2024-04-09T00:00:00+05:30,1141.0,1141.0,1121.5,1125.6,1184800,3.787731379301841,1127.398999492995,1140.8841873952936,-13.485187902298549,-12.675656283357888,19.5,3.650000000000091,15.849999999999909,19.5,26.15000000000009,2251913.05,No Signal
438,2024-04-10T00:00:00+05:30,1130.0,1151.5,1118.7,1145.3,1374918,3.371344714615518,1130.1529995709957,1141.211284625272,-11.058285054276212,-12.352182037541553,32.799999999999955,25.90000000000009,6.899999999999864,32.799999999999955,25.128571428571508,2190200.7,No Signal
439,2024-04-12T00:00:00+05:30,1144.35,1156.65,1134.45,1149.45,2006949,2.9957960219379896,1133.1217688677657,1141.8215598382146,-8.69979097044893,-11.62170382412303,22.200000000000045,11.350000000000136,10.849999999999909,22.200000000000045,23.735714285714362,2236078.35,No Signal
440,2024-04-15T00:00:00+05:30,1125.0,1136.7,1111.0,1130.65,1990224,2.9161237131113547,1132.7414967342634,1140.9940368872358,-8.252540152972415,-10.947871089892907,25.700000000000045,12.75,38.450000000000045,38.450000000000045,25.235714285714362,2233051.75,No Signal
441,2024-04-16T00:00:00+05:30,1117.0,1138.0,1113.95,1132.75,383667,2.5876518539596707,1132.742804928992,1140.3833674881812,-7.64056255918922,-10.28640938375217,24.049999999999955,7.349999999999909,16.700000000000045,24.049999999999955,25.453571428571504,2141682.0,No Signal
442,2024-04-18T00:00:00+05:30,1143.0,1159.0,1127.55,1134.55,2573549,1.9641643123427268,1133.0208349399163,1139.9512661927604,-6.930431252844073,-9.615213757570551,31.450000000000045,26.25,5.2000000000000455,31.450000000000045,26.45714285714293,2128186.2,No Signal
443,2024-04-19T00:00:00+05:30,1104.5,1143.95,1104.05,1127.3,798246,1.5318949726377715,1132.1407064876214,1139.014135363667,-6.873428876045637,-9.06685678126557,39.90000000000009,9.400000000000091,30.5,39.90000000000009,26.95714285714293,2127940.6,No Signal
444,2024-04-22T00:00:00+05:30,1140.95,1177.8,1140.95,1170.95,2299311,1.678880992650828,1138.1113670279874,1141.3797549663584,-3.2683879383710064,-7.907163012686657,36.84999999999991,50.5,13.650000000000091,50.5,29.282142857142926,2135290.85,No Signal
445,2024-04-23T00:00:00+05:30,1173.0,1179.9,1152.0,1173.35,1930671,1.908831788906425,1143.5326951775278,1143.7479212651467,-0.21522608761893025,-6.368775627673112,27.90000000000009,8.950000000000045,18.950000000000045,27.90000000000009,29.75357142857149,2128314.75,No Signal
446,2024-04-24T00:00:00+05:30,1106.0,1137.7,1104.0,1110.15,6447489,2.043006820399772,1138.3968959194465,1141.2591863566174,-2.862290437170941,-5.667478589572678,33.700000000000045,35.649999999999864,69.34999999999991,69.34999999999991,31.2571428571429,2355637.5,Buy
447,2024-04-25T00:00:00+05:30,1116.0,1116.0,1077.4,1106.25,6233672,2.090100806196445,1133.451219624147,1138.6659132931643,-5.214693669017379,-5.576921605461618,38.59999999999991,5.849999999999909,32.75,38.59999999999991,32.70357142857146,2582502.25,Buy
448,2024-04-26T00:00:00+05:30,1111.8,1111.8,1084.05,1102.65,3426210,2.1331485896059608,1128.7125704512011,1135.998067864041,-7.285497412839959,-5.918636766937286,27.75,5.5499999999999545,22.200000000000045,27.75,32.94642857142859,2633457.25,Sell
449,2024-04-29T00:00:00+05:30,1108.9,1110.4,1088.9,1098.5,2254895,2.0941914714675898,1124.064482689478,1133.2204332074455,-9.15595051796754,-6.566099517143337,21.5,7.75,13.75,21.5,33.48928571428572,2648054.6,Sell
450,2024-04-30T00:00:00+05:30,1099.9,1114.25,1095.65,1108.35,2504796,2.015441558116037,1121.6468699680197,1131.3781788957829,-9.731308927763166,-7.199141399267304,18.59999999999991,15.75,2.849999999999909,18.59999999999991,33.03928571428571,2437197.4,Sell
451,2024-05-02T00:00:00+05:30,1114.0,1114.0,1081.1,1091.15,3423995,2.0126979953625965,1116.9550438190936,1128.3983137923915,-11.443269973297902,-8.047967114073424,32.90000000000009,5.650000000000091,27.25,32.90000000000009,33.996428571428574,2496920.4,Sell
452,2024-05-03T00:00:00+05:30,1095.0,1114.9,1089.8,1094.3,2935813,2.1074905651392424,1113.46965246231,1125.8725127707328,-12.40286030842276,-8.918945752943293,25.100000000000136,23.75,1.3500000000001364,25.100000000000136,33.44642857142859,2388358.7,Sell
453,2024-05-06T00:00:00+05:30,1105.0,1109.65,1090.05,1098.15,1076304,2.166584904343861,1111.112782852724,1123.818993306234,-12.706210453510039,-9.676398693056642,19.600000000000136,15.350000000000136,4.25,19.600000000000136,33.26071428571431,2385509.55,Sell
454,2024-05-07T00:00:00+05:30,1095.05,1121.55,1090.1,1099.4,2614541,2.217122221246639,1109.3108162599972,1122.0101789872538,-12.699362727256585,-10.280991499896631,31.450000000000045,23.399999999999864,8.050000000000182,31.450000000000045,32.76071428571431,2396056.2,Sell
455,2024-05-08T00:00:00+05:30,1102.4,1117.85,1095.15,1115.05,1071294,2.1867083964640677,1110.193767604613,1121.494610173383,-11.300842568770122,-10.48496171367133,22.699999999999818,18.449999999999818,4.25,22.699999999999818,32.664285714285725,2418228.1,Sell
456,2024-05-09T00:00:00+05:30,1114.0,1114.7,1078.0,1085.05,1743688,2.349430039019892,1106.3254956654418,1118.795009419799,-12.469513754357195,-10.881872121808504,36.700000000000045,0.34999999999990905,37.049999999999955,37.049999999999955,33.064285714285724,2413751.6,Sell
457,2024-05-10T00:00:00+05:30,1087.95,1093.95,1067.65,1090.95,1080599,2.406526106874251,1103.9600347938353,1116.7324161294437,-12.772381335608316,-11.259973964568466,26.299999999999955,8.900000000000091,17.399999999999864,26.299999999999955,32.09285714285714,2408541.55,Sell
458,2024-05-13T00:00:00+05:30,1086.1,1101.0,1076.05,1096.95,933422,2.356665990465314,1102.881567902476,1115.2670519717071,-12.385484069231097,-11.485075985500993,24.950000000000045,10.049999999999955,14.900000000000091,24.950000000000045,30.267857142857142,2386466.75,No Signal
459,2024-05-14T00:00:00+05:30,1096.0,1098.4,1082.2,1085.45,1194960,2.3422346972006745,1100.1997882251721,1113.0583814552845,-12.85859323011232,-11.759779434423258,16.200000000000045,1.4500000000000455,14.75,16.200000000000045,29.432142857142853,2345867.3,No Signal
460,2024-05-15T00:00:00+05:30,1086.0,1090.85,1072.25,1079.4,1079593,2.416385655140386,1096.9998208059149,1110.5651680141523,-13.565347208237426,-12.120892989186093,18.59999999999991,5.399999999999864,13.200000000000045,18.59999999999991,25.807142857142853,2300335.75,No Signal
461,2024-05-16T00:00:00+05:30,1071.0,1102.55,1057.85,1099.75,2665288,2.3286392619190046,1097.4229252973125,1109.7640444575484,-12.341119160235849,-12.164938223396044,44.700000000000045,23.149999999999864,21.550000000000182,44.700000000000045,26.24285714285715,2414416.8,No Signal
462,2024-05-17T00:00:00+05:30,1093.0,1101.2,1089.15,1095.2,1069069,2.2824401560800376,1097.0809367900338,1108.6852263495819,-11.604289559548079,-12.052808490626452,12.049999999999955,1.4500000000000455,10.599999999999909,12.049999999999955,25.121428571428574,2339192.8,No Signal
463,2024-05-18T00:00:00+05:30,1095.0,1098.25,1090.25,1095.0,70295,2.248170604943983,1096.7607926684902,1107.6715058792424,-10.910713210752192,-11.8243894346516,8.0,3.0499999999999545,4.9500000000000455,8.0,24.157142857142862,2302795.25,No Signal
464,2024-05-21T00:00:00+05:30,1089.0,1097.6,1088.95,1093.95,906092,1.749544070720863,1096.328363027184,1106.6550980363356,-10.326735009151662,-11.524858549551613,8.649999999999864,2.599999999999909,6.0499999999999545,8.649999999999864,23.446428571428573,2233134.3,No Signal
465,2024-05-22T00:00:00+05:30,1100.0,1122.0,1093.95,1120.35,2032291,0.905167562998568,1100.0239994845404,1107.6695352188292,-7.645535734288842,-10.748993986499059,28.049999999999955,28.049999999999955,0.0,28.049999999999955,23.09999999999999,2238215.3,No Signal
466,2024-05-23T00:00:00+05:30,1127.45,1131.2,1104.0,1117.95,2087340,0.9617884803792873,1102.781845717688,1108.4310511285455,-5.649205410857576,-9.729036271370763,27.200000000000045,10.850000000000136,16.34999999999991,27.200000000000045,23.249999999999982,2020207.85,No Signal
467,2024-05-24T00:00:00+05:30,1111.0,1111.0,1096.0,1098.25,1424791,0.9655409375102594,1102.0846386841974,1107.6768991930976,-5.592260508900154,-8.901681118876642,15.0,6.9500000000000455,21.950000000000045,21.950000000000045,23.41785714285712,1779763.8,No Signal
468,2024-05-27T00:00:00+05:30,1099.0,1110.0,1086.65,1087.9,1881215,0.9923748057206749,1099.9023865789363,1106.2119436973126,-6.309557118376233,-8.38325631877656,23.34999999999991,11.75,11.599999999999909,23.34999999999991,22.839285714285683,1702514.05,No Signal
469,2024-05-28T00:00:00+05:30,1089.0,1097.95,1080.0,1095.55,981637,0.9860407228243862,1099.2327886437154,1105.4221700901041,-6.189381446388779,-7.944481344299004,17.950000000000045,10.049999999999955,7.900000000000091,17.950000000000045,22.499999999999982,1638851.15,No Signal
470,2024-05-29T00:00:00+05:30,1085.0,1090.0,1068.0,1071.3,1526469,1.1148523715886516,1094.9354365446823,1102.8946019352816,-7.95916539059931,-7.947418153559066,22.0,5.5499999999999545,27.549999999999955,27.549999999999955,21.821428571428555,1589934.8,No Signal
471,2024-05-30T00:00:00+05:30,1071.0,1074.45,1052.0,1067.2,2743237,1.265596863416641,1090.668446307039,1100.250557347483,-9.582111040444033,-8.27435673093606,22.450000000000045,3.150000000000091,19.299999999999955,22.450000000000045,21.54642857142856,1555896.9,No Signal
472,2024-05-31T00:00:00+05:30,1069.7,1070.8,1048.3,1060.25,4787041,1.462957822069805,1085.9886853367252,1097.2875530995213,-11.298867762796135,-8.879258937308075,22.5,3.599999999999909,18.90000000000009,22.5,21.37142857142856,1648458.3,No Signal
473,2024-06-03T00:00:00+05:30,1076.4,1082.9,1063.35,1069.15,1323788,1.5250621132391566,1083.3981183618444,1095.2032899069643,-11.805171545119947,-9.46444145887045,19.550000000000182,22.65000000000009,3.099999999999909,22.65000000000009,21.83214285714285,1660832.5,No Signal
474,2024-06-04T00:00:00+05:30,1069.15,1092.6,1028.9,1087.0,3223165,1.4914975687066707,1083.9522539984837,1094.5956388027448,-10.643384804261132,-9.700230127948586,63.69999999999982,23.449999999999818,40.25,63.69999999999982,25.053571428571413,1691263.7,No Signal
475,2024-06-05T00:00:00+05:30,1109.0,1160.0,1093.15,1142.4,6089603,1.6853376869154921,1092.944214921794,1098.136702595134,-5.192487673340111,-8.798681637026892,66.84999999999991,73.0,6.150000000000091,73.0,27.07499999999998,1942179.15,Buy
476,2024-06-06T00:00:00+05:30,1148.0,1148.0,1119.6,1139.9,2655137,1.9245574520102666,1100.1681818569025,1101.2302801806798,-1.0620983237772634,-7.251364974376966,28.40000000000009,5.599999999999909,22.800000000000182,28.40000000000009,28.242857142857133,1987751.6,Buy
477,2024-06-07T00:00:00+05:30,1149.0,1149.0,1131.6,1135.65,1877248,2.090404287245469,1105.6269231096867,1103.7798890561849,1.8470340535018295,-5.4316851688012076,17.40000000000009,9.099999999999909,8.300000000000182,17.40000000000009,28.91428571428571,2027584.05,Buy
478,2024-06-10T00:00:00+05:30,1139.0,1143.45,1125.65,1133.05,1392359,2.21316343754686,1109.8458580158888,1105.9480454223933,3.8978125934954733,-3.5657856163418717,17.799999999999955,7.7999999999999545,10.0,17.799999999999955,29.567857142857147,2050530.9,Buy
479,2024-06-11T00:00:00+05:30,1133.05,1144.8,1126.7,1135.6,805013,2.3038066687859127,1113.808033705752,1108.144486502216,5.663547203535927,-1.7199190523663122,18.09999999999991,11.75,6.349999999999909,18.09999999999991,28.857142857142858,2031033.55,Buy
480,2024-06-12T00:00:00+05:30,1142.0,1142.0,1123.5,1124.65,773116,2.3234330438747284,1115.4760285202517,1109.3671171316817,6.10891138857005,-0.15415296417903965,18.5,6.400000000000091,12.099999999999909,18.5,28.235714285714284,2015709.7,Buy
481,2024-06-13T00:00:00+05:30,1130.0,1133.0,1104.05,1114.6,1605436,2.35322503800326,1115.3412549017514,1109.7547380848905,5.586516816860922,0.9939809920289525,28.950000000000045,8.349999999999909,20.600000000000136,28.950000000000045,28.735714285714284,1962717.1,Buy
482,2024-06-14T00:00:00+05:30,1114.6,1124.95,1110.1,1112.45,1107470,2.3551228778832773,1114.896446455328,1109.9543871156393,4.94205933968874,1.78359666156091,14.850000000000136,10.350000000000136,4.5,14.850000000000136,28.12857142857144,1964637.15,Buy
483,2024-06-18T00:00:00+05:30,1112.45,1128.3,1112.45,1126.9,1161864,2.3534380008427136,1116.7431470006622,1111.209617699666,5.533529300996179,2.533583189447964,15.849999999999909,15.849999999999909,0.0,15.849999999999909,27.97857142857143,2019215.6,Buy
484,2024-06-19T00:00:00+05:30,1129.7,1130.9,1103.0,1105.6,1201455,2.383634973111899,1115.028816692868,1110.7940904626537,4.234726230214392,2.87381179760125,27.90000000000009,4.0,23.90000000000009,27.90000000000009,28.00357142857144,2033983.75,Buy
485,2024-06-20T00:00:00+05:30,1108.05,1108.35,1096.1,1103.25,1223872,2.3733634623824678,1113.2166910478115,1110.2352689469017,2.9814221009098674,2.8953338582629735,12.25,2.75,9.5,12.25,27.27500000000001,1993562.8,Buy
486,2024-06-21T00:00:00+05:30,1103.3,1105.0,1081.8,1084.9,1634958,2.438960313091275,1108.860277040456,1108.3585823582423,0.5016946822136106,2.416606023053101,23.200000000000045,1.75,21.450000000000045,23.200000000000045,27.325000000000014,1970943.7,Sell
487,2024-06-24T00:00:00+05:30,1080.15,1104.0,1077.15,1101.95,912255,2.3980354706945746,1107.7971574957703,1107.883872553928,-0.08671505815777891,1.915941806810925,26.84999999999991,19.09999999999991,7.75,26.84999999999991,27.625,1945316.9,Sell
488,2024-06-25T00:00:00+05:30,1108.15,1108.2,1090.0,1094.6,932314,2.397156575880259,1105.766825573344,1106.899881994378,-1.1330564210338707,1.306142161241966,18.200000000000045,6.25,11.950000000000045,18.200000000000045,24.375000000000018,1897871.85,No Signal
489,2024-06-26T00:00:00+05:30,1095.05,1099.8,1083.1,1086.9,1003738,2.4361575692048807,1102.864237023599,1105.4184092540536,-2.5541722304546965,0.5340792829026335,16.700000000000045,5.2000000000000455,11.5,16.700000000000045,20.35357142857145,1898976.9,No Signal
490,2024-06-27T00:00:00+05:30,1090.1,1096.45,1077.85,1085.6,2272855,2.3679393717494506,1100.2082005584298,1103.9503789389385,-3.742178380508676,-0.3211722497796284,18.600000000000136,9.549999999999955,9.050000000000182,18.600000000000136,19.65357142857145,1936296.2,No Signal
491,2024-06-28T00:00:00+05:30,1085.6,1104.0,1085.0,1097.45,1129490,2.202699882758407,1099.783862010979,1103.468869387906,-3.685007376926933,-0.9939392752090893,19.0,18.40000000000009,0.599999999999909,19.0,19.76785714285716,1855608.85,No Signal
492,2024-07-01T00:00:00+05:30,1090.1,1097.45,1088.0,1094.55,767705,1.9892076446995803,1098.9786524708284,1102.8082123962092,-3.829559925380863,-1.5610634052434442,9.450000000000045,0.0,9.450000000000045,9.450000000000045,19.171428571428596,1654642.05,No Signal
493,2024-07-02T00:00:00+05:30,1096.0,1110.0,1080.0,1105.0,2026189,1.7841238447443797,1099.9050136291623,1102.970567033527,-3.065553404364664,-1.8619614050676883,30.0,15.450000000000045,14.549999999999955,30.0,20.0214285714286,1689762.1,No Signal
494,2024-07-03T00:00:00+05:30,1114.0,1148.6,1112.05,1146.35,4406793,1.782098243096315,1107.0503961477527,1106.1838583643769,0.8665377833758612,-1.3162615673789784,36.549999999999955,43.59999999999991,7.0499999999999545,43.59999999999991,21.814285714285738,1748943.5,No Signal
495,2024-07-04T00:00:00+05:30,1147.55,1154.8,1133.3,1135.2,2113837,1.757587097277142,1111.3811044327138,1108.333202189238,3.0479022434758463,-0.4434288052080135,21.5,8.450000000000045,13.049999999999955,21.5,21.282142857142876,1550155.2,No Signal
496,2024-07-05T00:00:00+05:30,1135.4,1150.95,1132.7,1137.4,1281630,1.7393366515321875,1115.3840114430654,1110.4862983233684,4.897713119697073,0.6247995797730039,18.25,15.75,2.5,18.25,21.52500000000001,1481479.85,No Signal
497,2024-07-08T00:00:00+05:30,1138.0,1164.0,1136.0,1150.8,1958676,1.820345056652481,1120.8326250672092,1113.4724984475633,7.3601266196458255,1.9718649877475685,28.0,26.59999999999991,1.400000000000091,28.0,22.39285714285716,1485551.25,No Signal
498,2024-07-09T00:00:00+05:30,1161.4,1168.5,1140.0,1142.2,1545936,1.880864456643111,1124.1199135184077,1115.6004615255217,8.519451992885934,3.2813823887752416,28.5,17.700000000000045,10.799999999999955,28.5,22.435714285714294,1493230.1,No Signal
499,2024-07-10T00:00:00+05:30,1142.2,1156.75,1130.0,1150.8,1015150,1.9569283631734566,1128.2245422078834,1118.2078347458535,10.016707462029899,4.628447403426173,26.75,14.549999999999955,12.200000000000045,26.75,23.471428571428582,1503736.95,No Signal
500,2024-07-11T00:00:00+05:30,1150.55,1153.4,1125.5,1131.4,1883264,2.008249747333381,1128.7130741759013,1119.1850321720865,9.52804200381479,5.608366323503897,27.90000000000009,2.6000000000001364,25.299999999999955,27.90000000000009,23.80714285714287,1559244.35,Buy
501,2024-07-12T00:00:00+05:30,1135.0,1154.0,1130.05,1152.25,1092749,2.097268239497812,1132.334139687301,1121.6342890482283,10.699850639072793,6.626663186617676,23.950000000000045,22.59999999999991,1.3500000000001364,23.950000000000045,23.600000000000023,1533610.0,Buy
502,2024-07-15T00:00:00+05:30,1152.5,1157.0,1139.8,1148.8,1201063,2.1876078699184767,1134.8673489661778,1123.6465639335447,11.220785032633103,7.5454875558207615,17.200000000000045,4.75,12.450000000000045,17.200000000000045,23.52857142857145,1538289.65,Buy
503,2024-07-16T00:00:00+05:30,1148.8,1179.0,1142.75,1176.25,2152821,2.395421592049146,1141.233910663689,1127.5431147532822,13.690795910406678,8.774549226737946,36.25,30.200000000000045,6.0499999999999545,36.25,24.92500000000002,1587837.5,Buy
504,2024-07-18T00:00:00+05:30,1175.0,1194.6,1170.0,1193.4,2559563,2.6916206969326524,1149.2594628692752,1132.4214025493354,16.838060319939814,10.38725144537832,24.59999999999991,18.34999999999991,6.25,24.59999999999991,25.35357142857143,1655742.9,Buy
505,2024-07-19T00:00:00+05:30,1200.0,1200.1,1183.0,1188.0,1385064,2.901792489463867,1155.2195455047713,1136.5383356938291,18.681209810942164,12.04604311849109,17.09999999999991,6.699999999999818,10.400000000000091,17.09999999999991,25.217857142857138,1663802.5,Buy
506,2024-07-22T00:00:00+05:30,1185.0,1210.9,1182.25,1204.8,1698551,3.0333562716118654,1162.8473077348065,1141.594755272064,21.252552462742415,13.887344987341356,28.65000000000009,22.90000000000009,5.75,28.65000000000009,26.589285714285715,1666982.15,Buy
507,2024-07-23T00:00:00+05:30,1215.0,1262.6,1200.25,1256.9,5140297,3.5381632754394716,1177.3169526986824,1150.1358845111704,27.181068187511983,16.546089627375483,62.34999999999991,57.799999999999955,4.5499999999999545,62.34999999999991,28.899999999999995,1878384.25,Buy
508,2024-07-24T00:00:00+05:30,1257.0,1257.7,1217.4,1231.25,3325998,3.810978650416069,1185.6143445911928,1156.144337510343,29.470007080849882,19.130873118070365,40.299999999999955,0.7999999999999545,39.5,40.299999999999955,28.66428571428571,1998068.45,Buy
509,2024-07-25T00:00:00+05:30,1232.0,1235.0,1208.85,1223.6,2498031,3.848158859400027,1191.4582915771632,1161.1410532503176,30.317238326845654,21.368146159825425,26.15000000000009,3.75,22.40000000000009,26.15000000000009,28.996428571428574,2072783.1,Buy
510,2024-07-26T00:00:00+05:30,1216.05,1218.95,1205.4,1213.65,802492,3.7455829416186672,1194.8724005652919,1165.0306048614052,29.841795703886646,23.06287606863767,13.549999999999955,4.649999999999864,18.199999999999818,18.199999999999818,28.992857142857133,1999264.95,Buy
511,2024-07-29T00:00:00+05:30,1215.0,1222.0,1185.0,1201.4,1944124,3.607605975693477,1195.8766466321702,1167.7246341309308,28.15201250123937,24.08070335515801,37.0,8.349999999999909,28.65000000000009,37.0,29.635714285714275,2039996.65,Buy
512,2024-07-30T00:00:00+05:30,1206.0,1211.4,1189.2,1194.9,1331004,3.340728786154471,1195.726393304144,1169.7376241953064,25.988769108837687,24.46231650589395,22.200000000000045,10.0,12.200000000000045,22.200000000000045,29.18571428571428,2068161.6,Buy
513,2024-07-31T00:00:00+05:30,1193.0,1193.0,1167.0,1188.95,2994289,3.072172492816034,1194.6838712573526,1171.1607631438021,23.523108113550506,24.274474827425262,26.0,1.900000000000091,27.90000000000009,27.90000000000009,29.267857142857142,2116566.6,Sell
514,2024-08-01T00:00:00+05:30,1188.95,1216.0,1188.0,1208.35,1675363,3.003453307041155,1196.7863526023752,1173.9155214294465,22.870831172928774,23.993746096525967,28.0,27.049999999999955,0.9500000000000455,28.0,29.274999999999995,1979995.1,Sell
515,2024-08-02T00:00:00+05:30,1200.0,1220.0,1190.0,1193.65,1262150,2.9057177762693502,1196.3038368173945,1175.3773346568948,20.926502160499695,23.380297309320714,30.0,11.650000000000091,18.34999999999991,30.0,29.70714285714285,1937410.75,Sell
516,2024-08-05T00:00:00+05:30,1176.0,1213.6,1151.0,1199.4,3718458,2.7503715054523656,1196.7801696147185,1177.1567913489766,19.62337826574185,22.62891350060494,62.59999999999991,19.949999999999818,42.65000000000009,62.59999999999991,32.94999999999998,2059252.15,Sell
517,2024-08-06T00:00:00+05:30,1200.0,1212.1,1182.85,1185.6,1304014,2.6860849991181888,1195.0601435201463,1177.7822142120153,17.27792930813098,21.55871666211015,29.25,12.699999999999818,16.550000000000182,29.25,32.44999999999998,2026519.05,Sell
518,2024-08-07T00:00:00+05:30,1182.55,1207.75,1182.55,1199.6,759323,2.4931424977673435,1195.7585829785853,1179.3983464926068,16.360236485978476,20.519020626883815,25.200000000000045,22.15000000000009,3.0499999999999545,25.200000000000045,32.49285714285713,1987188.4,Sell
519,2024-08-08T00:00:00+05:30,1192.0,1195.0,1174.0,1178.3,1298997,2.4192526675328097,1193.0726471357261,1179.3169874931546,13.755659642571572,19.16634843002137,21.0,4.599999999999909,25.59999999999991,25.59999999999991,33.09999999999999,2001380.75,Sell
520,2024-08-09T00:00:00+05:30,1188.9,1188.9,1180.0,1186.15,489864,2.0727222392601923,1192.0076244994607,1179.8231365677357,12.184487931725016,17.7699763303621,8.900000000000091,10.600000000000136,1.7000000000000455,10.600000000000136,31.81071428571428,1931710.75,Sell
521,2024-08-12T00:00:00+05:30,1176.0,1184.35,1166.05,1170.8,787584,1.9769092629152951,1188.7449130380053,1179.1547560812367,9.590156956768624,16.134012455643404,18.299999999999955,1.800000000000182,20.100000000000136,20.100000000000136,28.79285714285715,1916452.5,No Signal
522,2024-08-13T00:00:00+05:30,1172.7,1182.75,1167.6,1178.8,785371,1.754851942961793,1187.2149264167738,1179.1284778529969,8.086448563776912,14.524499677270107,15.150000000000091,11.950000000000045,3.2000000000000455,15.150000000000091,26.99642857142859,1895667.9,No Signal
523,2024-08-14T00:00:00+05:30,1187.0,1187.1,1158.7,1167.55,991108,1.821437883263905,1184.1895531218854,1178.270812826849,5.918740295036514,12.803347800823389,28.399999999999864,8.299999999999955,20.09999999999991,28.399999999999864,27.157142857142862,1837582.25,No Signal
524,2024-08-16T00:00:00+05:30,1168.0,1190.65,1168.0,1187.75,831846,1.7993111937910127,1184.737314180057,1178.9729748396749,5.764339340382094,11.39554610873513,22.65000000000009,23.100000000000136,0.4500000000000455,23.100000000000136,27.507142857142885,1751196.4,No Signal
525,2024-08-19T00:00:00+05:30,1198.0,1200.0,1171.55,1177.4,682374,1.848097198443261,1183.6084966138944,1178.856458184884,4.752038429010327,10.06684457279017,28.450000000000045,12.25,16.200000000000045,28.450000000000045,26.8964285714286,1716061.9,No Signal
526,2024-08-20T00:00:00+05:30,1182.95,1182.95,1166.75,1171.2,673329,1.9166282926785116,1181.6994971348338,1178.289313134152,3.4101840006817383,8.735512458368484,16.200000000000045,5.5499999999999545,10.650000000000091,16.200000000000045,26.467857142857174,1664800.8,No Signal
527,2024-08-21T00:00:00+05:30,1171.95,1181.0,1167.05,1177.55,802420,1.4904581952577298,1181.061112960244,1178.234549198289,2.826563761954958,7.55372271908578,13.950000000000045,9.799999999999955,4.150000000000091,13.950000000000045,25.471428571428596,1447906.95,No Signal
528,2024-08-22T00:00:00+05:30,1184.05,1209.85,1181.0,1205.8,2041300,1.2705580437564,1184.867095581745,1180.2764344428601,4.590661138884798,6.961110403045584,28.84999999999991,32.299999999999955,3.4500000000000455,32.299999999999955,25.77857142857145,1383672.05,No Signal
529,2024-08-23T00:00:00+05:30,1212.0,1215.0,1194.9,1196.8,852159,1.1126024365947473,1186.7029270307073,1181.5004022619075,5.202524768799776,6.609393276196423,20.09999999999991,9.200000000000045,10.899999999999864,20.09999999999991,25.071428571428587,1301378.45,No Signal
530,2024-08-26T00:00:00+05:30,1205.0,1221.85,1194.05,1220.05,1045317,1.1470224120543544,1191.83324594906,1184.3559280202846,7.477317928775392,6.782978206712217,27.799999999999955,25.049999999999955,2.75,27.799999999999955,22.585714285714307,1313519.7,No Signal
531,2024-08-27T00:00:00+05:30,1220.0,1220.55,1208.0,1209.6,483025,1.1965249448056499,1194.5665927261277,1186.2258592780413,8.34073344808644,7.094529254987062,12.549999999999955,0.5,12.049999999999955,12.549999999999955,21.39285714285716,1240464.75,No Signal
532,2024-08-28T00:00:00+05:30,1210.0,1215.35,1196.6,1201.15,779730,1.2199089565072363,1195.5794246144158,1187.3313511833717,8.248073431044077,7.325238090198465,18.75,5.75,13.0,18.75,20.93214285714287,1212901.05,No Signal
533,2024-08-29T00:00:00+05:30,1201.15,1208.9,1185.25,1198.45,1062444,1.231847845709767,1196.0210515968133,1188.1549547994182,7.86609679739513,7.433409831637799,23.65000000000009,7.75,15.900000000000091,23.65000000000009,20.79285714285717,1116308.8,No Signal
534,2024-08-30T00:00:00+05:30,1195.0,1207.5,1195.0,1200.15,2550399,1.1961226205312105,1196.6562744280727,1189.043476666128,7.612797761944648,7.469287417699169,12.5,9.049999999999955,3.4500000000000455,12.5,20.928571428571445,1160060.6,No Signal
535,2024-09-02T00:00:00+05:30,1200.0,1227.0,1197.2,1199.7,1852516,1.2080465747986615,1197.1245399006768,1189.8328487649335,7.291691135743349,7.433768161308006,29.799999999999955,26.84999999999991,2.9500000000000455,29.799999999999955,21.621428571428574,1189578.9,No Signal
536,2024-09-03T00:00:00+05:30,1209.0,1218.35,1196.3,1199.0,1884428,1.2077070739222082,1197.4130722236496,1190.511897004568,6.901175219081551,7.327249572862716,22.049999999999955,18.649999999999864,3.400000000000091,22.049999999999955,22.114285714285707,1097877.4,No Signal
537,2024-09-04T00:00:00+05:30,1196.05,1198.95,1175.0,1194.95,1633635,1.210295619117393,1197.0341380353957,1190.8406453746,6.193492660795755,7.100498190449324,23.950000000000045,0.049999999999954525,24.0,24.0,21.800000000000004,1114358.45,No Signal
538,2024-09-05T00:00:00+05:30,1199.5,1206.85,1185.65,1188.65,1062421,1.2053891725501662,1195.7442706453348,1190.678375346852,5.065895298482928,6.693577612056045,21.199999999999818,11.899999999999864,9.299999999999955,21.199999999999818,21.664285714285693,1129513.35,No Signal
539,2024-09-06T00:00:00+05:30,1188.0,1191.75,1168.75,1173.85,989655,1.2403456595208915,1192.3759213152832,1189.431829024863,2.944092290420258,5.9436805477288885,23.0,3.099999999999909,19.90000000000009,23.0,21.274999999999977,1114046.25,No Signal
540,2024-09-09T00:00:00+05:30,1173.85,1195.95,1169.9,1192.05,1969830,1.2190532776416145,1192.3257795744705,1189.6257676156138,2.7000119588567486,5.294946829954461,26.049999999999955,22.100000000000136,3.949999999999818,26.049999999999955,21.9785714285714,1188044.55,No Signal
541,2024-09-10T00:00:00+05:30,1200.0,1212.95,1196.25,1204.15,1815998,1.166806633617081,1194.1448904091674,1190.7016366811238,3.443253728043601,4.924608209572289,16.700000000000045,20.90000000000009,4.2000000000000455,20.90000000000009,22.474999999999973,1239465.25,No Signal
542,2024-09-11T00:00:00+05:30,1209.9,1219.0,1201.25,1204.4,1837013,1.1564081608150099,1195.7225995769877,1191.7163302602999,4.006269316687849,4.740940430995401,17.75,14.849999999999909,2.900000000000091,17.75,21.435714285714262,1292047.35,No Signal
543,2024-09-12T00:00:00+05:30,1210.0,1225.95,1199.35,1222.75,2635403,1.1434806268172895,1199.880661180528,1194.0151206113887,5.865540569139284,4.965860458624178,26.600000000000136,21.549999999999955,5.050000000000182,26.600000000000136,21.899999999999995,1374262.1,No Signal
544,2024-09-13T00:00:00+05:30,1226.0,1227.0,1208.05,1210.3,1569211,1.1705106739059838,1201.4836363835236,1195.2214079735081,6.262228410015496,5.225134048902442,18.950000000000045,4.25,14.700000000000045,18.950000000000045,21.267857142857142,1411130.35,No Signal
545,2024-09-16T00:00:00+05:30,1220.0,1223.75,1207.0,1218.5,984584,1.1566659644241553,1204.1015384783661,1196.9457481236186,7.1557903547475235,5.611265310071459,16.75,13.450000000000045,3.2999999999999545,16.75,21.567857142857147,1426240.85,No Signal
546,2024-09-17T00:00:00+05:30,1223.0,1234.3,1212.15,1220.25,1450593,1.0780861398587949,1206.5859171740021,1198.6719890033505,7.913928170651616,6.07179788218749,22.149999999999864,15.799999999999955,6.349999999999909,22.149999999999864,21.81071428571428,1465104.05,No Signal
547,2024-09-18T00:00:00+05:30,1220.25,1223.4,1194.0,1200.85,930896,0.9869812145792469,1205.7034683780018,1198.8333231512504,6.870145226751447,6.231467351100282,29.40000000000009,3.150000000000091,26.25,29.40000000000009,22.221428571428564,1471527.85,Buy
548,2024-09-19T00:00:00+05:30,1207.0,1225.6,1204.05,1215.25,2737652,0.9999027933405725,1207.172165550617,1200.0493732881948,7.122792262422081,6.409732333364642,21.549999999999955,24.75,3.2000000000000455,24.75,23.096428571428564,1506345.45,Buy
549,2024-09-20T00:00:00+05:30,1220.0,1230.95,1213.35,1216.85,3533125,1.018243684070593,1208.6610631582143,1201.293864155736,7.367199002478401,6.601225667187394,17.600000000000136,15.700000000000045,1.900000000000091,17.600000000000136,22.225000000000005,1640393.75,Buy
550,2024-09-23T00:00:00+05:30,1222.0,1233.65,1210.25,1211.55,2818001,0.9879325035146125,1209.1055149800275,1202.0535779219776,7.051937058049816,6.691367945359879,23.40000000000009,16.800000000000182,6.599999999999909,23.40000000000009,22.321428571428587,1729027.95,Buy
551,2024-09-24T00:00:00+05:30,1216.0,1227.9,1210.05,1211.65,3393528,0.9926407410528604,1209.4969742138694,1202.7644240018312,6.732550212038177,6.699604398695539,17.850000000000136,16.350000000000136,1.5,17.850000000000136,21.882142857142885,1874553.1,Buy
552,2024-09-25T00:00:00+05:30,1213.9,1216.0,1182.05,1189.6,2448744,1.0467722819029996,1206.4359012578896,1201.789281483177,4.6466197747124625,6.2890074738989235,33.950000000000045,4.349999999999909,29.600000000000136,33.950000000000045,22.792857142857184,1958003.8,Sell
553,2024-09-26T00:00:00+05:30,1195.0,1217.0,1191.15,1213.45,2323705,1.0362329212678634,1207.5149933720604,1202.6530384103492,4.8619549617112625,6.003596971461391,25.84999999999991,27.40000000000009,1.550000000000182,27.40000000000009,23.107142857142907,2021066.85,Sell
554,2024-09-27T00:00:00+05:30,1213.95,1215.7,1199.0,1201.55,2177204,1.0447482145559799,1206.597302084051,1202.5713318614344,4.0259702226167065,5.608071621692455,16.700000000000045,2.25,14.450000000000045,16.700000000000045,22.43928571428577,2002407.1,Sell
555,2024-09-30T00:00:00+05:30,1194.95,1213.65,1194.95,1196.95,1223096,1.0545953460114004,1205.1131017634277,1202.1549369087356,2.958164854692086,5.078090268292382,18.700000000000045,12.100000000000136,6.599999999999909,18.700000000000045,22.282142857142908,1970936.1,Sell
556,2024-10-01T00:00:00+05:30,1196.95,1205.45,1191.6,1196.25,892381,1.0615519078905145,1203.7495476459774,1201.7175341747552,2.0320134712221716,4.46887490887834,13.850000000000136,8.5,5.350000000000136,13.850000000000136,22.00357142857149,1921333.75,No Signal
557,2024-10-03T00:00:00+05:30,1186.0,1190.0,1150.15,1152.75,1912206,1.4807103263886412,1195.9034633927502,1198.0903094210696,-2.186846028319451,3.137730721438782,39.84999999999991,6.25,46.09999999999991,46.09999999999991,23.39642857142862,1935262.3,Sell
558,2024-10-04T00:00:00+05:30,1150.0,1154.75,1125.2,1130.4,1773781,2.0620849800281853,1185.8260074861732,1193.0762124269163,-7.25020494074306,1.0601435890024133,29.549999999999955,2.0,27.549999999999955,29.549999999999955,24.153571428571468,1970830.3,Sell
559,2024-10-07T00:00:00+05:30,1130.4,1142.65,1106.95,1111.4,1542124,2.7064516702180828,1174.3758524883006,1187.026122617515,-12.650270129214505,-1.6819391546409703,35.700000000000045,12.25,23.450000000000045,35.700000000000045,25.5071428571429,1998453.75,Sell
560,2024-10-08T00:00:00+05:30,1111.4,1124.4,1105.45,1119.05,1738272,3.098055459501927,1165.8641828747159,1181.990854275477,-16.126671400761097,-4.570885603864996,18.950000000000045,13.0,5.9500000000000455,18.950000000000045,25.278571428571485,1986875.85,Sell
561,2024-10-09T00:00:00+05:30,1127.0,1132.0,1110.0,1117.8,1322027,3.427545999854699,1158.4696932016827,1177.235976180997,-18.766282979314383,-7.409965078954873,22.0,12.950000000000045,9.049999999999955,22.0,24.75000000000005,1962177.3,Sell
562,2024-10-10T00:00:00+05:30,1117.8,1129.0,1111.4,1114.15,1176370,3.7224693187091296,1151.6512788629623,1172.5629409083306,-20.911662045368303,-10.11030447223756,17.59999999999991,11.200000000000045,6.399999999999864,17.59999999999991,24.239285714285757,1929145.15,Sell
563,2024-10-11T00:00:00+05:30,1118.0,1122.35,1101.65,1113.1,569469,3.8838826923251712,1145.720312884045,1168.1582786188246,-22.43796573477971,-12.57583672474599,20.699999999999818,8.199999999999818,12.5,20.699999999999818,24.460714285714307,1825848.45,Sell
564,2024-10-14T00:00:00+05:30,1120.0,1138.0,1105.6,1113.55,513799,4.02501365212959,1140.7710339788073,1164.113220943356,-23.342186964548773,-14.729106772706547,32.40000000000009,24.90000000000009,7.5,32.40000000000009,25.10357142857145,1773077.85,Sell
565,2024-10-15T00:00:00+05:30,1116.0,1119.0,1106.1,1115.25,768815,4.059858474589874,1136.8447210589907,1160.4937230957,-23.649002036709362,-16.513085825507112,12.900000000000091,5.4500000000000455,7.4500000000000455,12.900000000000091,24.750000000000018,1762289.4,Sell
566,2024-10-16T00:00:00+05:30,1115.2,1120.0,1102.1,1113.95,738403,4.045973744633794,1133.3224562806845,1157.046039903426,-23.723583622741444,-17.955185384953978,17.90000000000009,4.75,13.150000000000091,17.90000000000009,23.60357142857145,1726679.9,Sell
567,2024-10-17T00:00:00+05:30,1113.0,1117.0,1087.65,1090.15,975432,4.3028147199398825,1126.68053992981,1152.0907776883573,-25.410237758547282,-19.446195859672642,29.34999999999991,3.0499999999999545,26.299999999999955,29.34999999999991,23.74285714285715,1728906.7,Sell
568,2024-10-18T00:00:00+05:30,1090.15,1098.15,1072.05,1093.25,953926,4.289768468123689,1121.5373799406084,1147.7322015632938,-26.194821622685367,-20.795921012275187,26.100000000000136,8.0,18.100000000000136,26.100000000000136,24.41428571428573,1639720.4,Sell
569,2024-10-21T00:00:00+05:30,1047.0,1059.45,986.35,1017.05,11484692,5.215110691551731,1105.462398411284,1138.0520384845313,-32.58964007324721,-23.15466482446959,73.10000000000002,33.799999999999955,106.89999999999998,106.89999999999998,30.714285714285722,2037298.75,Sell
570,2024-10-22T00:00:00+05:30,1023.3,1023.85,994.5,998.25,2742491,5.93261348872392,1088.9681832710864,1127.6963319301215,-38.728148659035014,-26.269361591382676,29.350000000000023,6.800000000000068,22.549999999999955,29.350000000000023,31.821428571428573,2033523.25,Sell
571,2024-10-23T00:00:00+05:30,1000.0,1016.8,995.0,1014.55,1936612,6.0484333738374625,1077.5192319986115,1119.31512215752,-41.79589015890838,-29.37466730488782,21.799999999999955,18.549999999999955,3.25,21.799999999999955,30.08571428571429,1960677.45,Sell
572,2024-10-24T00:00:00+05:30,1017.95,1022.1,994.9,996.45,2014701,6.525867706472306,1065.0470424603636,1110.2140019977037,-45.16695953734006,-32.53312575137827,27.200000000000045,7.550000000000068,19.649999999999977,27.200000000000045,29.91785714285715,1938975.3,Sell
573,2024-10-25T00:00:00+05:30,996.9,1003.55,970.5,973.05,2258366,6.912899075299558,1050.8936513126152,1100.0537055534294,-49.160054240814134,-35.85851144926545,33.049999999999955,7.099999999999909,25.950000000000045,33.049999999999955,29.72857142857143,1935708.35,Sell
574,2024-10-28T00:00:00+05:30,973.05,983.35,964.0,975.9,2364081,6.975056580159072,1039.35616649529,1090.8571347716938,-51.50096827640391,-38.98700281469314,19.350000000000023,10.300000000000068,9.049999999999955,19.350000000000023,29.75714285714286,1945052.2,Sell
575,2024-10-29T00:00:00+05:30,982.0,995.3,973.8,992.05,1256095,6.667771835314477,1032.0782947267837,1083.5380877515684,-51.45979302478463,-41.48156085671144,21.5,19.399999999999977,2.1000000000000227,21.5,29.72142857142857,1946702.15,Sell
576,2024-10-30T00:00:00+05:30,991.25,1027.0,988.15,1022.7,2048134,5.956267909249783,1030.6354801534324,1079.0315627329337,-48.39608257950135,-42.864465201269425,38.85000000000002,34.950000000000045,3.8999999999999773,38.85000000000002,31.239285714285725,2004489.8,Sell
577,2024-10-31T00:00:00+05:30,1025.0,1027.9,997.1,1002.55,1381633,5.909764851931831,1026.3146370529043,1073.3662617897535,-47.051624736849135,-43.70189710838537,30.800000000000068,5.2000000000000455,25.600000000000023,30.800000000000068,31.960714285714314,1977961.15,Sell
578,2024-11-01T00:00:00+05:30,1002.55,1012.0,1000.0,1004.1,212772,5.797188695784967,1022.8970005832267,1068.235427583105,-45.33842699987838,-44.02920308668397,12.0,9.450000000000045,2.5499999999999545,12.0,30.50357142857145,1899910.7,Sell
579,2024-11-04T00:00:00+05:30,998.0,1000.95,976.05,994.6,1427199,5.841880072500119,1018.5436158781149,1062.7809514658381,-44.23733558772324,-44.070829586891826,24.90000000000009,3.1499999999999773,28.050000000000068,28.050000000000068,31.585714285714307,1894164.45,Sell
580,2024-11-05T00:00:00+05:30,985.1,1013.1,985.1,1000.75,1163041,5.656472822443073,1015.8061365122511,1058.1860661720723,-42.37992965982119,-43.732649601477696,28.0,18.5,9.5,28.0,32.30714285714287,1865402.9,Buy
581,2024-11-06T00:00:00+05:30,1002.0,1010.65,997.9,1007.05,683591,5.391083479082146,1014.4590385872893,1054.3982094185853,-39.939170831295996,-42.97395384744136,12.75,9.899999999999977,2.8500000000000227,12.75,31.12142857142859,1833481.1,Buy
582,2024-11-07T00:00:00+05:30,1007.5,1010.0,983.55,984.85,1144864,5.316815059215836,1009.9038018815526,1049.246490202394,-39.342688320841376,-42.24770074212137,26.450000000000045,2.9500000000000455,23.5,26.450000000000045,31.146428571428583,1831905.8,Buy
583,2024-11-08T00:00:00+05:30,989.0,997.3,975.4,992.95,973252,4.961735331458733,1007.295524669006,1045.0763798170315,-37.780855148025466,-41.35433162330219,21.899999999999977,12.449999999999932,9.450000000000045,21.899999999999977,25.075000000000014,1852094.95,No Signal
584,2024-11-11T00:00:00+05:30,993.2,997.95,973.25,975.95,1108758,4.688314439883813,1002.4731362583897,1039.955907237992,-37.48277097960238,-40.58001949456223,24.700000000000045,5.0,19.700000000000045,24.700000000000045,24.742857142857158,1881842.9,No Signal
585,2024-11-12T00:00:00+05:30,975.95,986.35,965.55,967.55,968082,4.23190222482051,997.1003460647912,1034.5925067018445,-37.4921606370533,-39.96244772306045,20.800000000000068,10.399999999999977,10.400000000000091,20.800000000000068,24.671428571428596,1891806.25,No Signal
586,2024-11-13T00:00:00+05:30,965.0,969.95,950.0,952.75,948691,3.6765407887354753,990.2772159009772,1028.5300987980042,-38.25288289702701,-39.62053475785376,19.950000000000045,2.400000000000091,17.549999999999955,19.950000000000045,24.15357142857145,1902320.65,No Signal
587,2024-11-14T00:00:00+05:30,950.0,955.25,922.0,925.0,1950720,3.540648158377703,980.2345673008269,1020.8612025907447,-40.62663528991777,-39.821754864266566,33.25,2.5,30.75,33.25,24.16785714285717,1951085.05,No Signal
588,2024-11-18T00:00:00+05:30,929.8,942.5,916.0,930.75,2193819,2.852634529828033,972.6215569468536,1014.186298695134,-41.564741748280426,-40.17035224106934,26.5,17.5,9.0,26.5,24.678571428571452,2013079.7,No Signal
589,2024-11-19T00:00:00+05:30,935.0,940.5,915.05,917.15,1844903,3.238289867826726,964.0874712627223,1006.9984247177167,-42.910953454994456,-40.71847248385436,25.450000000000045,9.75,15.700000000000045,25.450000000000045,24.960714285714314,1531090.25,No Signal
590,2024-11-21T00:00:00+05:30,917.15,922.0,900.5,911.7,1550618,3.6437187731238154,956.0278602992265,999.939282146034,-43.91142184680746,-41.357062356444985,21.5,4.850000000000023,16.649999999999977,21.5,23.721428571428596,1471496.6,No Signal
591,2024-11-22T00:00:00+05:30,916.25,948.5,912.85,945.2,1427895,3.4620047965281633,954.362035637807,995.884520505587,-41.52248486778001,-41.390146858711994,35.64999999999998,36.799999999999955,1.1499999999999773,36.799999999999955,24.150000000000016,1446060.75,No Signal
592,2024-11-25T00:00:00+05:30,950.0,962.75,946.6,955.7,2468847,3.4002865629474006,954.5678763089136,992.907889357025,-38.34001304811147,-40.780120096591894,16.149999999999977,17.549999999999955,1.3999999999999773,17.549999999999955,24.546428571428585,1468768.05,No Signal
593,2024-11-26T00:00:00+05:30,960.0,967.45,951.95,963.55,638057,3.3774952447761373,955.9497414921576,990.7332308861343,-34.78348939397665,-39.580793956068845,15.5,11.75,3.75,15.5,23.65000000000001,1387752.6,No Signal
594,2024-11-27T00:00:00+05:30,964.0,965.1,952.7,960.05,786040,3.3971929336518922,956.5805504933642,988.4603989686428,-31.879848475278663,-38.040604859910815,12.399999999999977,1.5500000000000682,10.849999999999909,12.399999999999977,22.535714285714295,1308850.55,No Signal
595,2024-11-28T00:00:00+05:30,960.0,972.7,938.3,941.05,1834887,3.4877740005671343,954.1912350328466,984.9485175635582,-30.757282530711564,-36.583940394070964,34.40000000000009,12.650000000000091,21.75,34.40000000000009,24.082142857142873,1337790.15,No Signal
596,2024-11-29T00:00:00+05:30,941.8,964.4,941.5,958.65,1482253,3.1505837412942577,954.8771988739471,983.0004792255169,-28.123280351569747,-34.89180838557073,22.899999999999977,23.350000000000023,0.4500000000000455,23.350000000000023,23.860714285714298,1309496.1,No Signal
597,2024-12-02T00:00:00+05:30,958.65,962.85,947.3,957.0,916920,3.0176317572527656,955.2037836625707,981.0745178014045,-25.870734138833768,-33.08759353622334,15.550000000000068,4.2000000000000455,11.350000000000023,15.550000000000068,23.407142857142876,1286260.45,No Signal
598,2024-12-03T00:00:00+05:30,958.05,959.75,948.65,955.0,1346981,2.8457264244832103,955.1724323298675,979.1430720383374,-23.97063970846989,-31.26420277067265,11.100000000000023,2.75,8.350000000000023,11.100000000000023,22.435714285714305,1342970.9,No Signal
599,2024-12-04T00:00:00+05:30,956.0,963.85,949.65,961.2,1236061,2.6973800805251753,956.0997504329649,977.8139555910532,-21.714205158088248,-29.35420324815577,14.200000000000045,8.850000000000023,5.350000000000023,14.200000000000045,21.96428571428573,1333414.0,No Signal
600,2024-12-05T00:00:00+05:30,965.0,970.95,946.25,966.45,2043341,2.486310050691008,957.6920965202011,976.972181102827,-19.280084582625932,-27.339379515049803,24.700000000000045,9.75,14.950000000000045,24.700000000000045,22.303571428571445,1377429.0,No Signal
601,2024-12-06T00:00:00+05:30,970.0,976.4,964.1,974.45,1893714,2.1937706502981196,960.2702355170932,976.7853528729879,-16.515117355894745,-25.17452708321879,12.299999999999955,9.949999999999932,2.3500000000000227,12.299999999999955,20.80714285714287,1437935.15,No Signal
602,2024-12-09T00:00:00+05:30,974.0,974.0,931.5,933.95,3679131,2.2093594657188222,956.2209685144635,973.6123637712851,-17.391395256821625,-23.61790071793936,42.5,0.4500000000000455,42.950000000000045,42.950000000000045,21.982142857142872,1564648.5,No Signal
603,2024-12-10T00:00:00+05:30,938.5,938.6,925.2,926.75,1990270,2.0520144722044296,951.6869733583922,970.1410775660047,-18.454104207612545,-22.585141415874,13.399999999999977,4.649999999999977,8.75,13.399999999999977,21.121428571428584,1615499.4,No Signal
604,2024-12-10T00:00:00+05:30,938.5,938.6,925.2,926.75,1990270,1.998608927296729,947.8505159186395,966.9269236722266,-19.07640775358709,-21.88339468341662,13.399999999999977,11.850000000000023,1.5499999999999545,13.399999999999977,20.54285714285715,1659575.0,No Signal
605,2024-12-11T00:00:00+05:30,931.4,942.95,929.4,935.05,1356603,1.924968419388948,945.8812057773104,964.5656700668765,-18.684464289566108,-21.243608604646518,13.550000000000068,16.200000000000045,2.6499999999999773,16.200000000000045,19.071428571428587,1679001.05,No Signal
606,2024-12-12T00:00:00+05:30,937.0,938.45,916.0,921.25,1913140,2.0237391673754335,942.091789503878,961.3571019137745,-19.265312409896524,-20.847949365696522,22.450000000000045,3.400000000000091,19.049999999999955,22.450000000000045,19.421428571428596,1727223.5,No Signal
607,2024-12-13T00:00:00+05:30,919.25,931.0,907.4,929.7,1278151,1.9822352285029525,940.1853603494352,959.012131401643,-18.826771052207846,-20.44371370299879,23.600000000000023,9.75,13.850000000000023,23.600000000000023,20.000000000000025,1693595.05,No Signal
608,2024-12-16T00:00:00+05:30,929.7,934.65,917.0,920.35,848667,2.0588830879903868,937.1337664495221,956.1482698163362,-19.014503366814097,-20.15787163576185,17.649999999999977,4.949999999999932,12.700000000000045,17.649999999999977,20.375000000000025,1626337.45,No Signal
609,2024-12-17T00:00:00+05:30,920.35,922.0,900.0,904.9,1597108,2.2100763504370846,932.1747254572879,952.3521016817928,-20.177376224504883,-20.16177255351046,22.0,1.6499999999999773,20.350000000000023,22.0,19.48928571428573,1613947.7,No Signal
610,2024-12-18T00:00:00+05:30,905.0,916.9,904.45,909.35,1154541,2.22081762600157,928.6632292330897,949.1667608164748,-20.503531583385097,-20.230124359485387,12.449999999999932,12.0,0.4499999999999318,12.449999999999932,18.710714285714296,1594143.85,No Signal
611,2024-12-19T00:00:00+05:30,908.0,918.0,901.1,907.1,2589001,2.38707287699604,925.3458093510759,946.050704459699,-20.704895108623077,-20.325078509312927,16.899999999999977,8.649999999999977,8.25,16.899999999999977,18.80714285714286,1652199.15,No Signal
612,2024-12-20T00:00:00+05:30,907.0,916.5,882.9,889.45,2441036,2.7116178469587897,919.8233771432181,941.8580596849065,-22.034682541688426,-20.66699931578803,33.60000000000002,9.399999999999977,24.200000000000045,33.60000000000002,20.414285714285718,1650808.6,No Signal
613,2024-12-23T00:00:00+05:30,894.95,906.0,890.0,902.75,1054695,2.7071466805352014,917.1967037365691,938.9611663749134,-21.7644626383443,-20.886491980299283,16.0,16.549999999999955,0.5499999999999545,16.549999999999955,20.582142857142856,1671640.5,No Signal
614,2024-12-24T00:00:00+05:30,904.95,912.95,896.8,907.3,1038280,2.6818537080501392,915.6741339309431,936.6158947915865,-20.9417608606434,-20.897545756368107,16.15000000000009,10.200000000000045,5.9500000000000455,16.15000000000009,19.97142857142857,1684252.5,No Signal
615,2024-12-26T00:00:00+05:30,908.0,911.35,898.6,900.95,595956,2.7899712500724636,913.4088825569519,933.9739766588764,-20.5650941019245,-20.831055425479388,12.75,4.050000000000068,8.699999999999932,12.75,20.003571428571433,1622305.95,No Signal
616,2024-12-27T00:00:00+05:30,902.0,911.4,899.0,907.95,870974,2.70757775864455,912.569054471267,932.0462746841448,-19.477220212877796,-20.560288382959072,12.399999999999977,10.449999999999932,1.9500000000000455,12.399999999999977,17.821428571428573,1591742.0,No Signal
617,2024-12-30T00:00:00+05:30,907.95,912.0,898.7,903.5,1830048,2.6605978225906766,911.1738153218413,929.9317358186526,-18.757920496811266,-20.199814805729513,13.299999999999955,4.0499999999999545,9.25,13.299999999999955,17.814285714285713,1637398.4,No Signal
618,2024-12-31T00:00:00+05:30,899.0,917.15,893.1,914.7,1120133,2.513128242525044,911.7163052723273,928.803459091345,-17.087153819017658,-19.577282608387144,24.049999999999955,13.649999999999977,10.399999999999977,24.049999999999955,18.574999999999996,1626056.0,No Signal
619,2025-01-01T00:00:00+05:30,913.0,922.5,911.0,920.3,641424,2.2899531363577608,913.0368736919693,928.1735732327268,-15.13669954075749,-18.689165994861213,11.5,7.7999999999999545,3.7000000000000455,11.5,18.239285714285707,1596324.15,No Signal
620,2025-01-02T00:00:00+05:30,921.0,931.25,913.05,929.65,1705632,1.961394961281127,915.5927392778201,928.2829381784506,-12.690198900630548,-17.489372576015082,18.200000000000045,10.950000000000045,7.25,18.200000000000045,17.93571428571428,1579438.7,No Signal
621,2025-01-03T00:00:00+05:30,932.7,941.9,926.0,939.45,1832664,1.455196312920747,919.2630870812324,929.1101279430098,-9.847040861777486,-15.960906233167565,15.899999999999977,12.25,3.6499999999999773,15.899999999999977,17.385714285714275,1576386.2,No Signal
622,2025-01-06T00:00:00+05:30,935.0,955.0,929.1,946.9,2692614,1.5628015166159064,923.5149198379659,930.4278962435276,-6.9129764055617215,-14.151320267646398,25.899999999999977,15.549999999999955,10.350000000000023,25.899999999999977,17.97499999999999,1527060.35,No Signal
623,2025-01-07T00:00:00+05:30,952.0,972.0,949.75,955.0,2413582,1.7747770720025886,928.3587783244327,932.2480520773404,-3.889273752907684,-12.098910964698655,22.25,25.100000000000023,2.8500000000000227,25.100000000000023,18.196428571428562,1548225.95,No Signal
624,2025-01-08T00:00:00+05:30,955.0,963.85,945.45,961.6,1235226,2.0214130501741585,933.4728124283662,934.4222704419818,-0.9494580136156401,-9.869020374482053,18.399999999999977,8.850000000000023,9.549999999999955,18.399999999999977,18.621428571428567,1510473.75,No Signal
625,2025-01-09T00:00:00+05:30,957.45,982.8,954.5,970.1,2130681,2.289853011269868,939.1077643624637,937.0650652240572,2.042699138406533,-7.486676471904336,28.299999999999955,21.199999999999932,7.100000000000023,28.299999999999955,19.43571428571428,1549177.65,Buy
626,2025-01-10T00:00:00+05:30,965.2,980.0,959.0,972.8,1443387,2.5629958296046587,944.291185229777,939.7120974296826,4.579087800094499,-5.073523617504569,21.0,9.899999999999977,11.100000000000023,21.0,18.535714285714278,1525690.0,No Signal
627,2025-01-13T00:00:00+05:30,945.2,969.05,945.0,965.45,1876479,2.749036931192857,947.546387502119,941.6186087311876,5.927778770931468,-2.873263139817362,24.049999999999955,3.75,27.799999999999955,27.799999999999955,19.339285714285705,1555606.4,Buy
628,2025-01-14T00:00:00+05:30,965.7,977.0,958.6,963.15,1558290,2.8780373319414054,949.9469432710238,943.2135266029514,6.733416668072323,-0.951927178239425,18.399999999999977,11.549999999999955,6.850000000000023,18.399999999999977,19.499999999999982,1591087.55,Buy
629,2025-01-14T00:00:00+05:30,965.7,977.0,958.6,963.15,1558290,2.923057695277757,951.9781827677893,944.6903024101402,7.287880357649101,0.6960343289382802,18.399999999999977,13.850000000000023,4.5499999999999545,18.399999999999977,19.90357142857141,1589146.65,Buy
630,2025-01-15T00:00:00+05:30,963.15,963.15,944.6,955.55,3190709,2.9441814865236764,952.5276931112064,945.4947244538336,7.032968657372862,1.9634211946251967,18.549999999999955,0.0,18.549999999999955,18.549999999999955,20.342857142857124,1690955.05,Buy
631,2025-01-16T00:00:00+05:30,960.0,960.0,926.05,937.7,2019985,2.924766201096229,950.2465095556362,944.9173374572533,5.329172098382855,2.636571375376729,33.950000000000045,4.4500000000000455,29.5,33.950000000000045,21.81785714285713,1662504.25,Buy
632,2025-01-17T00:00:00+05:30,942.0,959.35,935.35,954.45,677451,2.669579668629352,950.8932003932306,945.6234606085679,5.269739784662647,3.1632050572339128,24.0,21.649999999999977,2.3500000000000227,24.0,21.814285714285706,1574325.0,Buy
633,2025-01-20T00:00:00+05:30,960.0,968.6,944.45,960.3,702848,2.5454858000083447,952.3404003327336,946.7106116745999,5.629788658133634,3.6565217774138574,24.149999999999977,14.149999999999977,10.0,24.149999999999977,22.71785714285713,1556732.65,Buy
634,2025-01-21T00:00:00+05:30,961.05,978.0,957.9,972.1,2281022,2.465048763550862,955.3803387430822,948.591307106111,6.789031636971231,4.2830237493253325,20.100000000000023,17.700000000000045,2.3999999999999773,20.100000000000023,22.853571428571417,1618869.75,Buy
635,2025-01-22T00:00:00+05:30,976.9,981.7,958.15,967.4,1759236,2.285177560003903,957.2295173979927,949.9845436167694,7.24497378122328,4.875413755704923,23.550000000000068,9.600000000000023,13.950000000000045,23.550000000000068,23.399999999999995,1677033.75,Buy
636,2025-01-23T00:00:00+05:30,967.35,993.5,961.15,983.9,1235360,2.171458023039803,961.3326685675323,952.4967996451569,8.835868922375425,5.6675047890390235,32.35000000000002,26.100000000000023,6.25,32.35000000000002,23.860714285714284,1695253.05,Buy
637,2025-01-24T00:00:00+05:30,988.75,1004.0,986.4,992.35,2201712,2.0126660838415518,966.1045657109889,955.4488885603305,10.655677150658448,6.665139261362909,17.600000000000023,20.100000000000023,2.5,20.100000000000023,23.503571428571426,1713836.25,Buy
638,2025-01-27T00:00:00+05:30,989.05,998.4,960.0,965.8,1806238,1.8103554938426885,966.0577094477599,956.2156375558616,9.842071891898286,7.300525787469985,38.39999999999998,6.0499999999999545,32.35000000000002,38.39999999999998,24.932142857142853,1748141.5,Buy
639,2025-01-28T00:00:00+05:30,970.95,979.25,958.0,961.25,1647098,1.5547619760513958,965.3180618404122,956.5885532924644,8.729508547947717,7.586322339565531,21.25,13.450000000000045,7.7999999999999545,21.25,24.428571428571427,1798425.2,Buy
640,2025-01-29T00:00:00+05:30,961.25,966.65,938.0,960.5,1479070,1.355283428847539,964.5768215572718,956.8782900856152,7.698531471656679,7.608764165983762,28.649999999999977,5.399999999999977,23.25,28.649999999999977,24.974999999999998,1787097.1,Buy
641,2025-01-30T00:00:00+05:30,965.95,975.0,953.0,966.7,1706978,1.2266990683836492,964.9034643946146,957.6058241533474,7.297640241267231,7.546539381040456,22.0,14.5,7.5,22.0,24.560714285714287,1780812.8,Sell
642,2025-01-31T00:00:00+05:30,970.0,1031.2,967.9,1024.65,5028986,1.703020837959884,974.0952391031354,962.5720594012475,11.523179701887898,8.341867445209944,63.30000000000007,64.5,1.1999999999999318,64.5,27.85357142857143,1897631.4,Buy
643,2025-02-01T00:00:00+05:30,1026.0,1075.0,1014.75,1069.85,3077657,2.6611403539983125,988.8267407795761,970.5185735196736,18.30816725990246,10.335127408148448,60.25,50.34999999999991,9.900000000000091,60.25,30.84285714285715,1930835.15,Buy
644,2025-02-03T00:00:00+05:30,1067.35,1074.45,1033.65,1036.3,1298543,3.0461283007269704,996.1303191211798,975.3912717774756,20.739047343704215,12.415911395259602,40.799999999999955,4.600000000000136,36.19999999999982,40.799999999999955,32.432142857142864,1934001.0,Buy
645,2025-02-04T00:00:00+05:30,1040.0,1043.8,1019.05,1034.2,2251233,3.2850004315666883,1001.9871931025368,979.747473868033,22.23971923450381,14.380672963108445,24.75,7.5,17.25,24.75,31.775000000000002,1940028.6,Buy
646,2025-02-05T00:00:00+05:30,1035.1,1035.25,1010.55,1015.3,1628436,3.426949974083935,1004.035317240608,982.3809943222528,21.654322918355206,15.835402954157798,24.700000000000045,1.0499999999999545,23.65000000000009,24.700000000000045,31.825000000000006,1949281.05,Buy
647,2025-02-06T00:00:00+05:30,1020.4,1026.3,1010.15,1023.35,1172479,3.4882826586436733,1007.0068068958991,985.4157354835675,21.591071412331644,16.98653664579257,16.149999999999977,11.0,5.149999999999977,16.149999999999977,31.253571428571433,1914081.05,Buy
648,2025-02-07T00:00:00+05:30,1031.9,1031.9,1012.55,1021.2,941811,3.539985252727474,1009.1903750657608,988.066421744044,21.12395332171684,17.814019980977424,19.350000000000136,8.550000000000068,10.800000000000068,19.350000000000136,31.200000000000014,1883257.1,Buy
649,2025-02-10T00:00:00+05:30,1020.0,1036.85,1015.8,1027.5,1418998,3.567323919372932,1012.0072404402591,990.9874275407815,21.019812899477643,18.455178564677468,21.049999999999955,15.649999999999864,5.400000000000091,21.049999999999955,31.021428571428576,1876292.5,Buy
650,2025-02-11T00:00:00+05:30,1029.9,1035.45,1009.1,1013.8,1204012,3.5464036220503545,1012.2830496032961,992.6772477229458,19.605801880350327,18.685303227812042,26.350000000000023,7.9500000000000455,18.399999999999977,26.350000000000023,30.59285714285715,1776957.65,Buy
651,2025-02-12T00:00:00+05:30,1019.0,1039.0,1010.05,1029.75,1082392,3.3169127534664935,1014.9702727412506,995.4233775212462,19.546895220004444,18.857621626250523,28.950000000000045,25.200000000000045,3.75,28.950000000000045,31.225000000000005,1730078.0,Buy
652,2025-02-13T00:00:00+05:30,1029.75,1037.0,1016.85,1022.8,1169309,3.2122632434856517,1016.1748461656736,997.4512754826353,18.723570683038247,18.83081143760807,20.149999999999977,7.25,12.899999999999977,20.149999999999977,29.921428571428578,1754670.9,Sell
653,2025-02-14T00:00:00+05:30,1027.9,1037.85,1018.0,1022.55,2032391,3.087918078259342,1017.1556390632622,999.3104402616993,17.8451988015629,18.633688910399037,19.84999999999991,15.049999999999955,4.7999999999999545,19.84999999999991,29.821428571428573,1821148.05,Sell
654,2025-02-17T00:00:00+05:30,1022.0,1027.45,1005.05,1023.25,925113,3.008461271382528,1018.0932330535296,1001.0837409830549,17.00949207047472,18.308849542414176,22.40000000000009,4.900000000000091,17.5,22.40000000000009,29.375000000000007,1753352.6,Sell
655,2025-02-18T00:00:00+05:30,1019.1,1027.95,1018.55,1026.95,789814,2.8717083379908424,1019.4558125837558,1002.9997601694953,16.456052414260512,17.938290116783445,9.400000000000091,4.7000000000000455,4.7000000000000455,9.400000000000091,28.475000000000016,1704881.5,No Signal
656,2025-02-19T00:00:00+05:30,1024.0,1032.85,1021.3,1025.3,782204,2.8215269745240033,1020.3549183401011,1004.6516297865697,15.703288553531365,17.491289804133032,11.549999999999955,5.899999999999864,5.650000000000091,11.549999999999955,24.692857142857154,1682223.7,No Signal
657,2025-02-20T00:00:00+05:30,1020.0,1030.25,1003.65,1008.9,878748,2.828460534209844,1018.5926232108548,1004.9663238764534,13.626299334401324,16.71829171018669,26.600000000000023,4.9500000000000455,21.649999999999977,26.600000000000023,22.28928571428573,1616075.5,No Signal
658,2025-02-21T00:00:00+05:30,1008.0,1013.65,991.45,1004.0,1330146,2.6229280675690707,1016.3476042553386,1004.8947443300494,11.452859925289204,15.665205353207194,22.199999999999932,4.75,17.449999999999932,22.199999999999932,20.960714285714296,1592270.9,No Signal
659,2025-02-24T00:00:00+05:30,990.0,1011.1,990.0,1002.4,1002365,2.3212586921099785,1014.2018189852865,1004.7099484537495,9.491870531537074,14.43053838887317,21.100000000000023,7.100000000000023,14.0,21.100000000000023,20.700000000000014,1560034.25,No Signal
660,2025-02-24T00:00:00+05:30,990.0,1011.1,990.0,1002.4,1002365,1.933797131697101,1012.3861545260116,1004.5388411608791,7.84731336513255,13.113893384125047,21.100000000000023,8.700000000000045,12.399999999999977,21.100000000000023,20.442857142857154,1536199.0,No Signal
661,2025-02-25T00:00:00+05:30,994.0,1010.0,993.15,1004.85,1663313,1.523145075520659,1011.2267461373945,1004.5618899637769,6.6648561736175225,11.824085942023544,16.850000000000023,7.600000000000023,9.25,16.850000000000023,20.492857142857158,1534015.75,No Signal
