,Date,Open,High,Low,Close,Volume,Volatility,EMA12,EMA26,MACD,Signal Line,H-L,H-PC,L-PC,TR,ATR,Avg_Volume,Signal
0,2022-07-05T00:00:00+05:30,1005.0,1021.9,999.0,1003.2,3045188,,1003.2,1003.2,0.0,0.0,22.899999999999977,,,22.899999999999977,,,No Signal
1,2022-07-06T00:00:00+05:30,1008.0,1014.9,1001.6,1009.9,2188175,,1004.2307692307693,1003.6962962962963,0.5344729344730013,0.10689458689460025,13.299999999999955,11.699999999999932,1.6000000000000227,13.299999999999955,,,No Signal
2,2022-07-07T00:00:00+05:30,1020.95,1026.9,1016.0,1020.75,1901699,,1006.7721893491125,1004.9595336076817,1.8126557414308309,0.44804681780184635,10.900000000000091,17.000000000000114,6.100000000000023,17.000000000000114,,,No Signal
3,2022-07-08T00:00:00+05:30,1031.0,1034.7,1014.55,1026.5,2841036,,1009.8072371415567,1006.5551237108164,3.252113430740337,1.0088601403895445,20.15000000000009,13.950000000000045,6.2000000000000455,20.15000000000009,,,No Signal
4,2022-07-11T00:00:00+05:30,1015.0,1017.35,988.0,1007.55,2892507,,1009.4599698890095,1006.6288182507559,2.831151638253573,1.3733184399623501,29.350000000000023,9.149999999999977,38.5,38.5,,,No Signal
5,2022-07-12T00:00:00+05:30,1000.0,1016.8,994.5,997.35,2013304,,1007.5968975983926,1005.9414983803296,1.655399218063053,1.4297345955824907,22.299999999999955,9.25,13.049999999999955,22.299999999999955,,,No Signal
6,2022-07-13T00:00:00+05:30,1001.4,1004.2,987.05,990.05,2067142,,1004.8973748909476,1004.764350352157,0.13302453879066434,1.1703925842241254,17.15000000000009,6.850000000000023,10.300000000000068,17.15000000000009,,,No Signal
7,2022-07-14T00:00:00+05:30,998.0,998.6,968.8,975.8,2212219,,1000.4208556769556,1002.6188429186639,-2.1979872417082333,0.4967166190376537,29.800000000000068,8.550000000000068,21.25,29.800000000000068,,,No Signal
8,2022-07-15T00:00:00+05:30,980.0,988.9,965.05,973.8,2544737,,996.3253394189625,1000.4841138135777,-4.158774394615193,-0.4343815836929157,23.850000000000023,13.100000000000023,10.75,23.850000000000023,,,No Signal
9,2022-07-18T00:00:00+05:30,985.0,1022.0,984.2,1008.0,3946821,,998.1214410468144,1001.040846123683,-2.919405076868543,-0.9313862823280412,37.799999999999955,48.200000000000045,10.400000000000091,48.200000000000045,,,No Signal
10,2022-07-19T00:00:00+05:30,999.95,1010.95,991.0,1007.7,2985845,,999.5950655011507,1001.5341167811879,-1.9390512800372335,-1.1329192818698797,19.950000000000045,2.9500000000000455,17.0,19.950000000000045,,,No Signal
11,2022-07-20T00:00:00+05:30,1021.25,1051.7,1017.25,1045.5,5574762,,1006.6573631163583,1004.7908488714703,1.8665142448879806,-0.5330325765183076,34.450000000000045,44.0,9.549999999999955,44.0,,,No Signal
12,2022-07-21T00:00:00+05:30,1025.0,1035.8,1011.05,1032.75,4935223,,1010.6716149446108,1006.8618971032132,3.809717841397628,0.3355175070648796,24.75,9.700000000000045,34.450000000000045,34.450000000000045,,,No Signal
13,2022-07-22T00:00:00+05:30,1040.0,1043.7,1013.25,1028.7,2985409,,1013.4452126454399,1008.479534354827,4.965678290612914,1.2615496637744865,30.450000000000045,10.950000000000045,19.5,30.450000000000045,27.285714285714317,,No Signal
14,2022-07-25T00:00:00+05:30,1028.9,1028.9,1008.25,1017.25,2886958,,1014.0305645461415,1009.1291984766917,4.90136606944975,1.9895129449095394,20.65000000000009,0.20000000000004547,20.450000000000045,20.65000000000009,27.12500000000004,,No Signal
15,2022-07-26T00:00:00+05:30,1015.0,1037.25,994.15,999.35,5939575,,1011.7720161544274,1008.4048134043442,3.3672027500832655,2.265050905944285,43.10000000000002,20.0,23.100000000000023,43.10000000000002,29.253571428571473,,No Signal
16,2022-07-27T00:00:00+05:30,1000.0,1009.95,992.0,1007.65,2545842,,1011.137859822977,1008.3489013003186,2.7889585226583904,2.369832429287106,17.950000000000045,10.600000000000023,7.350000000000023,17.950000000000045,29.321428571428612,,No Signal
17,2022-07-28T00:00:00+05:30,1021.2,1043.45,1015.4,1038.0,3427949,,1015.2704967732883,1010.5452789817765,4.725217791511795,2.840909501732044,28.050000000000068,35.80000000000007,7.75,35.80000000000007,30.439285714285752,,No Signal
18,2022-07-29T00:00:00+05:30,1055.0,1068.0,1044.1,1048.65,6185396,,1020.4058049620132,1013.3678509090523,7.037954052960913,3.680318411977818,23.90000000000009,30.0,6.099999999999909,30.0,29.832142857142895,,No Signal
19,2022-08-01T00:00:00+05:30,1058.95,1058.95,1037.8,1049.6,2539875,2.1015921048427657,1024.8972195832418,1016.0517138046781,8.845505778563734,4.713355885295001,21.15000000000009,10.299999999999955,10.850000000000136,21.15000000000009,29.75000000000005,3282983.1,No Signal
20,2022-08-02T00:00:00+05:30,1046.0,1049.5,1030.0,1032.6,2801918,2.154876381259575,1026.0822627242815,1017.2775127821094,8.804749942172066,5.531634696670414,19.5,0.09999999999990905,19.59999999999991,19.59999999999991,29.925000000000036,3270819.6,No Signal
21,2022-08-03T00:00:00+05:30,1027.45,1057.0,1024.7,1052.65,3508732,2.247308425566626,1030.169606920546,1019.8976970204717,10.271909900074206,6.4796897373511735,32.299999999999955,24.40000000000009,7.899999999999864,32.299999999999955,30.103571428571456,3336847.45,No Signal
22,2022-08-04T00:00:00+05:30,1063.0,1072.7,1036.2,1056.05,5360213,2.3807316650080583,1034.1512058558465,1022.5756453893257,11.575560466520756,7.4988638831850905,36.5,20.049999999999955,16.450000000000045,36.5,31.007142857142885,3509773.15,No Signal
23,2022-08-05T00:00:00+05:30,1060.0,1067.95,1050.45,1058.2,2641281,2.5087785066848713,1037.8510203395624,1025.2144864715979,12.636533867964545,8.526397880140982,17.5,11.900000000000091,5.599999999999909,17.5,28.814285714285738,3499785.4,No Signal
24,2022-08-08T00:00:00+05:30,1056.0,1064.85,1049.05,1056.6,2579192,2.5984385297771864,1040.7354787488605,1027.5393393255536,13.196139423306931,9.460346188774173,15.799999999999955,6.649999999999864,9.150000000000091,15.799999999999955,28.51785714285716,3484119.65,No Signal
25,2022-08-10T00:00:00+05:30,1056.0,1059.15,1043.05,1055.2,2822886,2.6125447314421635,1042.9607897105743,1029.5882771532904,13.372512557283926,10.242779462476124,16.100000000000136,2.550000000000182,13.549999999999955,16.100000000000136,26.525000000000027,3524598.75,No Signal
26,2022-08-11T00:00:00+05:30,1072.0,1093.9,1070.2,1077.25,3199187,2.6316785145846224,1048.2360528320244,1033.1187751419357,15.117277690088713,11.217679107998642,23.700000000000045,38.700000000000045,15.0,38.700000000000045,26.828571428571454,3581201.0,No Signal
27,2022-08-12T00:00:00+05:30,1073.3,1076.4,1062.0,1065.9,1771520,2.45626920453768,1050.9535831655592,1035.5470140203108,15.40656914524834,12.055457115448583,14.400000000000091,0.849999999999909,15.25,15.25,25.742857142857165,3559166.05,No Signal
28,2022-08-16T00:00:00+05:30,1076.0,1079.95,1056.55,1077.7,2222635,2.175442630696735,1055.068416524704,1038.6694574262137,16.398959098490195,12.924157512056906,23.40000000000009,14.049999999999955,9.350000000000136,23.40000000000009,25.939285714285738,3543060.95,No Signal
29,2022-08-17T00:00:00+05:30,1072.5,1106.9,1072.2,1104.5,4280615,2.365201567447283,1062.6732755209034,1043.5457939131609,19.12748160774254,14.164822331194033,34.700000000000045,29.200000000000045,5.5,34.700000000000045,25.33928571428574,3559750.65,No Signal
30,2022-08-18T00:00:00+05:30,1100.0,1109.2,1088.1,1105.15,3041408,2.5085836132126276,1069.2081562099952,1048.109068438112,21.099087771883205,15.551675419331868,21.100000000000136,4.7000000000000455,16.40000000000009,21.100000000000136,25.564285714285745,3562528.8,No Signal
31,2022-08-19T00:00:00+05:30,1110.0,1135.0,1100.0,1104.15,4577181,2.732004261157207,1074.5838244853805,1052.2602485538075,22.323575931573032,16.9060555217801,35.0,29.84999999999991,5.150000000000091,35.0,25.507142857142885,3512649.75,No Signal
32,2022-08-22T00:00:00+05:30,1096.0,1100.0,1075.25,1078.7,2157171,2.805226659512836,1075.2170822568605,1054.218748660933,20.998333595927534,17.72451113660959,24.75,4.150000000000091,28.90000000000009,28.90000000000009,25.428571428571463,3373747.15,No Signal
33,2022-08-23T00:00:00+05:30,1062.0,1070.1,1047.0,1065.9,2875742,2.781748444233718,1073.7836849865744,1055.0840265379009,18.699658448673517,17.919540599022376,23.09999999999991,8.600000000000136,31.700000000000045,31.700000000000045,26.182142857142885,3368263.8,No Signal
34,2022-08-24T00:00:00+05:30,1066.0,1073.4,1055.1,1070.95,2180788,2.633657480494919,1073.3477334501783,1056.2592838313897,17.088449618788673,17.753322402975638,18.300000000000182,7.5,10.800000000000182,18.300000000000182,26.08928571428576,3332955.3,No Signal
35,2022-08-25T00:00:00+05:30,1080.0,1089.65,1065.55,1070.6,2734931,2.2740038136940406,1072.925005227074,1057.3215591031385,15.603446123935555,17.32334714716762,24.100000000000136,18.700000000000045,5.400000000000091,24.100000000000136,25.50357142857149,3172723.1,No Signal
36,2022-08-26T00:00:00+05:30,1083.0,1097.55,1081.0,1085.55,2624768,1.922828387307129,1074.8673121152165,1059.4125547251283,15.454757390088162,16.94962919575173,16.549999999999955,26.950000000000045,10.400000000000091,26.950000000000045,24.821428571428637,3176669.4,No Signal
37,2022-08-29T00:00:00+05:30,1046.0,1047.6,1017.3,1035.55,6118212,2.0339949725039155,1068.8184948667217,1057.6449580788226,11.173536787899138,15.794410714181211,30.299999999999955,37.950000000000045,68.25,68.25,28.446428571428637,3311182.55,Sell
38,2022-08-30T00:00:00+05:30,1048.0,1080.5,1042.3,1076.1,4453704,1.919479587712454,1069.9387264256875,1059.011998221132,10.926728204555502,14.82087421225607,38.200000000000045,44.950000000000045,6.75,44.950000000000045,30.5285714285715,3224597.95,Sell
39,2022-09-01T00:00:00+05:30,1056.0,1065.0,1043.1,1052.9,6112768,1.9475250185771071,1067.3173838986586,1058.5592576121592,8.758126286499419,13.608324627104741,21.90000000000009,11.099999999999909,33.0,33.0,31.735714285714348,3403242.6,Sell
40,2022-09-02T00:00:00+05:30,1058.2,1066.5,1047.05,1056.4,1645225,1.78939552599422,1065.637786375788,1058.399312603851,7.238473771936924,12.334354456071178,19.450000000000045,13.599999999999909,5.850000000000136,19.450000000000045,30.360714285714348,3345407.95,Sell
41,2022-09-05T00:00:00+05:30,1056.0,1070.8,1054.8,1065.05,1677004,1.7363226241963938,1065.5473577025898,1058.891956114677,6.65540158791282,11.198563882439508,16.0,14.399999999999864,1.6000000000001364,16.0,30.414285714285775,3253821.55,Sell
42,2022-09-06T00:00:00+05:30,1065.05,1071.0,1050.3,1063.7,3051006,1.7153730756644003,1065.2631488252682,1059.2481075135897,6.0150413116784875,10.161859368287304,20.700000000000045,5.9500000000000455,14.75,20.700000000000045,30.22142857142863,3138361.2,Sell
43,2022-09-07T00:00:00+05:30,1052.0,1061.0,1044.0,1055.85,2615852,1.7372309159561954,1063.8149720829192,1058.9963958459164,4.818576237002844,9.093202742030412,17.0,2.7000000000000455,19.700000000000045,19.700000000000045,29.15000000000006,3137089.75,Sell
44,2022-09-08T00:00:00+05:30,1070.0,1092.9,1067.1,1089.6,2634504,1.6928666598943332,1067.7818994547779,1061.2633294869595,6.518569967818394,8.578276187188008,25.800000000000182,37.05000000000018,11.25,37.05000000000018,30.289285714285775,3139855.35,Sell
45,2022-09-09T00:00:00+05:30,1102.65,1132.35,1086.25,1126.65,3394349,1.9095646083752582,1076.838530307889,1066.1067865619996,10.73174374588939,9.008969698928285,46.09999999999991,42.75,3.349999999999909,46.09999999999991,31.082142857142912,3168428.5,Buy
46,2022-09-12T00:00:00+05:30,1140.0,1165.0,1139.95,1150.1,5230042,2.3567398126880867,1088.1095256451367,1072.3285060759256,15.78101956921114,10.363379672984856,25.049999999999955,38.34999999999991,13.299999999999955,38.34999999999991,31.7571428571429,3269971.25,Buy
47,2022-09-13T00:00:00+05:30,1156.0,1164.45,1143.1,1147.45,2483599,2.6800887554328843,1097.2388293920387,1077.8930611814126,19.345768210626147,12.159857380513115,21.350000000000136,14.350000000000136,7.0,21.350000000000136,31.017857142857192,3305575.2,Buy
48,2022-09-14T00:00:00+05:30,1112.0,1121.85,1095.0,1114.7,5179057,2.8214458363100823,1099.9251633317251,1080.6195010939005,19.305662237824663,13.589018351975426,26.84999999999991,25.600000000000136,52.450000000000045,52.450000000000045,33.4571428571429,3453396.3,Buy
49,2022-09-15T00:00:00+05:30,1120.3,1124.3,1078.0,1083.0,3391635,2.8762910633344703,1097.3212920499213,1080.7958343462042,16.525457703717166,14.176306222323774,46.299999999999955,9.599999999999909,36.700000000000045,46.299999999999955,35.042857142857166,3408947.3,Buy
50,2022-09-16T00:00:00+05:30,1065.0,1073.95,1028.0,1033.2,6634806,3.174586828607468,1087.456477888395,1077.2702169872261,10.186260901168907,13.378297158092801,45.950000000000045,9.049999999999955,55.0,55.0,37.04642857142859,3588617.2,Sell
51,2022-09-19T00:00:00+05:30,1036.0,1051.85,1023.1,1039.5,2485716,3.2328726273440846,1080.0785582132573,1074.4724231363205,5.60613507693688,11.823864741861618,28.749999999999886,18.649999999999864,10.100000000000023,28.749999999999886,34.225000000000016,3484043.95,Sell
52,2022-09-20T00:00:00+05:30,1054.0,1065.7,1050.0,1056.15,2321487,3.2154493496522085,1076.397241565064,1073.115206607704,3.2820349573598833,10.115498784961272,15.700000000000045,26.200000000000045,10.5,26.200000000000045,32.8857142857143,3492259.75,Sell
53,2022-09-21T00:00:00+05:30,1047.2,1066.95,1047.0,1060.15,2760042,3.2148764957292797,1073.8976659396694,1072.1548209330592,1.742845006610196,8.440968029291056,19.950000000000045,10.799999999999955,9.150000000000091,19.950000000000045,31.953571428571447,3486474.75,Sell
54,2022-09-22T00:00:00+05:30,1050.0,1072.0,1042.25,1048.4,3867245,3.304992382217923,1069.9749481027973,1070.3952045676474,-0.4202564648501266,6.66872313046282,29.75,11.849999999999909,17.90000000000009,29.75,32.68928571428573,3570797.6,Sell
55,2022-09-23T00:00:00+05:30,1038.0,1049.9,1022.0,1035.1,3230402,3.459123499975402,1064.6095714715977,1067.7807449700438,-3.1711734984460236,4.700743804681052,27.90000000000009,1.5,26.40000000000009,27.90000000000009,33.53928571428573,3595571.15,Sell
56,2022-09-26T00:00:00+05:30,1029.0,1052.25,1013.55,1032.9,3313854,3.5641229177337967,1059.7311758605827,1065.196986083374,-5.465810222791333,2.667432999186575,38.700000000000045,17.15000000000009,21.549999999999955,38.700000000000045,34.825000000000024,3630025.45,Sell
57,2022-09-27T00:00:00+05:30,1034.95,1045.0,1019.05,1022.5,4448815,3.675802476930283,1054.0033026512622,1062.0342463734944,-8.030943722232223,0.5277576549028155,25.950000000000045,12.099999999999909,13.850000000000136,25.950000000000045,35.271428571428594,3546555.6,Sell
58,2022-09-28T00:00:00+05:30,1016.0,1036.4,1008.55,1029.7,1964708,3.752220724664697,1050.2643330126064,1059.6391170124948,-9.37478399988845,-1.4527506760554378,27.850000000000136,13.900000000000091,13.950000000000045,27.850000000000136,34.614285714285735,3422105.8,Sell
59,2022-09-29T00:00:00+05:30,1042.85,1044.5,1001.65,1007.1,3175746,4.059200239070736,1043.6236663952823,1055.747330567125,-12.12366417184262,-3.5869333752128747,42.85000000000002,14.799999999999955,28.050000000000068,42.85000000000002,34.38214285714288,3275254.7,Sell
60,2022-09-30T00:00:00+05:30,1001.0,1018.8,984.55,1008.6,3848482,4.24488621399939,1038.2354100267773,1052.2549357103007,-14.019525683523398,-5.67345183687498,34.25,11.699999999999932,22.550000000000068,34.25,34.089285714285744,3385417.55,Sell
61,2022-10-03T00:00:00+05:30,1010.0,1018.25,999.15,1005.5,2431211,4.448160706419839,1033.1991930995807,1048.7916071391674,-15.592414039586629,-7.65724427741731,19.100000000000023,9.649999999999977,9.450000000000045,19.100000000000023,33.92857142857145,3423127.9,Sell
62,2022-10-04T00:00:00+05:30,1022.0,1036.0,1017.9,1028.3,2715158,4.404313448305269,1032.4454710842606,1047.273710314044,-14.828239229783321,-9.091443267890513,18.100000000000023,30.5,12.399999999999977,30.5,32.36071428571431,3406335.5,No Signal
63,2022-10-06T00:00:00+05:30,1033.45,1045.0,1027.35,1031.3,2397440,4.431525286501489,1032.269244763605,1046.0904725130035,-13.821227749398531,-10.037400164192118,17.65000000000009,16.700000000000045,0.9500000000000455,17.65000000000009,30.314285714285745,3395414.9,No Signal
64,2022-10-07T00:00:00+05:30,1029.9,1036.45,1021.05,1023.85,1538949,4.457304585056665,1030.973976338435,1044.443030104633,-13.46905376619793,-10.72373088459328,15.400000000000091,5.150000000000091,10.25,15.400000000000091,27.485714285714323,3340637.15,No Signal
65,2022-10-10T00:00:00+05:30,1008.1,1033.0,1003.5,1029.35,1660432,4.137730759847947,1030.7241338248296,1043.3250278746602,-12.600894049830686,-11.099163517640761,29.5,9.149999999999977,20.350000000000023,29.5,27.53928571428576,3253941.3,No Signal
66,2022-10-11T00:00:00+05:30,1034.5,1035.0,1000.55,1004.85,2310160,3.6271368793802043,1026.7434978517788,1040.4750258098707,-13.731527958091874,-11.625636405730985,34.450000000000045,5.650000000000091,28.799999999999955,34.450000000000045,28.128571428571473,3107947.2,No Signal
67,2022-10-12T00:00:00+05:30,1007.8,1018.8,998.2,1015.9,2192367,2.667889566723509,1025.0752674130435,1038.654653527658,-13.579386114614408,-12.01638634750767,20.59999999999991,13.949999999999932,6.649999999999977,20.59999999999991,28.175000000000036,3093385.6,No Signal
68,2022-10-13T00:00:00+05:30,1018.85,1021.0,1003.05,1012.95,1344149,1.984238710928786,1023.2098416571907,1036.7506051182017,-13.54076346101101,-12.321261770208338,17.950000000000045,5.100000000000023,12.850000000000023,17.950000000000045,27.332142857142895,2901640.2,No Signal
69,2022-10-14T00:00:00+05:30,1035.0,1049.9,1016.05,1019.85,3492823,1.5621884967798096,1022.6929429406998,1035.4987084427794,-12.805765502079566,-12.418162516582584,33.850000000000136,36.950000000000045,3.099999999999909,36.950000000000045,27.978571428571463,2906699.6,No Signal
70,2022-10-17T00:00:00+05:30,1019.0,1027.95,1007.45,1023.25,1425986,1.553085849828141,1022.778644026746,1034.5913967062772,-11.812752679531286,-12.297080549172325,20.5,8.100000000000023,12.399999999999977,20.5,26.678571428571463,2646258.6,No Signal
71,2022-10-18T00:00:00+05:30,1028.4,1033.95,1014.0,1019.4,2395718,1.5379627676461354,1022.2588526380158,1033.4661080613678,-11.207255423351967,-12.079115524008254,19.950000000000045,10.700000000000045,9.25,19.950000000000045,26.250000000000032,2641758.7,No Signal
72,2022-10-19T00:00:00+05:30,1024.5,1030.0,1016.3,1019.2,1304903,1.3730796867693562,1021.7882599244749,1032.4093593160812,-10.621099391606322,-11.787512297527867,13.700000000000045,10.600000000000023,3.1000000000000227,13.700000000000045,25.23928571428574,2590929.5,No Signal
73,2022-10-20T00:00:00+05:30,1010.0,1043.4,1007.0,1041.65,1852323,1.1455160567114109,1024.8439122437865,1033.0938512185937,-8.249938974807264,-11.079997632983748,36.40000000000009,24.200000000000045,12.200000000000045,36.40000000000009,24.77857142857146,2545543.55,No Signal
74,2022-10-21T00:00:00+05:30,1041.65,1044.35,1031.1,1041.15,1201861,1.0764604458400315,1027.3525411293579,1033.6906029801794,-6.338061850821532,-10.131610476551305,13.25,2.699999999999818,10.550000000000182,13.25,23.27857142857146,2412274.35,No Signal
75,2022-10-24T00:00:00+05:30,1051.0,1051.15,1045.0,1048.15,231072,1.1734119314180578,1030.5521501863798,1034.761669426092,-4.2095192397123355,-8.947192229183512,6.150000000000091,10.0,3.849999999999909,10.0,22.62857142857146,2262307.85,No Signal
76,2022-10-25T00:00:00+05:30,1053.4,1086.0,1051.0,1082.5,3096910,1.6642076999033866,1038.5441270807828,1038.2978420611964,0.24628501958636662,-7.108496779429537,35.0,37.84999999999991,2.849999999999909,37.84999999999991,23.15357142857145,2251460.65,No Signal
77,2022-10-27T00:00:00+05:30,1093.3,1098.0,1067.15,1075.85,2342396,1.968665698352124,1044.2834921452777,1041.0794833899968,3.204008755280938,-5.045995672487442,30.84999999999991,15.5,15.349999999999909,30.84999999999991,24.096428571428582,2146139.7,No Signal
78,2022-10-28T00:00:00+05:30,1081.0,1081.0,1045.05,1048.95,1542392,2.066140762918953,1045.0014164306197,1041.6624846203674,3.338931810252234,-3.3690101759395072,35.950000000000045,5.150000000000091,30.799999999999955,35.950000000000045,25.56428571428572,2125023.9,No Signal
79,2022-10-31T00:00:00+05:30,1053.25,1078.3,1053.0,1063.4,2629784,2.094622987585041,1047.8319677489858,1043.2726709447847,4.55929680420104,-1.7833487799113978,25.299999999999955,29.34999999999991,4.0499999999999545,29.34999999999991,25.553571428571427,2097725.8,No Signal
80,2022-11-01T00:00:00+05:30,1069.0,1080.0,1047.15,1070.9,4709168,2.160791041786332,1051.3808957876033,1045.3191397636897,6.061756023913631,-0.21432781914639207,32.84999999999991,16.59999999999991,16.25,32.84999999999991,25.439285714285706,2140760.1,No Signal
81,2022-11-02T00:00:00+05:30,1071.0,1098.7,1066.35,1082.0,4103315,2.241098791384286,1056.091527204895,1048.0362405219348,8.055286682960286,1.4395950812749436,32.350000000000136,27.799999999999955,4.550000000000182,32.350000000000136,26.278571428571436,2224365.3,No Signal
82,2022-11-03T00:00:00+05:30,1070.0,1071.15,1050.15,1052.85,3460128,2.3073128420032023,1055.5928307118343,1048.3928152980877,7.2000154137465415,2.5916791477692636,21.0,10.849999999999909,31.84999999999991,31.84999999999991,27.27142857142857,2261613.8,Buy
83,2022-11-04T00:00:00+05:30,1053.0,1058.8,1038.75,1053.65,2530940,2.3126791181961392,1055.2939336792444,1048.7822363871182,6.5116972921262,3.375682776640651,20.049999999999955,5.9500000000000455,14.099999999999909,20.049999999999955,26.064285714285706,2268288.8,Buy
84,2022-11-07T00:00:00+05:30,1058.95,1067.9,1044.45,1053.5,2588938,2.291334368291614,1055.0179438824375,1049.131700358443,5.886243523994608,3.877794926111443,23.450000000000045,14.25,9.200000000000045,23.450000000000045,26.274999999999995,2320788.25,Buy
85,2022-11-09T00:00:00+05:30,1047.0,1048.95,1025.05,1028.7,2697101,2.348491543120687,1050.9690294389857,1047.6182410726324,3.3507883663532994,3.7723936141598142,23.90000000000009,4.5499999999999545,28.450000000000045,28.450000000000045,26.88214285714285,2372621.7,Sell
86,2022-11-10T00:00:00+05:30,1015.0,1034.0,1005.25,1021.1,3285709,2.258247816797748,1046.3737941406803,1045.6539269191042,0.7198672215761235,3.1618883356430763,28.75,5.2999999999999545,23.450000000000045,28.75,27.95714285714285,2421399.15,Sell
87,2022-11-11T00:00:00+05:30,1049.0,1066.0,1046.2,1058.7,5298801,2.1075615009473117,1048.2701335036525,1046.6203027028741,1.649830800778318,2.859476828670125,19.799999999999955,44.89999999999998,25.100000000000023,44.89999999999998,28.564285714285695,2576720.85,Sell
88,2022-11-14T00:00:00+05:30,1062.0,1074.45,1055.45,1065.35,2229721,1.9988899680101695,1050.8978052723214,1048.0076876878463,2.8901175844750924,2.8656049798311187,19.0,15.75,3.25,19.0,28.974999999999984,2620999.45,Buy
89,2022-11-15T00:00:00+05:30,1065.0,1070.5,1050.0,1066.95,1577936,1.9261283653120096,1053.3673736919643,1049.410821933191,3.95655175877323,3.083794335619541,20.5,5.150000000000091,15.349999999999909,20.5,29.724999999999984,2525255.1,Buy
90,2022-11-16T00:00:00+05:30,1066.0,1075.0,1059.0,1066.85,2335730,1.852683238436969,1055.4416238932006,1050.7026129011028,4.739010992097747,3.4148376669151825,16.0,8.049999999999955,7.9500000000000455,16.0,28.164285714285704,2570742.3,Buy
91,2022-11-17T00:00:00+05:30,1060.0,1061.85,1047.3,1058.55,2089621,1.7126580136824123,1055.919835601939,1051.2839008343544,4.635934767584558,3.659057087049058,14.549999999999955,5.0,19.549999999999955,19.549999999999955,27.35714285714285,2555437.45,Buy
92,2022-11-18T00:00:00+05:30,1060.0,1065.0,1046.0,1060.85,1617285,1.5154694974656815,1056.67832243241,1051.9925007725503,4.6858216598595845,3.8644100016111635,19.0,6.4500000000000455,12.549999999999955,19.0,26.14642857142856,2571056.55,No Signal
93,2022-11-21T00:00:00+05:30,1055.1,1057.9,1037.8,1042.6,1475938,1.5375221232953653,1054.5124266735777,1051.2967599745837,3.2156666989940277,3.7346613410877367,20.100000000000136,2.949999999999818,23.049999999999955,23.049999999999955,25.696428571428562,2552237.3,No Signal
94,2022-11-22T00:00:00+05:30,1042.6,1052.9,1036.05,1050.65,1696293,1.491316726222105,1053.918207185335,1051.2488518283183,2.669355357016684,3.5216001442735263,16.850000000000136,10.300000000000182,6.5499999999999545,16.850000000000136,24.553571428571438,2576958.9,No Signal
95,2022-11-23T00:00:00+05:30,1055.95,1058.65,1041.35,1044.05,1703787,1.5157073967710135,1052.400021464514,1050.7156035447392,1.6844179197748872,3.1541636993737985,17.300000000000182,8.0,9.300000000000182,17.300000000000182,23.47857142857144,2650594.65,No Signal
96,2022-11-24T00:00:00+05:30,1049.3,1071.0,1046.0,1069.3,2207950,1.4004632716970526,1055.000018162281,1052.0922255043881,2.907792657892969,3.104889491077633,25.0,26.950000000000045,1.9500000000000455,26.950000000000045,23.12857142857145,2606146.65,No Signal
97,2022-11-25T00:00:00+05:30,1070.0,1082.9,1060.0,1080.15,1943072,1.4156850626312039,1058.8692461373148,1054.1705791707298,4.698666966585051,3.4236449861791165,22.90000000000009,13.600000000000136,9.299999999999955,22.90000000000009,23.332142857142887,2586180.45,No Signal
98,2022-11-28T00:00:00+05:30,1075.0,1091.0,1071.4,1077.2,1749691,1.4676375583895156,1061.6893621161894,1055.8764621951202,5.8128999210691745,3.9014959731571284,19.59999999999991,10.849999999999909,8.75,19.59999999999991,23.05714285714288,2596545.4,No Signal
99,2022-11-29T00:00:00+05:30,1076.1,1085.45,1072.8,1074.55,1233845,1.5065231370677061,1063.667921790622,1057.259687217704,6.408234572917991,4.402843693109301,12.650000000000091,8.25,4.400000000000091,12.650000000000091,21.928571428571452,2526748.45,No Signal
100,2022-11-30T00:00:00+05:30,1074.75,1082.0,1063.2,1077.0,3909954,1.5302423598511983,1065.7190107459107,1058.721932608985,6.997078136925666,4.921690581872575,18.799999999999955,7.4500000000000455,11.349999999999909,18.799999999999955,21.217857142857163,2486787.75,No Signal
101,2022-12-01T00:00:00+05:30,1091.4,1107.95,1088.15,1101.5,4264174,1.6675107414742971,1071.223778323463,1061.8906783416528,9.333099981810165,5.803972461860093,19.799999999999955,30.950000000000045,11.150000000000091,30.950000000000045,20.221428571428596,2494830.7,No Signal
102,2022-12-02T00:00:00+05:30,1101.5,1116.3,1100.05,1114.75,3418756,1.967498806289434,1077.9201201198532,1065.8061836496786,12.113936470174622,7.065965263522999,16.25,14.799999999999955,1.4500000000000455,16.25,20.025000000000027,2492762.1,No Signal
103,2022-12-05T00:00:00+05:30,1120.0,1120.0,1096.25,1099.75,2760436,2.11397068052133,1081.2785631783374,1068.320540416369,12.958022761968323,8.244376763212065,23.75,5.25,18.5,23.75,20.257142857142885,2504236.9,No Signal
104,2022-12-06T00:00:00+05:30,1089.0,1096.15,1080.05,1088.8,1838107,2.169200389464221,1082.435707304747,1069.837537422564,12.598169882182901,9.115135387006232,16.100000000000136,3.599999999999909,19.700000000000045,19.700000000000045,20.5214285714286,2466695.35,No Signal
105,2022-12-07T00:00:00+05:30,1086.0,1087.3,1074.2,1078.05,1478352,2.0295717100054422,1081.7609831040168,1070.4458679838556,11.315115120161181,9.555131333637222,13.099999999999909,1.5,14.599999999999909,14.599999999999909,20.16785714285717,2405757.9,No Signal
106,2022-12-08T00:00:00+05:30,1078.1,1082.4,1070.3,1074.15,1110216,1.7349374369239727,1080.5900626264756,1070.7202481331997,9.869814493275953,9.618067965564968,12.100000000000136,4.350000000000136,7.75,12.100000000000136,19.675000000000036,2296983.25,No Signal
107,2022-12-09T00:00:00+05:30,1073.95,1075.7,1030.2,1035.3,3138276,1.9525424587206333,1073.622360683941,1068.096526049259,5.525834634682042,8.799621299388383,45.5,1.5499999999999545,43.950000000000045,45.5,21.278571428571468,2188957.0,No Signal
108,2022-12-12T00:00:00+05:30,1034.0,1044.4,1021.8,1032.1,1689320,2.133331455703489,1067.2343051941039,1065.430116712277,1.804188481826941,7.400534735876095,22.600000000000136,9.100000000000136,13.5,22.600000000000136,21.689285714285752,2161936.95,No Signal
109,2022-12-13T00:00:00+05:30,1039.85,1047.45,1030.15,1045.75,1983450,2.1665075005433487,1063.929027471934,1063.9723302891452,-0.04330281721126994,5.911767225258622,17.299999999999955,15.350000000000136,1.949999999999818,17.299999999999955,21.689285714285738,2182212.65,No Signal
110,2022-12-14T00:00:00+05:30,1051.0,1068.05,1051.0,1065.1,1983937,2.1281309818345138,1064.1091770916364,1064.0558613788382,0.053315712798166714,4.740076922766531,17.049999999999955,22.299999999999955,5.25,22.299999999999955,21.357142857142872,2164623.0,No Signal
111,2022-12-15T00:00:00+05:30,1060.0,1060.0,1020.25,1022.75,5184277,2.42551773641683,1057.7462267698463,1060.9961679433688,-3.2499411735225294,3.142073303508719,39.75,5.099999999999909,44.84999999999991,44.84999999999991,22.925000000000004,2319355.8,Sell
112,2022-12-16T00:00:00+05:30,1015.0,1033.5,1011.0,1020.8,2994283,2.6291954772180373,1052.0621918821776,1058.0186740216377,-5.9564821394601495,1.3223622149149454,22.5,10.75,11.75,22.5,23.132142857142867,2388205.7,Sell
113,2022-12-19T00:00:00+05:30,1019.95,1028.1,1009.75,1026.7,1529577,2.702683717393409,1048.1603162079964,1055.698772242257,-7.538456034260662,-0.44980143492017605,18.34999999999991,7.2999999999999545,11.049999999999955,18.34999999999991,23.53928571428571,2390887.65,Sell
114,2022-12-20T00:00:00+05:30,1025.0,1025.0,1004.0,1017.95,2148908,2.8960956802381737,1043.51257525292,1052.9025668909787,-9.389991638058746,-2.23783947554789,21.0,1.7000000000000455,22.700000000000045,22.700000000000045,23.817857142857147,2413518.4,Sell
115,2022-12-21T00:00:00+05:30,1024.5,1030.55,1020.25,1026.05,2037649,2.9559313013757245,1040.8260252140092,1050.9134878620173,-10.087462648008113,-3.807764110039935,10.299999999999955,12.599999999999909,2.2999999999999545,12.599999999999909,22.50714285714285,2430211.5,Sell
116,2022-12-22T00:00:00+05:30,1030.0,1035.0,1012.6,1015.85,1925259,3.141108728746742,1036.9835597964693,1048.316192464831,-11.332632668361612,-5.312737821704271,22.399999999999977,8.950000000000045,13.449999999999932,22.399999999999977,22.946428571428562,2416076.95,Sell
117,2022-12-23T00:00:00+05:30,1005.05,1015.5,993.0,995.75,1504657,3.4554618166496684,1030.6399352123972,1044.422400430399,-13.78246521800179,-7.006683300963775,22.5,0.35000000000002274,22.850000000000023,22.850000000000023,22.88214285714285,2394156.2,Sell
118,2022-12-26T00:00:00+05:30,1000.35,1006.5,993.0,1001.0,965608,3.590957646983703,1026.0799451797207,1041.2059263244435,-15.1259811447228,-8.63054286971558,13.5,10.75,2.75,13.5,22.439285714285706,2354952.05,Sell
119,2022-12-27T00:00:00+05:30,1009.7,1012.6,993.2,1009.55,1615090,3.6260054993392394,1023.5368766905328,1038.8610428930033,-15.324166202470451,-9.969267536266555,19.399999999999977,11.600000000000023,7.7999999999999545,19.399999999999977,22.78214285714285,2374014.3,Sell
120,2022-12-28T00:00:00+05:30,1005.3,1019.4,1002.2,1016.25,1077963,3.595981482945279,1022.4158187381432,1037.1861508268548,-14.770332088711598,-10.929480446755564,17.199999999999932,9.850000000000023,7.349999999999909,17.199999999999932,23.14642857142855,2232414.75,Sell
121,2022-12-29T00:00:00+05:30,1010.0,1015.7,1007.0,1013.2,1977329,3.4111903302266566,1020.9980004707367,1035.4093989137546,-14.411398443017902,-11.625864046008033,8.700000000000045,0.5499999999999545,9.25,9.25,20.55714285714284,2118072.5,No Signal
122,2022-12-30T00:00:00+05:30,1022.75,1027.65,1015.0,1016.4,1317151,2.958332491397514,1020.290615782931,1034.0012952905136,-13.71067950758254,-12.042827138322934,12.650000000000091,14.450000000000045,1.7999999999999545,14.450000000000045,19.974999999999973,2012992.25,No Signal
123,2023-01-02T00:00:00+05:30,1017.9,1021.85,1005.2,1009.5,1348611,2.6149234678140547,1018.6305210470955,1032.1863845282533,-13.555863481157758,-12.3454344068899,16.649999999999977,5.4500000000000455,11.199999999999932,16.649999999999977,19.928571428571406,1942401.0,No Signal
124,2023-01-03T00:00:00+05:30,1013.0,1024.8,1008.05,1023.8,1439615,2.204810215470152,1019.4258255013885,1031.5651708594937,-12.139345358105174,-12.304216597132957,16.75,15.299999999999955,1.4500000000000455,16.75,19.532142857142837,1922476.4,No Signal
125,2023-01-04T00:00:00+05:30,1023.8,1029.35,1012.1,1020.3,1702044,1.8796030806593602,1019.5603138857903,1030.7307137587904,-11.170399873000179,-12.077453252306402,17.249999999999886,5.5499999999999545,11.699999999999932,17.249999999999886,17.560714285714262,1933661.0,No Signal
126,2023-01-05T00:00:00+05:30,1021.0,1024.95,1004.5,1011.65,1376035,1.5181265498517396,1018.3433425187457,1029.3173275544357,-10.97398503569002,-11.856759608983126,20.450000000000045,4.650000000000091,15.799999999999955,20.450000000000045,17.414285714285693,1946951.95,No Signal
127,2023-01-06T00:00:00+05:30,1009.5,1011.65,985.0,986.15,2346808,1.709385363861967,1013.3905205927848,1026.1197477355886,-12.72922714280378,-12.031253115747257,26.649999999999977,0.0,26.649999999999977,26.649999999999977,18.007142857142842,1907378.55,No Signal
128,2023-01-09T00:00:00+05:30,997.95,1021.0,995.4,1015.25,2190779,1.6328721548926426,1013.676594347741,1025.314581236656,-11.637986888915066,-11.95259987038082,25.600000000000023,34.85000000000002,9.25,34.85000000000002,18.874999999999982,1932451.5,No Signal
129,2023-01-10T00:00:00+05:30,1013.0,1014.05,999.05,1002.65,1411099,1.5507144037516303,1011.9801952173193,1023.6357233672742,-11.655528149954876,-11.893185526295632,15.0,1.2000000000000455,16.200000000000045,16.200000000000045,19.13214285714285,1903833.95,No Signal
130,2023-01-11T00:00:00+05:30,1008.45,1016.95,1003.25,1006.35,1294200,1.0405089832927656,1011.1140113377318,1022.3552994141428,-11.241288076411024,-11.762806036318711,13.700000000000045,14.300000000000068,0.6000000000000227,14.300000000000068,18.553571428571427,1869347.1,No Signal
131,2023-01-12T00:00:00+05:30,1010.0,1013.5,997.3,1001.55,1948321,1.0477806584545168,1009.6426249780807,1020.8141661242063,-11.171541146125605,-11.64455305828009,16.200000000000045,7.149999999999977,9.050000000000068,16.200000000000045,18.07857142857143,1707549.3,No Signal
132,2023-01-13T00:00:00+05:30,1004.45,1009.0,986.3,1003.15,2837817,1.0409676898613596,1008.6437595968375,1019.505709374265,-10.861949777427526,-11.488032402109578,22.700000000000045,7.4500000000000455,15.25,22.700000000000045,18.73571428571429,1699726.0,No Signal
133,2023-01-16T00:00:00+05:30,1008.2,1035.75,1003.25,1034.45,4286551,1.0803459276653984,1012.6139504280933,1020.6126938650602,-7.998743436966947,-10.790174609081053,32.5,32.60000000000002,0.10000000000002274,32.60000000000002,19.678571428571438,1837574.7,No Signal
134,2023-01-17T00:00:00+05:30,1034.0,1050.0,1030.9,1046.05,2466876,1.2964936469791426,1017.7579580545405,1022.4969387639446,-4.738980709404132,-9.579935829145668,19.09999999999991,15.549999999999955,3.5499999999999545,19.09999999999991,19.81428571428572,1853473.1,No Signal
135,2023-01-18T00:00:00+05:30,1046.05,1051.5,1043.5,1048.35,1138627,1.4778161759358328,1022.4644260461497,1024.4119803369858,-1.9475542908361376,-8.053459521483763,8.0,5.4500000000000455,2.5499999999999545,8.0,19.725000000000005,1808522.0,No Signal
136,2023-01-19T00:00:00+05:30,1043.9,1054.0,1040.1,1053.3,1768051,1.6929995903466246,1027.2083605005882,1026.5518336453572,0.6565268552310499,-6.311462246140801,13.900000000000091,5.650000000000091,8.25,13.900000000000091,19.685714285714294,1800661.6,No Signal
137,2023-01-20T00:00:00+05:30,1052.5,1057.5,1041.85,1046.5,1160517,1.762035876108391,1030.1763050389593,1028.029475597553,2.1468294414062257,-4.619803908631396,15.650000000000091,4.2000000000000455,11.450000000000045,15.650000000000091,19.61428571428573,1783454.6,No Signal
138,2023-01-23T00:00:00+05:30,1053.5,1069.6,1047.25,1065.3,1344952,1.9462107867171192,1035.579950417581,1030.7902551829195,4.789695234661394,-2.737904079972838,22.34999999999991,23.09999999999991,0.75,23.09999999999991,20.067857142857154,1802421.8,Buy
139,2023-01-24T00:00:00+05:30,1070.0,1077.3,1065.3,1070.6,1578750,2.1695715638374176,1040.9676503533376,1033.7391251693698,7.228525183967804,-0.7446182271847096,12.0,12.0,0.0,12.0,19.69285714285716,1800604.8,Buy
140,2023-01-25T00:00:00+05:30,1065.0,1067.7,1049.0,1051.15,1049973,2.2712279818124537,1042.5341656835933,1035.0288196012684,7.505346082324877,0.9053746347172078,18.700000000000045,2.8999999999998636,21.59999999999991,21.59999999999991,19.77500000000001,1799205.3,Buy
141,2023-01-27T00:00:00+05:30,1051.0,1057.65,1021.5,1030.1,1651820,2.2992845464845377,1040.6212171168866,1034.6637218530263,5.95749526386021,1.9157987605458082,36.15000000000009,6.5,29.65000000000009,36.15000000000009,20.453571428571447,1782929.85,Buy
142,2023-01-30T00:00:00+05:30,1030.1,1047.95,1018.4,1036.1,2654212,2.280173753102233,1039.9256452527502,1034.7701128268761,5.155532425874071,2.563745493611461,29.550000000000068,17.850000000000136,11.699999999999932,29.550000000000068,20.07500000000002,1849782.9,Buy
143,2023-01-31T00:00:00+05:30,1025.0,1028.85,996.05,1015.0,5797831,2.3081786545053067,1036.090930598481,1033.3056600248854,2.7852705735956533,2.6080505096082995,32.799999999999955,7.25,40.049999999999955,40.049999999999955,21.778571428571443,2072243.9,Buy
144,2023-02-01T00:00:00+05:30,1018.05,1034.5,1003.3,1023.75,1939670,2.288501226035887,1034.1923258910224,1032.5978333563753,1.5944925346470882,2.4053389146160575,31.200000000000045,19.5,11.700000000000045,31.200000000000045,22.985714285714298,2097246.65,Sell
145,2023-02-02T00:00:00+05:30,1027.3,1044.25,1011.1,1016.65,3860090,2.312389076722442,1031.4935065231728,1031.416512367014,0.07699415615866201,1.9396699629245786,33.14999999999998,20.5,12.649999999999977,33.14999999999998,24.19642857142858,2205148.95,Sell
146,2023-02-03T00:00:00+05:30,1024.45,1026.9,1003.0,1011.3,2980262,2.325917169989794,1028.3868132119153,1029.9264003398278,-1.539587127912455,1.243818544757172,23.90000000000009,10.250000000000114,13.649999999999977,23.90000000000009,24.28214285714287,2285360.3,Sell
147,2023-02-06T00:00:00+05:30,1016.4,1016.4,997.0,1005.35,2003695,2.194526611470632,1024.84268810239,1028.1059262405813,-3.2632381381913547,0.34240720816746656,19.399999999999977,5.100000000000023,14.299999999999955,19.399999999999977,23.339285714285722,2268204.65,Sell
148,2023-02-07T00:00:00+05:30,1005.0,1008.45,997.0,1002.45,1697633,2.260901254066545,1021.3976591635608,1026.2054872597976,-4.80782809623679,-0.6876398527133848,11.450000000000045,3.1000000000000227,8.350000000000023,11.450000000000045,22.792857142857162,2243547.35,Sell
149,2023-02-08T00:00:00+05:30,1007.5,1021.15,1004.35,1011.05,2611176,2.199080411620674,1019.805711599936,1025.0828585738866,-5.277146973950607,-1.6055412769608293,16.799999999999955,18.699999999999932,1.8999999999999773,18.699999999999932,23.55714285714287,2303551.2,Sell
150,2023-02-09T00:00:00+05:30,1011.05,1017.7,1002.6,1016.0,1782899,2.147534611695782,1019.2202175076382,1024.4100542350802,-5.189836727442071,-2.3224003670570776,15.100000000000023,6.650000000000091,8.449999999999932,15.100000000000023,23.64285714285715,2327986.15,Sell
151,2023-02-10T00:00:00+05:30,1011.55,1021.6,1004.1,1017.35,1116554,2.06703314512952,1018.9324917372322,1023.8870872547039,-4.9545955174717164,-2.8488393971400057,17.5,5.600000000000023,11.899999999999977,17.5,23.775000000000002,2286397.8,Sell
152,2023-02-13T00:00:00+05:30,1015.0,1017.8,1000.5,1002.5,1682312,2.102086648582647,1016.4044160853504,1022.3028585691703,-5.898442483819963,-3.458760014475997,17.299999999999955,0.4499999999999318,16.850000000000023,17.299999999999955,23.36071428571429,2228622.55,Sell
153,2023-02-14T00:00:00+05:30,1006.05,1025.7,1005.75,1012.05,2440189,2.1170888892477233,1015.7345059183733,1021.5433875640466,-5.808881645673296,-3.928784340715457,19.950000000000045,23.200000000000045,3.25,23.200000000000045,24.160714285714295,2136304.45,Sell
154,2023-02-15T00:00:00+05:30,1014.9,1075.0,1008.3,1071.4,6712218,2.162051383427296,1024.2984280847775,1025.2364699667098,-0.9380418819323495,-3.3306358489588357,66.70000000000005,62.950000000000045,3.75,66.70000000000005,27.382142857142874,2348571.55,Buy
155,2023-02-16T00:00:00+05:30,1075.0,1141.05,1074.05,1130.25,14422445,2.8360164128767384,1040.5986699178886,1033.0152499691758,7.583419948712844,-1.1478246894244997,67.0,69.64999999999986,2.6499999999998636,69.64999999999986,29.775000000000002,3012762.45,Buy
156,2023-02-17T00:00:00+05:30,1108.1,1139.0,1108.1,1129.2,5333732,3.391267731842883,1054.229643776675,1040.1400462677555,14.089597508919496,1.8996597502442998,30.90000000000009,8.75,22.15000000000009,30.90000000000009,29.871428571428574,3191046.5,Buy
157,2023-02-20T00:00:00+05:30,1129.5,1156.85,1120.0,1144.2,4590531,3.936803112200011,1068.0712370418019,1047.8481909886625,20.223046053139342,5.564337010823309,36.84999999999991,27.649999999999864,9.200000000000045,36.84999999999991,29.642857142857142,3362547.2,Buy
158,2023-02-21T00:00:00+05:30,1146.0,1151.95,1131.05,1134.45,3494288,4.34511279134239,1078.2833544199862,1054.2631398043172,24.02021461566892,9.255512531792432,20.90000000000009,7.75,13.150000000000091,20.90000000000009,28.907142857142862,3470014.0,Buy
159,2023-02-22T00:00:00+05:30,1122.0,1134.25,1118.0,1125.7,2674708,4.633958798849089,1085.5782229707575,1059.5547590780716,26.023463892685868,12.609102803971119,16.25,0.20000000000004547,16.450000000000045,16.450000000000045,27.714285714285722,3524811.9,Buy
160,2023-02-23T00:00:00+05:30,1127.0,1149.5,1124.05,1128.8,2576193,4.882672222243524,1092.2277271291025,1064.6840361833997,27.543690945702792,15.596020432317454,25.450000000000045,23.799999999999955,1.650000000000091,25.450000000000045,27.825000000000006,3601122.9,Buy
161,2023-02-24T00:00:00+05:30,1137.0,1141.0,1116.0,1119.0,1913493,5.068597398167716,1096.3465383400098,1068.7074409105553,27.639097429454523,18.00463583174487,25.0,12.200000000000045,12.799999999999955,25.0,28.225000000000005,3614206.55,Buy
162,2023-02-27T00:00:00+05:30,1109.0,1118.25,1096.85,1113.95,2247105,5.190812379268966,1099.0547632107775,1072.0587415838474,26.996021626930087,19.802912990781916,21.40000000000009,0.75,22.15000000000009,22.15000000000009,28.989285714285725,3593851.2,Buy
163,2023-02-28T00:00:00+05:30,1118.0,1135.5,1096.75,1100.25,3894204,5.212772998297804,1099.2386457937348,1074.146982948007,25.091662845727797,20.860662961771094,38.75,21.549999999999955,17.200000000000045,38.75,30.421428571428585,3498669.85,Buy
164,2023-03-01T00:00:00+05:30,1100.25,1129.0,1097.0,1126.9,2084324,5.147658323618767,1103.4942387485448,1078.0546138407472,25.43962490779768,21.776455350976413,32.0,28.75,3.25,32.0,31.62857142857144,3505902.55,Buy
165,2023-03-02T00:00:00+05:30,1120.0,1124.0,1105.0,1109.8,1838692,5.149919822886447,1104.4643558641533,1080.4061239266177,24.05823193753554,22.232810668288238,19.0,2.900000000000091,21.90000000000009,21.90000000000009,31.94285714285716,3404832.65,Buy
166,2023-03-03T00:00:00+05:30,1118.0,1119.6,1082.45,1085.15,2388336,5.080490370913873,1101.4929165004373,1080.7575221542756,20.735394346161684,21.93332740386293,37.149999999999864,9.799999999999955,27.34999999999991,37.149999999999864,33.3607142857143,3375236.35,Sell
167,2023-03-06T00:00:00+05:30,1092.0,1096.0,1085.0,1088.55,2075754,4.806913128599309,1099.5016985772932,1081.3347427354404,18.16695584185277,21.1800530914609,11.0,10.849999999999909,0.15000000000009095,11.0,32.48928571428572,3378839.3,Sell
168,2023-03-08T00:00:00+05:30,1080.0,1088.4,1069.6,1078.3,2230262,4.523241415941211,1096.239898796171,1081.1099469772596,15.129951818911422,19.970032836951003,18.800000000000182,0.14999999999986358,18.950000000000045,18.950000000000045,29.07857142857144,3405470.75,Sell
169,2023-03-09T00:00:00+05:30,1082.0,1083.35,1057.35,1060.0,2550718,4.329486997817883,1090.6645297506063,1079.5462472011664,11.118282549439982,18.1996827794488,26.0,5.0499999999999545,20.950000000000045,26.0,25.960714285714307,3402447.85,No Signal
170,2023-03-10T00:00:00+05:30,1045.0,1062.95,1041.05,1061.25,1400765,4.061137335314331,1086.1392174812822,1078.1909696307096,7.94824785057267,16.149395793673573,21.90000000000009,2.9500000000000455,18.950000000000045,21.90000000000009,25.31785714285716,3383341.15,No Signal
171,2023-03-13T00:00:00+05:30,1125.0,1164.7,1125.0,1133.8,13080008,3.5511112080274203,1093.4716455610849,1082.310157065472,11.161488495612957,15.15181433406145,39.700000000000045,103.45000000000005,63.75,103.45000000000005,30.075000000000028,3981513.85,Sell
172,2023-03-14T00:00:00+05:30,1128.0,1138.25,1098.4,1115.3,4324765,3.008684408056178,1096.8298539363025,1084.753849134696,12.07600480160636,14.536652427570433,39.84999999999991,4.4500000000000455,35.399999999999864,39.84999999999991,31.428571428571445,4113636.5,Sell
173,2023-03-15T00:00:00+05:30,1124.9,1132.2,1110.55,1114.4,2583307,2.3147889290710952,1099.5329533307174,1086.949860309904,12.583093020813521,14.145940546219052,21.65000000000009,16.90000000000009,4.75,21.65000000000009,31.80000000000002,4120792.4,Sell
174,2023-03-16T00:00:00+05:30,1106.0,1122.6,1101.05,1117.75,2396838,2.1762046402139856,1102.3355758952225,1089.2313521387998,13.104223756422698,13.937597188259781,21.549999999999955,8.199999999999818,13.350000000000136,21.549999999999955,31.521428571428583,3905023.4,Sell
175,2023-03-17T00:00:00+05:30,1123.35,1132.5,1114.2,1127.15,2506988,2.1473609653061496,1106.15317960365,1092.0401408692592,14.113038734390784,13.972685497485983,18.299999999999955,14.75,3.5499999999999545,18.299999999999955,31.04285714285715,3309250.55,Buy
176,2023-03-20T00:00:00+05:30,1136.8,1136.8,1096.0,1109.0,4007438,2.1469244064519213,1106.5911519723193,1093.2964267307955,13.294725241523793,13.837093446293546,40.799999999999955,9.649999999999864,31.15000000000009,40.799999999999955,32.375,3242935.85,Sell
177,2023-03-21T00:00:00+05:30,1104.95,1109.85,1086.45,1095.65,3354938,2.057835303178172,1104.9078978227317,1093.4707654914773,11.437132331254361,13.357101223285708,23.399999999999864,0.849999999999909,22.549999999999955,23.399999999999864,31.278571428571418,3181156.2,Sell
178,2023-03-22T00:00:00+05:30,1097.0,1106.3,1093.55,1099.6,1749962,1.9701628490739784,1104.091298157696,1093.924782862479,10.166515295216868,12.718984037671941,12.75,10.649999999999864,2.1000000000001364,12.75,29.903571428571418,3093939.9,No Signal
179,2023-03-23T00:00:00+05:30,1087.1,1112.0,1087.1,1099.45,1720323,1.9251535288066395,1103.3772522872812,1094.334058205999,9.043194081282081,11.98382604639397,24.90000000000009,12.400000000000091,12.5,24.90000000000009,30.117857142857133,3046220.65,No Signal
180,2023-03-24T00:00:00+05:30,1105.0,1118.0,1096.65,1101.95,1943444,1.8476338105642685,1103.157675012315,1094.8982020425917,8.25947296972322,11.238955431059821,21.34999999999991,18.549999999999955,2.7999999999999545,21.34999999999991,28.989285714285707,3014583.2,No Signal
181,2023-03-27T00:00:00+05:30,1090.1,1113.65,1090.1,1103.0,1455289,1.8135685863044402,1103.1334173181126,1095.498335224622,7.63508209349061,10.51818076354598,23.550000000000182,11.700000000000045,11.850000000000136,23.550000000000182,29.885714285714293,2991673.0,No Signal
182,2023-03-28T00:00:00+05:30,1099.0,1104.6,1066.2,1070.3,2431105,1.961579865191554,1098.0821223460953,1093.63179187465,4.450330471445341,9.304610705125851,38.399999999999864,1.599999999999909,36.799999999999955,38.399999999999864,31.274999999999995,3000873.0,Sell
183,2023-03-29T00:00:00+05:30,1075.7,1087.4,1065.1,1081.1,1640742,1.9803435124531077,1095.4694881390037,1092.7035109950461,2.7659771439575707,7.9968839928921955,22.300000000000182,17.100000000000136,5.2000000000000455,22.300000000000182,31.010714285714293,2888199.9,Sell
184,2023-03-31T00:00:00+05:30,1095.0,1106.0,1091.45,1102.8,2280787,1.8504280468575183,1096.5972591945415,1093.4513990694873,3.1458601250542415,7.026679219324605,14.549999999999955,24.90000000000009,10.350000000000136,24.90000000000009,31.225000000000005,2898023.05,Sell
185,2023-04-03T00:00:00+05:30,1104.6,1105.0,1085.1,1103.2,1508650,1.835895288394138,1097.6130654723042,1094.1735176569327,3.4395478153714976,6.309252938533984,19.90000000000009,2.2000000000000455,17.700000000000045,19.90000000000009,25.257142857142867,2881520.95,No Signal
186,2023-04-05T00:00:00+05:30,1102.0,1115.0,1098.6,1103.5,1947500,1.8201273174833974,1098.5187477073343,1094.8643682008637,3.6543795064706046,5.778278252121308,16.40000000000009,11.799999999999955,4.600000000000136,16.40000000000009,23.58214285714288,2859479.15,No Signal
187,2023-04-06T00:00:00+05:30,1104.0,1104.95,1083.0,1092.75,1355694,1.8302031777708783,1097.631248060052,1094.7077483341332,2.923499725918873,5.207322546880821,21.950000000000045,1.4500000000000455,20.5,21.950000000000045,23.60357142857145,2823476.15,No Signal
188,2023-04-10T00:00:00+05:30,1096.35,1111.75,1090.85,1107.25,940817,1.7612171499968017,1099.1110560508132,1095.6368040130862,3.4742520377269557,4.860708445050048,20.90000000000009,19.0,1.900000000000091,20.90000000000009,23.557142857142885,2759003.9,No Signal
189,2023-04-11T00:00:00+05:30,1108.0,1117.0,1092.4,1098.25,1384426,1.5574046654232292,1098.9785858891496,1095.830374086191,3.1482118029587127,4.518209116631781,24.59999999999991,9.75,14.849999999999909,24.59999999999991,24.007142857142885,2700689.3,No Signal
190,2023-04-12T00:00:00+05:30,1103.0,1113.5,1090.8,1109.9,1376717,1.2832740181727782,1100.658803444665,1096.872568598325,3.786234846339994,4.371814262573424,22.700000000000045,15.25,7.4500000000000455,22.700000000000045,22.714285714285747,2699486.9,No Signal
191,2023-04-13T00:00:00+05:30,1100.25,1100.25,1076.0,1086.85,2724846,1.1901302876653175,1098.5343721454858,1096.1301561095602,2.4042160359256286,3.978294617243865,24.25,9.650000000000091,33.90000000000009,33.90000000000009,23.46428571428576,2181728.8,No Signal
192,2023-04-17T00:00:00+05:30,1035.0,1038.0,1002.0,1030.15,4348358,1.9661768319445179,1088.0136995077187,1091.2427371384817,-3.2290376307630595,2.53682816764248,36.0,48.84999999999991,84.84999999999991,84.84999999999991,28.614285714285757,2182908.45,Sell
193,2023-04-18T00:00:00+05:30,1034.8,1037.75,1011.0,1025.2,2735358,2.48927998192207,1078.3500534296081,1086.3506825356312,-8.000629106023098,0.4293367129093646,26.75,7.599999999999909,19.15000000000009,26.75,28.746428571428606,2190511.0,Sell
194,2023-04-19T00:00:00+05:30,1025.2,1029.0,1010.0,1013.9,1953782,2.9957649091939196,1068.4346605942837,1080.9839653107697,-12.549304716485949,-2.1663915729696983,19.0,3.7999999999999545,15.200000000000045,19.0,28.578571428571472,2168358.2,Sell
195,2023-04-20T00:00:00+05:30,1015.1,1023.8,1010.05,1021.8,1250697,3.1619948898805483,1061.2600974259324,1076.5999678803423,-15.339870454409947,-4.801087349257748,13.75,9.899999999999977,3.8500000000000227,13.75,27.87857142857146,2105543.65,Sell
196,2023-04-21T00:00:00+05:30,1014.3,1019.6,993.85,998.75,4269272,3.675222927520959,1051.6431593604043,1070.8333035929095,-19.19014423250519,-7.678898725907237,25.75,2.199999999999932,27.949999999999932,27.949999999999932,27.13214285714289,2118635.35,No Signal
197,2023-04-24T00:00:00+05:30,1002.0,1007.45,991.0,1006.1,1625433,3.9446058500062726,1044.6365194588036,1066.0382440675087,-21.40172460870508,-10.423463902466805,16.450000000000045,8.700000000000045,7.75,16.450000000000045,26.71428571428574,2032160.1,No Signal
198,2023-04-25T00:00:00+05:30,1006.0,1006.1,994.4,997.0,1984203,4.269358941451462,1037.3078241574492,1060.924300062508,-23.616475905058905,-13.062066302985226,11.700000000000045,0.0,11.700000000000045,11.700000000000045,25.771428571428594,2043872.15,No Signal
199,2023-04-26T00:00:00+05:30,997.0,1002.5,992.7,996.3,1589700,4.487224811144978,1030.9989281332262,1056.1373148726927,-25.13838673946657,-15.477330390281494,9.799999999999955,5.5,4.2999999999999545,9.799999999999955,25.05000000000001,2037341.0,No Signal
200,2023-04-27T00:00:00+05:30,999.0,1008.65,993.0,1003.15,3543950,4.54251472850826,1026.7144776511914,1052.2123285858265,-25.497850934635153,-17.48143449915223,15.649999999999977,12.350000000000023,3.2999999999999545,15.649999999999977,24.996428571428574,2117366.3,No Signal
201,2023-04-28T00:00:00+05:30,981.95,1026.7,981.05,1023.7,5146250,4.381256336477171,1026.2507118587005,1050.1003042461357,-23.849592387435223,-18.75506607680883,45.65000000000009,23.550000000000068,22.100000000000023,45.65000000000009,26.68928571428572,2301914.35,Sell
202,2023-05-02T00:00:00+05:30,1020.4,1065.8,1020.4,1053.45,4762884,4.2411684193827925,1030.4352177265928,1050.3484298575331,-19.913212130940337,-18.986695287635133,45.39999999999998,42.09999999999991,3.300000000000068,45.39999999999998,28.439285714285713,2418503.3,Sell
203,2023-05-03T00:00:00+05:30,1039.9,1050.75,1038.25,1039.6,2217136,4.256883214494088,1031.8451842301938,1049.5522498680862,-17.707065637892356,-18.73076935768658,12.5,2.7000000000000455,15.200000000000045,15.200000000000045,27.76785714285715,2447323.0,Buy
204,2023-05-04T00:00:00+05:30,1033.0,1047.05,1028.85,1045.45,1744298,4.067515245001911,1033.938232810164,1049.2483795074872,-15.310146697323262,-18.046644825613917,18.200000000000045,7.4500000000000455,10.75,18.200000000000045,27.44642857142858,2420498.55,Buy
205,2023-05-05T00:00:00+05:30,1046.0,1050.7,1031.55,1036.4,1222282,3.909755042051064,1034.316966223985,1048.2966476921179,-13.979681468132867,-17.233252154117707,19.15000000000009,5.25,13.900000000000091,19.15000000000009,26.39285714285715,2406180.15,Buy
206,2023-05-08T00:00:00+05:30,1040.95,1047.0,1035.3,1043.35,1487285,3.6485291551560293,1035.7066637279872,1047.9302293445535,-12.223565616566248,-16.231314846607415,11.700000000000045,10.599999999999909,1.1000000000001364,11.700000000000045,21.167857142857162,2383169.4,No Signal
207,2023-05-09T00:00:00+05:30,1048.4,1051.45,1039.85,1047.8,1747630,3.450923585121098,1037.5671770006045,1047.9205827264384,-10.353405725833909,-15.055733022452713,11.600000000000136,8.100000000000136,3.5,11.600000000000136,20.085714285714314,2402766.2,No Signal
208,2023-05-10T00:00:00+05:30,1048.0,1051.0,1038.15,1046.15,1186977,3.1070868054131866,1038.8876113082038,1047.789428450406,-8.901817142202162,-13.824949846402603,12.849999999999909,3.2000000000000455,9.649999999999864,12.849999999999909,19.646428571428594,2415074.2,No Signal
209,2023-05-11T00:00:00+05:30,1055.0,1058.8,1042.95,1044.05,1451786,2.7911825125537524,1039.6818249530954,1047.5124337503757,-7.83060879728032,-12.626081636578148,15.849999999999909,12.649999999999864,3.2000000000000455,15.849999999999909,19.796428571428585,2418442.2,No Signal
210,2023-05-12T00:00:00+05:30,1044.05,1053.5,1034.05,1046.35,1140016,2.220348235261172,1040.7076980372346,1047.4263275466442,-6.7186295094095385,-11.444591211144427,19.450000000000045,9.450000000000045,10.0,19.450000000000045,19.189285714285738,2406607.15,No Signal
211,2023-05-15T00:00:00+05:30,1046.0,1069.9,1042.0,1064.45,2122222,1.9513589996844,1044.3603598776601,1048.6873403209668,-4.326980443306638,-10.02106905757687,27.90000000000009,23.550000000000182,4.349999999999909,27.90000000000009,20.007142857142885,2376475.95,No Signal
212,2023-05-16T00:00:00+05:30,1069.9,1071.8,1053.0,1057.2,1343911,2.052532259703159,1046.3356891272508,1049.3179077045988,-2.9822185773480214,-8.6132989615311,18.799999999999955,7.349999999999909,11.450000000000045,18.799999999999955,20.514285714285734,2226253.6,No Signal
213,2023-05-17T00:00:00+05:30,1058.0,1066.4,1039.0,1054.15,2803566,2.11396740344194,1047.5378907999814,1049.6758404672212,-2.137949667239809,-7.318229102672842,27.40000000000009,9.200000000000045,18.200000000000045,27.40000000000009,21.7714285714286,2229664.0,No Signal
214,2023-05-18T00:00:00+05:30,1059.0,1059.95,1045.05,1048.7,909923,2.1129676185618216,1047.7166768307534,1049.6035559881677,-1.8868791574143415,-6.2319591136211425,14.900000000000091,5.7999999999999545,9.100000000000136,14.900000000000091,21.71785714285718,2177471.05,No Signal
215,2023-05-19T00:00:00+05:30,1056.55,1078.75,1049.0,1072.15,2624323,2.1967541340597805,1051.475649626022,1051.2736629520073,0.20198667401473358,-4.9451699560939675,29.75,30.049999999999955,0.2999999999999545,30.049999999999955,20.603571428571456,2246152.35,No Signal
216,2023-05-22T00:00:00+05:30,1072.0,1110.45,1070.1,1104.45,2996190,2.389584177272414,1059.625549683557,1055.2126508814881,4.412898802068867,-3.0735562044614007,40.350000000000136,38.299999999999955,2.050000000000182,40.350000000000136,20.242857142857183,2182498.25,No Signal
217,2023-05-23T00:00:00+05:30,1104.0,1119.2,1086.4,1090.5,1414119,2.4915267362996443,1064.3754651168558,1057.8265285939706,6.548936522885242,-1.1490576589920722,32.799999999999955,14.75,18.049999999999955,32.799999999999955,21.500000000000032,2171932.55,No Signal
218,2023-05-24T00:00:00+05:30,1085.25,1103.35,1085.0,1098.75,1782245,2.4658804737463575,1069.663855098878,1060.857896846269,8.805958252608889,0.8419455233281201,18.34999999999991,12.849999999999909,5.5,18.34999999999991,21.510714285714307,2161834.65,No Signal
219,2023-05-25T00:00:00+05:30,1097.0,1100.0,1081.55,1098.1,1200289,2.3539828615636806,1074.0386466221275,1063.616571153953,10.422075468174626,2.7579715122974213,18.450000000000045,1.25,17.200000000000045,18.450000000000045,21.460714285714307,2142364.1,No Signal
220,2023-05-26T00:00:00+05:30,1099.0,1120.4,1099.0,1114.75,2104054,2.324219039448408,1080.3019317571848,1067.4042325499563,12.89769920722847,4.785917051283631,21.40000000000009,22.300000000000182,0.900000000000091,22.300000000000182,22.217857142857174,2070369.3,No Signal
221,2023-05-29T00:00:00+05:30,1128.05,1128.05,1110.1,1114.05,1432241,2.408890931223641,1085.4939422560794,1070.859474583293,14.634467672786514,6.755627175584208,17.950000000000045,13.299999999999955,4.650000000000091,17.950000000000045,22.671428571428596,1884668.85,Buy
222,2023-05-30T00:00:00+05:30,1115.0,1120.8,1095.0,1098.4,2822485,2.5129166393321007,1087.479489601298,1072.899513503049,14.579976098248835,8.320496960117135,25.799999999999955,6.75,19.049999999999955,25.799999999999955,23.596428571428596,1787648.9,Buy
223,2023-05-31T00:00:00+05:30,1098.4,1127.45,1096.0,1115.55,7599886,2.569009373682844,1091.7980296626367,1076.0588087991196,15.739220863517176,9.804241740797144,31.450000000000045,29.049999999999955,2.400000000000091,31.450000000000045,24.71071428571432,2056786.4,Buy
224,2023-06-01T00:00:00+05:30,1122.0,1136.7,1117.6,1120.8,1412280,2.6681919218096795,1096.2598712530003,1079.3729711102958,16.886900142704462,11.220773421178608,19.100000000000136,21.15000000000009,2.0499999999999545,21.15000000000009,24.832142857142895,2040185.5,Buy
225,2023-06-02T00:00:00+05:30,1128.0,1139.2,1117.6,1123.1,1907589,2.6867688783815855,1100.3891218294618,1082.6120102873108,17.777111542151033,12.532041045373093,21.600000000000136,18.40000000000009,3.2000000000000455,21.600000000000136,24.3821428571429,2074450.85,Buy
226,2023-06-05T00:00:00+05:30,1124.1,1134.55,1107.5,1109.35,1754521,2.66302113038938,1101.767718471083,1084.5926021178805,17.17511635320261,13.460656106938998,27.049999999999955,11.450000000000045,15.599999999999909,27.049999999999955,24.971428571428614,2087812.65,Buy
227,2023-06-06T00:00:00+05:30,1100.0,1102.0,1071.55,1086.25,3284841,2.6077726185032355,1099.3803771678395,1084.7153723313709,14.665004836468597,13.701525852844918,30.450000000000045,7.349999999999909,37.799999999999955,37.799999999999955,25.714285714285747,2164673.2,Buy
228,2023-06-07T00:00:00+05:30,1095.0,1099.0,1084.2,1095.7,2086377,2.450026711480148,1098.814165295864,1085.529048454973,13.285116840891078,13.618244050454152,14.799999999999955,12.75,2.0499999999999545,14.799999999999955,25.70714285714288,2209643.2,Sell
229,2023-06-08T00:00:00+05:30,1101.0,1101.5,1069.0,1071.3,4054486,2.346962499442102,1094.581216788808,1084.4750448657157,10.106171923092234,12.915829624981768,32.5,5.7999999999999545,26.700000000000045,32.5,25.882142857142885,2339778.2,Sell
230,2023-06-09T00:00:00+05:30,1079.0,1079.0,1060.1,1063.05,2782697,2.24741187631482,1089.7302603597607,1082.8880045052924,6.842255854468249,11.701114870879065,18.90000000000009,7.7000000000000455,11.200000000000045,18.90000000000009,24.350000000000023,2421912.25,Sell
231,2023-06-12T00:00:00+05:30,1066.0,1079.0,1062.15,1074.75,1767945,2.178815607055885,1087.4256049197975,1082.2851893567522,5.140415563045281,10.38897500931231,16.84999999999991,15.950000000000045,0.8999999999998636,16.84999999999991,23.210714285714307,2404198.4,Sell
232,2023-06-13T00:00:00+05:30,1079.55,1087.9,1075.4,1079.4,1846534,2.0613042764620886,1086.1908964705979,1082.0714716266225,4.1194248439753665,9.135064976244921,12.5,13.150000000000091,0.650000000000091,13.150000000000091,22.839285714285747,2429329.55,No Signal
233,2023-06-14T00:00:00+05:30,1080.0,1084.95,1071.05,1077.6,1321534,1.9242017698347558,1084.869220090506,1081.740251506132,3.128968584373979,7.9338456978707335,13.900000000000091,5.5499999999999545,8.350000000000136,13.900000000000091,22.51428571428575,2355227.95,No Signal
234,2023-06-15T00:00:00+05:30,1078.95,1083.5,1069.35,1081.5,1389325,1.6831490197927492,1084.3508785381205,1081.7224550982703,2.6284234398501667,6.87276124626662,14.150000000000091,5.900000000000091,8.25,14.150000000000091,21.932142857142885,2379198.05,No Signal
235,2023-06-16T00:00:00+05:30,1083.5,1086.9,1071.45,1079.0,4387222,1.6516716315388984,1083.5276664553328,1081.5207917576577,2.00687469767513,5.899583936548322,15.450000000000045,5.400000000000091,10.049999999999955,15.450000000000045,21.75357142857146,2467343.0,No Signal
236,2023-06-19T00:00:00+05:30,1079.0,1095.8,1074.05,1093.45,2186023,1.6166972226841596,1085.0541793083585,1082.404436812646,2.6497424957124167,5.249615648381141,21.75,16.799999999999955,4.9500000000000455,21.75,21.464285714285747,2426834.65,No Signal
237,2023-06-20T00:00:00+05:30,1093.6,1110.95,1088.3,1107.15,3312343,1.615127657991738,1088.4535363378418,1084.2374414931908,4.216094844651025,5.042911487635118,22.65000000000009,17.5,5.150000000000091,22.65000000000009,20.83571428571432,2521745.85,No Signal
238,2023-06-21T00:00:00+05:30,1107.35,1120.7,1104.25,1120.0,1981931,1.671586055971222,1093.3068384397122,1086.8865199011025,6.420318538609763,5.318392897830048,16.450000000000045,13.549999999999955,2.900000000000091,16.450000000000045,20.500000000000032,2531730.15,No Signal
239,2023-06-22T00:00:00+05:30,1116.9,1126.25,1110.4,1120.05,2358415,1.7382930375918662,1097.421170987449,1089.3430739825023,8.078097004946585,5.870333719253355,15.849999999999909,6.25,9.599999999999909,15.849999999999909,20.08928571428573,2589636.45,No Signal
240,2023-06-23T00:00:00+05:30,1114.0,1118.0,1094.05,1115.25,3489778,1.747921754047945,1100.1640677586106,1091.262105539354,8.901962219256575,6.476659419253999,23.950000000000045,2.0499999999999545,26.0,26.0,20.014285714285734,2658922.65,No Signal
241,2023-06-26T00:00:00+05:30,1112.2,1125.95,1108.3,1112.2,1429830,1.745566040409528,1102.0157496419013,1092.813060684587,9.202688957314194,7.021865326866038,17.65000000000009,10.700000000000045,6.9500000000000455,17.65000000000009,18.575000000000028,2658802.1,No Signal
242,2023-06-27T00:00:00+05:30,1109.0,1120.9,1106.8,1120.5,1224274,1.79413089510904,1104.859480466224,1094.8639450783214,9.995535387902692,7.616599339073369,14.100000000000136,8.700000000000045,5.400000000000091,14.100000000000136,18.52500000000004,2578891.55,No Signal
243,2023-06-28T00:00:00+05:30,1120.0,1126.0,1104.75,1107.7,1864403,1.7895956303630958,1105.2964834714205,1095.8147639614087,9.481719510011771,7.98962337326105,21.25,5.5,15.75,21.25,17.721428571428614,2292117.4,No Signal
244,2023-06-30T00:00:00+05:30,1114.65,1132.5,1111.05,1131.0,2474572,1.8179369263000118,1109.2508706296635,1098.421077742045,10.829792887618396,8.55765727613252,21.450000000000045,24.799999999999955,3.349999999999909,24.799999999999955,18.142857142857174,2345232.0,No Signal
245,2023-07-03T00:00:00+05:30,1136.0,1136.0,1115.1,1121.65,1890661,1.8251331500853105,1111.1584289943307,1100.1417386500418,11.016690344288918,9.0494638897638,20.90000000000009,5.0,15.900000000000091,20.90000000000009,18.432142857142903,2344385.6,No Signal
246,2023-07-04T00:00:00+05:30,1123.55,1155.95,1121.0,1148.4,2769945,2.0245856687376227,1116.8879014567415,1103.7164246759646,13.171476780776857,9.873866467966412,34.950000000000045,34.299999999999955,0.650000000000091,34.950000000000045,19.989285714285757,2395156.8,No Signal
247,2023-07-05T00:00:00+05:30,1150.8,1184.95,1146.5,1177.0,3709629,2.430247864178843,1126.1359166172429,1109.1448376629303,16.99107895431257,11.297308965235644,38.450000000000045,36.549999999999955,1.900000000000091,38.450000000000045,21.742857142857183,2416396.2,Buy
248,2023-07-06T00:00:00+05:30,1175.0,1184.0,1162.0,1178.0,2509844,2.7868353546506595,1134.1150063684363,1114.2452200582688,19.869786310167456,13.011804434222007,22.0,7.0,15.0,22.0,22.303571428571463,2437569.55,Buy
249,2023-07-07T00:00:00+05:30,1170.0,1184.2,1151.75,1156.0,2244241,2.870076571771151,1137.4819284656,1117.3381667206193,20.143761744980793,14.438195896373765,32.450000000000045,6.2000000000000455,26.25,32.450000000000045,23.517857142857174,2347057.3,Buy
250,2023-07-10T00:00:00+05:30,1159.95,1159.95,1135.6,1146.5,2079079,2.7700443363346303,1138.869324086277,1119.4983025190918,19.371021567185153,15.424761030536043,24.350000000000136,3.9500000000000455,20.40000000000009,24.350000000000136,23.703571428571472,2311876.4,Buy
251,2023-07-11T00:00:00+05:30,1154.65,1166.15,1145.3,1161.75,1207129,2.71775068866893,1142.3894280730035,1122.628057888048,19.761370184955467,16.292082861419928,20.850000000000136,19.65000000000009,1.2000000000000455,20.850000000000136,23.575000000000045,2283835.6,Buy
252,2023-07-12T00:00:00+05:30,1166.0,1169.0,1153.45,1154.3,1270453,2.661528737303914,1144.2218237540799,1124.9741276741186,19.247696079961315,16.883205505128206,15.549999999999955,7.25,8.299999999999955,15.549999999999955,23.510714285714325,2255031.55,Buy
253,2023-07-13T00:00:00+05:30,1159.4,1191.9,1154.85,1181.45,3209115,2.622539704430792,1149.9492354842214,1129.1575256241838,20.7917098600376,17.664906376110086,37.05000000000018,37.600000000000136,0.5499999999999545,37.600000000000136,25.06428571428577,2349410.6,Buy
254,2023-07-14T00:00:00+05:30,1183.95,1231.95,1183.95,1225.1,6025562,2.883868607546854,1161.510891563572,1136.264375577948,25.246515985624,19.18122829801287,48.0,50.5,2.5,50.5,26.81428571428577,2581222.45,Buy
255,2023-07-17T00:00:00+05:30,1235.9,1270.45,1220.95,1244.0,4844183,3.2031763297893354,1174.2015236307147,1144.2447922018036,29.956731428911098,21.336328924192514,49.5,45.350000000000136,4.149999999999864,49.5,29.08928571428576,2604070.5,Buy
256,2023-07-18T00:00:00+05:30,1243.0,1258.05,1225.0,1249.45,2657328,3.5256466234478125,1185.7782123029124,1152.0377705572257,33.74044174568667,23.817151488491344,33.049999999999955,14.049999999999955,19.0,33.049999999999955,30.44285714285718,2627635.75,Buy
257,2023-07-19T00:00:00+05:30,1255.0,1261.4,1231.1,1245.0,2287505,3.778235520051856,1194.8892565640028,1158.923861627061,35.96539493694195,26.246800178181466,30.300000000000182,11.950000000000045,18.350000000000136,30.300000000000182,31.08928571428576,2576393.85,Buy
258,2023-07-20T00:00:00+05:30,1245.0,1255.0,1235.85,1253.1,1992472,4.01184084097274,1203.8447555541563,1165.8998718769083,37.94488367724807,28.58641687799479,19.15000000000009,10.0,9.150000000000091,19.15000000000009,30.685714285714344,2576920.9,Buy
259,2023-07-21T00:00:00+05:30,1199.5,1217.55,1184.25,1196.0,4918669,4.127608429500434,1202.637870084286,1168.1295109971372,34.50835908714885,29.7708053198256,33.299999999999955,35.549999999999955,68.84999999999991,68.84999999999991,34.11071428571433,2704933.6,Buy
260,2023-07-24T00:00:00+05:30,1196.5,1203.9,1155.5,1158.0,2662808,4.120307540595517,1195.7705054559344,1167.379176849201,28.391328606733396,29.49490997720716,48.40000000000009,7.900000000000091,40.5,48.40000000000009,35.07142857142862,2663585.1,Sell
261,2023-07-25T00:00:00+05:30,1164.0,1164.7,1145.0,1156.45,2552981,3.952794481976048,1189.7211969242521,1166.5696081937047,23.151588730547473,28.226245727875224,19.700000000000045,6.7000000000000455,13.0,19.700000000000045,33.732142857142904,2719742.65,Sell
262,2023-07-26T00:00:00+05:30,1158.0,1167.0,1139.55,1144.0,3162124,3.8905851354140513,1182.6871666282134,1164.8977853645413,17.789381263672112,26.138872835034604,27.450000000000045,10.549999999999955,16.90000000000009,27.450000000000045,34.12142857142862,2816635.15,Sell
263,2023-07-27T00:00:00+05:30,1111.0,1125.0,1083.0,1101.85,17175754,4.084257278711179,1170.250679454642,1160.2275790412418,10.023100413400243,22.915718350707735,42.0,19.0,61.0,61.0,36.160714285714334,3582202.7,Sell
264,2023-07-28T00:00:00+05:30,1100.0,1100.0,1085.1,1089.95,4224668,4.405650862302311,1157.8967287693126,1155.0218324455943,2.8748963237183034,18.90755394530985,14.900000000000091,1.849999999999909,16.75,16.75,35.61785714285718,3669707.5,Sell
265,2023-07-31T00:00:00+05:30,1095.0,1119.0,1087.15,1119.0,4759764,4.305272465011248,1151.9126166509568,1152.3535485607356,-0.44093190977878294,15.037856774292123,31.84999999999991,29.049999999999955,2.7999999999999545,31.84999999999991,36.40357142857145,3813162.65,Sell
266,2023-08-01T00:00:00+05:30,1120.0,1154.35,1120.0,1142.0,3801170,4.236223976572451,1150.3875987046558,1151.586619037718,-1.199020333062208,11.790481352821258,34.34999999999991,35.34999999999991,1.0,35.34999999999991,37.817857142857164,3864723.9,Sell
267,2023-08-02T00:00:00+05:30,1143.0,1152.6,1125.75,1147.5,2349188,4.24645564026607,1149.9433527500935,1151.2839065164055,-1.3405537663120413,9.1642743289946,26.84999999999991,10.599999999999909,16.25,26.84999999999991,37.050000000000004,3796701.85,Sell
268,2023-08-03T00:00:00+05:30,1140.0,1146.0,1121.45,1140.9,2341972,4.313284549440654,1148.5520677116176,1150.514728255931,-1.962660544313394,6.938887354333001,24.549999999999955,1.5,26.049999999999955,26.049999999999955,35.30357142857143,3788308.25,Sell
269,2023-08-04T00:00:00+05:30,1153.95,1181.5,1147.0,1173.05,3572369,4.184927602744674,1152.3209803713687,1152.1840076443805,0.13697272698823326,5.578504428864048,34.5,40.59999999999991,6.099999999999909,40.59999999999991,34.66785714285714,3854714.65,Sell
270,2023-08-07T00:00:00+05:30,1180.0,1192.85,1172.1,1181.0,1679966,4.129797086714863,1156.733137237312,1154.3185255966487,2.4146116406632245,4.945725871223884,20.75,19.799999999999955,0.9500000000000455,20.75,33.78928571428571,3834759.0,Sell
271,2023-08-08T00:00:00+05:30,1186.0,1208.8,1175.1,1206.9,5134399,4.081356818277592,1164.4511161238793,1158.2134496265267,6.23766649735262,5.204113996449632,33.700000000000045,27.799999999999955,5.900000000000091,33.700000000000045,34.032142857142844,4031122.5,Buy
272,2023-08-09T00:00:00+05:30,1206.95,1236.5,1200.25,1224.4,3391772,4.096660065502901,1173.6740213355902,1163.1161570615989,10.5578642739913,6.274864051957966,36.25,29.59999999999991,6.650000000000091,36.25,35.25357142857141,4137188.45,Buy
273,2023-08-10T00:00:00+05:30,1220.0,1239.2,1215.75,1236.0,3707381,4.187694531095895,1183.2626334378072,1168.5149602422212,14.747673195586003,7.969425880683574,23.450000000000045,14.799999999999955,8.650000000000091,23.450000000000045,32.01071428571428,4162101.75,No Signal
274,2023-08-11T00:00:00+05:30,1235.8,1250.05,1215.3,1216.0,2926586,4.226716733635429,1188.2991513704521,1172.0323705946491,16.266780775803,9.62889685970746,34.75,14.049999999999955,20.700000000000045,34.75,31.03571428571427,4007152.95,No Signal
275,2023-08-14T00:00:00+05:30,1212.1,1221.0,1203.0,1220.8,1837817,4.10815085155965,1193.299281928844,1175.6447875876381,17.65449434120592,11.234016356007153,18.0,5.0,13.0,18.0,30.914285714285693,3856834.65,No Signal
276,2023-08-16T00:00:00+05:30,1221.0,1238.95,1221.0,1227.1,2335058,3.9731456914796874,1198.4993924013295,1179.4562848033686,19.043107597960898,12.795834604397902,17.950000000000045,18.15000000000009,0.20000000000004547,18.15000000000009,30.249999999999982,3840721.15,No Signal
277,2023-08-17T00:00:00+05:30,1225.0,1233.8,1214.6,1229.1,2631545,3.884129642955346,1203.2071781857403,1183.133597040156,20.073581145584285,14.251383912635179,19.200000000000045,6.7000000000000455,12.5,19.200000000000045,27.264285714285702,3857923.15,No Signal
278,2023-08-18T00:00:00+05:30,1225.95,1225.95,1205.15,1206.95,1792560,3.725190472217984,1203.7829969263958,1184.8977750371814,18.885221889214336,15.17815150795101,20.799999999999955,3.1499999999998636,23.949999999999818,23.949999999999818,27.778571428571404,3847927.55,No Signal
279,2023-08-21T00:00:00+05:30,1205.0,1224.0,1205.0,1217.05,1170162,3.754825876794457,1205.8240743223348,1187.2794213307236,18.5446529916112,15.85145180468305,19.0,17.049999999999955,1.9500000000000455,19.0,26.860714285714266,3660502.2,No Signal
280,2023-08-22T00:00:00+05:30,1218.85,1222.95,1209.5,1213.75,1000818,3.8049288767643374,1207.043447503514,1189.2402049358552,17.8032425676588,16.2418099572782,13.450000000000045,5.900000000000091,7.5499999999999545,13.450000000000045,25.29642857142856,3577402.7,No Signal
281,2023-08-23T00:00:00+05:30,1213.2,1218.25,1199.2,1199.2,1565909,3.839167147186015,1205.8367632722043,1189.9779675331993,15.858795739005018,16.165207113623563,19.049999999999955,4.5,14.549999999999955,19.049999999999955,24.739285714285707,3528049.1,No Signal
282,2023-08-24T00:00:00+05:30,1206.2,1216.3,1196.7,1197.05,1211092,3.7815532404629164,1204.484953538019,1190.5018217899992,13.983131748019787,15.728792040502809,19.59999999999991,17.09999999999991,2.5,19.59999999999991,24.278571428571418,3430497.5,No Signal
283,2023-08-25T00:00:00+05:30,1190.0,1196.85,1178.45,1189.6,1208537,3.436161704869519,1202.194960686016,1190.4350201759253,11.7599405100907,14.935021734420388,18.399999999999864,0.20000000000004547,18.59999999999991,18.59999999999991,22.70714285714285,2632136.65,No Signal
284,2023-08-28T00:00:00+05:30,1189.55,1196.3,1182.3,1186.5,948237,2.8352942116010227,1199.7803513497058,1190.1435371999307,9.636814149775091,13.87538021749133,14.0,6.7000000000000455,7.2999999999999545,14.0,22.22499999999999,2468315.1,No Signal
285,2023-08-29T00:00:00+05:30,1192.4,1207.9,1189.2,1203.75,1411463,2.38537863376541,1200.3910665266742,1191.1514233332691,9.239643193405072,12.948232812674078,18.700000000000045,21.40000000000009,2.7000000000000455,21.40000000000009,21.346428571428564,2300900.05,No Signal
286,2023-08-30T00:00:00+05:30,1207.95,1221.6,1194.55,1197.0,2006366,2.133089535531444,1199.869363984109,1191.5846512345083,8.284712749600658,12.015528800059394,27.049999999999955,17.84999999999991,9.200000000000045,27.049999999999955,20.689285714285706,2211159.85,No Signal
287,2023-08-31T00:00:00+05:30,1199.0,1214.45,1198.65,1204.1,2814748,1.8482504965026958,1200.5202310634768,1192.5117141060261,8.008516957450638,11.214126431537643,15.799999999999955,17.450000000000045,1.650000000000091,17.450000000000045,20.260714285714275,2234437.85,No Signal
288,2023-09-01T00:00:00+05:30,1205.0,1229.9,1204.05,1228.05,1686038,1.4119748494570457,1204.7555801306341,1195.1441797278019,9.61140040283226,10.893581225796567,25.850000000000136,25.800000000000182,0.049999999999954525,25.850000000000136,19.625,2201641.15,No Signal
289,2023-09-04T00:00:00+05:30,1235.0,1266.0,1225.55,1256.75,3466873,1.476219620343606,1212.7547216489982,1199.7075738220387,13.047147826959417,11.324294546029137,40.450000000000045,37.950000000000045,2.5,40.450000000000045,21.22857142857143,2196366.35,No Signal
290,2023-09-05T00:00:00+05:30,1258.75,1266.6,1248.65,1254.55,2199985,1.5420501132367748,1219.1847644722293,1203.769975761147,15.414788711082338,12.142393379039778,17.949999999999818,9.849999999999909,8.099999999999909,17.949999999999818,21.214285714285698,2222367.3,No Signal
291,2023-09-06T00:00:00+05:30,1254.55,1259.6,1235.85,1248.95,1753376,1.6478793286698274,1223.7640314765017,1207.1166442232843,16.647387253217403,13.043392153875303,23.75,5.0499999999999545,18.700000000000045,23.75,21.539285714285693,2053316.15,No Signal
292,2023-09-07T00:00:00+05:30,1248.95,1274.85,1238.65,1269.25,2554884,1.8563704180697194,1230.7618727878091,1211.7191150215594,19.04275776624968,14.24326527635018,36.19999999999982,25.899999999999864,10.299999999999955,36.19999999999982,22.414285714285693,2011471.75,No Signal
293,2023-09-08T00:00:00+05:30,1272.0,1278.0,1259.05,1262.95,1731105,1.9978699700905642,1235.7138923589155,1215.5139953903329,20.199896968582607,15.434591614796666,18.950000000000045,8.75,10.200000000000045,18.950000000000045,22.41071428571427,1912657.95,No Signal
294,2023-09-11T00:00:00+05:30,1265.0,1275.0,1263.5,1268.85,1293853,2.1527936928267883,1240.8117550729285,1219.4648105466044,21.346944526324023,16.61706219710214,11.5,12.049999999999955,0.5499999999999545,12.049999999999955,22.310714285714262,1831021.3,No Signal
295,2023-09-12T00:00:00+05:30,1271.8,1283.8,1251.55,1266.0,2335224,2.279438268290388,1244.6868696770932,1222.9118616172264,21.775008059866877,17.648651369655088,32.25,14.950000000000045,17.299999999999955,32.25,23.25357142857141,1855891.65,No Signal
296,2023-09-13T00:00:00+05:30,1260.3,1268.75,1253.9,1260.4,1204376,2.368169208217584,1247.1042743421558,1225.6887607566912,21.415513585464623,18.402023812816996,14.849999999999909,2.75,12.099999999999909,14.849999999999909,22.914285714285693,1799357.55,No Signal
297,2023-09-14T00:00:00+05:30,1262.0,1289.35,1262.0,1279.85,3288631,2.5022884429540633,1252.1420782895163,1229.7007044043437,22.441373885172652,19.209893827288127,27.34999999999991,28.949999999999818,1.599999999999909,28.949999999999818,23.653571428571404,1832211.85,Buy
298,2023-09-15T00:00:00+05:30,1278.2,1303.7,1274.0,1300.05,4316210,2.6954505527204313,1259.512527783437,1234.9117633373553,24.600764446081712,20.288067951046845,29.700000000000045,23.850000000000136,5.849999999999909,29.700000000000045,24.774999999999977,1958394.35,Buy
299,2023-09-18T00:00:00+05:30,1301.0,1302.0,1283.0,1289.8,1967717,2.8526155735951044,1264.1721388936776,1238.9775586456994,25.194580247978138,21.269370410433105,19.0,1.9500000000000455,17.049999999999955,19.0,24.6035714285714,1998272.1,Buy
300,2023-09-20T00:00:00+05:30,1282.0,1289.15,1269.05,1274.35,2843560,2.912361617267085,1265.7379636792657,1241.5977394867587,24.14022419250705,21.843541166847896,20.100000000000136,0.6499999999998636,20.75,20.75,24.153571428571404,2090409.2,Buy
301,2023-09-21T00:00:00+05:30,1275.95,1296.0,1265.9,1291.65,2960250,2.886153063449565,1269.7244308055326,1245.3053143395914,24.419116465941215,22.35865622666656,30.09999999999991,21.65000000000009,8.449999999999818,30.09999999999991,25.05714285714282,2160126.25,Buy
302,2023-09-22T00:00:00+05:30,1290.05,1320.0,1284.0,1305.35,3252940,2.879426001903694,1275.2052876046814,1249.753068832955,25.452218771726393,22.977368735678528,36.0,28.34999999999991,7.650000000000091,36.0,25.782142857142812,2262218.65,Buy
303,2023-09-25T00:00:00+05:30,1305.35,1314.4,1296.05,1299.45,2100302,2.7702558668356936,1278.9352433578074,1253.4343229934768,25.500920364330568,23.482079061408935,18.350000000000136,9.050000000000182,9.299999999999955,18.350000000000136,24.20357142857139,2306806.9,Buy
304,2023-09-26T00:00:00+05:30,1300.0,1303.05,1279.15,1282.3,1141475,2.5149070556532163,1279.452898225837,1255.5725212902564,23.88037693558067,23.561738636243284,23.899999999999864,3.599999999999909,20.299999999999955,23.899999999999864,24.628571428571394,2316468.8,Buy
305,2023-09-27T00:00:00+05:30,1269.95,1293.9,1264.0,1288.65,1568115,2.299762332320903,1280.8678369603238,1258.0227048983857,22.845132061938102,23.41841732138225,29.90000000000009,11.600000000000136,18.299999999999955,29.90000000000009,25.067857142857115,2324301.4,Sell
306,2023-09-28T00:00:00+05:30,1274.05,1274.05,1222.0,1229.5,6570797,2.142072335574911,1272.9650928125816,1255.9099119429497,17.05518086963184,22.14577003103217,52.049999999999955,14.600000000000136,66.65000000000009,66.65000000000009,27.242857142857133,2552522.95,Sell
307,2023-09-29T00:00:00+05:30,1224.0,1231.65,1210.0,1222.8,2861162,1.978404698098942,1265.2473862260306,1253.4573258731016,11.790060352929004,20.074628095411537,21.65000000000009,2.150000000000091,19.5,21.65000000000009,27.43571428571428,2554843.65,Sell
308,2023-10-03T00:00:00+05:30,1220.6,1230.7,1212.55,1216.2,1622290,2.0854908344830205,1257.701634498949,1250.6975239565757,7.0041105423733825,17.460524584803906,18.15000000000009,7.900000000000091,10.25,18.15000000000009,27.871428571428574,2551656.25,Sell
309,2023-10-04T00:00:00+05:30,1210.0,1215.5,1186.05,1205.0,2340603,2.406050752333765,1249.5936907298799,1247.3125221820144,2.281168547865491,14.424653377416224,29.450000000000045,0.7000000000000455,30.15000000000009,30.15000000000009,27.721428571428582,2495342.75,Sell
310,2023-10-05T00:00:00+05:30,1214.0,1223.95,1199.5,1205.6,2497613,2.646928309129956,1242.8254306175907,1244.2227057240873,-1.397275106496636,11.260267680633653,24.450000000000045,18.950000000000045,5.5,24.450000000000045,28.407142857142876,2510224.15,Sell
311,2023-10-06T00:00:00+05:30,1207.0,1223.0,1205.0,1216.9,1446719,2.748008572393773,1238.836902830269,1242.198801596377,-3.36189876610797,8.33583439128533,18.0,17.40000000000009,0.599999999999909,18.0,27.625000000000032,2494891.3,Sell
312,2023-10-09T00:00:00+05:30,1203.25,1227.75,1202.15,1212.65,1451064,2.896509563524355,1234.8081485486891,1240.010001478127,-5.201852929437791,5.628296927140706,25.59999999999991,10.849999999999909,14.75,25.59999999999991,27.33214285714288,2439700.3,Sell
313,2023-10-10T00:00:00+05:30,1215.2,1231.45,1213.0,1227.75,1503359,2.9148715679327593,1233.7222795411985,1239.1018532204878,-5.379573679289251,3.426722805854715,18.450000000000045,18.799999999999955,0.34999999999990905,18.799999999999955,27.31785714285716,2428313.0,Sell
314,2023-10-11T00:00:00+05:30,1230.1,1238.9,1222.0,1231.6,1622663,2.932321219748322,1233.3957749963988,1238.5461603893405,-5.150385392941644,1.7113011660954431,16.90000000000009,11.150000000000091,5.75,16.90000000000009,27.04285714285717,2444753.5,Sell
315,2023-10-12T00:00:00+05:30,1232.0,1232.0,1189.3,1198.75,2452842,3.1815660806312844,1228.0656557661837,1235.5982966567967,-7.532640890613038,-0.13748724524625305,42.700000000000045,0.40000000000009095,42.299999999999955,42.700000000000045,27.94285714285718,2450634.4,Sell
316,2023-10-13T00:00:00+05:30,1187.0,1202.95,1180.0,1194.1,3266079,3.365737498763382,1222.8401702636938,1232.5243487562932,-9.684178492599358,-2.0468254947168742,22.950000000000045,4.2000000000000455,18.75,22.950000000000045,27.010714285714325,2553719.55,Sell
317,2023-10-16T00:00:00+05:30,1195.3,1198.25,1180.8,1184.6,2638043,3.5371637595215804,1216.9570671462025,1228.9743969965677,-12.017329850365286,-4.040926365846556,17.450000000000045,4.150000000000091,13.299999999999955,17.450000000000045,26.946428571428605,2521190.15,Sell
318,2023-10-17T00:00:00+05:30,1190.0,1203.0,1188.45,1197.6,1163897,3.4168562424642808,1213.9790568160174,1226.6503675894146,-12.671310773397181,-5.767003247356682,14.549999999999955,18.40000000000009,3.8500000000001364,18.40000000000009,26.553571428571477,2363574.5,Sell
319,2023-10-18T00:00:00+05:30,1200.0,1202.0,1178.05,1187.1,2337078,3.421530175668519,1209.843817305861,1223.7207107309393,-13.876893425078379,-7.388981282901022,23.950000000000045,4.400000000000091,19.549999999999955,23.950000000000045,26.128571428571473,2382042.55,No Signal
320,2023-10-19T00:00:00+05:30,1170.55,1185.45,1167.8,1172.15,3107691,3.552091737472966,1204.0447684895746,1219.900658084203,-15.85588959462848,-9.082362945246514,17.65000000000009,1.6499999999998636,19.299999999999955,19.299999999999955,22.746428571428606,2395249.1,No Signal
321,2023-10-20T00:00:00+05:30,1170.0,1176.0,1148.4,1170.7,2962470,3.4810706611804387,1198.9148041065632,1216.2561648927806,-17.341360786217365,-10.734162513440685,27.59999999999991,3.849999999999909,23.75,27.59999999999991,23.171428571428596,2395360.1,No Signal
322,2023-10-23T00:00:00+05:30,1164.1,1170.95,1151.55,1155.95,1203959,3.320081885473843,1192.304834244015,1211.7890415673894,-19.48420732337445,-12.484171475427438,19.40000000000009,0.25,19.15000000000009,19.40000000000009,23.260714285714307,2292911.05,No Signal
323,2023-10-25T00:00:00+05:30,1162.0,1165.9,1136.5,1142.15,1555285,3.1704046962034376,1184.5887058987819,1206.630594043879,-22.04188814509712,-14.395714809361374,29.40000000000009,9.950000000000045,19.450000000000045,29.40000000000009,23.20714285714288,2265660.2,No Signal
324,2023-10-26T00:00:00+05:30,1100.05,1120.0,1098.15,1115.45,7099401,3.333314781133982,1173.9519819143538,1199.8764759665546,-25.92449405220077,-16.701470657929253,21.84999999999991,22.15000000000009,44.0,44.0,24.60357142857145,2563556.5,No Signal
325,2023-10-27T00:00:00+05:30,1119.95,1125.95,1114.05,1120.55,1382498,3.0975570212878307,1165.7362923890687,1194.0004407097729,-28.26414832070418,-19.01400619048424,11.900000000000091,10.5,1.400000000000091,11.900000000000091,24.16785714285717,2554275.65,No Signal
326,2023-10-30T00:00:00+05:30,1120.55,1138.9,1115.5,1126.9,2255915,3.209769608817504,1159.761478175366,1189.0300376942341,-29.268559518868187,-21.06491685616103,23.40000000000009,18.350000000000136,5.0499999999999545,23.40000000000009,24.010714285714325,2338531.55,No Signal
327,2023-10-31T00:00:00+05:30,1126.9,1137.15,1115.55,1133.15,1194765,3.2492148595042556,1155.6674046099251,1184.8907756428093,-29.223371032884188,-22.696607691505662,21.600000000000136,10.25,11.350000000000136,21.600000000000136,24.21071428571434,2255211.7,No Signal
328,2023-11-01T00:00:00+05:30,1130.95,1138.0,1119.95,1125.1,1288497,3.361701847291667,1150.964726977629,1180.4618292988976,-29.497102321268585,-24.056706617458246,18.049999999999955,4.849999999999909,13.200000000000045,18.049999999999955,24.292857142857184,2238522.05,No Signal
329,2023-11-02T00:00:00+05:30,1125.0,1130.0,1113.8,1115.5,2493118,3.540287238937993,1145.508615134917,1175.6498419434236,-30.141226808506644,-25.273610655667927,16.200000000000045,4.900000000000091,11.299999999999955,16.200000000000045,22.40000000000004,2246147.8,No Signal
330,2023-11-03T00:00:00+05:30,1124.0,1136.0,1116.0,1133.1,1108121,3.4899841656409905,1143.5995974218526,1172.4980017994662,-28.898404377613588,-25.99856940005706,20.0,20.5,0.5,20.5,22.22500000000004,2176673.2,No Signal
331,2023-11-06T00:00:00+05:30,1137.5,1144.8,1134.35,1142.15,572330,3.344418961456002,1143.3765824338752,1170.2500016661725,-26.873419232297238,-26.173539366505096,10.450000000000045,11.700000000000045,1.25,11.700000000000045,21.814285714285752,2132953.75,No Signal
332,2023-11-07T00:00:00+05:30,1142.0,1150.3,1136.55,1149.0,902481,3.18360036495441,1144.2417235978944,1168.6759274686783,-24.434203870783904,-25.825672267360858,13.75,8.149999999999864,5.600000000000136,13.75,21.48214285714289,2105524.6,No Signal
333,2023-11-08T00:00:00+05:30,1151.75,1152.85,1137.05,1139.15,806162,2.9241592160348726,1143.4583815059107,1166.4888217302578,-23.030440224347103,-25.266625858758108,15.799999999999955,3.849999999999909,11.950000000000045,15.799999999999955,20.900000000000027,2070664.75,No Signal
334,2023-11-09T00:00:00+05:30,1140.0,1141.0,1117.2,1123.95,6042108,2.579739801692359,1140.4570920434628,1163.3377978983867,-22.880705854923917,-24.78944185799127,23.799999999999955,1.849999999999909,21.950000000000045,23.799999999999955,21.221428571428596,2291637.0,No Signal
335,2023-11-10T00:00:00+05:30,1122.0,1139.75,1121.5,1138.15,706806,2.360848866240726,1140.102154806007,1161.4720350910989,-21.369880285091767,-24.10552954341137,18.25,15.799999999999955,2.4500000000000455,18.25,20.553571428571463,2204335.2,No Signal
336,2023-11-12T00:00:00+05:30,1146.0,1147.15,1140.0,1142.15,86328,2.1564294932932047,1140.4172079127752,1160.0407732324989,-19.62356531972364,-23.209136698673827,7.150000000000091,9.0,1.849999999999909,9.0,19.81071428571431,2045347.65,No Signal
337,2023-11-13T00:00:00+05:30,1140.6,1142.15,1128.0,1131.35,435537,2.035864396730026,1139.0222528492714,1157.9155307708322,-18.893277921560866,-22.345964943251236,14.150000000000091,0.0,14.150000000000091,14.150000000000091,18.721428571428596,1935222.35,No Signal
338,2023-11-15T00:00:00+05:30,1145.0,1178.85,1143.5,1173.75,2816201,1.7502487526823787,1144.3649831801526,1159.0884544174373,-14.723471237284684,-20.821466202057927,35.34999999999991,47.5,12.150000000000091,47.5,18.971428571428596,2017837.55,No Signal
339,2023-11-16T00:00:00+05:30,1175.0,1214.95,1167.4,1207.2,2294942,1.9212482895714318,1154.0319088447445,1162.6522726087383,-8.620363763993737,-18.38124571444509,47.549999999999955,41.200000000000045,6.349999999999909,47.549999999999955,21.51785714285716,2015730.75,No Signal
340,2023-11-17T00:00:00+05:30,1212.2,1213.95,1198.0,1202.75,1176628,2.166561343429144,1161.5269997917069,1165.6224746377206,-4.095474846013758,-15.524091540758825,15.950000000000045,6.75,9.200000000000045,15.950000000000045,20.985714285714298,1919177.6,No Signal
341,2023-11-20T00:00:00+05:30,1204.9,1222.5,1202.75,1211.8,1077366,2.444160690441228,1169.2613075160598,1169.0430320719636,0.21827544409620714,-12.375618143787818,19.75,19.75,0.0,19.75,20.85357142857143,1824922.4,No Signal
342,2023-11-21T00:00:00+05:30,1219.95,1221.15,1200.4,1204.5,1129326,2.681992633385811,1174.6826448212814,1171.669474140707,3.013170680574376,-9.297860378915379,20.75,9.350000000000136,11.399999999999864,20.75,21.046428571428578,1821190.75,No Signal
343,2023-11-22T00:00:00+05:30,1205.0,1218.0,1204.0,1215.4,750622,2.920439356878064,1180.946853310315,1174.9087723525065,6.038080957808461,-6.230672111570612,14.0,13.5,0.5,14.0,20.889285714285716,1780957.6,No Signal
344,2023-11-23T00:00:00+05:30,1215.0,1220.9,1206.95,1210.9,651637,3.026028262535827,1185.5550297241127,1177.5747892152838,7.980240508828956,-3.388489587490698,13.950000000000045,5.5,8.450000000000045,13.950000000000045,20.421428571428578,1458569.4,No Signal
345,2023-11-24T00:00:00+05:30,1212.05,1214.95,1195.1,1197.85,884921,3.0584623606167707,1187.4465636127109,1179.0766566808184,8.369906931892501,-1.0368102836140585,19.850000000000136,4.0499999999999545,15.800000000000182,19.850000000000136,21.00357142857144,1433690.55,No Signal
346,2023-11-28T00:00:00+05:30,1195.1,1209.0,1186.0,1202.4,910795,3.061040974986179,1189.7470922876785,1180.8043117414984,8.942780546180074,0.9591078823447681,23.0,11.150000000000091,11.849999999999909,23.0,21.66428571428573,1366434.55,Buy
347,2023-11-29T00:00:00+05:30,1207.0,1234.6,1206.65,1221.7,1898448,3.117073357239234,1194.6629242434203,1183.8336219828689,10.829302260551458,2.933146757986106,27.949999999999818,32.19999999999982,4.25,32.19999999999982,22.83571428571429,1401618.7,Buy
348,2023-11-30T00:00:00+05:30,1222.0,1228.3,1208.7,1220.95,2978406,3.1323726720785454,1198.7070897444326,1186.5829833174712,12.124106426961362,4.771338691781158,19.59999999999991,6.599999999999909,13.0,19.59999999999991,22.535714285714285,1486114.15,Buy
349,2023-12-01T00:00:00+05:30,1226.8,1226.8,1211.55,1220.55,1017856,3.027542664266582,1202.0675374760583,1189.099058627288,12.968478848770246,6.410766723178976,15.25,5.849999999999909,9.400000000000091,15.25,22.321428571428573,1412351.05,Buy
350,2023-12-04T00:00:00+05:30,1238.0,1249.2,1218.0,1223.9,1581599,2.9851706472060444,1205.4263778643572,1191.6769061363777,13.749471727979426,7.878507724139067,31.200000000000045,28.65000000000009,2.5499999999999545,31.200000000000045,23.907142857142862,1436024.95,Buy
351,2023-12-05T00:00:00+05:30,1224.0,1226.25,1208.85,1220.6,1499843,2.950684311611034,1207.7607812698407,1193.8193575336832,13.941423736157503,9.091090926542755,17.40000000000009,2.349999999999909,15.050000000000182,17.40000000000009,24.139285714285716,1482400.6,Buy
352,2023-12-06T00:00:00+05:30,1223.0,1247.0,1218.65,1225.2,2637916,2.9149175908958664,1210.4437379975575,1196.143849568225,14.29988842933244,10.132850427100692,28.34999999999991,26.40000000000009,1.949999999999818,28.34999999999991,22.77142857142857,1569172.35,Buy
353,2023-12-07T00:00:00+05:30,1226.0,1231.0,1220.1,1223.25,1076885,2.788848605421277,1212.4139321517794,1198.1517125631713,14.262219588608104,10.958724259402175,10.900000000000091,5.7999999999999545,5.100000000000136,10.900000000000091,20.153571428571436,1582708.5,No Signal
354,2023-12-08T00:00:00+05:30,1230.0,1237.95,1217.25,1225.3,2642571,2.4614622247718407,1214.3964041284287,1200.162696817751,14.233707310677573,11.613720869657255,20.700000000000045,14.700000000000045,6.0,20.700000000000045,20.49285714285715,1412731.65,No Signal
355,2023-12-11T00:00:00+05:30,1231.0,1240.5,1225.3,1233.3,1558876,2.195250093011782,1217.304649647132,1202.617311868288,14.68733777884404,12.228444251494613,15.200000000000045,15.200000000000045,0.0,15.200000000000045,20.16785714285715,1455335.15,No Signal
356,2023-12-12T00:00:00+05:30,1237.95,1245.0,1218.65,1226.15,1114846,1.8660722314588196,1218.6654727783425,1204.3604739521186,14.304998826223937,12.643755166440478,26.34999999999991,11.700000000000045,14.649999999999864,26.34999999999991,20.567857142857147,1506761.05,No Signal
357,2023-12-13T00:00:00+05:30,1226.0,1233.95,1197.05,1216.1,3025706,1.1079893792482727,1218.2707846585974,1205.2300684741838,13.040716184413668,12.723147370035116,36.90000000000009,7.7999999999999545,29.100000000000136,36.90000000000009,22.20357142857144,1636269.5,Buy
358,2023-12-14T00:00:00+05:30,1235.0,1269.8,1230.15,1264.7,5287733,1.1406690095653629,1225.4137408649672,1209.6352485872071,15.778492277760051,13.334216351580103,39.649999999999864,53.700000000000045,14.050000000000182,53.700000000000045,25.04285714285715,1759846.1,Buy
359,2023-12-15T00:00:00+05:30,1270.0,1324.8,1262.5,1306.1,5900381,1.8394284962147622,1237.827011501126,1216.7807857288956,21.0462257722304,14.876618235710163,62.299999999999955,60.09999999999991,2.2000000000000455,62.299999999999955,28.074999999999996,1940118.05,Buy
360,2023-12-18T00:00:00+05:30,1305.0,1333.05,1286.45,1291.75,2671348,2.1582541577846506,1246.1228558855682,1222.3340608600886,23.788795025479658,16.659053593664062,46.59999999999991,26.950000000000045,19.649999999999864,46.59999999999991,29.760714285714275,2014854.05,Buy
361,2023-12-19T00:00:00+05:30,1300.0,1300.95,1269.2,1281.45,1717860,2.3413024612693536,1251.5578011339423,1226.7130193148969,24.844781819045465,18.296199238740343,31.75,9.200000000000045,22.549999999999955,31.75,29.72857142857143,2046878.75,Buy
362,2023-12-20T00:00:00+05:30,1291.0,1314.0,1238.2,1248.6,2860865,2.3644577665537976,1251.1027548056436,1228.334277143423,22.768477662220675,19.19065492343641,75.79999999999995,32.549999999999955,43.25,75.79999999999995,33.74285714285715,2133455.7,Buy
363,2023-12-21T00:00:00+05:30,1232.0,1258.55,1226.0,1250.1,3337533,2.3520754335862577,1250.9484848355446,1229.9465529105769,21.00193192496772,19.552910323742672,32.549999999999955,9.950000000000045,22.59999999999991,32.549999999999955,34.978571428571435,2262801.25,Buy
364,2023-12-22T00:00:00+05:30,1260.0,1280.9,1242.5,1275.15,2297352,2.3582724246292175,1254.6717948608455,1233.2949563986824,21.37683846216305,19.917695951426747,38.40000000000009,30.800000000000182,7.599999999999909,38.40000000000009,35.49285714285715,2345087.0,Buy
365,2023-12-26T00:00:00+05:30,1275.0,1288.75,1260.55,1282.0,1720830,2.334919792653344,1258.876134113023,1236.9027374061875,21.9733967068355,20.3288361025085,28.200000000000045,13.599999999999909,14.600000000000136,28.200000000000045,36.26428571428572,2386882.45,Buy
366,2023-12-27T00:00:00+05:30,1287.9,1291.5,1267.25,1280.15,1584695,2.2991893961805996,1262.1490365571733,1240.1062383390624,22.042798218110875,20.671628525628975,24.25,9.5,14.75,24.25,35.97142857142858,2420577.45,Buy
367,2023-12-28T00:00:00+05:30,1285.0,1289.0,1270.55,1285.95,2284964,2.336293007702121,1265.810723240685,1243.502072536169,22.30865070451614,20.99903296140641,18.450000000000045,8.849999999999909,9.600000000000136,18.450000000000045,36.51071428571429,2439903.25,Buy
368,2023-12-29T00:00:00+05:30,1285.95,1291.95,1268.1,1272.65,1187193,2.3280666645575137,1266.862919665195,1245.6611782742305,21.20174139096457,21.039574647318044,23.850000000000136,6.0,17.850000000000136,23.850000000000136,36.7357142857143,2350342.6,Buy
369,2024-01-01T00:00:00+05:30,1273.0,1303.8,1265.25,1297.15,1776828,2.3286372574764798,1271.5224704859343,1249.475165068732,22.047305417202324,21.2411208012949,38.549999999999955,31.149999999999864,7.400000000000091,38.549999999999955,38.40357142857143,2388291.2,Buy
370,2024-01-02T00:00:00+05:30,1298.0,1299.1,1272.85,1278.1,1615064,2.31230866806017,1272.5343981034828,1251.5955232117888,20.938874891694013,21.180671619374724,26.25,1.949999999999818,24.300000000000182,26.25,38.39642857142859,2389964.45,Sell
371,2024-01-03T00:00:00+05:30,1265.0,1274.0,1240.0,1244.2,2231707,2.2809560236746744,1268.1752599337162,1251.0477066775823,17.12755325613398,20.370047946726576,34.0,4.099999999999909,38.09999999999991,38.09999999999991,38.482142857142854,2426557.65,Sell
372,2024-01-04T00:00:00+05:30,1250.1,1254.7,1231.7,1247.5,3355191,2.191938830955689,1264.9944507131445,1250.7849135903539,14.209537122790607,19.137945781939383,23.0,10.5,12.5,23.0,36.28928571428571,2462421.4,Sell
373,2024-01-05T00:00:00+05:30,1254.9,1271.85,1245.55,1248.3,1756868,2.0863426101592273,1262.426073680353,1250.6008459169943,11.825227763358725,17.67540217822325,26.299999999999955,24.34999999999991,1.9500000000000455,26.299999999999955,33.71785714285714,2496420.55,Sell
374,2024-01-08T00:00:00+05:30,1250.2,1254.25,1221.4,1228.95,1320667,2.09765482953546,1257.2759084987604,1248.9970795527724,8.278828945987925,15.796087531776188,32.84999999999991,5.9500000000000455,26.899999999999864,32.84999999999991,32.73571428571428,2430325.35,Sell
375,2024-01-09T00:00:00+05:30,1240.55,1251.2,1232.6,1235.65,994439,2.075184711959626,1253.9488456527972,1248.0084069933077,5.940438659489473,13.824957757318845,18.600000000000136,22.25,3.6499999999998636,22.25,32.05714285714286,2402103.5,No Signal
376,2024-01-10T00:00:00+05:30,1236.5,1246.45,1228.3,1240.9,808638,1.992174376752451,1251.9413309369822,1247.4818583271367,4.459472609845534,11.951860727824183,18.15000000000009,10.799999999999955,7.350000000000136,18.15000000000009,27.93928571428572,2386793.1,No Signal
377,2024-01-11T00:00:00+05:30,1240.9,1261.8,1240.9,1249.4,930492,1.7887509202877305,1251.5503569466773,1247.6239428954968,3.9264140511804726,10.346771392495441,20.899999999999864,20.899999999999864,0.0,20.899999999999864,27.107142857142858,2282032.4,No Signal
378,2024-01-12T00:00:00+05:30,1271.8,1311.75,1267.0,1308.05,5023455,1.857047681136867,1260.2426097241116,1252.09994712546,8.142662598651668,9.905949633726687,44.75,62.34999999999991,17.59999999999991,62.34999999999991,28.81785714285713,2268818.5,No Signal
379,2024-01-15T00:00:00+05:30,1335.0,1401.5,1333.85,1337.65,6012767,2.071311453249467,1272.1514389973252,1258.4369880791296,13.714450918195553,10.66764989062046,67.65000000000009,93.45000000000005,25.799999999999955,93.45000000000005,33.47857142857141,2274437.8,No Signal
380,2024-01-16T00:00:00+05:30,1330.1,1332.2,1310.5,1320.4,1883106,2.2425278896581986,1279.5742945361983,1263.026840814009,16.547453722189402,11.84361065693425,21.700000000000045,5.4500000000000455,27.15000000000009,27.15000000000009,33.685714285714276,2235025.7,No Signal
381,2024-01-17T00:00:00+05:30,1306.0,1334.5,1305.25,1326.75,2313059,2.4201884381927905,1286.8320953767832,1267.747074827786,19.085020548997136,13.291892635346827,29.25,14.099999999999909,15.150000000000091,29.25,34.45714285714285,2264785.65,Buy
382,2024-01-18T00:00:00+05:30,1326.7,1369.5,1306.0,1355.15,4533782,2.687476566072676,1297.3425422418934,1274.2213655812834,23.12117666060999,15.25774944039946,63.5,42.75,20.75,63.5,37.2892857142857,2348431.5,Buy
383,2024-01-19T00:00:00+05:30,1373.9,1397.85,1355.0,1389.9,4463826,3.1278157578320207,1311.5821511277559,1282.7901533160032,28.791997811752708,17.96459911467011,42.84999999999991,42.69999999999982,0.15000000000009095,42.84999999999991,37.59642857142855,2404746.15,Buy
384,2024-01-20T00:00:00+05:30,1405.0,1406.2,1376.0,1385.6,1001018,3.523160506250225,1322.9695124927166,1290.4056975148178,32.5638149778988,20.88444228731585,30.200000000000045,16.299999999999955,13.900000000000091,30.200000000000045,37.87857142857141,2339929.45,Buy
385,2024-01-23T00:00:00+05:30,1396.5,1416.3,1356.75,1366.65,2683661,3.776444320034121,1329.689587493837,1296.0534236248313,33.63616386900571,23.434786603653823,59.549999999999955,30.700000000000045,28.84999999999991,59.549999999999955,39.41071428571427,2388071.0,Buy
386,2024-01-24T00:00:00+05:30,1372.95,1410.5,1365.55,1407.95,2008135,4.068439901105026,1341.7296509563237,1304.342058911881,37.38759204444273,26.225347691811606,44.950000000000045,43.84999999999991,1.1000000000001364,44.950000000000045,40.97857142857141,2409243.0,Buy
387,2024-01-25T00:00:00+05:30,1348.0,1356.35,1312.05,1322.05,8424862,4.337187129771433,1338.7020123476584,1305.6537582517417,33.04825409591672,27.58992897263263,44.299999999999955,51.600000000000136,95.90000000000009,95.90000000000009,45.949999999999996,2716237.9,Buy
388,2024-01-29T00:00:00+05:30,1338.0,1338.0,1311.0,1314.35,2495791,4.33135327163639,1334.9555489095571,1306.2979243071682,28.657624602388978,27.803468098583902,27.0,15.950000000000045,11.049999999999955,27.0,45.53214285714286,2781667.8,Buy
389,2024-01-30T00:00:00+05:30,1323.95,1340.95,1315.0,1317.85,2293154,4.322390428875491,1332.3239260003945,1307.1536336177483,25.170292382646267,27.276832955396376,25.950000000000045,26.600000000000136,0.650000000000091,26.600000000000136,45.842857142857156,2807484.1,Sell
390,2024-01-31T00:00:00+05:30,1318.1,1336.0,1312.3,1333.65,1798462,4.264321500896192,1332.5279373849492,1309.116327423841,23.41160996110807,26.503788356538717,23.700000000000045,18.15000000000009,5.5499999999999545,23.700000000000045,46.23928571428572,2816654.0,Sell
391,2024-02-01T00:00:00+05:30,1330.0,1336.35,1309.75,1312.5,2286420,4.1740754651512,1329.446716248803,1309.36696983689,20.07974641191322,25.21897996761362,26.59999999999991,2.699999999999818,23.90000000000009,26.59999999999991,46.64642857142859,2819389.65,Sell
392,2024-02-02T00:00:00+05:30,1323.5,1354.0,1323.05,1338.1,1838847,3.949029071807248,1330.777990672064,1311.4953424415646,19.28264823049949,24.031713620190796,30.950000000000045,41.5,10.549999999999955,41.5,45.15714285714288,2743572.45,Sell
393,2024-02-05T00:00:00+05:30,1345.8,1353.1,1328.0,1332.75,953919,3.78022850977528,1331.0813767225159,1313.0697615199672,18.011615202548683,22.827693936662374,25.09999999999991,15.0,10.099999999999909,25.09999999999991,40.27500000000001,2703425.0,Sell
394,2024-02-06T00:00:00+05:30,1330.0,1362.4,1328.1,1351.05,2713529,3.3901250650061754,1334.1534726113596,1315.8831125184881,18.270360092871442,21.91622716790419,34.30000000000018,29.65000000000009,4.650000000000091,34.30000000000018,40.7857142857143,2773068.1,Sell
395,2024-02-07T00:00:00+05:30,1351.5,1358.7,1332.5,1335.85,527081,3.025070142983288,1334.4144768249967,1317.3621412208224,17.05233560417423,20.9434488551582,26.200000000000045,7.650000000000091,18.549999999999955,26.200000000000045,40.567857142857164,2749700.2,Sell
396,2024-02-08T00:00:00+05:30,1326.0,1329.65,1302.0,1309.25,2308756,2.6555396770234005,1330.5430188519204,1316.761241871132,13.781776980788436,19.511114480284245,27.65000000000009,6.199999999999818,33.84999999999991,33.84999999999991,38.45000000000001,2824706.1,No Signal
397,2024-02-09T00:00:00+05:30,1317.0,1321.45,1305.95,1311.05,1085349,2.208667122556837,1327.5440928747018,1316.3381869177147,11.20590595698718,17.850072775624835,15.5,12.200000000000045,3.2999999999999545,15.5,36.49642857142859,2832448.95,No Signal
398,2024-02-12T00:00:00+05:30,1318.4,1331.0,1311.1,1318.8,1149683,2.157318395775607,1326.1988478170554,1316.5205434423283,9.678304374727077,16.215719095445284,19.90000000000009,19.950000000000045,0.049999999999954525,19.950000000000045,35.764285714285734,2638760.35,No Signal
399,2024-02-13T00:00:00+05:30,1321.95,1334.8,1300.0,1328.45,1127361,2.149428995066296,1326.5451789221238,1317.4042068910446,9.140972031079173,14.800769682572062,34.799999999999955,16.0,18.799999999999955,34.799999999999955,33.99642857142859,2394490.05,No Signal
400,2024-02-14T00:00:00+05:30,1310.0,1319.95,1282.65,1292.9,3426103,2.3290060463614797,1321.3689975494894,1315.589080454671,5.779917094818529,12.996599165021356,37.299999999999955,8.5,45.799999999999955,45.799999999999955,34.05714285714287,2471639.9,No Signal
401,2024-02-15T00:00:00+05:30,1304.7,1308.0,1291.55,1300.35,1703763,2.3969874693561253,1318.1353056187988,1314.4602596802508,3.67504593854801,11.132288519726687,16.450000000000045,15.099999999999909,1.3500000000001364,16.450000000000045,28.382142857142867,2441175.1,No Signal
402,2024-02-16T00:00:00+05:30,1305.1,1309.2,1298.0,1302.55,1994659,2.433809938941217,1315.7375662928298,1313.5780182224544,2.159548070375422,9.337740429856435,11.200000000000045,8.850000000000136,2.349999999999909,11.200000000000045,27.25357142857144,2314218.95,No Signal
403,2024-02-19T00:00:00+05:30,1302.95,1318.0,1287.45,1310.0,1496111,2.2262224477247816,1314.8548637862407,1313.3129798356058,1.5418839506348831,7.778569134012125,30.549999999999955,15.450000000000045,15.099999999999909,30.549999999999955,27.535714285714285,2165833.2,No Signal
404,2024-02-20T00:00:00+05:30,1310.0,1323.65,1302.0,1320.55,2113200,1.9725580135928986,1315.7310385883575,1313.8490554033388,1.8819831850187256,6.599251944213446,21.65000000000009,13.650000000000091,8.0,21.65000000000009,27.389285714285716,2221442.3,No Signal
405,2024-02-21T00:00:00+05:30,1320.0,1325.0,1292.2,1296.6,1769508,1.9305737080642724,1312.7878018824563,1312.571347595684,0.2164542867722048,5.322692412725198,32.799999999999955,4.4500000000000455,28.34999999999991,32.799999999999955,27.832142857142863,2175734.65,No Signal
406,2024-02-22T00:00:00+05:30,1307.0,1330.5,1299.35,1328.1,2201424,1.1417571028971956,1315.1435246697706,1313.721618144152,1.421906525618624,4.542535235303883,31.15000000000009,33.90000000000009,2.75,33.90000000000009,27.28928571428573,2185399.1,No Signal
407,2024-02-23T00:00:00+05:30,1338.9,1342.55,1316.3,1322.25,1660506,1.1469821825726676,1316.236828566729,1314.3533501334741,1.8834784332548224,4.0107238748940715,26.25,14.450000000000045,11.799999999999955,26.25,27.37142857142859,1847181.3,No Signal
408,2024-02-26T00:00:00+05:30,1322.25,1324.9,1295.0,1298.25,1196507,1.219334650023522,1313.4696241718475,1313.1605093828464,0.30911478900111433,3.27040205771548,29.90000000000009,2.650000000000091,27.25,29.90000000000009,27.05714285714287,1782217.1,No Signal
409,2024-02-27T00:00:00+05:30,1295.0,1305.05,1283.7,1296.05,1488661,1.2790310626361034,1310.7896819915632,1311.8930642433763,-1.1033822518131728,2.3956451958097498,21.34999999999991,6.7999999999999545,14.549999999999955,21.34999999999991,26.71071428571429,1741992.45,No Signal
410,2024-02-28T00:00:00+05:30,1302.0,1306.05,1271.0,1285.85,1289779,1.3582321715361005,1306.952807839015,1309.9639483734966,-3.011140534481683,1.3142880497514633,35.049999999999955,10.0,25.049999999999955,35.049999999999955,26.796428571428578,1716558.3,No Signal
411,2024-02-29T00:00:00+05:30,1280.0,1285.2,1264.25,1273.85,2251498,1.546517768058013,1301.860068171474,1307.288841086571,-5.428772915096943,-0.03432414321821796,20.950000000000045,0.6499999999998636,21.59999999999991,21.59999999999991,27.232142857142858,1714812.2,No Signal
412,2024-03-01T00:00:00+05:30,1287.0,1287.0,1268.0,1271.8,1560034,1.630732226856583,1297.2354422989395,1304.6600380431212,-7.424595744181715,-1.5123784634109174,19.0,13.150000000000091,5.849999999999909,19.0,27.16428571428571,1700871.55,No Signal
413,2024-03-02T00:00:00+05:30,1278.0,1282.0,1271.0,1272.5,217683,1.6909741143150157,1293.4299896375642,1302.27781300289,-8.847823365325894,-2.979467443793913,11.0,10.200000000000045,0.7999999999999545,11.0,25.464285714285715,1664059.75,No Signal
414,2024-03-04T00:00:00+05:30,1275.6,1285.5,1270.1,1280.05,1843831,1.524139768324603,1291.3715296933235,1300.6313083360094,-9.259778642685887,-4.235529683572308,15.400000000000091,13.0,2.400000000000091,15.400000000000091,23.29285714285715,1620574.85,No Signal
415,2024-03-05T00:00:00+05:30,1274.9,1279.9,1259.1,1272.5,1420379,1.492262076589422,1288.4682174328123,1298.5475077185272,-10.079290285714933,-5.404281804000833,20.800000000000182,0.14999999999986358,20.950000000000045,20.950000000000045,23.614285714285725,1665239.75,No Signal
416,2024-03-06T00:00:00+05:30,1267.5,1274.35,1250.1,1271.0,2064350,1.5633465088861282,1285.7807993662257,1296.506951591229,-10.726152225003261,-6.46865588820132,24.25,1.849999999999909,22.40000000000009,24.25,24.546428571428578,1653019.45,No Signal
417,2024-03-07T00:00:00+05:30,1275.0,1293.1,1265.55,1288.15,2073691,1.5307152483062123,1286.1452917714216,1295.8879181400268,-9.742626368605215,-7.123449984282099,27.549999999999955,22.09999999999991,5.4500000000000455,27.549999999999955,24.332142857142863,1702436.55,No Signal
418,2024-03-11T00:00:00+05:30,1288.15,1296.3,1275.5,1289.0,1577732,1.478765348068691,1286.5844776527413,1295.3777019815063,-8.793224328765064,-7.4574048531786925,20.799999999999955,8.149999999999864,12.650000000000091,20.799999999999955,24.27142857142857,1723839.0,No Signal
419,2024-03-12T00:00:00+05:30,1295.0,1307.65,1277.7,1292.3,1963068,1.343699590612205,1287.4637887830888,1295.1497240569504,-7.68593527386156,-7.503110937315267,29.950000000000045,18.65000000000009,11.299999999999955,29.950000000000045,24.067857142857147,1765624.35,No Signal
420,2024-03-13T00:00:00+05:30,1292.3,1299.4,1266.3,1277.2,2001399,1.388297438619934,1285.8847443549214,1293.8201148675466,-7.935370512625241,-7.589562852377262,33.100000000000136,7.100000000000136,26.0,33.100000000000136,24.010714285714293,1694389.15,No Signal
421,2024-03-14T00:00:00+05:30,1272.0,1297.45,1258.05,1293.35,2129097,1.3635841079274351,1287.033245223395,1293.7852915440246,-6.752046320629688,-7.422059546027747,39.40000000000009,20.25,19.15000000000009,39.40000000000009,24.950000000000014,1715655.85,No Signal
422,2024-03-15T00:00:00+05:30,1293.0,1293.0,1268.5,1282.2,2499025,1.3717008258666015,1286.2896690351804,1292.9271218000229,-6.637452764842465,-7.265138189790691,24.5,0.34999999999990905,24.84999999999991,24.84999999999991,24.589285714285715,1740874.15,No Signal
423,2024-03-18T00:00:00+05:30,1282.0,1287.45,1268.05,1272.65,630807,1.3715806715825185,1284.1912584143834,1291.4251127777989,-7.233854363415503,-7.258881424515654,19.40000000000009,5.25,14.150000000000091,19.40000000000009,24.450000000000014,1697608.95,No Signal
424,2024-03-19T00:00:00+05:30,1270.0,1272.65,1248.9,1252.25,1243420,1.411939347539073,1279.2772186583243,1288.523252572036,-9.246033913711699,-7.656311922354864,23.75,0.0,23.75,23.75,23.64285714285716,1654119.95,No Signal
425,2024-03-20T00:00:00+05:30,1252.0,1272.0,1247.0,1264.3,1139621,1.432573758100752,1276.9730311724281,1286.7289375666999,-9.755906394271733,-8.076230816738239,25.0,19.75,5.25,25.0,23.885714285714307,1622625.6,No Signal
426,2024-03-21T00:00:00+05:30,1275.0,1287.45,1270.65,1282.75,1420041,1.1594893935660917,1277.8617956074393,1286.434201450648,-8.572405843208799,-8.17546582203235,16.799999999999955,23.15000000000009,6.350000000000136,23.15000000000009,24.182142857142885,1583556.45,No Signal
427,2024-03-22T00:00:00+05:30,1258.5,1279.9,1236.1,1262.65,2990908,0.9561717591396127,1275.521519360141,1284.6724087506,-9.150889390459042,-8.370550535717689,43.80000000000018,2.849999999999909,46.65000000000009,46.65000000000009,26.728571428571463,1650076.55,Sell
428,2024-03-26T00:00:00+05:30,1262.25,1271.6,1251.0,1254.35,2144358,0.9856402424606021,1272.2643625355038,1282.4263043987037,-10.1619418631999,-8.728828801214132,20.59999999999991,8.949999999999818,11.650000000000091,20.59999999999991,27.100000000000023,1697469.1,Sell
429,2024-03-27T00:00:00+05:30,1258.0,1263.15,1246.55,1253.8,2128854,0.9968621648310515,1269.4236913761954,1280.305837406207,-10.882146030011654,-9.159492246973636,16.600000000000136,8.800000000000182,7.7999999999999545,16.600000000000136,26.789285714285743,1729478.75,Sell
430,2024-03-28T00:00:00+05:30,1260.0,1264.95,1242.0,1248.1,2436133,1.083467460781348,1266.1431234721654,1277.9202198205621,-11.777096348396753,-9.68301306725826,22.950000000000045,11.150000000000091,11.799999999999955,22.950000000000045,26.696428571428605,1786796.45,Sell
431,2024-04-01T00:00:00+05:30,1252.1,1261.15,1242.0,1244.55,1397037,1.1981585926911065,1262.8211044764475,1275.4483516857056,-12.62724720925803,-10.271859895658215,19.15000000000009,13.050000000000182,6.099999999999909,19.15000000000009,26.096428571428614,1744073.4,Sell
432,2024-04-02T00:00:00+05:30,1244.0,1251.95,1235.1,1236.8,1320357,1.3569594165428187,1258.8178576339171,1272.5855108200979,-13.767653186180723,-10.971018553762718,16.850000000000136,7.400000000000091,9.450000000000045,16.850000000000136,25.81428571428577,1732089.55,Sell
433,2024-04-03T00:00:00+05:30,1240.0,1263.0,1240.0,1255.15,1819093,1.3597476272298954,1258.2535718440838,1271.2939915000907,-13.040419656006861,-11.384898774211548,23.0,26.200000000000045,3.2000000000000455,26.200000000000045,25.546428571428628,1812160.05,Sell
434,2024-04-04T00:00:00+05:30,1260.0,1289.0,1246.9,1279.25,2460669,1.3320051465331362,1261.4837915603787,1271.883325463047,-10.399533902668281,-11.187825799902894,42.09999999999991,33.84999999999991,8.25,42.09999999999991,26.189285714285752,1843001.95,Buy
435,2024-04-05T00:00:00+05:30,1275.0,1275.95,1260.2,1263.4,1184658,1.3496888201948687,1261.778592858782,1271.2549309843027,-9.47633812552067,-10.84552826502645,15.75,3.2999999999999545,19.049999999999955,19.049999999999955,24.735714285714316,1831215.9,No Signal
436,2024-04-08T00:00:00+05:30,1270.0,1270.0,1256.1,1265.15,686932,1.34773446411075,1262.297270880508,1270.8027138743544,-8.505442993846373,-10.377511210790436,13.900000000000091,6.599999999999909,7.300000000000182,13.900000000000091,23.953571428571472,1762345.0,No Signal
437,2024-04-09T00:00:00+05:30,1265.1,1281.0,1242.75,1251.4,1198161,1.3366778916180548,1260.6207676681222,1269.3654758095875,-8.744708141465253,-10.0509505969254,38.25,15.849999999999909,22.40000000000009,38.25,25.300000000000036,1718568.5,Buy
438,2024-04-10T00:00:00+05:30,1260.45,1273.45,1252.0,1266.3,1994380,1.250318640108733,1261.4944957191803,1269.138403527396,-7.643907808215545,-9.56954203918343,21.450000000000045,22.049999999999955,0.599999999999909,22.049999999999955,25.178571428571463,1739400.9,No Signal
439,2024-04-12T00:00:00+05:30,1264.95,1269.75,1238.0,1242.1,2887322,1.2259176781200571,1258.5107271469988,1267.135558821663,-8.624831674664165,-9.380599966279577,31.75,3.4500000000000455,28.299999999999955,31.75,25.660714285714317,1785613.6,Buy
440,2024-04-15T00:00:00+05:30,1235.0,1240.65,1211.0,1218.75,2153147,1.4482322714234963,1252.3936922013065,1263.5514433533915,-11.157751152084984,-9.73603020344066,29.65000000000009,1.449999999999818,31.09999999999991,31.09999999999991,26.22857142857145,1793201.0,Sell
441,2024-04-16T00:00:00+05:30,1205.0,1213.15,1197.05,1198.8,968761,1.7120757066329402,1244.1485087857209,1258.7550401420292,-14.606531356308324,-10.710130434014193,16.100000000000136,5.599999999999909,21.700000000000045,21.700000000000045,24.446428571428587,1735184.2,No Signal
442,2024-04-18T00:00:00+05:30,1199.55,1207.85,1176.05,1179.65,3242357,2.162235111781307,1234.2256612802253,1252.8954075389158,-18.669746258690566,-12.302053598949469,31.799999999999955,9.049999999999955,22.75,31.799999999999955,25.24642857142859,1772350.8,No Signal
443,2024-04-19T00:00:00+05:30,1163.05,1183.1,1162.95,1178.15,817598,2.500538906817361,1225.598636467883,1247.3587106841812,-21.760074216298335,-14.193657722419243,20.149999999999864,3.449999999999818,16.700000000000045,20.149999999999864,25.5,1781690.35,Sell
444,2024-04-22T00:00:00+05:30,1196.1,1216.7,1195.1,1208.05,1364143,2.5261559997344247,1222.8988462420548,1244.446954337205,-21.548108095150155,-15.664547796965426,21.600000000000136,38.549999999999955,16.949999999999818,38.549999999999955,26.614285714285707,1787726.5,Sell
445,2024-04-23T00:00:00+05:30,1218.0,1218.0,1198.8,1200.25,1460983,2.6222787446729514,1219.4144083586618,1241.1731058677824,-21.758697509120566,-16.883377739396455,19.200000000000045,9.950000000000045,9.25,19.200000000000045,26.617857142857133,1803794.6,Sell
446,2024-04-24T00:00:00+05:30,1207.95,1207.95,1181.5,1185.7,1375843,2.692761929774913,1214.2275763034831,1237.0639869146132,-22.836410611130077,-18.07398431374318,26.450000000000045,7.7000000000000455,18.75,26.450000000000045,27.303571428571413,1801584.7,Sell
447,2024-04-25T00:00:00+05:30,1185.0,1193.55,1172.8,1190.3,3357065,2.745084496958306,1210.5464107183318,1233.5999878839011,-23.053577165569322,-19.06990288410841,20.75,7.849999999999909,12.900000000000091,20.75,26.914285714285693,1819892.55,Sell
448,2024-04-26T00:00:00+05:30,1250.0,1347.0,1241.0,1278.75,20431926,2.6604322978451145,1221.0392706078192,1236.9444332258345,-15.90516261801531,-18.43695483088979,106.0,156.70000000000005,50.700000000000045,156.70000000000005,35.09999999999999,2734270.95,Buy
449,2024-04-29T00:00:00+05:30,1290.0,1311.0,1285.0,1288.3,4120529,2.79358368929139,1231.3870751296931,1240.74854928318,-9.361474153486824,-16.6218586954092,26.0,32.25,6.25,32.25,36.04285714285714,2833854.7,Buy
450,2024-04-30T00:00:00+05:30,1288.3,1291.1,1260.05,1263.5,2613213,2.886431355692969,1236.3275251097402,1242.4338419288704,-6.106316819130143,-14.518750320153387,31.049999999999955,2.7999999999999545,28.25,31.049999999999955,37.267857142857125,2842708.7,Buy
451,2024-05-02T00:00:00+05:30,1263.2,1274.35,1253.5,1266.9,2124221,2.930289736322316,1241.030982785165,1244.2461499341393,-3.2151671489743876,-12.258033685917589,20.84999999999991,10.849999999999909,10.0,20.84999999999991,36.02499999999998,2879067.9,Buy
452,2024-05-03T00:00:00+05:30,1270.0,1272.0,1243.05,1250.45,2322455,2.9803477464120975,1242.480062356678,1244.7056943834623,-2.2256320267842966,-10.25155335409093,28.950000000000045,5.099999999999909,23.850000000000136,28.950000000000045,36.517857142857125,2929172.8,Buy
453,2024-05-06T00:00:00+05:30,1258.0,1265.7,1245.1,1262.25,1363667,2.969917081345911,1245.5215912248814,1246.0052725772798,-0.4836813523984347,-8.297978953752432,20.600000000000136,15.25,5.350000000000136,20.600000000000136,35.72142857142857,2906401.5,Buy
454,2024-05-07T00:00:00+05:30,1268.0,1294.8,1256.9,1292.45,2350444,2.9694602256657494,1252.7413464210535,1249.4456227567405,3.2957236643130727,-5.979238430139332,37.899999999999864,32.549999999999955,5.349999999999909,37.899999999999864,36.20714285714285,2900890.25,Buy
455,2024-05-08T00:00:00+05:30,1294.0,1300.0,1280.35,1287.0,1332284,3.073866481304108,1258.011908510122,1252.2274284784635,5.784480031658632,-3.626494737779739,19.65000000000009,7.5499999999999545,12.100000000000136,19.65000000000009,36.060714285714276,2908271.55,Buy
456,2024-05-09T00:00:00+05:30,1282.0,1285.9,1261.4,1269.1,2420777,3.1289249999531803,1259.7177687393341,1253.4772485911699,6.240520148164251,-1.6530917605909412,24.5,1.099999999999909,25.59999999999991,25.59999999999991,35.61785714285713,2994963.8,Buy
457,2024-05-10T00:00:00+05:30,1266.0,1273.2,1248.25,1264.4,1322206,3.165892590449007,1260.438112010206,1254.2863412881202,6.151770722085757,-0.09211926405560152,24.950000000000045,4.100000000000136,20.84999999999991,24.950000000000045,35.96071428571429,3001166.05,Buy
458,2024-05-13T00:00:00+05:30,1264.4,1266.35,1250.05,1262.05,593453,3.160821751245937,1260.6860947778666,1254.8614271186298,5.824667659236866,1.091238120602892,16.299999999999955,1.949999999999818,14.350000000000136,16.299999999999955,34.371428571428574,2931119.7,Buy
459,2024-05-14T00:00:00+05:30,1263.95,1284.0,1254.1,1275.5,1386032,3.1911731964203196,1262.9651571197332,1256.3902102950276,6.574946824705648,2.1879798614234436,29.90000000000009,21.950000000000045,7.9500000000000455,29.90000000000009,35.13571428571429,2856055.2,Buy
460,2024-05-15T00:00:00+05:30,1275.0,1282.95,1265.0,1276.45,414350,3.2187159376712398,1265.039748332082,1257.876120643544,7.163627688537872,3.1831094268463294,17.950000000000045,7.4500000000000455,10.5,17.950000000000045,34.52857142857143,2769115.35,Buy
461,2024-05-16T00:00:00+05:30,1287.0,1312.6,1281.3,1307.95,4868225,3.2125084690727577,1271.6413255117616,1261.5852968921704,10.056028619591189,4.557693265395302,31.299999999999955,36.149999999999864,4.849999999999909,36.149999999999864,35.628571428571426,2964088.55,Buy
462,2024-05-17T00:00:00+05:30,1309.1,1320.0,1297.8,1305.4,1925387,3.0960678185127843,1276.8349677407214,1264.8308304557133,12.004137285008028,6.046982069317847,22.200000000000045,12.049999999999955,10.150000000000091,22.200000000000045,26.02142857142857,2898240.05,No Signal
463,2024-05-18T00:00:00+05:30,1305.4,1312.05,1298.6,1306.0,83146,2.8729655867014063,1281.3218957806105,1267.880398570105,13.441497210505531,7.525885097555385,13.450000000000045,6.649999999999864,6.800000000000182,13.450000000000045,24.678571428571427,2861517.45,No Signal
464,2024-05-21T00:00:00+05:30,1307.0,1327.0,1304.1,1323.9,1453689,2.846873622062387,1287.8723733528243,1272.029998676023,15.842374676801228,9.189183013404554,22.90000000000009,21.0,1.900000000000091,22.90000000000009,24.096428571428582,2865994.75,No Signal
465,2024-05-22T00:00:00+05:30,1330.0,1335.4,1311.05,1330.4,1411627,2.75317001833264,1294.4150851446975,1276.353702477799,18.061382666898453,10.963622944103333,24.350000000000136,11.5,12.850000000000136,24.350000000000136,24.346428571428596,2863526.95,No Signal
466,2024-05-23T00:00:00+05:30,1336.0,1343.95,1325.1,1337.5,1440740,2.454172070728676,1301.0435335839747,1280.883057849814,20.160475734160855,12.802993502114838,18.850000000000136,13.549999999999955,5.300000000000182,18.850000000000136,23.625000000000032,2866771.8,No Signal
467,2024-05-24T00:00:00+05:30,1337.5,1345.0,1318.0,1321.75,1288301,1.963551915189458,1304.2291438018249,1283.9102387498276,20.318905051997262,14.306175812091324,27.0,7.5,19.5,27.0,24.08214285714288,2763333.6,No Signal
468,2024-05-27T00:00:00+05:30,1323.0,1342.8,1318.25,1329.7,980450,2.0610479547292266,1308.1477370630826,1287.302072916507,20.845664146575473,15.614073478988155,24.549999999999955,21.049999999999955,3.5,24.549999999999955,23.12857142857146,1790759.8,No Signal
469,2024-05-28T00:00:00+05:30,1329.0,1330.35,1311.3,1315.1,1608944,2.1226377251298425,1309.2173159764545,1289.3611786263955,19.856137350059043,16.462486253202332,19.049999999999955,0.6499999999998636,18.40000000000009,19.049999999999955,23.085714285714307,1665180.55,No Signal
470,2024-05-29T00:00:00+05:30,1314.0,1314.0,1284.1,1286.45,1405567,2.10854423624028,1305.714651980077,1289.145535765181,16.569116214895985,16.483812245541063,29.90000000000009,1.099999999999909,31.0,31.0,23.471428571428596,1604798.25,No Signal
471,2024-05-30T00:00:00+05:30,1280.05,1287.75,1235.35,1240.85,2610479,2.339540248647989,1295.7354747523727,1285.5680886714638,10.167386080908955,15.220527012614642,52.40000000000009,1.2999999999999545,51.100000000000136,52.40000000000009,25.432142857142885,1629111.15,No Signal
472,2024-05-31T00:00:00+05:30,1245.95,1255.25,1224.05,1228.45,4649449,2.5270623163588253,1285.3838632520078,1281.3371191402443,4.0467441117634735,12.98577043244441,31.200000000000045,14.400000000000091,16.799999999999955,31.200000000000045,26.496428571428606,1745460.85,No Signal
473,2024-06-03T00:00:00+05:30,1255.0,1261.8,1236.55,1245.35,1091287,2.5762901055614256,1279.2248073670835,1278.6714066113373,0.5534007557462246,10.499296497104773,25.25,33.34999999999991,8.099999999999909,33.34999999999991,26.742857142857165,1731841.85,No Signal
474,2024-06-04T00:00:00+05:30,1245.35,1253.7,1193.65,1239.3,2471911,2.7464724008610593,1273.082529310609,1275.7550061216086,-2.6724768109995694,7.864941835483904,60.049999999999955,8.350000000000136,51.69999999999982,60.049999999999955,29.750000000000018,1737915.2,Sell
475,2024-06-05T00:00:00+05:30,1260.0,1284.95,1236.75,1266.9,2709585,2.711492611399487,1272.1313709551307,1275.0990797422303,-2.967708787099582,5.698411710967207,48.200000000000045,45.65000000000009,2.5499999999999545,48.200000000000045,30.610714285714316,1806780.25,Sell
476,2024-06-06T00:00:00+05:30,1285.0,1323.6,1274.2,1317.45,3205121,2.637871796719961,1279.1034677312643,1278.2361849465096,0.8672827847547069,4.732185925724707,49.399999999999864,56.69999999999982,7.2999999999999545,56.69999999999982,33.07500000000001,1845997.45,Sell
477,2024-06-07T00:00:00+05:30,1330.0,1381.0,1327.0,1377.6,5790599,2.862314717205668,1294.2567803879929,1285.5964675430646,8.660312844928285,5.517811309565423,54.0,63.549999999999955,9.549999999999955,63.549999999999955,36.65357142857143,2069417.1,Buy
478,2024-06-10T00:00:00+05:30,1377.6,1378.0,1335.15,1340.35,2532308,2.977051716755017,1301.3480449436863,1289.6522847620968,11.695760181589549,6.753401083970249,42.84999999999991,0.40000000000009095,42.44999999999982,42.84999999999991,38.07857142857142,2166359.85,Buy
479,2024-06-11T00:00:00+05:30,1348.9,1359.85,1341.15,1349.45,1465705,3.042538350142974,1308.7483457215808,1294.0817451500895,14.666600571491244,8.336040981474449,18.699999999999818,19.5,0.8000000000001819,19.5,37.73214285714284,2170343.5,Buy
480,2024-06-12T00:00:00+05:30,1364.8,1381.0,1357.15,1370.6,2786009,3.1572674287130202,1318.2639848413376,1299.7497640278607,18.514220813476868,10.371676947874933,23.84999999999991,31.549999999999955,7.7000000000000455,31.549999999999955,38.639285714285684,2288926.45,Buy
481,2024-06-13T00:00:00+05:30,1380.0,1396.85,1375.35,1388.95,1953367,3.3835099499082415,1329.1387564042086,1306.3571889146858,22.781567489522786,12.853655056204504,21.5,26.25,4.75,26.25,38.58571428571425,2143183.55,Buy
482,2024-06-14T00:00:00+05:30,1395.0,1395.75,1364.1,1371.45,1733356,3.5626126131521287,1335.648178495869,1311.1788786247091,24.46929987115982,15.176784019195567,31.65000000000009,6.7999999999999545,24.850000000000136,31.65000000000009,39.09285714285712,2133582.0,Buy
483,2024-06-18T00:00:00+05:30,1380.45,1391.45,1370.15,1371.35,950760,3.6773844198330656,1341.1407664195815,1315.6359987265826,25.50476769299894,17.242380753956244,21.299999999999955,20.0,1.2999999999999545,21.299999999999955,39.25357142857141,2176962.7,Buy
484,2024-06-19T00:00:00+05:30,1377.0,1386.95,1361.0,1381.15,1313197,3.7932445150040843,1347.2960331242614,1320.4888877097987,26.80714541446264,19.155333686057524,25.950000000000045,15.600000000000136,10.349999999999909,25.950000000000045,38.892857142857125,2169938.1,Buy
485,2024-06-20T00:00:00+05:30,1386.0,1399.0,1371.45,1393.1,1987190,3.9360204965500976,1354.3427972589905,1325.867488620184,28.475308638806382,21.019328676607298,27.549999999999955,17.84999999999991,9.700000000000045,27.549999999999955,37.11785714285712,2198716.25,Buy
486,2024-06-21T00:00:00+05:30,1408.0,1440.3,1386.05,1399.8,6836535,4.098607735568982,1361.3362130652995,1331.343970944615,29.992242120684523,22.813911365422744,54.25,47.200000000000045,7.0499999999999545,54.25,38.764285714285684,2468506.0,Buy
487,2024-06-24T00:00:00+05:30,1390.0,1409.0,1381.0,1401.7,1111433,4.262083195097392,1367.5460264398687,1336.5555286524213,30.99049778744734,24.449228649827663,28.0,9.200000000000045,18.799999999999955,28.0,38.38214285714283,2459662.6,Buy
488,2024-06-25T00:00:00+05:30,1398.8,1432.0,1394.75,1427.75,2201375,4.451216902727374,1376.8081762183504,1343.310674678168,33.497501540182384,26.258883227898608,37.25,30.299999999999955,6.9500000000000455,37.25,36.75357142857141,2520708.85,Buy
489,2024-06-26T00:00:00+05:30,1432.8,1434.8,1410.0,1413.05,1565878,4.644222828378908,1382.3838414155273,1348.4765506279332,33.90729078759409,27.788564739837707,24.799999999999955,7.0499999999999545,17.75,24.799999999999955,35.082142857142834,2518555.55,Buy
490,2024-06-27T00:00:00+05:30,1404.35,1443.8,1392.0,1432.25,4286657,4.704046702933703,1390.0555581208307,1354.6819913221605,35.373566798670254,29.305565151604217,51.799999999999955,30.75,21.049999999999955,51.799999999999955,34.73214285714284,2662610.05,No Signal
491,2024-06-28T00:00:00+05:30,1441.0,1453.0,1426.65,1430.35,2222285,4.531152807951913,1396.2547030253183,1360.2870290020005,35.96767402331784,30.637986925946944,26.34999999999991,20.75,5.599999999999909,26.34999999999991,32.07499999999998,2643200.35,No Signal
492,2024-07-01T00:00:00+05:30,1430.35,1478.5,1424.15,1472.1,3837301,4.222429186243126,1407.9232102521923,1368.5694712981485,39.35373895404382,32.38113733156632,54.34999999999991,48.15000000000009,6.199999999999818,54.34999999999991,32.89642857142855,2602592.95,No Signal
493,2024-07-02T00:00:00+05:30,1480.0,1498.0,1470.0,1472.15,2092643,4.0023625309806405,1417.804254828778,1376.2421030538412,41.562151774936865,34.21734022024043,28.0,25.90000000000009,2.099999999999909,28.0,33.50357142857141,2652660.75,No Signal
494,2024-07-03T00:00:00+05:30,1479.95,1485.0,1461.0,1479.8,896602,3.5633328710594125,1427.342061778197,1383.9130583831864,43.42900339501057,36.05967285519446,24.0,12.849999999999909,11.150000000000091,24.0,32.9642857142857,2573895.3,No Signal
495,2024-07-04T00:00:00+05:30,1482.0,1492.0,1453.3,1459.15,1322999,3.1250945206475236,1432.2355907353974,1389.486165169617,42.749425565780484,37.39762339731166,38.700000000000045,12.200000000000045,26.5,38.700000000000045,33.85357142857141,2504566.0,No Signal
496,2024-07-05T00:00:00+05:30,1467.0,1470.0,1449.95,1461.35,1334838,2.924735600809529,1436.7147306222594,1394.8094121940896,41.90531842816972,38.29916240348328,20.049999999999955,10.849999999999909,9.200000000000045,20.049999999999955,33.02499999999998,2411051.85,No Signal
497,2024-07-08T00:00:00+05:30,1461.35,1478.95,1460.15,1467.6,807698,2.9918262666087165,1441.4663105265272,1400.20130758712,41.26500293940717,38.89233051066806,18.799999999999955,17.600000000000136,1.199999999999818,18.799999999999955,32.84642857142855,2161906.8,No Signal
498,2024-07-09T00:00:00+05:30,1466.0,1469.4,1455.0,1465.75,1049695,2.845636501298735,1445.2022627532153,1405.0567662843705,40.14549646884484,39.14296370230342,14.400000000000091,1.800000000000182,12.599999999999909,14.400000000000091,32.02142857142855,2087776.15,No Signal
499,2024-07-10T00:00:00+05:30,1472.1,1472.8,1441.5,1463.35,802718,2.6792860954790063,1447.9942223296437,1409.3747835966394,38.619438733004245,39.038258708443585,31.299999999999955,7.0499999999999545,24.25,31.299999999999955,32.2892857142857,2054626.8,No Signal
500,2024-07-11T00:00:00+05:30,1476.0,1476.0,1441.25,1460.6,1408434,2.576387005817015,1449.9335727404678,1413.1692440709623,36.7643286695054,38.58347270065595,34.75,12.650000000000091,22.09999999999991,34.75,30.89642857142855,1985748.05,No Signal
501,2024-07-12T00:00:00+05:30,1475.0,1511.8,1461.05,1505.05,4372156,2.641528705469291,1458.413023088088,1419.9752259916318,38.43779709645628,38.55433757981602,50.75,51.200000000000045,0.4500000000000455,51.200000000000045,32.55357142857141,2106687.5,No Signal
502,2024-07-15T00:00:00+05:30,1520.1,1527.5,1492.0,1499.05,2374623,2.6022477680593936,1464.6648656899206,1425.8326166589184,38.83224903100222,38.60991987005326,35.5,22.450000000000045,13.049999999999955,35.5,32.42857142857141,2138750.85,No Signal
503,2024-07-16T00:00:00+05:30,1503.35,1519.0,1489.1,1516.2,1794159,2.538180747622511,1472.5933478914712,1432.5264969064058,40.06685098506546,38.9013060930557,29.90000000000009,19.950000000000045,9.950000000000045,29.90000000000009,32.79285714285714,2180920.8,No Signal
504,2024-07-18T00:00:00+05:30,1507.0,1545.7,1505.0,1539.35,2752497,2.5860912899807995,1482.863602062014,1440.4393489874128,42.42425307460121,39.605895489364805,40.700000000000045,29.5,11.200000000000045,40.700000000000045,32.0,2252885.8,No Signal
505,2024-07-19T00:00:00+05:30,1538.0,1539.95,1486.5,1491.4,2504915,2.505787490922869,1484.1768940524735,1444.2142120253823,39.962682027091205,39.67725279691009,53.450000000000045,0.6000000000001364,52.84999999999991,53.450000000000045,33.9357142857143,2278772.05,Buy
506,2024-07-22T00:00:00+05:30,1479.95,1505.85,1476.1,1495.55,2225781,2.3346694837615796,1485.9266026597852,1448.016862986465,37.909739673320246,39.32375017219212,29.75,14.449999999999818,15.300000000000182,29.75,32.178571428571445,2048234.35,No Signal
507,2024-07-23T00:00:00+05:30,1491.0,1502.7,1460.0,1493.4,1640492,2.1203857716228245,1487.0763560967414,1451.3785768393195,35.69777925742187,38.59855598923807,42.700000000000045,7.150000000000091,35.549999999999955,42.700000000000045,33.22857142857145,2074687.3,Sell
508,2024-07-24T00:00:00+05:30,1493.4,1540.0,1473.4,1533.3,2561617,2.128580790043441,1494.187685928012,1457.4468304067773,36.74085552123461,38.22701589563738,66.59999999999991,46.59999999999991,20.0,66.59999999999991,36.27142857142859,2092699.4,Sell
509,2024-07-25T00:00:00+05:30,1525.0,1547.55,1504.9,1530.0,3283912,2.0199860029265944,1499.6972727083178,1462.8211392655346,36.87613344278316,37.95683940506654,42.649999999999864,14.25,28.399999999999864,42.649999999999864,36.55357142857143,2178601.1,Sell
510,2024-07-26T00:00:00+05:30,1530.0,1544.65,1444.25,1541.15,7133745,2.0124588954132485,1506.0746153685766,1468.6232770977172,37.451338270859424,37.855739178225114,100.40000000000009,14.650000000000091,85.75,100.40000000000009,42.29285714285715,2320955.5,Sell
511,2024-07-29T00:00:00+05:30,1545.65,1554.7,1510.05,1525.35,1755979,1.8868569182523849,1509.0400591580265,1472.8252565719604,36.21480258606607,37.527551859793306,44.65000000000009,13.549999999999955,31.100000000000136,44.65000000000009,44.139285714285734,2297640.2,Sell
512,2024-07-30T00:00:00+05:30,1520.0,1551.95,1520.0,1538.05,1622543,1.9469340676285893,1513.5031269798685,1477.6567190481114,35.846407931757085,37.191323074186066,31.950000000000045,26.600000000000136,5.349999999999909,31.950000000000045,45.39285714285716,2186902.3,Sell
513,2024-07-31T00:00:00+05:30,1538.0,1561.75,1535.0,1554.4,2398955,2.0554888041729464,1519.7949535983503,1483.341406526029,36.45354707232127,37.04376787381311,26.75,23.700000000000045,3.0499999999999545,26.75,45.067857142857164,2202217.9,Sell
514,2024-08-01T00:00:00+05:30,1554.4,1569.0,1537.6,1544.45,1315921,2.1333411033581315,1523.5880376601426,1487.8679690055824,35.72006865456024,36.77902802996254,31.40000000000009,14.599999999999909,16.800000000000182,31.40000000000009,44.82857142857146,2223183.85,Sell
515,2024-08-02T00:00:00+05:30,1525.5,1533.55,1502.3,1507.7,2894949,2.0690097508365755,1521.1437241739668,1489.3370083385023,31.8067158354645,35.784565591062936,31.25,10.900000000000091,42.15000000000009,42.15000000000009,44.182142857142885,2301781.35,Sell
516,2024-08-05T00:00:00+05:30,1470.0,1484.25,1426.75,1456.35,2186582,2.1694036133773653,1511.1754589164334,1486.893526239354,24.28193267707934,33.48403900826622,57.5,23.450000000000045,80.95000000000005,80.95000000000005,47.42857142857146,2344368.55,Sell
517,2024-08-06T00:00:00+05:30,1465.5,1503.0,1465.5,1483.4,1665788,2.073568067333026,1506.9023113908283,1486.6347465179203,20.267564872907997,30.84074418119458,37.5,46.65000000000009,9.150000000000091,46.65000000000009,48.625000000000036,2387273.05,Sell
518,2024-08-07T00:00:00+05:30,1500.8,1515.25,1471.0,1473.65,3002937,2.05242376701112,1501.7865711768547,1485.6729134425188,16.113657734335902,27.895326891822847,44.25,31.84999999999991,12.400000000000091,44.25,48.878571428571455,2484935.15,Sell
519,2024-08-08T00:00:00+05:30,1470.0,1488.15,1462.0,1466.45,2333194,2.0467089139788146,1496.3501756111848,1484.2489939282582,12.101181682926608,24.7364978500436,26.15000000000009,14.5,11.650000000000091,26.15000000000009,46.92857142857146,2561458.95,Sell
520,2024-08-09T00:00:00+05:30,1484.95,1509.25,1480.55,1506.7,1521252,1.8516376921475892,1497.9424562863871,1485.912031415054,12.030424871333253,22.195283254301533,28.700000000000045,42.799999999999955,14.099999999999909,42.799999999999955,47.860714285714316,2567099.85,Sell
521,2024-08-12T00:00:00+05:30,1506.7,1524.5,1489.4,1512.5,1809860,1.843181180545404,1500.1820783961737,1487.8815105694944,12.300567826679298,20.216340168777087,35.09999999999991,17.799999999999955,17.299999999999955,35.09999999999991,47.317857142857164,2438985.05,Sell
522,2024-08-13T00:00:00+05:30,1508.3,1523.65,1495.15,1503.4,580901,1.8492486276408653,1500.677143258301,1489.0310283050874,11.646114953213555,18.502295125664382,28.5,11.150000000000091,17.34999999999991,28.5,44.596428571428596,2349298.95,Sell
523,2024-08-14T00:00:00+05:30,1512.0,1529.45,1505.0,1524.4,2833790,1.8333791664500376,1504.3268135262547,1491.6509521343403,12.675861391914395,17.337008378914387,24.450000000000045,26.049999999999955,1.599999999999909,26.049999999999955,43.41071428571432,2401280.5,Sell
524,2024-08-16T00:00:00+05:30,1558.4,1589.0,1531.3,1585.3,3224481,2.018109047041102,1516.7842268299078,1498.5879186429077,18.196308187000113,17.50886834053153,57.700000000000045,64.59999999999991,6.899999999999864,64.59999999999991,40.85357142857145,2424879.7,No Signal
525,2024-08-19T00:00:00+05:30,1587.85,1602.7,1575.85,1594.65,1640507,2.276696673640911,1528.7635765483835,1505.7036283730627,23.05994817532087,18.6190843074894,26.850000000000136,17.40000000000009,9.450000000000045,26.850000000000136,39.58214285714288,2381659.3,No Signal
526,2024-08-20T00:00:00+05:30,1601.0,1633.65,1595.25,1628.6,2442281,2.663526267668924,1544.1230263101706,1514.8070633083914,29.31596300177921,20.758460046347363,38.40000000000009,39.0,0.599999999999909,39.0,40.0857142857143,2392484.3,No Signal
527,2024-08-21T00:00:00+05:30,1616.0,1628.0,1602.0,1604.65,1935929,2.875170166105214,1553.4348684162983,1521.462095655918,31.972772760380394,23.001322589153972,26.0,0.599999999999909,26.59999999999991,26.59999999999991,40.07500000000001,2407256.15,No Signal
528,2024-08-22T00:00:00+05:30,1605.05,1620.65,1596.0,1611.25,1562554,3.0742034259542432,1562.32950404456,1528.1130515332572,34.216452511302805,25.24434857358374,24.65000000000009,16.0,8.650000000000091,24.65000000000009,39.592857142857156,2357303.0,No Signal
529,2024-08-23T00:00:00+05:30,1613.05,1616.95,1593.05,1598.4,1020913,3.2231514935466046,1567.8788111146278,1533.3194921604234,34.5593189542044,27.107342649707874,23.90000000000009,5.7000000000000455,18.200000000000045,23.90000000000009,38.289285714285725,2244153.05,No Signal
530,2024-08-26T00:00:00+05:30,1610.0,1643.0,1609.0,1640.15,1510157,3.436380406460572,1578.997455558531,1541.232863111503,37.76459244702801,29.238792609171902,34.0,44.59999999999991,10.599999999999909,44.59999999999991,35.69285714285714,1962973.65,No Signal
531,2024-08-27T00:00:00+05:30,1644.0,1645.0,1622.1,1624.6,1083351,3.633690899504374,1586.0132316264494,1547.4082065847251,38.605025041724275,31.112039095682377,22.90000000000009,4.849999999999909,18.050000000000182,22.90000000000009,33.996428571428574,1929342.25,No Signal
532,2024-08-28T00:00:00+05:30,1620.0,1665.0,1616.2,1627.35,3033590,3.783284139705619,1592.3727344531494,1553.3298209117825,39.04291354136694,32.69821398481929,48.799999999999955,40.40000000000009,8.399999999999864,48.799999999999955,34.32142857142857,1999894.6,No Signal
533,2024-08-29T00:00:00+05:30,1620.05,1656.25,1620.05,1647.35,2194339,3.9536200171505373,1600.830775306511,1560.2942786220208,40.5364966844902,34.265870524753474,36.200000000000045,28.90000000000009,7.2999999999999545,36.200000000000045,35.03928571428571,1989663.8,No Signal
534,2024-08-30T00:00:00+05:30,1647.0,1663.75,1631.1,1636.5,1926984,4.118808143096214,1606.3183483362784,1565.9391468722415,40.379201464036896,35.48853671261016,32.65000000000009,16.40000000000009,16.25,32.65000000000009,34.314285714285724,2020216.95,No Signal
535,2024-09-02T00:00:00+05:30,1636.5,1662.0,1635.55,1646.65,1582818,4.171956039717275,1612.5232178230049,1571.917728585409,40.605489237595975,36.51192721760733,26.450000000000045,25.5,0.9500000000000455,26.450000000000045,33.69642857142859,1954610.4,No Signal
536,2024-09-03T00:00:00+05:30,1639.0,1659.25,1632.1,1644.1,1739553,3.9713357133389624,1617.3811843117733,1577.2645635050083,40.11662080676501,37.232865935438866,27.15000000000009,12.599999999999909,14.550000000000182,27.15000000000009,33.60000000000002,1932258.95,No Signal
537,2024-09-04T00:00:00+05:30,1619.75,1650.0,1608.9,1645.3,1643875,3.8254671736212957,1621.6763867253467,1582.3042254676002,39.372161257746484,37.660724999900395,41.09999999999991,5.900000000000091,35.19999999999982,41.09999999999991,34.67500000000002,1931163.3,No Signal
538,2024-09-05T00:00:00+05:30,1653.0,1657.9,1632.9,1639.5,1080904,3.5427658233361004,1624.4184810752934,1586.540949507037,37.877531568256245,37.704086313571565,25.0,12.600000000000136,12.399999999999864,25.0,31.846428571428596,1835061.65,No Signal
539,2024-09-06T00:00:00+05:30,1639.5,1651.2,1613.95,1623.25,1672937,3.074899745065762,1624.2387147560175,1589.2601384324419,34.97857632357568,37.15898431557239,37.25,11.700000000000045,25.549999999999955,37.25,32.58928571428573,1802048.8,No Signal
540,2024-09-09T00:00:00+05:30,1623.2,1631.3,1574.75,1579.2,2965098,2.84961885629707,1617.3096817166302,1588.5149429930018,28.79473872362837,35.486135197183586,56.549999999999955,8.049999999999955,48.5,56.549999999999955,33.842857142857156,1874241.1,No Signal
541,2024-09-10T00:00:00+05:30,1592.0,1613.7,1578.5,1607.4,2541973,2.4436353940685995,1615.785115298687,1589.9138361046314,25.87127919405566,33.563163996558,35.200000000000045,34.5,0.7000000000000455,35.200000000000045,34.45714285714288,1910846.75,No Signal
542,2024-09-11T00:00:00+05:30,1612.0,1627.0,1598.1,1602.6,1395340,1.8879859921479214,1613.756636021966,1590.8535519487327,22.90308407323323,31.43114801189305,28.90000000000009,19.59999999999991,9.300000000000182,28.90000000000009,34.76071428571431,1951568.7,No Signal
543,2024-09-12T00:00:00+05:30,1619.9,1649.6,1606.0,1643.25,2356422,1.3350490511956217,1618.2940766339711,1594.7347703229007,23.559306311070486,29.85677967172854,43.59999999999991,47.0,3.400000000000091,47.0,36.4107142857143,1927700.3,Sell
544,2024-09-13T00:00:00+05:30,1649.9,1659.9,1638.0,1656.05,1373924,1.2978473662538281,1624.1026802287447,1599.276639187871,24.826041040873633,28.85063194555756,21.90000000000009,16.65000000000009,5.25,21.90000000000009,34.78928571428575,1835172.45,No Signal
545,2024-09-16T00:00:00+05:30,1651.1,1670.0,1646.5,1649.0,1060407,1.2659431637046148,1627.9330371166302,1602.9598510998806,24.97318601674965,28.07514275979598,23.5,13.950000000000045,9.549999999999955,23.5,34.83214285714288,1806167.45,No Signal
546,2024-09-17T00:00:00+05:30,1649.0,1672.0,1641.1,1651.55,1499644,1.304484109197093,1631.566416021764,1606.5591213887783,25.007294632985804,27.461573134433948,30.90000000000009,23.0,7.900000000000091,30.90000000000009,33.55357142857146,1759035.6,No Signal
547,2024-09-18T00:00:00+05:30,1648.15,1648.15,1589.0,1605.4,2930297,1.3392534568770755,1627.5408135568773,1606.4732605451652,21.067553011712107,26.18276910988958,59.15000000000009,3.3999999999998636,62.549999999999955,62.549999999999955,35.43571428571431,1808754.0,Sell
548,2024-09-19T00:00:00+05:30,1620.0,1635.35,1587.05,1595.35,3032379,1.4079345868996849,1622.5883807019732,1605.6493153195975,16.939065382375702,24.334028364386807,48.299999999999955,29.949999999999818,18.350000000000136,48.299999999999955,36.553571428571445,1882245.25,Sell
549,2024-09-20T00:00:00+05:30,1608.0,1629.3,1582.4,1622.05,3984683,1.3199932322361334,1622.5055529016695,1606.8641808514792,15.641372050190284,22.595497101547505,46.899999999999864,33.950000000000045,12.949999999999818,46.899999999999864,38.01428571428572,2030433.75,Sell
550,2024-09-23T00:00:00+05:30,1624.95,1631.0,1594.5,1607.15,1535902,1.3565148015556987,1620.1431601475665,1606.8853526402586,13.257807507307916,20.72795918269959,36.5,8.950000000000045,27.549999999999955,36.5,38.68214285714286,2031721.0,Sell
551,2024-09-24T00:00:00+05:30,1601.55,1643.5,1598.1,1637.1,1781972,1.3369548853534325,1622.7519047402486,1609.123474666906,13.628430073342543,19.308053360828183,45.40000000000009,36.34999999999991,9.050000000000182,45.40000000000009,38.98928571428572,2066652.05,Sell
552,2024-09-25T00:00:00+05:30,1637.1,1643.1,1590.05,1602.75,2505756,1.4114896948863327,1619.6746886263643,1608.6513654323205,11.023323194043769,17.6511073274713,53.049999999999955,6.0,47.049999999999955,53.049999999999955,40.99285714285715,2040260.35,Sell
553,2024-09-26T00:00:00+05:30,1610.0,1619.85,1596.0,1606.95,2173853,1.4014400213380562,1617.7170442223082,1608.5253383632598,9.191705859048398,15.959227033786721,23.84999999999991,17.09999999999991,6.75,23.84999999999991,40.035714285714285,2039236.05,Sell
554,2024-09-27T00:00:00+05:30,1625.0,1664.8,1604.55,1609.25,3539822,1.4053557033006057,1616.4144220342607,1608.5790170030184,7.835405031242317,14.334462633277841,60.25,57.84999999999991,2.400000000000091,60.25,40.300000000000004,2119877.95,Sell
555,2024-09-30T00:00:00+05:30,1606.0,1606.0,1567.85,1577.2,3460691,1.5332678435313372,1610.3814340289898,1606.2546453731652,4.126788655824612,12.292927837787197,38.15000000000009,3.25,41.40000000000009,41.40000000000009,40.74285714285715,2213771.6,Sell
556,2024-10-01T00:00:00+05:30,1580.0,1642.9,1580.0,1625.4,5176596,1.4497609179067867,1612.6919826399144,1607.672819789968,5.019162849946497,10.838174840219057,62.90000000000009,65.70000000000005,2.7999999999999545,65.70000000000005,43.371428571428574,2385623.75,Sell
557,2024-10-03T00:00:00+05:30,1615.0,1631.15,1596.15,1604.05,2332279,1.4317002613881662,1611.3624468491582,1607.4044627684889,3.9579840806693483,9.462136688309116,35.0,5.75,29.25,35.0,42.51428571428572,2420043.95,Sell
558,2024-10-04T00:00:00+05:30,1591.0,1648.4,1591.0,1616.45,2927576,1.383199506715312,1612.1451473339032,1608.0745025634155,4.070644770487661,8.383838304744826,57.40000000000009,44.350000000000136,13.049999999999955,57.40000000000009,45.050000000000004,2512377.55,Sell
559,2024-10-07T00:00:00+05:30,1624.95,1632.05,1600.2,1618.55,1619326,1.3780188447430284,1613.1305092825335,1608.8504653364957,4.280043946037722,7.563079433003406,31.84999999999991,15.599999999999909,16.25,31.84999999999991,45.646428571428565,2509697.0,Sell
560,2024-10-08T00:00:00+05:30,1625.0,1635.0,1603.6,1629.1,1311331,1.272189249467874,1615.5873540082976,1610.3504308671256,5.236923141171928,7.097848174637111,31.40000000000009,16.450000000000045,14.950000000000045,31.40000000000009,45.68214285714286,2427008.65,Sell
561,2024-10-09T00:00:00+05:30,1639.0,1669.8,1632.05,1658.8,2177241,1.351364214794898,1622.2354533916364,1613.939287839931,8.296165551705371,7.337511650050764,37.75,40.700000000000045,2.9500000000000455,40.700000000000045,44.121428571428574,2408772.05,Buy
562,2024-10-10T00:00:00+05:30,1673.0,1675.95,1611.35,1619.7,1518162,1.3585243053464842,1621.845383639077,1614.3660072591954,7.479376379881614,7.365884596016934,64.60000000000014,17.15000000000009,47.450000000000045,64.60000000000014,45.2857142857143,2414913.15,Buy
563,2024-10-11T00:00:00+05:30,1603.0,1650.0,1603.0,1647.05,1019027,1.3487622247595434,1625.7230169253728,1616.7870437585143,8.935973166858503,7.679902310185248,47.0,30.299999999999955,16.700000000000045,47.0,45.292857142857166,2348043.4,Buy
564,2024-10-14T00:00:00+05:30,1648.0,1697.0,1648.0,1692.5,2070051,1.5528945559341847,1635.996398936854,1622.3954108875132,13.600988049340685,8.864119458016336,49.0,49.950000000000045,0.9500000000000455,49.950000000000045,46.253571428571455,2382849.75,Buy
565,2024-10-15T00:00:00+05:30,1700.0,1703.45,1663.5,1675.35,2503380,1.6834902219840013,1642.050799100415,1626.3179730439938,15.732826056421118,10.237860777697293,39.950000000000045,10.950000000000045,29.0,39.950000000000045,45.86428571428574,2454998.4,Buy
566,2024-10-16T00:00:00+05:30,1670.0,1677.45,1652.8,1660.3,1070524,1.7286025672337626,1644.8583684695818,1628.8351602259202,16.023208243661657,11.394930270890166,24.65000000000009,2.1000000000001364,22.549999999999955,24.65000000000009,43.835714285714324,2433542.4,Buy
567,2024-10-17T00:00:00+05:30,1660.7,1709.9,1656.0,1699.0,3771316,1.919423583189402,1653.1878502434922,1634.032555764741,19.15529447875133,12.947003112462399,53.90000000000009,49.600000000000136,4.2999999999999545,53.90000000000009,45.982142857142904,2475593.35,Buy
568,2024-10-18T00:00:00+05:30,1695.0,1702.4,1645.6,1687.9,3119646,2.0110379556907003,1658.5281809752628,1638.0227368192045,20.505444156058275,14.458691321181576,56.80000000000018,3.400000000000091,53.40000000000009,56.80000000000018,45.735714285714344,2479956.7,Buy
569,2024-10-21T00:00:00+05:30,1745.0,1761.85,1690.05,1701.2,5898020,2.1669570942155056,1665.0930762098378,1642.702534091856,22.390542117981795,16.04506148054162,71.79999999999995,73.94999999999982,2.1499999999998636,73.94999999999982,48.060714285714326,2575623.55,Buy
570,2024-10-22T00:00:00+05:30,1703.4,1726.95,1691.45,1696.55,2484594,2.252883333973125,1669.932602946786,1646.691235270237,23.24136767654886,17.48432271974307,35.5,25.75,9.75,35.5,45.90357142857147,2623058.15,Buy
571,2024-10-23T00:00:00+05:30,1696.55,1749.0,1685.6,1735.95,4198781,2.5012682225161105,1680.0891255703573,1653.3029956205899,26.786129949767428,19.344684165747942,63.40000000000009,52.450000000000045,10.950000000000045,63.40000000000009,47.9321428571429,2743898.6,Buy
572,2024-10-24T00:00:00+05:30,1735.05,1748.0,1728.05,1735.75,1570443,2.6610955093458144,1688.6523370210716,1659.4101811301757,29.2421558908959,21.324178510777536,19.950000000000045,12.049999999999955,7.900000000000091,19.950000000000045,45.2571428571429,2697132.95,Buy
573,2024-10-25T00:00:00+05:30,1735.75,1742.4,1710.35,1716.45,1743714,2.7207472548815366,1692.9289005562914,1663.6353528983109,29.293547657980525,22.918052340218136,32.05000000000018,6.650000000000091,25.40000000000009,32.05000000000018,45.271428571428636,2675626.0,Buy
574,2024-10-28T00:00:00+05:30,1710.0,1727.95,1693.2,1702.55,1271473,2.7009031570707296,1694.4090697014774,1666.517919350288,27.89115035118948,23.912671942412405,34.75,11.5,23.25,34.75,45.51071428571434,2562208.55,Buy
575,2024-10-29T00:00:00+05:30,1709.0,1724.1,1680.35,1698.5,1499121,2.448323810461112,1695.0384435935578,1668.8869623613778,26.151481232180004,24.360433800365925,43.75,21.549999999999955,22.200000000000045,43.75,45.72857142857148,2464130.05,Buy
576,2024-10-30T00:00:00+05:30,1704.1,1712.15,1682.25,1684.95,1305424,2.389057944843778,1693.486375348395,1670.0768170012757,23.4095583471194,24.17025870971662,29.90000000000009,13.650000000000091,16.25,29.90000000000009,43.25000000000005,2270571.45,No Signal
577,2024-10-31T00:00:00+05:30,1666.6,1669.8,1595.55,1608.65,3638913,2.4768958957593625,1680.4346252947958,1665.5266824085886,14.907942886207138,22.317795545014725,74.25,15.150000000000091,89.40000000000009,89.40000000000009,46.27857142857148,2335903.15,Sell
578,2024-11-01T00:00:00+05:30,1619.0,1619.0,1598.8,1603.65,249236,2.5510932495083876,1668.6216060186734,1660.9432244523969,7.678381566276585,19.389912749267097,20.200000000000045,10.349999999999909,9.850000000000136,20.200000000000045,44.15357142857148,2201986.15,No Signal
579,2024-11-04T00:00:00+05:30,1614.0,1640.25,1608.05,1638.4,2746587,2.4247988172715775,1663.9721281696468,1659.2733559744415,4.698772195205265,16.451684638454733,32.200000000000045,36.59999999999991,4.399999999999864,36.59999999999991,43.91428571428576,2258349.2,No Signal
580,2024-11-05T00:00:00+05:30,1638.3,1654.0,1623.8,1632.65,1376651,2.4206803486152504,1659.1533392204703,1657.3012555318903,1.8520836885800236,13.531764448479791,30.200000000000045,15.599999999999909,14.600000000000136,30.200000000000045,44.310714285714326,2261615.2,No Signal
581,2024-11-06T00:00:00+05:30,1649.95,1697.75,1635.0,1693.55,3164061,2.3350362063753614,1664.4451331865519,1659.9863477147132,4.45878547183861,11.717168653151555,62.75,65.09999999999991,2.349999999999909,65.09999999999991,45.110714285714316,2310956.2,No Signal
582,2024-11-07T00:00:00+05:30,1695.0,1715.5,1644.35,1651.0,1285140,2.286885762114801,1662.3766511578515,1659.320692328438,3.0559588294133846,9.984926688403922,71.15000000000009,21.950000000000045,49.200000000000045,71.15000000000009,46.13571428571431,2299305.1,Sell
583,2024-11-08T00:00:00+05:30,1660.0,1686.45,1650.05,1681.35,1883257,2.203253513184929,1665.2956279027974,1660.9524928967019,4.343135006095508,8.85656835194224,36.40000000000009,35.450000000000045,0.9500000000000455,36.40000000000009,43.45357142857147,2342516.6,No Signal
584,2024-11-11T00:00:00+05:30,1672.8,1715.45,1666.05,1704.15,1587351,2.1914047332893585,1671.2732236100594,1664.1523082376868,7.120915372372565,8.509437756028305,49.40000000000009,34.100000000000136,15.299999999999955,49.40000000000009,44.44642857142862,2318381.6,No Signal
585,2024-11-12T00:00:00+05:30,1710.0,1710.5,1684.0,1687.0,1414446,2.2141605593513236,1673.6927276700503,1665.8447298497101,7.847997820340197,8.377149768890684,26.5,6.349999999999909,20.15000000000009,26.5,41.810714285714326,2263934.9,No Signal
586,2024-11-13T00:00:00+05:30,1680.0,1689.0,1663.65,1675.6,1063556,2.2119073314519544,1673.9861541823502,1666.5673424534352,7.418811728914989,8.185482160895544,25.34999999999991,2.0,23.34999999999991,25.34999999999991,42.196428571428605,2263586.5,No Signal
587,2024-11-14T00:00:00+05:30,1663.0,1692.0,1663.0,1687.5,1919974,2.184862428338807,1676.0652073850656,1668.1179096791068,7.9472977059588175,8.1378452699082,29.0,16.40000000000009,12.599999999999909,29.0,41.97857142857145,2171019.4,No Signal
588,2024-11-18T00:00:00+05:30,1684.75,1688.0,1633.25,1660.8,1617013,2.2342380715730004,1673.7167139412093,1667.5758422954693,6.140871645739935,7.738450545074547,54.75,0.5,54.25,54.75,43.40714285714288,2095887.75,No Signal
589,2024-11-19T00:00:00+05:30,1664.9,1724.4,1664.1,1699.65,1982317,2.1804954137377845,1677.7064502579462,1669.9517058291383,7.754744428807953,7.7417093218212285,60.30000000000018,63.600000000000136,3.2999999999999545,63.600000000000136,44.82500000000003,1900102.6,Buy
590,2024-11-21T00:00:00+05:30,1712.0,1725.0,1684.8,1702.25,2212146,2.186430068966322,1681.482380987493,1672.344172064017,9.138208923475986,8.02100924215218,40.200000000000045,25.34999999999991,14.850000000000136,40.200000000000045,45.56071428571431,1886480.2,Buy
591,2024-11-22T00:00:00+05:30,1714.75,1749.85,1702.25,1747.45,2344087,2.186265301191235,1691.6312454509555,1677.9075667259417,13.72367872501377,9.161543138724499,47.59999999999991,47.59999999999991,0.0,47.59999999999991,42.57500000000001,1793745.5,No Signal
592,2024-11-25T00:00:00+05:30,1760.0,1767.8,1727.85,1732.6,3913302,2.191522034536295,1697.934130766193,1681.9588580795757,15.975272686617245,10.524289048303048,39.950000000000045,20.34999999999991,19.600000000000136,39.950000000000045,43.9857142857143,1910888.45,No Signal
593,2024-11-26T00:00:00+05:30,1732.6,1762.0,1731.05,1745.4,1291712,2.2870071184237877,1705.2365721867786,1686.6582019255331,18.57837026124548,12.135105290891536,30.950000000000045,29.40000000000009,1.5499999999999545,30.950000000000045,43.58214285714288,1888288.35,No Signal
594,2024-11-27T00:00:00+05:30,1741.0,1767.0,1735.55,1756.8,2088228,2.453962052890765,1713.1694072349665,1691.85389067179,21.315516563176516,13.971187545348533,31.450000000000045,21.59999999999991,9.850000000000136,31.450000000000045,43.67142857142859,1929126.1,No Signal
595,2024-11-28T00:00:00+05:30,1757.0,1760.0,1706.8,1713.35,1787990,2.5382738138485785,1713.1971907372792,1693.4461950664722,19.750995670807015,15.12714917044023,53.200000000000045,3.2000000000000455,50.0,53.200000000000045,42.821428571428605,1943569.55,No Signal
596,2024-11-29T00:00:00+05:30,1708.0,1730.0,1700.5,1712.3,1556942,2.564078030475068,1713.0591613930824,1694.8427732096966,18.21638818338579,15.744996973029343,29.5,16.65000000000009,12.849999999999909,29.5,39.846428571428596,1956145.45,No Signal
597,2024-12-02T00:00:00+05:30,1710.0,1748.0,1705.9,1745.95,1370756,2.3905796017747445,1718.1192904095312,1698.628493712682,19.490796696849202,16.494156917793315,42.09999999999991,35.700000000000045,6.399999999999864,42.09999999999991,40.25357142857144,1842737.6,No Signal
598,2024-12-03T00:00:00+05:30,1760.0,1761.0,1737.6,1749.5,1824151,2.1578560590821767,1722.947091884988,1702.3967534376686,20.55033844731929,17.305393223698513,23.40000000000009,15.049999999999955,8.350000000000136,23.40000000000009,38.39642857142859,1921483.35,No Signal
599,2024-12-04T00:00:00+05:30,1742.1,1774.6,1740.6,1759.6,1811165,2.097962322026594,1728.586000825759,1706.6340309608042,21.951969864954663,18.234708551949744,34.0,25.09999999999991,8.900000000000091,34.0,38.93214285714287,1874712.25,No Signal
600,2024-12-05T00:00:00+05:30,1759.6,1793.95,1755.1,1786.95,2762694,2.0537520752951566,1737.565077621796,1712.5833620007447,24.981715621051308,19.584109965770057,38.850000000000136,34.350000000000136,4.5,38.850000000000136,39.8964285714286,1944014.4,No Signal
601,2024-12-06T00:00:00+05:30,1797.0,1797.0,1775.6,1782.8,1180840,2.206203455021708,1744.524296449212,1717.784594445134,26.739702004078026,21.015228373431654,21.40000000000009,10.049999999999955,11.350000000000136,21.40000000000009,39.35357142857146,1844853.35,No Signal
602,2024-12-09T00:00:00+05:30,1779.1,1800.75,1771.2,1777.85,1069659,2.13612018434732,1749.6513277647177,1722.2338837454945,27.41744401922324,22.295671502589972,29.549999999999955,17.950000000000045,11.599999999999909,29.549999999999955,37.55357142857146,1834079.3,No Signal
603,2024-12-10T00:00:00+05:30,1766.2,1777.0,1753.3,1763.55,1625591,2.1205854453539135,1751.7895850316843,1725.2943368013837,26.495248230300604,23.1355868481321,23.700000000000045,0.849999999999909,24.549999999999955,24.549999999999955,34.764285714285734,1821196.0,No Signal
604,2024-12-10T00:00:00+05:30,1766.2,1777.0,1753.3,1763.55,1625591,2.133875759558436,1753.5988796421943,1728.1280896309108,25.470790011283498,23.60262748076238,23.700000000000045,13.450000000000045,10.25,23.700000000000045,33.5857142857143,1823108.0,No Signal
605,2024-12-11T00:00:00+05:30,1765.0,1769.75,1750.05,1762.8,1285654,2.0767578124078296,1755.0144366203183,1730.6963792878803,24.318057332438002,23.745713451097505,19.700000000000045,6.2000000000000455,13.5,19.700000000000045,31.592857142857174,1816668.4,No Signal
606,2024-12-12T00:00:00+05:30,1768.05,1807.7,1761.05,1789.6,3018243,1.9846475509601187,1760.3352925248846,1735.059610451741,25.27568207314357,24.05170717550672,46.65000000000009,44.90000000000009,1.75,46.65000000000009,32.071428571428605,1914402.75,No Signal
607,2024-12-13T00:00:00+05:30,1781.0,1804.6,1761.0,1796.4,1503188,1.9519563871647896,1765.8837090595177,1739.6033430108714,26.28036604864633,24.497438950134644,43.59999999999991,15.0,28.59999999999991,43.59999999999991,32.97500000000002,1893563.45,No Signal
608,2024-12-16T00:00:00+05:30,1793.5,1793.5,1766.0,1775.55,1075193,1.6334880861604923,1767.3708307426689,1742.2660583433994,25.10477239926945,24.618905639961607,27.5,2.900000000000091,30.40000000000009,30.40000000000009,32.90000000000003,1866472.45,No Signal
609,2024-12-17T00:00:00+05:30,1777.45,1789.15,1761.0,1770.75,1160899,1.4868833221960687,1767.8907029361044,1744.375979947592,23.514722988512403,24.398069109671766,28.15000000000009,13.600000000000136,14.549999999999955,28.15000000000009,31.110714285714316,1825401.55,No Signal
610,2024-12-18T00:00:00+05:30,1762.05,1787.95,1760.55,1778.9,1337600,1.3150444688096223,1769.5844409459346,1746.933314766289,22.651126179645644,24.048680523666544,27.40000000000009,17.200000000000045,10.200000000000045,27.40000000000009,30.96071428571432,1781674.25,No Signal
611,2024-12-19T00:00:00+05:30,1739.95,1768.9,1735.0,1754.35,2402819,1.3246976667012875,1767.2406808004062,1747.482698857675,19.75798194273125,23.190540807479486,33.90000000000009,10.0,43.90000000000009,43.90000000000009,31.08928571428576,1784610.85,No Signal
612,2024-12-20T00:00:00+05:30,1770.0,1770.85,1680.1,1686.05,2921154,1.6641139231096966,1754.749806831113,1742.932128571921,11.81767825919178,20.915968297821944,90.75,16.5,74.25,90.75,35.90000000000004,1735003.45,No Signal
613,2024-12-23T00:00:00+05:30,1690.9,1725.0,1685.85,1712.4,1301223,1.739759945503869,1748.2344519340186,1740.6704894184454,7.5639625155731665,18.245567141372188,39.15000000000009,38.950000000000045,0.20000000000004547,39.15000000000009,36.26785714285719,1735479.0,Sell
614,2024-12-24T00:00:00+05:30,1717.6,1725.35,1695.7,1704.9,711026,1.8760650533900687,1741.5676131749387,1738.0208235355976,3.546789639341114,15.305811640965974,29.649999999999864,12.949999999999818,16.700000000000045,29.649999999999864,35.610714285714316,1666618.9,No Signal
615,2024-12-26T00:00:00+05:30,1707.1,1714.65,1690.65,1698.7,659638,1.9497912194667961,1734.9725957634098,1735.1081699403683,-0.13557417695847107,12.217534477381086,24.0,9.75,14.25,24.0,35.79642857142859,1610201.3,Sell
616,2024-12-27T00:00:00+05:30,1704.95,1716.5,1698.7,1711.65,647945,1.9375500924429883,1731.3845041075006,1733.370527722563,-1.9860236150625497,9.376822858892359,17.799999999999955,17.799999999999955,0.0,17.799999999999955,34.95714285714288,1564751.45,No Signal
617,2024-12-30T00:00:00+05:30,1715.0,1773.6,1693.8,1740.85,6781500,1.909723385124422,1732.8407342448081,1733.924562706077,-1.0838284612689222,7.284692594860103,79.79999999999995,61.94999999999982,17.850000000000136,79.79999999999995,38.90357142857145,1835288.65,Sell
618,2024-12-31T00:00:00+05:30,1729.0,1729.0,1682.45,1706.2,1459630,2.044197705899441,1728.7421597456068,1731.8708913945159,-3.1287316489090244,5.202007746106278,46.549999999999955,11.849999999999909,58.399999999999864,58.399999999999864,41.38214285714287,1817062.6,Sell
619,2025-01-01T00:00:00+05:30,1700.6,1717.6,1691.25,1703.85,721479,2.1342849749383985,1724.9125967078212,1729.795269809737,-4.8826731019157705,3.1850715765018687,26.34999999999991,11.399999999999864,14.950000000000045,26.34999999999991,41.857142857142854,1762578.3,Sell
620,2025-01-02T00:00:00+05:30,1709.0,1735.7,1696.0,1726.95,1238954,2.054488860873361,1725.2260433681565,1729.5845090830899,-4.358465714933345,1.676364118214826,39.700000000000045,31.850000000000136,7.849999999999909,39.700000000000045,41.36071428571428,1686391.3,Sell
621,2025-01-03T00:00:00+05:30,1712.2,1729.85,1681.35,1689.45,2448088,2.156095684665207,1719.7220366961324,1726.6115824843425,-6.889545788210171,-0.036817863070173575,48.5,2.8999999999998636,45.600000000000136,48.5,41.71071428571429,1749753.7,Sell
622,2025-01-06T00:00:00+05:30,1704.75,1711.3,1675.0,1686.3,945693,2.209382977109328,1714.5801848967274,1723.6255393373542,-9.045354440626852,-1.8385251785815093,36.299999999999955,21.84999999999991,14.450000000000045,36.299999999999955,42.13214285714285,1743555.4,Sell
623,2025-01-07T00:00:00+05:30,1693.0,1705.0,1661.5,1671.15,1305847,2.3546004731081336,1707.8986179895385,1719.738462349402,-11.839844359863491,-3.838789014837906,43.5,18.700000000000045,24.799999999999955,43.5,43.22857142857141,1727568.2,Sell
624,2025-01-08T00:00:00+05:30,1667.95,1669.95,1634.0,1663.75,673344,2.4853537555627825,1701.1065229142248,1715.5911688420388,-14.484645927813972,-5.967960397433119,35.950000000000045,1.2000000000000455,37.15000000000009,37.15000000000009,43.92499999999999,1679955.85,Sell
625,2025-01-09T00:00:00+05:30,1663.7,1669.5,1638.2,1642.8,774065,2.702901212969815,1692.1362886197287,1710.199230409295,-18.062941789566366,-8.38695667585977,31.299999999999955,5.75,25.549999999999955,31.299999999999955,43.02499999999998,1654376.4,Sell
626,2025-01-10T00:00:00+05:30,1653.1,1714.0,1636.3,1705.6,2208899,2.427116524141075,1694.2076288320782,1709.8585466752731,-15.650917843194975,-9.839748909326811,77.70000000000005,71.20000000000005,6.5,77.70000000000005,42.09285714285712,1613909.2,Sell
627,2025-01-13T00:00:00+05:30,1698.05,1701.0,1649.9,1659.65,1401093,2.33058573848953,1688.89107055022,1706.1393950696975,-17.248324519477364,-11.321464031356923,51.09999999999991,4.599999999999909,55.69999999999982,55.69999999999982,43.27499999999996,1608804.45,Sell
628,2025-01-14T00:00:00+05:30,1669.9,1670.45,1621.3,1647.5,2480288,2.291726107716548,1682.523213542494,1701.7957361756457,-19.272522633151766,-12.911675751715892,49.15000000000009,10.799999999999955,38.350000000000136,49.15000000000009,44.66785714285712,1679059.2,Sell
629,2025-01-14T00:00:00+05:30,1669.9,1670.45,1621.3,1647.5,2480288,2.194572345392723,1677.1350268436488,1697.7738297922647,-20.638802948615876,-14.457101191095889,49.15000000000009,22.950000000000045,26.200000000000045,49.15000000000009,46.4642857142857,1745028.65,Sell
630,2025-01-15T00:00:00+05:30,1658.0,1679.0,1650.15,1675.95,1079742,1.8379292019829203,1676.952715021549,1696.1572498076525,-19.204534786103522,-15.406587910097416,28.84999999999991,31.5,2.650000000000091,31.5,47.44285714285713,1732135.75,Sell
631,2025-01-16T00:00:00+05:30,1695.0,1722.85,1670.95,1687.65,2334315,1.603070299724126,1678.5984511720799,1695.5270831552339,-16.92863198315399,-15.710996724708732,51.899999999999864,46.899999999999864,5.0,51.899999999999864,45.44999999999998,1728710.55,Sell
632,2025-01-17T00:00:00+05:30,1684.75,1699.9,1650.4,1660.3,2502285,1.6730184137383801,1675.7833048379136,1692.9176695881795,-17.13436475026583,-15.995670329820152,49.5,12.25,37.25,49.5,44.8142857142857,1707767.1,Sell
633,2025-01-20T00:00:00+05:30,1663.0,1687.15,1625.0,1674.6,4856268,1.6272538659954823,1675.601257939773,1691.5608051742402,-15.959547234467209,-15.988445710749565,62.15000000000009,26.850000000000136,35.299999999999955,62.15000000000009,47.371428571428574,1885519.35,Buy
634,2025-01-21T00:00:00+05:30,1674.6,1703.55,1636.1,1640.5,2500061,1.7421614874597628,1670.2010644105771,1687.7785233094817,-17.577458898904524,-16.306248348380556,67.45000000000005,28.950000000000045,38.5,67.45000000000005,49.353571428571435,1974971.1,Sell
635,2025-01-22T00:00:00+05:30,1642.7,1688.75,1635.25,1683.95,2478559,1.681573666030718,1672.3162852704884,1687.4949289902609,-15.17864371977248,-16.080727422658942,53.5,48.25,5.25,53.5,49.71071428571429,2065917.15,Buy
636,2025-01-23T00:00:00+05:30,1671.0,1729.5,1671.0,1713.4,2255334,1.6585780683391387,1678.6368567673364,1689.4138231391305,-10.77696637179406,-15.019975212485967,58.5,45.549999999999955,12.950000000000045,58.5,51.29642857142858,2146286.6,Buy
637,2025-01-24T00:00:00+05:30,1719.0,1736.4,1705.35,1723.05,1257165,1.5486419421893947,1685.4696480339,1691.9053917954911,-6.435743761591084,-13.30312892230699,31.050000000000182,23.0,8.050000000000182,31.050000000000182,50.40714285714288,1870069.85,Buy
638,2025-01-27T00:00:00+05:30,1710.0,1713.9,1645.0,1653.9,1174799,1.6080650674706167,1680.6127791056078,1689.0901775884176,-8.477398482809804,-12.337982834407555,68.90000000000009,9.149999999999864,78.04999999999995,78.04999999999995,53.328571428571436,1855828.3,Buy
639,2025-01-28T00:00:00+05:30,1655.95,1664.65,1638.0,1648.35,1820874,1.6161591051581201,1675.649274627822,1686.0723866559422,-10.423112028120158,-11.955008673150076,26.65000000000009,10.75,15.900000000000091,26.65000000000009,52.99642857142859,1910798.05,Buy
640,2025-01-29T00:00:00+05:30,1663.95,1685.0,1654.05,1681.15,1146508,1.4134841507608127,1676.4955400696956,1685.7077654221687,-9.21222535247307,-11.406452009014675,30.950000000000045,36.65000000000009,5.7000000000000455,36.65000000000009,50.06428571428574,1906175.75,Buy
641,2025-01-30T00:00:00+05:30,1685.0,1704.9,1657.0,1670.1,868832,1.4036303037307252,1675.5116108282039,1684.551634650156,-9.040023821952218,-10.933166371602184,47.90000000000009,23.75,24.15000000000009,47.90000000000009,49.5071428571429,1827212.95,Buy
642,2025-01-31T00:00:00+05:30,1675.0,1695.0,1665.25,1674.45,1065425,1.3859089124628674,1675.3482860854033,1683.8033654168112,-8.455079331407887,-10.437548963563325,29.75,24.90000000000009,4.849999999999909,29.75,48.12142857142861,1833199.55,Buy
643,2025-02-01T00:00:00+05:30,1674.5,1685.9,1636.7,1646.4,410470,1.4494298640065728,1670.8947036107259,1681.0327457563067,-10.138042145580812,-10.377647599966823,49.200000000000045,11.450000000000045,37.75,49.200000000000045,48.125000000000036,1788430.7,Buy
644,2025-02-03T00:00:00+05:30,1630.0,1664.05,1605.15,1654.7,1415698,1.4548613388934686,1668.4032107475373,1679.0821719965802,-10.678961249042914,-10.43791032978204,58.899999999999864,17.649999999999864,41.25,58.899999999999864,50.08214285714288,1825548.4,Sell
645,2025-02-04T00:00:00+05:30,1662.75,1676.95,1645.05,1659.05,1467006,1.4096489821577152,1666.964255247916,1677.5983074042408,-10.634052156324742,-10.47713869509058,31.90000000000009,22.25,9.650000000000091,31.90000000000009,48.65357142857147,1860195.45,Sell
646,2025-02-05T00:00:00+05:30,1662.85,1671.0,1644.4,1661.0,1449280,1.320510270472244,1666.0466775174675,1676.3688031520749,-10.322125634607346,-10.446136082993934,26.59999999999991,11.950000000000045,14.649999999999864,26.59999999999991,47.017857142857174,1822214.5,No Signal
647,2025-02-06T00:00:00+05:30,1670.0,1684.7,1650.0,1669.6,1288106,1.3082899273947646,1666.5933425147803,1675.8674103259953,-9.27406781121499,-10.211722428638145,34.700000000000045,23.700000000000045,11.0,34.700000000000045,45.057142857142885,1816565.15,No Signal
648,2025-02-07T00:00:00+05:30,1675.0,1695.6,1657.9,1692.1,1582031,1.2910839976022608,1670.5174436663526,1677.0698243759216,-6.552380709568979,-9.479854084824312,37.69999999999982,26.0,11.699999999999818,37.69999999999982,42.93214285714287,1771652.3,No Signal
649,2025-02-10T00:00:00+05:30,1683.0,1703.75,1673.2,1699.05,1235699,1.2938273510821623,1674.907067717683,1678.6979855332606,-3.7909178155775862,-8.342066830974968,30.549999999999955,11.650000000000091,18.899999999999864,30.549999999999955,41.29285714285715,1709422.85,No Signal
650,2025-02-11T00:00:00+05:30,1706.0,1709.0,1663.2,1669.1,1800036,1.3177962270889405,1674.0136726841934,1677.987023641908,-3.973350957714729,-7.46832365632292,45.799999999999955,9.950000000000045,35.84999999999991,45.799999999999955,40.38571428571429,1745437.55,No Signal
651,2025-02-12T00:00:00+05:30,1680.0,1690.0,1668.8,1680.2,1889477,1.2973763853481317,1674.9654153481636,1678.1509478165815,-3.1855324684179323,-6.611765418741923,21.200000000000045,20.90000000000009,0.2999999999999545,21.200000000000045,39.68214285714286,1723195.65,No Signal
652,2025-02-13T00:00:00+05:30,1675.0,1689.45,1640.55,1675.3,1555491,1.2896134368942302,1675.0168899099845,1677.9397664968346,-2.9228765868501796,-5.873987652363574,48.90000000000009,9.25,39.65000000000009,48.90000000000009,37.60000000000001,1675855.95,No Signal
653,2025-02-14T00:00:00+05:30,1685.0,1694.0,1652.05,1659.1,961944,1.3163756931728758,1672.5681376161406,1676.5442282378099,-3.9760906216693,-5.49440824622472,41.950000000000045,18.700000000000045,23.25,41.950000000000045,38.69285714285714,1481139.75,No Signal
654,2025-02-17T00:00:00+05:30,1655.9,1667.95,1631.0,1664.95,1114005,1.2366688303598046,1671.3961164444268,1675.6853965164905,-4.289280072063775,-5.253382611392531,36.950000000000045,8.850000000000136,28.09999999999991,36.950000000000045,38.714285714285715,1411836.95,No Signal
655,2025-02-18T00:00:00+05:30,1668.0,1708.95,1664.05,1705.0,2654136,1.2691800361266297,1676.5659446837458,1677.85684862638,-1.2909039426342588,-4.460886877640877,44.90000000000009,44.0,0.900000000000091,44.90000000000009,38.5,1420615.8,No Signal
656,2025-02-19T00:00:00+05:30,1694.05,1712.4,1675.05,1685.8,1113961,1.178624907310497,1677.9865685785542,1678.445230209611,-0.4586616310568843,-3.6604418283240783,37.350000000000136,7.400000000000091,29.950000000000045,37.350000000000136,39.04285714285715,1363547.15,No Signal
657,2025-02-20T00:00:00+05:30,1680.0,1693.65,1655.0,1657.85,1485087,0.9876067468220059,1674.8886349510842,1676.9196576014917,-2.0310226504075217,-3.334557992740767,38.65000000000009,7.850000000000136,30.799999999999955,38.65000000000009,38.289285714285725,1374943.25,No Signal
658,2025-02-21T00:00:00+05:30,1657.75,1664.95,1642.2,1649.5,1479239,1.0083846146122055,1670.9826911124558,1674.888571853233,-3.90588074077732,-3.448822542348078,22.75,7.100000000000136,15.649999999999864,22.75,35.70714285714288,1390165.25,No Signal
659,2025-02-24T00:00:00+05:30,1630.0,1643.95,1604.25,1613.7,1672609,1.264183051597873,1662.1699694028473,1670.35608504929,-8.186115646442659,-4.396281163166994,39.700000000000045,5.5499999999999545,45.25,45.25,36.6607142857143,1382752.0,No Signal
660,2025-02-24T00:00:00+05:30,1630.0,1643.95,1604.25,1613.7,1672609,1.4574675508676267,1654.7130510331785,1666.1593380086017,-11.446286975423163,-5.806282325618228,39.700000000000045,30.25,9.450000000000045,39.700000000000045,37.596428571428596,1409057.05,No Signal
661,2025-02-25T00:00:00+05:30,1608.05,1614.0,1589.0,1593.95,1425126,1.7772158243114136,1645.3648893357665,1660.8104981561128,-15.445608820346251,-7.734147624563833,25.0,0.2999999999999545,24.700000000000045,25.0,36.90357142857145,1436871.75,No Signal
